,gene_symbol,stochastic_velocity_gamma,stochastic_velocity_qreg_ratio,stochastic_velocity_r2,stochastic_velocity_genes,fit_alpha,fit_beta,fit_gamma,fit_t_,fit_scaling,fit_std_u,fit_std_s,fit_likelihood,fit_u0,fit_s0,fit_pval_steady,fit_steady_u,fit_steady_s,fit_variance,fit_alignment_scaling,fit_diff_kinetics,fit_pval_kinetics,fit_r2
ENSG00000221978.11,CCNL2,0.11485529,0.11485529,-0.10959804058074951,False,0.026877225150095666,0.8251696583828404,0.2395168681034687,5.476700627702746,0.7264559159676234,0.01177905686199665,0.024294596165418625,0.0683989932134507,0.0,0.0,0.1652540972539001,0.03690913665925777,0.08688034117221832,1.8582091350042615,2.297942164339125,Pre-B small,4.777606816853965e-06,-0.04068195819854736
ENSG00000248333.8,CDK11B,0.2283475,0.2283475,-0.20747804641723633,False,0.03891794693810278,0.9999674904765907,0.20653328534934295,6.756178219435389,0.8510761231184005,0.016985444352030754,0.0289385337382555,0.12929577325865244,0.0,0.0,0.09069082357550395,0.05218918143426698,0.09760783612728119,1.4886299616268612,1.8560561295645281,Platelet,7.039718260750092e-12,-0.1669785976409912
ENSG00000078369.17,GNB1,0.02123761,0.02123761,-0.03181111812591553,False,0.07899315700904563,1.4984581702128865,0.24699229654645144,6.228980391872574,0.30116658613085745,0.01384476013481617,0.06516309827566147,6.825482359677218e-05,0.0,0.0,0.48518137374513126,0.08943236237208473,0.18793846666812897,7.7563071719074435,2.557693356129356,,,0.007920682430267334
ENSG00000162585.16,FAAP20,2.044319,2.044319,-0.9309685230255127,False,0.028778404361003953,0.12420418043365633,0.13791954152006922,8.563078091443272,5.034847224354744,0.08994653820991516,0.030950766056776047,0.1988364937760402,0.0,0.0,0.07588389130017803,0.2893618435082068,0.09763622283935547,1.127168446042414,2.7704525355913154,,,-0.9281693696975708
ENSG00000142599.17,RERE,0.104248635,0.104248635,-0.08385074138641357,False,0.08870170528054526,1.8851270955803214,0.36120331478918105,3.333982600813203,0.18013097628951075,0.01473694946616888,0.038656365126371384,0.06366173180207399,0.0,0.0,0.3306454839561236,0.0508162806780863,0.11450164020061493,2.038897514074548,1.3749014326373945,B naive,0.00020571667767088994,-0.02909064292907715
ENSG00000160049.11,DFFA,0.13899356,0.13899356,-0.1351606845855713,False,0.014414737752355054,0.5623131788629557,0.1678449571023667,5.337308560916508,1.3850592479109762,0.011434754356741905,0.013002865016460419,0.12607743294009308,0.0,0.0,0.15925397423276277,0.035494655182947366,0.05206489562988281,1.537457833318565,2.02224587368849,Platelet,1.1424746989495057e-80,-0.1330021619796753
ENSG00000116670.14,MAD2L2,0.006025018,0.006025018,0.0021530985832214355,False,0.47785139755268896,19.851591150761614,0.32678158378714295,4.892752675482778,0.04820573362211387,0.007577812764793634,0.23553401231765747,5.462856339294638e-06,0.0,0.0,0.4730870478529296,0.023203337308618014,0.8672585487365723,1.193407026284828,1.439453311600623,Pre-B small,0.0025178741389744966,0.019494831562042236
ENSG00000127483.17,HP1BP3,0.08906255,0.08906255,-0.1864999532699585,False,0.07511009575821574,2.595827821421932,0.19572159288014296,6.615007679047477,0.2286287426824371,0.012838674709200859,0.07108302414417267,0.10995047469861521,0.0,0.0,0.37836475313101,0.0480911845670522,0.2610164284706116,2.6783289837568343,2.2128803037731135,Pre-B large,2.568678801985521e-07,-0.020082592964172363
ENSG00000075151.20,EIF4G3,0.1984951,0.1984951,-0.2120450735092163,False,0.021206322794682184,0.7002540877705843,0.2244627316107168,5.327595358441324,1.1317914372682574,0.01258153934031725,0.018092075362801552,0.15613447192952723,0.0,0.0,0.1345106808447995,0.03762154492061498,0.05962935835123062,1.5095801800668882,2.0535200050499793,,,-0.2067631483078003
ENSG00000125944.19,HNRNPR,0.06915367,0.06915367,-0.086372971534729,False,0.06331226375169963,2.0986575443778337,0.1714414920702973,4.933078557374408,0.2874079801142216,0.009931324049830437,0.05010445415973663,0.12101601250952948,0.0,0.0,0.27319797830978876,0.03576162523099447,0.14177528023719788,1.0961220508435332,2.1635658308091954,"Monocyte classical,B naive",3.6567635219036454e-07,-0.08570301532745361
ENSG00000117616.17,RSRP1,1.6796762,1.6796762,-1.6029376983642578,False,0.016918938935130037,0.07844795379269838,0.0750089568643872,20.31648566561514,3.55820392370224,0.06589312851428986,0.03055576980113983,0.24826268630534007,0.0,0.0,0.17852793493703972,0.19825448694390246,0.09775807708501816,0.8200031348957654,6.206700552589778,Monocyte non-classical,0.0015264148517363,-1.5361907482147217
ENSG00000198746.12,GPATCH3,0.07970481,0.07970481,-0.08594489097595215,False,0.01547412371050653,0.5600521929799377,0.18650649055087504,4.603467871018472,1.4439099231362342,0.01082531176507473,0.012988935224711895,1.7323331513262637e-06,0.0,0.0,0.40210967421429683,0.03982327502235439,0.047975316643714905,2.2416616944659915,2.1424201964848817,,,-0.08403575420379639
ENSG00000000938.12,FGR,0.02504926,0.02504926,-0.02478313446044922,False,0.6519279797974808,7.630993193597263,0.5127130760363497,1.9606720998179799,0.07643700141459704,0.027514856308698654,0.17008475959300995,1.4481246331636248e-19,0.0,0.0,0.48863126665144385,0.08675552195615133,0.4534150958061218,2.6621394384217014,0.7714855453991518,,,0.03226888179779053
ENSG00000158161.15,EYA3,0.093410686,0.093410686,-0.09429264068603516,False,0.013231775955466075,0.61421795978097,0.2795661381333688,6.060662646020566,0.763040953874588,0.007792187388986349,0.01072261855006218,2.443566422548447e-27,0.0,0.0,0.15031874173663995,0.026498751315045862,0.043940454721450806,1.6939695735608222,2.133681741743927,Monocyte classical,0.0006621814120696942,-0.06171882152557373
ENSG00000126698.10,DNAJC8,0.022527982,0.022527982,-0.09991705417633057,False,0.08473993845634444,3.987074484416531,0.18587903050340188,3.552801969154369,0.1862603083625436,0.008108366280794144,0.06170723959803581,0.1019506855465909,0.0,0.0,0.2310001149347769,0.02162274788651874,0.20557901263237,1.2837044602626477,1.7178724736577053,Erythroid late,9.544354133164578e-21,-0.01844310760498047
ENSG00000134644.15,PUM1,0.07657941,0.07657941,-0.22785043716430664,False,0.06627638965694664,2.0863760679942316,0.3359367670463628,3.4959428616994366,0.15413208089768887,0.009751624427735806,0.029894117265939713,0.021091694403078218,0.0,0.0,0.21219565583991096,0.03122865727585955,0.10495366901159286,1.2932925878540735,1.2909018929715232,Monocyte non-classical,6.458645592380402e-07,-0.02261960506439209
ENSG00000184007.18,PTP4A2,0.29680452,0.29680452,0.004981577396392822,False,0.07444872916450232,0.9326664443777828,0.2530221376529358,5.74523293342011,0.8728510022163389,0.031091753393411636,0.0561029426753521,0.15461599469534162,0.0,0.0,0.27303186978971106,0.1055698180344109,0.17412981390953064,1.6841899497115547,1.8863344934819841,Monocyte classical,2.47818900139912e-28,0.0141526460647583
ENSG00000116560.10,SFPQ,0.30554417,0.30554417,-0.11614429950714111,False,0.07877750905532822,0.9953554250913792,0.2151108669333705,8.314034600237305,0.48447473968068766,0.03018517605960369,0.07886768877506256,0.19455692735787877,0.0,0.0,0.2178749887396561,0.10000478727709707,0.25739213824272156,1.3703850318437452,2.624987303099213,Pre-B small,5.110771641165415e-29,-0.027484416961669922
ENSG00000119535.17,CSF3R,0.47514114,1.2490213,0.3448871970176697,True,0.07756936687264526,0.3546047099726115,0.31841756600379073,5.389352773620891,2.0799217575788496,0.08373136818408966,0.05424628034234047,0.24133142905474894,0.0,0.0,0.05785682336274059,0.25204733920785927,0.15070439875125885,0.8559870245599297,1.735644855029302,Monocyte classical,2.7935521822484236e-05,0.3449687957763672
ENSG00000131238.17,PPT1,0.008948064,0.008948064,-0.06937277317047119,False,0.4193177065803336,9.856429195834892,0.3284189334041688,2.6606006350682088,0.044268469288945206,0.011949747800827026,0.15588927268981934,4.552318417158497e-16,0.0,0.0,0.4055054325102556,0.03769171778615644,0.42585909366607666,1.2979680203324917,1.2605166268499832,B naive,1.6908124584322238e-06,-0.008384108543395996
ENSG00000177868.11,SVBP,0.028915828,0.028915828,-0.12817776203155518,False,0.037239915901507444,1.5861587917049897,0.10707334546783615,4.4967005356005165,0.3888820784538984,0.010127881541848183,0.03587502986192703,0.00013963816844057595,0.0,0.0,0.32090019732229247,0.03742103731616098,0.12487659603357315,2.5944057563523777,2.520182262871819,Monocyte classical,0.00018008609949234924,-0.02081596851348877
ENSG00000117394.20,SLC2A1,0.009669304,0.037748408,0.03612238168716431,True,0.15291865873765276,5.570280064313819,0.32596755660268595,3.679512164164086,0.12826346062123775,0.006569695193320513,0.07798293232917786,1.0287960979194878e-15,0.0,0.0,0.22963453410188867,0.020283142991307734,0.17771929502487183,0.8787277919512467,1.8265456156557165,,,0.12742245197296143
ENSG00000126107.14,HECTD3,0.07305521,0.07305521,-0.10586011409759521,False,0.012170619466894976,0.7169883073936109,0.2574373527796383,6.526391479844149,1.2001043482124802,0.007524664979428053,0.010862790048122406,1.3668228981132882e-18,0.0,0.0,0.13065024476705694,0.02571805636759028,0.03815598785877228,2.208329279545152,2.088960725903403,Pre-B small,0.0009384679558934459,-0.10548067092895508
ENSG00000079277.19,MKNK1,0.48545128,0.48545128,-0.11857831478118896,False,0.02808436815165147,0.44815446337740805,0.22126617639901391,5.708731272769355,1.9767691880464557,0.026035936549305916,0.02074425294995308,0.07772426151609221,0.0,0.0,0.35833889093935034,0.10008144299256029,0.07186394929885864,3.1354852615312354,1.866750104034514,Erythroid late,0.0005518702154543519,-0.11807870864868164
ENSG00000159658.10,EFCAB14,0.047909327,0.047909327,-0.10405397415161133,False,0.03990170918457911,1.157460338217554,0.2607377940255381,3.709346185064979,0.4372047313302756,0.009805421344935894,0.02838951349258423,0.05158951109516182,0.0,0.0,0.017085806976487095,0.02939246674377393,0.09160300344228745,1.161058893063328,1.9296620825129727,"Monocyte classical,B naive",0.00028198937353894317,-0.05663502216339111
ENSG00000085832.16,EPS15,0.07641063,0.07641063,-0.05935704708099365,False,0.025918223221226326,0.7687302074417952,0.16016527863140415,5.1388282361084645,0.8573497921228408,0.013161946088075638,0.0265971627086401,0.025348060812968375,0.0,0.0,0.349570348201249,0.05115010111110153,0.08627955615520477,2.7234712553391778,2.6287014424067685,Erythroid late,3.420754813911294e-25,-0.05795943737030029
ENSG00000117862.11,TXNDC12,0.69323605,0.69323605,-0.24872684478759766,False,0.03041408647473875,0.32304165062013535,0.2191557496274802,11.006372222073873,1.4693292260169983,0.03614732623100281,0.03321167826652527,0.16039040503306165,0.0,0.0,0.11496098970304952,0.12081002361207994,0.10809175670146942,1.8880011040561189,2.9863824455625143,"Erythroid late,Platelet",0.009207248524610457,-0.2485039234161377
ENSG00000134744.13,ZCCHC11,0.6365079,0.6365079,-0.2031385898590088,False,0.057383540910294434,0.7885718375249224,0.28851244982117796,4.329719690396425,1.5848016142845154,0.029516451060771942,0.02793704718351364,0.20527725438591365,0.0,0.0,0.11756701692353172,0.08181368844556224,0.08902466297149658,0.9674698788445647,1.2602722960322936,Pre-B small,0.0063295066986046675,-0.20038414001464844
ENSG00000162402.13,USP24,0.3922628,0.3922628,-0.23970496654510498,False,0.029296436078770832,0.5848769808762364,0.23082389957826052,7.435562083802458,1.1308767467737197,0.01843082718551159,0.02200205810368061,0.13240089014099096,0.0,0.0,0.24029137641059045,0.06431421534043302,0.0751471072435379,1.7369154811670007,2.143104167284991,Plasmacytoid DC,0.0014730805171294529,-0.23624026775360107
ENSG00000162601.9,MYSM1,0.06488556,0.06488556,-0.06119203567504883,False,0.02838960549085942,0.9267214260322169,0.25062968968715926,4.741253481592275,1.0113982142508031,0.012291726656258106,0.021055422723293304,3.9141196925521256e-21,0.0,0.0,0.26146698729799844,0.04368099136500093,0.06230107694864273,2.415350625359898,1.8484250997847773,,,-0.055227041244506836
ENSG00000162604.12,TM2D1,0.059662793,0.059662793,-0.1891329288482666,False,0.04722903308175209,1.5011733924942694,0.2421034188678443,4.990522985814502,0.1542462404072285,0.010402249172329903,0.031865041702985764,0.03555915354352175,0.0,0.0,0.0683310517343158,0.031484266005433977,0.1088244765996933,1.0978096764618603,1.9283602372919983,"Granulocyte precursor,Monocyte classical,B naive",0.0007544815698208229,-0.04517519474029541
ENSG00000162434.11,JAK1,0.037532058,0.037532058,-0.43903112411499023,False,0.34801007258049727,6.764532829902161,0.40925245041174774,3.228988807345836,0.04622221548110246,0.012599674984812737,0.12675395607948303,0.11700060612504729,0.0,0.0,0.40685529927790803,0.042908197158887156,0.3741949200630188,1.3980017433138774,1.3672488146339141,Monocyte classical,1.4524411079005824e-08,0.02820587158203125
ENSG00000132485.13,ZRANB2,0.10208711,0.10208711,-0.19754266738891602,False,0.08342764530490158,1.9405165643257327,0.2096770011864763,7.155619291100307,0.26884355828166007,0.015961917117238045,0.07515570521354675,0.12913909949967134,0.0,0.0,0.3479343689230109,0.053781461271629645,0.25304746627807617,2.0893261745358265,2.3108419307927393,,,-0.08845925331115723
ENSG00000077254.14,USP33,0.13469447,0.13469447,-0.14072167873382568,False,0.02783188722671707,0.9880552212109063,0.19784581549385122,4.922524707851925,0.8912857711315154,0.014986596070230007,0.022699683904647827,0.06462896935438887,0.0,0.0,0.32200102081411286,0.05482320024927568,0.07698521018028259,3.693914662089806,1.8555406580573692,Monocyte classical,5.754979360024594e-05,-0.13712608814239502
ENSG00000117155.16,SSX2IP,0.0019398577,0.06588325,0.0401342511177063,True,0.030084767116135967,1.536584219490557,0.25136802573969613,5.668529921717772,0.3705988959223032,0.006487637758255005,0.026229554787278175,0.16210545961123013,0.0,0.0,0.1427215605510354,0.01882578794046563,0.09549854695796967,0.9499096684362692,2.1770762267607977,Platelet,2.761872600082757e-198,0.04515480995178223
ENSG00000142867.12,BCL10,0.05347732,0.05347732,-0.07461059093475342,False,0.050850112174437474,1.454497581015023,0.26341651273551714,3.6212318302729876,0.33437721669673925,0.012269927188754082,0.034676648676395416,0.0008710625625001033,0.0,0.0,0.14942739459739335,0.0412379422483955,0.10399466007947922,1.6029629488308892,1.7487375369254299,"Monocyte classical,B naive",0.0008187315263083938,-0.03834855556488037
ENSG00000162645.12,GBP2,0.058338225,0.10185122,0.03917896747589111,True,0.26113727210537224,4.445431124197179,0.33389812923988044,1.7255434507952934,0.31151571527123467,0.02123388461768627,0.06918556988239288,2.197684755024114e-05,0.0,0.0,0.32755617824534067,0.06444146849802566,0.19670629501342773,1.4427276062375225,0.7329463764587661,,,0.04166227579116821
ENSG00000122482.20,ZNF644,0.20887825,0.20887825,-0.10698914527893066,False,0.023862473751254085,0.6203560356064234,0.2425327040913222,5.539090372414559,1.243265914767981,0.016537584364414215,0.02025187946856022,0.0014835189780250746,0.0,0.0,0.3381696932633912,0.06384179411901814,0.07778048515319824,3.4382291081368317,2.048049085228047,B naive,2.515656864713815e-11,-0.09144914150238037
ENSG00000117500.12,TMED5,0.09218851,0.09218851,-0.11025404930114746,False,0.15514580229797428,3.045093797120493,0.4458971581119072,3.895089546492959,0.12099880054593087,0.015707748010754585,0.06133871152997017,1.822661614427769e-10,0.0,0.0,0.45294402105342185,0.07607519145276244,0.1960669606924057,5.255226169565466,1.2118583992689345,Monocyte non-classical,7.098225554107381e-07,0.06258273124694824
ENSG00000067334.13,DNTTIP2,0.12176079,0.12176079,-0.2866708040237427,False,0.06085469702442772,2.133831557962057,0.20761333104436136,6.917032799005387,0.3806488886475563,0.013764102011919022,0.05604734271764755,0.11325163781261677,0.0,0.0,0.35084455420463956,0.04729779684886193,0.1802617907524109,2.6248579140152426,2.0788558776484733,,,0.0023630857467651367
ENSG00000188641.12,DPYD,0.040150065,0.14187346,0.05994689464569092,True,0.2205723380444568,2.5720975938143624,0.5159701617571292,2.794948964669829,0.1496911534667016,0.02219439297914505,0.07005658000707626,0.07568575633123377,0.0,0.0,0.4031963253783859,0.08910811794434535,0.1723271757364273,2.246927164824289,1.1044873411901637,Monocyte classical,8.605661225168398e-08,0.07189685106277466
ENSG00000134215.15,VAV3,0.4719364,0.4719364,-0.1559889316558838,False,0.04964877149724991,0.9215261278332899,0.32797546890885654,4.5818778960570326,1.2392408013343812,0.021343965083360672,0.024973958730697632,0.15070932522070013,0.0,0.0,0.16184064649295632,0.06476534280856326,0.07707113027572632,1.3288491980541048,1.3331958469158618,B naive,0.0002576189802018134,-0.11275804042816162
ENSG00000156171.14,DRAM2,0.050612856,0.050612856,-0.16228806972503662,False,0.3518274939470077,6.604645897116072,0.4105769294190097,2.6827737071296807,0.06256742365658285,0.016530122607946396,0.12483305484056473,0.12773629593247351,0.0,0.0,0.3973267109042594,0.05601714241016963,0.3259257674217224,1.5111623906890408,1.0862445364508804,Granulocyte precursor,0.004120215843368482,-0.00770413875579834
ENSG00000155366.16,RHOC,0.0065501058,0.0065501058,0.2367498278617859,False,2.8171085346059113,65.39794048917976,0.4876063116855267,1.4523713467459956,0.012666039514200145,0.009622355923056602,0.6868929862976074,5.709594767378278e-10,0.0,0.0,0.47123326836083423,0.02798379730376798,1.578397512435913,0.5261536113248538,0.8888335046423923,,,0.23812508583068848
ENSG00000134242.15,PTPN22,0.13822354,0.13822354,-0.12730395793914795,False,0.04430660520201885,1.2647105650292987,0.3323104431462639,4.430598134895807,0.6777559647957483,0.014502563513815403,0.027460655197501183,0.07165520372845005,0.0,0.0,0.09154069549659238,0.045865569835259024,0.08541411906480789,1.6465503844463776,1.4971833074478327,"Monocyte classical,B naive",0.0022165019537768913,-0.04511415958404541
ENSG00000197323.11,TRIM33,0.18788199,0.18788199,-0.23373687267303467,False,0.019169901564350007,0.5871715903958741,0.22224599433552825,6.845816271714178,0.9152336276570954,0.012952226214110851,0.017913851886987686,0.11530989118927054,0.0,0.0,0.1439504760914987,0.04582119837349552,0.061212968081235886,2.4541691227335054,2.41436763825038,Monocyte classical,3.877846207685207e-14,-0.22932112216949463
ENSG00000134250.19,NOTCH2,0.0758649,0.0758649,-0.05907559394836426,False,0.2137018238019829,3.7933439194206495,0.47967891764812587,2.0169322150738274,0.1321578750014305,0.016132181510329247,0.05767689272761345,2.1859497154413874e-17,0.0,0.0,0.38645466985536103,0.06573368539332591,0.15683969855308533,2.2013677210693876,0.852748307560319,,,-0.016260385513305664
ENSG00000265241.6,RBM8A,0.103623964,0.103623964,-0.2693578004837036,False,0.09910537279315125,2.731741150640285,0.2073660163465321,5.8025200905792635,0.26001102186739444,0.015342353843152523,0.07951132953166962,0.1494592421419764,0.0,0.0,0.31001742786949976,0.049318880381840735,0.2517711818218231,1.496876880542272,1.897131690030866,Platelet,0.0037847874928072013,-0.11172175407409668
ENSG00000265972.5,TXNIP,0.021275777,0.030275896,0.06674748659133911,True,1.9271907466628286,14.01730627478642,0.31785635347037244,4.703772314954806,0.05237146096304059,0.045842234045267105,1.1795052289962769,0.15350439163303675,0.0,0.0,0.4936929468628594,0.16343267938514572,3.218078136444092,1.3130694830370366,1.748156133849337,Pre-B small,4.794436903134189e-41,0.1190066933631897
ENSG00000143401.14,ANP32E,0.09611281,0.16432838,0.18413496017456055,True,0.18517352792156405,1.9176355457634051,0.2809114839797967,7.449360523716117,0.28063458761821186,0.03053485043346882,0.1288449615240097,0.08290050203842127,0.0,0.0,0.46158876024454953,0.12014346338103722,0.4615834951400757,2.34961895976893,2.0956380609222602,"Erythroid late,Platelet",6.6336734614257165e-12,0.19365572929382324
ENSG00000143384.12,MCL1,0.013642125,0.013642125,-0.1607952117919922,False,2.178349219664653,33.419925452330475,0.5701786746631629,2.7254098901345696,0.012429484482854606,0.016702739521861076,0.6349454522132874,0.17878070063031645,0.0,0.0,0.4797206733072886,0.05327501685345126,1.359193205833435,1.2327196695522986,1.0833129540229995,Monocyte classical,1.817450380063766e-06,0.1092376708984375
ENSG00000163131.10,CTSS,0.10031769,0.14892496,0.4200202226638794,True,0.7408730460414882,3.1996999622455955,0.4392644721816412,7.038533867370634,0.20984664905816314,0.07578451186418533,0.4866393208503723,0.27161096347727115,0.0,0.0,0.45914945611990204,0.20128462008044856,1.146082878112793,0.662815829180861,1.7201672835674564,,,0.4204133152961731
ENSG00000143387.12,CTSK,0.004134576,0.004134576,-0.014729499816894531,False,1.3021870222582745,131.7421205123293,0.4987668563533092,0.4948167836133176,0.0677615106012672,0.007897983305156231,0.20193256437778473,,0.0,0.0,0.45074511094079767,0.02185786189049055,0.4037001430988312,,0.20135091973406508,,,-0.014726638793945312
ENSG00000143437.20,ARNT,0.08974959,0.08974959,-0.04489481449127197,False,0.02556914183613756,0.7151591203807468,0.2307122963858922,4.13847621620142,0.7598193868994714,0.013743625953793526,0.018359337002038956,8.016187968585396e-14,0.0,0.0,0.36671124117301124,0.060713760933470695,0.06419038772583008,3.5713827700688094,1.7789498247969222,Monocyte classical,9.45482682436571e-27,-0.04201054573059082
ENSG00000197622.12,CDC42SE1,0.03659629,0.03659629,-0.15436315536499023,False,0.3161606486127781,7.504058413281681,0.5034038610991252,3.6434793222382456,0.051220067683607345,0.013146297074854374,0.12127327919006348,0.1516558517315549,0.0,0.0,0.31814596668282935,0.041996718690104906,0.3704296350479126,1.458962394576575,1.1063893381220409,B naive,1.5916815189284036e-09,-0.029881954193115234
ENSG00000143393.16,PI4KB,0.08243132,0.08243132,-0.021046757698059082,False,0.06275917587575668,0.6130650256246047,0.18715169927496098,2.6072817906376287,2.005167193412781,0.025057436898350716,0.021306417882442474,0.0004740416797081358,0.0,0.0,0.47587346862281527,0.16348589745553002,0.07316190749406815,13.924241090804014,1.3869706108236675,,,-0.004516124725341797
ENSG00000143390.17,RFX5,0.1756696,0.1756696,-0.12262439727783203,False,0.028963984204743384,0.7577567342928988,0.2910742126675662,6.409742338039026,0.6245398700237272,0.012348257005214691,0.02076035551726818,0.11251495427191746,0.0,0.0,0.22412274692390716,0.044011637260270575,0.06624028086662292,1.8101900118584777,1.9968334137757355,Erythroid early,4.518593316093164e-22,-0.1121588945388794
ENSG00000143442.21,POGZ,0.06295764,0.06295764,-0.08561515808105469,False,0.021260777396087456,0.9056330235044162,0.2564991402531403,7.517039040354196,0.941301915049553,0.010665468871593475,0.01869540847837925,0.04804325228805647,0.0,0.0,0.18240988984099016,0.03861249152789714,0.06592695415019989,2.5013532152120184,2.008125589965982,,,-0.08550500869750977
ENSG00000197747.8,S100A10,0.0038524524,0.0038524524,-0.014340043067932129,False,6.576581203621794,86.27479916229538,0.4962320306684778,1.1840409013611104,0.007589987120591104,0.018945397809147835,1.179409146308899,0.0701297600636507,0.0,0.0,0.482939684135883,0.06450435298182189,2.6226072311401367,1.4623016374318,0.6184862267587398,,,0.047915637493133545
ENSG00000163191.5,S100A11,0.004443079,0.004443079,-0.2240692377090454,False,7.412622491587789,157.7333207830429,0.5096837090050413,1.201743048539858,0.006115623638033866,0.01742435246706009,1.3462251424789429,0.07398154298787246,0.0,0.0,0.48997146043647943,0.050984322976361796,3.8419055938720703,1.252059313079201,0.4408391189176962,,,0.09209144115447998
ENSG00000163221.8,S100A12,0.00013105641,0.00013105641,0.0015038251876831055,False,26.546110741649397,561.0782880034482,1.1395102389053051,1.3266795553239632,0.0016063024388859048,0.014197505079209805,4.176250457763672,9.937606030533499e-06,0.0,0.0,0.4981493577354371,0.04690100286631015,9.528332710266113,2.0800041994881626,0.4993001696285177,,,0.006734192371368408
ENSG00000143546.9,S100A8,0.0023824864,0.0023824864,0.6974043548107147,False,200.5176085987209,472.83101189851925,1.1661962383490438,2.4203103227566767,0.0014751031453488395,0.09778166562318802,38.28133010864258,0.28310629472930093,0.0,0.0,0.49954846230068056,0.2934421062859993,94.86994171142578,0.594927164773933,0.7885592809172991,,,0.7254410088062286
ENSG00000197956.9,S100A6,0.002530517,0.002530517,-0.8297569751739502,False,13.529469876567285,163.3005008942788,0.45285145754195083,2.9573093881441626,0.003815580163823647,0.015917878597974777,5.532284736633301,0.2894726805179252,0.0,0.0,0.49858006215523604,0.05644372119870589,13.334348678588867,0.4989613212227178,1.9566582850098155,,,0.06490504741668701
ENSG00000196154.11,S100A4,0.002640502,0.002640502,-0.9076055288314819,False,19.97248041698195,282.09956070284574,0.6778823931757936,2.810769143985208,0.0017790186981437729,0.018147660419344902,5.176976203918457,0.21861266907245097,0.0,0.0,0.49733076374921575,0.05898551061637925,11.882818222045898,0.8494860153588354,0.939006145610405,,,0.1445879340171814
ENSG00000198837.9,DENND4B,0.20840688,0.20840688,-0.17510318756103516,False,0.028591437558208286,0.8370032577243994,0.2442657839493711,5.680371546242984,0.7165959475437798,0.01411628257483244,0.024935754016041756,0.12445314931026592,0.0,0.0,0.15442732539685539,0.04342541577419468,0.08210990577936172,1.6515591172660147,2.1104498328425025,"Monocyte classical,Plasmacytoid DC",0.008642026200680275,-0.09802496433258057
ENSG00000143545.8,RAB13,0.009034735,0.009034735,-0.0020738840103149414,False,0.15507924218118352,4.448109993369204,0.25160330721250873,2.76220992602161,0.21192127358168367,0.009171001613140106,0.06134304031729698,3.575606655888319e-18,0.0,0.0,0.3796801393995398,0.03203920305284669,0.17720767855644226,0.6743748166223837,1.2889207139537933,Pre-B small,0.00417403643245952,0.004983663558959961
ENSG00000160710.15,ADAR,0.10514435,0.10514435,-0.12957513332366943,False,0.04522796228798388,1.3190327587916828,0.25884676021965813,5.726444313937362,0.549353751763701,0.013171263039112091,0.03650334104895592,0.13688386660391536,0.0,0.0,0.18653468204863144,0.045476314066396746,0.12069565057754517,1.9079960493074268,2.101114124529437,,,-0.1047128438949585
ENSG00000163346.16,PBXIP1,0.0276486,0.052469473,0.12858790159225464,True,0.36313410550817615,7.2641608923639405,0.44788833172787645,3.988895277334092,0.09429237101640965,0.01349849347025156,0.12327299267053604,0.0026526073358308904,0.0,0.0,0.41260244963404713,0.04313681768160004,0.32191896438598633,1.1303740517270247,1.2571791856792531,,,0.1592901349067688
ENSG00000179085.7,DPM3,0.009617285,0.009617285,-0.05603349208831787,False,0.17336586878810964,9.951639777125042,0.19614574572331747,2.6621270233466072,0.17508120313286782,0.00711518619209528,0.06299099326133728,2.0603512644867862e-19,0.0,0.0,0.2538170561084556,0.02037537331536976,0.20238451659679413,2.131722475073896,0.9229658619426981,Monocyte classical,0.0003064928208714168,-0.02152705192565918
ENSG00000116539.12,ASH1L,0.12509812,0.12509812,-0.16892683506011963,False,0.0697766343327268,1.8196653899227027,0.2745748101325318,4.487046924091325,0.5595168223232032,0.01670847274363041,0.05173647776246071,0.06562204185190401,0.0,0.0,0.3909498464801543,0.06987357037604358,0.16563880443572998,3.44518258800271,1.7654550945661938,,,-0.04626584053039551
ENSG00000198952.8,SMG5,0.111428864,0.111428864,-0.12547528743743896,False,0.014315463183071506,0.5224945053264983,0.21127195253775585,5.23296798257433,1.197571463137865,0.009880783036351204,0.014294309541583061,1.2457769737056051e-06,0.0,0.0,0.298251005463674,0.026852259975282962,0.05408994108438492,1.247571071353251,2.702866881809326,"Granulocyte precursor,Monocyte classical,Pre-B small,B naive",0.00483367802837858,-0.08140265941619873
ENSG00000116604.17,MEF2D,0.049770918,0.23500565,0.027022123336791992,True,0.06479434565460393,1.3460411635161371,0.27868696901746265,3.895352990910066,0.7183499599993228,0.02212337963283062,0.04365544766187668,0.07352015341654433,0.0,0.0,0.3675549334153829,0.0768041651380793,0.12321780622005463,2.784786571507672,1.5209563923856422,,,0.04629427194595337
ENSG00000143321.18,HDGF,0.00588551,0.00588551,-0.012847542762756348,False,0.7308812509245317,18.66006652102102,0.22860281956232067,0.6770161693434722,0.2789907597005367,0.012325900606811047,0.0728975236415863,4.68883013262432e-08,0.0,0.0,0.47625354703303946,0.037757169412754976,0.20373204350471497,1.4866708216111002,0.3169428442320779,"Monocyte classical,Pre-B small",0.0004248169914875198,-0.000601649284362793
ENSG00000158710.14,TAGLN2,0.0041018506,0.0041018506,-0.12359344959259033,False,1.3343569707071146,20.38964193724863,0.18634922356917913,2.3750607708751494,0.08569750598631799,0.02140091545879841,0.3914458751678467,4.3574842134856915e-18,0.0,0.0,0.47986020986308553,0.06965833842032952,1.4775869846343994,2.503529141851685,1.0123593551801193,,,-0.12014186382293701
ENSG00000132716.18,DCAF8,0.09821523,0.09821523,-0.1261882781982422,False,0.013303596511852008,0.4913068358996622,0.22084583903701255,6.880598989068423,1.19674570992589,0.010267172008752823,0.011560529470443726,0.1101078596684915,0.0,0.0,0.10630095760353447,0.036111786098873326,0.042523112148046494,1.8614562351133674,2.291786236488692,Monocyte classical,0.005458870175801616,-0.12186896800994873
ENSG00000122218.14,COPA,0.23192327,0.23192327,-0.25524961948394775,False,0.0662872633398302,1.574088346950971,0.2586531488011331,5.093741339898229,0.7261965572834015,0.018175875768065453,0.037543296813964844,0.11826382058201083,0.0,0.0,0.16046014093419647,0.05823976390407104,0.12929536402225494,1.5915003293371746,1.4467269734440658,Monocyte classical,0.0014133411183398766,-0.23751699924468994
ENSG00000215845.10,TSTD1,0.06874171,0.13176158,0.21340709924697876,True,0.4518719087009166,4.821524249777404,0.44851503623926614,2.9859805299926547,0.08475931696593764,0.027226189151406288,0.15177534520626068,0.21103302707339805,0.0,0.0,0.3851355258569586,0.07981730043740587,0.37724676728248596,1.1348229692549867,1.0470764852896914,,,0.31176018714904785
ENSG00000186517.13,ARHGAP30,0.43642825,0.43642825,-0.15011000633239746,False,0.07643860917435301,0.8770272325405917,0.3577585964152487,5.544682296117537,0.8851765899360182,0.03412716090679169,0.051951609551906586,0.18202705771685151,0.0,0.0,0.1606146367512728,0.10724604599783483,0.1552821695804596,1.5027539276150743,1.7357444112293028,Monocyte non-classical,0.005952885233954637,-0.13493776321411133
ENSG00000188404.8,SELL,0.057310577,0.057310577,-0.34061145782470703,False,1.250849576010182,13.579693230151577,0.6304017141651259,2.397190172147717,0.03928374890238047,0.026792123913764954,0.3222523033618927,0.20376113353881856,0.0,0.0,0.4430753367235798,0.08195791595346336,0.8118128776550293,1.1842642663295773,0.8435476335401209,B naive,3.70831013858604e-05,0.12480193376541138
ENSG00000135870.11,RC3H1,0.11030799,0.11030799,-0.13393807411193848,False,0.07612069069219445,1.6273627592372775,0.3660829134003687,3.8705569192431915,0.194365119561553,0.014327035285532475,0.03482890501618385,0.057192713000728,0.0,0.0,0.12677792772884128,0.04853994665610095,0.1091364175081253,1.828109225208498,1.3444405509748498,Pre-B small,2.4757913282459036e-07,-0.01788651943206787
ENSG00000169905.12,TOR1AIP2,0.39264297,0.39264297,-0.2353438138961792,False,0.02853065479580444,0.6971254339985694,0.26496503604166854,5.867592833484015,1.532556563615799,0.015291455201804638,0.014143451116979122,0.11167003987561464,0.0,0.0,0.219947667621179,0.04841988070536374,0.05171458050608635,1.4203790301742238,1.3931084650808498,"Granulocyte precursor,Monocyte classical",0.0003004598046017318,-0.23409950733184814
ENSG00000135821.17,GLUL,0.010485744,0.010485744,-0.02542901039123535,False,0.5146847159979389,16.25467271015452,0.3378263818197444,4.303043807676544,0.0723104474041611,0.015055008232593536,0.29512298107147217,0.0008854824362540051,0.0,0.0,0.4534082013901538,0.050331903264507094,0.9634047746658325,1.6333683939370127,1.1916331648543692,,,0.014873981475830078
ENSG00000116406.18,EDEM3,0.08502392,0.08502392,-0.03711748123168945,False,0.03187565458648593,1.2742905931526685,0.28430537928891453,5.71476486618392,0.6358992364257574,0.01039013359695673,0.02316092513501644,8.350592411010475e-18,0.0,0.0,0.29791881413832855,0.04020606710494201,0.09013191610574722,2.213164474440031,1.7930406701510917,"Granulocyte precursor,Monocyte classical",0.00025192468003031347,-0.03633010387420654
ENSG00000116679.15,IVNS1ABP,0.035613228,0.12594394,0.16433918476104736,True,0.4977960645107641,4.303238404359178,0.5375879214159169,2.9320713744012674,0.09816118855029346,0.02952560782432556,0.14212185144424438,0.15049189550306957,0.0,0.0,0.445014787171289,0.09883043363786558,0.37816157937049866,1.5244564466585728,0.9827513990204367,Monocyte classical,4.716209533444745e-08,0.21466821432113647
ENSG00000073756.11,PTGS2,0.01203947,0.032454226,0.03883922100067139,True,0.9721296712359483,12.08476594769297,0.988414940988105,0.9715290077855123,0.07376630678772927,0.018349066376686096,0.11753243952989578,3.0444545338318325e-11,0.0,0.0,0.4397473629300592,0.06564483149920974,0.31820037961006165,1.714998858048433,0.45431675271027894,,,0.04585087299346924
ENSG00000236278.2,PEBP1P3,0.7425624,0.7425624,-0.4919004440307617,False,0.03091313924807296,0.3636566076966086,0.20910113974650493,5.381426367742154,2.098149271309376,0.034121520817279816,0.023052342236042023,0.16048630365351166,0.0,0.0,0.1007218232023816,0.1120244544552129,0.07475730776786804,1.3295836230993365,1.8577839324762824,,,-0.48727917671203613
ENSG00000159346.12,ADIPOR1,0.0076894085,0.0076894085,-0.0376514196395874,False,0.06763776909717897,2.9955966523719364,0.19616229034230645,3.228119223532881,0.29447892509400847,0.010093116201460361,0.047812920063734055,0.03311905439088232,0.0,0.0,0.10361016841682508,0.027521876941285276,0.15008634328842163,1.7066689127558021,1.5813815197466885,Monocyte classical,8.043045030918692e-06,-0.03002476692199707
ENSG00000159348.12,CYB5R1,0.0779515,0.0779515,-0.16405224800109863,False,0.021475660095986965,0.7552083120639175,0.23915186408110972,7.1560328006731115,1.1447321695089343,0.013110410422086716,0.017007436603307724,0.07538054631085153,0.0,0.0,0.23772043851422603,0.043681265056212844,0.061723001301288605,2.2128671777123583,2.0040225363200146,Granulocyte precursor,0.008131120024503119,-0.16241705417633057
ENSG00000162894.11,FCMR,0.025957279,0.055014603,0.01644796133041382,True,0.7073117874126591,10.851666284039299,0.6263180583365209,1.8781471199202155,0.04569553317502141,0.014870467595756054,0.1537632942199707,0.2027654245934852,0.0,0.0,0.37295102227445964,0.046268494166006084,0.3352663516998291,0.9261633827720263,0.907491042231988,,,0.166315495967865
ENSG00000123684.12,LPGAT1,0.059159476,0.059159476,-0.11049532890319824,False,0.10540861979100817,2.542933313040964,0.46977396097718316,3.1398973767687606,0.1572096421569586,0.011789556592702866,0.035433992743492126,0.10034446946367817,0.0,0.0,0.1141640799409015,0.03891086034516023,0.10426036268472672,1.7700203608504852,1.0637269759015946,Monocyte classical,0.00018724931851960764,-0.07153606414794922
ENSG00000143815.14,LBR,0.13112856,0.13112856,-0.11137533187866211,False,0.14457709287958892,2.3624256661790763,0.214625284728263,3.7611269553280238,0.3573207889745633,0.025107039138674736,0.08894340693950653,0.1095709965580743,0.0,0.0,0.3911964313186069,0.08948928324564955,0.24896042048931122,2.01195131742045,1.5370357291320516,,,-0.06812727451324463
ENSG00000182827.8,ACBD3,0.06759539,0.06759539,-0.09894216060638428,False,0.052546445300544704,1.3397013179738504,0.4060107966016817,3.2940544826273426,0.25031160145998005,0.011032814159989357,0.020826060324907303,0.0005133727178115509,0.0,0.0,0.28231701976666446,0.03574222809419502,0.06361123919487,1.7595755376416262,1.3156594054172677,Granulocyte precursor,9.594176542448873e-06,-0.040079593658447266
ENSG00000162910.18,MRPL55,0.026439378,0.026439378,-0.43762803077697754,False,0.1516709878327667,4.058325103105505,0.23005899873022506,3.817475127207978,0.11724262312054634,0.010805192403495312,0.08064083755016327,0.07331892276287373,0.0,0.0,0.3205587946881705,0.034011741016610315,0.27113521099090576,1.8091666818235186,1.7623505261288084,,,-0.013087034225463867
ENSG00000143633.12,C1orf131,0.024751298,0.024751298,-0.03539621829986572,False,0.05048544170425808,2.8979990393888166,0.23213888580389636,4.011887417944781,0.23972989179193982,0.008687438443303108,0.036782022565603256,8.329771324810538e-19,0.0,0.0,0.00612932517785021,0.023882638624931566,0.11001895368099213,1.92331502381997,1.4609844530299767,,,-0.009873270988464355
ENSG00000231663.1,AL355472.1,0.2744411,0.2744411,-0.20366013050079346,False,0.024627491938889606,0.5738797034962574,0.23963541789512458,5.482987867362926,1.1760885876417166,0.017088571563363075,0.020596280694007874,0.13267166659766225,0.0,0.0,0.12908193675227086,0.055439232941800747,0.06540976464748383,1.6516223000545887,2.100207324157544,Granulocyte precursor,0.0012234906917573253,-0.1928325891494751
ENSG00000168264.10,IRF2BP2,0.0015076316,0.0015076316,0.005625367164611816,False,3.0545183791618467,66.53794171294847,0.3443490450681399,1.430583432300891,0.03186965237371624,0.01363290473818779,0.7411127686500549,5.729728830494824e-05,0.0,0.0,0.49070282486926187,0.037598495512946244,2.408947467803955,1.1127157708358508,0.700292956135337,,,0.01336902379989624
ENSG00000054267.21,ARID4B,0.2460149,0.2460149,-0.04676675796508789,False,0.08202748231068992,1.4260247240054484,0.31414700221773745,6.065363219757697,0.5776682943105698,0.023486625403165817,0.06098644807934761,0.14661103954983587,0.0,0.0,0.32623266561279207,0.07773597452620605,0.1742885410785675,1.8084565043451182,1.9119430945114797,Pre-B small,0.0001717858691645788,0.021870791912078857
ENSG00000143669.13,LYST,0.2857118,0.2857118,-0.014992117881774902,False,0.10183318665514644,1.4529831549264303,0.34965382915335197,5.068564421427891,0.5450183810293676,0.02839939296245575,0.07021448016166687,0.17543833005355763,0.0,0.0,0.28665784989918963,0.08880848384309738,0.19613921642303467,1.5096142170254139,1.7015983583578396,"Granulocyte precursor,Monocyte classical",9.604220432609751e-09,0.03970247507095337
ENSG00000086619.13,ERO1B,0.18952261,1.2264129,0.08511519432067871,True,0.05614583171959461,0.4237259807563866,0.347356895458316,5.635697335045306,2.3976122796535493,0.0561627633869648,0.03396546095609665,0.12619144328507675,0.0,0.0,0.3188917377757608,0.17614974199888245,0.11301173269748688,2.185100677901545,1.5735572528512396,Pre-B small,0.00020797312691701292,0.09579730033874512
ENSG00000119285.10,HEATR1,0.13012187,0.13012187,-0.11931264400482178,False,0.021553928790309627,0.9614768547243572,0.2165700936238996,5.546595370280182,0.8929750800132752,0.009543487802147865,0.014427847228944302,0.03693374141716968,0.0,0.0,0.27622142112688775,0.033281009355958346,0.05512598156929016,1.9566264389834958,1.733541281417722,Pre-B small,0.001899926508316262,-0.11728644371032715
ENSG00000143702.15,CEP170,0.33958837,0.33958837,-0.029769420623779297,False,0.06358662039231679,0.8603564082992641,0.27802361710181733,5.342112676021822,0.731332379248407,0.02350689098238945,0.038749635219573975,0.13287130325156163,0.0,0.0,0.3111696562026627,0.07720819046045424,0.12117980420589447,1.271620756738279,1.7614778690845325,Monocyte classical,0.00041118501143686784,0.017021656036376953
ENSG00000153187.18,HNRNPU,0.8696704,0.8696704,-0.2839547395706177,False,0.0625506355099484,0.23763288782219735,0.1176828566831089,8.917688599345,2.2237703025341036,0.11155615746974945,0.08277278393507004,0.2375367027946867,0.0,0.0,0.16274716015075347,0.3500106195494652,0.2763087749481201,0.9903972820671368,3.2785119879519646,"Granulocyte precursor,Monocyte classical,Monocyte non-classical,Erythroid late",0.0008977000341543769,-0.2695658206939697
ENSG00000153207.14,AHCTF1,0.08946096,0.08946096,-0.13883256912231445,False,0.058804806888859085,1.0951844170328877,0.31453346302668866,5.447074892785046,1.032065212726593,0.020528363063931465,0.02983585186302662,0.02356102992317978,0.0,0.0,0.3336622298243055,0.07179944910375013,0.10212230682373047,1.8152760174801856,1.4631049174127742,,,-0.1378575563430786
ENSG00000187608.8,ISG15,0.008600113,0.013511427,0.010355830192565918,True,0.8005258871098246,7.534281146404095,0.3864466955061809,3.6205678454028494,0.13475910611450673,0.02654733881354332,0.26594793796539307,2.2977097228671596e-18,0.0,0.0,0.4783103303680891,0.08744890929867609,0.9058101177215576,1.7708615247577797,1.2631572545390846,,,0.014931261539459229
ENSG00000197530.12,MIB2,0.101450056,0.101450056,-0.08389365673065186,False,0.035088413124098806,0.99081719546209,0.22427577015107578,4.056320316708841,1.0482335418462752,0.015056665055453777,0.022623056545853615,7.495494142608908e-08,0.0,0.0,0.4694367103772786,0.08638770965387364,0.08090431988239288,8.221499861640222,1.5733199930136519,Platelet,1.249462811796157e-05,-0.0838848352432251
ENSG00000235169.7,SMIM1,0.027398594,0.05960791,0.09245508909225464,True,1.267953424817329,6.337101142290298,0.35131505144312775,0.9744533165160557,0.18006828814744946,0.056127261370420456,0.18000666797161102,3.6442222543546336e-05,0.0,0.0,0.4952677848777056,0.4964957357821902,0.5559722185134888,22.75481055640763,0.455477177759389,,,0.09542322158813477
ENSG00000069424.14,KCNAB2,0.06923883,0.06923883,-0.11513745784759521,False,0.06221262282707733,2.293025027351637,0.2983307163273537,3.106983261607701,0.4428875242173673,0.011659771203994751,0.0400824137032032,0.07060678163046682,0.0,0.0,0.17829458337648402,0.036620082120860424,0.11754021048545837,1.7195644729809856,1.499184408734044,Monocyte classical,2.181473342875135e-07,-0.035125017166137695
ENSG00000171735.18,CAMTA1,3.4315999,3.4315999,-0.3899887800216675,False,0.025182380185852754,0.09928008093990634,0.15097474447305334,6.117002971531388,8.244066749811171,0.09924110770225525,0.01959165371954441,0.13816503290654222,0.0,0.0,0.15828869362912212,0.37616824972914037,0.06891095638275146,1.3592785804278404,1.9884624312226173,Platelet,0.0,-0.38434135913848877
ENSG00000142657.20,PGD,0.012004197,0.012004197,-0.024093031883239746,False,0.2101372984408153,2.8115777652825513,0.2295474568710534,3.8701917766876144,0.3192866306751967,0.023447535932064056,0.11566368490457535,0.00017093834423207005,0.0,0.0,0.48621904192351495,0.1093371782720256,0.3281944990158081,6.976982930935708,1.5790367570509192,,,0.010244607925415039
ENSG00000048707.13,VPS13D,0.19594985,0.19594985,-0.1953113079071045,False,0.02194347357076414,0.6675619342180559,0.24106549620539966,6.206191444681017,1.0742757047712805,0.012197545729577541,0.015299790538847446,0.032010877401293956,0.0,0.0,0.3261563825982918,0.041225237164554944,0.053575046360492706,1.6394058905404079,1.8789769634828042,"Monocyte non-classical,B naive",0.0055520393180013,-0.19490540027618408
ENSG00000116731.22,PRDM2,0.32108748,0.32108748,-0.011938214302062988,False,0.07515856584932579,1.4642337370666583,0.29872888404433695,4.13274539522452,0.6536923307925464,0.02237597294151783,0.04612509906291962,0.16444650598061922,0.0,0.0,0.1665277419103991,0.06697089531235044,0.12067195773124695,1.139435643880465,1.443008313274348,Granulocyte precursor,0.004799519446221422,0.04134774208068848
ENSG00000065526.10,SPEN,0.060603973,0.060603973,-0.04617154598236084,False,0.028902848039970487,0.9600394072344104,0.2078436698473914,3.985448966556488,0.8385614646971224,0.013137942180037498,0.02549843117594719,2.0814994317772057e-28,0.0,0.0,0.41063255086391653,0.04961577211475765,0.08299300074577332,2.8703084275098005,2.0974187835317895,Monocyte classical,0.0002217136422416288,-0.029344558715820312
ENSG00000055070.16,SZRD1,0.02651488,0.02651488,-0.025409817695617676,False,0.018385816559305074,0.7120944295659132,0.11140395029109998,7.834878106109814,0.6530121181905268,0.011525347828865051,0.03057778626680374,8.033038399827046e-13,0.0,0.0,0.40100204143139795,0.05323214917428842,0.10677680373191833,3.2844466381292787,3.818900108786389,,,-0.01771235466003418
ENSG00000159339.13,PADI4,0.04783999,0.04783999,-0.06395435333251953,False,0.250866077144515,3.9483386724058693,0.3988857383675721,2.3678928430761426,0.18692791054646174,0.012714095413684845,0.08609696477651596,0.018111528362217848,0.0,0.0,0.3530347500410092,0.03754408851250446,0.2462771087884903,1.2715878016706839,1.3965767273280678,,,-0.008581280708312988
ENSG00000169504.14,CLIC4,0.524858,0.524858,-0.2204970121383667,False,0.017938201563615818,0.3829396789698794,0.174839417763785,5.321246106904396,1.5143329238891599,0.02033439464867115,0.014569331891834736,1.3614489241316232e-15,0.0,0.0,0.42851331590582054,0.09349412710298569,0.050759267061948776,7.392221602915037,1.9411813846845147,Platelet,0.004576540869237435,-0.2189234495162964
ENSG00000142684.8,ZNF593,0.011429534,0.011429534,-0.021593093872070312,False,0.13301536800445182,4.1823219148842306,0.19274863776413007,2.466642180925249,0.28153474628925323,0.010437912307679653,0.05746631324291229,6.4988223260658876e-09,0.0,0.0,0.2726025426226433,0.03913965568497879,0.1689375936985016,2.603456272393945,1.3163828957038692,B naive,0.0005701657413304948,-0.012251019477844238
ENSG00000169442.8,CD52,0.0025403937,0.0025403937,-0.4049896001815796,False,12.841642910835166,186.50061876192768,0.8189875744997808,2.0958778450659272,0.0031743457645643505,0.015460807830095291,2.812742233276367,0.21183273219547644,0.0,0.0,0.4918492478045579,0.04876161750335762,7.606546401977539,0.6618020065045188,0.9290266437130968,Monocyte classical,0.00028287673963142923,0.057548344135284424
ENSG00000117682.16,DHDDS,0.06395788,0.06395788,-0.1193464994430542,False,0.010097279307330776,0.5322695973800441,0.26677399350000314,7.824235988333282,1.1471058537562686,0.007447198964655399,0.008331609889864922,6.798070664860894e-09,0.0,0.0,0.3699542439238286,0.03508991000909267,0.03596110641956329,4.3626953592694875,2.1806825365833227,,,-0.11819422245025635
ENSG00000198830.10,HMGN2,0.474855,1.6946934,0.2724974751472473,True,0.07247750731195196,0.18101053200413217,0.303787711739796,9.86347963886109,2.6318348255753516,0.11120656132698059,0.0598955899477005,0.13298711725727616,0.0,0.0,0.4254435899363673,0.42364184910695535,0.21181491017341614,1.859207863983025,2.692123073310854,Pre-B large,3.5528292240161476e-48,0.3492369055747986
ENSG00000117676.13,RPS6KA1,0.039909363,0.039909363,-0.11490917205810547,False,0.05737048550921871,1.527380507770617,0.22261854460530522,3.3008511612222824,0.4086597548425198,0.011366805993020535,0.03748049959540367,1.4053119948293758e-20,0.0,0.0,0.08493213710987846,0.02839039023266432,0.11108098924160004,1.3196385908891468,1.6653877565959068,,,-0.019244074821472168
ENSG00000117713.18,ARID1A,0.04311486,0.04311486,-0.11695277690887451,False,0.09730108408744899,2.1455818077022077,0.39985929779626744,3.7359801027422797,0.17599780216813082,0.01417616754770279,0.038058653473854065,1.7088143556035946e-19,0.0,0.0,0.2383492900078828,0.04599097559297593,0.12742802500724792,2.369618545355979,1.2512655595762285,Monocyte classical,0.0006765684058736256,-0.019649147987365723
ENSG00000117758.13,STX12,0.35500264,0.35500264,-0.29238367080688477,False,0.04128067509268291,0.922109767850972,0.2650666991069062,4.953534210125486,0.8808526633679867,0.018802950158715248,0.030258389189839363,0.13467877434110642,0.0,0.0,0.2015345534145983,0.06130861113953313,0.08674057573080063,1.7978787517538584,1.7451677625510646,Monocyte classical,0.0018927995589480787,-0.13767969608306885
ENSG00000130770.17,ATPIF1,0.08942146,0.12181182,0.6090410649776459,True,1.8172673758493858,6.1135950371917005,0.503086537213345,3.9681324850373505,0.05922885034233332,0.06912507116794586,0.6331433057785034,0.33663151678076386,0.0,0.0,0.48205578821622397,0.1954821149748742,1.7386953830718994,0.29536713610514737,1.4268570655556336,,,0.663743644952774
ENSG00000198492.15,YTHDF2,0.026772307,0.026772307,-0.03761112689971924,False,0.12822751617197747,4.506434466444609,0.18000009105591216,3.437959168187788,0.3469157416373491,0.012098245322704315,0.05466457083821297,9.020070187023428e-41,0.0,0.0,0.4589852819374774,0.05254799497780738,0.15049418807029724,2.4573834446055614,1.090604591343753,Monocyte classical,1.1328859298610178e-15,-0.02094137668609619
ENSG00000159023.19,EPB41,0.11130156,0.11130156,-0.06429553031921387,False,0.04012547679168009,1.0433259665763686,0.21137693209785044,4.360284964124354,0.7010789669305086,0.014107429422438145,0.032749295234680176,0.09680237893620797,0.0,0.0,0.2562085295862009,0.04688024066141861,0.09370405972003937,2.007003466816099,2.002518620656581,Pre-B small,5.777924440035168e-05,-0.02720022201538086
ENSG00000121766.15,ZCCHC17,0.05655288,0.05655288,-0.0727994441986084,False,0.04382637048606445,1.8227819326017498,0.1867226660419606,3.523000154597412,0.4275159289687872,0.011216322891414165,0.028925228863954544,0.06735466875177686,0.0,0.0,0.22636366588072354,0.03877815745537538,0.08520416170358658,2.0269764718020298,1.4678432433413364,"Erythroid late,B naive",0.009280255627095816,-0.05811488628387451
ENSG00000121774.17,KHDRBS1,1.6818376,1.6818376,-0.47590017318725586,False,0.028784749546850185,0.16777200344853607,0.19008863587309355,7.118682362586009,5.189233426451683,0.06576678156852722,0.02195718325674534,0.2105341914678421,0.0,0.0,0.15707416495885923,0.17485213654812878,0.07452912628650665,1.0202581907633634,1.9899883436024832,"Erythroid late,Pre-B large",0.005680025237267983,-0.47541332244873047
ENSG00000084070.11,SMAP2,0.14489664,0.14489664,-0.11513710021972656,False,0.2495713520784491,2.8855957549534295,0.4291698980533819,2.8174446226687433,0.12939099602401258,0.02294836938381195,0.08380107581615448,0.12889971700308264,0.0,0.0,0.3756288312503091,0.07906165570893986,0.23682627081871033,1.6328736743414467,1.205238426370276,"Monocyte classical,Monocyte non-classical",4.4455300647806745e-06,0.11668252944946289
ENSG00000117399.13,CDC20,0.0085713975,0.0085713975,0.1410740613937378,False,0.5283668594791096,24.83767507038589,0.3469852793555298,1.9145276725150164,0.04039214663207531,0.008772812783718109,0.171037957072258,6.337334736660978e-11,0.0,0.0,0.42322386002868856,0.02325195028694438,0.5060514807701111,1.696237275533776,0.7475726382163719,,,0.15301281213760376
ENSG00000198520.10,C1orf228,0.068295054,0.068295054,0.005719900131225586,False,0.2480197594901725,5.505067869729105,0.4138735047820744,3.3187115090681436,0.14600459206849337,0.012753152288496494,0.10700082033872604,0.17834419433397378,0.0,0.0,0.3256257083610039,0.04094063300554174,0.25224071741104126,0.8030912743723866,1.3063516964539925,"Monocyte classical,Monocyte non-classical,B naive",0.0015302417539128617,0.06510138511657715
ENSG00000142937.11,RPS8,0.19477405,0.19477405,-0.2674950361251831,False,4.704787451668266,2.081243472420809,0.27248669919802715,9.04218465369333,0.07901727106422186,0.49253880977630615,2.945236921310425,0.38149442702925007,0.0,0.0,0.4891264534796645,1.4535431977498234,10.667619705200195,0.38902338116423874,2.736324479159472,"Granulocyte precursor,Monocyte classical,Erythroid early,Erythroid late",0.004659474706404081,0.1866360306739807
ENSG00000126088.13,UROD,0.07698609,0.101868615,0.4540252685546875,True,1.3812558948493174,9.62110362646326,1.0763761013744628,14.220923835253524,0.13728882143273946,0.03774693235754967,0.41860440373420715,0.29382669591757304,0.0,0.0,0.4757781972717946,0.12046243947191204,0.9101553559303284,0.3045040778903657,1.0373845071725,,,0.530970424413681
ENSG00000162378.12,ZYG11B,0.0631752,0.0631752,-0.06287837028503418,False,0.016402038301422183,0.8647752983895788,0.20811776535459497,4.918582936021577,0.8798699676990509,0.008423867635428905,0.014360986649990082,1.8779277373552467e-21,0.0,0.0,0.26015459581320677,0.02760662463392771,0.058194562792778015,2.725902065498862,2.121693567459739,Pre-B small,3.044681520875284e-05,-0.05492711067199707
ENSG00000184588.17,PDE4B,0.2855647,0.7278557,0.1782035231590271,True,0.07862072674353822,0.6421141816684699,0.35059046871116123,5.395992773810004,1.1970746091008193,0.04842996969819069,0.054515719413757324,0.24021887686322782,0.0,0.0,0.04987754619355151,0.13325789669002572,0.15010622143745422,0.9017622014027232,1.665401214872266,"Pre-B small,B naive",0.0028215252801610225,0.205780029296875
ENSG00000198160.14,MIER1,0.2803214,0.2803214,-0.16278350353240967,False,0.03163970013321621,0.7046833979768521,0.2065817986997955,6.551176455771154,0.9222171583771708,0.019556133076548576,0.030058883130550385,0.11747041142152984,0.0,0.0,0.280168507448061,0.07502456285050664,0.10051478445529938,2.9108556609847622,2.2629968504166844,Monocyte classical,0.0038617649315018563,-0.13275861740112305
ENSG00000116717.11,GADD45A,0.11130993,0.06512262,0.20083433389663696,True,0.6168115930207722,3.7198960340755676,0.5034274241379062,14.588244362658001,0.17520442772518707,0.030323276296257973,0.20169495046138763,0.0003229735702999054,0.0,0.0,0.4872786634893773,0.1079418694416674,1.2110438346862793,0.1391070334312054,1.6438843391801996,Pre-B small,6.778147777418105e-11,0.2237682342529297
ENSG00000137955.15,RABGGTB,0.081978634,0.081978634,-0.0952221155166626,False,0.05467475312090767,2.012895219069021,0.18367235056142753,5.410487916952097,0.5575606673955917,0.013589068315923214,0.03655853867530823,0.06183788501012835,0.0,0.0,0.17020596885790773,0.04634629728884754,0.11581592261791229,1.432316426154007,1.4735217865924208,,,-0.08043515682220459
ENSG00000137965.10,IFI44,0.13607867,0.13607867,0.002783536911010742,False,0.1432739961056021,2.331801307155555,0.5269326782714177,3.512833747075844,0.1741848246753216,0.01624896004796028,0.04407751187682152,7.310849773995851e-14,0.0,0.0,0.3004165311362966,0.055911531469588376,0.14390599727630615,1.7562700088100773,1.0220614696562549,,,0.05427151918411255
ENSG00000234184.5,LINC01781,0.009266584,0.019506061,0.08706581592559814,True,0.8715508656813961,16.41438608135638,0.4751606000663366,2.5201202827682336,0.05569137264043092,0.012595397420227528,0.32058781385421753,2.0253484135522283e-18,0.0,0.0,0.4334761746426185,0.04321392440376214,0.7557739019393921,0.8366914993436192,1.3291185546827662,,,0.09251266717910767
ENSG00000117133.10,RPF1,0.058117107,0.058117107,-0.03841865062713623,False,0.08409431532551859,1.7722875378396363,0.20950264596170234,4.378932113245665,0.1438041023164987,0.014525596983730793,0.04772704094648361,0.058133987966975297,0.0,0.0,0.36346336794804734,0.05359354730086841,0.1572439968585968,1.803294893971362,1.8539428853210744,"Granulocyte precursor,Monocyte classical",0.007941593038971899,-0.016543149948120117
ENSG00000097033.14,SH3GLB1,0.16610049,0.16610049,-0.4099717140197754,False,0.1647562666561511,2.1858752839835285,0.2694020662646075,3.5463688954234414,0.13770784087479115,0.022820131853222847,0.07829991728067398,0.062042352782155814,0.0,0.0,0.43259669203998896,0.0871479399558508,0.24112311005592346,2.1328039148888203,1.4912187837074597,Monocyte classical,1.6372820674180952e-15,0.024300873279571533
ENSG00000065243.19,PKN2,0.10275562,0.10275562,-0.15301907062530518,False,0.034235890281830515,1.245292613313754,0.2260402077839922,4.888287726971821,0.6275230517238382,0.012348159216344357,0.029959173873066902,0.10236837705047215,0.0,0.0,0.20894200590903084,0.04266827437004283,0.10104668885469437,2.6351093334420868,2.0213629467275607,Monocyte classical,0.00022268591930883747,-0.11582911014556885
ENSG00000162664.16,ZNF326,0.12154651,0.12154651,-0.05055725574493408,False,0.08001419906139919,1.4700943289221444,0.25304565418650193,4.6547200104822615,0.24363298147916795,0.014206517487764359,0.055104032158851624,0.10392377231734623,0.0,0.0,0.2874895558835613,0.049656419181697053,0.18418452143669128,1.4571189344676592,2.2615371721694855,Pre-B small,1.6842346711121954e-06,0.0004515647888183594
ENSG00000143033.17,MTF2,0.06176246,0.18426126,0.024446070194244385,True,0.07739265090420096,1.4572809028342197,0.31065957957674434,8.59004701668615,0.37496853152910864,0.017180554568767548,0.054256927222013474,0.08766130677826664,0.0,0.0,0.46491175085402553,0.05864822235507461,0.2564099133014679,2.9071441016987225,2.0638846492769916,"Monocyte classical,Monocyte non-classical",0.0002109131390458558,0.040894508361816406
ENSG00000117569.18,PTBP2,0.09305703,0.09305703,-0.11655139923095703,False,0.01958618703348932,0.666936990097281,0.24219923562598347,6.4793292596197105,0.8894344487786294,0.010872839018702507,0.016472434625029564,0.07436024600149005,0.0,0.0,0.23021551013649383,0.03637401046475874,0.054068755358457565,2.1338369560222783,2.163419358570581,,,-0.1165381669998169
ENSG00000162688.16,AGL,0.05916124,0.05916124,-0.026695728302001953,False,0.022799851528171267,0.6382434094621452,0.2775051988151468,4.4706190769383065,0.6905532248318194,0.009604299440979958,0.015333705581724644,2.2024534304140756e-22,0.0,0.0,0.36009470065002686,0.03359207329640679,0.05656776577234268,2.067218037208197,2.144116219455486,Pre-B small,0.00021689214750819982,-0.02027738094329834
ENSG00000162692.10,VCAM1,0.0142832855,0.034490094,0.07028919458389282,True,3.928792939213422,13.536816261634858,0.1618631505903205,1.5161798092257954,0.07104961384087802,0.16023212671279907,1.3023864030838013,1.1808204430802455e-08,0.0,0.0,0.48746869509019203,0.46665351294589996,3.276453971862793,0.4580003989372248,0.5718530593962773,,,0.07028919458389282
ENSG00000134186.11,PRPF38B,0.08275852,0.08275852,-0.19923603534698486,False,0.10354972380131264,2.190481606921092,0.23586334753753652,4.416263810375774,0.348438423871994,0.016133135184645653,0.07292447239160538,0.11432485412870107,0.0,0.0,0.40267663251295005,0.05764412166023903,0.2644098997116089,2.3387813360922824,1.8571946017890877,,,-0.009268522262573242
ENSG00000116266.10,STXBP3,0.083294444,0.083294444,-0.16845548152923584,False,0.05010937779567155,1.1637115392755069,0.29951397832348914,3.8498174708220017,0.2514603500068188,0.01159726083278656,0.021791530773043633,1.6096521688712718e-06,0.0,0.0,0.2727045780849682,0.04008762712359016,0.07514891028404236,1.649945966052551,1.3840130205207373,Monocyte classical,1.5294246895694676e-08,-0.029057860374450684
ENSG00000143093.14,STRIP1,0.1531348,0.1531348,-0.07926106452941895,False,0.017822635372896564,0.5583837474211627,0.3337969084376076,8.338722420959497,1.3650014144182205,0.010888827964663506,0.01298282016068697,0.05406853247516158,0.0,0.0,0.2754885467869638,0.036128574504972207,0.04622339457273483,2.1792442729469172,2.0336012811669413,Granulocyte precursor,1.949697775512898e-36,-0.07889747619628906
ENSG00000162775.14,RBM15,0.09683684,0.09683684,-0.01734757423400879,False,0.027459298991552073,0.3994973978982236,0.2278055471807785,3.6555506505011013,1.2928172658383845,0.014119459316134453,0.016627931967377663,1.8175960930793633e-18,0.0,0.0,0.44354740989253083,0.05634046985872665,0.06857317686080933,2.3908539631721415,2.526733248853259,Monocyte classical,8.316622564273985e-05,-0.009830594062805176
ENSG00000143110.11,C1orf162,0.03365667,0.03365667,0.0034236907958984375,False,1.3211499511176832,18.367869340420945,0.5065486981712178,1.8106615195758033,0.03373972546309233,0.022427670657634735,0.3140830099582672,0.11501571899932977,0.0,0.0,0.4686713523637214,0.07809949685362835,0.8542004823684692,2.265933473915769,0.724310998266265,,,0.13149809837341309
ENSG00000163349.21,HIPK1,0.105704896,0.105704896,-0.2117527723312378,False,0.05089330599901559,1.5499809979097492,0.2575907541127137,3.7884215456726738,0.5202255934476853,0.013886049389839172,0.03870392218232155,0.064678533875621,0.0,0.0,0.20572743615177652,0.04410506390305801,0.1253262311220169,1.9306142494618195,1.7982494171904386,Monocyte classical,2.954598434209089e-05,-0.028990983963012695
ENSG00000198162.12,MAN1A2,0.08198318,0.08198318,-0.07823872566223145,False,0.03559360183752278,1.1277444594745751,0.256013748125697,4.815946614822023,0.822315194159746,0.014614415355026722,0.027058294042944908,9.94758904852543e-18,0.0,0.0,0.3141032971258272,0.05383738317213815,0.08929114043712616,3.6517474325989263,1.7033206127706426,,,-0.07333385944366455
ENSG00000023902.13,PLEKHO1,0.19931902,0.9520489,0.06815892457962036,True,0.04183503716637121,0.4555530384468016,0.26658948811087985,4.916337838865951,2.1011205571889873,0.037118230015039444,0.02875128760933876,0.12697557184798539,0.0,0.0,0.25680811553298083,0.13291964292371006,0.09725993871688843,1.8397110751631667,1.70032161390517,Platelet,0.0,0.10652732849121094
ENSG00000163125.15,RPRD2,0.22191033,0.22191033,-0.22003209590911865,False,0.034021203812478265,0.9924974384815883,0.2443363951447392,5.3466564339114315,1.0369167923927307,0.014967036433517933,0.021651258692145348,0.13770815934748173,0.0,0.0,0.16264413629567437,0.04429066789318447,0.0787733644247055,1.5856131718124724,1.60692846162421,,,-0.20366954803466797
ENSG00000163156.11,SCNM1,0.06998259,0.06998259,-0.09944772720336914,False,0.069663012064953,1.2343525601919612,0.21095716422089378,3.7931127927502444,0.317305955439806,0.015722641721367836,0.046825140714645386,0.09308368278926349,0.0,0.0,0.18393240677702788,0.049398356203496974,0.13833382725715637,1.293211833282498,1.9646770346020832,,,-0.05864226818084717
ENSG00000163220.10,S100A9,0.00068203214,0.00068203214,0.1734083890914917,False,150.8509159713694,1095.2720040815225,0.7910961476203698,1.9966082569979524,0.0005871532129822299,0.0360698364675045,29.026491165161133,0.13700931708804082,0.0,0.0,0.4997364831651554,0.12448245170821791,68.496337890625,1.6436943496312975,0.6997438546083845,,,0.281410276889801
ENSG00000160679.12,CHTOP,0.015769156,0.015769156,-0.2572363615036011,False,0.08699443205814947,5.666675627417826,0.19652407867681665,4.24727187550034,0.19899816524237396,0.005653597880154848,0.039312753826379776,1.947059863532298e-35,0.0,0.0,0.17658692297177958,0.01648501655048795,0.11771685630083084,1.4146354612311463,1.2071478744973365,B naive,0.0035182126691691816,-0.003758668899536133
ENSG00000160712.12,IL6R,0.13108589,0.13108589,-0.044028639793395996,False,0.07348196181354097,1.6645561827023128,0.34983386237238706,3.7247173461387924,0.4640597961843014,0.015719881281256676,0.04149649292230606,0.0975937610813789,0.0,0.0,0.1175379771026257,0.04839534146149127,0.12310360372066498,1.3753916944190188,1.51033878501411,Granulocyte precursor,0.0009236671078684499,0.0243491530418396
ENSG00000169241.17,SLC50A1,1.0261942,1.0261942,-0.42723536491394043,False,0.018632384632665165,0.23520452102120468,0.22371481887609254,7.100365146113827,2.8601086914539335,0.028774231672286987,0.015593833290040493,0.005582869987781002,0.0,0.0,0.3618856590067757,0.12372897130785708,0.05035089701414108,2.6328811362121836,2.419317203118728,Platelet,9.012352752810776e-64,-0.42614078521728516
ENSG00000160789.19,LMNA,1.0269436,1.8305309,0.5913489162921906,True,0.12468795292947789,0.20843463413924085,0.34882210883880754,4.3573948711684425,5.902362014651298,0.2388361543416977,0.07010475546121597,0.30466831629499136,0.0,0.0,0.2106470762163974,0.6279126408808721,0.23493367433547974,0.49156020417555746,1.274124382841487,Monocyte non-classical,0.0,0.5917544066905975
ENSG00000143303.11,RRNAD1,0.35014832,0.35014832,-0.19508075714111328,False,0.019698155067286754,0.4539052901293316,0.23038457995418185,6.659211944599726,1.5059683611989017,0.016370192170143127,0.014647607691586018,0.004326068221636499,0.0,0.0,0.3048289741543937,0.06152015508302444,0.05119805410504341,2.0305839184782237,1.9712771476920887,Erythroid late,5.096693143292375e-21,-0.18922507762908936
ENSG00000143294.14,PRCC,0.03788233,0.03788233,-0.027048110961914062,False,0.0594858124257948,1.0951505703454523,0.2768314198079785,4.732013917417105,0.2527682319283485,0.013422946445643902,0.029207075014710426,4.595755474834419e-10,0.0,0.0,0.257038169408385,0.04832966850026921,0.09718160331249237,1.9895467813612868,2.0613630414151203,,,-0.008478403091430664
ENSG00000158481.12,CD1C,0.03046031,0.041856606,0.17517554759979248,True,1.0296307248760594,12.627343532113525,0.6012252859247414,1.761024715033935,0.0412305124104023,0.01628188043832779,0.2171943485736847,0.004462564235956971,0.0,0.0,0.49321125179874953,0.12406075475804278,0.5708446502685547,1.3892776040070893,1.003588214601885,B naive,0.00017542699403898376,0.18273508548736572
ENSG00000163563.7,MNDA,0.01751885,0.029076561,0.29360759258270264,True,5.061324617451357,31.44440551937122,0.7866099598355825,2.1462883654800833,0.017482595276087524,0.038689035922288895,1.045643925666809,0.2151044044582563,0.0,0.0,0.4853865703831863,0.118357836108558,2.36622953414917,0.9271837774048178,0.8185839592396206,,,0.3604500889778137
ENSG00000179639.10,FCER1A,0.0012695407,0.0012695407,0.29967230558395386,False,3.7576498249450334,325.72790448365527,0.9590858623994738,4.601598670231295,0.0035020825918763874,0.0031032878905534744,0.9156639575958252,1.4971358049848127e-16,0.0,0.0,0.4664264336601374,0.010099465494984639,2.391122341156006,0.7348443412131269,0.9058558583898791,,,0.2998514771461487
ENSG00000158716.8,DUSP23,0.003978862,0.003978862,-0.020694255828857422,False,0.24942089440999887,10.182742765687845,0.18836032546336348,1.4780388175338497,0.17340096421539783,0.00973268412053585,0.06875704228878021,6.656283887261366e-09,0.0,0.0,0.33431159999689675,0.026365243487341598,0.1855061650276184,1.400241888159429,0.6277028778903957,Monocyte classical,0.0021232927950360332,-0.014445185661315918
ENSG00000158869.10,FCER1G,0.10608107,0.16427416,0.1862177848815918,True,0.4200998879454975,2.4040568663698,0.46014816629264216,4.288343867568637,0.35021906297653915,0.04718964546918869,0.19099852442741394,0.12614992646982076,0.0,0.0,0.4399456169742303,0.14345385413217035,0.6198910474777222,1.3112455640169174,1.2987760565590294,Monocyte non-classical,0.0018213762473507271,0.24650442600250244
ENSG00000118217.5,ATF6,0.033737995,0.033737995,-0.040265560150146484,False,0.02881439492610997,1.3145154759320197,0.24894601444122205,4.731784527568596,0.29262915775179854,0.007975468412041664,0.0214629378169775,0.00029108247702757056,0.0,0.0,0.16713086035115987,0.02754258055468561,0.07172191143035889,1.8818801520705801,1.944871329121641,"Monocyte classical,B naive",0.0019117236786604438,-0.029443740844726562
ENSG00000198771.10,RCSD1,0.23494765,0.29816222,0.5916933417320251,True,0.8769296160142295,1.3217736491560965,0.37007153343462323,8.382119872420018,0.4562769296765327,0.1986846923828125,0.4800809919834137,0.26804983728035875,0.0,0.0,0.4952098490896047,0.4788812808200191,2.1655778884887695,0.6485443796078634,1.741019776810723,,,0.6117450594902039
ENSG00000094975.13,SUCO,0.43247458,0.43247458,-0.2481861114501953,False,0.039618108196241286,0.678742453032569,0.2394932592141051,5.173404941761019,1.3040502190589904,0.024308137595653534,0.025164663791656494,0.08787723787970637,0.0,0.0,0.23266124710915037,0.09356194226609914,0.08886628597974777,2.361288147746265,1.601488232463329,Platelet,3.930913480320475e-33,-0.2372668981552124
ENSG00000076321.10,KLHL20,0.24225949,0.24225949,-0.16925978660583496,False,0.023086116831389385,0.6334817872473756,0.24241190459805012,5.921285234595654,1.0087240851918855,0.014399230480194092,0.016903620213270187,0.0063744831863056985,0.0,0.0,0.3359116983103453,0.05853470155793517,0.06372438371181488,3.0492689568449283,1.899460153090997,Monocyte classical,2.733937730361479e-13,-0.168967604637146
ENSG00000152061.23,RABGAP1L,0.29025388,0.29025388,-0.05464982986450195,False,0.049933226598141776,0.8518351541931111,0.24982599975025963,6.07361359005752,0.8544982820749283,0.020863112062215805,0.03296109661459923,0.06447328427471717,0.0,0.0,0.2643141578944579,0.07368281705920411,0.11750717461109161,2.13846420527696,1.8546715154303202,Platelet,1.2219500906297085e-17,-0.03996694087982178
ENSG00000116191.17,RALGPS2,0.077605546,0.077605546,-0.0003285408020019531,False,0.4389432526233155,6.905154527866902,0.5239970678536399,2.515361827348022,0.05970619093626738,0.01739170402288437,0.13763363659381866,0.1485999665433262,0.0,0.0,0.404680424101551,0.056550988281319554,0.32920777797698975,1.530274133480531,1.091489945879973,"Pre-B small,B naive",0.005564539161410137,0.17787492275238037
ENSG00000135837.15,CEP350,0.1672785,0.1672785,-0.16630280017852783,False,0.04593378528183623,1.4529178758266443,0.24629477731412713,5.2761238836791025,0.6969061017036438,0.014837787486612797,0.035130053758621216,0.0806728422551887,0.0,0.0,0.34874426466862474,0.055972756977297415,0.11716252565383911,3.138349495164094,1.7751948030882307,Monocyte classical,6.0540528944565925e-24,-0.06736397743225098
ENSG00000135838.13,NPL,0.17555365,0.17555365,-0.027106881141662598,False,0.05166308159874841,1.1332534226886126,0.27240951446965667,3.5669088099591666,1.130520332157612,0.019947102293372154,0.03056854009628296,1.9872787399723735e-21,0.0,0.0,0.26271915446297667,0.06719328239029743,0.10520573705434799,2.804883248830247,1.320086459733979,Monocyte classical,0.0035281905841897106,0.031170368194580078
ENSG00000121481.10,RNF2,0.014085293,0.014085293,-0.022295236587524414,False,0.027552971996317472,2.0330909372154085,0.18456923000952685,3.5660356816823,0.5389495228976013,0.006097706966102123,0.0196016076952219,6.430464769609217e-10,0.0,0.0,0.2769547716261815,0.018488300440848482,0.06392428278923035,2.48371500929289,1.581132784534732,,,-0.015539169311523438
ENSG00000150681.9,RGS18,0.36302748,0.41924086,0.9126254022121429,True,0.07239341722874369,0.1961426416088794,0.09830119862683208,17.103936900359223,1.7559111108051404,0.09512121230363846,0.062041986733675,2.684339053185641e-05,0.0,0.0,0.49707753142695776,0.39364546239499276,1.0367119312286377,10.32291732439194,3.7978901660982936,Platelet,6.067681489304586e-85,0.9126331880688667
ENSG00000090104.11,RGS1,0.022624567,0.05812029,0.06302756071090698,True,0.4035696060227742,5.960602569082364,0.46911454644621836,3.666996680740453,0.12366148978471758,0.013360774144530296,0.1323528289794922,4.3790051061252053e-13,0.0,0.0,0.45850370070400054,0.04252344309351308,0.5020855665206909,1.2004932370633292,1.2820565648491316,,,0.08648920059204102
ENSG00000116741.7,RGS2,0.014311132,0.030155232,0.20764261484146118,True,2.101391241685965,13.886956032022235,0.4866881620271928,3.994105457530151,0.06710739361122248,0.04585689306259155,1.0403789281845093,0.19442989087663287,0.0,0.0,0.4819126264569752,0.13241215290712205,3.158662796020508,0.9906169835193962,1.3303217440360016,"Pre-B small,B naive",2.0101632523729944e-10,0.23165547847747803
ENSG00000159388.5,BTG2,0.023929002,0.023929002,-0.018409371376037598,False,0.6578172716294289,11.0648741408964,0.5629743229778701,2.6897314580790894,0.041053362116217615,0.01455764565616846,0.16754992306232452,4.956489921203475e-06,0.0,0.0,0.461746624322213,0.05422249658113998,0.5713568925857544,2.0996053003337116,0.9250132017473015,Monocyte classical,0.0022086026157176423,0.014821767807006836
ENSG00000198625.12,MDM4,0.0160443,0.0160443,-0.0074918270111083984,False,0.8318750888080692,10.47538038156742,0.42886584232265734,4.494578374233462,0.08318258819170296,0.020629212260246277,0.3515388071537018,1.0960933540502922e-27,0.0,0.0,0.4846513344102392,0.08097265133311281,1.1759982109069824,1.8183281832970568,1.2549215583118378,"Granulocyte precursor,Monocyte classical",1.0953541538141939e-10,-0.0071533918380737305
ENSG00000263528.7,IKBKE,0.3843367,0.3843367,-0.1127161979675293,False,0.027423379876209183,0.6039432739964031,0.26833971965564385,5.016748593170135,1.84523663520813,0.021979795768857002,0.019654206931591034,0.0034623623930438753,0.0,0.0,0.2840035242802217,0.07745268234368298,0.06808948516845703,2.91754942871064,1.6129211102388477,Monocyte classical,3.156461093129017e-05,-0.10769045352935791
ENSG00000196352.14,CD55,0.5979243,0.5979243,-0.2845463752746582,False,0.06368043000024098,0.6362939368425935,0.25935153296102903,5.324192856114411,1.2694024327397346,0.0411841981112957,0.04598904028534889,0.22722025582464173,0.0,0.0,0.06599481520967572,0.11659127827471849,0.12986496090888977,0.9970664137002085,1.7549548829464212,Monocyte classical,1.5204550055497028e-05,-0.2843557596206665
ENSG00000117335.19,CD46,0.05925615,0.05925615,-0.02392101287841797,False,0.08267208209394188,2.1475364544342517,0.3025178649940672,3.9959644776968752,0.13042502179741855,0.011311320587992668,0.0409783236682415,0.11023064188054285,0.0,0.0,0.21588620156026805,0.04121868133651674,0.1355242133140564,1.7627241329355783,1.602595600350564,Monocyte classical,1.1443380772247365e-148,-0.023822307586669922
ENSG00000123689.5,G0S2,0.00092195155,0.00092195155,0.016787827014923096,False,2.274109644611965,28.07878735088865,0.5076464740695202,2.8821744817315134,0.028565950016491114,0.021503526717424393,1.0143545866012573,3.826286428232883e-06,0.0,0.0,0.4802917815277952,0.05697822298812661,2.8086366653442383,0.9911383366024434,1.5199737126490265,,,0.019078433513641357
ENSG00000009790.14,TRAF3IP3,0.154853,0.408686,0.03040415048599243,True,0.08102917408548556,0.9866334228841085,0.34002757753128504,5.335875036753984,0.7468741254508496,0.028860624879598618,0.05206994339823723,0.1988191451097828,0.0,0.0,0.11769626546884343,0.08583953750652995,0.13885191082954407,1.0136208203141646,1.5673960559131697,Monocyte classical,8.015093660070317e-07,0.03955203294754028
ENSG00000162772.16,ATF3,0.0749681,0.19220287,0.09010440111160278,True,0.1102703639670246,1.8327179030641967,0.3529198024273493,4.389059687877024,0.41808700039982793,0.018068913370370865,0.05294213443994522,0.07548984956783264,0.0,0.0,0.31247342646358284,0.057934446736996215,0.17066816985607147,1.334032983588883,1.446465622578322,Granulocyte precursor,1.2071309475997248e-05,0.10531741380691528
ENSG00000067704.9,IARS2,0.036419272,0.036419272,-0.07312726974487305,False,0.060526854679671206,2.71230268261569,0.1732241313653599,2.560424171470619,0.48629910707473756,0.010877770371735096,0.03081257827579975,9.296387463425679e-06,0.0,0.0,0.020146282011533564,0.03012297914690265,0.07641761004924774,1.697657321954904,1.135969838050137,,,-0.02957010269165039
ENSG00000154305.16,MIA3,0.22512656,0.22512656,-0.13361310958862305,False,0.02022038192552545,0.5871712017093451,0.21119775338173039,6.810190316119081,1.166622089892626,0.015043022111058235,0.019631894305348396,0.08289329614096665,0.0,0.0,0.2948306196254703,0.05570512612928091,0.06380048394203186,3.2098330441833376,2.3059531247574365,Pre-B small,0.003433050589547978,-0.12475800514221191
ENSG00000162819.11,BROX,0.10094725,0.10094725,-0.2044363021850586,False,0.03323002153109845,1.3464796519146054,0.21901087100649116,5.430675025883676,0.586179811581969,0.012449882924556732,0.02861957624554634,0.11379095824103586,0.0,0.0,0.07595916428005907,0.03632160770096559,0.09675717353820801,2.10700001511665,1.7712758827617818,Monocyte classical,0.00010014793365158251,-0.06987571716308594
ENSG00000162909.17,CAPN2,0.026909363,0.026909363,-0.26351892948150635,False,0.3811118494989667,9.196459123157524,0.5824402674023772,2.587128316390059,0.04458586236461997,0.009871124289929867,0.11235838383436203,0.13940833794335739,0.0,0.0,0.2879676032124333,0.030250137819344047,0.25563985109329224,0.9681211609749721,1.1787696368287908,,,0.037438809871673584
ENSG00000143756.11,FBXO28,0.10479865,0.10479865,-0.10032713413238525,False,0.02014686996645051,0.8994671587320742,0.22919307903785352,5.049801732736743,0.7293037831783294,0.008831959217786789,0.014834902249276638,0.051712965352242006,0.0,0.0,0.14620458500546352,0.027202908968185113,0.052917540073394775,1.9386749881641083,1.6895716838381787,Monocyte classical,0.0019216383452197868,-0.06270575523376465
ENSG00000143753.12,DEGS1,0.08239916,0.08239916,-0.11077940464019775,False,0.03320801034493489,1.1937879757570389,0.20243767559608444,3.3702897259752427,0.5739524131019911,0.011540334671735764,0.023809777572751045,0.005520442026609814,0.0,0.0,0.1186855180349563,0.032397128453860446,0.08359779417514801,1.5055290279317874,1.5554364483367729,HSPC,0.0008118711579569915,-0.03304028511047363
ENSG00000143771.11,CNIH4,0.092143334,0.092143334,-0.0662916898727417,False,0.08447691374866573,1.569665439739543,0.23217501027582876,3.349900481686609,0.5556899010390042,0.018405228853225708,0.05390508100390434,8.851313255954662e-19,0.0,0.0,0.42106525282593216,0.07428206522564684,0.1599310338497162,3.573781157097927,1.6792830615521894,Monocyte classical,9.946265813993055e-07,-0.022189617156982422
ENSG00000163041.9,H3F3A,0.5721724,0.5721724,-0.18502092361450195,False,0.04460468173068814,0.3917369337464003,0.17370829855754702,10.995647796652168,1.0187562389671803,0.04231378436088562,0.05596807599067688,0.15866915507948445,0.0,0.0,0.25750562645988917,0.14246186391531435,0.20322205126285553,1.9460312194021128,3.3764784666162213,"Platelet,Pre-B large",0.00019239971833086484,-0.18152260780334473
ENSG00000168118.11,RAB4A,0.057987846,0.057987846,-0.2622267007827759,False,0.03824348147871598,1.5412816389640343,0.17537559979434478,5.782894078136986,0.495600301846862,0.012193319387733936,0.04262492433190346,0.0896784413167909,0.0,0.0,0.17493769768093376,0.03799048656845194,0.14456184208393097,2.423835541717559,2.353140148451035,Platelet,8.304136633893252e-78,-0.024675607681274414
ENSG00000116977.18,LGALS8,0.049629744,0.049629744,-0.044561028480529785,False,0.08813550273569137,1.5273776158010721,0.24694700753159085,2.667686109900199,0.26315808780491357,0.012448148801922798,0.0372510589659214,1.7421192374416353e-13,0.0,0.0,0.48435990588084055,0.06175274786385465,0.1227792426943779,2.9221151388132967,1.511413007700474,,,-0.0110701322555542
ENSG00000203667.9,COX20,0.15136707,0.15136707,-0.14454138278961182,False,0.050073430188504034,1.2631295492082661,0.2045369216391326,6.100712915888397,0.42488104149699213,0.015855785459280014,0.04310249164700508,0.11077668479255715,0.0,0.0,0.3285994953047826,0.05887033941396291,0.13748149573802948,2.429036201349317,2.15212119061176,Granulocyte precursor,1.6389136707889167e-07,-0.046494126319885254
ENSG00000162852.13,CNST,0.27542293,0.27542293,-0.14025819301605225,False,0.032604829443830544,0.7062058704912625,0.2478691972683709,6.0682917773689145,0.953392896718449,0.018122278153896332,0.022915435954928398,2.2983599008536503e-21,0.0,0.0,0.39084882669801285,0.07752488224767172,0.09051552414894104,3.6320017457984557,1.8800668670578762,Platelet,3.427774416323049e-05,-0.13398098945617676
ENSG00000162711.16,NLRP3,0.03876415,0.28381404,0.046177804470062256,True,0.11424394501452739,1.821346284036311,0.4297581294033951,3.542725416033032,0.5715355360507965,0.022087888792157173,0.05478151515126228,0.14587398140593436,0.0,0.0,0.2054241819914957,0.06751589167696892,0.17866644263267517,1.2996550868205092,1.2255465429284167,Monocyte classical,5.768490018990465e-07,0.14112794399261475
ENSG00000067064.10,IDI1,0.14319825,0.14319825,-0.09677779674530029,False,0.16544659289160452,2.791752582858392,0.3144222361210542,4.945097493206637,0.3191063200806578,0.021383879706263542,0.09797679632902145,0.1586609362403545,0.0,0.0,0.30963016585314623,0.06504294969971536,0.29189741611480713,1.2295607353618339,1.5014885955704091,,,-0.019027113914489746
ENSG00000067082.14,KLF6,3.1175234,3.1175234,-0.6719058752059937,False,0.047439755645986466,0.13650463797989862,0.2226721641738638,5.535808757777534,7.260993075370789,0.13723145425319672,0.03118470124900341,0.2782608212312044,0.0,0.0,0.0668712084440093,0.35470441598041447,0.0943533256649971,0.6754127569688287,1.6959308825793709,,,-0.6235569715499878
ENSG00000151657.11,KIN,0.01892266,0.13178883,0.02919447422027588,True,0.13625157776496066,1.9802796790038608,0.3067103869657389,4.088253339286083,0.39732742458581927,0.017757663503289223,0.06480451673269272,0.00822297886267715,0.0,0.0,0.42801893452204126,0.061203566622661576,0.23353050649166107,1.7383809949995688,1.7507193309302862,Monocyte classical,6.211645002044513e-06,0.04062074422836304
ENSG00000151461.19,UPF2,0.04376751,0.04376751,-0.07960140705108643,False,0.07974403262123737,2.2984609895001977,0.19127549562509924,4.3677093445163795,0.2735194976627826,0.012060733512043953,0.06713403016328812,0.12362036793033955,0.0,0.0,0.3721081860954949,0.04020695100551564,0.22461096942424774,1.8465421542528226,2.179587924981693,,,-0.015726327896118164
ENSG00000065809.13,FAM107B,0.039444398,0.039444398,-0.20054948329925537,False,0.2874519330791576,5.8821613392227245,0.49668870134308785,2.1497274206498003,0.08285606235265736,0.014021559618413448,0.07996019721031189,0.026631023906941054,0.0,0.0,0.3739622254037722,0.04841485468830342,0.21790112555027008,1.86586323198659,0.8517608318532257,,,-0.0040438175201416016
ENSG00000148484.17,RSU1,0.0059718657,0.0059718657,-0.07767665386199951,False,0.042677357509973604,2.032553339947068,0.17769284695941528,4.18673914968908,0.48428948409855366,0.010419575497508049,0.035015955567359924,0.06269711670216138,0.0,0.0,0.19160406413823794,0.03211067843689186,0.1008610874414444,2.639780999476052,1.694719682978846,,,-0.07694244384765625
ENSG00000229124.6,VIM-AS1,0.010006647,0.010006647,-0.09440970420837402,False,0.0803542342649126,1.548431227780164,0.31020345714741415,3.1211820461546687,0.6890253574401142,0.0208926722407341,0.042981527745723724,0.07535891425946303,0.0,0.0,0.10428496537597742,0.062076056453388,0.13251441717147827,1.4512607661184063,1.3286052364978032,,,-0.09299278259277344
ENSG00000241058.3,NSUN6,0.19387017,0.19387017,-0.23265576362609863,False,0.014382524829558778,0.4512329733252669,0.22735962943727803,7.412481670792045,1.3702010306715964,0.011656283400952816,0.0114631662145257,0.07619113090903187,0.0,0.0,0.2865761347891852,0.039195811124242745,0.04351712763309479,1.8051866555478142,2.075651151144678,"Monocyte classical,B naive",0.0029184518287690177,-0.23075592517852783
ENSG00000150867.13,PIP4K2A,0.006161475,0.006161475,-0.06407153606414795,False,0.06561450279419988,2.535212368332013,0.1950750424180101,4.10940244193742,0.2709148421883583,0.009502632543444633,0.05086032673716545,0.09203709419843047,0.0,0.0,0.2784993675757178,0.029035907584765038,0.16172772645950317,1.5203766050835694,1.9000427126649149,"HSPC,Platelet",0.00016546733741730274,-0.06368863582611084
ENSG00000136754.17,ABI1,0.03733106,0.03733106,-0.12367737293243408,False,0.0651291084757952,2.4910385547131133,0.21536058002158098,5.110964420335244,0.18948339823633426,0.010711009614169598,0.0623214915394783,0.07604426834798171,0.0,0.0,0.262311995726238,0.03241295171180769,0.21771332621574402,1.7097351153306604,2.3357534432375697,Pre-B small,1.4195548740686226e-10,-0.02022087574005127
ENSG00000136758.18,YME1L1,0.3831551,0.3831551,-0.3213033676147461,False,0.047346559600940474,0.6352772549617011,0.18077161825011148,7.108336202608524,1.0043625412881374,0.029418960213661194,0.04459581524133682,0.18102708247207813,0.0,0.0,0.14982786214235821,0.09909331411821752,0.14572054147720337,1.4238999691962684,2.3861816096352,Platelet,1.5656442887372127e-147,-0.32112276554107666
ENSG00000150054.18,MPP7,0.1124699,0.1124699,-0.038330912590026855,False,0.058661228614395884,0.8117768208085788,0.30113609826884463,3.128421075951973,0.706013075709343,0.01770133152604103,0.02895844168961048,9.613922867227197e-10,0.0,0.0,0.29358042072126966,0.06997284904203038,0.09135612845420837,2.1959971789399906,1.727371662250658,Monocyte classical,5.6110962210262425e-05,-0.030966520309448242
ENSG00000107951.14,MTPAP,0.20614666,0.20614666,-0.06459760665893555,False,0.02969609910148948,0.641372255050912,0.22481929356239744,5.9456321219723325,1.4543682038784027,0.020581085234880447,0.023349514231085777,4.688863562700753e-05,0.0,0.0,0.40537506062899165,0.08307970843230096,0.0782872810959816,4.076370712439415,1.8352173747375655,,,-0.0449066162109375
ENSG00000170759.10,KIF5B,0.12929426,0.12929426,-0.31950438022613525,False,0.09582452824623283,2.467805326370574,0.2112014488890837,5.888429808757529,0.39465953707695006,0.018965577706694603,0.07929164171218872,0.0877853949227394,0.0,0.0,0.3951557724365812,0.07015297475700066,0.25318723917007446,2.7646803741807364,1.8455585485892125,Monocyte classical,0.005643985971255619,0.007086753845214844
ENSG00000120616.15,EPC1,0.4801398,0.4801398,-0.12138307094573975,False,0.06804377886172498,0.6570650937628373,0.2641026947350376,7.648834218222118,0.8912945964932439,0.03957360237836838,0.05982918292284012,0.2049548346029535,0.0,0.0,0.15202837098684624,0.11822526444995242,0.18624843657016754,1.2828716148539727,2.3009072334747263,Erythroid late,3.0830588445302604e-06,-0.1213756799697876
ENSG00000107562.16,CXCL12,0.01430166,0.01562255,0.8810180872678757,True,48.23328332095213,134.76859244793366,2.5826705592720653,5.055099616593239,0.02241363328881562,0.09885132312774658,7.640881538391113,0.0008402904309647326,0.0,0.0,0.49690186645258944,0.28498501109915964,18.469181060791016,0.10603149256609273,0.5462393740072002,,,0.8810180872678757
ENSG00000266412.5,NCOA4,0.0004699574,0.0004699574,-0.03728032112121582,False,0.1282095799380017,2.841906042789741,0.1831648460105085,3.081991484620295,0.4923756442219019,0.01931903511285782,0.06797701865434647,2.4120452908724313e-23,0.0,0.0,0.25498592116944996,0.06164696546417359,0.20253239572048187,2.240166829673244,1.1791734168287562,,,-0.037277817726135254
ENSG00000171988.18,JMJD1C,0.29252982,0.29252982,-0.10257220268249512,False,0.08963513737131405,1.0033916135752186,0.24210293140568273,6.529513567275027,0.6273353388160468,0.035898081958293915,0.07710814476013184,0.17534654161683513,0.0,0.0,0.28968737506719244,0.1175451119081714,0.24252676963806152,1.6341280939548173,2.140713541175322,Erythroid late,7.686249766974715e-06,-0.09925854206085205
ENSG00000079332.14,SAR1A,0.05903709,0.05903709,-0.07551360130310059,False,0.07413351407046209,1.752116678275282,0.1751707369884493,4.8449744460666695,0.4155624285340309,0.020414911210536957,0.07123266905546188,6.038199732106425e-19,0.0,0.0,0.3962022045365894,0.07195567348381451,0.2186107635498047,2.912659638319866,2.169432315151559,,,-0.024988412857055664
ENSG00000197746.13,PSAP,0.0019976497,0.0019976497,-0.09102141857147217,False,5.630812192673794,111.32692343363918,0.2849975634148746,1.6212623837528923,0.004463371736928819,0.015241658315062523,1.6135075092315674,3.149072186969183e-14,0.0,0.0,0.4932496244605604,0.044423818645420006,3.441281795501709,1.9116327112634626,0.7702355479516523,,,0.008140385150909424
ENSG00000148719.14,DNAJB12,0.3341432,0.3341432,-0.2269514799118042,False,0.020271492565825944,0.5007494488550438,0.2000104031084522,6.662902154729503,1.1133819420138993,0.017009485512971878,0.019338533282279968,0.11516789898959148,0.0,0.0,0.214429063526748,0.05927228102000547,0.06604836881160736,2.4982786066158535,2.327210894712939,Monocyte classical,4.213760496559094e-07,-0.22107243537902832
ENSG00000122359.17,ANXA11,0.09545188,0.09545188,-0.377325177192688,False,0.23839168910375405,3.658216951380145,0.32168214200116263,2.514876097267784,0.10897024378180505,0.018171362578868866,0.07879186421632767,0.050264789012194284,0.0,0.0,0.46159654212656476,0.07887024482304207,0.23180416226387024,3.1687020826259658,1.128847163080155,Monocyte classical,8.211943402727229e-07,0.003538668155670166
ENSG00000223482.7,NUTM2A-AS1,0.0808206,0.0808206,-0.07578957080841064,False,0.016759595908499545,1.009050268202811,0.20614958677160247,5.186695874045674,0.6407740578552088,0.007038630545139313,0.013904640451073647,0.07716121118388848,0.0,0.0,0.12971848640629158,0.02393806982779756,0.04663926362991333,1.8787610810065756,1.9577570845878238,"Monocyte classical,Pre-B small",0.008798086432264077,-0.061495065689086914
ENSG00000095585.16,BLNK,0.05965809,0.05965809,0.004528522491455078,False,0.23433096204749523,4.453954690796081,0.4083964572286944,1.7284479191500868,0.12762840248644353,0.018473828211426735,0.06839295476675034,3.2429599014350505e-26,0.0,0.0,0.3860386739842143,0.06507032605760354,0.18070414662361145,1.7666549005155447,0.8312060131140697,B naive,2.1110914928349634e-07,0.07467526197433472
ENSG00000155229.20,MMS19,0.03247832,0.03247832,-0.06071746349334717,False,0.01902858380370569,0.8828126099051748,0.21625091191725146,4.181907839396559,0.7638936477899552,0.006642292719334364,0.01232560258358717,1.2135674643436651e-17,0.0,0.0,0.17419435295944014,0.022100408871285282,0.03673618659377098,1.4354392448644395,1.8917517678450522,"Monocyte classical,Pre-B small,B naive",0.0039529134353432855,-0.060716986656188965
ENSG00000107521.18,HPS1,0.13589689,0.13589689,-0.0623394250869751,False,0.03369488288005328,1.2352186115603858,0.2030212348048631,5.720411950726433,0.7769850790500641,0.014232021756470203,0.027475472539663315,0.10775804769403695,0.0,0.0,0.08469154273097906,0.050228989513732884,0.09434539824724197,1.345650663868963,1.702598160735332,Monocyte classical,2.482712657749774e-39,-0.056764841079711914
ENSG00000196072.11,BLOC1S2,0.11885462,0.11885462,-0.37831270694732666,False,0.20034786736930701,3.2880990937293686,0.3370745687618904,3.4863760328361617,0.10896391410380601,0.019175514578819275,0.08315074443817139,0.12559837065106544,0.0,0.0,0.3803998539435819,0.0660884865839968,0.25285258889198303,2.1801886986565693,1.2462524646283784,Erythroid late,2.2990466618940596e-08,-0.016745805740356445
ENSG00000055950.16,MRPL43,0.3996436,0.3996436,-0.26086437702178955,False,0.022139219465481082,0.3867722451554436,0.17942684314266188,6.463523066849011,2.041473114490509,0.024472462013363838,0.017382090911269188,0.03380411741888513,0.0,0.0,0.39981019148158914,0.10761156713698483,0.06719524413347244,2.5222327954865253,2.02463917268577,"Plasmacytoid DC,Erythroid late",1.6663425162820267e-06,-0.23319554328918457
ENSG00000198408.13,MGEA5,0.10109008,0.10109008,-0.11724233627319336,False,0.1944064103155321,4.106375264285136,0.415771429626358,2.8694897046195793,0.10245618838816883,0.014666954055428505,0.06763999164104462,0.13933109237840974,0.0,0.0,0.27899453465870394,0.05168648670389686,0.2076718509197235,1.69983719570908,1.0107586975867457,"Pre-B small,B naive",4.5899690982641346e-05,-0.015488862991333008
ENSG00000120029.12,C10orf76,0.21905927,0.21905927,-0.32550251483917236,False,0.01633728459831149,0.3905402983408284,0.1808939656350594,7.042014570603047,1.6037003137171268,0.01600603759288788,0.016243575140833855,0.0992115054582171,0.0,0.0,0.22234826119005408,0.0521845878984073,0.05343996733427048,1.9776347144106174,2.3971670789383435,Erythroid late,0.002470197051326757,-0.32536590099334717
ENSG00000108039.17,XPNPEP1,0.016731704,0.12815714,0.18974179029464722,True,0.11314605274909036,3.0329200534765164,0.23391880687939504,2.1393190292676527,0.6273264303803444,0.013085397891700268,0.028159640729427338,1.797673432816418e-08,0.0,0.0,0.45647651715713145,0.06716248703437878,0.14827579259872437,1.855483172506747,0.7095438259057615,Platelet,0.0,0.21927422285079956
ENSG00000119953.12,SMNDC1,0.07788282,0.07788282,-0.18025946617126465,False,0.04942061910027342,1.4042017024265596,0.2852428840497043,5.188294537743617,0.188564515337348,0.011871591210365295,0.02974752150475979,0.07050556585324869,0.0,0.0,0.05230388656265515,0.03566551120732919,0.10409015417098999,1.7760371912338542,1.6995074265497334,Pre-B small,8.960699207043285e-08,-0.029029488563537598
ENSG00000165813.18,CCDC186,0.06829571,0.06829571,-0.05207633972167969,False,0.22739141808912497,5.069888154377175,0.30404382367718125,2.19854760266806,0.2909018504950735,0.014112253673374653,0.05471084266901016,2.6716696755423383e-12,0.0,0.0,0.4342482417659379,0.04446779213539198,0.20415329933166504,2.5253948518015084,0.7646781086978899,,,-0.041198015213012695
ENSG00000107560.10,RAB11FIP2,0.085026085,0.085026085,-0.055249571800231934,False,0.031982691836849285,0.9168301129080456,0.30566781044526314,6.414091417483345,0.5787139838933946,0.011189492419362068,0.02233204059302807,0.005055160333450848,0.0,0.0,0.24931867842938416,0.04255049812615219,0.06994226574897766,1.9330674747203278,1.8658741556505827,Monocyte classical,0.0004332629471897103,-0.05484592914581299
ENSG00000165669.13,FAM204A,0.07680137,0.07680137,-0.3185536861419678,False,0.07653804385649525,1.9364407267437205,0.17410679437114293,4.578364067692071,0.4686285558342933,0.016647789627313614,0.06154617667198181,0.10181176751327617,0.0,0.0,0.3469626865238553,0.05780288864199078,0.21378035843372345,2.3961272037842805,1.9091510396143694,Platelet,7.650580663831137e-08,-0.062488555908203125
ENSG00000151893.14,CACUL1,0.63106865,0.63106865,-0.2949939966201782,False,0.03359423923208614,0.5330678487732597,0.2688326559906642,5.334710939403447,2.2581170439720153,0.02595365419983864,0.018964264541864395,0.15707018293158628,0.0,0.0,0.13195434339382744,0.08262049538625683,0.06721886992454529,1.1518762761431527,1.475258624537558,Monocyte classical,9.813640771040099e-106,-0.2941180467605591
ENSG00000148908.14,RGS10,0.00079911767,0.00079911767,-0.05404233932495117,False,0.26850782168989845,13.72948923749368,0.24608321387174648,2.64702085187546,0.1093019009505709,0.009645706973969936,0.141344353556633,4.984946836766017e-10,0.0,0.0,0.4052503021979311,0.03267373205914126,0.49769335985183716,1.830415346114215,1.1073327226247676,Monocyte classical,0.00030073576313286983,-0.05393242835998535
ENSG00000151923.17,TIAL1,0.09400462,0.09400462,-0.17058074474334717,False,0.04150990311510105,1.3186893264851756,0.16051483007693687,6.045354420640555,0.3831435739994048,0.01492398139089346,0.042262278497219086,0.05844193176559346,0.0,0.0,0.35948735837861,0.0577581599712218,0.1223360225558281,3.5517293690813396,2.2279929909927594,Monocyte classical,0.005145299736133602,-0.0711052417755127
ENSG00000148773.13,MKI67,0.026208045,0.026021458,0.4816014766693115,True,1.5492664350037808,45.21974091808553,1.748050627502761,10.77203643524589,0.01793893232010305,0.009583222679793835,0.2524159550666809,6.8266421859215654e-12,0.0,0.0,0.4946882944823853,0.043915180219487475,0.8483572602272034,2.2717970412560535,0.582474794164796,,,0.4940236210823059
ENSG00000130640.13,TUBGCP2,0.09442914,0.09442914,-0.025040268898010254,False,0.07884424309722136,0.5922326810492508,0.20345269254154236,2.9048209231373145,1.5628609308600425,0.02912689931690693,0.03228844702243805,3.921812592887107e-06,0.0,0.0,0.47144276858900325,0.14319984751836756,0.11152482032775879,4.9710789571775384,1.6044039662672438,,,-0.008149981498718262
ENSG00000148803.11,FUOM,0.15150598,0.15150598,-0.035927414894104004,False,0.080897696941999,1.5896680432962815,0.2754953532217992,4.363029040492715,0.35517674982547764,0.021022042259573936,0.05593223497271538,0.10385907678709155,0.0,0.0,0.38057366100210366,0.07887804459308256,0.14986258745193481,2.285981359807681,1.6737124238450078,Monocyte classical,1.8166696853970631e-12,-0.004969000816345215
ENSG00000196139.13,AKR1C3,0.005707403,0.005707403,0.07109600305557251,False,1.2065001140874918,31.554290191512397,0.33582138906430664,1.3190623658903247,0.04247244925548633,0.010187153704464436,0.28915637731552124,5.064276066464166e-05,0.0,0.0,0.4901539372160698,0.07535501555712365,0.7826991081237793,6.565597665449365,0.8995421095904698,,,0.07396495342254639
ENSG00000165632.7,TAF3,0.05755831,0.05755831,-0.09021329879760742,False,0.08610533875316295,2.280586631718552,0.3324534655882036,3.0290903713872654,0.16134395688772202,0.012150897644460201,0.0355842225253582,3.218704289012232e-45,0.0,0.0,0.27669308918027413,0.0378110215459726,0.12033797800540924,1.4487170201847515,1.2229627664637885,B naive,8.977867818907498e-14,0.004194736480712891
ENSG00000048740.18,CELF2,0.086442955,0.086442955,-0.08234500885009766,False,0.3406847542774486,5.252161744333268,0.4036786434805934,2.5022751075705187,0.09234963588416573,0.020669564604759216,0.10575427860021591,0.1408547867082616,0.0,0.0,0.3671728279862779,0.07372086961045987,0.33490458130836487,1.8708034547909187,0.9254482291523296,Platelet,3.950851942767985e-156,-0.03452169895172119
ENSG00000152464.14,RPP38,0.037924252,0.037924252,-0.03764379024505615,False,0.013599126841414554,0.5518795660102027,0.23911414297681988,5.0864042013396205,1.8928941297531132,0.008756250143051147,0.007887079380452633,1.2327673519743787e-08,0.0,0.0,0.4672983171897399,0.0383902953015216,0.031074993312358856,6.066983489626101,1.6321262142607162,,,-0.03758120536804199
ENSG00000026025.15,VIM,0.025434874,0.038467422,0.3880230784416199,True,7.808049168027607,27.102391478837976,0.6330882293986272,1.9649834367525367,0.025331417117267847,0.09708507359027863,1.810901403427124,0.24348072934040477,0.0,0.0,0.4847661327000474,0.2623045175231056,4.47023344039917,0.8736830552018943,0.6554588380016846,,,0.41881394386291504
ENSG00000120594.16,PLXDC2,0.021641655,0.12263678,0.030037641525268555,True,0.2564476213103335,3.6281419214184805,0.47741126905632125,1.6779462205742617,0.1564895515143871,0.02311287447810173,0.06978633999824524,0.0043029385241558134,0.0,0.0,0.40654792331050404,0.08183686609770115,0.18526729941368103,1.718161176516043,0.790598139959201,"Monocyte classical,Monocyte non-classical",0.004031569356573901,0.08291351795196533
ENSG00000078403.16,MLLT10,0.1515906,0.1515906,-0.07084536552429199,False,0.01602151046221679,0.6367350306018051,0.22336934611689957,6.199659775343399,1.245603237748146,0.01046197023242712,0.014551474712789059,0.009116558164976186,0.0,0.0,0.3414515186834396,0.03819207721484652,0.0510072335600853,3.4933973616753344,2.2663286635320516,Monocyte classical,0.0015288662289733132,-0.07010221481323242
ENSG00000077420.15,APBB1IP,0.11273236,0.16193013,0.015989363193511963,True,0.14527897293400524,1.855968954595569,0.2965263322134296,6.0862535309464665,0.3981597961485386,0.024690693244338036,0.09441330283880234,0.16357670689762963,0.0,0.0,0.38109388428106217,0.07978908613737623,0.2779597043991089,1.2577630272756495,1.7659662258926283,"Monocyte classical,Monocyte non-classical,Dendritic cell",0.00015848765927059644,0.022415518760681152
ENSG00000099246.16,RAB18,0.031580303,0.031580303,-0.12568509578704834,False,0.09277869904670648,2.0999858740070945,0.30697356477832305,3.7780334049420334,0.12557841762900354,0.011332103982567787,0.04263805225491524,5.185799508251533e-22,0.0,0.0,0.19726148834464535,0.03695810642623698,0.14800521731376648,2.219250235876624,1.7064011456114738,Monocyte non-classical,1.1379395005639382e-10,-0.007961273193359375
ENSG00000095787.21,WAC,0.17363545,0.17363545,-0.1877882480621338,False,0.07326800880234328,1.5947581440248186,0.21635314819341134,5.646820387353028,0.5988623842597007,0.02307971380650997,0.05588192865252495,0.12892758789383169,0.0,0.0,0.2548986686591467,0.0764726536836644,0.1912238597869873,2.112313738660489,1.653954484858466,Platelet,4.284255813901273e-37,-0.1510831117630005
ENSG00000107968.9,MAP3K8,1.1849995,3.6119049,0.17554378509521484,True,0.05803191035701947,0.12403944570944521,0.30607532527510617,6.496208281055191,5.131522900263468,0.1797187626361847,0.04147247597575188,0.18000278714475068,0.0,0.0,0.20241042917769336,0.4943453576364049,0.13461703062057495,1.534178077394301,1.816106431504382,B naive,0.0022128227244228287,0.1883869767189026
ENSG00000095794.19,CREM,0.123266935,0.45796984,0.03758507966995239,True,0.06611726395689212,0.8068021601438544,0.38925232670187004,7.443575632404603,0.8073016183078289,0.026194628328084946,0.043722521513700485,0.14842743150664162,0.0,0.0,0.26288691949725995,0.09075727630055218,0.14436733722686768,1.4785206338754253,1.8718032629397312,Platelet,7.181166891723551e-19,0.08203262090682983
ENSG00000189180.15,ZNF33A,0.40327886,0.40327886,-0.29373276233673096,False,0.019547338241272968,0.40525961949882916,0.20579113370363866,5.98855261072467,2.0107954144477844,0.01676986925303936,0.012509877793490887,6.10212325110635e-18,0.0,0.0,0.3624268555065632,0.06879356877402554,0.042392946779727936,1.6086148151976571,1.9448461040246232,"Erythroid early,Erythroid late",1.3039391586990785e-09,-0.29253077507019043
ENSG00000169826.7,CSGALNACT2,0.100563996,0.100563996,-0.03981757164001465,False,0.1440318701940306,2.9769635910477366,0.3258514458350767,3.695342491764518,0.31084534101188177,0.021092522889375687,0.09143509715795517,0.10064686871964251,0.0,0.0,0.36655022579767127,0.06904848494179028,0.23811817169189453,1.78825853220338,1.4561660482316447,,,0.0345495343208313
ENSG00000128815.19,WDFY4,0.49678782,0.49678782,-0.0910637378692627,False,0.03631686815933193,0.7043340271722731,0.28064088073599963,5.400600045822376,1.3798227787017825,0.020383017137646675,0.022896908223628998,0.14161332890139333,0.0,0.0,0.09402474945599382,0.06323515131389713,0.07269816100597382,1.1238148110422626,1.5948861993462895,B naive,0.005231809986765851,-0.07666027545928955
ENSG00000072401.14,UBE2D1,0.048502166,0.048502166,-0.06903707981109619,False,0.8498929744029012,11.404310153540271,0.5601703705466163,1.435665970901986,0.047949785683304075,0.015392421744763851,0.15167783200740814,0.07072130981573342,0.0,0.0,0.35604023230282267,0.04766245199473195,0.43495792150497437,1.1382829429434018,0.7406266177073669,,,0.1014564037322998
ENSG00000150347.14,ARID5B,0.08094709,0.08094709,-0.2180168628692627,False,0.4920621452349117,9.63789729263086,0.6144936886361141,2.259498315617338,0.049473027270287274,0.014155282638967037,0.13519227504730225,0.18846923717637887,0.0,0.0,0.3140887341692311,0.043984638420845545,0.37519556283950806,1.0092001688051282,0.9437604084421368,Monocyte non-classical,1.3758150448185892e-21,0.19360172748565674
ENSG00000060339.13,CCAR1,0.19355777,0.19355777,-0.28487181663513184,False,0.056218767041205334,1.4350170377225653,0.2069300517005701,5.253383562587228,0.47193296223878867,0.014740106649696827,0.04427345097064972,0.15303587404378002,0.0,0.0,0.2409133771232712,0.047523340507595435,0.12164206802845001,1.3668486746305755,1.8837714914784982,Pre-B small,0.0061215277559449515,-0.1179969310760498
ENSG00000122862.4,SRGN,0.003695472,0.003695472,0.14449799060821533,False,8.93161063539131,158.05315065086737,0.3994645857772608,2.1866398488431784,0.014183274190872907,0.030248356983065605,3.3056509494781494,0.09958498861713724,0.0,0.0,0.49481459935846833,0.08842515204189638,9.49166488647461,1.0918465119673897,0.7260078995559808,,,0.1749446988105774
ENSG00000035403.17,VCL,0.039262027,0.039262027,-0.004856467247009277,False,0.1936202122274443,3.5740748359316146,0.4614408631389519,2.795853444616419,0.11540892742574219,0.017268894240260124,0.0707012265920639,0.050148082219739015,0.0,0.0,0.35773067967750694,0.05992468000791008,0.19376856088638306,1.8195444816259607,1.0882341614903601,Monocyte classical,2.849536013143103e-05,0.008439064025878906
ENSG00000156650.12,KAT6B,0.14622264,0.14622264,-0.1310868263244629,False,0.027488951200693352,0.786441963228966,0.21873222372274997,6.656633517143101,0.6816830281416575,0.013508656993508339,0.025084545835852623,0.1353174732632556,0.0,0.0,0.1620598757902451,0.04726871574945335,0.0820963978767395,1.818626567207809,2.361170672728127,Monocyte classical,9.875037371054252e-05,-0.13108909130096436
ENSG00000156671.12,SAMD8,0.09923696,0.09923696,-0.06264841556549072,False,0.08628912912947415,1.6183121354752847,0.3699229494309524,3.601038033570115,0.33502667769789685,0.013628815300762653,0.035594817250967026,3.0899084511182537e-21,0.0,0.0,0.24866877801418596,0.046789925921404185,0.10805381834506989,1.2989533120239722,1.2449791546118234,,,-0.015526294708251953
ENSG00000171862.10,PTEN,0.047116723,0.047116723,-0.13972723484039307,False,0.13888852810557617,3.0853488900384307,0.4986182746234951,2.9789345310575053,0.1344378545880318,0.013133791275322437,0.04616048187017441,0.0026508423822693273,0.0,0.0,0.2847841753240343,0.0407394341994305,0.1347399353981018,1.5695894242368578,1.0008132235664793,Monocyte classical,0.009550271233660952,-0.011790990829467773
ENSG00000107854.5,TNKS2,0.12535754,0.12535754,-0.1612544059753418,False,0.09390471563814813,2.0376113383056436,0.4081450511138682,3.5162376556306483,0.17697131931781773,0.013887125998735428,0.03707757219672203,0.10939146298478326,0.0,0.0,0.29049357292813643,0.0451005747444011,0.12122644484043121,1.9923958111463849,1.1792886052868876,Monocyte classical,9.922957600475889e-09,-0.06857419013977051
ENSG00000095564.13,BTAF1,0.4616553,0.4616553,-0.24448251724243164,False,0.02843474033093124,0.563928681806875,0.210207805862631,6.478200866676543,1.4378387331962585,0.019723020493984222,0.020575694739818573,0.15614903035308533,0.0,0.0,0.16454772038451898,0.06138343369839382,0.06807433813810349,1.2547008289772301,1.942433677049686,Monocyte classical,1.934065363556279e-10,-0.2307060956954956
ENSG00000152804.10,HHEX,0.018784203,0.018784203,-0.15223300457000732,False,0.3234955022582401,8.631531313256028,0.562508742625859,2.9584564499000434,0.05656303407624364,0.012638288550078869,0.1055741012096405,3.8252179676555816e-13,0.0,0.0,0.46272772851206995,0.05311646889876753,0.2968757152557373,1.8053341326066268,0.9435954895438818,,,0.01636970043182373
ENSG00000138190.16,EXOC6,0.10147259,0.10147259,-0.106484055519104,False,0.022752632711739145,0.8304687175449902,0.2527837566102522,7.408633508593437,0.7334638138612111,0.011979851871728897,0.01905546523630619,0.01208660382999472,0.0,0.0,0.332443272608691,0.05043630623200013,0.07008170336484909,3.3943249116330594,2.086518484664238,,,-0.10214769840240479
ENSG00000107447.7,DNTT,0.0016900593,0.0016900593,0.47648417949676514,False,15.818413969108938,339.0425350433482,0.8517118066414596,2.404225935879406,0.0019357067544478923,0.01346652302891016,3.2871363162994385,1.0556016194742466e-09,0.0,0.0,0.49756319796714216,0.05422143175151106,8.776063919067383,1.13951929444133,0.6856757123250259,,,0.476484477519989
ENSG00000165879.8,FRAT1,0.34931645,0.34931645,-0.07166600227355957,False,0.024278886909588834,0.34459234796490645,0.3161829920375616,5.976059197779086,1.5375754943158886,0.01953825168311596,0.01582985371351242,1.8023353134847748e-19,0.0,0.0,0.2986371847144439,0.06062491523530155,0.047475285828113556,1.3871764747502808,1.9454104746875764,Monocyte classical,0.0012400082250862204,-0.06752634048461914
ENSG00000077150.18,NFKB2,0.49524453,0.49524453,-0.06209242343902588,False,0.05892542529374278,0.9239734971393635,0.31642508476156694,4.204882756649141,1.3850180804729462,0.028581788763403893,0.03198642283678055,0.1984303663391575,0.0,0.0,0.013080241174493135,0.08107469770082254,0.09156418591737747,0.9503255031489923,1.2717625332250515,B naive,0.0004633028495254619,-0.054141998291015625
ENSG00000107872.12,FBXL15,0.026577996,0.026577996,-0.15549325942993164,False,0.07414868426128253,3.3612009893703756,0.3750685681872371,4.565431793063015,0.11533309098333117,0.009666881524026394,0.03960356488823891,0.028226732449790976,0.0,0.0,0.029769620228097805,0.025211001131706712,0.14441901445388794,1.4733024817489515,1.2188588029468297,Pre-B small,0.0011480810750370278,-0.009115099906921387
ENSG00000148834.12,GSTO1,0.0128127355,0.0128127355,-0.035958290100097656,False,0.3492003264592444,5.5863880582300585,0.2925276164387488,3.28463969889511,0.08103231601417063,0.021844537928700447,0.12535381317138672,0.1503480338232034,0.0,0.0,0.39822545138517573,0.06457472539042275,0.47803765535354614,1.8829419438511201,1.0272203472172678,,,-0.03561115264892578
ENSG00000148700.14,ADD3,0.09917606,0.09917606,-0.308229923248291,False,0.11194890804597298,3.117009248121463,0.2937782685991712,4.108250243640613,0.26051487028598785,0.01537446677684784,0.07229422777891159,0.14328817117438525,0.0,0.0,0.289720609356179,0.04872797096520997,0.20764152705669403,1.4794568201701286,1.5085699991515424,Monocyte classical,0.0034124398147276276,0.00613325834274292
ENSG00000119950.20,MXI1,0.10538688,0.10538688,-0.09910619258880615,False,0.2103814287522593,3.8902789150849877,0.30260354373937076,2.7724783288234134,0.52548818141222,0.020923031494021416,0.061715371906757355,0.001124358679955044,0.0,0.0,0.43074434964967756,0.06901054409833973,0.24432343244552612,1.9686134279657133,0.7961177340486424,Granulocyte precursor,4.0501868978966555e-28,-0.09874558448791504
ENSG00000150593.17,PDCD4,0.09346972,0.09346972,-0.052117347717285156,False,0.24744281633412535,3.233615459315937,0.2725407204679138,4.3121602478658225,0.07352385688573121,0.01799607090651989,0.11565148830413818,0.1434996536843113,0.0,0.0,0.44350364055258173,0.07239407377704676,0.3615187704563141,1.5714240703260298,1.7034852304323087,"Erythroid early,Erythroid late",9.04646528855492e-05,-0.010459065437316895
ENSG00000108061.11,SHOC2,0.1635751,0.1635751,-0.08283400535583496,False,0.03924598885283366,0.6288306993929453,0.1779175649863297,4.9091966013939645,0.844514566361904,0.020575549453496933,0.04221021384000778,0.022512998996747937,0.0,0.0,0.3528917788648984,0.07377894184850399,0.1399819254875183,1.578366959338834,2.9361271663595514,Pre-B small,0.004389739787767449,-0.01884281635284424
ENSG00000148737.16,TCF7L2,0.05898212,0.10024183,0.352722704410553,True,0.26938150699494984,5.1447169626333435,0.5490722760991948,5.28161724394028,0.1402229964795212,0.016400476917624474,0.13850009441375732,0.03360238968113687,0.0,0.0,0.3642085294882146,0.04818740049641269,0.3094603419303894,0.6134809055386126,1.4851366819146627,,,0.3806251883506775
ENSG00000196865.4,NHLRC2,0.14442913,0.14442913,-0.12136507034301758,False,0.024249535288988374,0.5904451963333341,0.29401631536916445,7.772909582938835,0.9519460187355677,0.012761667370796204,0.016969600692391396,7.232854498997047e-05,0.0,0.0,0.3612651910479602,0.055785704966854865,0.0635862648487091,2.880488579288671,2.0375999923499553,Erythroid late,5.563274499784883e-23,-0.12004959583282471
ENSG00000120008.15,WDR11,0.24390477,0.24390477,-0.15767395496368408,False,0.03187077153189965,0.7173926664613614,0.24599250499861589,5.3321284593892555,0.9183603152632713,0.017055761069059372,0.02275066450238228,0.03824655085318328,0.0,0.0,0.3334661739547592,0.07265306823789341,0.07760210335254669,3.2556408232820653,1.8593710288921872,"Monocyte classical,Pre-B small",0.0009449088090135539,-0.15649151802062988
ENSG00000107902.13,LHPP,0.08673746,0.08673746,-0.02338230609893799,False,0.14881938204040995,1.1209699879016306,0.247263091017231,1.480138931916673,1.6493841321766376,0.02210213802754879,0.02321591041982174,4.0590378328170664e-12,0.0,0.0,0.47518201679263034,0.16562920460730712,0.10032979398965836,1.0760361915966268,0.7228582684427353,Pre-B small,3.194124391667225e-17,-0.02332746982574463
ENSG00000132334.16,PTPRE,0.07090348,0.1995986,0.18459051847457886,True,0.2107602526138762,2.6663453315381385,0.41489003894198395,4.382848165572495,0.32018767297267914,0.03292502835392952,0.12596724927425385,0.19598623035256527,0.0,0.0,0.3446604359545745,0.10009867108859538,0.3413032293319702,1.2421919471625296,1.4348783698415515,Monocyte classical,0.004142585969654167,0.28571438789367676
ENSG00000108010.11,GLRX3,2.0617921,2.0617921,-0.025117874145507812,False,0.035539199826097836,0.17596530897549317,0.23789185261566884,6.620136228924295,4.32857358455658,0.0758664608001709,0.026290344074368477,0.2633729535977362,0.0,0.0,0.010492500015737462,0.22042076965329827,0.0847996324300766,0.6965567919950667,1.9693341409333658,"Erythroid early,Erythroid late",0.001915580534506803,0.005564451217651367
ENSG00000142089.15,IFITM3,0.009652615,0.009652615,0.38464075326919556,False,3.9890959032347757,41.15542950257445,0.5918791485013429,3.540312513794312,0.018089714703253573,0.02480584755539894,1.6531398296356201,1.3219201469543306e-12,0.0,0.0,0.4953242742848693,0.07397700925462525,4.711333274841309,0.9917967845895223,1.6193039687611819,Monocyte non-classical,0.005196599663850549,0.389423131942749
ENSG00000185187.12,SIGIRR,0.06981735,0.06981735,-0.09129726886749268,False,0.18492467190994866,3.3467559643491565,0.379528798391293,2.435736961157426,0.12590415313839912,0.017330028116703033,0.0650370791554451,0.02489621603535011,0.0,0.0,0.30719133157574496,0.05453696186173219,0.18537122011184692,1.5564920079132556,0.9971925704715322,"Monocyte classical,B naive",0.007736071623389097,0.008622169494628906
ENSG00000185507.19,IRF7,0.024421768,0.024421768,-0.06611549854278564,False,2.3901556646258904,12.795655781169442,0.47046289328000845,1.9698210200351949,0.12951879121363158,0.034219346940517426,0.4577329456806183,6.643523197663561e-08,0.0,0.0,0.49583144647765365,0.1216732890729091,2.6360363960266113,1.5134407062882507,0.8064429058264836,,,-0.06479454040527344
ENSG00000070031.3,SCT,0.01130608,0.010550885,0.40756291151046753,True,3.146925625028151,89.84732305086142,1.7060094762955984,1.173306098633636,0.02816129755228758,0.012330065481364727,0.38310760259628296,5.606109095086752e-07,0.0,0.0,0.4622811776366462,0.03716204639222731,1.2781329154968262,1.2838140787294787,0.3293524798731087,,,0.40756237506866455
ENSG00000181649.5,PHLDA2,0.014189498,0.038349107,0.043620169162750244,True,0.4643469113695336,7.569024836000402,0.5391958602617265,0.9925441420788385,0.3058941140770912,0.016405576840043068,0.08044733107089996,0.0005229653941601609,0.0,0.0,0.4638000603308868,0.06545289458363657,0.2332807183265686,0.502650389116907,0.6478585475169379,,,0.047329843044281006
ENSG00000244734.3,HBB,0.0055078045,0.0055078045,0.7915180623531342,False,174.60140022675083,123.29336606189278,0.7679371383699196,17.374581989247037,0.008464761286353071,0.3041895925998688,57.55747985839844,0.21032436016867564,0.0,0.0,0.4999637786021626,1.0745778457238089,163.10317993164062,0.7665848160219392,1.4109150515782876,,,0.7938473224639893
ENSG00000223609.7,HBD,0.025684213,0.025232479,0.8053279370069504,True,18.130601249085906,46.34785160378245,1.2422188713233995,2.8337654244011605,0.013118736427277327,0.08190128207206726,2.9498538970947266,0.0024604357513668823,0.0,0.0,0.4985509172633357,0.25465012611796567,11.839406967163086,0.874145222075924,0.7771059019904936,,,0.8058760762214661
ENSG00000166340.15,TPP1,0.041463077,0.041463077,-0.1826847791671753,False,0.108593750743454,1.8113087777761698,0.19571023161469567,4.895745109472251,0.2424228071793914,0.014947554096579552,0.08308553695678711,7.964418320653521e-11,0.0,0.0,0.46465144024720945,0.07143802419129486,0.20691829919815063,1.7933643185262,2.367328429178492,Platelet,5.329447268560212e-68,-0.14769303798675537
ENSG00000149182.14,ARFGAP2,0.050092638,0.050092638,-0.1255568265914917,False,0.08633428004480005,2.4437342575198158,0.3774938233207947,3.363940973754348,0.15248964115977287,0.010207242332398891,0.031125836074352264,3.763591416520192e-23,0.0,0.0,0.09178109949959273,0.03225589351564828,0.11651988327503204,1.610333226627802,1.1902272902981554,Pre-B small,0.0024376812304476225,0.0020000338554382324
ENSG00000066336.11,SPI1,0.007053717,0.007053717,-0.17997825145721436,False,2.1787692420856835,39.79508880653661,0.5014297500148609,1.3583925456483452,0.017334213964641104,0.015131915919482708,0.4124692380428314,1.5126101803720429e-30,0.0,0.0,0.4810718342042007,0.04821396829906099,1.1806488037109375,1.1338654103391952,0.5871125815520922,,,0.04595905542373657
ENSG00000149187.18,CELF1,0.28435776,0.28435776,-0.3627758026123047,False,0.042105474954396635,0.8119709249514023,0.17273603201159116,9.035080371031267,0.5750055926293134,0.022772306576371193,0.053365886211395264,0.15923473357528842,0.0,0.0,0.2131488113491421,0.07842746210693853,0.16886037588119507,1.945085432817103,2.994362312221811,Erythroid late,1.7670342222405047e-28,-0.2832603454589844
ENSG00000172247.3,C1QTNF4,0.070151515,0.06979335,0.7262035012245178,True,1.6991075657453345,15.537996815644803,1.2266606399538933,3.3144243293625215,0.0390565986558795,0.026720158755779266,0.32325586676597595,1.7442562466568145e-13,0.0,0.0,0.46987073651017175,0.08633002934799272,0.7439756989479065,0.6888269271122016,0.7415203519913912,,,0.7263287305831909
ENSG00000134809.8,TIMM10,0.06744992,0.06744992,-0.033391594886779785,False,0.24702069551024985,4.584904651006585,0.2726813055758813,2.521536616262386,0.08688337102532387,0.014301473274827003,0.07777605950832367,6.675142450737032e-06,0.0,0.0,0.476636064443516,0.10043213359527316,0.2258204221725464,11.73678700939388,1.129654260840256,Erythroid late,0.00024896256358865185,0.020712852478027344
ENSG00000156603.16,MED19,0.37324023,0.37324023,-0.11312401294708252,False,0.041444421917668804,0.9101511540102628,0.2465206863151304,5.695534368384641,1.2526555866003037,0.018836092203855515,0.02330723963677883,0.12674989362104186,0.0,0.0,0.25007870652711306,0.05790949929179279,0.0872233510017395,1.2317073879857545,1.481030103522743,,,-0.06560850143432617
ENSG00000110048.11,OSBP,0.10240508,0.10240508,-0.04587078094482422,False,0.023025589812437373,0.6659109819570073,0.26127072625337694,4.494194338575685,1.1088247001171112,0.012735549360513687,0.017802724614739418,1.023595678562074e-23,0.0,0.0,0.3827674712414241,0.046403277183335596,0.07020153850317001,2.4356024706070825,2.099194245115519,Monocyte classical,0.00869241475442082,-0.04040849208831787
ENSG00000110077.14,MS4A6A,0.06407665,0.117723025,0.26618826389312744,True,1.1254840518577467,7.27577855661847,0.55506920855531,2.2948803418662673,0.07491045065224172,0.04757639393210411,0.30008959770202637,0.19129983300540462,0.0,0.0,0.44217681961221206,0.15286711480930393,0.7422342896461487,1.3071815216873914,0.825639850639545,,,0.4003116488456726
ENSG00000149532.15,CPSF7,0.16710876,0.16710876,-0.20434129238128662,False,0.031914435170392684,0.7703959633948017,0.21123839337887093,5.027839878592049,0.9907103012502196,0.01692473329603672,0.029597047716379166,0.10890011591918525,0.0,0.0,0.20194024757432522,0.05158610060488611,0.10210925340652466,2.0070608173533593,2.269930536138213,Monocyte classical,2.3081533111212e-06,-0.08159029483795166
ENSG00000167996.15,FTH1,0.03620665,0.038856596,0.6755799949169159,True,9.906822443240717,21.152958799009447,0.8759966519101328,9.642986852650738,0.01983097798191011,0.12985405325889587,3.093949317932129,0.336600157564673,0.0,0.0,0.4947932432257579,0.3590406826276151,8.609394073486328,0.4690668977400162,1.0727468670800373,Platelet,3.953792442451064e-28,0.6791502833366394
ENSG00000162231.13,NXF1,0.0693182,0.0693182,-0.06494951248168945,False,0.045149834515620255,1.160415422934861,0.20006784755899057,5.331146559701871,0.7252265015244483,0.017682846635580063,0.042242709547281265,3.8929101276718026e-20,0.0,0.0,0.3347987535551219,0.06501927246889494,0.13619351387023926,3.519308983904147,2.13586694596336,,,-0.010271430015563965
ENSG00000162236.11,STX5,0.2655184,0.2655184,-0.09066975116729736,False,0.041647259776462976,1.0259266892965166,0.24366124793836236,6.3345151488817955,0.885675522685051,0.0203822311013937,0.03567046672105789,0.13809311691767706,0.0,0.0,0.1422074138899972,0.0659853887281665,0.1148168295621872,2.056276033032653,1.8583098016011301,"Pre-B small,B naive",0.00015076069434460552,-0.04608571529388428
ENSG00000133316.15,WDR74,0.59763104,0.59763104,-0.2567688226699829,False,0.1487337809702337,0.7381244379111221,0.2067743496820448,1.9588397040262988,2.7329059302806855,0.06207793578505516,0.03747973591089249,0.03418145215580529,0.0,0.0,0.43097513530718845,0.23288011048433785,0.1095995306968689,1.2341012833475695,0.8588533134390052,B naive,0.00010497681734455995,-0.23182153701782227
ENSG00000149743.13,TRPT1,0.27230763,0.27230763,-0.15527141094207764,False,0.032480215677344874,0.6528242636772891,0.23524248515090393,5.817609490874688,0.847270205616951,0.015878112986683846,0.024050075560808182,0.11572569077904481,0.0,0.0,0.31450837706236145,0.051384202980411235,0.08210565894842148,1.793763182749952,2.4071844382037333,Pre-B small,5.035212916847541e-07,-0.14598751068115234
ENSG00000068831.18,RASGRP2,0.45619074,0.72852397,0.06263870000839233,True,0.07716052770411858,0.48273168867986066,0.14858691152057862,8.754177535390696,0.9469861654937266,0.06279280036687851,0.10095399618148804,0.16853415092284538,0.0,0.0,0.419206193814002,0.24478133576045558,0.2738887071609497,1.435940285838822,3.3304879196311292,Platelet,0.0,0.20319586992263794
ENSG00000168066.20,SF1,0.17416622,0.17416622,-0.3324604034423828,False,0.06176531612113176,1.5172073591343889,0.16860648946665813,8.797545491325511,0.4683248385787009,0.021181445568799973,0.06716373562812805,0.12088928766528627,0.0,0.0,0.3625766884232974,0.07758375106375225,0.23105505108833313,2.583587989913818,2.5297011426175677,Erythroid late,5.782208354199063e-10,-0.09320259094238281
ENSG00000110047.17,EHD1,0.047467068,0.047467068,-0.12322127819061279,False,0.18515247425623046,4.731441474080501,0.629463938919137,2.074537651878637,0.12960195243358608,0.012623130343854427,0.04602113738656044,2.3961078165891134e-13,0.0,0.0,0.08195327407958575,0.036909771149744586,0.13102570176124573,1.5083743760672825,0.660465303540043,,,-0.0006271600723266602
ENSG00000172500.12,FIBP,0.06045744,0.06045744,-0.3917992115020752,False,0.0689294478317795,2.5327567347483653,0.1525706561752367,4.388751103120893,0.39000802204012863,0.014130868948996067,0.06277237832546234,0.07582774605741954,0.0,0.0,0.4102047055323848,0.05117607259386326,0.1858902871608734,3.5191344052241504,1.8196771320211784,,,-0.01686406135559082
ENSG00000175376.8,EIF1AD,0.117194444,0.117194444,-0.06666278839111328,False,0.03884160861037685,1.373215058585222,0.23950661896704828,4.683435840493859,0.7477474114298823,0.01204624306410551,0.02372203953564167,0.08597915232382529,0.0,0.0,0.05536310130033132,0.034298620704828586,0.07573743164539337,1.3419797274577259,1.637826706990348,,,-0.03384089469909668
ENSG00000174744.13,BRMS1,0.020007968,0.020007968,-0.11520874500274658,False,0.030998417607661807,1.3960018212265706,0.14864537995015914,5.963977093555098,0.3588090382516384,0.008546537719666958,0.03453781455755234,0.002200101652590277,0.0,0.0,0.15442818503141753,0.023552267831108198,0.11621777713298798,1.8285477619477142,2.6053204404139287,Pre-B small,0.002395273797955111,-0.0172121524810791
ENSG00000172663.8,TMEM134,0.24792199,0.24792199,-0.07428431510925293,False,0.07237811762405853,1.4652442801120067,0.23688907274574902,5.17715599954311,0.5580063924193382,0.021941646933555603,0.057016171514987946,0.15734089877501992,0.0,0.0,0.25933048173188267,0.07190918856777274,0.1599172204732895,1.436943753086826,1.9319513672464184,,,-0.013502240180969238
ENSG00000110057.7,UNC93B1,0.73590887,0.73590887,-0.010245919227600098,False,0.04502434222195443,0.4818921353860363,0.26012002228333375,6.118192454996875,1.4111938664317134,0.03842778876423836,0.03859950974583626,0.1595793648873569,0.0,0.0,0.17362863598053674,0.1271411646726559,0.11669011414051056,1.733599967228217,2.0844263802384666,Plasmacytoid DC,3.1958402727201304e-14,0.02911585569381714
ENSG00000110066.14,KMT5B,0.17283182,0.17283182,-0.2076725959777832,False,0.027836495473076598,0.7783364401345254,0.28709131334169535,5.680072950535867,0.838138684961531,0.011493334546685219,0.016531694680452347,3.0751681903805446e-06,0.0,0.0,0.34230345637988413,0.038581446024480215,0.06893610954284668,2.093793924692214,1.8480085210096655,Pre-B small,1.7655495895496434e-08,-0.20735621452331543
ENSG00000110200.8,ANAPC15,0.20717636,0.20717636,-0.3217219114303589,False,0.02134762244035054,0.7281277339500895,0.2131621172428918,7.334938726567059,0.6391961060464384,0.010755039751529694,0.021298766136169434,0.13252374133475286,0.0,0.0,0.06804667542332439,0.0362802921434513,0.07519307732582092,1.8845626701488665,2.7197865865678943,"Monocyte classical,Pre-B small",0.0033346578545498267,-0.1556471586227417
ENSG00000137478.14,FCHSD2,0.2503879,0.2503879,-0.08350348472595215,False,0.04889052660077094,1.1040519783839242,0.31737972906182516,5.5474791584734495,0.5646258002022901,0.01764339953660965,0.03700278326869011,0.16128903203773015,0.0,0.0,0.13634620147548593,0.05104676638239081,0.10638387501239777,1.4030471683469679,1.8091447074074458,Plasmacytoid DC,1.0256433774362285e-05,0.015622258186340332
ENSG00000175582.19,RAB6A,0.056556556,0.056556556,-0.06528210639953613,False,0.06879196653092524,1.6493382676383963,0.3982488866425327,3.7784563938957727,0.21691492483019836,0.012852342799305916,0.027995916083455086,0.08073838992567198,0.0,0.0,0.09152604633885103,0.03753008332937746,0.0867096334695816,1.4176681349383315,1.1603252316576276,,,-0.02652144432067871
ENSG00000149269.9,PAK1,0.039054353,0.22853136,0.04739737510681152,True,0.05727613373129066,1.1910145523202704,0.2833192167780642,4.928378285604281,0.630892630368471,0.01958657056093216,0.04183422401547432,0.1692075834969255,0.0,0.0,0.14858805561915867,0.06279284324774892,0.12424705177545547,1.4729206033205706,1.793313595305342,Monocyte classical,1.2585303775708203e-07,0.07355624437332153
ENSG00000048649.13,RSF1,0.070741616,0.070741616,-0.03234982490539551,False,0.06588843898835273,1.9382304702523494,0.24970416840478868,4.930311726538467,0.3087038711458444,0.013257351703941822,0.05085428059101105,0.1352088422827054,0.0,0.0,0.30273775240878664,0.044728274502024774,0.1682737022638321,1.948021740030676,1.9790891140930023,Platelet,6.413344388138115e-254,-0.019804716110229492
ENSG00000137509.10,PRCP,0.06708841,0.06708841,-0.023078441619873047,False,0.25497905465020376,3.534826257108189,0.2668019524196589,1.8376507991159812,0.5435059006512165,0.02430228516459465,0.0680769607424736,7.0707702778021815e-31,0.0,0.0,0.40558828832495203,0.10415836044695227,0.18987518548965454,1.647335661800378,0.6792633575343114,,,-0.006328463554382324
ENSG00000137504.13,CREBZF,0.32950273,0.32950273,-0.181787371635437,False,0.023440355380460617,0.7315905904070084,0.2530379094528495,5.9653848937679665,0.870372286438942,0.012387877330183983,0.017435239627957344,0.12383554334882603,0.0,0.0,0.15673956956903778,0.04097400117481209,0.055674951523542404,1.9150228525158965,1.9238133736008727,Granulocyte precursor,8.399299121994974e-06,-0.09912598133087158
ENSG00000073921.17,PICALM,0.54134846,0.54134846,-0.05036818981170654,False,0.09996585136491953,0.7055578189075336,0.2892219046244633,5.597808630625816,0.9840276184678078,0.052396029233932495,0.07174966484308243,0.16480965644408943,0.0,0.0,0.36532298480619596,0.16297731856609232,0.18947142362594604,1.3404256898422173,1.8484153925466016,,,0.17269152402877808
ENSG00000109861.15,CTSC,0.087145574,0.23450641,0.14043188095092773,True,0.11271446088647427,1.4185557882151851,0.281251699054979,5.876081902420095,0.5043651579320431,0.029267724603414536,0.07819385826587677,0.1543660417752263,0.0,0.0,0.3440450399950702,0.09849279029033474,0.2534645199775696,1.5717768813431736,1.7936924473565652,Granulocyte precursor,0.00017044058455639404,0.15443933010101318
ENSG00000110172.11,CHORDC1,0.04240887,0.04240887,-0.07143211364746094,False,0.06351375521927341,2.326966061653599,0.22359058002069798,3.963906191002139,0.3777645970135927,0.008715522475540638,0.03178072348237038,5.334129091061725e-06,0.0,0.0,0.28219395341418835,0.025061079873308852,0.12157662212848663,2.265093573863472,1.7045005189027158,,,-0.05387234687805176
ENSG00000166012.16,TAF1D,0.18474597,0.47486633,0.03686445951461792,True,0.0686824225273098,0.625760582270834,0.22833042317847915,7.07853308872511,0.9167526255548,0.04277268797159195,0.06613592803478241,0.23741250124061777,0.0,0.0,0.13355620306276605,0.1285490195216763,0.1798686981201172,0.9305603886855068,2.347395703063624,B naive,0.0012931772452384814,0.03691554069519043
ENSG00000196954.13,CASP4,0.0471253,0.0471253,-0.19815242290496826,False,0.1768374573121361,4.345671108942189,0.3702485748539393,3.4555575145747945,0.0821956354379654,0.012954942882061005,0.07447123527526855,0.14152760771338344,0.0,0.0,0.3073305208717049,0.04271213049333155,0.20900952816009521,1.4757877166168274,1.2598153483399068,,,-0.011441230773925781
ENSG00000137752.23,CASP1,0.06580419,0.22894607,0.17956340312957764,True,0.5047935247047318,3.3221728386447476,0.5549578159419852,1.9485298072189814,0.14159636132419112,0.0367085263133049,0.12249452620744705,0.16321454934830043,0.0,0.0,0.4266039722981801,0.12688616252857798,0.28034162521362305,1.4400727235206734,0.8609554802435668,Monocyte classical,0.0030711763682985775,0.26051145792007446
ENSG00000152404.15,CWF19L2,0.09721587,0.09721587,-0.13470137119293213,False,0.0491086943200553,1.2601949324801198,0.22074185699946786,4.498347463359597,0.5026346933841705,0.013961668126285076,0.04229043424129486,0.11428612040015078,0.0,0.0,0.29334173674318675,0.043069161163707285,0.13023412227630615,1.6110447683714166,2.163264543623037,,,-0.050257205963134766
ENSG00000149308.16,NPAT,0.15771574,0.15771574,-0.08376383781433105,False,0.020520752562799244,0.779928912844763,0.27788029292702543,5.997781210042539,0.9365097939968109,0.010450353845953941,0.014320498332381248,6.184055945706754e-20,0.0,0.0,0.3007781347220053,0.03455136108621959,0.051550764590501785,2.404321554775139,1.8448516078660795,B naive,0.006956094330894689,-0.06047511100769043
ENSG00000160584.15,SIK3,0.47884506,0.47884506,-0.3539212942123413,False,0.018282447233395945,0.40371384629597085,0.19833260951702655,7.86933485300515,1.3350411256154378,0.017463909462094307,0.016787510365247726,0.13734517461537937,0.0,0.0,0.16614532823761302,0.05885384153465622,0.05330483987927437,1.7354431460038735,2.5938723421792815,Pre-B small,2.781409243096227e-05,-0.35073328018188477
ENSG00000160593.18,JAML,0.013736426,0.049231697,0.020873963832855225,True,0.7428374830246314,11.243266241799528,0.625354183763179,2.20227554916117,0.04634589174762368,0.017842475324869156,0.18190543353557587,0.03305251324854422,0.0,0.0,0.4597793338701822,0.06690300111643754,0.44517022371292114,2.270145470360259,0.8635923668218861,Monocyte classical,0.0050980966872887475,0.18492400646209717
ENSG00000110367.11,DDX6,0.18120025,0.18120025,-0.14796030521392822,False,0.04967431766848116,1.2802650863222993,0.20657727478510166,7.89735134000908,0.43722796127200125,0.017034314572811127,0.052498333156108856,0.1344082882593233,0.0,0.0,0.26712865740184827,0.0581658102402116,0.17519062757492065,2.5139958609124804,2.4975204189072993,Erythroid late,2.1815404114835816e-07,-0.06833481788635254
ENSG00000185201.16,IFITM2,0.065461725,0.065461725,-0.024091362953186035,False,0.08041048871672217,2.216078377404739,0.2740651932249675,3.501824036303847,0.30650541801005615,0.009323125705122948,0.04098756983876228,3.679922251822802e-08,0.0,0.0,0.22661678265238877,0.0327246952106075,0.1165117621421814,1.4530553592481414,1.6579190123359835,,,-0.02127528190612793
ENSG00000183020.13,AP2A2,0.06994758,0.06994758,-0.056800246238708496,False,0.016450486993455655,0.5328347140015343,0.23072946747699163,5.134852534326387,1.2340956449508667,0.011998266912996769,0.014097357168793678,3.1185084335177303e-11,0.0,0.0,0.2132590175614728,0.0320515604597329,0.04847322031855583,1.7535560714005483,1.9845825338187677,Pre-B small,0.00794045557884891,-0.04835367202758789
ENSG00000184281.14,TSSC4,0.27912182,0.27912182,-0.22932398319244385,False,0.02693556565029662,0.6304479071176533,0.17956653903222453,8.78171793652251,0.8091898438003328,0.019529229030013084,0.029095236212015152,0.10546925584404275,0.0,0.0,0.2664648489560464,0.07312213509353871,0.10053850710391998,3.182243143314743,2.574334558448473,Monocyte classical,1.3517243568378843e-09,-0.21413159370422363
ENSG00000132286.11,TIMM10B,0.25752005,0.25752005,-0.3277297019958496,False,0.01707448006020153,0.409787117155484,0.1882278572657051,5.476203356228994,2.1420404434204103,0.011903918348252773,0.009169511497020721,5.851280949342641e-06,0.0,0.0,0.4080029239509933,0.03938699613409824,0.0415131077170372,1.4199268218555334,1.8797408731480634,"Monocyte classical,B naive",0.00013190319877462328,-0.32677626609802246
ENSG00000166333.13,ILK,0.8756434,1.3773521,0.6762825846672058,True,0.02816823580978869,0.24848815038496516,0.2527765513377021,7.52525489251992,1.7916257840394976,0.036111973226070404,0.02789083682000637,6.439937623498013e-41,0.0,0.0,0.4768366284525071,0.32112951484299396,0.16562123596668243,6.116461302914068,2.9047483805303096,Platelet,3.3080797280529826e-299,0.7016357481479645
ENSG00000170242.17,USP47,0.23865569,0.23865569,-0.19508051872253418,False,0.028579591975119747,0.8235314765318943,0.23365603672929083,7.37116808323845,0.9636543840169907,0.016762202605605125,0.026961341500282288,0.13732987689091242,0.0,0.0,0.12698903157950786,0.053427343817045184,0.092964306473732,2.101812151483284,2.127686380824837,"Monocyte classical,Monocyte non-classical,Pre-B small",0.009699970718639345,-0.14014983177185059
ENSG00000197601.12,FAR1,0.33680144,0.33680144,-0.07191193103790283,False,0.0751099494594251,1.0221890975425072,0.2740861928213235,6.316104811275795,0.6194618379324676,0.027744116261601448,0.060351088643074036,0.16528867228027322,0.0,0.0,0.24953081316742237,0.08930910832539407,0.18008676171302795,1.555042255267138,2.102721694167853,"Monocyte classical,Monocyte non-classical",0.005306888358421069,-0.01663947105407715
ENSG00000110422.11,HIPK3,0.19649778,0.19649778,-0.2846388816833496,False,0.06801239016466,1.659695167878814,0.3248583357938602,4.660992716037967,0.6166445523500442,0.020198063924908638,0.050769928842782974,0.07441755825162062,0.0,0.0,0.2531290777915491,0.06885965020136453,0.13502928614616394,1.9475969563959215,1.6105731178424358,Monocyte non-classical,0.009106010440287384,0.01721823215484619
ENSG00000026508.17,CD44,0.14850068,0.24713144,0.056699931621551514,True,0.39727289186789616,1.5865990576245899,0.29904021001859177,5.52975980485544,0.4262509649991989,0.08521872013807297,0.28339534997940063,0.27173774464771194,0.0,0.0,0.4091238916837189,0.23302804367105526,0.7097373008728027,0.6785250000368938,1.8863966581588396,Erythroid late,2.947387190446976e-09,0.059940338134765625
ENSG00000166181.12,API5,0.08418236,0.08418236,-0.014261603355407715,False,0.03927901152151498,1.2847498769613097,0.17460556267708557,3.3991336971642805,0.8017392924427988,0.011975366622209549,0.02587789110839367,3.6509610336004407e-07,0.0,0.0,0.4784866140049286,0.11973979737378926,0.08288052678108215,13.598815833068823,1.6819825069442147,,,2.950429916381836e-05
ENSG00000052841.14,TTC17,0.7791342,0.7791342,-0.6874970197677612,False,0.04637580937462314,0.636738075436346,0.25924339796059837,4.909592853340555,1.8194495737552643,0.028453977778553963,0.02267623506486416,0.19086170540345312,0.0,0.0,0.11575734523608361,0.08784382693905358,0.07485436648130417,1.0936724964923785,1.3798940991874167,Pre-B small,0.00014476726254003525,-0.6870994567871094
ENSG00000110492.15,MDK,0.03571107,0.050281573,0.5602441728115082,True,3.0866948186942897,41.376444357645596,2.021266825854441,9.083073756359127,0.025987447053194047,0.01340656727552414,0.23214882612228394,3.0289501353315255e-05,0.0,0.0,0.48779452921335414,0.04971017094329078,1.9198269844055176,1.4014456497789078,0.41850027616747704,Monocyte non-classical,0.0070525448408064895,0.5628495812416077
ENSG00000175224.16,ATG13,0.27191693,0.27191693,-0.22260034084320068,False,0.02103586731316843,0.4610643964268682,0.27259420447618504,7.214967922078861,1.3439826558530337,0.01569000631570816,0.016548266634345055,0.008874666643320749,0.0,0.0,0.28542781511394066,0.06118795763181505,0.06066606938838959,3.1079013421386845,2.287535316178549,"Monocyte classical,Monocyte non-classical",4.472307752816183e-08,-0.22039568424224854
ENSG00000166927.12,MS4A7,0.20224917,0.18613729,0.23660993576049805,True,0.3825859591190528,2.342737430796202,0.42577816170005034,3.7838847711064614,0.32483957480639225,0.037776634097099304,0.16484561562538147,0.04945965580268256,0.0,0.0,0.47144046571014764,0.1101144822195139,0.6014769673347473,0.7028268745080989,1.51672664695138,,,0.23749059438705444
ENSG00000156738.17,MS4A1,0.024916338,0.040689144,0.38247066736221313,True,2.3061841603918567,20.667618304047448,0.8191048549394472,2.8437803573749303,0.0268799738958478,0.03179050609469414,0.5588180422782898,0.22459695041712285,0.0,0.0,0.45365952965553036,0.10116397103755227,1.5927939414978027,0.9715345643745957,0.8100153356323355,"Pre-B small,B naive",0.00140971631338684,0.44326186180114746
ENSG00000204922.4,UQCC3,0.010151596,0.010151596,-0.10371744632720947,False,0.0909733474891214,4.5999415129165575,0.18682863969892458,3.6015864270683244,0.09671146580949425,0.007325990125536919,0.059653911739587784,5.022133046712913e-15,0.0,0.0,0.06552505195596826,0.01791274171903901,0.15817022323608398,1.197069851402776,1.5173071919175483,,,-0.012471437454223633
ENSG00000162222.13,TTC9C,0.17018126,0.17018126,-0.18985581398010254,False,0.013540523464981122,0.352470075111289,0.22540760562031117,6.485618061896599,1.7401431280374529,0.012819693423807621,0.009927078150212765,0.04862025923500147,0.0,0.0,0.27312835471448504,0.047732639832767994,0.03502891585230827,1.6528401305237468,1.9877230297924895,,,-0.18735003471374512
ENSG00000133318.13,RTN3,0.02477559,0.02477559,-0.21134889125823975,False,0.3894793761959678,6.836526557521768,0.41766726381105945,3.259151923969345,0.05681158315390348,0.016732417047023773,0.13695400953292847,0.010773956498308654,0.0,0.0,0.40195405029888764,0.051034955637165876,0.3582295775413513,1.5087710293188314,1.1006867428242753,B naive,4.974333578020446e-05,0.00102996826171875
ENSG00000149781.12,FERMT3,0.001991494,0.001991494,-0.0002180337905883789,False,1.0096449978148743,24.246658678032365,0.1281795275357847,12.949263358883151,0.026992106437683107,0.010974672622978687,0.6708705425262451,4.390242069690387e-16,0.0,0.0,0.4965400459452817,0.033701707741329294,6.125193119049072,0.17863053048574684,2.615672544060818,,,0.00017565488815307617
ENSG00000110011.13,DNAJC4,0.30191162,0.30191162,-0.1764218807220459,False,0.06061135165522168,0.9949872284779108,0.23214312169154133,7.544130675221999,0.5546758815646171,0.027089009061455727,0.059825994074344635,0.1604720804499857,0.0,0.0,0.23392728691051973,0.0872251279819416,0.21263542771339417,1.9540424108221943,2.3028593946958362,Plasmacytoid DC,5.336723643498347e-23,-0.13176512718200684
ENSG00000173511.9,VEGFB,0.041516334,0.09983129,0.19658279418945312,True,0.3708204474612313,5.369537833941019,0.6034858162004971,2.9268506311757783,0.0782317150756717,0.015868565067648888,0.09584216773509979,2.3504462984212912e-20,0.0,0.0,0.3995438454341882,0.04931380268173679,0.2286287248134613,0.7936531133043998,1.0123357460867877,,,0.23640137910842896
ENSG00000173486.12,FKBP2,0.028973171,0.028973171,-0.045162200927734375,False,0.4393429489193204,7.2524409828541865,0.22274743131853603,3.208992803515544,0.13657089322805405,0.016141066327691078,0.15167483687400818,1.490577156909628e-10,0.0,0.0,0.4822956301951039,0.050347396597749665,0.8479405641555786,1.8382069541951214,1.2098393870442774,,,-0.03258991241455078
ENSG00000173264.14,GPR137,0.07552949,0.07552949,-0.05881154537200928,False,0.024062513755378778,1.005644113460603,0.2697779972237875,5.370890954638026,0.5403069466352463,0.009269272908568382,0.018013346940279007,0.02070737434766495,0.0,0.0,0.22755004817718605,0.030212547378356325,0.06709064543247223,1.8115080625531634,1.8404123248068986,,,-0.04982864856719971
ENSG00000149823.8,VPS51,0.027653383,0.027653383,-0.3068655729293823,False,0.1028060290691479,3.4837294388413236,0.30209086259567797,4.123589984605806,0.09517138380557297,0.00998159684240818,0.049555908888578415,0.05503627519175857,0.0,0.0,0.13809095933216892,0.02870907755952312,0.15972040593624115,1.412139047953771,1.4251186740327944,,,-0.009562253952026367
ENSG00000245532.7,NEAT1,0.016004821,0.023156015,0.3899695873260498,True,5.672758227148191,28.132938412546977,0.47780799867336504,3.9574039882597023,0.012264089081436396,0.06318312138319016,2.4342634677886963,0.25829376491343037,0.0,0.0,0.4900328175398559,0.17195444063830578,5.084924697875977,0.7148588864303933,1.304253876563175,Monocyte classical,3.9749317531130155e-05,0.41007786989212036
ENSG00000251562.7,MALAT1,0.5038637,0.5182454,0.49621230363845825,True,31.26832566187327,0.5986624551746165,0.30475127292163556,19.99999955296519,0.24067466855049133,12.428951263427734,23.238956451416016,0.6932055741632611,0.0,0.0,0.49800992751341283,36.899148384613,62.38227462768555,0.11623417420847194,3.1232022770979584,Pre-B small,0.00010962833176630626,0.7103715240955353
ENSG00000142186.16,SCYL1,0.062189337,0.062189337,-0.047040343284606934,False,0.02128501898403784,0.7996688517020681,0.20854534979291367,5.995928387590174,1.309412696957588,0.013452884741127491,0.016952073201537132,1.9482103366153455e-14,0.0,0.0,0.3563995658829205,0.05313479409031619,0.06572598218917847,3.686369896338494,1.7166217920781432,Platelet,5.892277273462295e-48,-0.04620850086212158
ENSG00000173442.12,EHBP1L1,0.038800135,0.038800135,-0.09195053577423096,False,0.2763609516198046,5.089373192452816,0.5135460498380331,2.535816469272713,0.0773861292377114,0.012332786805927753,0.07530085742473602,6.672369682651897e-20,0.0,0.0,0.3721511169953202,0.0464937814563382,0.235831156373024,1.7887349577106075,1.028318377697191,Monocyte classical,0.0002646816687455489,-0.030301451683044434
ENSG00000174903.15,RAB1B,0.04405421,0.04405421,-0.04757988452911377,False,0.034929924847558386,0.9780572224552285,0.19648468944587444,4.431824038104049,0.4052314491569996,0.011444968171417713,0.026689672842621803,2.0271584360760127e-33,0.0,0.0,0.4373606071777008,0.049715141890215975,0.10443001985549927,1.6539640812212228,2.0437022750361833,Monocyte classical,6.137729891752908e-74,-0.04359626770019531
ENSG00000173992.8,CCS,0.022830531,0.022830531,-0.07807636260986328,False,0.07965371516561842,1.8044495006805286,0.1550337484752894,3.7404990424659,0.41144657135009766,0.015659116208553314,0.05518509820103645,1.371739110447934e-09,0.0,0.0,0.25039380093758656,0.04812997713145251,0.17425620555877686,2.266028829157566,1.9530340549274083,,,0.0008900761604309082
ENSG00000173120.14,KDM2A,0.56552213,0.56552213,-0.27383697032928467,False,0.052789432012837145,0.6908220914168283,0.2869682959232383,5.29419076801035,1.6924965381622314,0.032341256737709045,0.02961834706366062,0.1825745952773009,0.0,0.0,0.11111666268401377,0.09855436330887814,0.09864798188209534,1.077511709981049,1.391960746418122,Monocyte classical,2.6832072579014717e-06,-0.2613663673400879
ENSG00000173020.10,GRK2,0.2896994,1.0794904,0.03926050662994385,True,0.036822135443401516,0.20453238896284157,0.1554711654802256,9.573702636253532,2.060839177966117,0.07109838724136353,0.04890336096286774,0.20138824381036022,0.0,0.0,0.1942819924467868,0.21672008291364975,0.14526450634002686,1.1996743058840813,3.489032098958662,"Granulocyte precursor,Monocyte classical",1.7219879279064304e-06,0.04070281982421875
ENSG00000172932.14,ANKRD13D,0.14846194,0.4675045,0.13595694303512573,True,0.0926618691967035,0.954805834152686,0.3675652125095969,5.329017847806441,0.99651003241539,0.03824927285313606,0.054408226162195206,0.14546010480648408,0.0,0.0,0.26175742056018203,0.11787701550946396,0.15759330987930298,1.4003404177738306,1.4188517954791076,"Granulocyte precursor,Monocyte classical",3.6075807276600534e-06,0.1805132031440735
ENSG00000172613.7,RAD9A,0.16340786,0.16340786,-0.10953140258789062,False,0.018489545141831015,0.7355652217092271,0.22032464416278097,5.641399790445215,0.9860373294353486,0.009757784195244312,0.014707867987453938,5.843323220958801e-05,0.0,0.0,0.3136447741874435,0.03258157992515365,0.05493057519197464,2.1154795716337356,2.0158470352004425,B naive,0.0006154449442476471,-0.08326351642608643
ENSG00000175463.11,TBC1D10C,0.54230636,1.4012703,0.06212186813354492,True,0.07172957050353168,0.34058153547123005,0.28471108774191434,5.62612333321623,2.5472953468561172,0.08049219101667404,0.0469641350209713,0.2640485857396428,0.0,0.0,0.08640221367773393,0.20747136452339282,0.13322189450263977,0.7614970134022255,1.6852787163253033,,,0.06260979175567627
ENSG00000175634.14,RPS6KB2,0.026159283,0.026159283,-0.17574703693389893,False,0.07860159276842317,5.135717038979724,0.15906520940158736,3.1383928248597828,0.35474369443953035,0.010869803838431835,0.04550231248140335,1.4808354727376876e-35,0.0,0.0,0.07464954660163131,0.035959172500814596,0.1484750509262085,1.8682207631955747,0.9747232909353881,B naive,9.966466319225465e-06,-0.015526890754699707
ENSG00000110719.9,TCIRG1,0.1308397,0.1308397,-0.009583353996276855,False,0.14930064928477263,2.6217571645111035,0.32388076835649243,2.810301185244867,0.4273413009941578,0.026169560849666595,0.07501664757728577,0.10378450180294636,0.0,0.0,0.26184181056473904,0.07925002287009654,0.21105599403381348,1.8951549857977426,1.0933740215132575,,,0.0958871841430664
ENSG00000110075.14,PPP6R3,0.18125436,0.18125436,-0.1449345350265503,False,0.02228480741893586,0.7504231042482797,0.2273839390939902,5.528794264625022,0.8308523833751678,0.011844027787446976,0.018282387405633926,0.03611295744821316,0.0,0.0,0.2796186648315975,0.042144161145323274,0.07051004469394684,2.5884247053977045,2.2374026886630016,,,-0.12198984622955322
ENSG00000085733.15,CTTN,0.36239383,0.757379,0.9445790536701679,True,5.351457977409583,4.24296974501337,3.296601388783754,4.895968794445178,0.5954445205628871,0.173063725233078,0.22888393700122833,1.0146859304405103e-15,0.0,0.0,0.4918082096809405,1.619012902628299,2.2498834133148193,1.7175597351363354,0.2671729813718475,Platelet,1.6684527720258089e-06,0.9445848576724529
ENSG00000172890.11,NADSYN1,0.44943336,0.44943336,-0.4069681167602539,False,0.02097299442718756,0.35956006168193444,0.1944627334611598,6.370737061049934,1.753438696861267,0.02170848473906517,0.017549388110637665,0.12523844662703185,0.0,0.0,0.17922339782893237,0.07217493401196862,0.05838131904602051,1.8700111847605378,2.135918270382947,Monocyte classical,0.0005113597619168306,-0.40538573265075684
ENSG00000054967.12,RELT,0.09781283,0.09781283,-0.023298144340515137,False,0.13218082952638974,2.318647853586411,0.32933982519343874,2.811299444883018,0.38769429251551635,0.020423971116542816,0.06453374773263931,6.365727895349867e-18,0.0,0.0,0.3413676039580785,0.07396994040644289,0.1842094212770462,2.222291033277547,1.2264628713462418,,,-0.001051783561706543
ENSG00000198382.8,UVRAG,0.14719722,0.14719722,-0.22245430946350098,False,0.11581321997754161,2.615492483104557,0.4468218931500596,3.31722218068341,0.14738141946494587,0.013852913863956928,0.04441198706626892,0.15033469731257376,0.0,0.0,0.08881946839531024,0.04149411588577845,0.13025307655334473,1.4853123362431084,1.1031843860122368,B naive,1.5120985345825357e-15,-0.0358576774597168
ENSG00000078124.11,ACER3,0.10326608,0.10326608,-0.08029067516326904,False,0.040095696970967896,1.0297031674396344,0.24716290233090704,4.077228434493534,0.6486217314501602,0.014147503301501274,0.03493497520685196,0.07153432720090454,0.0,0.0,0.21171207843600176,0.0426154120394564,0.10122272372245789,1.3681546980140324,2.1582965462276382,Monocyte classical,6.872986105208008e-08,-0.032534241676330566
ENSG00000165494.11,PCF11,0.23126657,0.23126657,-0.1616445779800415,False,0.06610201162134836,1.4217791034037373,0.2766931377817666,4.845891173999365,0.7016466468572616,0.020840086042881012,0.04009727016091347,0.12691051710856105,0.0,0.0,0.19244353943347475,0.07006839306404976,0.12863437831401825,1.8273561536671084,1.4919758606796791,Monocyte classical,3.021595674726815e-11,-0.15402650833129883
ENSG00000168876.8,ANKRD49,0.23008032,0.23008032,-0.151833176612854,False,0.08298500463654171,1.7097069196446322,0.33260744180985685,5.430140210142984,0.5231213804748323,0.018523452803492546,0.04268808662891388,0.10720564522789312,0.0,0.0,0.18768338908101123,0.0582216539778564,0.1296812891960144,1.5066471320361776,1.4153127013263573,"Granulocyte precursor,Monocyte classical",2.260489161700349e-05,-0.04155135154724121
ENSG00000263465.4,SRSF8,0.0074099572,0.0074099572,-0.03563201427459717,False,0.07467009078971593,2.697278900684029,0.23315083089000666,4.047480669198182,0.18756638590246433,0.007949702441692352,0.046727705746889114,7.946896691906415e-21,0.0,0.0,0.13740888758400815,0.019095483057822493,0.15876443684101105,1.32665746896989,1.7744940066874655,,,-0.003087639808654785
ENSG00000023445.13,BIRC3,0.031721413,0.079797834,0.0290524959564209,True,0.3317478225217007,6.122263118283597,0.5563058982552318,2.4662730057818405,0.07333696592599151,0.014234736561775208,0.09171245247125626,0.16312105187820578,0.0,0.0,0.31419669513059445,0.048770086266109576,0.22602492570877075,1.2795363593577382,0.9245788380433728,Monocyte classical,3.4173100092488534e-07,0.0841972827911377
ENSG00000110330.8,BIRC2,0.097808264,0.097808264,-0.20689940452575684,False,0.12380694306635347,2.2149609356037265,0.23899209545946387,4.340973635203227,0.25231734402477735,0.01721085049211979,0.08355863392353058,0.16194964960898078,0.0,0.0,0.33323598469638654,0.05699212804689591,0.23162324726581573,1.3731251599658334,1.9727198669779251,,,-0.10546410083770752
ENSG00000149311.18,ATM,0.38881713,0.38881713,-0.16824758052825928,False,0.056041991122387044,1.060473451137734,0.2697271412770703,4.883254665204932,0.9428389786183833,0.022356081753969193,0.036100685596466064,0.18806217567981764,0.0,0.0,0.04951869341725316,0.0651753492021041,0.10347269475460052,1.0604460026124276,1.5227196770590463,,,-0.12405335903167725
ENSG00000166741.7,NNMT,0.0077616414,0.0077616414,0.7744777500629425,False,130.63737251900184,2622.817789468977,25.539151136016425,1.3369591059610961,0.0018615834263619037,0.01054331287741661,2.676063299179077,1.5243239992488621e-05,0.0,0.0,0.4897599083457346,0.04832742312422012,5.944097518920898,0.4311478841316644,0.09216411971207732,,,0.7744777500629425
ENSG00000076043.9,REXO2,0.055690568,0.09358229,0.4911227822303772,True,1.5142849492610522,7.764021987333845,0.5380570710670981,2.798697241729385,0.05460078865289689,0.04962798207998276,0.4930914044380188,0.2793220816286946,0.0,0.0,0.47942146718810014,0.1563725071288502,1.2290751934051514,0.5670612326106786,1.2187784505720605,Erythroid late,0.0005419223852699927,0.5412810146808624
ENSG00000167257.10,RNF214,0.09510605,0.09510605,-0.06636369228363037,False,0.025662427290845342,0.5023412658235206,0.1969290245091244,3.813743354015945,1.8798501348495484,0.013567453250288963,0.012503981590270996,9.526270750608304e-16,0.0,0.0,0.3579660102517237,0.044482434763708056,0.05003289505839348,2.3494085286597457,1.7472773998380524,Monocyte non-classical,0.004824054792359381,-0.06018805503845215
ENSG00000118058.20,KMT2A,0.13332705,0.13332705,-0.09083390235900879,False,0.03253573705918321,1.2268231136891055,0.2225548754787825,5.583153789308471,0.6406603756546974,0.012756988406181335,0.02742912247776985,0.07498097091893592,0.0,0.0,0.2821368181867041,0.04942270797258886,0.09197264909744263,2.8859445070191923,1.9778199443448061,Monocyte classical,0.00010171741311817579,-0.08843982219696045
ENSG00000256269.7,HMBS,0.026295772,0.029366478,0.4409458637237549,True,1.7306435213453262,20.765680444054592,1.1514344607755,13.796325450678525,0.07029878966510296,0.019099503755569458,0.4632320702075958,0.01199435196441358,0.0,0.0,0.48216937989138436,0.06438920775555347,0.9449290037155151,0.4461692008166932,1.0737756147968187,,,0.45224297046661377
ENSG00000137642.12,SORL1,0.3066049,0.3066049,-0.04811227321624756,False,0.07424331164823535,1.2296761924994688,0.35728841213111673,4.925681220945378,0.6547111734747887,0.02132163941860199,0.041223738342523575,0.17735583805966113,0.0,0.0,0.07937924854949524,0.06689171540179117,0.126582071185112,1.2527556161837445,1.4225591206086388,Monocyte classical,0.00012382038515001116,-0.03807222843170166
ENSG00000154144.12,TBRG1,0.25650662,0.25650662,-0.2895604372024536,False,0.032914750965434565,0.8966655900883459,0.23309796735704202,5.9757162715693415,0.7233880519866944,0.01681596413254738,0.028476495295763016,0.12807688362889566,0.0,0.0,0.12409136055389736,0.057688014158131296,0.09334245324134827,2.4625647981127106,1.9593966482915506,Monocyte classical,1.7028477588073185e-05,-0.2601773738861084
ENSG00000151702.16,FLI1,0.06711874,0.06711874,-0.04024958610534668,False,0.12205855219713278,3.29653551902816,0.3411195252181914,3.038834096699013,0.26730500087141984,0.014857834205031395,0.06128116697072983,0.011667930405085816,0.0,0.0,0.372838388478564,0.06043390027069328,0.18252360820770264,3.0442163928280572,1.2511626700818215,Granulocyte precursor,6.094079418911861e-20,-0.009890437126159668
ENSG00000084234.16,APLP2,0.09759635,0.09759635,-0.3933272361755371,False,0.23483254974765513,2.4409176814542763,0.1843464256492755,8.383281432860128,0.12489085625857116,0.027346786111593246,0.25290513038635254,0.21903118940157756,0.0,0.0,0.42423098954480726,0.08701238263860488,0.6077078580856323,0.8637225779221783,3.36929861586388,"Erythroid late,Pre-B small,B naive",0.002501347411288187,-0.15282750129699707
ENSG00000073614.12,KDM5A,0.17757644,0.17757644,-0.16535699367523193,False,0.04389885736916619,1.3960206001761528,0.22367419446779713,5.95732054537385,0.7081483657658096,0.017224077135324478,0.03611920401453972,0.102870061029306,0.0,0.0,0.1919208078001703,0.06000732270219842,0.11813604831695557,2.5208722990720487,1.8182151681415835,"Monocyte classical,B naive",0.0025151235424124073,-0.11270773410797119
ENSG00000111642.14,CHD4,0.08997818,0.08997818,-0.05889582633972168,False,0.0933219940449139,2.3883395033317107,0.2366170821155023,3.6539034582285246,0.32802722156047825,0.014522818848490715,0.05423468351364136,0.007755517700285686,0.0,0.0,0.38692145035163844,0.060871185262531206,0.1457861363887787,2.0662547271136305,1.4072544708046528,"Granulocyte precursor,Monocyte classical",0.009899417020797774,-0.042645931243896484
ENSG00000111644.7,ACRBP,0.049846485,0.062724754,0.9455143585801125,True,4.265274365099541,5.654289391674766,0.359425766829623,17.375588378899028,0.06575597450137138,0.1523222178220749,2.4323010444641113,8.155476663710749e-07,0.0,0.0,0.49806644216120843,0.612705049032769,10.789746284484863,0.27511644594799534,2.6895941365393523,,,0.9455144219100475
ENSG00000059804.15,SLC2A3,0.050456885,0.050456885,-0.11661684513092041,False,0.9802972984869043,4.6898891800006375,0.23435288891670786,6.6896818434757135,0.16162798181176186,0.05488026514649391,0.5093201994895935,0.05849044508328081,0.0,0.0,0.49857759789701844,0.16705638475295093,2.7428946495056152,1.8292320089298084,1.929375377967528,,,-0.07951104640960693
ENSG00000110848.8,CD69,0.02309772,0.042663973,0.2678430676460266,True,1.177941601464029,10.754660488567566,0.5566516228822921,4.485543517073873,0.08376298469491303,0.03280584514141083,0.5277495384216309,0.1748771054088656,0.0,0.0,0.4667790600964673,0.09709873178400043,1.4794573783874512,0.8748709288576917,1.2180265810894964,Pre-B small,4.041942822289143e-05,0.2721654772758484
ENSG00000110852.4,CLEC2B,0.02058725,0.02058725,-0.00498652458190918,False,0.377954963266169,7.915350897908054,0.3734137795673993,2.464418266969616,0.19224552584812044,0.019879426807165146,0.1682939976453781,1.2212369596261328e-21,0.0,0.0,0.4698098630012423,0.07480225535126017,0.44957399368286133,3.1100321531339965,1.069533934547054,,,-0.0032590627670288086
ENSG00000172243.17,CLEC7A,0.10282133,0.17699774,0.5586913228034973,True,0.7355768169765107,3.9164217159605994,0.5104330866308756,3.8077163776245984,0.2615646643191576,0.072669617831707,0.3289929926395416,0.2492512701068376,0.0,0.0,0.35680164051938923,0.19054752720470877,0.8847761154174805,0.7536409478726196,1.0458722246792032,,,0.5671768486499786
ENSG00000060138.12,YBX3,0.020295283,0.060394444,0.06076115369796753,True,0.6528892679020151,5.144508726491955,0.3510604448483642,4.084910208954881,0.12794600117951632,0.029957080259919167,0.277258962392807,0.12762702663592101,0.0,0.0,0.4870125137364049,0.11131422305147431,1.0978584289550781,1.4551205018689268,1.54203913895324,"Monocyte classical,Monocyte non-classical",1.549101134745619e-05,0.07015371322631836
ENSG00000121316.10,PLBD1,0.020956669,0.020956669,-0.06576275825500488,False,0.6522218716016017,7.267651108596978,0.4471981989261011,2.189283816528689,0.13754844071343536,0.023281389847397804,0.23992544412612915,4.74769334199217e-16,0.0,0.0,0.42656180516883424,0.06661634611740563,0.6736299991607666,1.116718844491007,1.0938783588479337,,,0.06838279962539673
ENSG00000004700.15,RECQL,0.06521399,0.06521399,-0.06772196292877197,False,0.03271237822340242,1.3109384054691287,0.2010078193825585,4.5088061566065845,0.6426255726814272,0.012389636598527431,0.02283039316534996,2.402167524691794e-17,0.0,0.0,0.36187546281389554,0.051483404238780395,0.07504407316446304,3.1675154664822744,1.4583462598478147,Erythroid late,2.5837085819970767e-25,-0.06762468814849854
ENSG00000111731.12,C2CD5,0.21017723,0.21017723,-0.08918631076812744,False,0.01673036268942277,0.4458431714661974,0.2522876727739099,6.0867992448237995,1.2433133036891624,0.013659102842211723,0.013906508684158325,0.0022559040424775783,0.0,0.0,0.3248507395813508,0.05013005512586589,0.0501120463013649,2.8625287860404294,2.283567323740238,,,-0.08911490440368652
ENSG00000123104.11,ITPR2,0.26925245,0.26925245,-0.15272223949432373,False,0.04785901631720122,1.0215887423174235,0.33927722987306064,5.493121817841145,0.668093885829051,0.015321307815611362,0.029029186815023422,0.09682095977352798,0.0,0.0,0.18764657003911056,0.05140117636896056,0.10126425325870514,1.894224098480605,1.669188674854889,Pre-B small,2.0358665282094578e-07,-0.039643168449401855
ENSG00000139146.13,FAM60A,0.090546064,0.11983687,0.0141105055809021,True,0.1201362815551068,2.381376485974632,0.3997775554570004,3.239039373836699,0.16014049038290978,0.013855180703103542,0.04390834644436836,0.018305694534810554,0.0,0.0,0.39550403661383915,0.04367100757822584,0.15031349658966064,2.014668519632231,1.2674112102123287,Pre-B small,3.1087638781690337e-06,0.0894160270690918
ENSG00000015153.14,YAF2,0.18922952,0.18922952,-0.09859442710876465,False,0.040015160938033395,1.070002332598986,0.24638943536978386,6.2123931806286,0.8861314326524734,0.01715930551290512,0.03195107728242874,0.06886145068459235,0.0,0.0,0.2873066644778405,0.060293429218808196,0.11586080491542816,2.864176520491537,1.8957386780666652,"Monocyte classical,Platelet",0.00038508564463521117,-0.04098916053771973
ENSG00000129317.14,PUS7L,0.21152659,0.21152659,-0.16172254085540771,False,0.027671670642709614,0.7118346319419027,0.1777132226288589,5.392221632012932,1.0016266778111458,0.018037697300314903,0.02279563806951046,0.0882906405290058,0.0,0.0,0.1945557168051142,0.07228433011472467,0.08098232746124268,2.1649542753681184,1.841957689771883,Erythroid late,1.0623913005092011e-08,-0.15206146240234375
ENSG00000151239.13,TWF1,0.12469463,0.12469463,-0.09121561050415039,False,0.021715803879983526,0.7602877517488112,0.2468867383274764,5.2837209685585025,0.9832155883312226,0.011755090206861496,0.016140276566147804,9.2123083541879e-20,0.0,0.0,0.24958247898807512,0.042241707180047605,0.05353045463562012,2.749456588865192,1.8962532132156869,Monocyte classical,0.006411334743664316,-0.07539236545562744
ENSG00000111371.15,SLC38A1,0.09166645,0.09166645,-0.08762705326080322,False,0.26563442511485796,5.423392612489073,0.5003628807224092,2.2943064672639273,0.09246667508035897,0.015212570317089558,0.07773546129465103,0.14018662888054945,0.0,0.0,0.29302541846195895,0.04833995371708166,0.20501156151294708,1.456224687175687,0.8277946318812882,B naive,0.0005262565695566206,0.09262353181838989
ENSG00000134294.13,SLC38A2,0.2864533,0.2864533,-0.33151423931121826,False,0.12524463763628152,1.5358138027403112,0.29540223489627293,5.98509700295397,0.44666150443255903,0.0326986089348793,0.09864600747823715,0.18531408612852313,0.0,0.0,0.3254102603890675,0.09995443954258576,0.2830885052680969,1.4154909359719254,1.9643174901801852,"Monocyte classical,Plasmacytoid DC",1.5265196141078355e-05,-0.01387929916381836
ENSG00000247774.6,PCED1B-AS1,0.07279367,0.07279367,-0.06645119190216064,False,0.45309578783978455,8.81295634831756,0.7884213511719667,1.8902596970098027,0.06829194501042368,0.01179270539432764,0.0815916582942009,0.1384098000893298,0.0,0.0,0.2827093921415652,0.03769748551462726,0.21194607019424438,1.1212255814564684,0.6729207445989266,Monocyte classical,0.00013425741498797162,0.08947908878326416
ENSG00000123416.15,TUBA1B,0.011633204,0.012239298,0.10523402690887451,True,4.0322155117729555,20.199023045301274,0.32010898535734117,5.379814373716225,0.022420143827330326,0.029872886836528778,2.3084051609039307,0.10924838987361626,0.0,0.0,0.497935635865377,0.12332413755880012,8.719361305236816,1.549711030972756,3.11516686027994,Pre-B large,1.4424533921028537e-15,0.12602174282073975
ENSG00000110934.10,BIN2,0.045458652,0.06102614,0.23210012912750244,True,0.8669692047911002,7.133124806120501,0.4249343232211674,9.032174673970507,0.0920684481660525,0.01984270103275776,0.22270521521568298,5.640883733874682e-07,0.0,0.0,0.49559136366659773,0.12585731329962613,2.099740505218506,0.7891344961194401,1.4947666329493936,,,0.2727104425430298
ENSG00000123405.13,NFE2,0.0014063357,0.0014063357,-0.000813603401184082,False,0.14966492309207832,10.171998235449031,0.2598097357281718,2.0798863473680806,0.13433653749525548,0.0048427889123559,0.05677824094891548,0.04532020931022421,0.0,0.0,0.38492882517615506,0.01524935472254052,0.14073601365089417,0.0,1.0977181163263563,Monocyte classical,0.0,-0.0001671314239501953
ENSG00000258199.1,AC073896.4,0.3701268,0.3701268,-0.277992844581604,False,0.02239460850262307,0.47292915369487915,0.22906975193026474,8.28511284038648,1.3931614458560944,0.014152005314826965,0.015237292274832726,0.012588852589181824,0.0,0.0,0.36744058260672796,0.0514773391292187,0.05832609906792641,1.8570398806999426,2.2766365837108555,Granulocyte precursor,1.5721194193449889e-18,-0.2779639959335327
ENSG00000181852.17,RNF41,0.08353652,0.08353652,-0.02335500717163086,False,0.12558798285445666,2.218088391888917,0.278329833116927,3.9298544756632947,0.2761055824905634,0.013875753618776798,0.05063215643167496,0.0034055602244901528,0.0,0.0,0.4498214327830379,0.040180748543602984,0.20582957565784454,2.0174480442640137,1.5565130423097993,Pre-B small,0.00112274724828809,-0.00837087631225586
ENSG00000076108.11,BAZ2A,0.03632235,0.12179801,0.04741489887237549,True,0.24101471016992201,3.1097365375498196,0.3345677673623046,4.884056875111369,0.25540987549970545,0.02470952272415161,0.11456171423196793,0.13166526250506844,0.0,0.0,0.4490721351877733,0.08311458651027694,0.41316795349121094,1.7088576792393255,1.4199147174110955,,,0.053279221057891846
ENSG00000123329.17,ARHGAP9,0.075278334,0.075278334,-0.25626516342163086,False,0.1020669289313185,2.610017040475805,0.3253898934793343,3.631276765092944,0.31274580538272856,0.01212931890040636,0.05904759466648102,0.03320412783841559,0.0,0.0,0.3529839976536847,0.03423401767649992,0.18273593485355377,1.6051354119451262,1.598732004775203,,,0.01818305253982544
ENSG00000175197.11,DDIT3,0.042902526,0.042902526,-0.07980191707611084,False,0.21717164875694814,4.058398241654452,0.35202283937428896,2.6596817990155723,0.14616976529359815,0.012315753847360611,0.08846933394670486,9.627476815923742e-19,0.0,0.0,0.3264686874732864,0.04023903085791237,0.28280800580978394,1.488703528540718,1.365440587751096,Monocyte non-classical,4.767089053374212e-10,0.002479374408721924
ENSG00000257764.2,AC020656.1,0.46217135,0.4887567,0.8830763101577759,True,38.31504401040737,2.948332975739195,1.2819793770035213,3.6123418726180314,0.24451288416981698,3.4994635581970215,6.762410640716553,0.2614553245178388,0.0,0.0,0.4990285049335444,10.17620137280676,21.0537166595459,0.6414286727920435,0.6554257862749272,Granulocyte precursor,0.001212589559956383,0.8832721933722496
ENSG00000133858.15,ZFC3H1,0.27765116,0.27765116,-0.18107986450195312,False,0.04304664328123972,1.0568894009995287,0.2852664665840196,4.721265318471894,0.9579552263021469,0.018074186518788338,0.02735782414674759,0.12801750658563346,0.0,0.0,0.15320360197972754,0.05722691003520852,0.08309251070022583,1.6443666796654883,1.5037738790561994,Monocyte classical,0.0002733270232090486,-0.13073992729187012
ENSG00000058272.16,PPP1R12A,0.23489352,0.23489352,-0.21996665000915527,False,0.047683606857982466,1.1605438050012955,0.1967974117125036,7.059311192429852,0.705625131726265,0.01931125670671463,0.04105138033628464,0.14529144428461221,0.0,0.0,0.09352902256073647,0.061300707776879904,0.14628729224205017,1.6354238453099366,1.9713731847335687,,,-0.17419195175170898
ENSG00000133773.11,CCDC59,0.052307315,0.052307315,-0.11612164974212646,False,0.0538484853422197,1.5304944911344973,0.1795843356198308,4.52924868173384,0.4552154287695885,0.013748782686889172,0.04681434854865074,0.08887576744605709,0.0,0.0,0.2542280717628156,0.04556412445959701,0.14123940467834473,2.0341200544473157,2.2247588318975513,,,-0.045395612716674805
ENSG00000198707.14,CEP290,0.08500552,0.08500552,-0.036753177642822266,False,0.023172722853008865,0.9455369759818945,0.22740870920206452,5.311480700606834,0.9395309360325337,0.010831828229129314,0.018763406202197075,1.95062043235356e-05,0.0,0.0,0.486024578213575,0.08324781466815524,0.0613296777009964,15.556416242797638,1.9007259091653073,Plasmacytoid DC,0.0018382623144180229,-0.03669476509094238
ENSG00000139318.7,DUSP6,0.007494886,0.019307299,0.11656200885772705,True,1.982227022349134,17.771732804626037,0.9235809137730716,2.961789244427419,0.029650589777156712,0.020444978028535843,0.39820370078086853,5.873337934801967e-13,0.0,0.0,0.48623916230934733,0.08454276984611876,1.203444004058838,1.46336792269704,1.043757410075527,Monocyte classical,6.315171045994593e-05,0.141090989112854
ENSG00000070961.15,ATP2B1,0.081324115,0.13113767,0.236413836479187,True,1.055695780357564,6.263241787639482,0.7070638548604639,3.08690423188968,0.07644235242158176,0.04263664036989212,0.2635425627231598,0.1854160335466846,0.0,0.0,0.46156426710978793,0.13079835830243167,0.7508018016815186,1.3556156582262422,0.9398949057081949,,,0.3161430358886719
ENSG00000011465.16,DCN,0.8944159,0.85057145,0.959035012871027,True,2.042698240056245,2.687209508329032,2.3555979165178305,5.858739136582163,1.3031301498413086,0.28237682580947876,0.35754045844078064,0.0003112727455248186,0.0,0.0,0.4123619394904728,0.7200906191474132,0.8444000482559204,0.21091395447427536,0.47118844328494935,,,0.959035012871027
ENSG00000133639.4,BTG1,0.0044067777,0.0044067777,-0.17261779308319092,False,4.970966801322675,49.19510037344284,0.4429850623228655,3.143342039907504,0.019836175558157268,0.027164343744516373,2.1568593978881836,0.11824888826186532,0.0,0.0,0.4951217382848829,0.09264197078028857,5.038644313812256,0.8648195740591116,1.2450777325427929,Monocyte classical,2.5564261434404925e-70,-0.17257344722747803
ENSG00000111670.14,GNPTAB,0.6450908,0.6450908,-0.3897852897644043,False,0.03266857125074495,0.6009927477603193,0.2706377840086071,5.830757897307289,1.5861217975616455,0.02475355565547943,0.023409510031342506,0.13830413370647185,0.0,0.0,0.11291265915103565,0.08246580859494301,0.07558605819940567,1.9880844939004525,1.6935524781889146,"Monocyte classical,B naive",0.0024397902179689353,-0.3221898078918457
ENSG00000110880.10,CORO1C,0.21246657,0.21246657,-0.37942421436309814,False,0.044757799357011956,0.7678531376582816,0.22749190349207868,7.535691525883536,0.8603567987680435,0.02369496040046215,0.03993423655629158,0.13549186578544367,0.0,0.0,0.28349287757871733,0.08231923597365753,0.12366452068090439,1.9352239780395473,2.3046264940435655,Platelet,4.128705067425558e-30,-0.3771209716796875
ENSG00000089234.15,BRAP,0.11352956,0.11352956,-0.13509762287139893,False,0.023720941391663627,1.0370795851207077,0.2596284836554076,6.062014675687293,0.5711496450006963,0.008544882759451866,0.01832703873515129,0.07594227950206775,0.0,0.0,0.23228572123201724,0.03156928220648192,0.06097710132598877,2.1871152055587606,2.068112109301121,Monocyte classical,2.1212630066829784e-05,-0.08271491527557373
ENSG00000173064.12,HECTD4,0.13564612,0.13564612,-0.15435492992401123,False,0.021068619255354342,0.7306690308312417,0.28402947667081885,6.9024327339934075,1.012770748237769,0.008951369673013687,0.011720826849341393,0.06629416883744636,0.0,0.0,0.34043012272935247,0.026932983563203727,0.04503803700208664,1.5505438726283325,1.7920415103669476,,,-0.15431535243988037
ENSG00000123064.12,DDX54,0.0081923725,0.0081923725,-0.0003434419631958008,False,0.13312721084772455,4.141100804870306,0.2517728316678406,3.3322403390362627,0.1168129448220134,0.0077765341848134995,0.0733962208032608,1.2242824699029501e-22,0.0,0.0,0.4524234379007024,0.0207094766825886,0.3020390272140503,2.193003730310286,2.002391132141526,Pre-B small,0.0003617740507861377,0.0032675862312316895
ENSG00000122965.10,RBM19,0.03557174,0.03557174,-0.054968833923339844,False,0.020052413177827584,0.7687750084246148,0.2302116267740862,4.40631572148257,0.6091472290456296,0.007904311642050743,0.01430607121437788,3.94067018807878e-27,0.0,0.0,0.3904349360083673,0.02445643356542737,0.06441017985343933,1.9828058003408842,2.130057785142188,Pre-B small,1.0463255906819707e-08,-0.051580071449279785
ENSG00000135116.9,HRK,0.025908021,0.07502246,0.31369590759277344,True,0.8359092412200901,8.664846046799612,0.6648777537697911,2.0001499541073633,0.05803083641454579,0.02416899800300598,0.19678936898708344,9.106766763646052e-14,0.0,0.0,0.43986980850546914,0.07845107956018628,0.4792400002479553,1.5900385989589845,0.82558004273976,Pre-B small,0.008223026475586563,0.3152615427970886
ENSG00000088992.17,TESC,0.010031782,0.010031782,-0.018312573432922363,False,0.7130252020017159,28.61925578720438,0.3179758643408994,1.627345335120053,0.0578748216231664,0.007953685708343983,0.14201009273529053,3.7851369178599176e-25,0.0,0.0,0.42696645560111685,0.020474468358418818,0.4570866823196411,1.567995240298094,0.6238676414931692,,,0.04419708251953125
ENSG00000157837.15,SPPL3,0.08902063,0.08902063,-0.11807072162628174,False,0.025134448370570356,0.7507655748006838,0.24724496135346177,4.4044052227606825,0.6017631679773331,0.010869444347918034,0.01833360083401203,2.49732771320305e-38,0.0,0.0,0.22551695911259423,0.03489955974909309,0.07392387837171555,1.3582960138159264,1.9257030147757384,Granulocyte precursor,1.2244349014412465e-07,-0.05652618408203125
ENSG00000111011.17,RSRC2,0.16147453,0.16147453,-0.18170201778411865,False,0.10231538556254384,1.500549191065527,0.19607859382398374,7.506162105190183,0.3295938352495432,0.02392181009054184,0.09187375754117966,0.19658145287176182,0.0,0.0,0.2500782024179941,0.07248986235388342,0.3087034821510315,1.2506313687101476,2.30350790481262,Pre-B small,0.0013073094643849114,-0.16525578498840332
ENSG00000139697.13,SBNO1,0.14110972,0.14110972,-0.17971515655517578,False,0.03708606530328913,0.9477653341939914,0.2105062697139135,5.79205134083325,0.4761951133608818,0.013879136182367802,0.03570372983813286,0.16028873324291645,0.0,0.0,0.10442823789089434,0.04203160349510737,0.11155061423778534,1.4803762020876243,2.4428277521145536,Pre-B small,1.3479635493329505e-08,-0.1104586124420166
ENSG00000111450.13,STX2,0.061610416,0.061610416,-0.0003050565719604492,False,0.02857922540225328,1.2499795422074795,0.18991358767419572,2.5832694550656745,1.0791616925597194,0.008758019655942917,0.013208101503551006,3.846480041174643e-10,0.0,0.0,0.45128661781701257,0.026041996738917376,0.07806248962879181,0.8180564706595703,1.2065117885957795,"Monocyte classical,Erythroid late",1.0785566107269677e-11,0.009904205799102783
ENSG00000176915.14,ANKLE2,0.11193082,0.11193082,-0.12127029895782471,False,0.024407830427381472,0.9797882021494668,0.196001176359576,5.074596880451911,0.8574369132518769,0.012133859097957611,0.02193453721702099,0.05204201750351813,0.0,0.0,0.11911008342262136,0.04028575458235117,0.07924211025238037,2.42481640557142,1.9141916487923352,Platelet,0.002086114236421194,-0.08732664585113525
ENSG00000090615.14,GOLGA3,0.06670583,0.06670583,-0.06483829021453857,False,0.027980685817647472,0.797205299614203,0.22331034755636767,3.883702214702411,0.734754550457001,0.011153561994433403,0.018595479428768158,1.8673093171763004e-20,0.0,0.0,0.16612396975265442,0.035162738209240985,0.056514475494623184,1.5192029336318347,1.8822016222116218,Granulocyte precursor,0.002472157569144535,-0.05447542667388916
ENSG00000006831.9,ADIPOR2,0.014652789,0.014652789,-0.027332186698913574,False,0.04047875639320987,1.912898618994678,0.19226096578898458,2.558307085828723,0.7175873664021493,0.007884151302278042,0.01903502270579338,3.7682060313609987e-10,0.0,0.0,0.29065565705097884,0.023463612068634454,0.057764932513237,2.2465845039875276,1.2020353044928858,,,-0.02663886547088623
ENSG00000010278.12,CD9,0.0027194917,0.0027194917,0.022733688354492188,False,4.540337381264933,88.40007064194812,0.5396003409118918,2.443798960270852,0.012858690249267966,0.0123367914929986,1.359967589378357,2.7982999213057167e-07,0.0,0.0,0.4968254881497519,0.04445202631562095,4.867677688598633,0.7220433813560271,1.068875026414935,Monocyte classical,0.00011337471397999598,0.02341359853744507
ENSG00000111640.14,GAPDH,0.013452308,0.013452308,-0.44494736194610596,False,5.246425691717097,42.83664231838542,0.3509717703065014,3.652958486495464,0.010828474406152963,0.0425289124250412,2.1306726932525635,0.20896569957276567,0.0,0.0,0.490409373053083,0.11969766457525564,6.097222328186035,1.1799496753708958,1.1695452590539124,"HSPC,Pre-B large",0.0004022196673408255,0.22775954008102417
ENSG00000010610.9,CD4,0.03211602,0.03211602,-0.11638844013214111,False,0.6014248625090097,13.201678903432244,0.6577522531561029,1.9894028672860997,0.04208381116390228,0.012798047624528408,0.1436913013458252,0.03588105598183704,0.0,0.0,0.4429989139373011,0.03568621765046487,0.3257836103439331,0.9917746633731573,0.728971914086234,,,0.06976866722106934
ENSG00000111678.10,C12orf57,0.21049675,0.21049675,-0.3107919692993164,False,0.5521020500901499,0.7670317296748682,0.18020581369358402,2.3184183201539077,2.1425388595461845,0.16002033650875092,0.12939566373825073,2.80344627274007e-36,0.0,0.0,0.4828427297398153,0.6600642646465927,0.46950435638427734,0.058300883859992325,0.9036170369145907,"Granulocyte precursor,Monocyte classical,Erythroid late",0.002572373173913667,-0.30368566513061523
ENSG00000166532.15,RIMKLB,0.068633325,0.15271258,0.10505443811416626,True,0.13452102026229182,2.4808965543288433,0.5269824027665367,3.246745887153453,0.14873102791607384,0.011892519891262054,0.03778105974197388,0.0004085145855222821,0.0,0.0,0.34220353559017874,0.03899989701388607,0.13751991093158722,1.6367289443649282,1.15248184844228,Pre-B small,0.004724318021413231,0.11614400148391724
ENSG00000069493.14,CLEC2D,0.06004649,0.15969591,0.2295379638671875,True,0.5031791891275715,5.195306553641601,0.5392246840922058,2.557980760542693,0.08730906475335362,0.028766566887497902,0.15567916631698608,0.21476789033251487,0.0,0.0,0.36394217791212624,0.08308080139826847,0.3579093813896179,1.0555654196259787,0.9375054235090852,B naive,1.0129104036190973e-10,0.32236331701278687
ENSG00000172322.13,CLEC12A,0.5947114,1.0224874,0.1647825837135315,True,0.08883212517942851,0.5470821450954862,0.3443226590132268,4.026719988774366,2.3050379270811874,0.06409948319196701,0.04346225783228874,0.20754535880054642,0.0,0.0,0.04933192400592849,0.18962590626880882,0.1300981044769287,0.9447135726641835,1.1968743047719888,Monocyte classical,8.429787226266725e-06,0.16478455066680908
ENSG00000139112.10,GABARAPL1,0.056804102,0.1336345,0.21871531009674072,True,0.35417010430644164,4.3791775758285505,0.37496967185666114,2.5236817480681304,0.2968343164771795,0.031148597598075867,0.1285465657711029,0.18045929517407508,0.0,0.0,0.34229611355771605,0.09346887979248297,0.3691027760505676,0.9993291655911312,0.9423872522018696,Monocyte classical,0.00561245653794005,0.21962743997573853
ENSG00000178878.12,APOLD1,0.07392655,0.07392655,-0.024283409118652344,False,0.1500989319782309,4.074070565256281,0.3188790882638003,2.5064514113755547,0.2590331733226776,0.011004501022398472,0.04460712894797325,1.7496109319259136e-21,0.0,0.0,0.30016400343790484,0.03318304002704053,0.13340672850608826,1.5859879398153982,0.9475803956120592,,,0.011486351490020752
ENSG00000134531.9,EMP1,0.22091128,0.24808624,0.6907868683338165,True,1.0046717180208011,4.592062842671807,1.1292528442016223,14.069335938585613,0.2919447326660156,0.03252739831805229,0.1208866685628891,1.1140094967291865e-05,0.0,0.0,0.4942771693914873,0.3866722740058322,1.5550174713134766,12.697391394907005,0.7707827339799022,Monocyte non-classical,0.007030425762359452,0.6936738193035126
ENSG00000171681.12,ATF7IP,0.15209492,0.15209492,-0.05902528762817383,False,0.03956010849570332,1.2242220534590111,0.2636071992425625,4.811128647824459,0.6997447165846822,0.015844834968447685,0.02955007739365101,0.10354648168116178,0.0,0.0,0.1400536205852736,0.04789237009990454,0.09224700182676315,2.176534814062618,1.777286582175264,,,-0.019785404205322266
ENSG00000246705.4,H2AFJ,0.9420173,2.0462296,0.5142554640769958,True,0.08483131940900807,0.21244960967539694,0.273829745597061,7.204114008009403,2.6608052531878155,0.1516350507736206,0.06748376786708832,0.1885194390762821,0.0,0.0,0.25171927563818675,0.4635401494854818,0.21414248645305634,1.442742985447329,1.9950532695608758,Platelet,0.0,0.5288716852664948
ENSG00000121350.15,PYROXD1,0.08794078,0.08794078,-0.06881344318389893,False,0.02679562405765606,0.7625896753391636,0.24344319533747438,4.039720160191079,0.9450655639171601,0.012345950119197369,0.020575156435370445,0.03576533227281259,0.0,0.0,0.16933940268598452,0.037941495229993905,0.06810007989406586,1.7182549809044663,1.96684526821105,,,-0.03988313674926758
ENSG00000111711.9,GOLT1B,0.05436903,0.05436903,-0.03953266143798828,False,0.045542262391718914,1.2455552170066726,0.2208525521357163,3.821569551648208,0.43115891069173806,0.013436426408588886,0.03163096681237221,0.007969379417997672,0.0,0.0,0.27940277022386273,0.04777999319540483,0.10405607521533966,2.0571846653787746,1.701015269907792,Monocyte classical,2.5075474216623595e-06,-0.032359957695007324
ENSG00000139163.15,ETNK1,0.06724683,0.06724683,-0.08576667308807373,False,0.029518558715674742,0.9776074721440021,0.19033977873746105,4.486523347618757,0.7353781409561635,0.011577913537621498,0.02479705773293972,0.06740426686256877,0.0,0.0,0.21394705248966983,0.03504587270229731,0.08357321470975876,1.8527843541248676,1.971731869037141,Platelet,0.00015414019711903053,-0.04466581344604492
ENSG00000118308.15,LRMP,0.4838765,0.4838765,-0.12676191329956055,False,0.05258366489354345,0.7276641436966048,0.26570279659887286,4.996594029512869,1.2790202920138833,0.030330022796988487,0.03610377386212349,0.14362258689358065,0.0,0.0,0.18080471855656677,0.09801169053127888,0.10690675675868988,1.8199134947856133,1.6358704106991868,Platelet,7.608258940044855e-09,-0.10869169235229492
ENSG00000174718.11,KIAA1551,0.11794421,0.11794421,-0.047471046447753906,False,0.03614684043161795,0.9527225721248147,0.2741337512882883,5.139343866220991,0.967388704419136,0.017183827236294746,0.025756502524018288,0.005926152870286038,0.0,0.0,0.3693774396768613,0.063482996427906,0.07812108099460602,2.854643354075633,1.6322573289856195,"Granulocyte precursor,Erythroid late",0.005003882187381016,-0.04663693904876709
ENSG00000188906.14,LRRK2,0.09129939,0.32266694,0.23360180854797363,True,0.1498106641252446,1.4475479411272538,0.3534747867046259,4.180871362080324,0.7195340502262118,0.04372242093086243,0.08188071846961975,0.13538700828119854,0.0,0.0,0.35211956890371443,0.14026355582134895,0.2396966516971588,1.5539158139297264,1.2937324004636848,Monocyte classical,0.00731501100689859,0.2423498034477234
ENSG00000189079.15,ARID2,0.17061938,0.17061938,-0.11929440498352051,False,0.02489812611402676,0.9258129045089637,0.256137194170511,5.392453844852924,0.7820140287280082,0.01238162163645029,0.019395414739847183,0.12364002773235469,0.0,0.0,0.101347118225393,0.03952807887733955,0.06455996632575989,2.391391471192112,1.7554418027571788,,,-0.11607873439788818
ENSG00000123338.12,NCKAP1L,0.19088885,0.19088885,-0.21988153457641602,False,0.07447955451902465,1.6832033585931085,0.2876183931792444,4.502824223938141,0.42457160900036506,0.018135936930775642,0.05058268457651138,0.14338510153674178,0.0,0.0,0.26110451237216903,0.06221682823543517,0.1486760973930359,1.9150097898577938,1.719148533174081,"Monocyte classical,Pre-B small",0.005102573313436898,-0.08145022392272949
ENSG00000123353.9,ORMDL2,0.06387126,0.06387126,-0.03277289867401123,False,0.06291495412432088,0.6786571201791678,0.17564807883990635,2.7579587597437216,0.9750373061001301,0.019814208149909973,0.02738320454955101,2.2071409734547966e-05,0.0,0.0,0.45390468739345785,0.09742882120007933,0.08712942898273468,2.9501788523870403,1.7454617933849867,Erythroid late,2.8717770612765328e-08,-0.014287710189819336
ENSG00000166987.14,MBD6,0.46562397,0.46562397,-0.22827661037445068,False,0.01642135992971741,0.28957907748017453,0.17837164276061265,6.603117138098196,1.5170462189118066,0.01839965209364891,0.015352791175246239,0.03245001617182787,0.0,0.0,0.3105764629661116,0.06349494795325937,0.047279343008995056,2.0523568041589693,2.8814462769882603,Monocyte classical,7.685586039356342e-13,-0.22488808631896973
ENSG00000135506.15,OS9,0.17845233,0.17845233,-1.0915429592132568,False,0.08322514094752999,2.157753024794666,0.23325367919593554,5.208299326846407,0.39916047513484954,0.016626529395580292,0.06341782957315445,0.14195764845779835,0.0,0.0,0.28185926900326913,0.05147908787137112,0.1951775848865509,1.5854779854329477,1.7676978932104117,Plasmacytoid DC,4.014403575597601e-06,-0.08759629726409912
ENSG00000135655.15,USP15,0.5792817,0.5792817,-0.3633209466934204,False,0.04412424072449447,0.5191184117444954,0.20193092590841388,5.961099844750356,1.2773287385702137,0.033158980309963226,0.03679777309298515,0.21518454047045238,0.0,0.0,0.03283006301234594,0.106831918158532,0.11250743269920349,0.9720250684987792,2.030848535369593,"Monocyte classical,Erythroid late",0.001225932465690113,-0.3576148748397827
ENSG00000061987.15,MON2,0.22541533,0.22541533,-0.2051774263381958,False,0.03161968691018924,0.8713697153668006,0.2710730985275739,5.501080906275281,0.9172261555989583,0.014810728840529919,0.020722372457385063,0.07378759821225547,0.0,0.0,0.1991271707938727,0.05280142381707265,0.06812980026006699,2.38084361153855,1.6859702123105456,Monocyte classical,8.343888324434192e-05,-0.2017301321029663
ENSG00000183735.9,TBK1,0.34259477,0.34259477,-0.18872356414794922,False,0.035417568333999505,0.6958697774193402,0.23839019903320455,4.9366911222509104,1.337535152435303,0.01936931349337101,0.02508893795311451,0.11528328109390579,0.0,0.0,0.2324741026233142,0.06322971144624036,0.08422743529081345,1.8415611199964987,1.8614015650044533,Monocyte classical,1.167544551757193e-15,-0.0289461612701416
ENSG00000153179.12,RASSF3,0.03655879,0.03655879,-0.04493093490600586,False,0.25377662274369134,6.692454620597424,0.6443746066353689,2.130848636041193,0.08271096557378768,0.010916677303612232,0.062363315373659134,0.053154596876276404,0.0,0.0,0.2849772627742452,0.03491830625403125,0.17669443786144257,1.560149047079746,0.7499466469003834,"Pre-B small,B naive",0.001525640533888004,-0.02229905128479004
ENSG00000127314.17,RAP1B,0.052023597,0.052023597,0.0023643970489501953,False,0.31516424966638207,3.6984433489499757,0.2287727554770442,3.5599675626997356,0.18166695920129616,0.023697035387158394,0.1179414764046669,3.363714036511319e-06,0.0,0.0,0.4969919519470144,0.09027250846417799,1.0501981973648071,5.524677522694264,1.2816347071742713,Platelet,1.9880433260051986e-47,0.0029038190841674805
ENSG00000135679.22,MDM2,0.4015777,0.4015777,-0.1341484785079956,False,0.04583193946896576,0.6481230849712045,0.29199637639754134,7.360175001045804,0.8176964312791825,0.01956457830965519,0.029309909790754318,0.037205599952744736,0.0,0.0,0.3382942914382975,0.07847896009301181,0.1086714044213295,2.658106358783777,1.9812519887960187,Pre-B small,0.002868741856643086,-0.08700823783874512
ENSG00000090382.6,LYZ,0.00040407322,0.00040407322,-0.1544126272201538,False,97.50173237958053,1136.167074069782,0.9093916661372766,2.4446813669867216,0.0005776597594376653,0.021880382671952248,17.044933319091797,0.007083756175599714,0.0,0.0,0.4996836808779445,0.07748256310121215,48.5890998840332,1.8353288702720338,0.6856432181519035,,,0.14070266485214233
ENSG00000166225.8,FRS2,0.17510553,0.17510553,-0.11158859729766846,False,0.02615504685513659,0.7469879332604983,0.25736756194834576,5.2536002509571755,1.0299769885010188,0.013448183424770832,0.01574067398905754,3.5414908460962396e-17,0.0,0.0,0.3707840213874103,0.04998092133089526,0.0585164949297905,2.7647620577824648,1.6452633534625405,,,-0.11040186882019043
ENSG00000111596.11,CNOT2,0.2384204,0.2384204,-0.13961684703826904,False,0.04693461530119709,1.1598760940635393,0.21553661174913505,5.689995333797021,0.9612879502773279,0.021570589393377304,0.033322300761938095,0.06618548674469836,0.0,0.0,0.3719052450574225,0.0865804503985501,0.11663825809955597,2.800660873894007,1.6121158236396662,"Monocyte classical,Pre-B small",0.0004063577710229355,-0.1118016242980957
ENSG00000080371.5,RAB21,0.1298324,0.1298324,-0.18061888217926025,False,0.08751545807332035,1.7332486541693517,0.4044800912610183,3.619546538769475,0.20003956675529483,0.014381542801856995,0.03396967425942421,0.12724677631136783,0.0,0.0,0.13629818992796633,0.046792114648511074,0.10240050405263901,1.6990792181760823,1.197297569694505,Monocyte classical,1.688078366374571e-12,-0.07524216175079346
ENSG00000139354.10,GAS2L3,0.09598078,0.09598078,-0.009129166603088379,False,0.06702369045788023,2.8175135313588524,0.358155777191233,1.7643819736215496,0.8181170225143433,0.008959684520959854,0.016427388414740562,7.591672740416662e-08,0.0,0.0,0.28150357967632,0.025102523046194317,0.05802847445011139,1.150990522236392,0.6832806575928599,,,-0.006031155586242676
ENSG00000139372.14,TDG,0.06175192,0.06175192,-0.08562815189361572,False,0.07422933539236608,2.350451601277306,0.22717354486096333,4.230687461414962,0.32355559120575583,0.010287893936038017,0.04080534353852272,0.007140021728198309,0.0,0.0,0.13215515018518598,0.0328929301582459,0.13387343287467957,1.3576127783191438,1.687482433117495,"Erythroid late,Platelet",0.0006781198047698032,-0.04296600818634033
ENSG00000136051.13,WASHC4,0.34287235,0.34287235,-0.07811379432678223,False,0.06158757816606506,0.8889736663726646,0.2951056175978702,5.960955579909207,0.838831092864275,0.02779756300151348,0.04697375372052193,0.17086316982824012,0.0,0.0,0.2206684727743804,0.0880014513369094,0.14327947795391083,1.5528136204634126,1.900901664883828,Pre-B small,8.947015851337182e-05,-0.0590592622756958
ENSG00000076513.16,ANKRD13A,0.066180035,0.066180035,-0.10788750648498535,False,0.0988816004402322,2.570496863293579,0.40873290752493346,3.2024569436480936,0.1389437263458968,0.012301240116357803,0.04183230176568031,0.09995041790862316,0.0,0.0,0.17256542392640722,0.04063489469923898,0.1151321679353714,1.8952387754129878,1.2501945843364877,Monocyte classical,0.00033379743706599076,-0.022603750228881836
ENSG00000186710.11,CFAP73,0.047124684,0.061771773,0.619045615196228,True,2.543813443418759,22.56707448734122,1.3861632518212303,1.685734411055493,0.04076637949794531,0.02982666715979576,0.34021663665771484,0.08128059261536547,0.0,0.0,0.3899315866354549,0.08375390235210922,0.8267202973365784,0.7372318653992094,0.46468505564183,,,0.6191309690475464
ENSG00000022840.15,RNF10,0.107653946,0.107653946,-0.1221085786819458,False,0.055892743487308744,1.5941272960901096,0.2992255673947987,5.4569825491497665,0.16314755603671074,0.011352251283824444,0.032877836376428604,0.11923757597326176,0.0,0.0,0.1378336815909959,0.04053905921321377,0.11948201060295105,1.728937711221215,1.7951347546375829,Monocyte non-classical,7.651617631934974e-12,-0.06720566749572754
ENSG00000110987.8,BCL7A,0.04746889,0.06752901,0.5034982562065125,True,0.8011275728115312,6.777959643729939,0.45270233853538283,5.010329339156646,0.08955308463424447,0.03057336062192917,0.3704182505607605,0.2105987064282325,0.0,0.0,0.48167358639196095,0.09296747611459291,1.357764482498169,0.6591480275208829,1.5321575238050844,,,0.5035051703453064
ENSG00000175727.13,MLXIP,0.012109428,0.012109428,-0.051613569259643555,False,0.2914289015667362,3.5953127035480223,0.29332360169116783,1.9579255318987878,0.5135955271124841,0.01935548521578312,0.06529141217470169,0.00015194524024626755,0.0,0.0,0.48254958604759984,0.06680507302795391,0.4122885465621948,0.5793455849387243,0.7639978650901118,Pre-B small,1.916363483059626e-27,-0.05100977420806885
ENSG00000184992.10,BRI3BP,0.018413179,0.018413179,-0.06375670433044434,False,0.09686137738036574,4.409624659686279,0.2857867114453498,3.282164193434526,0.2147075939923525,0.006553045939654112,0.04692571982741356,3.574094713811637e-14,0.0,0.0,0.20010496774402659,0.017289942440245506,0.15942734479904175,1.1057288928470175,1.607504729494727,,,0.023138225078582764
ENSG00000061936.9,SFSWAP,0.26260206,0.26260206,-0.1890699863433838,False,0.03174944193753425,1.0255736168660814,0.2226439601862071,6.91225813976273,0.8228508174419402,0.015216624364256859,0.024964965879917145,0.09275750011274407,0.0,0.0,0.18262035571426632,0.0523425392801453,0.08891814202070236,2.104670960211083,1.913006673539505,Plasmacytoid DC,4.959805761773345e-12,-0.11577415466308594
ENSG00000177169.9,ULK1,0.199006,0.199006,-0.0861443281173706,False,0.03601042881967731,0.6734966730887312,0.24621752770021774,5.04968648282618,0.8803812711437544,0.018437540158629417,0.03137911111116409,0.03132235460695881,0.0,0.0,0.29097755172835255,0.060886388276681025,0.10013389587402344,1.7648945274975953,2.2742840957131634,Monocyte classical,0.001929640213265904,-0.06386804580688477
ENSG00000180776.15,ZDHHC20,0.08128725,0.08128725,-0.10702359676361084,False,0.15267798659090892,2.6984776135906006,0.441672196578491,3.097095244114766,0.13585495613515378,0.015237628482282162,0.05299607664346695,0.007380196976730558,0.0,0.0,0.4471870480059577,0.06229012213158303,0.14099179208278656,3.6647939123046385,1.2274906839082433,Monocyte classical,0.00013111544106636348,-0.043358564376831055
ENSG00000139505.11,MTMR6,0.14117885,0.14117885,-0.08136260509490967,False,0.08572390501256377,1.6211648492374504,0.29586029927914803,3.331726129259521,0.4198502093553542,0.01904148980975151,0.04365231469273567,0.09570862140086434,0.0,0.0,0.3538225523665166,0.07096943655676922,0.12967228889465332,2.223940756334845,1.4671255950283497,,,-0.07500481605529785
ENSG00000152484.13,USP12,0.14134328,0.14134328,-0.09882736206054688,False,0.2133064297616138,3.5763329585586185,0.6874861359319766,2.1113239348218156,0.16146862126886846,0.014986097812652588,0.04385329410433769,0.048183873226126286,0.0,0.0,0.2949714026366189,0.05257146236263211,0.13637718558311462,1.973104170423263,0.7013405567636344,Monocyte classical,3.1839325099712726e-05,0.047882258892059326
ENSG00000122033.14,MTIF3,0.08982367,0.08982367,-0.20436882972717285,False,0.0781073728702952,2.0771277103996444,0.22815508766813594,4.7377486172732155,0.42302297204732897,0.015497825108468533,0.04945845901966095,0.08119740074409747,0.0,0.0,0.2998686321093117,0.04748102052540527,0.19263321161270142,2.1637871974556826,1.574818445006523,,,-0.039722561836242676
ENSG00000189403.14,HMGB1,0.04452073,0.04452073,-0.5772397518157959,False,1.5495267428835986,4.199716227079546,0.22316520717852417,11.611145074889608,0.08867644822224971,0.0848318487405777,1.289078712463379,0.14304837155902278,0.0,0.0,0.49864525881058946,0.2380873334499611,5.324399948120117,1.7864154966001178,3.101371189468929,Pre-B large,4.0492668860328504e-22,-0.574213981628418
ENSG00000120694.19,HSPH1,0.03980778,0.19842511,0.017949223518371582,True,0.056421417630684124,1.2050643690219567,0.2963942123209929,6.849049044222948,0.3831516943871975,0.01449685636907816,0.046348873525857925,0.19398428578870855,0.0,0.0,0.18307094237147126,0.04843685025904865,0.1253265142440796,0.8665684281663697,2.274093453534189,Granulocyte precursor,3.104467289279164e-109,0.02950972318649292
ENSG00000120685.19,PROSER1,0.11850868,0.11850868,-0.08853089809417725,False,0.027408270117585933,0.9867556256394544,0.23472016080684885,4.339248624591189,1.268106402754783,0.01178955752402544,0.01457301340997219,2.3345546133173273e-24,0.0,0.0,0.4182514705654945,0.042655695350770635,0.04958485811948776,2.338761412993268,1.4306994046816852,,,-0.08681678771972656
ENSG00000120690.15,ELF1,0.20757903,0.20757903,-0.026287078857421875,False,0.11421863288455922,1.346162301475067,0.17858543092608956,8.28769173901909,0.3403592028468847,0.03497444838285446,0.13007381558418274,0.18177569820723735,0.0,0.0,0.3618694904083506,0.1147190705592198,0.3887059688568115,1.4963690737764201,2.762750084428305,Platelet,0.0,0.13143151998519897
ENSG00000133106.14,EPSTI1,0.027113104,0.027113104,-0.033179640769958496,False,0.17003410896392113,5.374399780802047,0.2585163607731889,1.9167336161617314,0.37592311710119247,0.010371142998337746,0.04703833907842636,1.0402223081421244e-15,0.0,0.0,0.17696118011446593,0.030727295491121964,0.14932173490524292,1.6773519862293054,0.8861039835179482,,,-0.002047300338745117
ENSG00000102804.14,TSC22D1,0.0027150942,0.014018912,0.5685989558696747,True,1.4336304513512153,14.052847903829463,0.25889585233253604,16.496297998155853,0.03668173462618142,0.01596197485923767,0.662512481212616,2.0212162830734704e-193,0.0,0.0,0.49903863179783,0.18928572566292876,11.36067008972168,0.4274563410414771,2.6265424509325044,Platelet,0.0,0.5685993134975433
ENSG00000136167.13,LCP1,0.036316115,0.036316115,-0.03289806842803955,False,1.5488256021531943,15.688636783811196,0.7117577076574926,2.8846169922718836,0.02851390739902854,0.024624014273285866,0.4080411195755005,0.16925298460077037,0.0,0.0,0.4798413054003186,0.09474005855917511,0.8769132494926453,1.5289226788559591,1.0059365498707353,,,0.0604550838470459
ENSG00000102445.18,RUBCNL,0.050389398,0.10795875,0.29218369722366333,True,0.3812880568911628,4.202203548711397,0.43331850747463246,4.053199043058399,0.21639571834355592,0.028080899268388748,0.17486025393009186,0.12785843545481082,0.0,0.0,0.4523962612278166,0.09140142676671202,0.5040928721427917,1.1476872547815853,1.2701535836689968,,,0.2925691604614258
ENSG00000102786.14,INTS6,0.7393516,0.7393516,-0.3750588893890381,False,0.013984452027797526,0.22322499508580734,0.20485508076246473,6.69915701610589,2.492859616544511,0.021778393536806107,0.010532107204198837,9.36295344384743e-11,0.0,0.0,0.40728652565404044,0.0845869010723632,0.038643233478069305,3.436680062306166,2.3319691662619726,Monocyte classical,0.00033076751414846673,-0.3750103712081909
ENSG00000136100.12,VPS36,0.07192823,0.07192823,-0.07193231582641602,False,0.03717445811733549,1.3631346714887542,0.2766897521130344,5.650588298223063,0.5642731071263551,0.010758375748991966,0.027025915682315826,0.100378841228374,0.0,0.0,0.1814529675320934,0.03556877281073412,0.09243147075176239,2.0231677836341353,1.8428710216249082,Monocyte classical,0.0016363082824007085,-0.07171320915222168
ENSG00000184226.14,PCDH9,0.043118834,0.05418597,0.4480985999107361,True,1.4235308677233582,14.112198745349625,0.9053201464655103,2.695713713978326,0.037635923903435474,0.028768688440322876,0.36117634177207947,0.08530666974373576,0.0,0.0,0.42135371543718714,0.08207991177903297,0.7482815980911255,0.5715263483020349,0.8260757544199481,,,0.45139431953430176
ENSG00000005810.17,MYCBP2,0.41449514,0.41449514,-0.34171128273010254,False,0.06122027483220336,0.7460198837036068,0.17158241837652777,8.391221707025533,0.6552715287357567,0.034007370471954346,0.0699327364563942,0.20424890416922772,0.0,0.0,0.17121418886634943,0.10250777114918197,0.20528382062911987,1.2103878944044504,2.7564940162036695,"Monocyte classical,Pre-B small,B naive",0.00281528811710049,-0.09885942935943604
ENSG00000139746.15,RBM26,0.109421514,0.109421514,-0.060182809829711914,False,0.030107174492973596,0.6520490621077876,0.23251392943542584,4.4054863572157155,1.304184672832489,0.017347855493426323,0.023045171052217484,2.8502185333268988e-12,0.0,0.0,0.4178852887937586,0.07219983537113706,0.07711448520421982,4.128480927965913,2.0372947164296167,Plasmacytoid DC,0.009423143919581737,-0.033962130546569824
ENSG00000169508.6,GPR183,0.009330309,0.009330309,-0.0017735958099365234,False,1.4993988928613848,24.287783299211526,0.4643689138192702,1.9991735861496143,0.047555826497264225,0.01287500187754631,0.412193238735199,8.567774960016154e-09,0.0,0.0,0.4703699935866322,0.041322793157386066,1.1725146770477295,1.3827498417740136,1.0168605295079067,,,0.009199202060699463
ENSG00000134905.16,CARS2,0.04513039,0.04513039,-0.08134233951568604,False,0.12958732205759332,2.918764378211806,0.4104530258327062,3.035845302720481,0.1367283108830452,0.014366008341312408,0.049645453691482544,0.07940267165188329,0.0,0.0,0.19401603112728644,0.04161147042189839,0.14419980347156525,1.754235567950706,1.0712199022601456,Monocyte classical,0.00016673267563982407,-0.06364226341247559
ENSG00000088448.14,ANKRD10,0.22119236,0.22119236,-0.22952425479888916,False,0.053480218147532885,1.112705375666453,0.2560954440023839,5.097508103926354,0.7418868117034436,0.017307305708527565,0.03551805019378662,0.09984675313926931,0.0,0.0,0.2868201524037893,0.06271922600775248,0.11918387562036514,2.296561685745789,1.8443335364642166,,,-0.22631573677062988
ENSG00000196199.13,MPHOSPH8,0.1296931,0.1296931,-0.1913154125213623,False,0.224594749728893,4.214308645637251,0.40118686545656956,3.038324408476245,0.09557052668184042,0.016861220821738243,0.08336175233125687,0.1611935391587605,0.0,0.0,0.27420070939722424,0.05261796309372846,0.23672664165496826,1.559959531893051,1.1172803871094474,B naive,4.725943885237373e-07,0.06542128324508667
ENSG00000121741.16,ZMYM2,0.32719913,0.32719913,-0.3823585510253906,False,0.04822949526925926,0.9066938964901333,0.2414570653586021,5.210818577776028,1.0676141110062596,0.020172221586108208,0.02546057477593422,0.15865943554707826,0.0,0.0,0.21212708446428413,0.06368549056042917,0.0898582860827446,1.2952651018110606,1.4442483774218577,"Monocyte classical,Pre-B small",1.7389511163817477e-10,-0.3819081783294678
ENSG00000152520.13,PAN3,0.22340904,0.22340904,-0.1932743787765503,False,0.0949766420188011,1.7566809338412206,0.28107830650348176,5.242678920162702,0.5306869626045227,0.02049585059285164,0.052138831466436386,0.16374568073115356,0.0,0.0,0.23349888129519375,0.06347830768105212,0.18030834197998047,1.380942981901415,1.520518708388549,"Granulocyte precursor,Monocyte non-classical",0.00010035156860418074,-0.17947900295257568
ENSG00000120686.11,UFM1,0.060286816,0.060286816,-0.10260069370269775,False,0.052387134680789885,1.6592523528017356,0.12494077606881199,5.860999705363789,0.46759704127907753,0.015120893716812134,0.05602462217211723,0.044144360869514565,0.0,0.0,0.39084901311448883,0.061985817528809044,0.188741534948349,4.065692124740355,2.3167391687046006,,,-0.037001967430114746
ENSG00000188811.13,NHLRC3,0.5496461,0.5496461,-0.49725425243377686,False,0.021511658012500823,0.3705270450375071,0.23489804446838602,5.884726341801481,2.2934135806560514,0.021073507145047188,0.013989808037877083,0.09329570800378206,0.0,0.0,0.33618128903191424,0.06615183654110623,0.04835491627454758,1.6848467736755988,1.7916575540769561,,,-0.49693822860717773
ENSG00000102760.12,RGCC,0.06986244,0.09765759,0.047684550285339355,True,0.2390105758718949,3.010720027501954,0.29722671038566756,3.3717257071553677,0.31420693773776287,0.031178198754787445,0.12560640275478363,0.08525077582051876,0.0,0.0,0.4381668685337131,0.11080664915944148,0.35418444871902466,1.5311600499778,1.2042950167537454,,,0.08757489919662476
ENSG00000136152.14,COG3,0.14318794,0.14318794,-0.16443157196044922,False,0.05590091246555191,1.3476681700303013,0.27569526297645064,5.768219652126272,0.3979479713737965,0.015751490369439125,0.042946234345436096,0.11981450108240305,0.0,0.0,0.31051766349809107,0.0521692864530765,0.13372069597244263,1.9051242394884345,1.9267758158736976,Plasmacytoid DC,0.004702012135866002,-0.0824286937713623
ENSG00000139687.13,RB1,0.24145284,0.6065447,0.012601315975189209,True,0.11952226150790528,0.6371186656956002,0.36036442026450544,7.709819933293649,1.180445081293583,0.06091606616973877,0.06953682005405426,0.17432236184901256,0.0,0.0,0.41644158492937555,0.182999388513327,0.2653065323829651,1.5576533261789174,1.7063706074555323,,,0.017153024673461914
ENSG00000136147.17,PHF11,0.08034175,0.08034175,-0.14808523654937744,False,0.11164877134157856,2.3738032075796984,0.31309058469944434,3.1373708893367915,0.12229540586471557,0.013666294515132904,0.052801039069890976,0.0004422382515484298,0.0,0.0,0.33766214435196773,0.04871478766341398,0.17250284552574158,0.9196556153024269,1.4648375824045667,Pre-B small,7.379094107427863e-10,-0.020802021026611328
ENSG00000139668.8,WDFY2,0.22908431,0.22908431,-0.24050557613372803,False,0.042301936553942675,1.0914347028325861,0.24310761167953399,6.115560206488811,0.5426976832002401,0.014116689562797546,0.03292694315314293,0.17563590876940058,0.0,0.0,0.045181863787945635,0.04433382240936234,0.098151296377182,1.280772827748409,2.083653015093986,,,-0.14432871341705322
ENSG00000083544.13,TDRD3,0.069094874,0.069094874,-0.057881832122802734,False,0.012603085770222287,0.6411702362647254,0.22954877788269865,5.99040212548431,1.149873647689819,0.007943226024508476,0.011967957951128483,0.017535659735541297,0.0,0.0,0.11933168983072917,0.022495244222128008,0.0427728071808815,1.810012418275285,2.3499020982219325,"Pre-B small,B naive",3.011328748380298e-22,-0.055663466453552246
ENSG00000102580.14,DNAJC3,0.110043764,0.110043764,-0.09241318702697754,False,0.06709793973437349,1.4480415001416962,0.2021803318668001,5.300665541869581,0.5607890993356706,0.019845692440867424,0.06131121888756752,0.11752491090635965,0.0,0.0,0.3665906804002574,0.061815912835783145,0.18389350175857544,2.0637218748036403,2.133500120584855,,,0.004960238933563232
ENSG00000134882.15,UBAC2,0.035032462,0.035032462,-0.3656414747238159,False,0.04324077010357863,0.8266394940993406,0.2053212765288403,5.505759102502612,1.0664640940725807,0.02329293265938759,0.03784000501036644,0.13681308888982655,0.0,0.0,0.1235458831015977,0.07188462302800902,0.11637254059314728,1.6093377039688803,1.9652184870838214,Monocyte classical,2.6075807208708874e-19,-0.3455396890640259
ENSG00000125304.8,TM9SF2,0.16192412,0.16192412,-0.10676932334899902,False,0.09033918304362107,1.5916772604106135,0.2873258450418272,6.582968779036086,0.3275704354047775,0.020466510206460953,0.06888389587402344,0.13881784439203937,0.0,0.0,0.3423108934224665,0.06743470622954106,0.25210806727409363,2.064245851055178,2.0138614348096366,Plasmacytoid DC,0.008862661067976818,-0.03488647937774658
ENSG00000134900.11,TPP2,0.20344748,0.20344748,-0.12614119052886963,False,0.042082822152207836,0.9080802484738686,0.23096538691126742,6.226407119606977,0.9459145992994309,0.019518055021762848,0.029919380322098732,0.0718424091597635,0.0,0.0,0.2516522437590587,0.06724533856368796,0.09908048808574677,2.0016176592134283,1.7724792094576027,,,-0.11977815628051758
ENSG00000102524.11,TNFSF13B,0.048456065,0.048456065,0.005178213119506836,False,1.083090783544154,11.632109187589888,0.709981004262691,2.829870159064463,0.04197579123079777,0.025710133835673332,0.28940582275390625,0.1788040303009371,0.0,0.0,0.4597896865928835,0.08189719054620781,0.6694191098213196,1.2266422067522682,0.9216268900770176,,,0.17354083061218262
ENSG00000068650.18,ATP11A,0.11480924,0.11480924,-0.05342817306518555,False,0.08492424088208225,1.5301720464422046,0.418926005612721,3.0751163794454137,0.24306639432907107,0.015203053131699562,0.02955341897904873,2.5978554261753014e-15,0.0,0.0,0.39037616358446314,0.058653601260374444,0.08568055182695389,3.292813750670901,1.1433498674737215,,,-0.03847551345825195
ENSG00000185896.10,LAMP1,0.011331261,0.011331261,-0.1152796745300293,False,0.07218622090998013,2.5067830858739555,0.17763671554746482,4.2848051367731115,0.2923575095832348,0.010959535837173462,0.05435580387711525,2.7123003765318693e-12,0.0,0.0,0.38035886904752714,0.03967526466462123,0.20055806636810303,1.6040599088993643,1.9785042678948068,B naive,0.0005149439523518552,-0.011804819107055664
ENSG00000169062.14,UPF3A,0.13844657,0.13844657,-0.04694032669067383,False,0.04655608951344313,1.1233061749697846,0.20085253979735046,5.362632228796348,0.6045075304806233,0.015456088818609715,0.04161202907562256,0.07995091763361366,0.0,0.0,0.3427842475925924,0.06497774516903476,0.12917453050613403,2.6407758596652977,2.3967411144164217,"Monocyte classical,Erythroid late",0.009289973035780935,-0.04063224792480469
ENSG00000165782.10,TMEM55B,0.08158505,0.08158505,-0.43049371242523193,False,0.11969821861286503,3.6614914481798038,0.3964990376357526,3.5011100442798853,0.0946395993232727,0.010358269326388836,0.0517149493098259,0.08499597663311907,0.0,0.0,0.1711996799647036,0.03270951669627209,0.15408124029636383,1.4273650349346325,1.298618552246751,"Granulocyte precursor,Monocyte classical",0.00034514371680508237,-0.03586006164550781
ENSG00000100888.12,CHD8,0.099430904,0.099430904,-0.05270183086395264,False,0.0211133658622696,0.5878312927812411,0.2276811892818974,4.158639764373276,1.2389970260858538,0.013167522847652435,0.01592363603413105,1.768795732091955e-10,0.0,0.0,0.38975336702251756,0.05953665261196761,0.05850914493203163,4.813787729798308,2.0572424437781116,Monocyte classical,0.0012645205308343614,-0.042555809020996094
ENSG00000100461.17,RBM23,1.139673,1.139673,-0.338678240776062,False,0.05178960261929447,0.3975456183353085,0.25395100269653703,4.973241998911346,3.1386785271763804,0.05322469398379326,0.02937917411327362,0.22775340857284562,0.0,0.0,0.04770303311490847,0.14735866983346035,0.09654732793569565,0.8917448491667801,1.3884793781126878,Pre-B small,3.8967418895246964e-08,-0.3086559772491455
ENSG00000092036.18,HAUS4,0.22538713,0.22538713,-0.09661400318145752,False,0.02043420951366443,0.6018877001578151,0.2211594270634004,5.103928402699317,1.7576441538333896,0.013472147285938263,0.011382360011339188,2.3723026793196633e-21,0.0,0.0,0.3741052826405394,0.054375250671154333,0.04289362579584122,2.149206367264291,1.6376716587272235,Erythroid late,4.0948322717307964e-09,-0.09656202793121338
ENSG00000092330.15,TINF2,0.36905238,0.36905238,-0.23294687271118164,False,0.035885726534054016,0.5792611820080588,0.21968486708604254,6.900962382057304,1.068453082144261,0.023377859964966774,0.03101504035294056,0.17297508090975056,0.0,0.0,0.12075635141249985,0.07567987079882688,0.09766927361488342,1.4684967028515343,2.290304265058315,"Pre-B small,B naive",0.00014315430624707538,-0.23189902305603027
ENSG00000100448.3,CTSG,6.984976e-05,6.984976e-05,-0.002535104751586914,False,14.344444357963456,222.13348442716395,0.49447601357164994,0.5845859889026503,0.023439492469187827,0.018699152395129204,1.3821238279342651,,0.0,0.0,0.4912019788176767,0.04975617167594247,3.642732858657837,,0.31234419443975436,,,-0.002535223960876465
ENSG00000100453.12,GZMB,0.0010625657,0.0010625657,0.1642148494720459,False,76.23583425219547,2406.7857905882133,7.944622269424172,2.4694351567938138,0.0034251487307483336,0.007607440464198589,3.8479762077331543,1.97799678581946e-06,0.0,0.0,0.49433782555423406,0.028983670176668138,8.343097686767578,0.27043901457601777,0.18914674552388475,,,0.16421473026275635
ENSG00000092148.12,HECTD1,0.56796527,0.56796527,-0.24584150314331055,False,0.04151038556627369,0.6403297989867346,0.24196330305363872,7.053088965682389,1.0032250573237738,0.02631514146924019,0.03366253525018692,0.18867255471910618,0.0,0.0,0.09617756344332018,0.09081661761671356,0.11365735530853271,1.300469188740993,2.097619412791949,Pre-B small,0.004369001837776089,-0.20123624801635742
ENSG00000129518.8,EAPP,0.082195505,0.082195505,-0.3809868097305298,False,0.12896607579619498,3.8411178750470256,0.31028965961796484,4.62656540787084,0.0902367274090648,0.012863497249782085,0.06735619157552719,0.1585372471494441,0.0,0.0,0.22496596530898766,0.039969879764063077,0.23284617066383362,1.7570583569360112,1.36320394371088,"Monocyte classical,Pre-B small,B naive",0.001316621350368597,-0.03882324695587158
ENSG00000092020.10,PPP2R3C,0.19636483,0.19636483,-0.18921363353729248,False,0.03949644607780128,1.0465896987710475,0.18167490082860663,7.524707571485169,0.4812296726637416,0.015241728164255619,0.03818291053175926,0.144112692323984,0.0,0.0,0.14908253133306043,0.056333474284577356,0.1270255446434021,1.79926134649962,2.60756877715842,"Monocyte classical,B naive",1.8028741694336425e-06,-0.10474812984466553
ENSG00000100906.10,NFKBIA,0.0594908,0.06261076,0.4660475254058838,True,2.7351349216401517,11.956807379309375,0.7599969289154963,18.0374933467886,0.08878988418107231,0.06588679552078247,0.9393153190612793,0.21315549716053428,0.0,0.0,0.4909368902653749,0.2035373487926542,3.077151298522949,1.1046224429519604,1.135555878960993,"Monocyte classical,Monocyte non-classical",0.008966775382736306,0.46836280822753906
ENSG00000179454.13,KLHL28,0.046442676,0.046442676,-0.05321097373962402,False,0.01774306743815518,0.6005828731073665,0.2053638915830081,4.841473136090377,1.3642927783727652,0.011939682066440582,0.015162067487835884,2.3771155458751786e-11,0.0,0.0,0.3955858593644397,0.049903293014416754,0.05333496630191803,2.808435593834621,2.1672878730145753,Platelet,1.1936023008442547e-10,-0.0528261661529541
ENSG00000165525.17,NEMF,0.26194853,0.26194853,-0.2900758981704712,False,0.0612942465721962,1.4537919807349373,0.22823646977939657,5.548523849929762,0.6968237400054931,0.022760411724448204,0.04409516230225563,0.11195680591849722,0.0,0.0,0.20977457485282686,0.0816276354562717,0.14491617679595947,1.7617985220952126,1.6130337215618675,Monocyte classical,5.370169575645202e-06,-0.2639049291610718
ENSG00000012983.11,MAP4K5,0.14158826,0.14158826,-0.08954250812530518,False,0.039820327752564624,1.405768101169189,0.21598552715630123,5.38674722568489,0.7698049896955488,0.012603143230080605,0.0243122186511755,0.026235726803987666,0.0,0.0,0.2767205991383663,0.04466643694209438,0.08880680054426193,2.0586262201438004,1.660989712053772,Monocyte classical,0.00012015904328808903,-0.08555746078491211
ENSG00000100503.23,NIN,0.35746258,0.35746258,-0.3421821594238281,False,0.05664761304361578,1.1347141509940928,0.2700162171887184,5.052262746813364,0.868068012446165,0.02176211029291153,0.03816845268011093,0.16989976091111753,0.0,0.0,0.06918463563286502,0.06590535649649619,0.1113390326499939,1.1920267514094505,1.5456710435589986,Monocyte classical,0.003158460857494946,-0.17984580993652344
ENSG00000100523.14,DDHD1,0.07921779,0.07921779,-0.05962193012237549,False,0.03211167411879178,1.1752466959219083,0.2964387526061891,6.317368764941099,0.5852828904986381,0.010632367804646492,0.022253599017858505,0.09589825928148653,0.0,0.0,0.18856478720758824,0.031992677921835355,0.08095331490039825,1.7337038926878665,1.6961018030171953,Monocyte classical,0.0018941794013318327,-0.05218040943145752
ENSG00000197045.12,GMFB,0.20959668,0.20959668,-0.21552693843841553,False,0.03500377403452174,1.0353331952386509,0.25809645694442024,5.265570260735598,0.9803070843219757,0.015364029444754124,0.024292638525366783,0.09745278911727966,0.0,0.0,0.18516976399814955,0.045984838270914714,0.08038897812366486,1.8613782916120105,1.6035359891673353,Granulocyte precursor,0.0013644927544076023,-0.11398458480834961
ENSG00000126775.8,ATG14,0.045700926,0.045700926,-0.0478745698928833,False,0.03926472614056021,1.8755944716721897,0.24312323208461636,3.6766533337785923,0.659911248087883,0.008884267881512642,0.019521092996001244,9.854045912543316e-16,0.0,0.0,0.3595522041641305,0.027594725508611077,0.06938913464546204,2.450167569839233,1.2915824089040755,,,-0.03885173797607422
ENSG00000100612.13,DHRS7,0.3122501,0.3122501,-0.01861095428466797,False,0.08869308896574672,1.214687134557491,0.26982324981360334,6.09415296041319,0.6402718790620565,0.02581206150352955,0.05432341247797012,0.17627698458728402,0.0,0.0,0.3346003266923217,0.08113941935252454,0.19551730155944824,1.4315790726951831,1.7326063810621188,Plasmacytoid DC,2.2757521462308116e-10,-0.0020450353622436523
ENSG00000154001.13,PPP2R5E,0.0568042,0.0568042,-0.2287353277206421,False,0.04300525559169009,1.5311077051456479,0.18346202729672909,3.968002616152117,0.3571269665658473,0.010134801268577576,0.037034209817647934,0.000179051204119425,0.0,0.0,0.10174880319855722,0.03213441072067735,0.13582777976989746,1.0724219839640354,2.7843826652881276,Pre-B small,2.4575613832156802e-09,-0.006888985633850098
ENSG00000185650.9,ZFP36L1,0.13077115,0.15805002,0.6780914068222046,True,4.000470756498352,6.221086754024809,0.9836106319741545,4.407381809475498,0.08057011216878891,0.09997937083244324,0.5863247513771057,0.1565595758886693,0.0,0.0,0.4973175350684445,0.4302566304939148,2.538886070251465,1.3686285114974506,0.8977848954759281,Monocyte classical,3.38150806527664e-11,0.6781449913978577
ENSG00000072110.13,ACTN1,0.022684928,0.022684928,-0.02113628387451172,False,0.47807689511374374,6.463926891131844,0.34094390225021104,2.431104622688343,0.20691772169537012,0.019517863169312477,0.11371605843305588,1.7913355621401996e-09,0.0,0.0,0.484601550059871,0.05330024477056839,0.5719438791275024,2.3158968530418997,0.9013492721171013,Platelet,1.3434680477844256e-28,-0.02055978775024414
ENSG00000139990.17,DCAF5,0.10564675,0.10564675,-0.1006554365158081,False,0.028642917772921227,1.4499862452221357,0.2475079869351843,4.526785969331169,0.9417142868041992,0.008817685768008232,0.015449676662683487,1.946402482304396e-20,0.0,0.0,0.27774037085047254,0.0340178894874299,0.06296583265066147,2.205205556266864,1.332230931100123,Monocyte classical,3.711771273455606e-15,-0.06764602661132812
ENSG00000133961.19,NUMB,0.14596108,0.14596108,-0.19610881805419922,False,0.1226570464940353,2.6389605760676393,0.39184339767191856,3.290272495366144,0.13865016728639606,0.014304379001259804,0.048747286200523376,0.15230311463552532,0.0,0.0,0.18381314794879922,0.04473803477585037,0.13116051256656647,1.44591446482984,1.13455509237446,Erythroid late,0.0003457937585717783,-0.015222549438476562
ENSG00000071537.13,SEL1L,0.17575447,0.17575447,-0.17702805995941162,False,0.03119372613805909,0.824870939801331,0.2587756098069472,4.97816975913332,1.1029110324382785,0.016600698232650757,0.024496659636497498,0.05213312879004216,0.0,0.0,0.4084513983548768,0.06473105224942799,0.07473495602607727,3.5220259583133036,1.8560198137661021,Platelet,0.0031054666221107872,-0.17676663398742676
ENSG00000053254.15,FOXN3,0.6230833,0.6230833,-0.649203896522522,False,0.03640040434848308,0.43151369766272396,0.21413531300621116,6.010102685055022,1.6953260850906373,0.02827231027185917,0.02363910898566246,0.13119004842622253,0.0,0.0,0.239206776853774,0.09672688478543989,0.08292198181152344,1.5042513682191099,1.9860908170368112,Monocyte classical,1.1817624924647925e-10,-0.6467108726501465
ENSG00000100784.10,RPS6KA5,0.20278396,0.20278396,-0.09887206554412842,False,0.045017514885592254,1.1149676532787025,0.2542111775369034,5.733258856837523,0.5229762658476831,0.015820927917957306,0.03705834969878197,0.11295930980519149,0.0,0.0,0.21909675147069352,0.05631834636817067,0.10523569583892822,2.1824802840114375,2.1008344026677523,B naive,0.001392518629675272,-0.03869760036468506
ENSG00000015133.18,CCDC88C,0.32121748,0.32121748,-0.19789886474609375,False,0.03142797981222305,0.7223040806089844,0.23565269173693457,5.376165903652892,1.0361269073188306,0.016862139105796814,0.024777473881840706,0.15820912052103708,0.0,0.0,0.132109595472585,0.05201180703403539,0.07828690111637115,1.4351139009638814,1.9326262991936083,Pre-B small,0.0019936808463643296,-0.1279207468032837
ENSG00000100796.17,PPP4R3A,0.21465875,0.21465875,-0.17472994327545166,False,0.04164814692120952,1.0606629406076298,0.23393384483689778,5.6359778257338915,0.7313842526078225,0.01806545816361904,0.03501276671886444,0.13316275176085934,0.0,0.0,0.14156327074812763,0.06322815993036102,0.11196434497833252,2.343807178167548,1.8957810151152088,"Monocyte classical,Pre-B small",0.002897979785325127,-0.1546081304550171
ENSG00000197249.13,SERPINA1,0.004507675,0.004507675,-0.07402575016021729,False,2.4165100778330295,53.694490820870755,0.5414851924685893,1.8876878911224886,0.01206124543212354,0.016295457258820534,0.6383755207061768,1.0795000509762479e-16,0.0,0.0,0.46969606295848854,0.04867290174996075,1.7779570817947388,1.3100401344246873,0.6566326210749858,,,0.03871089220046997
ENSG00000100697.14,DICER1,0.2265043,0.2265043,-0.15356659889221191,False,0.04051987337016516,0.9628354058628231,0.28282688107402704,5.2417258483126306,0.7513084413111208,0.017036421224474907,0.03055546246469021,0.13598967949070767,0.0,0.0,0.10597855190509808,0.05590260672890591,0.09911702573299408,1.9364151336168567,1.8627667044833978,Monocyte classical,1.337930227609181e-05,-0.12313783168792725
ENSG00000100721.10,TCL1A,0.010681511,0.012962082,0.6078465282917023,True,6.423372113479458,42.86433492346037,0.6366575252890677,3.3325836749549502,0.019953071037307386,0.03658738732337952,2.431652784347534,0.25857077829730296,0.0,0.0,0.4933925021727624,0.10966417411372563,7.102141380310059,0.5223779507997149,1.4254672008757117,,,0.6079291999340057
ENSG00000066739.11,ATG2B,0.06474835,0.06474835,-0.08144617080688477,False,0.011856370323720795,0.5563274541621978,0.24246840978266077,6.067999435082982,1.0366928352415563,0.007326702121645212,0.008946125395596027,7.205506165379081e-13,0.0,0.0,0.342851295853193,0.02528166298483325,0.03438973054289818,2.767744372488621,2.1948049231712634,,,-0.0796741247177124
ENSG00000140105.17,WARS,0.19133452,0.3298402,0.3706477880477905,True,0.19367318635320338,1.446171743554522,0.43087384710469934,7.12503082560655,0.5511282232734893,0.04327273741364479,0.10412178933620453,0.1797173915233464,0.0,0.0,0.4555365108398532,0.13088907675632558,0.32618722319602966,1.166224648290906,1.5583255599334949,Monocyte non-classical,0.004286155655075042,0.3746960759162903
ENSG00000080824.18,HSP90AA1,0.028946294,0.028946294,-0.6556999683380127,False,1.7696105272550087,5.824164586424736,0.2575317345641687,6.743786061897611,0.09933709952048958,0.07067131996154785,1.1578510999679565,0.1786269007764725,0.0,0.0,0.4940730075014174,0.22146258621998166,3.6292717456817627,0.8371977090534967,2.1700594174696928,"Granulocyte precursor,Monocyte classical,Plasmacytoid DC",0.00021394932078129964,-0.6064190864562988
ENSG00000100865.14,CINP,0.021392677,0.021392677,-0.02569890022277832,False,0.10991554607077081,4.1293341140307565,0.18844149836463356,2.0675307786967916,0.25188297033309937,0.009965037927031517,0.0395621731877327,2.7284961490784815e-21,0.0,0.0,0.3995872261356138,0.03904815131439143,0.1279638260602951,1.295385568044746,0.9614377489560408,Monocyte classical,2.0503181145141944e-08,-0.011783719062805176
ENSG00000142208.15,AKT1,0.22117585,0.22117585,-0.19018757343292236,False,0.01607070625767907,0.44946427066269523,0.21743739850666852,6.717410355677446,1.1621994972229,0.013357442803680897,0.014079224318265915,0.07290573289316027,0.0,0.0,0.2509213821688004,0.048250344993192584,0.048568859696388245,2.12140055382953,2.4330348811415625,Monocyte classical,1.087982298390976e-12,-0.1899867057800293
ENSG00000211890.4,IGHA2,0.5692732,0.4096316,0.8617563545703888,True,15.255049895933844,6.598836281337521,3.373314084235185,5.605283369883447,0.2077881769090891,0.29917722940444946,0.6803141832351685,0.0006119118054223923,0.0,0.0,0.49852883830619843,2.6436907229702347,4.8486762046813965,3.3687923877152506,0.3281892286133214,,,0.8617762178182602
ENSG00000211891.6,IGHE,0.12563857,0.27874178,0.15751928091049194,True,0.0891230093090023,1.1463056968935748,0.6435139590036986,1.5682288787622936,0.8876417766014735,0.019318602979183197,0.024544913321733475,2.3500258156051843e-16,0.0,0.0,0.15629562437595262,0.0622445370308018,0.07220876961946487,1.2353769187862196,1.1083715377802796,B naive,0.007763072233550124,0.15948987007141113
ENSG00000211895.5,IGHA1,0.8616168,0.9144577,0.9882693141698837,True,0.26390448207776185,0.4645944052644849,0.324512977185121,8.322304935949612,1.0442718426386515,0.11947444826364517,0.14682531356811523,0.057469759822522386,0.0,0.0,0.48995409986621197,0.6920972000237953,0.6839127540588379,2.4282381894103837,2.711289005276578,"HSPC,Monocyte non-classical,Plasmacytoid DC",8.29853539033471e-10,0.9882727228105068
ENSG00000211896.7,IGHG1,0.08548795,0.17203979,0.7229218482971191,True,0.5797203103631461,2.456359506676903,0.34917075815951093,2.4439288357625326,0.29591055482625966,0.05258499085903168,0.19281066954135895,2.08337055958269e-14,0.0,0.0,0.4974911803133141,0.3868716479001648,2.0620052814483643,8.413186016809846,1.421634863014144,Plasmacytoid DC,3.5885003829312947e-34,0.7229995727539062
ENSG00000211897.9,IGHG3,1.0522355,1.4632757,0.7827964723110199,True,0.07876832637871799,0.4640777104151762,0.27967071881906697,2.773702298993336,2.4220675309499105,0.09660501033067703,0.03855583816766739,,0.0,0.0,0.49337400511586105,1.389471066847534,0.15665555000305176,,0.9368653668691291,,,0.782844752073288
ENSG00000211898.7,IGHD,0.029702483,0.028793933,0.6168480813503265,True,5.101904594678761,39.19549369728083,0.8877408417293239,2.2323332697093377,0.014170810407958926,0.03150440379977226,1.050457239151001,5.205694285777567e-07,0.0,0.0,0.4970032944889241,0.13545738385653563,4.748098373413086,1.4565219024115297,0.8101803377855707,"HSPC,Plasmacytoid DC",2.051655994050581e-26,0.7025302350521088
ENSG00000211899.9,IGHM,0.13835633,0.15137044,0.7827224433422089,True,3.6723880186424496,1.4760639224075385,0.18014139278546376,14.853072145559917,0.07259821012616158,0.7525010704994202,4.897596836090088,0.4753748035741683,0.0,0.0,0.49226928901371575,1.4913314415396144,8.874906539916992,0.2429243697331393,4.4093109113428826,"Pre-B large,Pre-B small",0.004244848890183214,0.7851572483778
ENSG00000169385.2,RNASE2,0.010871096,0.013463971,0.2570783495903015,True,2.467293079486013,42.46735602157487,0.9240533027598917,3.284383972923052,0.013497137469239532,0.015412953682243824,0.5795357823371887,0.11954084865355312,0.0,0.0,0.4705174931317305,0.04532577835190077,1.4257986545562744,0.7566642057697468,0.8432374189205536,,,0.2999193072319031
ENSG00000165801.9,ARHGEF40,0.1005592,0.41125277,0.06454122066497803,True,0.053169464629537665,0.7689996310039254,0.3189865551906655,4.670408001949947,1.452913471162319,0.028217360377311707,0.027529587969183922,0.0679154224445894,0.0,0.0,0.05220441588997039,0.08077930242289533,0.08072042465209961,1.3067352069003624,1.300412222723414,,,0.07609814405441284
ENSG00000197324.8,LRP10,0.63205963,0.63205963,-0.4345850944519043,False,0.027141228952530547,0.3631701992511416,0.17564215875736136,9.855987909844751,1.40400230884552,0.02473638951778412,0.02554679848253727,0.14476201817488424,0.0,0.0,0.289915021167265,0.07612663879275061,0.0854913592338562,1.237569499278848,2.843740522596959,Pre-B small,4.11633354848233e-06,-0.4345782995223999
ENSG00000166091.19,CMTM5,0.058324736,0.046909202,0.770209401845932,True,137.91093710722626,434.9535542407886,28.99888510572177,0.14651903156495422,0.09516856526955962,0.13158805668354034,1.6373283863067627,7.241130643359356e-05,0.0,0.0,0.48500047459557843,0.2715894958385121,4.325797080993652,0.036889004657889496,0.028607270314575602,,,0.770209327340126
ENSG00000092140.14,G2E3,0.09144667,0.09144667,-0.08850407600402832,False,0.025046233910457596,0.9875606854021276,0.24799499384928803,6.136036271033154,0.7399610987305643,0.011233177036046982,0.01981090009212494,6.871075661189901e-05,0.0,0.0,0.37047641053325775,0.04240895133715173,0.06764546781778336,3.1870988104960727,2.0834573370619935,Monocyte classical,7.000163025533266e-05,-0.08419835567474365
ENSG00000100852.12,ARHGAP5,0.29631144,0.29631144,-0.1772449016571045,False,0.02339978947355293,0.6392396715954802,0.25916965474704184,6.428509715332216,1.1303157220284143,0.01384500227868557,0.015719283372163773,0.0302232753334473,0.0,0.0,0.3608066562566195,0.05684933549353355,0.05644477158784866,2.4973230730281837,1.8649417868811982,Platelet,2.6338603389910155e-27,-0.17624855041503906
ENSG00000151327.12,FAM177A1,0.39106366,0.39106366,-0.1351686716079712,False,0.020568998213174684,0.5169469781661533,0.16597123374161177,7.904900658492738,1.1160639981428782,0.018640061840415,0.02143372781574726,0.08184145770360333,0.0,0.0,0.2763569710068888,0.07439369019849096,0.07544092833995819,3.1352394635255365,2.4231582747919393,Platelet,5.2520874375757686e-58,-0.1335618495941162
ENSG00000100941.8,PNN,0.18078616,0.41322356,0.0792689323425293,True,0.09043367111614788,0.7047148331481535,0.2600914795828379,9.6530081961455,0.6154712749272586,0.04223920404911041,0.09247763454914093,0.2525175293382473,0.0,0.0,0.15756898383512052,0.12682923960475279,0.27484434843063354,0.750502648253184,2.79608318291518,Pre-B small,2.536223605515363e-33,0.09433603286743164
ENSG00000198718.12,TOGARAM1,0.07299084,0.07299084,-0.07754135131835938,False,0.0738386798648324,1.81512141523449,0.3115479085659395,4.1950849967555754,0.34706854820251465,0.010696596466004848,0.030819838866591454,0.013700321291952576,0.0,0.0,0.3344397416644623,0.030842204131186435,0.10619595646858215,1.4124403713349487,1.5873732599841233,,,-0.05660891532897949
ENSG00000100519.11,PSMC6,0.058903057,0.058903057,-0.1185445785522461,False,0.10278891284862508,3.444934180959129,0.19618079427719443,3.9176053616915416,0.35543620213866234,0.013575308956205845,0.06301907449960709,0.035073567886999606,0.0,0.0,0.3665761362467129,0.04782538186427487,0.15931445360183716,1.2337658806895364,1.3475390413817845,"Granulocyte precursor,Monocyte classical,Pre-B small,B naive",0.0013623626143749931,-0.10935604572296143
ENSG00000131981.15,LGALS3,0.019367462,0.019367462,-0.05210578441619873,False,0.8107195285121648,17.677106401992617,0.42713701207865046,1.8581052105871847,0.03347241098061203,0.01619597338140011,0.22862401604652405,2.8138588871602896e-09,0.0,0.0,0.4510631121050466,0.05208199486321253,0.6148844361305237,2.3649109464500495,0.7586251792983202,,,0.06687158346176147
ENSG00000126777.17,KTN1,0.21770667,0.21770667,-0.23973381519317627,False,0.06020025551409974,1.1159543104564587,0.19541114497441073,6.747651172425679,0.4505952429771425,0.01875109225511551,0.05607492849230766,0.15889295279985755,0.0,0.0,0.25769952250972783,0.06423005160826278,0.1551021784543991,1.4129815652938764,2.4117832295128925,"Granulocyte precursor,Monocyte classical,B naive",0.004179387566535216,-0.0904926061630249
ENSG00000032219.18,ARID4A,0.21050456,0.21050456,-0.29367852210998535,False,0.057276476932047585,1.2135598917207302,0.21371126757973286,4.902580214063417,0.6492211091518403,0.01867562346160412,0.03876245394349098,0.1522432093821026,0.0,0.0,0.06266590697147986,0.062278470030392434,0.12285268306732178,1.4273734831512916,1.710310434781169,"Monocyte classical,Pre-B small",0.009434725564413935,-0.2815746068954468
ENSG00000100592.15,DAAM1,0.04726189,0.04726189,-0.029588818550109863,False,0.1511342573146114,4.784154176558703,0.27941689448545376,3.4036191224883368,0.16770524103194473,0.008567041717469692,0.0804571807384491,1.4463493134577771e-05,0.0,0.0,0.3504130397299402,0.025825174415686544,0.2632087171077728,1.2447664160616563,1.5143437835623856,Platelet,2.7414277870810895e-39,0.02331852912902832
ENSG00000100614.17,PPM1A,0.03496017,0.03496017,-0.03040158748626709,False,0.09954088906259856,1.4744406034063893,0.1930599714050969,2.5900324212771046,0.9183802733570338,0.018908271566033363,0.034820668399333954,3.345118938257228e-24,0.0,0.0,0.45874308744771763,0.08911106938268887,0.12585513293743134,2.461620257814017,1.2747538678312786,Platelet,1.856664606432491e-178,-0.026247024536132812
ENSG00000100644.16,HIF1A,0.29716125,0.29716125,-0.09835827350616455,False,0.14967106276962017,1.4595126365942126,0.3685571080079573,4.904067425867611,0.6918372552841902,0.03111729398369789,0.06375598162412643,0.15726095961863473,0.0,0.0,0.4222792959881012,0.09545064335213739,0.21833336353302002,1.3423398315674755,1.3369709261819978,,,-0.09569835662841797
ENSG00000054654.16,SYNE2,0.107031316,0.16815872,0.09341990947723389,True,0.24892338322491986,3.7098925491345884,0.39443203939612037,4.40773017032387,0.25731258325278755,0.019554419443011284,0.07941456884145737,1.889782546014904e-12,0.0,0.0,0.45082830937360624,0.05286062747355703,0.26443666219711304,1.0291110329830075,1.1907230538859934,Monocyte non-classical,0.0035300168232727867,0.17131412029266357
ENSG00000100731.15,PCNX1,0.30554286,0.30554286,-0.05272805690765381,False,0.04451479682576894,0.7764729591974575,0.3114774638453596,4.420123532475046,0.9452020939853456,0.020078690722584724,0.025609314441680908,0.020500845738137735,0.0,0.0,0.3292140162281163,0.07024876982438587,0.08313298225402832,2.275711512402821,1.6426165953545837,Monocyte classical,0.0005760651478223818,-0.037363290786743164
ENSG00000197555.9,SIPA1L1,0.9300078,0.9300078,-0.2475072145462036,False,0.05186263255085821,0.6183438280426365,0.30921913373232357,4.284875676271566,1.892544150352478,0.038074471056461334,0.027159491553902626,0.13985619705651306,0.0,0.0,0.07415983880697806,0.1166628134924608,0.08475656062364578,1.3718240283023349,1.2718512397508765,Monocyte classical,1.3224136874500913e-06,-0.24131131172180176
ENSG00000119707.13,RBM25,0.34364763,0.34364763,-0.30231642723083496,False,0.05771061714312658,0.7195883941977658,0.13615519923120006,8.119571613032752,0.7610264874994757,0.037142373621463776,0.07430656254291534,0.1396229257710681,0.0,0.0,0.3681393314466056,0.13435893973575477,0.23778963088989258,2.180501683141201,2.8844399242564376,"Monocyte classical,Monocyte non-classical,Pre-B small",3.257752880226534e-06,-0.15198278427124023
ENSG00000080815.18,PSEN1,0.51708895,0.51708895,-0.2337743043899536,False,0.049432075757469,0.8114403018993158,0.29440757182014654,5.0650661218838415,1.5434556603431702,0.025432206690311432,0.02554004080593586,0.16456258340111346,0.0,0.0,0.11887360749381254,0.07396919142060199,0.08225347101688385,1.0668429989851664,1.2994819647768945,Monocyte classical,6.501804454656494e-08,-0.22947347164154053
ENSG00000170345.9,FOS,0.026545106,0.036409456,0.6855278015136719,True,12.256324696376609,29.777837636019317,0.9633473471543555,4.952565489004892,0.01690732858143747,0.12428493052721024,3.4733240604400635,0.3330216983335245,0.0,0.0,0.4940469366636437,0.32625756881847673,8.147629737854004,0.43667481692894355,0.8938082477717739,Monocyte non-classical,0.00010409494843405751,0.7065779268741608
ENSG00000119705.9,SLIRP,0.0114092175,0.027521165,0.03259164094924927,True,0.27389304734431746,6.114456644281542,0.2683595717022977,6.050720120239823,0.0835437838360667,0.011347943916916847,0.1830340176820755,0.0099753465320877,0.0,0.0,0.4460507405752465,0.04103644035436904,0.5477416515350342,0.9283170571428604,2.261048950134026,Monocyte classical,4.199012653523305e-27,0.04212993383407593
ENSG00000140030.5,GPR65,0.084489174,0.084489174,-0.04922831058502197,False,0.07281479910339275,2.3267203504696448,0.28789933217812147,3.6131395509812725,0.49527275562286377,0.015490438789129257,0.04691487178206444,0.047705382347986325,0.0,0.0,0.2542262348713952,0.05295881099836564,0.13569751381874084,2.299137083705552,1.4180123712809105,,,-0.00399327278137207
ENSG00000196405.12,EVL,0.6406918,1.4889401,0.35122787952423096,True,0.08569934502798038,0.3244141603118919,0.34245790528824144,5.832252980022254,2.744252723157406,0.11334510147571564,0.0628833919763565,0.29685204896427436,0.0,0.0,0.058470397496052665,0.2653703977158201,0.15820004045963287,0.6235482554306953,1.6287113059454053,,,0.3513188362121582
ENSG00000197102.10,DYNC1H1,0.18704851,0.18704851,-0.15338706970214844,False,0.03218606441785374,1.1305681838651442,0.23222463197347532,6.396970493435778,0.6141327629486719,0.013198829255998135,0.027581166476011276,0.1324974807549676,0.0,0.0,0.1381355378192925,0.046627841244248014,0.10017301142215729,2.2505526536839886,2.0135287983636694,Granulocyte precursor,6.480709712323662e-05,-0.09595263004302979
ENSG00000089902.9,RCOR1,0.039417673,0.039417673,-0.01219320297241211,False,0.05934009211375415,0.8953963489688868,0.24502178496548474,2.8033452165194923,0.6771926376223565,0.015220503322780132,0.024386335164308548,1.6410577814687064e-06,0.0,0.0,0.47558401149477947,0.09676738227607018,0.08197841048240662,5.240580660134229,1.3803776280433953,,,-0.011598348617553711
ENSG00000185215.8,TNFAIP2,0.018912777,0.048747733,0.018023908138275146,True,0.3218227305166266,3.250175565068093,0.4580520411420963,1.59308068973025,0.17214336700737476,0.02128041535615921,0.07139072567224503,1.495023875903708e-13,0.0,0.0,0.4592399336910371,0.0845385783902719,0.21474167704582214,2.617048530501695,0.9830272892006886,,,0.05955147743225098
ENSG00000100664.10,EIF5,0.21995589,0.21995589,-0.13024675846099854,False,0.08418975128933184,1.2254835368489183,0.1900544108898429,6.855193692307805,0.5283166078478096,0.030854057520627975,0.07869493961334229,0.16393235820319238,0.0,0.0,0.28151537851376296,0.10034968832547442,0.2561300992965698,1.7253082419097232,2.1332949888038937,"Monocyte classical,Monocyte non-classical",0.007436047880709753,-0.0916363000869751
ENSG00000166428.12,PLD4,0.0012800123,0.0012800123,0.021821320056915283,False,1.6838154811982156,63.86479626355022,0.43655458127577274,1.7544099698759519,0.02178007286662857,0.008840598165988922,0.4577684700489044,9.298920237615026e-11,0.0,0.0,0.4775897394078869,0.028021019533397414,1.0808990001678467,0.704834666702153,0.729701417484006,,,0.022239506244659424
ENSG00000226777.7,FAM30A,0.09644916,0.16058609,0.4026142954826355,True,0.3480701026784442,3.222719914100862,0.5212521713140709,5.7551752229224755,0.2234156773736079,0.03132908418774605,0.16605305671691895,0.17989154710902433,0.0,0.0,0.44425682407498734,0.09977625951515634,0.5443780422210693,1.1418908323051375,1.4801956342035822,Erythroid late,6.103987627512981e-19,0.478058397769928
ENSG00000114062.18,UBE3A,0.18832798,0.18832798,-0.1307086944580078,False,0.06220409869168019,1.3743489934323867,0.23346360019103182,5.085557213542182,0.5103690117597581,0.017560986801981926,0.04215030372142792,0.1059796122008027,0.0,0.0,0.2607700741935301,0.06413483052379476,0.14608126878738403,2.2172267642911807,1.7464444768408596,"Monocyte classical,Erythroid late",6.688738250708415e-05,-0.10331273078918457
ENSG00000140199.11,SLC12A6,0.13899304,0.13899304,-0.1187734603881836,False,0.1795966861492062,3.272574621681989,0.6241501447311871,1.8888568870116251,0.17937931470572954,0.012895483523607254,0.033967774361371994,3.973027185141722e-14,0.0,0.0,0.31641992115588585,0.05189263208842432,0.09031549096107483,2.4529502306094093,0.6899110692732642,Monocyte classical,0.0022402185324298133,-0.029742717742919922
ENSG00000176454.13,LPCAT4,0.04299537,0.04299537,-0.03911018371582031,False,0.029412562466146586,1.5710467579799758,0.23613453371197443,3.5561575847227265,0.623519864016109,0.005773118231445551,0.011162138544023037,4.4318936597712314e-12,0.0,0.0,0.3835362229674196,0.021891284441856843,0.043968576937913895,2.59990442654246,1.2306875883611275,B naive,0.0022330222016305485,-0.03903841972351074
ENSG00000103994.16,ZNF106,0.12821239,0.12821239,-0.04318130016326904,False,0.06639251393033922,1.778614535436423,0.2681914053844439,4.738989525697207,0.6784788474440575,0.017497217282652855,0.0425516702234745,0.08573739134262379,0.0,0.0,0.27736176836149384,0.057814215677503,0.13305014371871948,2.2694194038747155,1.4715633410379276,,,-0.009177565574645996
ENSG00000104133.14,SPG11,0.6896453,0.6896453,-0.33767008781433105,False,0.027727032804608892,0.47063894038238696,0.21954621546244513,6.6634634119050915,1.660674500465393,0.02611423470079899,0.022801361978054047,0.17455048721988733,0.0,0.0,0.05143816304833672,0.08015322248092005,0.07322321832180023,1.2984572271776538,1.9479819540210848,Monocyte classical,1.4136295135928583e-11,-0.2966446876525879
ENSG00000138593.8,SECISBP2L,0.21767615,0.21767615,-0.09803175926208496,False,0.04102900468021949,1.0505802660513701,0.2943171876215206,5.387491639546376,0.8314356695115566,0.0140002416446805,0.02269005961716175,0.06683608246629226,0.0,0.0,0.3094884113761847,0.04685675019849267,0.07387040555477142,1.3420663696671278,1.542662313917376,Pre-B small,0.0010150547919878209,-0.094277024269104
ENSG00000104064.16,GABPB1,0.2659848,0.2659848,-0.11756110191345215,False,0.03336206380770374,0.7439887752703745,0.2533756580838959,6.2101970892685285,0.9188029342889785,0.017213594168424606,0.02655658684670925,0.13388273484597435,0.0,0.0,0.1283667155322213,0.057925486362677255,0.08665455132722855,2.1113998030584726,2.073644510852083,"Monocyte classical,Erythroid late",0.0012197875342992363,-0.11754119396209717
ENSG00000138600.9,SPPL2A,0.24351679,0.24351679,-0.18331873416900635,False,0.051032388148963964,1.2743265682202272,0.2830803315234396,5.638666896539543,0.7298703774809837,0.0195534098893404,0.04152488708496094,0.13689053259054793,0.0,0.0,0.2048909752759565,0.06079022460631123,0.12758228182792664,2.3018464226963378,1.8154431212159898,"Monocyte classical,Pre-B small",1.3769060277304232e-06,-0.042079806327819824
ENSG00000104093.13,DMXL2,0.05894769,0.1760915,0.1330510973930359,True,0.14306867194965286,2.706256886737332,0.3852961128118272,3.910985564912673,0.47228806719183936,0.02657226100564003,0.07750204205513,0.10548383295255603,0.0,0.0,0.3490861451344515,0.08932595476820636,0.2256200909614563,1.9434343613809317,1.2162435914491987,,,0.16906869411468506
ENSG00000069966.18,GNB5,0.01806755,0.10464999,0.019061684608459473,True,0.12942192747986056,2.543605450886665,0.45730079043223987,2.5787135602113933,0.17247384019196033,0.015912747010588646,0.04359370097517967,0.04804445423010833,0.0,0.0,0.18618626863816762,0.05209429945115706,0.13142849504947662,1.6252302490601578,1.0642107172950714,B naive,0.0009452660053228185,0.044306933879852295
ENSG00000128989.10,ARPP19,0.05086,0.05086,-0.32889890670776367,False,0.03153417166635793,1.4153401833912784,0.12487021263666422,7.366140756394425,0.3085556298494339,0.009767427109181881,0.045900214463472366,0.08623818539395445,0.0,0.0,0.1941391552850994,0.029115616843094827,0.1617911458015442,1.5857311742209288,3.320272150408979,B naive,1.1795249903374923e-11,0.006153702735900879
ENSG00000137871.19,ZNF280D,0.058885947,0.058885947,-0.10077810287475586,False,0.030084567520638976,1.2816678117200684,0.21626062104048266,4.460225700613596,0.7464691809564827,0.009555088356137276,0.01948857679963112,3.1105895421909924e-19,0.0,0.0,0.34948898135621165,0.027574906253738037,0.08199495077133179,2.6332467654448632,1.6311497200432392,Monocyte non-classical,7.907236544090068e-06,-0.09633839130401611
ENSG00000137776.16,SLTM,0.3155286,0.3155286,-0.2443232536315918,False,0.05162651032751119,0.7496639780178611,0.16689575740181786,8.717616256299932,0.6610667803883552,0.03078281693160534,0.06274683028459549,0.16782343051584736,0.0,0.0,0.2610025980112842,0.10565924569790928,0.20095068216323853,1.8572963206831412,2.821011884389684,,,-0.12487709522247314
ENSG00000140299.11,BNIP2,1.014823,1.014823,-0.19021892547607422,False,0.03136345563977192,0.356675252040776,0.2988544951624197,7.455122688119869,2.5314901703596115,0.03422736003994942,0.023424504324793816,0.14974637150825426,0.0,0.0,0.22764072642673688,0.1083280010336658,0.07631019502878189,1.6377092170001495,1.8959323332589897,Monocyte classical,6.3526025254055075e-16,-0.06418991088867188
ENSG00000182718.16,ANXA2,0.026486624,0.03457646,0.15463674068450928,True,1.8406121200134569,25.312578263690995,0.35208159546242845,1.9482037051678607,0.12425122825428844,0.034257858991622925,0.47767525911331177,0.12692578426667656,0.0,0.0,0.4680974183044554,0.10157571426319299,1.4666378498077393,0.8953965672646783,0.5246224573337039,"Granulocyte precursor,Monocyte classical",0.0038027868192265384,0.15719014406204224
ENSG00000128915.11,ICE2,0.061569467,0.061569467,-0.06609368324279785,False,0.019791673963392337,1.0059434844262185,0.2387461586497929,6.7002146858396845,0.6040188491592806,0.008163818158209324,0.017108792439103127,0.09367385569573752,0.0,0.0,0.14139669883711747,0.02504544438225786,0.05779735743999481,1.6094433430615311,2.0833031636980346,Monocyte classical,3.489164110006803e-08,-0.0639336109161377
ENSG00000129003.15,VPS13C,0.19116037,0.19116037,-0.1732182502746582,False,0.07443372190910212,1.4174279649294885,0.2946700608538876,4.503021125536551,0.5361329313615961,0.02163287065923214,0.05107615515589714,0.15309978713733804,0.0,0.0,0.24128323977209748,0.06926335789797998,0.14891411364078522,1.8615432791742401,1.6657239380433575,,,-0.05883514881134033
ENSG00000103657.13,HERC1,0.34030858,0.34030858,-0.3269922733306885,False,0.034122327033899634,0.9212473352288187,0.24540103858280007,5.7710614104912565,0.8885294874509175,0.015927696600556374,0.023004913702607155,0.13624354486211224,0.0,0.0,0.09146577123666955,0.05392787306170987,0.08029098808765411,1.6953688254919965,1.7285024415797834,"Pre-B small,B naive",0.005337212170290044,-0.2759511470794678
ENSG00000090487.10,SPG21,0.014590799,0.014590799,-0.029708266258239746,False,0.33264259760831816,3.6431977823522153,0.19998013296270023,2.169403076039459,0.213040558733046,0.017613213509321213,0.12587329745292664,0.00413998759057974,0.0,0.0,0.4922218886873715,0.19533169904367045,0.345781534910202,13.227786729854307,1.513240546335224,,,-0.0005074739456176758
ENSG00000166855.9,CLPX,0.18120854,0.18120854,-0.1209179162979126,False,0.02711645521099084,0.9058126989494781,0.2523218438044709,6.832370613972785,0.6248115746180216,0.011679611168801785,0.02366223931312561,0.16334058500839418,0.0,0.0,0.08634433234462557,0.03794028919189429,0.07226510345935822,1.4782594737264174,2.2366039196516843,"Monocyte classical,Plasmacytoid DC",0.0037426076138931414,-0.05749547481536865
ENSG00000074603.18,DPP8,0.14963436,0.14963436,-0.09197092056274414,False,0.02914393002997937,0.9021280172810732,0.22014816227243672,5.702844617168884,0.9261018016934393,0.014550442807376385,0.027220163494348526,0.07540002469329311,0.0,0.0,0.27369795482872095,0.05481693848212821,0.09059886634349823,3.0556393809993105,2.1514658612365034,Monocyte classical,1.9653992042933035e-08,-0.0629347562789917
ENSG00000174485.15,DENND4A,0.36802134,0.36802134,-0.21933448314666748,False,0.034088411417683505,0.7655455375053146,0.2515535657261848,5.407447525977232,1.0523535908758639,0.018461845815181732,0.02363971248269081,0.13723317921586337,0.0,0.0,0.1535416555901739,0.06075881541465567,0.07496689260005951,1.6521040543853798,1.7353382661458479,B naive,6.754516710847208e-07,-0.2101367712020874
ENSG00000140400.16,MAN2C1,0.30993333,0.30993333,-0.15771019458770752,False,0.029097330208465715,0.4991920874953303,0.24482529429098687,6.058020130317627,1.3768810316920277,0.01948588714003563,0.017914319410920143,3.951484970162933e-21,0.0,0.0,0.3953583032794702,0.07379767977918839,0.06235170364379883,2.3454398797622846,1.8416725387630895,Erythroid late,9.149598377001975e-09,-0.15739452838897705
ENSG00000140379.7,BCL2A1,0.53104395,0.7450347,0.6001667082309723,True,0.46830890296285627,0.7443252935776842,0.504722520279242,4.345219128888581,1.0476828987730875,0.1843288689851761,0.23331540822982788,0.20417680388099985,0.0,0.0,0.45489491354076306,0.5577007589113377,0.6765639781951904,0.9607895039617651,1.5634011540162285,Monocyte classical,2.1241911424313614e-39,0.643996387720108
ENSG00000237550.5,RPL9P9,0.6172788,0.6172788,-0.4163992404937744,False,0.053458506983550265,0.32661480581252966,0.17274388119675926,8.992445364017023,1.5031932413578035,0.056793954223394394,0.05950697138905525,0.2401575223091082,0.0,0.0,0.06761346220455174,0.18593318278753299,0.17530451714992523,0.9140814511588472,2.8871700479824787,Granulocyte precursor,5.202229940690095e-06,-0.3760387897491455
ENSG00000169609.13,C15orf40,0.18919283,0.18919283,-0.07003653049468994,False,0.04380258988093837,1.1014308144779275,0.2608086334825902,4.843932485163529,0.6479695717493693,0.010775554925203323,0.017184047028422356,6.616343818753624e-15,0.0,0.0,0.39234493848094204,0.04909867046243833,0.06960222125053406,1.9303165594987786,1.4569159887033574,Granulocyte precursor,1.969320398242513e-43,-0.05760681629180908
ENSG00000166825.13,ANPEP,0.041304052,0.13824762,0.15809661149978638,True,0.28577798406295896,3.871246784407154,0.531912071062036,2.355495120239866,0.30441784954319406,0.02455674670636654,0.10211210697889328,0.1556456432826201,0.0,0.0,0.2539244553035773,0.07096249811172406,0.2952161133289337,1.0721375396894954,0.9667140921426179,Monocyte classical,0.003517199346015408,0.18510067462921143
ENSG00000131871.14,SELENOS,0.05286804,0.13519493,0.06242728233337402,True,0.27274473028077834,2.578278934061583,0.31416930316747654,4.884148466860172,0.2481812737109485,0.019619252532720566,0.09212498366832733,0.005077401769685445,0.0,0.0,0.4710603428139739,0.0655517363638536,0.6683944463729858,2.007831580496917,1.6743577009604698,,,0.0629582405090332
ENSG00000185418.15,TARSL2,0.076833546,0.076833546,-0.11518251895904541,False,0.04662575084013133,1.5330597453511463,0.2916623795918317,3.4671580437589125,0.2762705661356448,0.009637018665671349,0.027470000088214874,0.020597581860711645,0.0,0.0,0.07132262248251871,0.02524712926239747,0.09299550205469131,0.9831400670903441,1.6733984755597866,"Pre-B small,B naive",0.0013308241000705514,-0.014592409133911133
ENSG00000128739.21,SNRPN,0.023249786,0.023249786,-0.05042159557342529,False,0.2696424460178575,6.297122472137285,0.4974319558838419,3.2959527071036634,0.07900748435407876,0.012301336042582989,0.0735674798488617,0.03630521920224582,0.0,0.0,0.26129007850737407,0.03627198338431548,0.22839561104774475,1.1727205388682966,0.814037915836447,,,-0.018920421600341797
ENSG00000171262.11,FAM98B,0.047392167,0.047392167,-0.023306965827941895,False,0.02419710465136953,0.7346015760545849,0.26727175109900697,4.682826189762102,0.8157770970463756,0.008694233372807503,0.014361128211021423,3.684926032156315e-06,0.0,0.0,0.35526703815512073,0.034384287121790535,0.053672730922698975,3.0461102413283503,1.927341205831624,"Granulocyte precursor,Monocyte classical",0.0003802568908730838,-0.023160934448242188
ENSG00000137801.10,THBS1,0.024160525,0.024928495,0.12973523139953613,True,0.5989769285247857,6.936749607600852,0.5030769432707834,2.5276923135857343,0.10805962282543381,0.020623981952667236,0.24159368872642517,2.569928023217188e-11,0.0,0.0,0.48352784005833027,0.09398511512639818,0.776085615158081,2.1881210983844546,1.6083026503428373,Monocyte classical,0.004721999232792211,0.16693955659866333
ENSG00000187446.11,CHP1,0.038020223,0.038020223,-0.2378687858581543,False,0.4300477948273577,5.479450921967957,0.4845265773629048,2.9539388895893834,0.061544768773019315,0.017915675416588783,0.1375446915626526,0.04969729333662758,0.0,0.0,0.45565429268832147,0.06400993330414151,0.3329355716705322,1.7835908661788784,1.3343947592131227,,,0.021195530891418457
ENSG00000137804.12,NUSAP1,0.18430822,0.17767854,0.6913071274757385,True,0.8314734943142986,3.0684027890014973,0.45003858225551774,4.437259862631668,0.20688005902700957,0.055687788873910904,0.2688800096511841,1.600796684970986e-18,0.0,0.0,0.4931915784801481,0.18273985979015708,1.184995174407959,1.5450662149873255,1.5735703605340854,,,0.6915202736854553
ENSG00000140264.19,SERF2,6.843882,6.843882,-0.12581884860992432,False,0.13237772479158386,0.033819517291898964,0.16595237355189826,10.2623940536,14.01824666261673,1.3338204622268677,0.14486417174339294,0.27921709725474037,0.0,0.0,0.37176948849621877,3.6439313804578437,0.4499458074569702,0.6184308766033625,3.058488839809985,Platelet,8.259002687661691e-44,-0.08877074718475342
ENSG00000128951.13,DUT,0.016607853,0.019361094,0.25066566467285156,True,1.1561166678175867,20.554945174334538,0.49668539731140837,9.992086529975849,0.030684041627682748,0.015600684098899364,0.6851092576980591,0.19784482921203816,0.0,0.0,0.4815057952619248,0.05026124869970783,1.601319432258606,0.5281719727414793,1.831273047632933,"Plasmacytoid DC,Pre-B small,B naive",2.6541713737561177e-06,0.3590744733810425
ENSG00000244879.6,GABPB1-AS1,0.16965342,0.39650238,0.09631025791168213,True,0.11095475865898463,1.1087087519028436,0.2898198287067662,5.162127038743958,0.9718351870775223,0.0378861129283905,0.05652693659067154,0.20509504968232478,0.0,0.0,0.29683038556462077,0.10678088728144354,0.19403678178787231,1.011369640026804,1.3457298968575364,,,0.09638607501983643
ENSG00000138592.13,USP8,0.15872173,0.15872173,-0.12675631046295166,False,0.09113160825165824,2.5319173357963556,0.3101336543697137,4.960189663521481,0.5072251398861407,0.017821872606873512,0.04901474714279175,0.09142174629545355,0.0,0.0,0.2148930269717551,0.05827483813831602,0.16407719254493713,1.8200410661721342,1.3306382338292302,"Pre-B small,B naive",0.0019617294389136625,-0.04282259941101074
ENSG00000069956.11,MAPK6,0.10365064,0.31000185,0.08922123908996582,True,0.10055008496615961,1.4003292505955383,0.2995835956563149,5.265990952867238,0.6625756978988647,0.025272132828831673,0.05530627444386482,0.12898371204477133,0.0,0.0,0.315466862676541,0.07639853619663484,0.16340528428554535,1.4264716140028548,1.6409359242375723,Monocyte non-classical,0.002274126627732536,0.14222407341003418
ENSG00000247982.6,LINC00926,0.52579683,0.7946419,0.7336567044258118,True,0.4280338016274991,0.8032110717281445,0.49409639562116886,4.595315881034425,1.1564159244298935,0.21596433222293854,0.2287726253271103,0.2839809557419681,0.0,0.0,0.27783649092316465,0.5034848232543254,0.5880796909332275,0.6061138343133532,1.1932368282373487,,,0.7573332041501999
ENSG00000140416.19,TPM1,0.0003898027,0.011224396,0.044651031494140625,True,0.2405389921885583,10.784767524865105,0.3327378603594948,4.001473825214417,0.071074462775141,0.007379421964287758,0.13142721354961395,3.494417750338477e-18,0.0,0.0,0.47106727707188384,0.022539485231771742,0.5881479978561401,1.285589117158523,1.5727614032661277,Granulocyte precursor,1.2311093347302527e-05,0.049623072147369385
ENSG00000103642.11,LACTB,0.030781075,0.0977391,0.033045172691345215,True,0.1753422032986066,2.8696218501257738,0.3304365250008011,3.0967277765306855,0.5028925540298222,0.02511383779346943,0.07603178173303604,4.2044103246783623e-19,0.0,0.0,0.4543922631972735,0.1080841881983927,0.2038138210773468,2.1018426774894743,1.0550120424131402,,,0.03458172082901001
ENSG00000166128.12,RAB8B,0.12395603,0.12395603,-0.2167283296585083,False,0.11516776099663996,3.2723343000249008,0.31823519242558684,4.055405359320778,0.35445811549822487,0.01374894194304943,0.049778733402490616,0.10311571835331426,0.0,0.0,0.1405770291131867,0.03938134210225286,0.1453935205936432,1.3715909212888615,1.2198192231477862,,,-0.06741225719451904
ENSG00000140455.16,USP3,0.36108187,0.92831,0.11948370933532715,True,0.06243972732975966,0.3490342846930438,0.274906141243345,7.724679940419027,1.4045055249333385,0.062141966074705124,0.056006453931331635,0.20385845188345608,0.0,0.0,0.2088580851396014,0.18562866156981703,0.16340652108192444,1.1416661369021248,2.3239537702657107,Monocyte classical,5.953065297872782e-22,0.16077560186386108
ENSG00000157734.13,SNX22,0.13751955,0.13751955,-0.0209275484085083,False,0.15599038955864153,3.371719630773431,0.4790033853465126,3.06253735569253,0.119263975918293,0.015263768844306469,0.060471996665000916,0.14389402371858237,0.0,0.0,0.1632274577916797,0.04338873192788384,0.16890551149845123,1.251584259217866,1.1610204894334635,"Pre-B small,B naive",0.00042750905262504485,0.11394083499908447
ENSG00000103769.9,RAB11A,0.19344087,0.1690904,0.3505939245223999,True,0.08676097399509042,1.2113428601228344,0.15961727532848752,8.856983663135058,0.33027121275663374,0.02626754716038704,0.09742824733257294,0.12010751423547543,0.0,0.0,0.4435311185978092,0.10379060261145058,0.3405805230140686,2.660845910075582,3.061951285961047,Platelet,0.0,0.3626713156700134
ENSG00000033800.13,PIAS1,0.21148686,0.21148686,-0.11734867095947266,False,0.04203837410677346,1.2252153532322891,0.2595128697316753,5.86660188654915,0.7083423444628714,0.018755469471216202,0.034553755074739456,0.10227693340397066,0.0,0.0,0.20487368261329542,0.06532559840303209,0.10870230197906494,2.938833072063499,1.8200770411156224,Monocyte classical,2.4169988308459984e-06,-0.08611917495727539
ENSG00000166233.14,ARIH1,0.07601609,0.07601609,-0.09002697467803955,False,0.06697761919985036,1.6515167721535473,0.46288207178362817,3.525973127929444,0.22696422860026355,0.01171552948653698,0.024389691650867462,0.002520162691118096,0.0,0.0,0.2961376698591359,0.04052447788497116,0.07854312658309937,2.4688693671884883,1.1628610082475,,,-0.0479435920715332
ENSG00000140398.13,NEIL1,0.13266733,0.25531667,0.5353112816810608,True,0.1871867396243797,1.165177056995129,0.27597862372761717,6.101831315590378,0.3376233657946189,0.04394710063934326,0.15413829684257507,0.14877791604445417,0.0,0.0,0.39981344990756806,0.1352419415242476,0.39649075269699097,0.8599765654234218,2.5801302364775243,,,0.5353771150112152
ENSG00000167196.13,FBXO22,0.18064758,0.18064758,-0.07390272617340088,False,0.030047142367792188,0.5191826524859131,0.22140573405874228,3.6350910650490196,2.666342343091965,0.017619702965021133,0.011448693461716175,0.0009275665684956785,0.0,0.0,0.47669594731382586,0.12049353851895714,0.04596740007400513,12.192606899643208,1.25151813461677,,,-0.07254135608673096
ENSG00000117906.13,RCN2,0.016051872,0.016051872,-0.032642483711242676,False,0.1316923897972245,5.570031906729225,0.21193058571253987,2.5002430369990014,0.1959991380572319,0.008876213803887367,0.06793050467967987,0.003654176879635545,0.0,0.0,0.39703794073836995,0.030528473352231966,0.19498848915100098,2.139990889466095,1.3739768275435498,Pre-B large,1.4360876709529354e-06,-0.008431553840637207
ENSG00000136381.12,IREB2,0.068795756,0.068795756,-0.09693193435668945,False,0.021623085389844338,0.8462197008727239,0.23081256611815623,6.766874877541865,0.8744111774861811,0.011622623540461063,0.018841329962015152,0.07156757233722964,0.0,0.0,0.24889886759982294,0.04049257717778864,0.07314085215330124,2.461160683077017,1.9875238021274266,Erythroid late,5.26502937423291e-31,-0.09411585330963135
ENSG00000156232.7,WHAMM,0.2695767,0.2695767,-0.025379419326782227,False,0.08562444379236347,1.4096663770056923,0.2878897143038755,4.744266175825055,0.5958716550469398,0.02115493081510067,0.047839611768722534,0.14411473843015973,0.0,0.0,0.321113478667312,0.06995235783483622,0.16024896502494812,1.7057794134567135,1.644309557769293,B naive,1.3712149539480103e-05,-0.011957287788391113
ENSG00000170776.21,AKAP13,0.28329197,0.28329197,-0.0540238618850708,False,0.09637226170054387,1.529619356232229,0.3027360121489187,4.933780738801392,0.6136983007192611,0.027903873473405838,0.06138232722878456,0.16449181183037817,0.0,0.0,0.17727473878230499,0.08490882256343378,0.173658549785614,1.3128580843986886,1.5100272983439083,Monocyte classical,6.437941647896515e-09,-0.018164396286010742
ENSG00000172183.14,ISG20,0.08266205,0.13999501,0.4918898940086365,True,1.0466950126706744,6.403511165046567,0.6262465248957321,2.7104732735272474,0.0728179393708706,0.05242018401622772,0.3401433229446411,0.24641291297279344,0.0,0.0,0.4016606063492422,0.13746754859274546,0.8238667249679565,0.8431718636086412,0.9650636638421093,Pre-B small,4.3800271922170356e-07,0.5247117877006531
ENSG00000140575.12,IQGAP1,0.29981068,0.6109273,0.247825026512146,True,0.8379523364416618,1.5950461149477864,0.6132721578366724,3.1363456387307402,0.26980899989604956,0.14230936765670776,0.24526184797286987,0.23287746142651833,0.0,0.0,0.44671975552897014,0.41317892129653444,0.6070977449417114,0.9501546345755257,0.9933594652147222,,,0.47728294134140015
ENSG00000140577.15,CRTC3,0.20316593,0.20316593,-0.16492998600006104,False,0.02559317230623469,0.9292098777129538,0.2902808719930759,6.646385822240423,0.6323954820632934,0.010940968059003353,0.019511494785547256,0.10837460473183091,0.0,0.0,0.1884132770523957,0.038964319793482353,0.06375633180141449,2.02467506736573,2.0151633928720014,"Monocyte classical,B naive",0.005117421011738132,-0.13158047199249268
ENSG00000182511.11,FES,0.02521092,0.02521092,-0.025094985961914062,False,0.19003599367339824,4.061789771961574,0.42587319718810945,2.413195873541764,0.09522476010024548,0.011868252418935299,0.058889612555503845,0.08531027009938277,0.0,0.0,0.16735672153400266,0.030384214306864447,0.1490955650806427,0.9607157094958172,1.163443154408784,Monocyte classical,0.0022702092956623852,0.004700899124145508
ENSG00000173575.20,CHD2,0.6198156,0.6198156,-0.533248782157898,False,0.05211742138747303,0.5722878595310719,0.24793137242804653,5.714364302191608,1.467854271233082,0.0332658551633358,0.032124679535627365,0.20695861996674111,0.0,0.0,0.08214352130051561,0.10459000903193963,0.1043904647231102,1.0868658270154004,1.6874293338167072,"Monocyte classical,B naive",0.0015070826945647784,-0.5191417932510376
ENSG00000140563.14,MCTP2,0.17121093,0.17121093,-0.009884953498840332,False,0.05449175999342522,1.2466672227573274,0.29796159457592686,4.3931451881733805,0.6322518010934194,0.01402044016867876,0.02845843695104122,6.64682939724733e-19,0.0,0.0,0.38566669199086745,0.04369023133426975,0.12029417604207993,1.8582001271943707,1.6281666989840986,Pre-B small,1.0202188401664896e-08,-0.0008618831634521484
ENSG00000068305.17,MEF2A,0.49581006,0.49581006,-0.2535640001296997,False,0.030316402663641353,0.5168013107257173,0.22778594291938703,5.673858840273771,1.4540975081920626,0.026005137711763382,0.025350626558065414,0.1433763294190853,0.0,0.0,0.17201745424840492,0.0864041350437219,0.07551883161067963,1.9771099098427105,1.93343597958559,,,-0.2533162832260132
ENSG00000007392.16,LUC7L,0.13563503,0.13563503,-0.174338698387146,False,0.029449031924481287,0.9082331525757116,0.21334205914162171,6.506405029402621,0.9086357279121877,0.014710996299982071,0.02230200357735157,0.03732349096054944,0.0,0.0,0.2211974526764129,0.049202976378297514,0.08289782702922821,2.375096661441072,1.8836898368761228,"Erythroid late,Platelet",0.0023792149549640455,-0.17271709442138672
ENSG00000162032.15,SPSB3,0.031341627,0.031341627,-0.21995389461517334,False,0.05956780050540866,2.009119940759927,0.19550951813524267,3.4727043545447285,0.31974775806069355,0.010640079155564308,0.043425802141427994,0.02050186302018322,0.0,0.0,0.03421414765467329,0.026227799228763168,0.15476442873477936,1.0992564176000374,2.186302806264185,Pre-B small,2.8875176473923192e-12,-0.011457324028015137
ENSG00000198736.11,MSRB1,0.01697747,0.13116464,0.11457955837249756,True,0.3205764123167208,3.2540775925496725,0.48915674760195654,2.5832551970349384,0.13989436089992524,0.030560219660401344,0.10321862250566483,0.09560251424110336,0.0,0.0,0.3841334533680507,0.09388386243628587,0.2727755904197693,1.7441742853962205,0.9341491524692751,Monocyte classical,2.479175571284796e-05,0.16534817218780518
ENSG00000184207.8,PGP,0.06522943,0.06522943,-0.10731339454650879,False,0.12758940265171176,2.6562322705451935,0.43159007091519186,2.68934356419484,0.16269344538450242,0.013559635728597641,0.04229743406176567,0.0007662082480786789,0.0,0.0,0.38662701162272145,0.049292618202354525,0.12242181599140167,2.016688028086883,1.1184347310508025,"Granulocyte precursor,Monocyte classical",0.009260911203822149,-0.006467461585998535
ENSG00000103145.10,HCFC1R1,0.016303051,0.016303051,-0.04215431213378906,False,0.046378989378034086,1.1142937864325846,0.19114239905554,4.714653692555944,0.3488224008679389,0.011556328274309635,0.03130742162466049,6.546447844547007e-17,0.0,0.0,0.24112546884600772,0.03523998671908757,0.1220928281545639,1.6266964365730032,2.1881155178556018,,,-0.005174756050109863
ENSG00000005339.14,CREBBP,0.20624542,0.20624542,-0.13634395599365234,False,0.0605557134995322,1.5018504308451859,0.344223489414561,5.690667129041034,0.6542730271816254,0.019393272697925568,0.04297937452793121,0.12828219350368178,0.0,0.0,0.23228298526147906,0.06265181354599036,0.13508456945419312,2.3135745243849404,1.6075322474447211,"Monocyte classical,Pre-B small",0.001549117199658239,-0.08152508735656738
ENSG00000140632.16,GLYR1,0.12165771,0.12165771,-0.20135581493377686,False,0.024654461527713955,0.7808056500245328,0.207111924861285,7.3659083780581405,0.7162432111799717,0.013833672739565372,0.02602589875459671,0.12526482975495118,0.0,0.0,0.14828966920627829,0.047797910303803995,0.08701460063457489,2.48472394605611,2.4998469293716647,Granulocyte precursor,0.004282938517416293,-0.19912958145141602
ENSG00000153048.10,CARHSP1,0.009825626,0.009825626,0.03703731298446655,False,0.6049601270616641,23.533044955968794,0.33202084624329586,3.7365302478578397,0.029465721286833294,0.006385615561157465,0.3071911931037903,1.9525191870423476e-14,0.0,0.0,0.46177424988177845,0.017284939798908997,1.0100493431091309,0.392703028453717,1.5769705506412346,"Monocyte classical,B naive",4.424176626892833e-05,0.08616507053375244
ENSG00000187555.14,USP7,0.0728176,0.0728176,-0.08815658092498779,False,0.1781836460296258,4.12186107878422,0.8130557266106807,2.0916117272654526,0.1584591867774725,0.012777288444340229,0.03809983283281326,0.08736483075246766,0.0,0.0,0.10344439968350838,0.04093652569069173,0.12259140610694885,1.558282043582708,0.6510787927060809,Monocyte classical,9.608892251736042e-06,-0.02863013744354248
ENSG00000189067.12,LITAF,0.042079043,0.042079043,0.004024147987365723,False,0.5342076066440133,9.573244106881784,0.4013440634423098,2.384661410700919,0.18080370817333458,0.02053787186741829,0.17890754342079163,0.03058981629011764,0.0,0.0,0.44776860425681075,0.07033362221996065,0.5298418998718262,1.973523346647636,0.9099427838409911,,,0.055418312549591064
ENSG00000153066.12,TXNDC11,0.15727958,0.15727958,-0.1250324249267578,False,0.040017521670616146,1.4959574673376819,0.2488049576651826,4.390703535417139,0.663972570002079,0.011838467791676521,0.025853144004940987,0.07912064673428405,0.0,0.0,0.1123258342614934,0.03597265916396441,0.08379906415939331,1.9246068243697911,1.5328086307447948,,,-0.05211758613586426
ENSG00000122299.11,ZC3H7A,0.26444867,0.26444867,-0.20255827903747559,False,0.03159190086552,0.8241781315191901,0.22624713891176362,5.605542568766543,0.934387122541666,0.01598159410059452,0.024244671687483788,0.16077954505632377,0.0,0.0,0.09004161299832553,0.05037489626529368,0.07869738340377808,1.532198754707978,1.8406665928489225,"Monocyte classical,B naive",0.0012805011072128047,-0.18354010581970215
ENSG00000103381.11,CPPED1,0.0163705,0.0163705,-0.007718443870544434,False,0.3014017607581482,4.715916915817266,0.29417740994481856,1.8042989921423347,0.1825281053781509,0.01564720645546913,0.09001116454601288,0.16884079638592028,0.0,0.0,0.48257054802745997,0.08279993516359596,0.24123136699199677,1.1348608536913445,1.0455543623859955,Erythroid late,2.1328447356241966e-35,-0.0005265474319458008
ENSG00000157106.16,SMG1,0.17188726,0.17188726,-0.1524883508682251,False,0.028051379673706668,1.0578691729138392,0.21953014580669475,5.816831745079504,0.848256030678749,0.013866226188838482,0.02206810750067234,0.03884407500991146,0.0,0.0,0.3303025269744718,0.053015951357422424,0.06920675188302994,3.0814893414855513,1.8209991829691448,B naive,1.0394206819267805e-05,-0.11697602272033691
ENSG00000140749.8,IGSF6,0.05668986,0.19792357,0.08519846200942993,True,0.11953831763028591,2.2712304259695757,0.32789991509659033,3.6740593330603453,0.4827910143882037,0.023321740329265594,0.06847386807203293,0.15618028803139206,0.0,0.0,0.18940579720385098,0.07565383477894594,0.18948031961917877,1.3750406687191903,1.292714734741213,,,0.18989169597625732
ENSG00000103365.15,GGA2,0.50718826,0.50718826,-0.13593566417694092,False,0.03957318945155297,0.6413834731683051,0.24077597817027102,5.536961497338964,1.307118147611618,0.024868132546544075,0.02853774093091488,0.1785464456377462,0.0,0.0,0.09228540568949939,0.08092783122543779,0.08435767889022827,1.1348439812599913,1.8786588750455662,Monocyte classical,4.4027533257562906e-12,-0.12961602210998535
ENSG00000140750.16,ARHGAP17,0.19534315,0.19534315,-0.11020493507385254,False,0.05579449491516364,1.2425700884152817,0.2985194028730232,4.907619843287798,0.6714943548043568,0.015870727598667145,0.030331503599882126,0.09390902209597629,0.0,0.0,0.23478901952551778,0.051519574720337864,0.10968993604183197,1.697883180319414,1.5380703659734836,Pre-B small,7.812918425778942e-23,-0.09022319316864014
ENSG00000169189.16,NSMCE1,0.0013886708,0.0013886708,0.008374929428100586,False,1.198475420891671,27.571626165831105,0.450869271348517,5.381248388371199,0.028728544777259238,0.012361730448901653,0.5798216462135315,6.138490902454862e-05,0.0,0.0,0.4887518128001856,0.038977778033900456,2.256559133529663,0.8566130287116048,1.385254507594434,,,0.008384287357330322
ENSG00000196502.11,SULT1A1,0.035790987,0.035790987,-0.06655693054199219,False,0.2801930486628185,5.943683295363214,0.45657425254247747,2.4228720723701294,0.07327437322586774,0.010579217225313187,0.083378367125988,0.02641768130332746,0.0,0.0,0.437222506065257,0.0356061132548997,0.21618857979774475,1.5909073071139568,1.1578839997621915,Monocyte classical,0.009492549550094341,0.027068793773651123
ENSG00000103502.13,CDIPT,0.8139318,0.8139318,-0.5338188409805298,False,0.019124085401043902,0.2628095118050288,0.20833857305543202,8.951818058381471,2.6799219220876696,0.02445107325911522,0.014369986020028591,0.11782111234064567,0.0,0.0,0.3254250608974775,0.0870056847206482,0.053460493683815,1.3901256046031552,2.182990849685892,,,-0.5260396003723145
ENSG00000180096.11,SEPT1,0.06549678,0.06549678,-0.06178128719329834,False,0.47870157937142144,2.519070511645357,0.2998162019377077,1.0009180541759826,0.6238926657289265,0.03243046998977661,0.09005682170391083,1.8701948011551493e-06,0.0,0.0,0.4748898647827671,0.14725522225354926,0.1982497274875641,5.891957228065162,0.8503912377701496,,,0.019079506397247314
ENSG00000103490.13,PYCARD,0.005525406,0.005525406,-0.2906302213668823,False,1.2819891914371218,46.91143741176449,0.45123683943285847,1.7122734917952867,0.01530690399929881,0.010533376596868038,0.32514873147010803,5.7481724928636775e-25,0.0,0.0,0.43818486432886744,0.031022219874197177,0.8173983097076416,1.7149790007446644,0.592213384379383,,,0.006069362163543701
ENSG00000069329.16,VPS35,0.061882537,0.061882537,-0.49682796001434326,False,0.1618572327498989,4.85901493919684,0.29294302711472037,3.5095288657001893,0.07274615842849017,0.0114173898473382,0.07415809482336044,0.12821868544595422,0.0,0.0,0.22092287323518628,0.03367635897963739,0.22215181589126587,1.6562851279399855,1.203056480739934,"Granulocyte precursor,Monocyte classical",0.0014785337218700086,-0.011069178581237793
ENSG00000069345.11,DNAJA2,0.049096555,0.049096555,-0.19875013828277588,False,0.04420612093791457,1.0472884296384648,0.16440782081319433,5.01416392130576,0.2859296500682831,0.014333032071590424,0.039475664496421814,0.006091993133740808,0.0,0.0,0.12094746386933714,0.04253585371287727,0.12892888486385345,1.3905704114854363,2.5045849617524514,Granulocyte precursor,0.00479924760084001,-0.017755508422851562
ENSG00000129636.12,ITFG1,0.12930094,0.12930094,-0.10512244701385498,False,0.03077987627325322,1.2259391062968414,0.279245277981042,7.182709035261988,0.4676425603032113,0.010494627989828587,0.024349091574549675,1.4187197947419692e-18,0.0,0.0,0.3924031161249105,0.04434040454933807,0.12206809967756271,4.186244946361874,1.9635180315936773,Platelet,2.8116208114636676e-28,-0.01829671859741211
ENSG00000159461.14,AMFR,0.11775627,0.11775627,-0.1746687889099121,False,0.0734972489335639,2.0791993666990387,0.29449743197620626,5.007460946415922,0.43297626078128815,0.014619415625929832,0.03939242660999298,0.03932576699550848,0.0,0.0,0.18538093124010918,0.046734189836228346,0.13047370314598083,2.0314714974125305,1.4287794047069973,Pre-B small,0.003010486311678722,-0.08423328399658203
ENSG00000125107.17,CNOT1,0.19610715,0.19610715,-0.08479773998260498,False,0.07938314633769858,1.3682488299787454,0.23042248801436788,6.989822312900797,0.35474731117486946,0.02226470224559307,0.07249027490615845,0.15131134869704893,0.0,0.0,0.33518420917084135,0.08042853693312324,0.22179383039474487,1.9942537794306707,2.379566173379585,Erythroid late,5.968082297550406e-09,0.029240012168884277
ENSG00000135720.12,DYNC1LI2,0.123541094,0.123541094,-0.06825745105743408,False,0.02164359042499219,0.7049985539641391,0.23237394017211196,6.610518895016817,1.230641165077686,0.0136469891294837,0.0192122682929039,0.01049667196961052,0.0,0.0,0.3858975121293951,0.05212724702859362,0.07261261343955994,3.7641319556507655,2.0717706356573022,,,-0.06050002574920654
ENSG00000166595.11,FAM96B,2.3378432,2.3378432,-1.572524070739746,False,0.011787730815252993,0.04302714622124892,0.061184411937162,20.867794125494793,5.187156710028649,0.08100727200508118,0.024010973051190376,0.24993930913755488,0.0,0.0,0.07746651990902272,0.26324811109478574,0.08086347579956055,0.8373941032835661,6.776781538956329,Erythroid late,2.3509347226313358e-20,-1.4609642028808594
ENSG00000159720.11,ATP6V0D1,0.039357796,0.039357796,-0.5579832792282104,False,0.2617465326756846,5.78016538292817,0.3758600575849723,3.489690547240058,0.0606661842763424,0.010949429124593735,0.10423097014427185,0.18495149136271208,0.0,0.0,0.283044658152533,0.031404938620919864,0.2879642844200134,1.0332035377107813,1.5684682509631964,,,0.002070307731628418
ENSG00000166747.12,AP1G1,0.19606087,0.19606087,-0.13800978660583496,False,0.05309997795845157,1.142352121403338,0.26617629052649694,5.000830033227162,0.671541933218638,0.015964198857545853,0.030507979914546013,0.030206421553058246,0.0,0.0,0.21988524713687757,0.057323845749971625,0.09879392385482788,1.8564685847462283,1.672885945653992,Monocyte classical,8.951030589070754e-23,-0.0546572208404541
ENSG00000102984.14,ZNF821,0.39940655,0.39940655,-0.14558112621307373,False,0.03820730666648723,0.8968770143116088,0.25620791823354505,5.7858660243344335,0.9842757105827331,0.019256364554166794,0.028367791324853897,0.12165130809784218,0.0,0.0,0.10632027743085082,0.06005426106274571,0.07691316306591034,1.213789257033454,1.724676445575623,B naive,0.005787988892725971,-0.12239468097686768
ENSG00000103121.8,CMC2,0.060441084,0.060441084,-0.0273134708404541,False,0.05825867705562128,2.965474327333997,0.20346209152805544,4.9244041279530295,0.3716054454445839,0.010322020389139652,0.04027640074491501,0.048478535436372046,0.0,0.0,0.22492309499723245,0.03765828655710334,0.14507634937763214,2.357601011071658,1.4334058367776261,Granulocyte precursor,2.127148934666854e-08,-0.004635214805603027
ENSG00000135698.9,MPHOSPH6,0.47926518,0.47926518,-0.09794306755065918,False,0.040428533533469854,0.6492430726809532,0.24195367551345753,4.9786738800373325,1.7355225384235382,0.02521202713251114,0.023969637230038643,0.10814234737361414,0.0,0.0,0.2591958594991808,0.0793483493450875,0.08166588842868805,1.4033135861429051,1.5375727452668826,Monocyte classical,1.4225224625128707e-06,-0.08340084552764893
ENSG00000140943.16,MBTPS1,0.13205849,0.13205849,-0.044989943504333496,False,0.030774697830393435,0.8002697065095802,0.25509650201643974,4.127750734521675,1.22699157178402,0.016783369705080986,0.023697951808571815,1.9832844927210614e-15,0.0,0.0,0.4140032600358273,0.07230680667824174,0.0754866749048233,2.8755084080745386,1.8305576045281107,Platelet,0.0035898059859682694,-0.03359031677246094
ENSG00000103187.7,COTL1,0.0032819773,0.0032819773,-0.17378997802734375,False,9.152136853627933,166.77598235588002,0.8302566117109182,2.9552477186760826,0.0037482119514606893,0.013394637033343315,2.063758134841919,1.3421081061519883e-22,0.0,0.0,0.4940156883976548,0.042058010552392666,6.131561756134033,0.6835037435195375,0.8963398025624869,B naive,4.2214984569565367e-11,0.13354581594467163
ENSG00000051523.10,CYBA,0.0112635335,0.0112635335,-0.5173125267028809,False,5.111565429835082,57.046747438781146,0.5678588913553336,3.740890383384896,0.012864393834024669,0.025175269693136215,2.054821491241455,0.25195620154319437,0.0,0.0,0.49162126837650355,0.0850019003668212,5.564477920532227,0.7591432045166524,1.3626357690374553,"Pre-B small,B naive",0.0029498984850012673,0.10942482948303223
ENSG00000167508.11,MVD,0.06738814,0.06738814,-0.11996519565582275,False,0.060105283017368664,2.1812831467727984,0.24218719838569405,3.830850947469683,0.5814129129052162,0.010646884329617023,0.026552528142929077,0.010617169824744841,0.0,0.0,0.11555755488435093,0.0333741542874768,0.09164991974830627,1.7154485614605957,1.143329155344682,,,-0.07084465026855469
ENSG00000198931.10,APRT,2.6686575,2.6686575,-0.3897963762283325,False,0.04427734417361354,0.09475706351772727,0.16240002077265597,8.111595612141281,5.489039871096611,0.17358241975307465,0.04482625052332878,0.26576257575147905,0.0,0.0,0.001096630619611154,0.5349129310310019,0.13773463666439056,0.7814253184345523,2.5955284997744807,Erythroid late,1.7593469542843855e-77,-0.3510044813156128
ENSG00000206177.6,HBM,0.024895187,0.02288914,0.8264954090118408,True,18.05052374650757,72.33199695699643,2.239287660129686,9.999449851221554,0.013985848147422075,0.06329002231359482,2.4889097213745117,8.351412395607486e-17,0.0,0.0,0.49684262864259326,0.1596808854617473,7.45447301864624,0.16266332777004858,0.5436800836479884,,,0.8264965265989304
ENSG00000188536.12,HBA2,0.00040054903,0.00040054903,0.6481173932552338,False,139.34430563946037,1841.734757014299,1.5294193410014323,13.403034866089866,0.0010137131976080127,0.019117893651127815,29.703353881835938,2.3396832771682073e-14,0.0,0.0,0.4998209530871459,0.05052074115529104,63.769981384277344,0.34112496915805623,0.8034318843708489,,,0.6481509506702423
ENSG00000206172.8,HBA1,0.0008828597,0.0008828597,0.5793786942958832,False,91.53358029929514,775.3896164238853,1.1256957586310499,11.597856236912481,0.002042823155061342,0.037842463701963425,26.258607864379883,1.7388684539739467e-18,0.0,0.0,0.4995879548808638,0.11747185094279722,56.134742736816406,0.33782564624053846,0.8948954492844579,"Granulocyte precursor,Monocyte classical",0.0002634855310341511,0.5800826549530029
ENSG00000172366.19,MCRIP2,0.036996435,0.036996435,-0.25973308086395264,False,0.10065955480614919,4.651228019350051,0.18853687283219722,2.4674625652536357,0.23684858568012712,0.009157273918390274,0.05509475618600845,0.10033006084545756,0.0,0.0,0.10660055530062723,0.027658584113787965,0.15294945240020752,1.747041616652281,1.4069972921516347,,,0.0012988448143005371
ENSG00000140983.13,RHOT2,0.6828652,0.6828652,-0.8737231492996216,False,0.020213791178225214,0.26855887954343305,0.1528400674639547,7.801296811149589,2.2604472845792767,0.02516234666109085,0.017532236874103546,0.17665749773248363,0.0,0.0,0.20967596338921074,0.07596867596368684,0.05904962867498398,1.2121546369282454,2.594458125363407,,,-0.8729162216186523
ENSG00000103266.10,STUB1,0.4219556,0.4219556,-0.10567402839660645,False,0.04613614841097721,0.6410000931552953,0.17424746926011628,8.619519854025112,1.0564116990566252,0.03795388713479042,0.05335185304284096,0.14712839026426078,0.0,0.0,0.24690320509198838,0.13214393192439644,0.17372870445251465,2.080285910939585,2.6544225830188806,Monocyte classical,2.2820961321370952e-36,-0.08974134922027588
ENSG00000103254.9,FAM173A,0.06998485,0.06998485,-0.09573006629943848,False,0.10983610215277106,1.9979713828147718,0.29478260239003934,3.107598091614119,0.17714760683476924,0.017235711216926575,0.045972246676683426,0.0033713962484554633,0.0,0.0,0.42234542158650035,0.06776441289966462,0.14543922245502472,2.6920762042733886,1.2714167918919068,"Monocyte classical,Pre-B small",0.0031677109525674713,-0.02992832660675049
ENSG00000140990.14,NDUFB10,0.83572793,0.83572793,-0.055907487869262695,False,0.06791468747557655,0.3752942777647001,0.1788618333930363,8.081347335590127,1.7800177037715912,0.08114135265350342,0.07065609097480774,0.22529031653210568,0.0,0.0,0.07981921762349531,0.25381152612228064,0.21608874201774597,0.8629939787303531,2.4362661298691,Erythroid late,6.112934639551606e-35,-0.029632091522216797
ENSG00000255198.4,SNHG9,0.5981688,0.5981688,-0.061760544776916504,False,0.08727847480533844,0.44057418839988854,0.2075650170716291,7.840822032893314,1.3121801787614822,0.06970943510532379,0.08646076917648315,0.20240827217704332,0.0,0.0,0.29949507565903644,0.21751845368183356,0.26590195298194885,1.2316160222657109,2.5336754035258897,Erythroid late,1.7977203298064646e-06,-0.04779171943664551
ENSG00000162066.14,AMDHD2,0.22982316,0.22982316,-0.054822325706481934,False,0.022638336118867,0.6230328611939746,0.2543399392542797,5.336023287057809,0.965995678305626,0.013460866175591946,0.017070015892386436,2.011489596425103e-12,0.0,0.0,0.43320775650802207,0.06896177101921719,0.05493033677339554,6.045628543944527,2.035400825761975,"Granulocyte precursor,Monocyte non-classical,Platelet",0.00048105859369327686,-0.05464506149291992
ENSG00000118900.14,UBN1,0.1262552,0.1262552,-0.08039939403533936,False,0.034643847826914334,1.1352916689601582,0.20415387749261135,4.9612793836154125,0.8161712837219237,0.014851739630103111,0.029615361243486404,0.07059943143001124,0.0,0.0,0.26080148458040364,0.04999042264171294,0.09168396890163422,2.894381736229441,1.8223019455052487,Monocyte classical,0.0010326869451161404,-0.03957235813140869
ENSG00000067365.14,METTL22,0.57262045,0.57262045,-0.03432297706604004,False,0.06333540822874811,0.7018871664306818,0.2804285218692004,4.216180850507591,1.23989157544242,0.03909825533628464,0.0355629026889801,0.0003800908458009807,0.0,0.0,0.38824894043716907,0.14989514650624258,0.112220399081707,2.7530273592347054,1.3692025776825973,Platelet,1.11003755629358e-14,0.08674383163452148
ENSG00000166669.13,ATF7IP2,2.5757496,2.5757496,-1.2219891548156738,False,0.014250997423945984,0.06620317440184077,0.09333650128405174,8.242144385820765,8.506546647548678,0.08265992999076843,0.01683507300913334,0.17380711234683677,0.0,0.0,0.21853695729049993,0.24892322714816117,0.04963091015815735,0.5231160251148644,3.1532980223304365,"HSPC,Erythroid early,Platelet",0.00014336896873107282,-1.2110676765441895
ENSG00000103274.10,NUBP1,0.25882593,0.25882593,-0.16968703269958496,False,0.037926395738896765,0.9992311790158224,0.20752497906094838,6.48585594838744,0.8759042769670486,0.01663767546415329,0.027542540803551674,0.13028034241728023,0.0,0.0,0.10253166416427573,0.05003076069693746,0.09091116487979889,1.5362121135590017,1.8047737675350772,"Pre-B small,B naive",0.0003117225444867841,-0.13783788681030273
ENSG00000072864.14,NDE1,0.067043185,0.067043185,-0.0673292875289917,False,0.04042989428022148,0.9404127129422442,0.25457826651606824,4.238110610857689,1.2358537781238557,0.015291883610188961,0.021437155082821846,5.159076221372771e-19,0.0,0.0,0.4059041477603078,0.06564892369138776,0.06783442199230194,2.8281209670975587,1.4197058346131144,,,-0.06625235080718994
ENSG00000197006.13,METTL9,0.023036825,0.023036825,-0.366024374961853,False,0.612768958930008,9.692697207377792,0.3348585584050633,4.240418023675136,0.028493608497083187,0.0142357237637043,0.28394564986228943,0.21540297597190716,0.0,0.0,0.4452540710068018,0.04017353147265368,0.6542408466339111,0.7854657201558792,1.8918826384851055,,,0.04012113809585571
ENSG00000122257.18,RBBP6,0.5856782,0.5856782,-0.4068993330001831,False,0.04031408135382789,0.6350882695572049,0.23402083893756745,5.751256078557232,1.3807102686166766,0.028421970084309578,0.03350214660167694,0.15128718298884494,0.0,0.0,0.1795307018473853,0.09295272612695094,0.10496596246957779,1.9040319074426333,1.9024278715286276,B naive,0.0038041017464325528,-0.19421958923339844
ENSG00000077238.13,IL4R,0.05213476,0.09810802,0.1891581416130066,True,0.6431409875972376,7.375177804108577,0.6018310657196819,2.223205085796331,0.061198472678661346,0.02105298452079296,0.1599653959274292,0.17654818269836609,0.0,0.0,0.38227181665750337,0.07048599423646351,0.3525006175041199,1.2548133207505572,0.9471593389707565,,,0.27288365364074707
ENSG00000176953.12,NFATC2IP,0.12862726,0.12862726,-0.22391808032989502,False,0.04545664309034549,1.5280046914669414,0.26999822958682207,5.871412534029531,0.4685568726807834,0.011767695657908916,0.03384214639663696,0.11577520888889584,0.0,0.0,0.11111355086423647,0.039214453371948954,0.11524190753698349,1.8102990562385188,1.8820960741970143,Pre-B small,1.63284569451117e-14,-0.05252420902252197
ENSG00000149925.17,ALDOA,2.5392146,4.700609,0.35185062885284424,True,0.05062687082138338,0.030297878864133314,0.09328606977485425,19.999999031424558,6.6834365685780845,0.5594125986099243,0.09439650923013687,0.33330155423827634,0.0,0.0,0.1684556627654052,1.2551427911161142,0.26998186111450195,0.49707441076444187,5.84791117902647,Platelet,0.0,0.4305039048194885
ENSG00000180209.11,MYLPF,0.3082173,0.3082173,-0.055915236473083496,False,0.02257264134468241,0.4665153503043851,0.31096336153501747,5.180998494482312,1.9428962498903275,0.018742812797427177,0.014687316492199898,2.2417121705137227e-16,0.0,0.0,0.290315969881382,0.06420675941126053,0.04633466154336929,2.6738057262567407,1.6397450171439465,Monocyte classical,7.589479286767469e-05,-0.046401381492614746
ENSG00000103507.13,BCKDK,0.13407151,0.13407151,-0.1523442268371582,False,0.041291074691954734,1.8271679057393517,0.239963558906898,5.73354279818515,0.48395166188478456,0.012579457834362984,0.03392114117741585,0.11870757488387636,0.0,0.0,0.12554893753705354,0.03911309434988874,0.11331070959568024,2.5072816070102486,1.786343498705985,,,-0.04339015483856201
ENSG00000140678.16,ITGAX,0.04475574,0.18615837,0.08689600229263306,True,0.11257734395987161,2.0099089076670746,0.3282963232026379,2.9559062264608453,0.7127455919981003,0.02312260866165161,0.04866240173578262,0.04569454091445366,0.0,0.0,0.2968375579654562,0.07563986901392993,0.14327189326286316,1.6153841947720935,1.099435204894902,,,0.09113401174545288
ENSG00000169877.9,AHSP,0.016303124,0.017640393,0.7173112034797668,True,20.234750023174055,54.50477505443539,0.8538581094176229,2.4237612205288905,0.011405751476995648,0.10590991377830505,4.3874735832214355,0.1981661692426966,0.0,0.0,0.49510702479529356,0.2930054681433099,9.979896545410156,0.8004351791617574,0.7238591280983936,,,0.7232338190078735
ENSG00000185947.14,ZNF267,0.1624387,0.1624387,-0.0725325345993042,False,0.05268443070110273,1.0840436214182894,0.2541580609652202,3.612243247983036,0.9789870053529741,0.020547661930322647,0.03305719792842865,5.240416925808282e-19,0.0,0.0,0.2631230008112454,0.07086036844968469,0.09712709486484528,2.043275014337686,1.4840784483723473,,,-0.02424788475036621
ENSG00000102893.15,PHKB,0.18929131,0.18929131,-0.13373851776123047,False,0.035572097721749865,1.1554012267928961,0.27107020153152617,6.168885096163581,0.8466987818479538,0.013310674577951431,0.022794974967837334,0.10945219674508182,0.0,0.0,0.19668094420967303,0.04422101821278224,0.0844019278883934,1.9488510061767548,1.6341233774617678,"Pre-B small,B naive",0.0035833745806210164,-0.12864303588867188
ENSG00000121281.12,ADCY7,0.043001648,0.043001648,-0.05138576030731201,False,0.0940668952669542,1.7235830307659372,0.2928678510186584,2.0359046702559604,0.2978073365986347,0.013312680646777153,0.035203080624341965,7.879009911200109e-38,0.0,0.0,0.32537231272216804,0.04502898526724408,0.11720696091651917,0.9233220855002893,1.2279107508821265,Monocyte classical,9.73566977043318e-14,-0.011152386665344238
ENSG00000083799.17,CYLD,0.32517615,0.32517615,-0.1842859983444214,False,0.027496878418177977,0.6409644470405198,0.28376260825638916,5.699709800210708,1.080903324335814,0.01724839024245739,0.021502576768398285,0.11554117948116814,0.0,0.0,0.18445270475390013,0.056863270980990865,0.06231025233864784,1.9181169580215032,1.9449479235795943,Monocyte classical,0.0023543119104496362,-0.1765890121459961
ENSG00000177200.16,CHD9,0.78525466,0.78525466,-0.25575685501098633,False,0.04032390838669127,0.38318312314605596,0.24616855955985992,7.020243861098756,1.463825768927733,0.03973424807190895,0.034359920769929886,0.17380768369272348,0.0,0.0,0.0903788974633769,0.1345889715185571,0.10932479798793793,1.6485875705704613,2.2567360640066507,Platelet,2.4839889958336514e-110,-0.25540339946746826
ENSG00000260621.1,AC092140.1,0.54741824,0.54741824,-0.0048264265060424805,False,0.045097581528651356,0.7152537357456005,0.3006000813669947,5.9469424626711165,1.2254941910505295,0.02606852538883686,0.03350315988063812,0.18083972951484803,0.0,0.0,0.06987037195376035,0.07793060819497821,0.09776483476161957,1.2093950029763854,1.796839028242763,"Pre-B small,B naive",0.009205489193056002,0.021557748317718506
ENSG00000125148.6,MT2A,0.0030998585,0.02020266,0.012964904308319092,True,0.9313955206590429,12.73076245498743,0.34377243910658245,3.7432583705319122,0.0795143426489085,0.018770864233374596,0.38420215249061584,2.877401041483822e-09,0.0,0.0,0.49514693895648687,0.08675034971737183,1.370609998703003,1.959527719335283,1.378079696308344,Erythroid late,1.0121369490252633e-54,0.019731581211090088
ENSG00000169715.14,MT1E,0.018305508,0.029042466,0.16283410787582397,True,0.3442825828484961,12.086720560985524,0.43931973169006466,5.165254243206568,0.06646901573985815,0.010871890000998974,0.19718462228775024,0.0002914535007940095,0.0,0.0,0.4690698395557365,0.027315939522307042,0.6034444570541382,0.48443607215821977,1.5005812246803198,Granulocyte precursor,9.262414861396494e-08,0.16352903842926025
ENSG00000187193.8,MT1X,0.00030016873,0.00030016873,-0.008385419845581055,False,0.06648542289452171,8.33456253422406,0.5499990275924145,3.1605815397326538,0.05916072618216276,0.00235368381254375,0.018798207864165306,0.0005004205129686406,0.0,0.0,0.4611048932111803,0.017129930302279384,0.06068115681409836,2.3306452638256165,0.9468568055926136,B naive,1.7076871518471205e-05,-0.008383512496948242
ENSG00000051108.14,HERPUD1,0.16889119,0.2269219,0.2586035132408142,True,0.3305780615428783,1.9948032175772468,0.41801451714977533,6.505785802553106,0.40442197896540155,0.06432197242975235,0.20132659375667572,0.19715505160986505,0.0,0.0,0.46049046261454735,0.17638405657264755,0.7640683054924011,1.3016502094952256,1.5690678109057865,Plasmacytoid DC,2.0161281005641003e-100,0.261285662651062
ENSG00000217555.12,CKLF,0.03244266,0.03244266,-0.10485589504241943,False,0.42988738409612964,6.853848566780308,0.4001561071145732,3.0609760952485026,0.055779157318174837,0.018212949857115746,0.1542801856994629,7.449531480104804e-07,0.0,0.0,0.4604292894599643,0.07251038599067083,0.4190210700035095,3.40658000083687,1.1770802477710254,,,0.027498304843902588
ENSG00000067955.13,CBFB,0.054915864,0.054915864,-0.08616483211517334,False,0.12175958208191351,4.016503936611629,0.29873824633304497,3.0203269751623436,0.34783558547496796,0.01121439691632986,0.03761392831802368,1.1514540761518377e-41,0.0,0.0,0.19385689449899224,0.035961763673967306,0.13092970848083496,2.27844504265752,0.8768269017823783,Monocyte classical,0.0034725515576810996,-0.06360030174255371
ENSG00000102974.14,CTCF,0.08140969,0.08140969,-0.08939123153686523,False,0.0610079767039861,2.014971721707942,0.24147306323563208,4.253619544538701,0.45587620983521143,0.010606985539197922,0.0298596378415823,0.043948293038130005,0.0,0.0,0.026920762686904028,0.03150542784361665,0.09223787486553192,1.5987762455628753,1.4320145881540747,,,-0.05589115619659424
ENSG00000102908.20,NFAT5,0.38144675,0.38144675,-0.11160612106323242,False,0.034064498031551274,0.5891081375875826,0.24694710673660047,4.550142499235434,2.04245189756155,0.02467225305736065,0.020928120240569115,6.697740613148109e-07,0.0,0.0,0.3368345564678118,0.09161275299768512,0.07161933183670044,2.361604430272955,1.439880302737996,Monocyte classical,1.542825995717105e-11,-0.10714602470397949
ENSG00000182149.20,IST1,0.11291549,0.11291549,-0.14132332801818848,False,0.04200598974941696,1.0800565091247434,0.17463109609637073,6.868133659578306,0.5506176893413068,0.016411203891038895,0.04224869981408119,0.11470222144634654,0.0,0.0,0.21864799491663245,0.05859296274640968,0.14078301191329956,2.3262743473399548,2.428253727969567,Monocyte classical,0.006506742190800751,-0.1374436616897583
ENSG00000140829.11,DHX38,0.28951597,0.28951597,-0.2747066020965576,False,0.01646156275309205,0.45094949879260465,0.1916157278924116,7.295938972905498,1.251932049062517,0.01271875947713852,0.013472367078065872,0.0010641799390914601,0.0,0.0,0.3383894964681448,0.04955519831298716,0.048223428428173065,2.159082360787663,2.2134936415268425,Erythroid late,6.194668832992448e-30,-0.27469420433044434
ENSG00000103194.15,USP10,0.029343314,0.029343314,-0.034076809883117676,False,0.056144095606115114,2.51002913930943,0.18625993333029245,2.9143513062582063,0.6981817692518234,0.011347583495080471,0.026817534118890762,3.3121329787860626e-17,0.0,0.0,0.4077086881851941,0.04226585281134464,0.08674293011426926,1.9712638381354317,1.025685212624383,Monocyte classical,5.6183470204892675e-05,-0.020571351051330566
ENSG00000140968.10,IRF8,0.006887181,0.011090408,0.014696061611175537,True,2.0388176785975025,31.824944153877322,0.48196332795365016,2.400523369297037,0.042573761860840026,0.012966576032340527,0.5276628732681274,6.115277934829279e-12,0.0,0.0,0.49217563860441216,0.04320863532209795,2.2789247035980225,1.0310259063526928,1.041214872861786,,,0.014762818813323975
ENSG00000158545.15,ZC3H18,0.37099487,0.37099487,-0.2829173803329468,False,0.01639781045347663,0.41780889439761315,0.18200674045901355,7.369334762833965,1.5790492978692052,0.01475746650248766,0.01422896794974804,0.11659171059133759,0.0,0.0,0.1537590460880624,0.05274164677355663,0.04918087273836136,1.6174851030116089,2.307724306993858,,,-0.28177404403686523
ENSG00000167515.10,TRAPPC2L,0.04305275,0.04305275,-0.3102773427963257,False,0.12563300224401264,3.441968381570783,0.3290344252320346,4.291423149521338,0.11413924612104892,0.014290068298578262,0.05915631726384163,0.0816847251506526,0.0,0.0,0.2956774431343433,0.04193064141762903,0.2000151425600052,1.926524333137234,1.2027072670843095,,,0.0035649538040161133
ENSG00000197912.14,SPG7,0.28777298,0.28777298,-0.1314525604248047,False,0.025968907022644674,0.7036772943181272,0.23807855696109478,6.482390701555108,1.2443090379238129,0.017313526943325996,0.020871253684163094,0.093997872834484,0.0,0.0,0.18840725128138747,0.06437022890690615,0.0716935247182846,2.7191413393717396,1.8662373416640625,Pre-B small,9.730012387141376e-05,-0.12989568710327148
ENSG00000185324.21,CDK10,0.057898246,0.057898246,-0.0885629653930664,False,0.04234887702375656,1.9464926390901192,0.3002474058641748,3.6872641786430207,0.17971662528812893,0.007905852049589157,0.020785585045814514,2.1258143849428345e-22,0.0,0.0,0.23462429244523525,0.02485198303199598,0.05473969876766205,2.404999379172319,1.4182411165707225,Pre-B small,0.00034586301705587393,-0.010335922241210938
ENSG00000141002.19,TCF25,0.75019336,0.75019336,-0.4456998109817505,False,0.04285187004642942,0.26675355649366894,0.14479791276748757,12.543717254447579,1.2725888958573344,0.061207693070173264,0.06481069326400757,0.21488435007082882,0.0,0.0,0.09037473871864199,0.19521092328879244,0.1994129717350006,1.1812897233468433,3.9694506204949076,"Granulocyte precursor,Monocyte classical,Monocyte non-classical,B naive",0.005442431048503599,-0.42475950717926025
ENSG00000140995.16,DEF8,0.6062571,0.6062571,-0.6621590852737427,False,0.017408938576759226,0.21322048214507605,0.11085834469023749,11.694324220082892,2.0271275210380555,0.030692068859934807,0.02305166982114315,0.19343297911428156,0.0,0.0,0.11840259084372229,0.09699050680422518,0.06952430307865143,0.9192368931818622,3.480535829045722,Erythroid late,2.2862213104818718e-60,-0.6473894119262695
ENSG00000197879.14,MYO1C,0.52600366,1.2251155,0.4132623076438904,True,0.05974430183514942,0.21806485950134208,0.17921171172896697,8.571635827528057,2.019378935628467,0.10638990253210068,0.06351405382156372,0.03504530340957113,0.0,0.0,0.30644976173055827,0.28019016006812514,0.1867368519306183,0.9635438929639264,2.874570757349543,,,0.41686391830444336
ENSG00000174238.14,PITPNA,0.09007887,0.09007887,-0.045854926109313965,False,0.024451817439046165,0.7666129784505618,0.22963933333749176,4.382550190091908,1.2431243602931499,0.013797152787446976,0.019228620454669,7.614376063489515e-10,0.0,0.0,0.43423009479512553,0.0631902542922944,0.0660514235496521,6.280797677329667,1.8861256227436367,,,-0.04564929008483887
ENSG00000167703.14,SLC43A2,0.0787702,0.0787702,-0.01688563823699951,False,0.3857390757490779,4.503217894756376,0.45493915971571885,1.671137246243689,0.1093875237554312,0.019957546144723892,0.08620672672986984,2.0889728482758714e-14,0.0,0.0,0.4847494891034075,0.09483630108320897,0.2153927981853485,4.309801327230883,0.8221749708081032,Monocyte classical,0.0010683778239224827,0.020833969116210938
ENSG00000127804.12,METTL16,0.17854156,0.17854156,-0.09931802749633789,False,0.04144300547551766,1.1945362967369417,0.2508085759830256,4.686311826756594,0.8602349410454432,0.013011160306632519,0.019410576671361923,0.005052210720717059,0.0,0.0,0.35712099201737396,0.044891131126494344,0.07158681750297546,1.4956165919076931,1.344114300149855,"Pre-B small,B naive",5.7845115281822296e-05,-0.08708405494689941
ENSG00000083457.11,ITGAE,0.020323489,0.020323489,-0.03329825401306152,False,0.26373870390689685,4.921555542731144,0.2289859922473738,3.6825659637785484,0.21367505490779876,0.014958071522414684,0.10850592702627182,1.3890710559694248e-10,0.0,0.0,0.45420316323554055,0.055912344455837364,0.3865550458431244,2.1238061676306845,1.473925341113473,,,-0.013689994812011719
ENSG00000074356.16,NCBP3,0.09300576,0.09300576,-0.09699451923370361,False,0.044086882851317316,1.23312109178905,0.23046306889743673,4.296107085547739,0.4506406545639039,0.011571255512535572,0.02696121297776699,0.06504794854691746,0.0,0.0,0.166227826499042,0.0375061643172252,0.09163723886013031,2.142749915926875,1.7005746986333077,,,-0.07062852382659912
ENSG00000108405.3,P2RX1,0.084986985,0.084986985,-0.09192419052124023,False,0.08446339263723353,2.4911691599838357,0.3274343574636517,3.7419214300070163,0.27195700996865824,0.011098859831690788,0.04832712188363075,0.11555541775489583,0.0,0.0,0.10622546696170465,0.03374064308386382,0.13798880577087402,1.0589444243499504,1.4981751407923618,,,0.005101025104522705
ENSG00000074370.17,ATP2A3,0.015970517,0.059502877,0.012599349021911621,True,0.2569834083740681,4.502113231337559,0.5145428586218734,2.5043896401634966,0.12164062601824602,0.016135340556502342,0.06625012308359146,6.444658960806263e-06,0.0,0.0,0.47782772672797236,0.08994863419158738,0.2022651731967926,7.809276088708643,0.9119943251449057,,,0.026204049587249756
ENSG00000185722.16,ANKFY1,0.06891513,0.06891513,-0.10064637660980225,False,0.011087345166820597,0.47135567054674027,0.2680849730001585,7.796351786473203,1.178888218849898,0.008415807038545609,0.009036487899720669,8.084073029544442e-16,0.0,0.0,0.39821116216040664,0.02955474735389374,0.043552570044994354,2.6605246147627764,2.2780076157084324,,,-0.10063111782073975
ENSG00000161921.14,CXCL16,0.02366301,0.03312442,0.16797322034835815,True,0.5034165942561651,9.771008338114058,0.4712970821686719,3.238356019242679,0.07235271194949747,0.012122218497097492,0.2052406519651413,0.07716632753393196,0.0,0.0,0.4286971855761578,0.04029402549035188,0.5098311901092529,0.690868709623121,1.4852347742778054,,,0.18306857347488403
ENSG00000182853.11,VMO1,0.025475131,0.021163126,0.4049680829048157,True,1.8054245434427716,39.30208810046764,1.1650445459234597,2.4646975582734783,0.019065453484654427,0.013867129571735859,0.327304482460022,1.4416797172247396e-08,0.0,0.0,0.41614199732515134,0.044543713992714735,0.8290084004402161,1.0354725592772875,0.6005507771255227,,,0.4049689769744873
ENSG00000108590.10,MED31,0.03780234,0.03780234,-0.03786599636077881,False,0.042631848095082435,1.2039810014672574,0.20213770763895408,3.5891815198945953,0.38859345205128193,0.012083480134606361,0.02630154974758625,4.532677616251651e-21,0.0,0.0,0.4035060629089286,0.03786042916202214,0.06866317242383957,2.2980254244633955,1.627092336868668,Pre-B small,0.0002975615567685962,-0.030481696128845215
ENSG00000141505.11,ASGR1,0.045606248,0.045606248,-0.002864837646484375,False,0.4783124414922485,5.888384730706575,0.6230481567750471,1.554099405169289,0.10603460703045128,0.01793411187827587,0.09767518192529678,4.3942075163305395e-20,0.0,0.0,0.44030087764854936,0.07491624011906774,0.2541747987270355,2.0405653360340485,0.7927959240021833,,,0.08432531356811523
ENSG00000141504.11,SAT2,0.032078955,0.032078955,-0.1329556703567505,False,0.46095734588686593,8.673356173295998,0.5470090943368398,2.651446395264834,0.05313669981434942,0.014407765120267868,0.12811614573001862,0.01861580666514595,0.0,0.0,0.4240585172635594,0.050277634740202526,0.3604244589805603,2.072848044858739,0.9007352039393518,Monocyte classical,0.00012229192900221477,0.02000272274017334
ENSG00000179094.15,PER1,0.1198742,0.43035385,0.02297353744506836,True,0.06442466051706942,0.7480670765316927,0.27700584240770293,4.28421362526907,1.5083544377982614,0.036976158618927,0.042470917105674744,0.13661900897708323,0.0,0.0,0.24342827368525966,0.12132231868272128,0.1279417872428894,1.878672794630753,1.5354274504375351,,,0.028991997241973877
ENSG00000179029.14,TMEM107,0.0018236368,0.0018236368,-0.05101895332336426,False,2.2298759961431736,38.49411441222807,0.36234760307212366,1.560978034603624,0.059799104249104854,0.012513842433691025,0.36255112290382385,0.0002083509451795348,0.0,0.0,0.49091004527279397,0.035020614286858986,1.866506576538086,1.3959945241599039,0.6023765496179695,,,-0.050688862800598145
ENSG00000007237.18,GAS7,0.21553835,0.21553835,-0.05115330219268799,False,0.10781484409598077,1.6148025952586673,0.3944467210118413,4.7791158140500185,0.46888427138328553,0.023159049451351166,0.060504984110593796,0.1125949731944299,0.0,0.0,0.2786771568036092,0.07137961351798694,0.19574826955795288,1.680326016590689,1.5408547535808865,Granulocyte precursor,0.003659179019829353,0.06452113389968872
ENSG00000141027.20,NCOR1,0.071139865,0.071139865,-0.08011007308959961,False,0.0887538270042682,2.2612645308474253,0.21888083332484645,5.822028938282642,0.28818921837955713,0.015369847416877747,0.07559879869222641,0.13045592754465002,0.0,0.0,0.3205805559377053,0.051916894846881785,0.2644064426422119,2.1513232942338676,2.175173849622787,Pre-B small,2.1877085712219664e-05,-0.06259870529174805
ENSG00000109083.13,IFT20,0.16334172,0.16334172,-0.06314492225646973,False,0.05039215452281354,1.1609838579479144,0.19637159441198873,7.779186182947615,0.45298798382282257,0.020624451339244843,0.05311809852719307,0.11008113020812348,0.0,0.0,0.3626444870519724,0.08297910071334824,0.1562698632478714,3.053624731801232,2.4166365066827264,,,-0.061213135719299316
ENSG00000132589.15,FLOT2,0.8595532,0.8595532,-0.6479617357254028,False,0.03173459796376024,0.3072759203658223,0.1948724614444994,5.986539246441704,3.1452713808417325,0.039660848677158356,0.021846260875463486,0.16201062656284812,0.0,0.0,0.2010312972841935,0.13181076137507655,0.07233601808547974,1.1272691053297579,1.7926131240530507,Erythroid late,4.585696268420393e-06,-0.6243683099746704
ENSG00000108256.8,NUFIP2,0.068978444,0.068978444,-0.05182993412017822,False,0.06799395752542421,1.8189714677103386,0.254512040127485,3.5732687900508884,0.6022359763830902,0.017708998173475266,0.04785731062293053,0.0693159963281372,0.0,0.0,0.3830339497298799,0.06330215847040942,0.14692561328411102,3.49042096787264,1.5414041371980292,,,-0.04789412021636963
ENSG00000141298.17,SSH2,0.18059844,0.18059844,-0.13920485973358154,False,0.051229466290921385,1.091154795649123,0.2713453053241806,5.4287712305105424,0.5678571265935894,0.0172222051769495,0.038390714675188065,0.1511419719852114,0.0,0.0,0.21130106601766757,0.054627562248601436,0.1053118109703064,1.4539181907046568,2.0429186848505045,"Erythroid early,Erythroid late",1.0719723470986287e-09,-0.09835302829742432
ENSG00000271503.5,CCL5,0.015341846,0.01992535,0.8122541308403015,True,10.42772989382517,34.0534678658441,0.7335308560622535,16.95083415233409,0.02719273497350514,0.05717359483242035,2.9803390502929688,0.0001314596934910669,0.0,0.0,0.4978706525093403,0.278051002182238,13.906201362609863,0.46001808382635967,1.4578725085975275,,,0.8122592568397522
ENSG00000277632.1,CCL3,0.20804052,0.24130699,0.6467370688915253,True,0.7121136289090958,2.3216456893469006,0.4943469874597814,3.4552892221814995,0.3133674578368665,0.07832928001880646,0.2887036204338074,0.1366704611059262,0.0,0.0,0.4709732330099246,0.2501877221969959,0.9166140556335449,1.1412972153673608,1.4288105948503207,Monocyte non-classical,3.844864593478139e-06,0.6501159965991974
ENSG00000276085.1,CCL3L3,0.0019593686,0.012792617,0.03071308135986328,True,0.5666047047357191,9.94372155978271,0.45311857072987677,2.1569685566228065,0.08415936268866064,0.011837235651910305,0.17229947447776794,0.0011928325977567215,0.0,0.0,0.44583447729895287,0.04342520645834113,0.5631991624832153,2.383507501992575,1.25469423102167,,,0.032176852226257324
ENSG00000275066.4,SYNRG,0.15657985,0.15657985,-0.08657681941986084,False,0.07744103048733292,1.8272665537431538,0.4887887530755761,3.492389364506247,0.20150823511183263,0.011019342578947544,0.025838345289230347,0.15478377486882397,0.0,0.0,0.06206721052073953,0.03226043886428398,0.07603085041046143,1.1697779362277154,1.099918061532299,B naive,0.0033933328252776594,-0.05006098747253418
ENSG00000273559.4,CWC25,0.088090435,0.088090435,-0.03501880168914795,False,0.08849733588382949,1.5318196974876126,0.20643798692862453,3.3677966447496055,0.6904583305120469,0.020888743922114372,0.04991818591952324,4.2030590757922693e-17,0.0,0.0,0.47195425034703525,0.11113108133774575,0.1623586118221283,4.8343726757969625,1.5600511639654682,,,-0.01903831958770752
ENSG00000108306.11,FBXL20,0.1574857,0.1574857,-0.099037766456604,False,0.022454168835367036,0.9094222241459743,0.2153493849142961,5.261942200352886,0.8634744259715075,0.012198284268379211,0.01970713399350643,1.5157904477454145e-16,0.0,0.0,0.394544567745911,0.04827892179197502,0.06949958950281143,5.935025372536952,2.1502753323191834,,,-0.0932471752166748
ENSG00000141741.11,MIEN1,0.011886078,0.011886078,-0.2334505319595337,False,0.09910710463934473,6.358300741779701,0.11484166078672232,3.0086228145623273,0.14591183228418236,0.00794198177754879,0.07715453207492828,5.154708926292245e-05,0.0,0.0,0.22817681912449644,0.019396508551039464,0.26353204250335693,1.1314851005654052,1.3750990461836194,Monocyte non-classical,3.1041883972183534e-08,-0.008910775184631348
ENSG00000008838.19,MED24,0.48936942,0.48936942,-0.21049463748931885,False,0.020166380818158944,0.36615970629037337,0.21454660348588023,4.804321573822299,2.897830438613892,0.0191535335034132,0.010905859060585499,4.979539106645213e-13,0.0,0.0,0.36764921177589105,0.05352200086008097,0.04689592123031616,1.1881147405355335,1.5550359016767117,Monocyte classical,5.507781394420109e-08,-0.21032416820526123
ENSG00000131747.14,TOP2A,0.08699181,0.10709231,0.6450361013412476,True,0.6855259805002909,5.451047661955556,0.4325496902688521,4.332916396644464,0.14130792286660934,0.03818932920694351,0.30478882789611816,0.13435386151414372,0.0,0.0,0.4859357267446466,0.0959458349061535,1.1339826583862305,1.0035921271332788,1.4641212472030238,Pre-B large,2.1534045614162175e-06,0.6484468281269073
ENSG00000173801.16,JUP,0.025428534,0.12440809,0.030993998050689697,True,0.102723770853528,2.1175288908273444,0.3842150028063089,4.13637859648432,0.278588719367981,0.012106306850910187,0.050191495567560196,0.059378471410439136,0.0,0.0,0.21687259356120447,0.039557474754957404,0.14738473296165466,0.9952016439873829,1.59428485456631,,,0.08212393522262573
ENSG00000168259.14,DNAJC7,0.069289386,0.069289386,-0.1550654172897339,False,0.0620218928391706,2.156333409959247,0.1455358353384526,4.886079672647549,0.37641224764287473,0.014618166722357273,0.0591270849108696,0.0015853775191513163,0.0,0.0,0.431013557339681,0.05903580499949969,0.17528054118156433,4.420110803761924,1.9461026467985194,Platelet,4.118045595579258e-06,-0.06335556507110596
ENSG00000168610.14,STAT3,0.16598372,0.16598372,-0.17092645168304443,False,0.04528530738293777,0.951235232604451,0.2477927798534046,4.417523813667621,0.8698155283927917,0.01760324090719223,0.03035685233771801,0.08108019551433168,0.0,0.0,0.2847508851778747,0.0648023883661013,0.09932158142328262,2.9184761946136666,1.7131997223214848,Erythroid late,0.0005785148417928591,-0.15766668319702148
ENSG00000126581.12,BECN1,0.056945547,0.056945547,-0.17024850845336914,False,0.1535285491052629,4.439453173130702,0.668771496563278,2.0352246408166175,0.13639460518956192,0.009654813446104527,0.033446334302425385,0.11054857545582329,0.0,0.0,0.05504139665187024,0.030199632737770266,0.10379919409751892,1.305923802973626,0.7022919068094372,,,-0.03904855251312256
ENSG00000108828.15,VAT1,0.48157394,0.48157394,-0.09421312808990479,False,0.03535221999380891,0.545993142942813,0.3133419185375623,7.962142883813547,1.0313252671973574,0.019088955596089363,0.02139606513082981,1.7352566738656257e-19,0.0,0.0,0.3641208810757881,0.07605007196615077,0.07891983538866043,2.684026096682479,2.00281427857563,,,-0.08091211318969727
ENSG00000005961.17,ITGA2B,0.0049163406,0.015048852,0.3336453437805176,True,6.260885338728509,132.8368886722957,0.6944962080021668,0.48187584715899495,0.03382973620668052,0.013194647617638111,0.43000924587249756,1.7581331752361825e-05,0.0,0.0,0.48473463699310404,0.040861134797752996,1.2191022634506226,1.6913189176991046,0.2330692083625182,,,0.3336486220359802
ENSG00000186566.12,GPATCH8,0.062394667,0.062394667,-0.18162810802459717,False,0.04552313855011132,2.090157440318797,0.24926325295615143,5.035547954821333,0.46574000716209407,0.011051490902900696,0.03737299516797066,0.09386684837599236,0.0,0.0,0.1291858403932355,0.03232002384352839,0.1250135451555252,2.1456928809532205,1.6785957394043383,Monocyte classical,0.00043365493301114795,-0.03926563262939453
ENSG00000120071.13,KANSL1,0.2860798,0.2860798,-0.20351099967956543,False,0.02820500669346036,0.6643333968535909,0.2157817727977662,6.937416391700951,0.667748919725418,0.016254069283604622,0.026410624384880066,0.13143626256729538,0.0,0.0,0.15394074141075742,0.05713848216625195,0.08229590207338333,2.2075668914446744,2.445853545459155,"Monocyte classical,Pre-B small",5.271638034853925e-05,-0.15005230903625488
ENSG00000159210.9,SNF8,0.09971059,0.09971059,-0.40471911430358887,False,0.14174250369799363,2.949594627451781,0.25087522033683696,3.8623150683473573,0.10089320853352549,0.015451636165380478,0.07236263155937195,0.14878216410265696,0.0,0.0,0.29016092642107394,0.04831392813193159,0.21105116605758667,1.4534814916354932,1.5877332164030589,Monocyte classical,2.1557714331484186e-06,-0.0937795639038086
ENSG00000121067.17,SPOP,0.12474344,0.12474344,-0.0750432014465332,False,0.03866473116002855,1.111957433641207,0.2278570912894417,6.173719666319288,0.6003734374046323,0.014194476418197155,0.03185860067605972,0.11714377559204472,0.0,0.0,0.1517294576995395,0.04658374394797704,0.10585887730121613,1.915020644410773,2.0184554143471587,"Granulocyte precursor,Monocyte classical",2.542472179048703e-07,-0.05584359169006348
ENSG00000108826.15,MRPL27,0.0059602587,0.0059602587,-0.012653350830078125,False,0.5180406201523879,9.728018324855173,0.19961005171595628,0.9534671141393428,0.12854404896497726,0.015873713418841362,0.09724720567464828,1.928233149927693e-05,0.0,0.0,0.49045371991134523,0.1540697619265785,0.2609686255455017,0.36560022346942844,0.5397932113099463,Monocyte classical,0.0,-0.012580394744873047
ENSG00000008294.20,SPAG9,0.27478763,0.27478763,-0.11715853214263916,False,0.06460523717380533,1.125119882845942,0.2580021330613384,4.1830866503888915,0.9436631359159944,0.021807869896292686,0.031140459701418877,0.09111886476118829,0.0,0.0,0.21334867144590874,0.0733164490372018,0.10117718577384949,1.614010497830341,1.3326075673561788,Monocyte classical,0.0005626146240929479,-0.10665929317474365
ENSG00000121058.4,COIL,0.021577662,0.021577662,-0.036038875579833984,False,0.045549338430212784,2.6635813366336505,0.18513138039993224,2.968675944772763,0.5093650679290296,0.008222849108278751,0.02796832099556923,4.921430713918754e-15,0.0,0.0,0.363829575484025,0.031886576174915866,0.08057050406932831,3.47416446348245,1.3408105442505984,Monocyte classical,0.00865075662741527,-0.014005184173583984
ENSG00000005381.7,MPO,0.003568842,0.003568842,0.5026190876960754,False,23.51877070258901,245.94745955745415,1.1624017846703874,2.9171839982479715,0.0026961880386807027,0.02873697690665722,5.595645427703857,0.002056775539479356,0.0,0.0,0.4948186225393361,0.07535284254086072,12.46061897277832,0.34769938490663754,0.7540106744437012,,,0.5026361644268036
ENSG00000261040.6,WFDC21P,0.28335893,0.18488084,0.5717346966266632,True,1.944437948257273,13.283496879993264,3.009797013779629,6.29434974786056,0.0954525701701641,0.024298781529068947,0.1145537719130516,0.0010775813612140359,0.0,0.0,0.48039274072712645,0.1509166159931814,0.5525707602500916,1.1488755497781162,0.354905275914633,,,0.5823726654052734
ENSG00000170832.12,USP32,0.23556256,0.23556256,-0.2028125524520874,False,0.028141180340959127,0.749296129452142,0.24355285031546753,5.505346341623721,1.1803491801023482,0.015124388039112091,0.017298206686973572,0.11175501333262938,0.0,0.0,0.22383812480351412,0.04909880229694252,0.06099289283156395,1.5949559641327902,1.6027252088472916,"Monocyte classical,Pre-B small",1.023217770765072e-05,-0.2007960081100464
ENSG00000108510.9,MED13,0.24969569,0.24969569,-0.09308218955993652,False,0.03858047221367711,0.8608575153761628,0.24235102128637365,5.029971582873854,1.0261471603810788,0.018749885261058807,0.027819305658340454,0.09430292074096179,0.0,0.0,0.28966901517291804,0.0650383389348006,0.08916206657886505,2.400090609295137,1.8096961674791552,Monocyte classical,0.00010289703085882243,-0.05197477340698242
ENSG00000007312.12,CD79B,0.0004212897,0.0004212897,0.053157806396484375,False,14.61829701081377,233.55994585783571,0.7587708024762782,2.3072189661313045,0.0027192189393099395,0.017089128494262695,3.189420461654663,1.3213195323850306e-07,0.0,0.0,0.49612714930276,0.05074613233865933,7.951171875,0.9294417598755133,0.7610342564050092,,,0.05806875228881836
ENSG00000261371.5,PECAM1,0.06444957,0.06444957,-0.058438897132873535,False,0.8323606266976535,9.436988465294501,0.6429121970109206,2.1927007473580624,0.05243312336504459,0.018756810575723648,0.16902661323547363,0.00015251295522586408,0.0,0.0,0.45511343837841595,0.06362500809492388,0.4059046804904938,1.1783754620315983,0.8184947146361262,Pre-B small,2.0756119129015616e-07,0.09790289402008057
ENSG00000256525.6,POLG2,0.1822587,0.1822587,-0.10861313343048096,False,0.014193425122482312,0.48120477547761686,0.28477818162125107,6.588266400264407,1.3208380967378617,0.009785722941160202,0.01074264757335186,8.388516284616516e-20,0.0,0.0,0.28275938071705137,0.03263900148248622,0.0429183654487133,1.967871073100895,2.281332008740066,"Pre-B small,B naive",0.006122366879128116,-0.10247635841369629
ENSG00000198265.11,HELZ,0.15220046,0.15220046,-0.13371586799621582,False,0.08431458782888963,1.4515952360573516,0.32777258250599606,3.9090352502700383,0.21127708978950976,0.01750156842172146,0.039140500128269196,0.09132283558115703,0.0,0.0,0.3252869522387196,0.06300191278930177,0.12105400860309601,2.790739231382121,1.4672853535279085,"Granulocyte precursor,Monocyte classical",0.0006608481108646204,-0.09252059459686279
ENSG00000125458.6,NT5C,0.034874067,0.034874067,-0.18215203285217285,False,0.11019391156198442,1.9546995329737893,0.18749897988675654,3.5825855020889703,0.21495251577347518,0.01260319072753191,0.06464226543903351,0.08301278472649744,0.0,0.0,0.39771948789595557,0.04079788934885409,0.18403908610343933,1.6224158201760193,2.249102598071667,,,0.0075209736824035645
ENSG00000189159.15,JPT1,0.013254384,0.013254384,-0.0015988349914550781,False,0.6961702688596847,13.746691260634647,0.30804257455695505,3.2002232724951387,0.09938610332707565,0.014111164957284927,0.2127382755279541,1.0144852902912225e-17,0.0,0.0,0.4891538298078652,0.0651916282777476,0.9049879312515259,1.6305100406089377,1.0966918205639857,"Granulocyte precursor,Erythroid early,Erythroid late",0.0019382473478884706,0.011264920234680176
ENSG00000188612.11,SUMO2,0.03278016,0.03278016,-0.04161703586578369,False,0.07643236212241429,2.2362970702772733,0.15375667972138843,1.634303893176259,0.9597531169652939,0.013041257858276367,0.022420428693294525,1.4264910147091093e-10,0.0,0.0,0.38053839739248746,0.049918667967016724,0.0711078867316246,3.4749218095412244,0.8072057056327827,,,-0.01890707015991211
ENSG00000177885.13,GRB2,0.37149495,0.37149495,-0.12800276279449463,False,0.05557374500043034,0.7524663878852128,0.1937760519139495,8.211040285595132,0.6242712049682937,0.029377540573477745,0.059568773955106735,0.192937646397583,0.0,0.0,0.19230740782572364,0.09446680761341499,0.1734466701745987,1.3251433645274402,2.694735385176149,Erythroid late,0.00025867723148696866,-0.0944664478302002
ENSG00000132475.10,H3F3B,0.018741837,0.023552239,0.026754379272460938,True,2.772547195384151,8.730925427390313,0.22268363663871676,10.803382086493778,0.04541339429095388,0.09397971630096436,2.93341326713562,0.2112196499531164,0.0,0.0,0.49301785025855,0.29330560518285154,9.186508178710938,0.9890144670375797,2.7578748441058156,Monocyte non-classical,0.007768521567288938,0.02916187047958374
ENSG00000092929.11,UNC13D,1.0078105,1.0078105,-0.26280295848846436,False,0.016622565529369766,0.2517314467465829,0.21923332050218686,7.144099085916325,2.1590631425380704,0.025020310655236244,0.014195917174220085,0.1318875496512079,0.0,0.0,0.10145281746445106,0.08222802274454022,0.048301711678504944,1.6739665761596056,2.146564662953036,"Granulocyte precursor,Monocyte classical",2.8770122345165507e-08,-0.25521671772003174
ENSG00000132471.11,WBP2,0.16162542,0.8830394,0.24805641174316406,True,0.05095495012437515,0.9235355414062185,0.2026684082748799,6.082324167500813,0.7405872920155527,0.023198289796710014,0.042209330946207047,0.16304187855482424,0.0,0.0,0.20209629321648415,0.08200673219408827,0.1354108452796936,1.387196831632707,2.0686556012382864,Platelet,0.0,0.36305850744247437
ENSG00000141524.15,TMC6,0.124344185,0.124344185,-0.13152098655700684,False,0.08229923478926439,2.267692955323555,0.27101431376264407,4.506348697212317,0.31383594684302796,0.01564360037446022,0.05902647599577904,0.147357495673456,0.0,0.0,0.32321944976658434,0.04607231316146043,0.1704675853252411,1.6641409302145207,1.6638949674647656,B naive,0.0019347835824873245,0.031584084033966064
ENSG00000184557.4,SOCS3,0.0025863983,0.0025863983,0.04274517297744751,False,1.817848929917802,33.948309807005955,0.08829405426337378,8.237549946391438,0.012172103613847868,0.013940383680164814,1.984185814857483,,0.0,0.0,0.4941794415898659,0.03710179233562605,8.820961952209473,-2.220446049250313e-16,3.593706755715176,,,0.04333078861236572
ENSG00000108669.16,CYTH1,0.18992417,0.18992417,-0.1852257251739502,False,0.0850987885917739,1.9207252748942292,0.3133190598244965,4.4454121913276285,0.4088005363941192,0.018673863261938095,0.05595756322145462,0.16108482757140166,0.0,0.0,0.22401416012877623,0.061049186837813345,0.15967780351638794,1.5952949288168567,1.5601248869799758,,,-0.0706256628036499
ENSG00000184009.9,ACTG1,0.117463164,0.124394596,0.6502251625061035,True,3.673039689226481,5.690969615566351,0.6717604721025346,8.19695183440629,0.06287673298269511,0.16384263336658478,1.2312288284301758,0.2857412349051683,0.0,0.0,0.4898783049405579,0.5098335033480234,3.766794204711914,0.6401543034652397,1.3204609726290637,Platelet,1.40735506809206e-06,0.650592029094696
ENSG00000182446.13,NPLOC4,0.1636109,0.1636109,-0.0681079626083374,False,0.06200628544835833,1.2394150702461446,0.39878414992876204,3.5214528062108066,0.31000828027725236,0.01558071468025446,0.023747390136122704,0.0003522442928187778,0.0,0.0,0.3659987929405689,0.06390023293769787,0.079395592212677,3.6342953388568553,1.1621001724131739,Monocyte classical,3.278379345354468e-07,-0.04496300220489502
ENSG00000141522.11,ARHGDIA,1.4979111,1.4979111,-0.5335215330123901,False,0.03985998669963588,0.12278448738344276,0.152925735230122,13.530650847257675,3.1367694944143296,0.10939520597457886,0.054928310215473175,0.24510505954666062,0.0,0.0,0.15376631073999242,0.29829358973902664,0.16623997688293457,0.8807646168577746,3.6998894809953056,Platelet,9.351302989154305e-07,-0.45680367946624756
ENSG00000169738.7,DCXR,0.09210886,0.09210886,-0.10025930404663086,False,0.090965305259047,2.6282959648473474,0.17734965290665067,5.0348097773602944,0.3864289239048958,0.017414234578609467,0.06083710119128227,0.10533453733015083,0.0,0.0,0.3079914721403606,0.0602058807087773,0.19350305199623108,1.7545782920090471,1.4654414965822715,Erythroid late,2.197198619714837e-185,-0.031157255172729492
ENSG00000169718.17,DUS1L,0.4837165,0.4837165,-0.21856999397277832,False,0.017890616434799538,0.3168171381578376,0.21630855199325735,7.955760397847971,1.6165062189102173,0.0189147237688303,0.01579633727669716,0.0742478900081083,0.0,0.0,0.25655348221639424,0.07199851104221722,0.05194658041000366,2.3786374628544094,2.5042134049409763,Monocyte classical,0.0005149021457106316,-0.2185436487197876
ENSG00000178927.17,C17orf62,0.070797324,0.070797324,-0.31238019466400146,False,0.28566167616251475,5.418203972330993,0.4482569185707378,3.2073386092740446,0.07092432361096146,0.016078297048807144,0.10711410641670227,0.15362455746462828,0.0,0.0,0.2616983297543908,0.0470381167194156,0.2792368233203888,1.2494717825942658,1.1066078775637285,"Granulocyte precursor,Monocyte classical",0.00016254331035976755,0.04616081714630127
ENSG00000141580.15,WDR45B,0.74380565,0.74380565,-0.3065868616104126,False,0.03641421011929193,0.3722392717100702,0.18841025604793057,7.081196142485838,1.6331320631504065,0.03754265978932381,0.034999433904886246,0.1494556650699696,0.0,0.0,0.20577170145618207,0.13483257963584094,0.11111526191234589,1.9037429769373118,2.5044582416158288,"Monocyte classical,Monocyte non-classical",0.007909344726511702,-0.2946072816848755
ENSG00000177370.4,TIMM22,0.0054100933,0.0054100933,-0.008931398391723633,False,0.14232951010753545,4.715524444016568,0.17729320912817237,1.0947058058332422,0.36689916327595706,0.006027327850461006,0.02846107818186283,0.03150433509087571,0.0,0.0,0.3653453234358911,0.022005216714595658,0.08356137573719025,1.5770280155879894,0.8014572187717206,,,-0.007853865623474121
ENSG00000182557.7,SPNS3,0.007320453,0.036344506,0.0364949107170105,True,0.31518534002926024,6.080394077242608,0.38551379410197545,1.6295306925340698,0.09205524601042273,0.015994194895029068,0.08209480345249176,0.004520343189082624,0.0,0.0,0.4781961317091784,0.11811736743678304,0.18779312074184418,18.98098014666349,0.7787317988502004,,,0.03994941711425781
ENSG00000141480.17,ARRB2,0.02384783,0.02384783,-0.22698509693145752,False,0.8414125002674829,13.747756592026446,0.35104981257410783,1.6629480057452994,0.03701895631849765,0.01649921014904976,0.21059148013591766,0.0038855829599985106,0.0,0.0,0.446732712771115,0.054560292308504905,0.5652295351028442,1.5525585817356662,0.7749014787012548,,,0.06159693002700806
ENSG00000185245.7,GP1BA,0.005491063,0.005491063,0.0541340708732605,False,2.4367044054326064,147.21384580270944,0.7024496655861896,0.5309416710345759,0.04057925110682845,0.006036652252078056,0.24545736610889435,9.819952842282489e-08,0.0,0.0,0.4782227230614049,0.01726330221307237,0.871832013130188,0.0382447197652549,0.27620482674342006,Platelet,8.911227285215614e-07,0.0541691780090332
ENSG00000129235.10,TXNDC17,0.20705123,0.20705123,-0.1998227834701538,False,0.07506977093883421,1.3751511899673992,0.20744934571328658,5.806481416489748,0.3997075274586679,0.02209051325917244,0.06770169734954834,0.14902189796213675,0.0,0.0,0.37165330338951597,0.08165121586890756,0.18221238255500793,1.8270994898794402,2.2286574149694993,Monocyte classical,2.765461671351191e-05,-0.03000807762145996
ENSG00000072818.11,ACAP1,0.3270964,0.8112043,0.2495080828666687,True,0.07619627502513603,0.5097990767391584,0.32654753870837355,6.608206538669618,1.3379481896758079,0.06062622368335724,0.06105904281139374,0.24544219289967723,0.0,0.0,0.11696494929604079,0.1536847593360591,0.15880069136619568,0.8370974135196055,1.7874123902861019,,,0.32676661014556885
ENSG00000181222.15,POLR2A,0.19594072,0.19594072,-0.05571877956390381,False,0.043943387181739374,1.2787835308391406,0.2648727273889294,6.22468706384541,0.7536756128072739,0.016452625393867493,0.031653281301259995,0.09843126976444401,0.0,0.0,0.19424746474108195,0.05848854735262599,0.10363759845495224,2.1318567680996767,1.6389432500280061,Monocyte classical,2.40278584124e-07,-0.03826713562011719
ENSG00000132510.10,KDM6B,0.13845631,0.13845631,-0.0050351619720458984,False,0.17646995013663105,2.7689185106495406,0.4823966772777038,2.7033120202336156,0.16017833858728409,0.01952178217470646,0.057586077600717545,0.12462583969937607,0.0,0.0,0.30102405300584756,0.06788279172425148,0.15205417573451996,2.004133718225265,0.9588051299549682,Monocyte classical,4.0069944887313655e-08,0.02966994047164917
ENSG00000170004.16,CHD3,0.09308366,0.09308366,-0.24118494987487793,False,0.03759065753041311,1.3499696951153044,0.22770315520818077,4.161510939037163,0.4270822851359844,0.009697774425148964,0.030597737058997154,0.06820362968175646,0.0,0.0,0.09769271543974306,0.030510127306769164,0.08986787497997284,1.4855014757590104,2.0033019042765448,,,-0.015659093856811523
ENSG00000034152.18,MAP2K3,0.017460067,0.017460067,-0.09678304195404053,False,0.32484907896045895,7.3837310541583,0.2561098358778196,2.5188493993731744,0.046861714348197,0.012294524349272251,0.13314644992351532,1.4615013781243925e-24,0.0,0.0,0.37772478638265905,0.03943319237508546,0.38086509704589844,0.9918564171759132,1.2571734506370016,Monocyte classical,7.550570322250249e-08,0.016032814979553223
ENSG00000109046.14,WSB1,0.11765346,0.11765346,-0.43264687061309814,False,0.1137511386018824,2.6104957185610695,0.2202496264494482,5.1571573886514965,0.39394298829138275,0.02135581150650978,0.093919537961483,0.12053984779967326,0.0,0.0,0.3791464133113289,0.07160400056704931,0.2980406880378723,2.6026441828262925,1.7478532693732234,,,0.01573246717453003
ENSG00000198242.13,RPL23A,0.004338404,0.004338404,-0.17408812046051025,False,8.003508537854852,72.68423666779373,0.2615998206802726,5.077174079619745,0.0030589216249063615,0.02671847864985466,4.127101898193359,0.2231323380667285,0.0,0.0,0.49637702300609504,0.09202435255307329,14.715452194213867,1.0386088814239018,1.9733701312774403,"Granulocyte precursor,Monocyte classical",7.515356697014375e-22,-0.05604732036590576
ENSG00000076604.14,TRAF4,0.39903954,0.6296869,0.5292680263519287,True,0.3100086436948772,1.375951531718769,0.9003164863317958,6.234451469733977,0.3371600782871247,0.042201872915029526,0.05914218723773956,0.05062872536799902,0.0,0.0,0.4736064397505194,0.20079689498689388,0.3028053939342499,1.3070385172217196,1.0185034732988387,Plasmacytoid DC,0.009066070426986443,0.5425974726676941
ENSG00000126653.17,NSRP1,0.117578,0.117578,-0.1605546474456787,False,0.05455599210578517,1.5150162300570003,0.16109634248209664,7.046512659954674,0.5096683560311794,0.01837756298482418,0.04705553874373436,0.0810431278000679,0.0,0.0,0.2634122141286507,0.06376623218746948,0.16051825881004333,1.5662003574719299,2.0456928765959868,"Granulocyte precursor,Monocyte classical",0.0003522563336611609,-0.15667128562927246
ENSG00000108582.11,CPD,0.4612077,0.4612077,-0.003256559371948242,False,0.0553694547694078,0.8397203103723964,0.2881224157550567,4.44751334902168,1.0735978218913078,0.027825165539979935,0.0367383137345314,0.11085366443851899,0.0,0.0,0.19626156041251264,0.08973860036239055,0.10757224261760712,1.6484080050697056,1.572341157890074,Monocyte classical,4.6280448330615625e-07,0.08477580547332764
ENSG00000108587.15,GOSR1,0.1374448,0.1374448,-0.06653809547424316,False,0.025379691381827402,0.7857376968418468,0.23390141389261146,5.48114319358262,1.2497088044881821,0.015266367234289646,0.01893470622599125,3.641523300324115e-12,0.0,0.0,0.38760568925355865,0.0664950998700573,0.06847961992025375,4.05701292079414,1.719581235868149,Erythroid late,1.8936860623938897e-30,-0.06361639499664307
ENSG00000178691.10,SUZ12,0.13493007,0.13493007,-0.2548484802246094,False,0.1899434857818898,4.32907624976896,0.6270540230304118,2.0571709404163077,0.13180632792413235,0.011758040636777878,0.042150285094976425,0.18411042906029665,0.0,0.0,0.13608655046637103,0.03725484495735287,0.11421439051628113,1.214996531313918,0.788644000292669,Monocyte classical,3.5372640022707545e-07,0.031283020973205566
ENSG00000010244.18,ZNF207,0.2224542,0.2224542,-0.2931632995605469,False,0.039877325405332585,0.6764277184203779,0.1960075526222898,5.514792328267282,1.001275667399168,0.02028561383485794,0.028718221932649612,0.14400159412952032,0.0,0.0,0.16114545512119405,0.06623228243096958,0.09231340140104294,1.5138863847360795,2.092897673742258,Erythroid late,7.962786201190718e-66,-0.2832605838775635
ENSG00000276070.4,CCL4L2,0.056653682,0.046668734,0.5032588243484497,True,0.7096596344463376,17.67229136986047,0.9782528313471874,13.353837267454054,0.06553418727902074,0.010989738628268242,0.21700164675712585,1.000820157454589e-05,0.0,0.0,0.4534024980464747,0.04064714093973797,0.7448286414146423,0.7710632639258101,1.1641969102058871,,,0.5033195614814758
ENSG00000278311.4,GGNBP2,0.36815548,0.36815548,-0.3255586624145508,False,0.054530762843666265,0.8509019243329293,0.19083228382817377,7.309206182516882,0.7109838201105596,0.030244482681155205,0.06029891595244408,0.1779369886866246,0.0,0.0,0.21930134649456434,0.09791770127787201,0.18165718019008636,1.6415746149363748,2.430927160669126,"Monocyte classical,B naive",0.0002886127652208888,-0.10359072685241699
ENSG00000277972.1,CISD3,0.03296355,0.03296355,-0.044803500175476074,False,0.06664036293874204,0.8352762766101094,0.2233789479237166,3.701562636579299,0.6518436256796121,0.016830749809741974,0.03931129351258278,8.371630175324729e-16,0.0,0.0,0.3020744381256394,0.05208241535616832,0.11492407321929932,1.86069420584235,2.3968283833019415,,,-0.0035260915756225586
ENSG00000131759.17,RARA,0.09652053,0.09652053,-0.024052023887634277,False,0.15845514064362856,2.5473660188565517,0.30820426015096514,2.3137482520751753,0.5771113839000463,0.026272673159837723,0.06453089416027069,0.0013856846948662107,0.0,0.0,0.37357041334166496,0.09725300363344626,0.1706973910331726,2.1606997116076956,0.9642109525301529,,,-0.023601889610290527
ENSG00000033627.16,ATP6V0A1,0.15865076,0.15865076,-0.07848227024078369,False,0.025133357738316316,0.620548817868461,0.25355894612319674,4.953333936961405,1.191773423552513,0.016385914757847786,0.019936319440603256,3.0866410234244716e-20,0.0,0.0,0.30173394226239586,0.05726995703020909,0.06681809574365616,2.4564725156612712,2.058674325512777,Monocyte classical,8.317436505663268e-08,-0.07069993019104004
ENSG00000030582.17,GRN,0.08809277,0.08809277,-0.10537540912628174,False,1.13131521558388,9.249755878224596,0.5244737996459362,2.8683612291906138,0.048665146473795176,0.033167120069265366,0.3935878872871399,0.2574701172100398,0.0,0.0,0.4590980016857199,0.10140813356767085,0.8876045942306519,0.7893698351411315,1.2218401115019335,,,0.31757861375808716
ENSG00000136448.11,NMT1,0.082893565,0.082893565,-0.033681392669677734,False,0.03736103117028357,1.2385298961448459,0.1938022934110608,5.2077047783751755,0.7949673771858214,0.013142002746462822,0.02864082343876362,3.565654870798071e-17,0.0,0.0,0.39368593545970615,0.062462603762511996,0.10247756540775299,6.2611564023651365,1.825599605273767,Erythroid late,0.00087518177464705,-0.03307616710662842
ENSG00000184922.13,FMNL1,0.077261165,0.077261165,-0.21379923820495605,False,0.39965665234320424,6.54092282561276,0.565871741517719,2.2542797327729716,0.07059777840971947,0.01471775770187378,0.09850367158651352,0.12679362209044845,0.0,0.0,0.38335747742906534,0.05458224133976942,0.2648194432258606,1.7645229213755733,0.9745013957992367,,,0.039794087409973145
ENSG00000198336.9,MYL4,0.044614214,0.0909754,0.5906457901000977,True,0.9769955602278512,7.456450213632213,0.8827971830662354,4.647460429488103,0.06741024926304817,0.03330586105585098,0.2593904733657837,0.2185251361699278,0.0,0.0,0.4535210024610038,0.09362764472917284,0.642390787601471,0.4551360418788415,0.9947454148828662,,,0.6158753633499146
ENSG00000141279.15,NPEPPS,0.13317622,0.13317622,-0.11473023891448975,False,0.02294562420360945,0.7246497744035959,0.2214775296926801,5.217530369842744,0.7542641164362434,0.01084622647613287,0.020383479073643684,0.08325439058210476,0.0,0.0,0.12615560945360826,0.03682651153903293,0.07020945847034454,1.7570135284302588,2.2229242368364925,"Monocyte classical,B naive",1.5761276828154427e-06,-0.041858673095703125
ENSG00000136436.14,CALCOCO2,0.11059703,0.11059703,-0.0984048843383789,False,0.07436877521217218,1.619445398018444,0.23578870776942212,5.22410546404631,0.5252158912271261,0.01726088859140873,0.05693751573562622,0.07042079271724663,0.0,0.0,0.41045901882773783,0.06775980766295396,0.17239031195640564,3.147607013621127,2.0368970717110937,,,-0.040195584297180176
ENSG00000136504.11,KAT7,0.17710654,0.17710654,-0.09862041473388672,False,0.030667427591927966,0.9616946316851286,0.24327080334523668,6.2457896165790805,0.9936057597398757,0.014484952203929424,0.024855777621269226,0.03690608395421817,0.0,0.0,0.30618228885000504,0.05181443043092316,0.09118898212909698,3.153492595303982,1.8512334446928522,,,-0.040364861488342285
ENSG00000108846.15,ABCC3,0.65120804,2.1280632,0.5744151473045349,True,0.10019747094361608,0.12214856668584606,0.20587588665292023,8.783971882692342,1.6073864817619323,0.16683976352214813,0.05708761885762215,1.070725465423899e-05,0.0,0.0,0.4306340966711902,0.790397849539346,0.27797383069992065,1.5736659827902597,2.9413269867783236,,,0.574828177690506
ENSG00000108848.15,LUC7L3,0.057776872,0.057776872,-0.11981058120727539,False,0.19148284845376903,3.20397836935788,0.20599852658916137,7.036550268356202,0.17879477195441723,0.020178398117423058,0.15207599103450775,0.13473640329645648,0.0,0.0,0.4185453596417365,0.06808842387669856,0.5100460648536682,1.7009017555229886,2.2402427821341524,"Granulocyte precursor,Monocyte classical,B naive",0.0025641803933673757,-0.11935186386108398
ENSG00000121064.12,SCPEP1,0.056838933,0.056838933,-0.12620365619659424,False,0.23462135415428031,4.092646055332756,0.26905809855493973,3.472239272578374,0.07867967180907727,0.017717014998197556,0.1063971072435379,0.1760071383087251,0.0,0.0,0.3222831969704292,0.058963309510160926,0.2850247621536255,1.4843257652832853,1.3974805649253705,,,-0.10967636108398438
ENSG00000153944.10,MSI2,0.029296843,0.08992719,0.2149316668510437,True,0.3594410366140028,7.218350226855297,0.6321812829388035,3.149513150401453,0.05775747388601304,0.013707665726542473,0.11213911324739456,0.18046738122318093,0.0,0.0,0.35932800934963405,0.04408479610789229,0.2873121500015259,1.0811121323090602,1.0793601324706046,Pre-B small,1.8962875956484811e-19,0.23697948455810547
ENSG00000108406.9,DHX40,0.12352149,0.12352149,-0.12203788757324219,False,0.021866742960149052,0.7614513166618846,0.2615259341269305,6.179325727515687,1.02151183962822,0.0123751824721694,0.018444441258907318,0.06612244359807481,0.0,0.0,0.25843470289710674,0.04414745552330857,0.06215057894587517,2.9237272190515786,2.030765953183952,,,-0.12197089195251465
ENSG00000141367.11,CLTC,0.20676018,0.20676018,-0.04242372512817383,False,0.07258885815665479,1.2189721163201022,0.2376537188132417,5.530650793172399,0.4737461306154729,0.02098091132938862,0.059677064418792725,0.1655675240912889,0.0,0.0,0.31830524412908784,0.07418252601633313,0.15223011374473572,1.3005430187540328,2.1000605919616664,"Granulocyte precursor,Monocyte classical",2.5086373970286685e-09,0.01776301860809326
ENSG00000062716.12,VMP1,0.024513151,0.100133,0.022708535194396973,True,0.7092273613541127,6.152649608330048,0.4544699621351652,2.7749354035526523,0.05805568339303137,0.02801627479493618,0.22801712155342102,0.16907997250611348,0.0,0.0,0.45811165950573796,0.09918969319826632,0.5587901473045349,1.5258998384956513,1.1338303513765366,Monocyte classical,1.265743300184273e-48,0.09523385763168335
ENSG00000146872.17,TLK2,0.07278417,0.07278417,-0.08737790584564209,False,0.017615023218070406,0.9391997793988236,0.26241497756078874,6.222451955957641,1.0540784478187561,0.009357413277029991,0.013759877532720566,0.03733694367282922,0.0,0.0,0.2720845696499156,0.029335519892574876,0.048992179334163666,2.5352265607711364,1.7056039072855953,Monocyte classical,5.365363900283848e-05,-0.08616077899932861
ENSG00000136485.14,DCAF7,0.23399073,0.23399073,-0.19805598258972168,False,0.026586093093835205,0.4980280283878607,0.1931872006781184,5.16580194479302,1.599866476804018,0.019945571199059486,0.021599115803837776,0.10924199980393141,0.0,0.0,0.13134228081910987,0.06193519339616849,0.06947344541549683,1.4200890887083968,2.070839479668111,Erythroid late,0.0010193870426630388,-0.1895202398300171
ENSG00000271605.5,MILR1,0.14738552,0.14738552,-0.04538679122924805,False,0.08221972801826699,1.6789195772338048,0.2757640177386756,3.986761616832109,0.4178119064867496,0.01367602963000536,0.04410704970359802,0.08263808862946663,0.0,0.0,0.19903016968337967,0.040743820354482096,0.13847458362579346,1.303731110437026,1.9209589360544745,,,-0.011500835418701172
ENSG00000171634.16,BPTF,0.1707838,0.1707838,-0.12790584564208984,False,0.07225164702240885,1.5806468501199855,0.2555824642214341,5.810026592080518,0.4023445779333512,0.017750468105077744,0.05224256590008736,0.13031308761805324,0.0,0.0,0.27024246179737244,0.06357421722013878,0.18942314386367798,2.2062486248764954,1.8620006995691527,Pre-B small,6.991029942678031e-10,-0.06500303745269775
ENSG00000172794.19,RAB37,0.084326684,0.20111805,0.1545148491859436,True,0.11478418650665226,2.394530417060645,0.3916257555218967,4.3932596101321435,0.3099790155887604,0.014776124618947506,0.050051551312208176,2.489426498094445e-06,0.0,0.0,0.4911462045142823,0.07390158910126843,0.504841148853302,6.1501064202498155,1.27314877245762,Platelet,1.8015664765246674e-10,0.24233829975128174
ENSG00000161526.14,SAP30BP,0.035050243,0.035050243,-0.19751381874084473,False,0.07681737280947737,1.8461168711384204,0.22627430316178085,3.8482314139702547,0.2022513747215271,0.012533918023109436,0.054225482046604156,1.4671858743665564e-09,0.0,0.0,0.1931008167311392,0.031336626628402094,0.17883442342281342,1.2880843575944925,2.0086791399785455,Granulocyte precursor,0.0051694712986600465,0.0014476180076599121
ENSG00000129657.14,SEC14L1,0.5514684,0.5514684,-0.037943124771118164,False,0.054086991411103374,0.5823603535143002,0.2701616206288831,6.529155452490909,1.1585909637808802,0.034728504717350006,0.042489245533943176,0.19428243052753996,0.0,0.0,0.2075444546005969,0.1023326697647029,0.12345414608716965,1.2164800692290472,2.0008375723017653,Erythroid late,7.253481456459286e-11,-0.009979724884033203
ENSG00000184640.17,SEPT9,2.5659702,2.5659702,-0.25885677337646484,False,0.0394644941243545,0.19408676555145965,0.3129998472098357,6.611433719106781,4.434720087051391,0.08123466372489929,0.028392711654305458,0.2045356445600664,0.0,0.0,0.01299321343574454,0.2277421359774792,0.08220373094081879,1.1941862436523891,1.7963148338653658,"Monocyte non-classical,Pre-B small",0.00464443223158107,-0.23024308681488037
ENSG00000089685.14,BIRC5,0.008489277,0.008489277,0.1813839077949524,False,0.5077979523783773,27.087299740329716,0.39666685299476356,3.8871899345314507,0.03838670440018177,0.006192175205796957,0.23390009999275208,2.2808673024144242e-11,0.0,0.0,0.4488711027508279,0.02137306829983477,0.906354546546936,2.0780329702748164,1.4293721581566246,,,0.22933214902877808
ENSG00000173821.19,RNF213,0.06856341,0.06856341,-0.0716322660446167,False,0.11299966114574045,2.518446363444871,0.3267286946854355,3.196183094759988,0.3069326341152192,0.015599089674651623,0.05336364358663559,0.110170284062552,0.0,0.0,0.2518992642749854,0.052376372546781624,0.16150939464569092,1.4943649683483857,1.3583557535099833,,,-0.07101786136627197
ENSG00000224877.3,NDUFAF8,0.103827134,0.103827134,-0.06953680515289307,False,0.31466685940084455,3.48988805128431,0.2806940788638698,3.449309598034242,0.07862196542322633,0.020075026899576187,0.12064631283283234,0.11969633331322951,0.0,0.0,0.4348956820008087,0.07855428965378587,0.39414429664611816,2.095183943149237,1.4760451048190322,Monocyte classical,2.483678860848071e-12,0.020045757293701172
ENSG00000185298.12,CCDC137,0.0964257,0.0964257,-0.15361475944519043,False,0.037853994605702365,1.529524171293734,0.2963933105983535,6.487267349379879,0.39004216313362117,0.010475021786987782,0.029138898476958275,0.08427057695488584,0.0,0.0,0.07203737037856535,0.032553664694553675,0.096559539437294,1.9040189716509865,1.7347348065696566,,,-0.021357059478759766
ENSG00000176845.12,METRNL,0.12847699,0.12847699,-0.02123391628265381,False,0.17922195156082646,3.3385477194192013,0.454166153268072,2.3053736997250356,0.13228897467255585,0.016981270164251328,0.06065244600176811,0.09291809848303705,0.0,0.0,0.27333438833435897,0.05443606998052708,0.1610788106918335,1.6235527260071034,0.9628598900230468,"Monocyte classical,Monocyte non-classical",0.0015702416685166537,0.09581661224365234
ENSG00000154845.15,PPP4R1,0.14305043,0.14305043,-0.07523524761199951,False,0.025202064610675555,0.7612238627472793,0.23443782067385904,5.291097900412807,1.2131720235943786,0.015011686831712723,0.01837526261806488,6.689268892334283e-07,0.0,0.0,0.35239030518350956,0.05117439529150048,0.06628166139125824,2.992333677180908,1.8760243717078922,B naive,3.8542838286108e-05,-0.06234312057495117
ENSG00000154889.16,MPPE1,0.32353753,0.32353753,-0.29859459400177,False,0.027166134491842388,0.8088533636339453,0.2535292200298741,6.678965889010873,1.183948713541031,0.016017576679587364,0.02232275903224945,0.15253780750751675,0.0,0.0,0.12445945083805521,0.05198763858192733,0.07064460217952728,1.6672900966974602,1.876975786550115,B naive,4.009470056168975e-06,-0.18737351894378662
ENSG00000067900.7,ROCK1,0.5356552,0.5356552,-0.2188171148300171,False,0.08673748840420915,0.9312665207846162,0.2915447549531552,5.827754839129198,0.9301261961460113,0.03901628032326698,0.05662884935736656,0.19778302708774104,0.0,0.0,0.12003838393145283,0.11909742807691259,0.1840287744998932,1.2737125323517668,1.6364667441845735,"Monocyte classical,Pre-B small",0.008713089206935925,-0.15811192989349365
ENSG00000141425.17,RPRD1A,0.46497008,0.46497008,-0.4362221956253052,False,0.010661343389599676,0.21771806484967687,0.16663727707015985,9.729559452399432,2.3380818857749306,0.01453861128538847,0.009959449991583824,1.4474429079601636e-18,0.0,0.0,0.37396708631924724,0.046325308852055,0.03716176003217697,1.4896022585193054,3.1464290955454115,,,-0.4332907199859619
ENSG00000152223.12,EPG5,0.20764096,0.20764096,-0.18953955173492432,False,0.015088068521333424,0.4260790308754598,0.2538306315920388,6.709451183907092,1.1843671385447183,0.012512154877185822,0.013372798450291157,0.06476241251998648,0.0,0.0,0.2748165957453642,0.045180092883498446,0.0513300895690918,2.2997960370905073,2.508418666696196,"Monocyte classical,Pre-B small",0.008761424184595534,-0.18306636810302734
ENSG00000152229.18,PSTPIP2,0.03851764,0.03851764,-0.020355820655822754,False,0.22005174775926753,4.725401222613948,0.27179923471382533,2.077059029320009,0.5724812842905521,0.01482862513512373,0.0448758639395237,6.625120336219367e-07,0.0,0.0,0.41640029233809084,0.06442120563630915,0.17783910036087036,2.5065110125947094,0.6404323299700798,Platelet,3.1435524386438166e-17,-0.020139217376708984
ENSG00000078043.15,PIAS2,0.12471707,0.12471707,-0.12882888317108154,False,0.017401745228967525,0.5811863245775283,0.21175862851042893,7.044535337404779,1.144757975488901,0.01250532828271389,0.016631780192255974,0.025785417879873825,0.0,0.0,0.32119061326548337,0.04548732612563876,0.05953442305326462,3.030079066304794,2.3741948290374713,,,-0.12828433513641357
ENSG00000175387.15,SMAD2,0.13318047,0.13318047,-0.18283915519714355,False,0.032808720587241144,1.01623387514121,0.1841201545501279,4.691988801554982,0.7441635087132454,0.014679822139441967,0.030576243996620178,0.09981122238397391,0.0,0.0,0.07130997026516926,0.04793755608351913,0.10083778202533722,2.1489093805210846,2.152082624085064,Monocyte classical,3.5506150465270333e-06,-0.07080674171447754
ENSG00000196628.15,TCF4,0.09462874,0.13191694,0.511003851890564,True,0.6493892160309837,4.181157007183217,0.46253026905191075,5.165016171157289,0.16027442436665296,0.0389026440680027,0.2676045596599579,0.17617358930462176,0.0,0.0,0.4668435613631512,0.1283924526679492,0.8140530586242676,1.1315580034728732,1.5668542067768672,Pre-B small,0.0025671540875701225,0.5129362344741821
ENSG00000066926.10,FECH,0.010497382,0.0178909,0.08514809608459473,True,0.837729575061603,12.777717013613138,0.33219036295143684,1.6464329884252353,0.058415217082947495,0.01950952224433422,0.1928735226392746,8.612943486153858e-09,0.0,0.0,0.48985605662570875,0.08902140503740073,0.5289174914360046,3.8211888221932306,0.7368573701963427,,,0.0985574722290039
ENSG00000134440.11,NARS,0.14896704,0.14896704,-0.056488752365112305,False,0.12599435269860929,1.8321697390642808,0.3121855054670331,2.957426378481388,0.18693373963236815,0.018948309123516083,0.04789438098669052,5.192066727006461e-10,0.0,0.0,0.46362943121494316,0.08658266657881608,0.14684650301933289,5.610188083200979,1.2416263907157319,Erythroid late,0.0005609062634344648,0.009914159774780273
ENSG00000171791.12,BCL2,0.27478167,0.27478167,-0.01821601390838623,False,0.1744985378414106,2.2128896200863144,0.46071550262190736,2.5097782180255868,0.1948581866919994,0.02336891181766987,0.05666588246822357,0.11718832033705812,0.0,0.0,0.3224275735959523,0.07890074624031573,0.1382070779800415,2.094468749793255,0.9627211041747401,B naive,0.000953748582222488,0.06195032596588135
ENSG00000119541.9,VPS4B,0.1319778,0.1319778,-0.23197245597839355,False,0.09693183220643914,2.12652411637084,0.42825210790186335,3.5423606950781266,0.16890002936124804,0.013645065017044544,0.038172245025634766,0.14302414751571524,0.0,0.0,0.17425032268674423,0.044099580477992006,0.11599545180797577,1.5256246451177695,1.1839797504982161,Pre-B small,8.707580838719219e-08,-0.03737771511077881
ENSG00000166479.9,TMX3,0.10113196,0.10113196,-0.10195755958557129,False,0.024149290722592098,0.8362718869453754,0.23288910962599157,5.261941936829973,0.7427626046538354,0.01090376079082489,0.01858244277536869,0.004866808681949355,0.0,0.0,0.2648790225463108,0.03887975636177465,0.06713277846574783,2.798937316431027,2.0378818202410165,Monocyte classical,9.034023183438942e-08,-0.09252381324768066
ENSG00000176890.15,TYMS,0.0037526637,0.0037526637,0.21482890844345093,False,1.1532418957719142,74.92612463273055,0.46329055409033965,3.455899789437805,0.00865559806348756,0.00391216529533267,0.4983089864253998,3.072811475909982e-20,0.0,0.0,0.48827001267082865,0.013173933339970191,1.4139128923416138,1.1361303024236067,1.4571405954490357,,,0.29731976985931396
ENSG00000101596.14,SMCHD1,0.18665749,0.38062406,0.33162862062454224,True,0.20385140207716598,1.0220682503663556,0.36777478464792257,7.660142417901756,0.5918306917448839,0.07098440825939178,0.15182454884052277,0.2360131242376712,0.0,0.0,0.33132571682799605,0.19105934723976678,0.43509265780448914,0.8877634886962262,1.893361198705179,Pre-B small,0.005467890431576752,0.3340151309967041
ENSG00000177426.20,TGIF1,0.07224286,0.07224286,-0.044777870178222656,False,0.048498504824702325,1.137355111433084,0.2650204328764999,5.291339690176137,0.965634897351265,0.02099013142287731,0.03586626425385475,0.009505569088213702,0.0,0.0,0.28655040389976344,0.07909449487362608,0.10820314288139343,2.986845994985422,1.6366367785100295,,,-0.04461205005645752
ENSG00000263753.6,LINC00667,0.23514934,0.23514934,-0.22329461574554443,False,0.02523691146677697,0.7120972238668859,0.23740247217412172,6.703226864971453,0.9902049690485001,0.011790881864726543,0.016075147315859795,0.12642390347194218,0.0,0.0,0.22933855705816908,0.037618403167639876,0.053752701729536057,1.5162759952212124,1.9145617216038617,Monocyte classical,0.00035765831414380186,-0.22303402423858643
ENSG00000101745.16,ANKRD12,0.05731236,0.05731236,-0.4865610599517822,False,0.21267216126059968,4.247050299772516,0.31456655547226414,4.8999166976182345,0.10494022844359277,0.01472211442887783,0.13502958416938782,0.1980162078042132,0.0,0.0,0.33040999832132995,0.04388827128641992,0.3399064540863037,0.699993872279309,1.7585232935522699,Monocyte classical,3.4318024798132267e-25,-0.03052198886871338
ENSG00000168461.12,RAB31,0.02129484,0.051121607,0.14025908708572388,True,0.7159155315373646,9.346873370714999,0.518271113312912,4.3059480907250025,0.087709507830441,0.026276297867298126,0.3302905261516571,0.14280597240434603,0.0,0.0,0.4533549538607924,0.08576553432138921,0.9144526124000549,1.1719723710100565,1.2807851429662176,,,0.1825123429298401
ENSG00000134265.12,NAPG,0.14689425,0.14689425,-0.12671303749084473,False,0.02685588095752687,0.7386571995989364,0.22858122049016946,4.56471234409467,0.6508877006173133,0.012409282848238945,0.01935114525258541,0.012650469865064115,0.0,0.0,0.39084660781667746,0.04587518409951752,0.0693216621875763,1.8665343647964205,1.9000260286956168,Erythroid late,6.202149938707491e-07,-0.08117508888244629
ENSG00000168675.18,LDLRAD4,0.024467783,0.114751466,0.12655586004257202,True,0.17197624902433048,2.4688657129204117,0.33882538068606266,3.7472517205705858,0.2199941031262279,0.017459509894251823,0.08749829977750778,0.06296724223353209,0.0,0.0,0.38676676414004085,0.05600900231359063,0.24233949184417725,1.1996270291552744,1.7398960461312416,Pre-B large,0.0010302280054774273,0.12844312191009521
ENSG00000101654.17,RNMT,0.15097909,0.15097909,-0.1507347822189331,False,0.09632909217039483,1.9460236261454527,0.25932932041432094,5.710238272230556,0.41666669838958326,0.0178904477506876,0.05693932995200157,0.14141897431657333,0.0,0.0,0.19707070616813183,0.05760045702614924,0.17469274997711182,1.4360669747518382,1.6354716856392317,Granulocyte precursor,0.0021511522746008338,-0.14569485187530518
ENSG00000101782.14,RIOK3,0.42600685,0.42600685,-0.21020495891571045,False,0.04253001745171063,0.6888872063242047,0.2637803427971121,4.915245391209086,1.7150523416697978,0.021732598543167114,0.02013213559985161,8.687229816010095e-20,0.0,0.0,0.36661146285210555,0.07602303476595296,0.08037471771240234,1.843063010658068,1.3889915930260572,Platelet,1.7161047329538305e-44,-0.2052316665649414
ENSG00000141452.9,C18orf8,0.38972893,0.38972893,-0.4541175365447998,False,0.016884741171118614,0.4108549779455729,0.20830111310078428,6.7625537587444216,1.5386384618282323,0.015577366575598717,0.014350946061313152,0.1376010396412475,0.0,0.0,0.18794257207575943,0.05232519247124933,0.04756756126880646,1.4861837172255958,2.354437852931208,Monocyte classical,5.4011401328482615e-05,-0.45209717750549316
ENSG00000134758.13,RNF138,0.13924603,0.13924603,-0.2781022787094116,False,0.07255695238905736,1.536359000145423,0.18145102995486512,5.194783256299442,0.5349541515111923,0.020936269313097,0.06457533687353134,0.08129379959474578,0.0,0.0,0.3732123270886421,0.06869486738857057,0.2237895131111145,3.131264888828245,2.0577781544563734,,,0.004825174808502197
ENSG00000257267.3,ZNF271P,0.5044573,0.5044573,-0.20031940937042236,False,0.03343284469481698,0.5256113638092519,0.18038575523001985,5.474459495492083,1.6817386955022808,0.028526902198791504,0.027606863528490067,0.07804740091369751,0.0,0.0,0.303432930167607,0.10114368658417303,0.10050840675830841,3.327601547030834,1.8872159984209704,Platelet,1.824712644903028e-22,-0.08958578109741211
ENSG00000141682.11,PMAIP1,0.009858854,0.009858854,-0.04684305191040039,False,0.5567408986031447,6.4863098676520625,0.32065330259763175,2.5736420786021927,0.15208694128319622,0.017605602741241455,0.20055441558361053,2.2491845298123092e-07,0.0,0.0,0.44438620420232267,0.053469745933431234,0.5911901593208313,1.7838473953565537,1.4056185032098867,,,-0.032176971435546875
ENSG00000242550.5,SERPINB10,0.10803083,0.32332587,0.15183091163635254,True,0.13393092579301763,1.3091599758717132,0.44602527376723344,2.2970813352172805,1.594496414065361,0.04628646746277809,0.04789767414331436,2.182871442957101e-22,0.0,0.0,0.2815696337017596,0.1375861523289723,0.1484450101852417,1.4861068652600649,0.8299596410759846,,,0.16096842288970947
ENSG00000075336.11,TIMM21,0.020546734,0.020546734,-0.008655428886413574,False,0.05577113044228756,4.490462746874884,0.23344215474387503,3.3335239858409422,0.3759741939604282,0.004759308882057667,0.01984236389398575,4.2966000170147987e-07,0.0,0.0,0.21449955744077287,0.015573730215470153,0.07965773344039917,2.1117755183457176,1.0603873293696682,B naive,0.009422325777146096,0.007632195949554443
ENSG00000166377.19,ATP9B,0.2546707,0.2546707,-0.1977696418762207,False,0.01519577745926707,0.4348425334969998,0.25138765028983123,8.321607225811837,1.0172964602708816,0.012107246555387974,0.0124964639544487,0.01784103264287574,0.0,0.0,0.3390558637159251,0.045828392883110906,0.04605845734477043,2.7996072859671672,2.3736121635583958,Monocyte classical,1.42735536193905e-09,-0.19607090950012207
ENSG00000060069.16,CTDP1,0.07379251,0.07379251,-0.03481793403625488,False,0.0220124269255189,0.5799716761167765,0.24892323196512706,4.6022894031133825,1.340372976064682,0.0137573117390275,0.01562662608921528,2.04320983693229e-12,0.0,0.0,0.29830709563672586,0.041277670081125706,0.06058907508850098,2.48421186116222,1.7719813697060633,Monocyte classical,0.0016525307856568574,-0.0266115665435791
ENSG00000185198.11,PRSS57,0.0008569206,0.0008569206,0.03535330295562744,False,1.4803354153425514,95.25246223021003,0.40709433905355613,1.3684130163101327,0.024689835216850038,0.0053300135768949986,0.33461225032806396,3.22521189301423e-08,0.0,0.0,0.4854617465084011,0.019362735475656923,1.0949375629425049,1.7102621867630639,0.605927235031771,,,0.03573864698410034
ENSG00000182087.12,TMEM259,0.435461,0.435461,-0.4591590166091919,False,0.020289845472251877,0.3584972006287789,0.17936177252818852,8.30332412143047,1.70661860704422,0.021888986229896545,0.018597612157464027,0.1211368765098912,0.0,0.0,0.15176785778915242,0.07947120051531087,0.060855038464069366,1.6898928724436844,2.5506972221512476,Plasmacytoid DC,1.2341775240028006e-05,-0.44509875774383545
ENSG00000071564.14,TCF3,0.06667317,0.24687532,0.2153899073600769,True,0.08758180096023702,1.1167494255635844,0.29467946545934626,5.290643205853189,0.527057393863797,0.022479888051748276,0.05747314915060997,0.10738646592970388,0.0,0.0,0.3284892300662071,0.07622277178049329,0.17116640508174896,1.3082601023994613,2.0604288952856993,,,0.21993738412857056
ENSG00000099875.14,MKNK2,0.2802968,0.2802968,-0.05372118949890137,False,0.06812532455434268,1.161460481501748,0.2819686903219419,6.605025273394364,0.6207457780838013,0.022356903180480003,0.04862186685204506,0.14641247814152866,0.0,0.0,0.2575132158804271,0.07449080912110162,0.15956637263298035,1.7227436882018856,1.867791701394008,,,-0.02808547019958496
ENSG00000172081.13,MOB3A,0.15465064,0.15465064,-0.24519717693328857,False,0.08889608052755556,1.9131781806929593,0.2992437123931502,3.4669449986374925,0.48932022705674183,0.017197096720337868,0.05350806564092636,0.16557267627430414,0.0,0.0,0.18230895818286846,0.054770775037182425,0.16017726063728333,1.3670433817586352,1.4636970868454982,"Monocyte classical,Monocyte non-classical",0.00014233314785136778,-0.16477715969085693
ENSG00000176533.12,GNG7,0.015096828,0.033985034,0.018300890922546387,True,0.5163939678749102,9.955219686286078,0.5170429064583942,2.165925633311019,0.048800444416701796,0.014220470562577248,0.13768669962882996,0.16243814160110095,0.0,0.0,0.39726497996728016,0.0447796791229127,0.3875178098678589,1.271219357060839,0.926270642666274,B naive,0.0009410984478186383,0.09263259172439575
ENSG00000104964.14,AES,0.054250136,0.054250136,-0.023612618446350098,False,0.2671347213170767,3.9860477000174788,0.2774748240443194,5.55475706280335,0.1296387123564879,0.01972835510969162,0.17162466049194336,0.12520853161224146,0.0,0.0,0.4482072949986161,0.07696971892872106,0.5051206350326538,1.423945382376655,1.964214168888377,Monocyte classical,4.172003691351394e-63,-0.019444942474365234
ENSG00000095932.6,SMIM24,0.03153777,0.03354799,0.3897690773010254,True,0.4825149928682222,13.8038646858831,0.4369601686540308,2.952186106464919,0.06716594521887598,0.011912282556295395,0.22450311481952667,0.055027933797409646,0.0,0.0,0.38891159012320314,0.03680627612716458,0.5598593950271606,0.6617615962797614,1.1702533540173514,,,0.39335495233535767
ENSG00000130254.11,SAFB2,0.11763453,0.11763453,-0.12252962589263916,False,0.043862299459879586,1.079326125128216,0.21038105909663232,4.660962726056124,0.6444609180092811,0.014011885970830917,0.034243691712617874,0.08493968023458133,0.0,0.0,0.3111762993424577,0.05527081898583219,0.11592382192611694,2.4297200865243394,2.037857345631313,Erythroid late,2.6798535948810874e-06,-0.02029240131378174
ENSG00000141994.15,DUS3L,0.20700276,0.20700276,-0.1648470163345337,False,0.03182018207008389,1.017817445567365,0.250503202423402,6.294480874154022,0.8639925986528396,0.012141368351876736,0.020376313477754593,0.07468212417708325,0.0,0.0,0.27263338043033936,0.03828978540877825,0.07418762147426605,1.9934603377190157,1.6488763171486445,Pre-B small,3.996455925202608e-05,-0.15533733367919922
ENSG00000104921.14,FCER2,0.038259767,0.06775224,0.3022327423095703,True,1.1662821783110053,10.568516550790962,0.6476831012939478,2.315809459707645,0.04846907196566463,0.02507198229432106,0.29872801899909973,0.24296019375210445,0.0,0.0,0.42249831324841564,0.0791530341894382,0.6495028734207153,0.7790335515820722,1.0737024298357998,,,0.39224404096603394
ENSG00000066044.14,ELAVL1,0.08015266,0.08015266,-0.1277066469192505,False,0.019537876919307147,0.932014179086094,0.24869046847956258,5.548855762867982,0.7132555430134135,0.007452843710780144,0.012373417615890503,4.8163815841617785e-06,0.0,0.0,0.3520036681110644,0.02184987339054256,0.05883968994021416,1.7041022634616938,1.7813331737095472,Pre-B small,7.341548439422562e-16,-0.12292611598968506
ENSG00000133246.11,PRAM1,0.076347746,0.076347746,-0.05138421058654785,False,0.2485683455297696,3.247254951703229,0.5805735729700776,3.694844790803384,0.133910071849823,0.023570572957396507,0.08184833824634552,0.05524242575143625,0.0,0.0,0.40436757325157396,0.07672874065768553,0.24532818794250488,2.0906870695432995,0.9831198822883132,Monocyte classical,0.005953835715677121,0.07364696264266968
ENSG00000142347.16,MYO1F,0.06676396,0.23776148,0.0269203782081604,True,0.33741546136149075,3.3714663030466934,0.4732303760253495,2.5016240419992015,0.14026417180895806,0.03106442466378212,0.10464496910572052,0.17386741514760015,0.0,0.0,0.34008802899070956,0.09532927095858314,0.2601415514945984,1.5908915429309944,0.9515835656032428,Monocyte non-classical,2.196110407515174e-08,0.1271858811378479
ENSG00000095059.15,DHPS,0.28818694,0.28818694,-0.11451518535614014,False,0.051929544595074185,0.9720764256490091,0.28665845667749834,8.411030662109292,0.5349447519083818,0.018341064453125,0.04340023919939995,0.17206297386808866,0.0,0.0,0.13800810748587206,0.06220517984559671,0.13952255249023438,1.5340429005494147,2.318344019897497,Pre-B small,2.0268612249969834e-09,-0.06366658210754395
ENSG00000167815.11,PRDX2,0.004597421,0.004597421,0.09567379951477051,False,2.7537680739403982,51.837147242991875,0.39595525244402496,1.7291174295235165,0.01494669589214027,0.011786077171564102,0.8555666208267212,6.641166907483879e-15,0.0,0.0,0.4759101655201085,0.0337278532710501,1.7615972757339478,0.6739103882444769,1.0802870276221088,Erythroid late,0.00852079568540832,0.10618329048156738
ENSG00000105610.4,KLF1,0.008441145,0.008441145,0.24489372968673706,False,0.6294975961458092,40.45438995187222,0.477252333469333,3.085308901201539,0.016569816861301656,0.004710122477263212,0.13218051195144653,4.345279260763614e-19,0.0,0.0,0.43699289068931874,0.016467543351949887,0.6627968549728394,1.488922815264565,0.693696633302951,,,0.3301525115966797
ENSG00000267458.1,AC092069.1,7.1485834,7.1485834,-0.010747432708740234,False,0.03381895195045222,0.06135649721004422,0.21435939265757353,4.4151325454230514,18.64152431488037,0.17603851854801178,0.015581535175442696,1.8973915988192379e-13,0.0,0.0,0.4274607140845402,0.7333675041643063,0.061175428330898285,3.4456416569343165,1.5147162248492039,Granulocyte precursor,2.422159050171979e-09,-0.009050965309143066
ENSG00000104907.12,TRMT1,0.11405517,0.11405517,-0.08247923851013184,False,0.08447742591715099,1.7288739357574152,0.2249697563069221,5.649452706108239,0.3840182550251483,0.01950424164533615,0.07199465483427048,0.14803711551928342,0.0,0.0,0.3230111394051554,0.06639839420859771,0.21728327870368958,1.924481708778774,2.135049119303579,,,-0.07380378246307373
ENSG00000132002.7,DNAJB1,0.030261487,0.030261487,-0.09772789478302002,False,0.03892368965042894,1.1605258719375726,0.19992365750595376,4.657503188383264,0.4946092709898949,0.012288331985473633,0.036024559289216995,7.222777837698879e-07,0.0,0.0,0.010313388664506012,0.031132785138268115,0.12581992149353027,1.3635619778596095,2.2734920185598764,Monocyte classical,4.52404231035634e-05,-0.008939027786254883
ENSG00000127507.17,ADGRE2,0.08987736,0.19269581,0.11078649759292603,True,0.11430196189211948,2.1055142965528773,0.32243657981950186,3.054221484759448,0.4583658391982317,0.01734604500234127,0.04790322482585907,0.14372302101070555,0.0,0.0,0.11838839616248276,0.0505531188922319,0.12259512394666672,0.958677949286162,1.2491563715585796,,,0.12854605913162231
ENSG00000141867.17,BRD4,0.07000571,0.07000571,-0.32462751865386963,False,0.12965968842250136,2.3575818084639444,0.31091526385917423,3.0610385794614627,0.12613647133111955,0.01375205721706152,0.04906135052442551,6.873946765008044e-39,0.0,0.0,0.3598815646325847,0.0497824026459206,0.17202582955360413,1.356374070750955,1.513230410350715,Pre-B small,1.1760534443456627e-06,0.0013791322708129883
ENSG00000105127.8,AKAP8,0.17790191,0.17790191,-0.37490832805633545,False,0.02260795420782503,0.9844903323199466,0.24885468308771858,7.478449081597653,0.6567274798452856,0.010526733472943306,0.0215991772711277,0.13196418429105308,0.0,0.0,0.06684230384119794,0.03292384732800491,0.07576623558998108,1.9300256887964158,2.162321451264014,Pre-B small,1.2280857668779205e-08,-0.0834047794342041
ENSG00000130522.5,JUND,0.034072813,0.07486922,0.23131322860717773,True,1.8822286206215848,10.600897623718517,0.6851742299853174,3.8987875762535276,0.042250808347016576,0.05572064220905304,0.6231361031532288,0.1982256674407551,0.0,0.0,0.477390839572101,0.1729249952480885,1.6821465492248535,1.2603717098477825,1.0046964124908433,Monocyte non-classical,1.108407446671235e-10,0.3177013397216797
ENSG00000064607.16,SUGP2,0.31524053,0.31524053,-0.25278306007385254,False,0.022296048634920847,0.5316481393351061,0.1884412534845789,6.514704616201757,1.2660675360262394,0.015446361154317856,0.016439858824014664,0.1297248815595999,0.0,0.0,0.21296440057351163,0.05040082242987375,0.05982501804828644,1.5881249928237016,1.9065944348955548,Pre-B small,0.006044866667864415,-0.24987220764160156
ENSG00000167604.14,NFKBID,0.35296673,1.2368021,0.14285755157470703,True,0.07173181697477898,0.41346033750855904,0.3520185268275562,4.917011774569822,2.8566338020563125,0.0715099573135376,0.04336957633495331,0.21268200771652493,0.0,0.0,0.14755117361940412,0.1934453871284081,0.127340167760849,1.0134655850092098,1.393504619088666,B naive,0.00031285083143561923,0.15879005193710327
ENSG00000011600.11,TYROBP,0.008111268,0.008111268,-0.4627619981765747,False,10.768499882052879,113.88448613385673,0.6320563021709326,2.461052140557254,0.006861032053517801,0.029574083164334297,2.44976806640625,0.19704100393400975,0.0,0.0,0.49426775704350945,0.10066798827424606,9.201891899108887,1.197822063927819,0.7273594828371797,,,0.3108763098716736
ENSG00000105258.8,POLR2I,0.13102841,0.13102841,-0.060717105865478516,False,0.31666343994713764,3.6693577825459607,0.3857737069398863,4.080767905417497,0.08388056192547083,0.020924845710396767,0.11786985397338867,0.15358089546537285,0.0,0.0,0.43612387822639526,0.08186554570004657,0.3107795715332031,1.9172818687556532,1.4620462781800236,Erythroid late,6.0320096382234536e-24,0.09960770606994629
ENSG00000167641.10,PPP1R14A,0.14238553,0.34602988,0.42418307065963745,True,0.22699799355869602,1.4929046306290972,0.43599482703666453,4.79403345674816,0.4353234753012657,0.03588269650936127,0.08654904365539551,0.053648240344900636,0.0,0.0,0.4584229174503978,0.16380437284785643,0.3096614480018616,1.9880076918678546,1.6156420273267142,Platelet,0.0072382315997939406,0.4252887964248657
ENSG00000068903.19,SIRT2,0.086646006,0.086646006,-0.08579587936401367,False,0.03827724981899964,1.500536479287156,0.20852677924498,5.480085116650716,0.42662107944488525,0.012712782248854637,0.02979876659810543,0.042722240539584164,0.0,0.0,0.37212786979952717,0.047956943412360786,0.09551870822906494,2.9462726477768904,1.701721697441485,Monocyte classical,4.0621235799231835e-05,-0.06522619724273682
ENSG00000105205.6,CLC,0.0013611097,0.0013611097,0.6639954745769501,False,361.4069883040668,28907.520481188432,50.479157236228666,0.5516983720321482,0.0003508402471197769,0.002028791233897209,2.602198839187622,0.004091086903920589,0.0,0.0,0.4904529768131652,0.010629064065234173,5.825556755065918,0.5565933472090464,0.04437028802246459,,,0.6639954745769501
ENSG00000167565.12,SERTAD3,0.18826619,0.18826619,-0.01865971088409424,False,0.05587951846918252,1.0186660786273163,0.27061075805130697,3.5645659595801242,0.7952386304736139,0.021415552124381065,0.032988905906677246,5.844727154296025e-14,0.0,0.0,0.4571000970677168,0.10128928695858617,0.08793161809444427,5.652818424694721,1.51219146328749,Plasmacytoid DC,3.802798755257603e-05,-0.01273655891418457
ENSG00000090013.9,BLVRB,0.004826923,0.004826923,0.2569398880004883,False,7.920990102615039,130.4808418429571,1.1817128136937711,12.82215563244911,0.012037870411295443,0.01470381673425436,2.082594871520996,0.0002393464021448797,0.0,0.0,0.4976393108829888,0.053576749649937305,5.1083984375,0.16253169948349638,0.9979554408508389,,,0.2829660177230835
ENSG00000105329.9,TGFB1,0.07758691,0.07758691,-0.2811959981918335,False,0.0944337167513688,2.387408814219052,0.27696739350667565,3.843480526786116,0.2581931946550806,0.012105763889849186,0.05935043841600418,0.15641042279486186,0.0,0.0,0.20086825532572528,0.038896676615116636,0.1570945382118225,1.163745447094326,1.8481935093392037,,,-0.15777075290679932
ENSG00000123810.7,B9D2,0.09302867,0.09302867,-0.09893453121185303,False,0.027767865800909636,0.8732167351842044,0.2426245566326612,5.170053561085037,0.7855382721622786,0.014142516069114208,0.02278955653309822,6.199079085018774e-17,0.0,0.0,0.3342863794146459,0.050265366167553616,0.0744231790304184,3.6901127250913865,1.9145875555980334,B naive,0.0022669028914678595,-0.06804633140563965
ENSG00000105404.10,RABAC1,0.8601865,0.8601865,-0.17637383937835693,False,0.05662300531882912,0.30102498705747066,0.19627664988387056,9.022268110790625,1.5291039082407947,0.0748916044831276,0.06599710881710052,0.2419687372887899,0.0,0.0,0.08213064220795974,0.22577520988118674,0.19103612005710602,0.9441614229354268,2.9274482217908955,Platelet,5.941801127805174e-08,-0.16441166400909424
ENSG00000028277.21,POU2F2,0.020694192,0.020694192,-0.05047965049743652,False,0.39392044797173453,12.590236936215485,0.6537590018103588,3.369731830311676,0.03914218660444021,0.011054012924432755,0.1334371268749237,0.12630575284289017,0.0,0.0,0.26384901821607887,0.034148967238201156,0.34336423873901367,1.1590862770001285,0.913131943073513,Pre-B small,2.2107634270567424e-10,0.04114103317260742
ENSG00000011422.11,PLAUR,0.33232462,1.8903209,0.20915508270263672,True,0.08196725196259645,0.3250013768110257,0.3629187445758296,4.575482558738942,3.4135752081871034,0.09509386867284775,0.03760770335793495,0.21862095906225706,0.0,0.0,0.13551687309261773,0.2638225853940526,0.1192256435751915,0.9054189486228293,1.2472771569536543,,,0.21354293823242188
ENSG00000125755.18,SYMPK,0.04522497,0.04522497,-0.2414872646331787,False,0.03381790226404149,0.9946957115267931,0.2403970253725565,5.291301702554063,0.931591208875179,0.013726856559515,0.0224338099360466,0.10418391054538786,0.0,0.0,0.15976194441851915,0.04206609314580768,0.07857511937618256,1.7425954651006859,1.6430154985222856,Monocyte classical,0.004516170199821982,-0.23676764965057373
ENSG00000105287.12,PRKD2,0.15182085,0.15182085,-0.19999074935913086,False,0.13749134422600015,2.8579498465299853,0.5240160703167304,3.222737866286912,0.13466600462794304,0.013782276771962643,0.048357605934143066,0.17098725533077513,0.0,0.0,0.12391143332233207,0.0410074560156044,0.1295572817325592,1.1407407975778499,1.1049223021446495,"Pre-B small,B naive",0.0027549965718876826,0.05879807472229004
ENSG00000105483.17,CARD8,0.31882927,0.31882927,-0.21069741249084473,False,0.02656356426250749,0.6406222571542594,0.21264726129320247,6.225297042163949,1.048831598758698,0.017403220757842064,0.022359013557434082,0.13600761086435095,0.0,0.0,0.16800919307513074,0.06102068002154227,0.07075667381286621,1.8263286248978354,2.105766873405127,"Granulocyte precursor,Erythroid late",0.000281359685922046,-0.20194685459136963
ENSG00000131401.11,NAPSB,0.016616883,0.027750941,0.1451241374015808,True,0.9335133371714001,14.041922157478849,0.46403382065685367,2.6409597293971174,0.06330869478173554,0.014151709154248238,0.3168608546257019,0.12366910561287489,0.0,0.0,0.4787122764312672,0.04800085541955479,1.084158182144165,0.9243295238413574,1.3667414142676653,Monocyte classical,3.994580145025367e-13,0.1462908387184143
ENSG00000105374.9,NKG7,0.021926438,0.047213413,0.17430227994918823,True,0.5773385182318204,7.711576443418116,0.4428954067160848,2.7877150401492106,0.10548832632601263,0.021804355084896088,0.20979970693588257,2.1059587015606044e-21,0.0,0.0,0.4746449225744423,0.08242890445759432,0.5436674356460571,1.4402783190326867,1.0694775718270098,,,0.18056559562683105
ENSG00000171051.8,FPR1,0.047892578,0.047892578,-0.07000982761383057,False,0.6343092258839287,5.30023271215349,0.44624583288377656,1.3760178878580265,0.21062670461833477,0.028933940455317497,0.1322193145751953,6.104870930477204e-10,0.0,0.0,0.44048373601160073,0.09048267521412079,0.3606947958469391,2.1514187809360044,0.6651017435789951,,,0.0649002194404602
ENSG00000105619.13,TFPT,0.17091072,0.17091072,-0.09767556190490723,False,0.03460958184722679,1.00624677829948,0.24496184268536728,5.7385150199506985,0.7441335524618624,0.014050954021513462,0.028748303651809692,0.10650513527971012,0.0,0.0,0.2735121503636314,0.045669864428088396,0.09111254662275314,2.2787056256438003,2.033301993325192,"Granulocyte precursor,Monocyte classical",0.0024179016387375816,-0.0522533655166626
ENSG00000187116.13,LILRA5,0.0048340796,0.03407747,0.03158825635910034,True,1.151754547281934,14.89195673350845,0.787651072371377,2.0176566096747672,0.03220413710922002,0.01669534109532833,0.2410663515329361,0.12181207272668913,0.0,0.0,0.4331640433916467,0.05769471949785033,0.6096751093864441,1.380087902424725,0.8914001030125722,Monocyte non-classical,0.0007420099441846444,0.11676061153411865
ENSG00000167613.15,LAIR1,0.04584296,0.04584296,-0.06190526485443115,False,0.44206960365152104,9.022729057377306,0.7228997230290569,1.677312687296889,0.06770827062427998,0.010314221493899822,0.07997496426105499,1.5996339791601387e-18,0.0,0.0,0.2902139879796841,0.03353178292979653,0.1948709934949875,0.6306847347074267,0.7366019690083784,B naive,2.0944404186953676e-05,0.04992806911468506
ENSG00000283103.1,AC010642.2,0.24905302,0.24905302,-0.2988394498825073,False,0.09710952341543819,1.2460817785688505,0.3930607708391308,3.7469002633872988,0.2745520855486393,0.02148253098130226,0.036971110850572586,0.08576149271721056,0.0,0.0,0.361670270264902,0.079230046920439,0.11979241669178009,2.138613331170265,1.2430054502228371,Plasmacytoid DC,0.005195918216548755,0.009261906147003174
ENSG00000172232.9,AZU1,0.0059746047,0.018651932,0.5510740876197815,True,17.992193545689513,47.06897851276004,0.7843976073238298,19.140808150877433,0.035619384795427325,0.10049202293157578,3.6206343173980713,3.189073037671917e-10,0.0,0.0,0.49982959861499826,0.25903388950379735,18.223403930664062,0.6308027176640065,0.8439114874226294,,,0.5510764420032501
ENSG00000196415.9,PRTN3,0.008155912,0.010085377,0.8092588484287262,True,69.62775973373252,188.09201335140085,2.003770514975486,7.239494784765377,0.005408572917804122,0.10333491116762161,9.234452247619629,1.2988149103969048e-09,0.0,0.0,0.498181910412329,0.2461644086594994,24.02907943725586,0.5885609831241526,0.4751095062282804,,,0.8092588782310486
ENSG00000197561.6,ELANE,0.0070850123,0.0070850123,0.7367258369922638,False,65.38236295688979,226.14348343824219,1.2616734912913152,12.875217826588663,0.009665360674262047,0.08122607320547104,10.294694900512695,2.5778888383401497e-06,0.0,0.0,0.4997171705941158,0.24283144786522826,36.07294464111328,0.9526369454559007,0.5471022790980379,,,0.736726313829422
ENSG00000197766.7,CFD,0.015677918,0.015677918,-0.05747568607330322,False,4.303090230947567,59.53785065298892,0.4289226147404499,1.242789630178244,0.04045992355483273,0.03043450228869915,0.680126428604126,0.03997620983488109,0.0,0.0,0.4996254135192572,0.09432619091142237,6.414539813995361,4.086233835581575,0.3753446825400969,Monocyte non-classical,6.018052111194473e-07,0.10876637697219849
ENSG00000116017.10,ARID3A,0.08648903,0.08648903,-0.0002052783966064453,False,0.30185998863359015,4.50997559987438,0.3988657092854008,1.9859728787639335,0.1360519029200077,0.01734314300119877,0.0669240951538086,8.207113262512915e-06,0.0,0.0,0.45881842659778704,0.07911345047917528,0.24763770401477814,2.766022296944025,0.8148753604209783,Monocyte classical,0.0019504160068299612,0.021637916564941406
ENSG00000064687.12,ABCA7,0.1697823,0.1697823,-0.12221419811248779,False,0.04104031085478592,1.0564730613939783,0.2881009701461131,5.635094433160393,0.7991664793756272,0.01442950963973999,0.0217671487480402,0.10920273192973051,0.0,0.0,0.1471185015502971,0.04486049473918107,0.06825795769691467,1.4715383090834782,1.4992734409792468,Granulocyte precursor,1.7743576055051886e-19,-0.12132179737091064
ENSG00000167470.12,MIDN,0.012446198,0.04760975,0.0352512001991272,True,0.44145962964393864,5.238928574586373,0.3734893579500078,2.617794795304232,0.1442258320748806,0.025674110278487206,0.16822253167629242,0.050836095950672,0.0,0.0,0.4363538694158743,0.08668634812423193,0.5434415340423584,1.6671029888767626,1.1256121665644647,,,0.07110172510147095
ENSG00000099622.13,CIRBP,4.9536014,4.9536014,-1.2767746448516846,False,0.0564042477949017,0.04649664312570672,0.14640327604910405,11.774813712011081,8.480350971221924,0.322177529335022,0.05698658898472786,0.2931889611643676,0.0,0.0,0.08203606566994753,1.0158562532100035,0.16482941806316376,0.5835309426610433,3.8041340984935483,,,-1.102189540863037
ENSG00000115286.19,NDUFS7,0.36729386,0.36729386,-0.16571152210235596,False,0.18235741805198485,1.3658161417936214,0.3150985163407961,5.494013657170485,0.2020910724252462,0.0414540134370327,0.09692175686359406,0.18918920159211558,0.0,0.0,0.32489058729845416,0.13897454540163334,0.2907034754753113,1.4961776007093468,1.5406534902256699,Erythroid late,2.451170537351527e-05,0.06650316715240479
ENSG00000104897.9,SF3A2,0.03599566,0.03599566,-0.06466507911682129,False,0.07868204196396558,2.497812329217442,0.27356824453017226,3.9534795406990826,0.17309011425822973,0.010875890031456947,0.049481529742479324,1.5721421627640978e-24,0.0,0.0,0.1646707867918697,0.0329784031052438,0.15410369634628296,1.5941818229063256,1.6479832028791415,Pre-B small,0.00021300418592474693,-0.00019359588623046875
ENSG00000099860.8,GADD45B,0.03094799,0.03094799,-0.08008074760437012,False,0.5419023966250022,12.029315074953558,0.4086783252542641,3.1103876696185906,0.11884567302962144,0.015390337444841862,0.15611764788627625,0.00655263406069362,0.0,0.0,0.45136429389242544,0.04668775325229623,0.5907454490661621,1.859995262500191,0.86434439183114,Monocyte non-classical,1.1792884305909671e-23,-0.05920255184173584
ENSG00000183617.4,MRPL54,0.096902534,0.096902534,-0.3003801107406616,False,0.033501276444201145,1.123639873555649,0.1477235363034794,5.330495642938492,0.5575495444983244,0.01476587075740099,0.041512906551361084,0.11514114799314178,0.0,0.0,0.11837634855846785,0.043507400719372535,0.13199174404144287,1.609326401403302,2.823591488563864,"Monocyte classical,B naive",0.00031499934443699504,-0.03366529941558838
ENSG00000167674.14,HDGFL2,0.030741043,0.030741043,-0.026470065116882324,False,0.01465125836153912,0.6431049497812913,0.24686236960158184,6.049648110190264,1.3694472531974318,0.007474682759493589,0.009456288069486618,4.721180878392974e-06,0.0,0.0,0.4298370453140242,0.025226629608069203,0.0393410325050354,2.412453224432558,1.7798376102939002,Monocyte classical,0.00022524488697140278,-0.02642822265625
ENSG00000160633.12,SAFB,0.05661576,0.05661576,-0.10761058330535889,False,0.05739304293433944,2.0969668300223576,0.2002174818129964,4.295130976585414,0.3278692387292782,0.010508961975574493,0.03795526176691055,0.08662169617007245,0.0,0.0,0.17117578208742096,0.03355595619107099,0.11107801645994186,1.391127465310768,1.6403302864882343,,,-0.08715701103210449
ENSG00000229833.9,PET100,0.09512701,0.09512701,-0.27319657802581787,False,0.07608610739625546,1.1671428170213407,0.14078281034180412,7.578605889790841,0.4080719357728958,0.023277411237359047,0.08684708923101425,0.1634331178263752,0.0,0.0,0.34660633019789894,0.08163940073433197,0.27150753140449524,1.5818405452737454,2.876994875070424,"Erythroid late,Platelet",1.7159345841885977e-17,-0.2593921422958374
ENSG00000076944.15,STXBP2,0.0662692,0.0980934,0.3378904461860657,True,1.5963729941204892,6.729342061547845,0.4471614694549329,2.9276813061434264,0.060739561915397644,0.07527925819158554,0.5856059789657593,0.18588086187954642,0.0,0.0,0.4798407390064774,0.23382808864198523,1.3145666122436523,1.4474851736087384,1.1009516483001425,Granulocyte precursor,7.052254968355683e-06,0.3572008013725281
ENSG00000104918.7,RETN,0.02629859,0.032474402,0.5208635628223419,True,7.192748798702845,31.821684934942713,0.9486885893532584,2.625474149674781,0.019259743904694916,0.06275109201669693,1.5394748449325562,0.14550218088174374,0.0,0.0,0.49036665825521875,0.19997976057997138,3.847841739654541,1.1344670543402697,0.7342413630030107,,,0.529379665851593
ENSG00000127445.13,PIN1,4.0313897,4.0313897,-0.8851940631866455,False,0.03814596136159508,0.11282907449577663,0.15846862159484718,4.217485197062279,10.598013496398925,0.1166728287935257,0.01816474087536335,0.15391960238708685,0.0,0.0,0.20752887180376783,0.35086661769621236,0.06559114158153534,1.12372871385686,1.3798708632690762,Platelet,5.50953467822155e-13,-0.8851778507232666
ENSG00000130734.9,ATG4D,0.04046678,0.04046678,-0.04972946643829346,False,0.06238595499317399,1.567735545752922,0.2277966113889271,3.183205840324808,0.5156075853219739,0.012841264717280865,0.031025312840938568,5.976189862014105e-10,0.0,0.0,0.3849204267852405,0.03137420370323962,0.1335892230272293,1.7522013019544842,1.4168331634155247,Pre-B small,1.9925470178530594e-07,-0.026103973388671875
ENSG00000183401.11,CCDC159,0.38980561,0.38980561,-0.15039527416229248,False,0.02381316492742449,0.4363536475152044,0.23515080970715557,5.701862448842464,1.62344782948494,0.02094155177474022,0.020316602662205696,0.13148699445051065,0.0,0.0,0.29485099301266515,0.06873481277260396,0.06082283705472946,1.6676946005464626,2.1121619528140023,Monocyte classical,5.479319383147619e-07,-0.14322710037231445
ENSG00000130175.9,PRKCSH,0.05761401,0.05761401,-0.25676238536834717,False,0.09859545174917887,3.1272285302529137,0.23213434325168295,5.082071442197466,0.09216624420136213,0.01210226770490408,0.062043555080890656,0.1029271792627663,0.0,0.0,0.37741124455061426,0.04185228789195028,0.1935054361820221,2.729321638238805,1.6393448505454171,Monocyte non-classical,1.568787154694344e-08,-0.009508609771728516
ENSG00000179218.13,CALR,0.60397804,0.7207781,0.6243441104888916,True,0.41610647710130205,0.8046326478380458,0.5144549151866319,9.92793797489342,0.38763117134571085,0.1446491926908493,0.1735202968120575,0.13788637239523335,0.0,0.0,0.47448180306550014,0.6144986756605277,0.8139354586601257,2.0605928317172344,1.4391599495286913,"HSPC,Granulocyte precursor",2.5683088912390818e-11,0.6528242230415344
ENSG00000160888.6,IER2,0.019931907,0.019931907,-0.1679837703704834,False,1.291306197702351,13.713271213751291,0.2942075934017717,2.769168956535696,0.08740934450179338,0.029789064079523087,0.5904352068901062,0.022797116953353312,0.0,0.0,0.48770224447574145,0.09396279526772133,1.4950449466705322,1.4591317424467518,1.3008188794459992,Erythroid late,1.0943720873664025e-09,0.02157151699066162
ENSG00000132017.10,DCAF15,0.15826245,0.15826245,-0.14308512210845947,False,0.018161071596833903,0.6935860313600124,0.28047395665789593,8.065346139153984,0.8917828718821207,0.011341512203216553,0.016321171075105667,0.12163160545540458,0.0,0.0,0.10528346520648879,0.03692714522663821,0.055398330092430115,1.9455738140155707,2.152623613251839,Pre-B small,7.176132471693059e-10,-0.13469672203063965
ENSG00000104998.3,IL27RA,0.310805,0.310805,-0.13393425941467285,False,0.043650340868221386,1.0660412487090747,0.31421902794188566,4.00916783916971,1.0738213270902635,0.01657944545149803,0.01981424167752266,0.04161821590961677,0.0,0.0,0.1455859996130669,0.053003317482031236,0.06192908436059952,1.4544220768572589,1.1771253799137198,Plasmacytoid DC,0.00028944981446180106,-0.11001980304718018
ENSG00000123146.19,ADGRE5,0.3155863,0.3155863,-0.09991073608398438,False,0.12304613698761878,1.2529533191189113,0.2830182157019016,5.41559446605943,0.7280119306594134,0.03608649596571922,0.07546811550855637,0.16446163190279112,0.0,0.0,0.3507727565601345,0.11169820752998127,0.23291286826133728,1.321788156007174,1.5896247839090154,B naive,6.714930524116925e-07,-0.08676135540008545
ENSG00000123143.12,PKN1,0.14203134,0.14203134,-0.0428234338760376,False,0.06351470404786048,1.2246127558314073,0.2524895085826966,5.506883875344764,0.44307368380328005,0.018262211233377457,0.048807911574840546,0.15183891958134937,0.0,0.0,0.2475862950874841,0.06082371129834874,0.14424744248390198,1.6205233829953023,1.9641769282651327,,,-0.04118490219116211
ENSG00000167460.14,TPM4,0.1161515,0.21993722,0.7564952224493027,True,0.13672274615705238,1.5538061619944672,0.34396797575330595,6.400846234719437,0.2960133332759142,0.028681907802820206,0.08760830014944077,1.7133419964446243e-33,0.0,0.0,0.49684122281470006,0.15988818466671262,0.9042835235595703,3.881923192881242,1.872195039945554,Platelet,0.0,0.7628341466188431
ENSG00000196684.12,HSH2D,0.6892721,0.6892721,-0.11672747135162354,False,0.055455995029361285,0.8009515109475419,0.32760791232101155,5.022321233898847,1.337759068608284,0.027560247108340263,0.02987261302769184,0.19230584109900223,0.0,0.0,0.13669980178896524,0.08234886811019403,0.10255272686481476,1.0843927597292338,1.4209316497113318,Pre-B small,1.853153870406272e-14,-0.07967019081115723
ENSG00000105058.11,FAM32A,0.038235914,0.038235914,-0.144683837890625,False,0.06014347065623765,2.4778302583946505,0.1613855357486634,4.008720301052713,0.3108410216867924,0.012702341191470623,0.05516698211431503,0.007880254045849616,0.0,0.0,0.22464898904810643,0.04047994813578914,0.20169779658317566,1.7913349116984187,1.8184945454765284,Monocyte non-classical,5.8554504356307625e-06,-0.039488911628723145
ENSG00000127528.5,KLF2,0.019757725,0.019757725,-0.07930898666381836,False,0.8466033291486381,10.793038003901295,0.4416247584806227,2.671903068583754,0.12970282807946204,0.026435401290655136,0.31591346859931946,0.026779495348304,0.0,0.0,0.45340795881620194,0.0911349949996314,0.946765124797821,1.530582973159147,0.9965085978110373,Monocyte classical,8.964382203468907e-06,-0.0748896598815918
ENSG00000099330.8,OCEL1,0.5155891,0.5155891,-0.19765865802764893,False,0.032557238600340814,0.6112233078813524,0.25593137861141313,4.376170517201908,1.661487603187561,0.021659422665834427,0.018902435898780823,0.07349913692551756,0.0,0.0,0.2927680971419956,0.07700348807926005,0.0655430257320404,1.8180805696506694,1.555422560662595,Platelet,0.004907582095430546,-0.1969999074935913
ENSG00000167483.17,FAM129C,0.12384466,0.1480516,0.41730743646621704,True,0.424345535060046,2.9444445414558857,0.4187913876133891,4.705307442644476,0.24415156133472915,0.03956465423107147,0.19851072132587433,0.22583120361008677,0.0,0.0,0.4703199359741918,0.11304628937609705,0.6958221197128296,0.7383551032413441,1.5336128287389044,,,0.4234549403190613
ENSG00000130309.10,COLGALT1,0.065417215,0.065417215,-0.0574265718460083,False,0.045303934587721986,1.0542528449916067,0.27169544979281945,4.90741047399216,0.523347769677639,0.013684808276593685,0.03203202784061432,1.105583033485516e-22,0.0,0.0,0.3566244182447661,0.05508083302968547,0.11545403301715851,2.4243174001740284,1.9982205553790549,,,-0.0395733118057251
ENSG00000130511.15,SSBP4,0.028600067,0.028600067,-0.1426866054534912,False,0.08516452020725765,4.307029109739055,0.22823745793911115,3.0382645935589156,0.21778314370661978,0.008973982185125351,0.06273620575666428,0.01365634695855112,0.0,0.0,0.16587379282798032,0.02828950051143941,0.1882159411907196,1.4258799981441757,1.6231371806126667,Monocyte non-classical,8.443902266532914e-05,0.0009562969207763672
ENSG00000118620.12,ZNF430,0.27820346,0.27820346,-0.1034543514251709,False,0.03191188075318865,0.8441295476787583,0.2567861269011107,5.796085071237448,0.9828730434179306,0.015860076993703842,0.02178420126438141,0.09015531131389916,0.0,0.0,0.18999790078191015,0.053667077371740035,0.06979413330554962,1.7658556329270176,1.7085061500106697,Pre-B small,0.0032970249517520383,-0.10345423221588135
ENSG00000196705.8,ZNF431,0.77194077,0.77194077,-0.35876893997192383,False,0.028097641396958195,0.412423136924415,0.2663905389396804,6.2689772412433,2.125780004709959,0.025406165048480034,0.01776285097002983,0.13850263744350444,0.0,0.0,0.2646399613339878,0.08050435773303244,0.0620788149535656,1.4220752142218702,1.6676726250625638,,,-0.35870206356048584
ENSG00000105176.17,URI1,0.3925031,0.3925031,-0.24222278594970703,False,0.03295012810800541,0.6644889454813734,0.19957081147989753,6.496541751466474,1.3693334698677062,0.02198827639222145,0.021677827462553978,0.10290207086481305,0.0,0.0,0.16994176427794905,0.07793505001962941,0.07518742978572845,1.5074929181705525,1.7309461850540147,"Monocyte non-classical,Plasmacytoid DC",0.00024343446677663931,-0.23980402946472168
ENSG00000089351.14,GRAMD1A,0.06546513,0.06546513,-0.05174553394317627,False,0.05028463075529151,1.47510322210601,0.2964949349069178,6.306182746297642,0.3563469994068147,0.011219204403460026,0.034160066395998,9.870869803006917e-08,0.0,0.0,0.4404863032607641,0.05856909502855956,0.11434905976057053,3.4236603145398457,1.8134738552726546,"Erythroid late,Platelet",7.197728439485573e-07,-0.05030393600463867
ENSG00000012124.16,CD22,0.16406892,0.16406892,-0.09078752994537354,False,0.2018373812105221,2.7846052733202766,0.41240081681810636,4.011139839356077,0.3486576985940336,0.027079015970230103,0.11824721843004227,0.16512930797545633,0.0,0.0,0.29993931086596126,0.07885313084034438,0.27683931589126587,0.8718307051806353,1.4113570242338662,"Monocyte classical,Monocyte non-classical",4.279728931885578e-08,-0.026818156242370605
ENSG00000126254.11,RBM42,0.20198916,0.20198916,-0.02452242374420166,False,0.10437182117153973,1.5727382586138572,0.2843711676839832,3.147759534185005,0.20806417621672152,0.018030740320682526,0.04094662144780159,0.11129996528687341,0.0,0.0,0.4089225489327206,0.07922977739776815,0.1169949620962143,2.087895778587963,1.371739487711858,"Monocyte classical,Erythroid early,Erythroid late",6.2889484211221624e-12,-0.019549250602722168
ENSG00000126264.9,HCST,0.07209098,0.07209098,-0.46858954429626465,False,2.18236898750749,13.765978329689958,0.6380550175794131,2.3851288767197802,0.04050637302920223,0.03936193510890007,0.561183750629425,0.2105811129739996,0.0,0.0,0.4822110820910818,0.13505532134624512,1.3782228231430054,1.078411134222904,0.9863527549064506,,,0.31795865297317505
ENSG00000130402.11,ACTN4,0.43136248,0.43136248,-0.05764949321746826,False,0.042588531958800725,0.597536405158269,0.2197181337916791,6.712816413186539,0.7718066918849946,0.02662562020123005,0.03743009641766548,0.12965774654919385,0.0,0.0,0.3195800730535328,0.09851473844443603,0.11371123045682907,2.553339370969429,2.352647407942203,"Granulocyte precursor,Monocyte classical",0.009837880218003865,-0.03579151630401611
ENSG00000104825.16,NFKBIB,0.25655526,0.25655526,-0.18159961700439453,False,0.022156938451958996,0.5512680597112536,0.23107405719730656,5.876190921869671,1.0201098525027432,0.01493178028613329,0.017333149909973145,0.04030464209912948,0.0,0.0,0.28376605030868435,0.058092327480257396,0.0643051490187645,2.8878281350787325,2.1846968657341996,Erythroid late,4.08220079196221e-18,-0.18151676654815674
ENSG00000063322.13,MED29,0.36407527,0.36407527,-0.19183671474456787,False,0.02847889714493354,0.625741811011717,0.2233586335689298,5.901034440537225,1.5835224670171737,0.0210348479449749,0.019726116210222244,0.03032879767448889,0.0,0.0,0.2803578836402262,0.08187194925771203,0.07091209292411804,3.379873200346985,1.8358751056758886,Monocyte classical,3.6563093618883016e-17,-0.1847020387649536
ENSG00000128016.5,ZFP36,0.008880205,0.08461055,0.04052478075027466,True,1.6720715967812112,5.332371572053687,0.402904829581664,3.1688998794604593,0.27706435516476635,0.11262290179729462,0.7042377591133118,0.20002639905420452,0.0,0.0,0.4815234720567622,0.31549630797535855,1.981040120124817,1.0010934357428618,1.0051373062301288,Monocyte non-classical,3.63292430827707e-289,0.0901409387588501
ENSG00000196235.13,SUPT5H,0.1504628,0.1504628,-0.19431638717651367,False,0.03228414065262694,1.132469359763319,0.21419606184799275,6.043517681076205,0.8144436061382294,0.013953345827758312,0.026555167511105537,0.09840792883704276,0.0,0.0,0.18771248633411547,0.04754099309616145,0.09626413881778717,2.3568467642675364,1.8307186893594904,,,-0.1640777587890625
ENSG00000160410.14,SHKBP1,0.046520013,0.046520013,-0.5080363750457764,False,0.17759979804793538,3.295305066245232,0.3709762951270569,3.6655026376157154,0.10771269846707583,0.015215408056974411,0.08157718181610107,0.20379427428436583,0.0,0.0,0.1907179406554398,0.037155457752467536,0.20936061441898346,0.7469684131163539,1.549530648010277,,,0.014426887035369873
ENSG00000142046.14,TMEM91,0.17362227,1.0122943,0.17627906799316406,True,0.05141174288757748,0.4450510842010589,0.28855346960068334,5.621503308194398,2.023262733221054,0.041030026972293854,0.02737683802843094,7.613527397896956e-05,0.0,0.0,0.4641200052732642,0.24154282560479956,0.1370776742696762,12.377734721533042,1.5742036101165524,Platelet,0.000767791215795476,0.18027770519256592
ENSG00000105369.9,CD79A,0.00084492116,0.00084492116,-0.034451842308044434,False,7.964529563316777,125.24354674615967,0.5569344629348993,1.2762788321422522,0.005599902737885711,0.017604926601052284,1.4854414463043213,1.6510696289696326e-08,0.0,0.0,0.4960070165783152,0.05306954786864183,3.4583756923675537,1.2483296479549564,0.5774563722502003,,,0.005501270294189453
ENSG00000213904.8,LIPE-AS1,0.65858984,0.65858984,-0.09028124809265137,False,0.031123484784472435,0.4155787266625899,0.2644586863216053,5.508174155074498,2.056547970970472,0.030520597472786903,0.022236306220293045,0.12145754272358604,0.0,0.0,0.2281980844212882,0.0947727515250243,0.06939082592725754,1.4419684794880334,1.7531387827973626,Monocyte classical,1.3514385486715358e-05,-0.0845412015914917
ENSG00000130208.9,APOC1,0.0039882893,0.0039882893,0.1522122025489807,False,1.9502987638636506,49.29695469581776,0.4100776201190192,1.448222822568909,0.02179558409377933,0.007504361215978861,0.46395301818847656,0.00025272866894151917,0.0,0.0,0.4962561500096007,0.061126551643104314,1.0940916538238525,11.869769310082784,1.0212145540652169,,,0.15316557884216309
ENSG00000104856.13,RELB,0.17577943,0.17577943,-0.07944381237030029,False,0.11903723293382189,2.3118386879604134,0.34461642369300155,3.6630226617544843,0.43255466140806675,0.02056221105158329,0.0640556737780571,0.09566602215582529,0.0,0.0,0.4087888507280019,0.07835992432441241,0.19009701907634735,2.1770539760910577,1.3475045520995284,Monocyte classical,0.00040387725649359397,0.01111668348312378
ENSG00000104859.14,CLASRP,0.24211411,0.24211411,-0.26728904247283936,False,0.04715324243993747,0.9766229158032341,0.2038438485325657,6.8471043390579345,0.8806897550821304,0.021216463297605515,0.03734063729643822,0.15688794975013629,0.0,0.0,0.08330904883967188,0.0671445220303135,0.11064617335796356,1.1739368497194378,1.9868287730415402,"Granulocyte precursor,Monocyte classical",0.005463404286424539,-0.2639174461364746
ENSG00000125740.13,FOSB,0.011645505,0.011645505,-0.06206309795379639,False,1.0276458177547354,15.433615402310403,0.6486020148036165,2.9065229215608595,0.029582049362361425,0.016978265717625618,0.2711857557296753,0.08222377215793591,0.0,0.0,0.4659166006539912,0.0619249879530086,0.7244422435760498,2.148894733656464,0.9314260984174803,,,-0.05867207050323486
ENSG00000213889.10,PPM1N,0.08933853,0.08933853,-0.07506108283996582,False,0.12297396192164808,2.461577438251555,0.32420586527504935,2.8065264335863858,0.39327192306518555,0.011469230055809021,0.04374542087316513,6.952547464708643e-11,0.0,0.0,0.4554212982952281,0.03300836564761766,0.17294055223464966,1.5596686290807578,1.3945282905501626,,,-0.0749279260635376
ENSG00000125753.13,VASP,0.020229073,0.020229073,-0.010145783424377441,False,0.6534294651267886,15.895106923568505,0.347811260954128,3.0448125249647777,0.07035193000402715,0.012148831970989704,0.1947520524263382,0.01971754651538165,0.0,0.0,0.47123659764687836,0.03905690663283723,0.7898333072662354,1.8021378315376646,1.0085188950196418,Monocyte classical,2.8902253606213343e-07,0.01853412389755249
ENSG00000197405.7,C5AR1,0.041680057,0.08945857,0.07247060537338257,True,0.3726423089316482,4.978441292381882,0.3921260505700993,2.5746742012966624,0.31957237053662546,0.029724227264523506,0.1513778567314148,0.12269879585326564,0.0,0.0,0.36686875901347993,0.08844908145377507,0.4287989139556885,1.4008820775687505,0.9206633881458857,,,0.18201446533203125
ENSG00000178980.14,SELENOW,0.48959416,0.48959416,-0.1279982328414917,False,0.041966432238412475,0.47039225507492766,0.1793273488419298,7.652220049513484,1.161863121241331,0.03891514241695404,0.04513281583786011,0.18023361998280782,0.0,0.0,0.1452732452761279,0.13210172481311397,0.14308080077171326,1.4997955834977321,2.52718768968567,Erythroid late,8.647108323785844e-34,-0.12694430351257324
ENSG00000142227.10,EMP3,0.01677333,0.029376784,0.043232262134552,True,3.090864806304719,23.247318949612406,0.4922910721788949,2.6791311274975214,0.019005479542538523,0.03928564116358757,0.9766901731491089,0.1689035519547138,0.0,0.0,0.4905120886084467,0.13321253476598205,2.318906307220459,1.7160819145670632,1.0184994986975615,,,0.19915235042572021
ENSG00000087088.19,BAX,0.521528,0.521528,-0.16482758522033691,False,0.05442567757473013,0.3975678316640109,0.15330319603897563,11.417634183616716,0.9846998739242552,0.05918913707137108,0.08099661767482758,0.17788857750417802,0.0,0.0,0.2797527596681176,0.19668563783676515,0.2707866430282593,1.7268476547820004,3.5710980001362076,Erythroid late,2.8157681731448742e-06,-0.14369547367095947
ENSG00000087086.14,FTL,0.00216427,0.00216427,-0.08425486087799072,False,50.14240438554085,359.93195263355165,0.4260284860394627,2.9992436637532616,0.0009917037945706398,0.03783057630062103,17.738378524780273,0.2256106836784889,0.0,0.0,0.4990827895222705,0.116903453650969,40.34288787841797,1.0155894629048066,1.197660559546302,"Granulocyte precursor,Erythroid late",0.001856974548021047,0.20909422636032104
ENSG00000104894.11,CD37,0.029464068,0.04154107,0.39658796787261963,True,6.473169722280657,32.13533521961082,1.180353182504214,4.789610834917759,0.01895827607251704,0.0660095289349556,1.7670296430587769,0.38168494023821503,0.0,0.0,0.48492625944396694,0.16768034900007223,3.8901026248931885,0.3534499874428267,0.793350453398104,,,0.6468808948993683
ENSG00000104870.12,FCGRT,0.045367032,0.045367032,-0.4005676507949829,False,1.0745996748599518,12.803283316536914,0.4915120022920424,2.4443861395247013,0.03694751685485244,0.02452630177140236,0.3136523962020874,0.15772552491144864,0.0,0.0,0.4701336162443148,0.08115745465751,0.6324828863143921,1.5070362251672529,0.9512746044899928,"Granulocyte precursor,Erythroid late",0.007896047584125902,0.04634571075439453
ENSG00000169136.10,ATF5,0.36683747,0.36683747,-0.0702669620513916,False,0.03840050769573812,0.7886139125497262,0.2500748185454429,6.056793337347936,1.0634526073932649,0.01975560374557972,0.028794122859835625,0.10944198069132756,0.0,0.0,0.23418212551140932,0.06820887968241784,0.08913850039243698,1.8573133101294768,1.9406107406349598,Monocyte classical,0.00014993218642396342,-0.04232144355773926
ENSG00000131408.13,NR1H2,0.10891614,0.10891614,-0.3324788808822632,False,0.06432769011386054,1.888370033038652,0.19251753487019402,6.578088731200117,0.3683181470632554,0.016110191121697426,0.06200127676129341,0.14469129767252548,0.0,0.0,0.21142611088856345,0.04711489675080216,0.2171918898820877,1.7940664296627256,2.0889916593079954,B naive,4.0433795300609125e-05,-0.08013653755187988
ENSG00000161671.16,EMC10,0.12957738,0.12957738,-0.31608128547668457,False,0.11967855760661426,2.464551542980877,0.3040980274323748,3.645586084052589,0.1487548821419477,0.018134664744138718,0.05760233849287033,0.09214031530647915,0.0,0.0,0.42129717835930247,0.0704128799108732,0.18212231993675232,3.4851955076598236,1.2888212211424472,Monocyte classical,2.3256608411166864e-05,-0.06945550441741943
ENSG00000105472.12,CLEC11A,0.082128264,0.0841059,0.5609049797058105,True,0.8539008502790719,5.554202022710146,0.52053100531953,4.800064893727209,0.12345905439307292,0.03513355553150177,0.36022651195526123,0.180199349806077,0.0,0.0,0.48706785222958976,0.10509598609543502,0.9390162229537964,0.6330566915613081,1.6614008611275433,Monocyte classical,0.0018899001556739912,0.5618315935134888
ENSG00000167562.12,ZNF701,0.3775696,0.3775696,-0.17433631420135498,False,0.016271107798030305,0.4912843626924901,0.27787568449705696,7.270891194410866,1.0709255769848824,0.012785487808287144,0.014624940231442451,0.1518682383973306,0.0,0.0,0.14759715560663744,0.03980235090140228,0.043117232620716095,1.392887674355381,2.3283264043449994,B naive,0.0040923594923647656,-0.16277730464935303
ENSG00000130844.16,ZNF331,0.0599645,0.31106192,0.0704008936882019,True,0.10220701493923426,1.3498217134548085,0.3516834192475057,4.473239823314615,0.7475958794852099,0.02532985992729664,0.05076616257429123,0.03721410018696448,0.0,0.0,0.35169366612389086,0.07485724026462794,0.16116510331630707,1.2614547690523175,1.3991753339678983,,,0.08539515733718872
ENSG00000179820.15,MYADM,0.1933558,0.1933558,-0.2998305559158325,False,0.16385736553269206,2.6206601610989684,0.31971002501364976,3.59466760303822,0.6340092793107033,0.03397900238633156,0.08842986077070236,0.1180606971402821,0.0,0.0,0.3460819848290314,0.10666329222877023,0.2658572494983673,1.7973007643945609,1.0818200903700461,,,0.08312588930130005
ENSG00000170906.15,NDUFA3,0.11998699,0.31661496,0.0495222806930542,True,0.10899149327348516,0.8119788368732249,0.194447308538909,9.442134280032418,0.5482688399652638,0.05553637444972992,0.12822139263153076,0.17118427739904188,0.0,0.0,0.3977481613024624,0.18233746985244717,0.4025982618331909,1.8070071454919652,2.91448686311502,Erythroid late,1.1950692718400673e-20,0.09132063388824463
ENSG00000167615.16,LENG8,0.5967309,0.5967309,-0.07484948635101318,False,0.03894601371818344,0.377971741338196,0.16598538589784104,8.133102043687868,1.3838086143136028,0.041695486754179,0.04745626822113991,0.16006815282893191,0.0,0.0,0.2756447279211465,0.13896721164050518,0.14274485409259796,1.8028411849065096,3.0112388956165312,Monocyte classical,1.7586356823321701e-06,-0.06360459327697754
ENSG00000083845.8,RPS5,0.040877823,0.040877823,-1.163567304611206,False,3.024781036666036,9.688709243968649,0.2044363251581121,8.462753906499197,0.0263154074549675,0.0961226224899292,2.876511335372925,0.2754301429723872,0.0,0.0,0.4925055094044992,0.2950687644249683,8.560489654541016,0.6595170087016106,2.9416109744716077,"Granulocyte precursor,Erythroid late,Pre-B large,Pre-B small,B naive",0.008345691668069288,0.06572699546813965
ENSG00000182551.13,ADI1,0.001555286,0.001555286,-0.007836341857910156,False,0.967689666283536,26.56050450720587,0.1735648392011584,0.6029518617535712,0.20851087030023338,0.012518306262791157,0.09770973771810532,0.07324457514866257,0.0,0.0,0.34771298378115717,0.040461965534248634,0.2413499355316162,1.0970276701099488,0.27987665435036396,,,-0.006510496139526367
ENSG00000134313.15,KIDINS220,0.49028343,0.49028343,-0.2712479829788208,False,0.014757302772742655,0.3484804172728884,0.20880283470154126,7.809781483361209,1.701862746477127,0.01661827228963375,0.013182418420910835,0.0517867016164527,0.0,0.0,0.26922159728548245,0.0673245586283504,0.04740945249795914,2.2954861319851116,2.3901225349933815,"Monocyte classical,B naive",0.005188911099154066,-0.2709444761276245
ENSG00000151694.12,ADAM17,0.21521506,0.21521506,-0.09407174587249756,False,0.07270999140166884,1.2103516956086702,0.28763032753157625,5.38761436932103,0.6240375121682882,0.024419300258159637,0.05272921174764633,0.1528910344671562,0.0,0.0,0.2571970331166539,0.08081448881146301,0.17347869277000427,1.7747247288298789,1.784047867315074,Monocyte classical,0.00011371693849251163,-0.07492756843566895
ENSG00000134318.13,ROCK2,0.054641023,0.054641023,-0.04907512664794922,False,0.03177489009631607,1.1503577726508063,0.2981762538437411,3.3871893259407444,0.30319858878850936,0.009182815439999104,0.014310358092188835,3.257878416890566e-15,0.0,0.0,0.2939968459169129,0.03529450626623731,0.04263246804475784,2.850300061520213,1.290186223341136,,,-0.047565579414367676
ENSG00000197872.11,FAM49A,0.030957455,0.07452456,0.04932975769042969,True,0.3987475845722009,5.090193965906375,0.5412243056025013,1.8116962270472141,0.08971513755619524,0.01664878986775875,0.08629187196493149,0.03260619747923937,0.0,0.0,0.4216103254068775,0.06382616828008114,0.21235054731369019,2.0132674514923172,0.9361297425978273,Monocyte classical,6.861591641895478e-06,0.08427554368972778
ENSG00000183891.5,TTC32,0.05303303,0.05303303,-0.04011654853820801,False,0.029816296695257996,0.9780620503805838,0.22521938413547257,5.2121698376905305,0.5204584390421708,0.011532395146787167,0.028048522770404816,1.2844559921343795e-27,0.0,0.0,0.20975058482218484,0.03616413402183749,0.08927133679389954,1.608032059859133,2.3682893187500818,Monocyte classical,1.2351962689592672e-06,-0.014446854591369629
ENSG00000055917.15,PUM2,0.18532674,0.18532674,-0.2501295804977417,False,0.03327536850304657,1.053452521655815,0.2620538682783242,5.690677127201138,0.7489673882722855,0.015137101523578167,0.025936974212527275,0.10766699142338423,0.0,0.0,0.24117365448036376,0.05056594020937322,0.09248513728380203,2.768500639355662,1.7718991441540501,Monocyte classical,8.391141119324935e-08,-0.14453041553497314
ENSG00000119778.14,ATAD2B,0.30519032,0.30519032,-0.12865889072418213,False,0.03032918569641704,0.7245438292288183,0.25915447171334505,5.812620345622171,0.8943785382807254,0.015649259090423584,0.02357768639922142,0.13817718233043544,0.0,0.0,0.2385254620552728,0.05111632028195423,0.079530268907547,1.7210602288726686,2.0794225885192037,Pre-B small,1.639119033063804e-08,-0.1120980978012085
ENSG00000198399.14,ITSN2,0.23410502,0.23410502,-0.16418123245239258,False,0.0987048944078878,1.7248564244190643,0.28931502799391823,4.65047090952978,0.5255881147831678,0.02295062132179737,0.061897341161966324,0.17992066004448218,0.0,0.0,0.2178432781233633,0.07048784245291183,0.18283361196517944,1.2916033314041941,1.5635961169102461,"Pre-B small,B naive",7.782659589858403e-06,-0.12488174438476562
ENSG00000184924.5,PTRHD1,0.005173692,0.005173692,-0.0380396842956543,False,0.1463914111201366,2.7566655166888667,0.13235328069421506,4.170728477828118,0.16342327019199726,0.010807858780026436,0.093745157122612,0.0023223184885006187,0.0,0.0,0.4713303855876733,0.07320559019540074,0.299137145280838,6.480481045725931,2.4272853508204544,,,-0.0008968114852905273
ENSG00000138074.14,SLC5A6,0.53580916,0.53580916,-0.188338041305542,False,0.02120141948811731,0.44362789114255335,0.2519571992968367,6.145671034876115,1.3921316832304,0.014196432195603848,0.0147865517064929,0.13480686554538843,0.0,0.0,0.31881621113935066,0.04258064832800246,0.05091948062181473,1.2702376214566322,2.2304498247524664,B naive,5.654108497831625e-13,-0.14766466617584229
ENSG00000171103.10,TRMT61B,0.07820849,0.07820849,-0.0475846529006958,False,0.023506980357047715,0.8280790317626576,0.2638925509709627,6.756047788452906,0.8842185924450556,0.012641997076570988,0.01834828592836857,8.611418248621081e-07,0.0,0.0,0.38717019508242656,0.05802086320952605,0.07234206795692444,5.33979080185287,1.8638888129417195,Platelet,2.6097616601261507e-08,-0.04223930835723877
ENSG00000162961.13,DPY30,0.088542625,0.088542625,-0.07539534568786621,False,0.017441857358749046,0.655150386863302,0.22427687041847066,5.774175883536257,0.8362668339908124,0.0092418622225523,0.015665262937545776,0.10441765475423355,0.0,0.0,0.15764695077771806,0.03127017862699644,0.05125389248132706,1.565106529566322,2.3285186179542423,Erythroid late,0.0002482687461934323,-0.06551992893218994
ENSG00000115816.14,CEBPZ,0.1261596,0.1261596,-0.21091973781585693,False,0.0491828109435772,1.4382442797664223,0.1994811279045013,5.7965749111131,0.5984058022499085,0.01801098883152008,0.04966217279434204,0.10465975934346251,0.0,0.0,0.3210693909737987,0.06086929499543103,0.14165332913398743,2.287871625553329,2.0884923311542907,,,-0.046251773834228516
ENSG00000115825.9,PRKD3,0.5092631,0.5092631,-0.17977261543273926,False,0.03658992704859096,0.6415090310026781,0.2530068816770194,5.624429097684546,1.2251350969076156,0.02474445290863514,0.02726639062166214,0.15733837894852398,0.0,0.0,0.06555101316397836,0.07697498933177815,0.0851316750049591,1.545371284450384,1.8712181313727496,B naive,3.810329379188044e-10,-0.16258060932159424
ENSG00000138078.15,PREPL,1.134541,1.134541,-0.3861997127532959,False,0.018444305905836005,0.28101727644172464,0.2197723210453952,6.3363099714158215,2.3445579692721363,0.02603204920887947,0.01496153511106968,0.13406850441743628,0.0,0.0,0.2510773674003861,0.07703050583345973,0.048703521490097046,1.321893459026223,2.0451953400315706,B naive,0.007259812321355499,-0.381630539894104
ENSG00000180398.11,MCFD2,0.024381692,0.024381692,-0.027374982833862305,False,0.04192215693772957,2.203546097590816,0.18014752515484433,3.12052411920967,0.772004844993353,0.010256284847855568,0.023016711696982384,2.055596294076413e-11,0.0,0.0,0.21205259341694754,0.0350313658952106,0.07444445043802261,4.460145186053708,1.0962441169108597,,,-0.02011585235595703
ENSG00000068878.14,PSME4,0.47506216,0.47506216,-0.2527540922164917,False,0.04208900305792396,0.7538745992096404,0.24882930018339328,5.8480239476147835,1.1657251596450806,0.02205890789628029,0.02554592303931713,0.14010555068961056,0.0,0.0,0.17134332587808127,0.07299187377962468,0.08981626480817795,1.499096415530096,1.69362440555006,"Granulocyte precursor,Monocyte classical",0.00376450097404632,-0.22880351543426514
ENSG00000119866.20,BCL11A,0.029197335,0.09619864,0.042064130306243896,True,0.30980213573766874,3.3369233867206938,0.2854126309892782,4.531454982839967,0.1745827006424467,0.02171061933040619,0.1472596675157547,0.11151013631721407,0.0,0.0,0.44813037864779387,0.06777260768981465,0.4461835026741028,1.2722036833989667,1.742282578296639,,,0.11702662706375122
ENSG00000115464.14,USP34,0.21442272,0.21442272,-0.13422274589538574,False,0.037955878212070776,1.0751161612031006,0.2565337323184506,6.060322368534079,0.7146260172128678,0.01633136346936226,0.0308515802025795,0.10018232290894087,0.0,0.0,0.23150151125297214,0.06194341995037166,0.09501791000366211,2.7221020845849897,1.9141543382474344,Monocyte classical,0.009417591668046042,-0.11122894287109375
ENSG00000082898.16,XPO1,0.2841354,0.2841354,-0.32411694526672363,False,0.05125617460049234,0.8756164486157452,0.26972486376728383,7.550198611440124,0.6353431682288647,0.018703307956457138,0.041728533804416656,0.19350850724738392,0.0,0.0,0.07726775617385248,0.05977282660052553,0.12469664216041565,1.136048075776082,2.184006813137794,Granulocyte precursor,3.0151830202560493e-15,-0.28125429153442383
ENSG00000197329.11,PELI1,0.2544182,0.44973102,0.194277822971344,True,0.12203399386777557,0.9279066316951955,0.36429864711857163,5.490479375540936,0.7944018633663652,0.045021239668130875,0.07636704295873642,0.20953006616686196,0.0,0.0,0.25550195949924526,0.13001586815439478,0.22099798917770386,1.0722364885628006,1.645230449739185,"Monocyte classical,Monocyte non-classical",0.003907720015563256,0.20584893226623535
ENSG00000115977.18,AAK1,0.121845745,0.42304525,0.10413390398025513,True,0.07915861993851987,0.9967332955826999,0.33212915904999935,5.1278563854032955,0.811298847645521,0.029817847535014153,0.04952497035264969,0.18636469943560025,0.0,0.0,0.15558724820685849,0.08863341697256999,0.144781231880188,1.1486642861875669,1.6663604314588851,Monocyte classical,2.0529478437415726e-05,0.14724671840667725
ENSG00000075340.22,ADD2,0.010240581,0.04698053,0.06459403038024902,True,0.14512584766521544,3.337409968261244,0.31348885663004,1.5038305052583842,0.6369156789779663,0.011953417211771011,0.03251497074961662,1.098622789762559e-07,0.0,0.0,0.48803981065742097,0.06337525399166566,0.09837467968463898,3.3224898592696617,0.7762335933448432,,,0.06650322675704956
ENSG00000144048.10,DUSP11,0.057329394,0.057329394,-0.06681966781616211,False,0.028310979933815695,1.5021090443879703,0.2711998129208804,7.4585210406151035,0.6500539630651474,0.009065565653145313,0.023010678589344025,0.009453453149216156,0.0,0.0,0.03836664783788939,0.028230906427797468,0.08192697912454605,2.511244117574997,1.7531585623652914,B naive,0.004017003493141672,-0.021689176559448242
ENSG00000115275.11,MOGS,0.06623489,0.06623489,-0.08152461051940918,False,0.015351756693499736,0.7394090184488004,0.221780813643703,5.055055089499616,1.1411334599554541,0.00897336658090353,0.012797936797142029,0.048139617716394065,0.0,0.0,0.1448215723034017,0.0278570968218399,0.04017018526792526,1.8987235113735652,1.9288559745673002,Plasmacytoid DC,4.008252840776993e-06,-0.07698404788970947
ENSG00000152291.13,TGOLN2,0.05872826,0.05872826,-0.1598285436630249,False,0.1198708010708879,2.458911950486529,0.25789074113138283,3.6578704346270814,0.3155396407966812,0.015569331124424934,0.062458645552396774,0.09116552383428515,0.0,0.0,0.35727850582737264,0.05312487971128177,0.18831691145896912,1.843032328204355,1.468324725417245,"Pre-B small,B naive",0.008834275237062225,-0.09120118618011475
ENSG00000042493.15,CAPG,0.04531947,0.04531947,-0.050138235092163086,False,1.3377427312429864,16.305567946546084,0.783972804912487,2.349373953804895,0.030527178011834622,0.019297899678349495,0.29869312047958374,0.19684249182036437,0.0,0.0,0.46052634797673364,0.06621247189472436,0.6777329444885254,1.1208972404971251,0.9040447429063782,,,0.1558060646057129
ENSG00000115525.17,ST3GAL5,0.26077366,0.26077366,-0.004570722579956055,False,0.052662711900113644,1.0977581921622308,0.37475682210648803,5.188078674221116,0.7219957157969474,0.019385432824492455,0.03289099037647247,0.07544705329236887,0.0,0.0,0.15186745454427086,0.06569568972117734,0.09769855439662933,1.5402501219792508,1.5271917626361602,,,0.02236807346343994
ENSG00000172071.11,EIF2AK3,0.41419125,0.41419125,-0.0697019100189209,False,0.07758190279262188,1.0122330455008564,0.3770697895931255,5.345810141832535,0.8449329780207739,0.021508025005459785,0.028707925230264664,1.41248623763213e-12,0.0,0.0,0.41702515255533107,0.07130246392919481,0.12274697422981262,1.8540771102670737,1.3186233301859738,Granulocyte precursor,9.802636095236292e-07,-0.012972831726074219
ENSG00000144029.11,MRPS5,0.04959891,0.04959891,-0.14380812644958496,False,0.04696780855578814,1.197981445977715,0.1821298417926621,4.928776823136004,0.36941163629293444,0.01338940393179655,0.04186322167515755,0.02945271449401221,0.0,0.0,0.10123882117816463,0.036211084352411944,0.12396244704723358,1.4235926345426253,2.237043960330224,Pre-B small,0.002857513075235377,-0.02356553077697754
ENSG00000174501.14,ANKRD36C,0.123313464,0.123313464,-0.03106820583343506,False,0.07823041870926187,1.9748502483835735,0.22751648682530723,3.1572968754556614,0.469200074672699,0.011643610894680023,0.0248158760368824,1.621747457989747e-16,0.0,0.0,0.4141937232368713,0.047534446237718964,0.0949203297495842,1.5737522411067657,1.0792144670615118,"HSPC,Granulocyte precursor",0.006932268844122471,-0.03069448471069336
ENSG00000158050.4,DUSP2,0.051547628,0.02595311,0.052742838859558105,True,0.456420492799169,9.097961644505059,0.4497036706982082,4.595625613860475,0.08859688214957713,0.010609730146825314,0.17798268795013428,2.1291037630506342e-06,0.0,0.0,0.4562299804644618,0.029062939499642223,0.7415578365325928,0.7095544833667188,1.7539212122034604,,,0.10095196962356567
ENSG00000144028.14,SNRNP200,0.12544821,0.12544821,-0.14187920093536377,False,0.04301828768012509,1.212760229194635,0.22251410173967195,4.455175182426061,0.49169607415795324,0.011722219176590443,0.03212490677833557,0.1121175708819334,0.0,0.0,0.12148052171004736,0.037156775207181525,0.09797901660203934,1.4566392527185175,2.033759498884519,B naive,0.000608756084735276,-0.04657161235809326
ENSG00000168754.14,FAM178B,0.00415303,0.010336458,0.2399960160255432,True,3.0794486786722484,55.10001752058998,0.3955077252177978,0.9859323432876523,0.053420340083539485,0.017180543392896652,0.38771936297416687,7.76607579783222e-14,0.0,0.0,0.49868776160224776,0.08377752518902114,1.5892150402069092,5.023018620893656,0.42492955684375133,,,0.2466270923614502
ENSG00000075568.16,TMEM131,0.06644257,0.06644257,-0.08070254325866699,False,0.05546826640016086,1.621322958285581,0.48828763163259287,5.310881836788693,0.2409326662123204,0.011247292160987854,0.022057389840483665,0.020437270090085693,0.0,0.0,0.13208102030614272,0.03548126221459036,0.07608997821807861,1.6139482657282092,1.0886269998206388,,,-0.06257688999176025
ENSG00000071073.12,MGAT4A,0.935992,0.935992,-0.1173558235168457,False,0.03727833413179801,0.4175682987412528,0.27945722330270606,3.9858849229302638,2.510346482992172,0.035276733338832855,0.021394984796643257,0.10618643178586229,0.0,0.0,0.22499662500837203,0.10846711007491196,0.0613374188542366,1.3012082607659405,1.4524329509859413,"Monocyte classical,Monocyte non-classical",0.008263557332550896,-0.08388209342956543
ENSG00000135945.9,REV1,0.096660316,0.096660316,-0.09899139404296875,False,0.02304793204757076,1.1383802358146156,0.2307837949025796,6.247103763442886,0.4692281704147657,0.008160226047039032,0.020593537017703056,0.14525394525769683,0.0,0.0,0.012507556105447825,0.024567988949566025,0.07068613171577454,1.443099164540422,2.216875966210768,Granulocyte precursor,1.0270752488789232e-06,-0.07667315006256104
ENSG00000144218.18,AFF3,0.049207065,0.09771352,0.33498460054397583,True,0.38083128141002565,5.140452336402963,0.48227330468424695,4.625563200536044,0.13140715062618255,0.022229142487049103,0.17762047052383423,0.1684413722734413,0.0,0.0,0.44952525372656094,0.07388751819364714,0.5106377005577087,1.0111636784288356,1.4063819061069778,,,0.34852010011672974
ENSG00000163162.8,RNF149,0.27105337,0.27105337,-0.00875091552734375,False,0.07646177445690296,1.1965170885201422,0.32644738690583364,4.4172458783364235,0.680260619223118,0.022926675155758858,0.04777369275689125,0.14391148261364184,0.0,0.0,0.21142338423870838,0.07213279490538227,0.12106505036354065,1.1669641100082768,1.5673693701287326,,,0.03448456525802612
ENSG00000115652.14,UXS1,0.08532218,0.08532218,-0.036131978034973145,False,0.09435750823416933,1.6055912076833552,0.30711931904713263,5.777515447799853,0.37067623361945157,0.016354631632566452,0.054048310965299606,0.04381628654985944,0.0,0.0,0.23906147815587447,0.04707898602991367,0.17673638463020325,1.2098226593040589,1.587822936521141,B naive,0.0028151220542672016,-0.007001757621765137
ENSG00000175701.10,LINC00116,0.02829853,0.02829853,-0.09138786792755127,False,0.10212181006213865,3.8493405651953334,0.1845561959982829,1.968314525553882,0.44047887772321703,0.011195704340934753,0.04193824902176857,4.565889140667432e-22,0.0,0.0,0.05449317754864935,0.027555664922152886,0.11766406148672104,1.8851752489043108,0.9731337040341294,,,-0.019475579261779785
ENSG00000172965.14,MIR4435-2HG,0.05687845,0.05687845,-0.11019480228424072,False,0.029451024865349493,0.7451930515747232,0.2404201621409884,4.443886612098961,1.7303154230117799,0.01847059279680252,0.017613250762224197,0.1192616060104929,0.0,0.0,0.02383505896209402,0.05343852230051915,0.057455696165561676,1.0749889337668517,1.2796460698381908,Monocyte classical,8.750028736592263e-10,-0.10864722728729248
ENSG00000125538.11,IL1B,0.110801935,0.23200837,0.2825537323951721,True,0.5518528566117182,2.496267295093424,0.4794268637825149,3.5694775283077624,0.50168292760849,0.06627786159515381,0.20113909244537354,0.16425366412208828,0.0,0.0,0.4531213705792509,0.17778791449268283,0.68821120262146,0.8628316956340139,1.042053678645707,,,0.28450125455856323
ENSG00000169967.16,MAP3K2,0.06607009,0.06607009,-0.03261697292327881,False,0.1459335949102246,3.168746580319985,0.2843521205715461,3.5753048874589495,0.27329218626022345,0.019680827856063843,0.08317601680755615,0.10057343822005052,0.0,0.0,0.40465945868729436,0.0704741029256013,0.24158021807670593,2.1188816803154933,1.3337279498381907,,,-0.03186166286468506
ENSG00000121966.6,CXCR4,0.00403373,0.00403373,-0.09631097316741943,False,3.8477813464927593,72.45045663328224,0.5773974035655347,3.7053897508951437,0.011841746148808542,0.015480466187000275,1.6547973155975342,0.13155281917513312,0.0,0.0,0.49027755979990983,0.05532520450673849,4.022855758666992,0.712871021129171,1.1808737965374176,,,-0.049431800842285156
ENSG00000169554.18,ZEB2,2.0564737,2.0564737,-0.14343655109405518,False,0.04696396442376608,0.19517552183253664,0.29535765534835745,5.9668344164725236,3.8057559013366697,0.08573255687952042,0.030411554500460625,0.21709568972072227,0.0,0.0,0.21492805738914977,0.23642298506763385,0.09584429860115051,0.995898465346865,1.8174709327119378,,,-0.14330768585205078
ENSG00000168288.12,MMADHC,0.014190426,0.014190426,-0.09521126747131348,False,0.20849509721761508,5.833948664674516,0.19610369809952927,3.430768504366042,0.11629251312464477,0.010478143580257893,0.125691756606102,0.009740515714392758,0.0,0.0,0.30224800747921204,0.02627995700029473,0.34746789932250977,1.0385550305846356,1.8903534430883846,,,-0.018740177154541016
ENSG00000153234.13,NR4A2,0.19297633,0.19297633,-0.05861926078796387,False,0.1661588227752439,2.348587823092784,0.3574937413721052,5.149367357517665,0.26569082537045086,0.02514735609292984,0.11208012700080872,0.1981181801878284,0.0,0.0,0.3318171784714788,0.07633301651374504,0.2958707809448242,1.094819278448881,1.7079375940569914,Granulocyte precursor,0.005313929469244321,0.15742313861846924
ENSG00000115165.9,CYTIP,0.08258412,0.08258412,-0.02060401439666748,False,0.37444211030287955,6.562733482303933,0.3790275053614169,2.6989271837985664,0.20846727437029278,0.021009698510169983,0.11934240162372589,0.1480862369372013,0.0,0.0,0.3514526013441215,0.06853964677418169,0.37261632084846497,1.2370871162398887,0.8871846819850899,,,-0.019661784172058105
ENSG00000123636.17,BAZ2B,0.16706182,0.16706182,-0.10048437118530273,False,0.05211510388200209,1.2799421385701337,0.2707351209764959,4.908869567083092,0.685592518746853,0.016647014766931534,0.03763587400317192,0.10254720429412453,0.0,0.0,0.22727262658021574,0.0516311206994411,0.13141945004463196,2.1361368635334115,1.766344098610871,Pre-B small,0.0001851586649037095,-0.046293020248413086
ENSG00000153250.19,RBMS1,0.07987887,0.07987887,-0.17959606647491455,False,0.16261812741502601,3.6915592439968856,0.428276730286753,3.1608725271292006,0.10373703639954329,0.013526413589715958,0.06160992011427879,0.09613978509887766,0.0,0.0,0.3007805839916159,0.04487480110814612,0.19809433817863464,1.869706117693453,1.1721461336598316,Monocyte non-classical,0.00261530381290911,-0.039879679679870605
ENSG00000198586.13,TLK1,0.024339406,0.024339406,-0.14008712768554688,False,0.048788425580624246,1.502553858930338,0.21685449636973353,4.730549622358341,0.4231576229631899,0.011768579483032227,0.04234275966882706,0.14290895251198601,0.0,0.0,0.06954590297631237,0.03550125430293959,0.1335504949092865,1.4475279353174708,2.155100773442982,Monocyte classical,4.9992162356621e-06,-0.1398029327392578
ENSG00000123600.19,METTL8,0.11535962,0.11535962,-0.05722177028656006,False,0.057322106332883545,1.5831862932456282,0.300099222881289,4.729390761965767,0.36699093095958235,0.01311391033232212,0.04523279517889023,0.1176611839510698,0.0,0.0,0.14958640031598686,0.03647086945430366,0.1384161412715912,1.306194921914121,1.8674215992651682,B naive,5.064423302260527e-06,-0.01727879047393799
ENSG00000172845.14,SP3,0.08629923,0.08629923,-0.40587449073791504,False,0.12397505937635203,3.6779584778481835,0.4806238937844252,3.927081829338468,0.10521784309297802,0.012388208881020546,0.055631522089242935,0.1278934583073306,0.0,0.0,0.11994536056859922,0.03646572706974572,0.16935868561267853,1.3589663378892105,1.1400822902304426,Monocyte classical,0.0017473613537786212,0.015074014663696289
ENSG00000138433.15,CIR1,0.105910175,0.105910175,-0.12845683097839355,False,0.07084241413350109,2.218227861160366,0.1976620272005029,6.3393328232236446,0.30533258244395256,0.015559790655970573,0.06879618763923645,0.13570246869972413,0.0,0.0,0.30264505581405227,0.053908279205545646,0.23249462246894836,2.5599435483853004,2.1713601278410932,,,-0.010992884635925293
ENSG00000163328.13,GPR155,0.06997522,0.06997522,-0.027663707733154297,False,0.024799529204222372,1.1505095977509552,0.2898493117598307,6.017573649299455,0.6340193410962818,0.008359864354133606,0.017767466604709625,0.0631730476969497,0.0,0.0,0.15934625524208473,0.026566286874475264,0.06079504266381264,1.5937365418575473,1.8472940153050148,Monocyte classical,0.00023141671852946896,-0.027477025985717773
ENSG00000115935.17,WIPF1,0.054945134,0.054945134,-0.11868000030517578,False,0.07395362762166251,2.1043743321943102,0.3348796749223832,4.255516305773482,0.3903853869438172,0.01410294696688652,0.04172518849372864,0.12854281904793527,0.0,0.0,0.05728699517261933,0.042587764378723136,0.12828640639781952,1.3531207307012882,1.338986302388933,Monocyte classical,0.0018274660481389442,-0.10180974006652832
ENSG00000115966.16,ATF2,0.13319707,0.13319707,-0.11582469940185547,False,0.02111758155521008,0.7920692108332388,0.23767505540205536,5.754827857076094,0.9983162522315979,0.01152865495532751,0.016744744032621384,0.08163355010822962,0.0,0.0,0.19623682391864317,0.037342294016905704,0.05791077762842178,2.197064396523308,1.9254223766603704,Pre-B small,5.581501700134297e-07,-0.1054072380065918
ENSG00000180228.12,PRKRA,0.06469339,0.06469339,-0.26521480083465576,False,0.05085386333786393,1.8563263224941686,0.19355161977820934,4.640597848069896,0.37755369879305367,0.010777783580124378,0.044960517436265945,0.07895352416507732,0.0,0.0,0.13809015628505933,0.034076244574430696,0.14121641218662262,1.4848089190050993,1.926197158494763,Pre-B small,0.002728122533952293,-0.036591291427612305
ENSG00000283839.1,AC096667.1,0.042090666,0.16647166,0.043365299701690674,True,0.23070137530878201,2.273642757426904,0.5111444155112094,1.887402759528685,0.23125562354922297,0.029365835711359978,0.060000088065862656,2.865526226066957e-31,0.0,0.0,0.4253891863831947,0.12034649522133557,0.165028378367424,2.9487344143079746,0.8558506564163466,,,0.07940816879272461
ENSG00000138449.10,SLC40A1,0.012352393,0.013353402,0.09676551818847656,True,0.1264586453899487,4.45310767711462,0.3122412390836299,4.252231455955227,0.13903520127137503,0.009509141556918621,0.08098962157964706,6.091295061624749e-06,0.0,0.0,0.4956723907430116,0.03917301140661067,1.039402961730957,5.637942574228251,1.639374144813214,Monocyte non-classical,3.827381409258396e-08,0.0967949628829956
ENSG00000128699.13,ORMDL1,0.09102515,0.09102515,-0.628232479095459,False,0.06115466533459297,1.4707054553906143,0.14499963967185525,5.477234181599343,0.48969406485557554,0.01805540733039379,0.060836803168058395,0.11100801945261823,0.0,0.0,0.3579768861869641,0.051408339007213755,0.195572629570961,2.367367421732096,2.3483198629084883,,,0.00879448652267456
ENSG00000115415.18,STAT1,1.0084105,1.0084105,-0.3598148822784424,False,0.023491100761998864,0.25722868391213344,0.22675353427651543,6.295469619121823,2.8063621640205385,0.03153732791543007,0.016294805333018303,0.0966430476101427,0.0,0.0,0.2591021544029064,0.10053591072539801,0.058566659688949585,1.2601340457632741,2.0086529752459135,Monocyte classical,1.2032060480597542e-09,-0.3587757349014282
ENSG00000168497.4,CAVIN2,0.00901317,0.0100929,0.8127719610929489,True,535.7854574117639,1826.1462336575273,25.708347042921222,0.4836545584339475,0.017828227642457936,0.1190815344452858,9.468023300170898,8.693547047206819e-07,0.0,0.0,0.49739620028106835,0.2432106052340028,20.250953674316406,0.006324431468321652,0.04146579899124372,,,0.812772125005722
ENSG00000081320.10,STK17B,0.09354955,0.09354955,-0.07575368881225586,False,0.464934821710775,5.490215106099989,0.3702617818687172,3.5924188834439956,0.17011724237352616,0.0328766331076622,0.2446332722902298,0.21034852838629667,0.0,0.0,0.3811379811878316,0.09652681300065247,0.6570459604263306,0.9715788576728702,1.2197795153127786,Plasmacytoid DC,1.2733425496325645e-16,-0.008088350296020508
ENSG00000013441.15,CLK1,0.2668124,0.2668124,-0.36281585693359375,False,0.1290514207185843,1.6620123045079755,0.2604956459535113,5.3909678506514185,0.4424960907548666,0.03210394084453583,0.09776370972394943,0.17267558260086674,0.0,0.0,0.31444027390254947,0.10320710674617485,0.2941790819168091,1.6257299133652814,1.832251577401511,"Pre-B small,B naive",4.632374769400316e-05,-0.12007701396942139
ENSG00000155744.9,FAM126B,0.042542506,0.042542506,-0.062284111976623535,False,0.029425605595305424,1.148955635729172,0.2315693733959851,3.660957163808405,0.7525589007139206,0.010189846158027649,0.023458506911993027,2.147965038026443e-20,0.0,0.0,0.24386948222604649,0.037526693159284356,0.07947306334972382,2.894533467218299,2.0036852681858233,B naive,0.0005483064991850041,-0.04899954795837402
ENSG00000114933.15,INO80D,0.12149654,0.12149654,-0.1064068078994751,False,0.09293505753380278,1.8074766949939205,0.43682237251618317,3.3161588292553357,0.18833066225051875,0.012660691514611244,0.03176422044634819,0.125689218780611,0.0,0.0,0.14006882705750068,0.04091868607041249,0.0991932600736618,1.4473113062014724,1.2343814581832155,Monocyte classical,0.003174116786315485,-0.029488563537597656
ENSG00000127824.13,TUBA4A,0.0005095271,0.0005095271,-0.04466867446899414,False,0.2110549613663052,6.552696917094294,0.2703656737192907,1.803678900803205,0.43401074185967436,0.01657845824956894,0.053286582231521606,2.9548526414975257e-29,0.0,0.0,0.3229798887639648,0.05377747466095873,0.1597602814435959,1.5213017214493796,0.6008827613649735,Monocyte classical,0.0005248072274383237,-0.04464924335479736
ENSG00000036257.12,CUL3,0.28132886,0.28132886,-0.4281209707260132,False,0.03303823730951376,0.7808361690660612,0.2186723736934768,6.02178104906922,1.0386688083410263,0.017729951068758965,0.024751324206590652,0.13182894325070482,0.0,0.0,0.14827023187287286,0.05883146849988963,0.08399982750415802,1.909869292014699,1.8772421312350431,,,-0.41164588928222656
ENSG00000153827.13,TRIP12,0.13468695,0.13468695,-0.15496325492858887,False,0.036755018636025226,0.7758680733158007,0.23334372552092356,4.573437256273448,0.6749646160006524,0.016208339482545853,0.028436120599508286,0.08431020778597437,0.0,0.0,0.22289607792089844,0.05357453640803378,0.09796097874641418,1.9777429689368335,2.035103340536872,Monocyte classical,9.266771583710717e-05,-0.08930909633636475
ENSG00000135899.17,SP110,0.033372194,0.09246778,0.014774620532989502,True,0.46888052808367375,7.1308402220981355,0.5636247998577171,2.8943743851943933,0.06005317557603121,0.018640659749507904,0.14666521549224854,0.18754089434253815,0.0,0.0,0.3837517692060697,0.059918906042432336,0.382271945476532,1.3245237055442978,1.050838128512715,Pre-B small,3.8215661987211846e-05,0.1600337028503418
ENSG00000130414.11,NDUFA10,0.20788944,0.20788944,-0.14862501621246338,False,0.022143130079529165,0.6531354037520029,0.222871751009314,5.09761657008115,1.7560156345367433,0.013188540004193783,0.012392310425639153,9.39024137884717e-22,0.0,0.0,0.34121428227685313,0.04842637446974152,0.04664573818445206,1.9815833995322194,1.586101365190692,,,-0.14787733554840088
ENSG00000122085.16,MTERF4,0.23566727,0.23566727,-0.204367995262146,False,0.019486076810085424,0.6188279940691921,0.23514773985715012,5.927938358617114,1.2402225136756897,0.012880529277026653,0.015578489750623703,0.09604740698808391,0.0,0.0,0.23441583847654524,0.04320741519113369,0.05603206157684326,2.2397967181350205,2.0521589339021435,"Monocyte classical,Pre-B small,B naive",0.004638698021020467,-0.1787487268447876
ENSG00000143727.15,ACP1,0.014221248,0.014221248,-0.023354768753051758,False,0.20735152575246288,6.936850926634627,0.1715764839577966,2.911065523495539,0.1365168074766795,0.013310087844729424,0.1007477268576622,1.0133917828465113e-23,0.0,0.0,0.4851190005040494,0.08682857678621758,0.3247777223587036,1.6523883996148903,1.132087667550437,"Granulocyte precursor,Monocyte classical,Monocyte non-classical",4.2327197822344383e-07,-0.023003339767456055
ENSG00000115738.9,ID2,0.10424837,0.15825076,0.28675657510757446,True,0.8381786594593519,3.5993561496977433,0.3442997128553254,3.2775602019049104,0.31723350170999776,0.08477292209863663,0.40685102343559265,0.24438907423290507,0.0,0.0,0.4452111815301962,0.22800712028002576,1.13865065574646,0.8312097911421994,1.2667095498295058,Dendritic cell,0.007848694246373718,0.2876332402229309
ENSG00000162976.12,PQLC3,0.09524648,0.09524648,-0.2225733995437622,False,0.20179390366005376,4.297978802508741,0.5054393151246159,2.9271342416871593,0.09926302425563337,0.014454036019742489,0.0688023790717125,0.12471095802392403,0.0,0.0,0.2584000015365975,0.0408205762308853,0.17637187242507935,1.35674987469563,1.0547772587305015,B naive,5.730290385739829e-07,-0.01477062702178955
ENSG00000071575.11,TRIB2,0.014514827,0.014514827,-0.006055355072021484,False,0.08145453052032303,3.66926373907308,0.3698207103575207,4.9106343426935695,0.16129786781966682,0.006301901303231716,0.03692111372947693,3.3788943660671265e-10,0.0,0.0,0.27169557704749564,0.021569413589214166,0.10494529455900192,1.0236054910216015,1.3686029462780385,Monocyte classical,3.4064558912554463e-17,-0.0025392770767211914
ENSG00000173960.13,UBXN2A,0.12006803,0.12006803,-0.12413287162780762,False,0.03891086894010124,1.2618081647219765,0.23258192604718886,5.6308313720419605,0.7418333530426026,0.013559422455728054,0.024675650522112846,0.08971709997969295,0.0,0.0,0.08962310482185204,0.04603777883575333,0.08307227492332458,1.6300116261686586,1.5900569720982785,Monocyte classical,0.00011939121000728842,-0.12396657466888428
ENSG00000084676.15,NCOA1,0.11550294,0.11550294,-0.12009119987487793,False,0.03565813472289306,1.0708881660216965,0.23865296534080474,4.9455473898167535,0.5400928469002251,0.013094274327158928,0.026305269449949265,0.07796512530115791,0.0,0.0,0.33750449726265375,0.048915251938292936,0.07926806807518005,2.8328379562052226,1.875932351442352,Monocyte classical,0.00239846272304015,-0.11423373222351074
ENSG00000115216.13,NRBP1,0.0791647,0.0791647,-0.24763047695159912,False,0.04778038022073644,1.130988275385866,0.20344055596712035,4.44210027144661,0.5485318464785816,0.013580059632658958,0.03769268840551376,0.008773114158526479,0.0,0.0,0.176327458025418,0.04040341293945481,0.1257050335407257,1.6535984901553056,2.103538969548794,Pre-B small,0.004287758864706383,-0.018198370933532715
ENSG00000075426.11,FOSL2,0.012036455,0.012036455,-0.009746074676513672,False,0.6680973360300476,16.45856559676291,0.37080351367761255,1.4552057935013878,0.1268604354187846,0.019501255825161934,0.26209622621536255,2.6254916415529977e-16,0.0,0.0,0.4595003024094807,0.059247537190364255,0.6997449398040771,2.3546017670532033,0.8165940174291748,,,0.028860747814178467
ENSG00000119801.12,YPEL5,0.037901618,0.037901618,-0.049217939376831055,False,0.5347984573273414,6.893570628928393,0.27681949643134784,4.481461218922822,0.1344990306533873,0.030543629080057144,0.30600622296333313,0.14233252205376537,0.0,0.0,0.4597311107256356,0.0967643700595655,0.9940849542617798,1.5202377851594167,1.453333857149761,Monocyte classical,3.9753522850319305e-15,-0.047477006912231445
ENSG00000119820.10,YIPF4,0.097781636,0.097781636,-0.09157848358154297,False,0.10330255356462077,2.530957200612703,0.4733433899687997,3.832695871668517,0.13598766110837462,0.010622544214129448,0.03690887987613678,0.12532031477338462,0.0,0.0,0.16867497021226685,0.03515653062612678,0.1168617233633995,1.4864110223011533,1.23554916053352,Monocyte classical,3.0949678302704885e-06,-0.03361177444458008
ENSG00000115760.13,BIRC6,0.5684506,0.5684506,-0.4341003894805908,False,0.054135496133027504,0.6443487218957891,0.2738414264732469,5.382892176507735,1.3776647865772247,0.034888848662376404,0.034188248217105865,0.17133227760245728,0.0,0.0,0.07191908681653417,0.1140558739610187,0.1148436889052391,1.4640750251938568,1.596829472613717,"Granulocyte precursor,Monocyte classical,Pre-B small",5.610847864549185e-07,-0.41430389881134033
ENSG00000152689.17,RASGRP3,0.042280596,0.26771373,0.010435223579406738,True,0.04666614352371218,1.1891161907725591,0.2990328581227338,4.016343373034625,0.8307997783025105,0.01771983504295349,0.024883421137928963,0.00018900487771405993,0.0,0.0,0.19463840645788372,0.06787599468186833,0.07579219341278076,1.9891675550843324,1.3019812166192128,Platelet,0.002460144460073963,0.017286837100982666
ENSG00000143924.18,EML4,0.6822076,0.6822076,-0.06559228897094727,False,0.05107240381049394,0.5869524226547218,0.29554392384081746,5.596080126771732,1.5258332455158237,0.03687839210033417,0.03933561220765114,0.18947721240341994,0.0,0.0,0.14378766320412967,0.1112865488416759,0.11517171561717987,1.3620368868607704,1.8172347916038967,B naive,8.755780595349743e-14,-0.019950389862060547
ENSG00000068724.15,TTC7A,0.16109382,0.16109382,-0.012137055397033691,False,0.18192386495396837,2.3680031291417483,0.518529661927116,2.988843470184343,0.1680621461570263,0.019025815650820732,0.05349031835794449,0.07510046250837306,0.0,0.0,0.3184598775874933,0.0669055917258472,0.15318059921264648,1.5800864389634044,1.0176603413443248,Pre-B small,6.70737794707202e-05,0.05077892541885376
ENSG00000170802.15,FOXN2,0.09629362,0.09629362,-0.05371677875518799,False,0.07509142801874932,1.5136763022110375,0.3975768200352598,2.660460118665279,0.26034952729940425,0.014773429371416569,0.02681182138621807,3.015361892447434e-23,0.0,0.0,0.21626506869430584,0.052903473474772866,0.0736289694905281,2.2844308675521443,1.0020048475059442,Monocyte classical,0.0009659878502577473,-0.030245304107666016
ENSG00000115306.15,SPTBN1,0.036906812,0.059905186,0.27394962310791016,True,0.5689939325563047,7.989378237954827,0.6185955716555499,2.3287991529754093,0.05979288766781489,0.017395291477441788,0.1503116488456726,0.0713624476773686,0.0,0.0,0.3763017477614051,0.05114202163211079,0.35343876481056213,0.7919013157337463,0.9943313011772505,,,0.3041895031929016
ENSG00000143947.13,RPS27A,0.004173076,0.004173076,-0.4122610092163086,False,10.638948747046992,101.39678754701364,0.27781275831154323,4.36720851824024,0.002948722124565393,0.027744866907596588,4.445806980133057,0.19972173782695493,0.0,0.0,0.49620159944233794,0.09594813095782671,18.468982696533203,1.3668573531400539,1.505062304398804,"Erythroid late,Pre-B small,B naive",0.00017107685261466698,0.015567183494567871
ENSG00000162924.13,REL,0.04546203,0.04546203,-0.08780503273010254,False,0.2942057906371971,4.804982963948321,0.4005490579942549,2.1941998248946573,0.08055892433971165,0.014452463015913963,0.08476762473583221,0.07525710877608291,0.0,0.0,0.3788371587271574,0.048335133716105545,0.2143366038799286,1.533539967534077,1.0462838425043042,,,0.0017108321189880371
ENSG00000169764.15,UGP2,0.033285648,0.07192063,0.14149850606918335,True,0.5470926671738015,7.142986051979894,0.5352370644026828,4.157345894812035,0.05118668898940086,0.02054043486714363,0.18659737706184387,0.10061462868153784,0.0,0.0,0.45918416252791433,0.06459492016435142,0.5547963976860046,1.517691932830147,1.2276895396175906,,,0.25094151496887207
ENSG00000119844.15,AFTPH,0.366605,0.366605,-0.4041280746459961,False,0.04018612016314252,0.9894876441338356,0.2501094409822785,5.831358768096675,0.9625478088855743,0.018469054251909256,0.028781510889530182,0.12884310455242218,0.0,0.0,0.0859312345668094,0.05897849658095034,0.09078474342823029,1.546419969063047,1.7363496035217223,Monocyte classical,3.722646814225572e-07,-0.2087799310684204
ENSG00000011523.13,CEP68,0.11676675,0.11676675,-0.07170999050140381,False,0.02719617628909811,0.9559118433245141,0.29576872350033867,5.280278734133097,0.5914124178886414,0.00970928929746151,0.018961774185299873,1.25521797899833e-22,0.0,0.0,0.27985995643854866,0.030699509737612374,0.06589408218860626,1.7721045634470505,1.945738209219025,Granulocyte precursor,0.0006524328878565716,-0.05610346794128418
ENSG00000115956.9,PLEK,0.00539107,0.040309228,0.06336522102355957,True,1.016953291072812,11.899542974246021,0.43393116437491164,2.4689381994262503,0.13356995550294715,0.028136199340224266,0.2770894467830658,8.870780039634856e-23,0.0,0.0,0.4789016518652588,0.09187009009995252,1.202934980392456,1.9919205912156017,0.787236113082494,"HSPC,Platelet",1.5058934292397927e-07,0.06391483545303345
ENSG00000163219.11,ARHGAP25,0.10989517,0.2977734,0.05687534809112549,True,0.08801928418430341,1.612224740491338,0.3577158357212428,4.010694882527946,0.8003576999902724,0.02331804856657982,0.04435732960700989,0.13989172901487174,0.0,0.0,0.12484950677013801,0.07084523772488893,0.12485933303833008,1.2580567984377824,1.2389018501627698,B naive,0.000944190177263417,0.08465331792831421
ENSG00000059728.10,MXD1,0.064627096,0.18398367,0.11787617206573486,True,0.18219152512242837,2.3167356457350223,0.30933482158353603,3.88791703097876,0.6351620882749558,0.032111309468746185,0.08228003233671188,0.12960393114676294,0.0,0.0,0.36001529334885285,0.09535217389959881,0.26709410548210144,1.2180106452986132,1.0796786711774329,,,0.1178773045539856
ENSG00000075292.18,ZNF638,0.5668232,0.5668232,-0.217873215675354,False,0.041114757080191175,0.6283624343652204,0.26621226536259623,5.626550961953448,1.3136317880451682,0.02684502676129341,0.031113401055336,0.17775604829630454,0.0,0.0,0.07043955339257717,0.08583437426652019,0.09781166911125183,1.5144560523941406,1.844477918731618,"Pre-B small,B naive",0.006874817704028003,-0.17197418212890625
ENSG00000114956.19,DGUOK,0.047804408,0.047804408,-0.24666690826416016,False,0.1103425036659742,2.1191097715063156,0.16271612456760667,4.043915821153407,0.48062518835067747,0.02185312658548355,0.07047559320926666,4.2269518899633025e-23,0.0,0.0,0.48256705976313,0.10983490639649318,0.230808287858963,3.618522178257468,1.657864871752751,,,-0.0077626705169677734
ENSG00000034510.5,TMSB10,0.014740742,0.014740742,-0.2684440612792969,False,16.644734788303868,58.66855087341976,0.5303255530484768,3.682328018764338,0.00662554776063189,0.07843434065580368,5.593533992767334,0.30865753804138785,0.0,0.0,0.4948227067171233,0.2380790911522013,15.133563995361328,0.5625694315189739,1.1576715442490508,Granulocyte precursor,8.698758446064974e-12,0.2687184810638428
ENSG00000176407.17,KCMF1,0.11170799,0.11170799,-0.12005245685577393,False,0.040587633082801826,1.5080853393740385,0.259671986650553,4.595954714495964,0.6474956068396568,0.012483562342822552,0.0286545492708683,0.04363724254284343,0.0,0.0,0.10931868620696411,0.04014303296950673,0.09206277132034302,2.1485489215392484,1.5347343988819389,Monocyte classical,0.000436871422115697,-0.026351094245910645
ENSG00000168899.4,VAMP5,0.009834144,0.009834144,-0.05283522605895996,False,0.3653546356605792,6.433397257604081,0.39896194883730474,2.9657385467885646,0.10269979141652583,0.012872974388301373,0.16890329122543335,3.519355894213715e-14,0.0,0.0,0.30766258647675176,0.03627171355264025,0.3830603361129761,0.8517204631112238,1.7481232628954155,,,-0.005510210990905762
ENSG00000168894.9,RNF181,0.23009111,0.23009111,-0.2659566402435303,False,0.1773181218221256,1.9775627304520316,0.3032333471702356,5.609795851025598,0.1371956790983677,0.029809951782226562,0.10266505926847458,0.1637542178604594,0.0,0.0,0.3633759591855223,0.09853637940399906,0.3121243119239807,1.8484318132818587,1.6586005379694506,Monocyte classical,3.883820581302065e-14,0.09873455762863159
ENSG00000115523.16,GNLY,0.018900048,0.045337718,0.013534784317016602,True,0.20036446113532902,4.331703564252003,0.3917050209749944,3.7917979448451153,0.17486837305128575,0.014182690531015396,0.08799886703491211,0.12848874126204599,0.0,0.0,0.4887043368718678,0.1317568539940357,0.28718286752700806,3.320450273141097,1.3641761644199124,Plasmacytoid DC,1.5653184623853218e-18,0.016106605529785156
ENSG00000132313.14,MRPL35,1.2196916,1.2196916,-0.13505733013153076,False,0.037995555779466395,0.3194330890376226,0.22959288646453094,2.9706422449184693,4.5573550164699554,0.0413617268204689,0.015723856166005135,7.692789408211601e-17,0.0,0.0,0.4050886442388728,0.09823265324389042,0.06676851212978363,1.805105748294754,1.1900918907142115,,,-0.037259817123413086
ENSG00000115548.16,KDM3A,0.10526553,0.10526553,-0.061577558517456055,False,0.03302848540739816,1.288906439730629,0.28321562819413904,6.254222927950826,0.7504658102989197,0.010759511962532997,0.02150566689670086,4.175375353626425e-18,0.0,0.0,0.4054573944005356,0.043554588831674394,0.07369349151849747,2.4895867437743746,1.6893372033414746,Monocyte classical,3.050530317178497e-07,-0.05501258373260498
ENSG00000153561.12,RMND5A,0.014774129,0.014774129,-0.019185304641723633,False,0.05666682009517672,0.9985640170808011,0.22663561988846878,3.0277186487647763,0.417995373532176,0.014009249396622181,0.028348376974463463,2.669469442234742e-06,0.0,0.0,0.3615907576347971,0.0609950710037348,0.08168500661849976,1.6070672169080937,1.736963254604648,Granulocyte precursor,0.003333199927555048,-0.011185765266418457
ENSG00000196843.15,ARID5A,0.109172605,0.109172605,-0.1098092794418335,False,0.11982309753154409,2.0363320134497234,0.32774431664640885,3.890901376712997,0.5798834777623415,0.020749308168888092,0.06199206784367561,0.07054946488558471,0.0,0.0,0.27711257040195686,0.06622797295663573,0.19727474451065063,1.5930552480665652,1.25758438342257,Pre-B small,0.00902586774048594,-0.09032952785491943
ENSG00000158417.10,EIF5B,0.03506038,0.03506038,-0.08912229537963867,False,0.24531323521576512,5.549980470272814,0.19032286458946815,3.2105929753466294,0.15778291840106246,0.014665250666439533,0.12965930998325348,0.04100698323943873,0.0,0.0,0.4562101599622985,0.050445646516454896,0.439588725566864,1.5700804280926837,1.3913279946475816,"Monocyte classical,Monocyte non-classical,Plasmacytoid DC,B naive",0.0037742649359708566,-0.06661844253540039
ENSG00000071082.10,RPL31,0.011985269,0.011985269,-0.292905330657959,False,2.4918627913967417,19.516059169521473,0.17840647445173743,13.033684002052476,0.014233900560066105,0.04208847135305405,3.1047635078430176,0.24531574577502133,0.0,0.0,0.4917848073160075,0.1433558006946054,10.519290924072266,0.7992981277634155,3.59984620032931,"Granulocyte precursor,Monocyte classical,Monocyte non-classical,Erythroid early,Erythroid late,Platelet",0.005489248992290914,-0.12154531478881836
ENSG00000071054.16,MAP4K4,0.14186625,0.14186625,-0.2194657325744629,False,0.05639531834612485,1.3469528370952757,0.282661878996853,4.795381282208229,0.5215765842795372,0.01682068035006523,0.04345645010471344,0.11095406643284365,0.0,0.0,0.19033949090736213,0.05160284074584176,0.15300828218460083,2.0141085712437587,1.9180428510467222,Monocyte non-classical,2.4327032986980872e-30,-0.041223764419555664
ENSG00000135974.9,C2orf49,0.16893484,0.16893484,-0.1505134105682373,False,0.026996210918911166,0.9161705398210788,0.2539681247177011,6.012209205363319,0.7445106983184815,0.011408349499106407,0.019664881750941277,0.05399938226726022,0.0,0.0,0.31921214227949035,0.03934502800164097,0.07370337843894958,2.8272869662283933,1.9755203959337673,Pre-B small,1.4142943995977996e-07,-0.13086295127868652
ENSG00000135968.20,GCC2,0.12066993,0.12066993,-0.13072073459625244,False,0.07099188585969567,1.826427653953185,0.2541149536706511,5.6176720039877885,0.3374113988131284,0.015291109681129456,0.06106720119714737,0.14959658973059484,0.0,0.0,0.249887768814884,0.05136235282486634,0.18387846648693085,1.8916082505877556,2.1865858694234204,Monocyte non-classical,0.00036500232514946807,-0.08541345596313477
ENSG00000169756.16,LIMS1,0.021488203,0.021488203,-0.14947843551635742,False,0.14981615465598686,1.790224249162424,0.2750310518064467,4.249343645140825,0.8044621020555496,0.036568596959114075,0.0613672211766243,0.0796371672152668,0.0,0.0,0.3218970420626736,0.11127020205647488,0.22851580381393433,1.5215169966381605,0.9725430615774785,"HSPC,Platelet",2.920768409165536e-41,-0.14161646366119385
ENSG00000153201.15,RANBP2,0.18159428,0.18159428,-0.06749892234802246,False,0.06169745309212814,1.456175183743387,0.3053062374456264,6.80025561340594,0.505622296705842,0.015286611393094063,0.042855650186538696,0.12030423892843256,0.0,0.0,0.25129660329137504,0.050064396028988156,0.1541593372821808,2.1407415850244296,1.8335549618828884,Monocyte classical,6.411414211241652e-05,0.0005995631217956543
ENSG00000153094.22,BCL2L11,0.12991177,0.12991177,-0.0686802864074707,False,0.13820354615219105,2.4884790245431962,0.46872515743739684,2.648984344475998,0.16829066231846807,0.015607704408466816,0.043820854276418686,0.0032653756744246473,0.0,0.0,0.4001389701700525,0.06414614704453658,0.12586882710456848,2.295158373765899,1.0154307868222034,Monocyte classical,0.0007779478533509404,-0.003310084342956543
ENSG00000125611.15,CHCHD5,0.029282227,0.029282227,-0.11193931102752686,False,0.28815909896710856,4.188381132523777,0.4033075171037089,2.483672119665112,0.09714259721338747,0.015603188425302505,0.07468899339437485,2.3909025766363298e-17,0.0,0.0,0.36226594963258874,0.06239336139292107,0.24012306332588196,2.1767337889339453,1.0507035806536293,,,0.003348231315612793
ENSG00000088205.12,DDX18,0.059483737,0.059483737,-0.12507057189941406,False,0.11281519746894622,4.4765488668354285,0.22238846388670974,4.764086311863526,0.25998002216219895,0.014561539515852928,0.07561380416154861,0.10040885692097466,0.0,0.0,0.25264779782393976,0.04584440633054965,0.23453477025032043,1.6187726377159493,1.3871425978354188,,,0.001969456672668457
ENSG00000136732.14,GYPC,0.0041306987,0.0041306987,0.10835587978363037,False,3.088096861904245,84.36055338075312,0.3369247979974617,1.6556098492169298,0.006770452237688005,0.010539239272475243,0.7355181574821472,7.932092672378299e-12,0.0,0.0,0.49555927932398725,0.0433319455302823,2.1459312438964844,5.928532871816359,0.7484779698474283,,,0.12356311082839966
ENSG00000136718.9,IMP4,0.076939,0.076939,-0.13335943222045898,False,0.12754871264099263,3.5874252879727018,0.1982104145245818,2.5075137292492737,0.3831170372664928,0.014635447412729263,0.04097055271267891,0.013565307428105477,0.0,0.0,0.25298819809914275,0.04907000917961035,0.1069994568824768,1.644754631441773,0.8613735001414233,Monocyte classical,2.6280489558903065e-06,-0.06251811981201172
ENSG00000072135.12,PTPN18,0.042297207,0.042297207,-0.08402121067047119,False,0.0717124171153704,1.4396193853307557,0.2130857685541358,3.4606287447067428,0.36229610815644264,0.017087401822209358,0.041268665343523026,1.1020816106225129e-11,0.0,0.0,0.44162757413229525,0.07458087071164775,0.12368454039096832,5.835540910606155,1.6776320329379626,Platelet,0.009996882655626252,-0.08328807353973389
ENSG00000082258.12,CCNT2,0.31641135,0.31641135,-0.22785627841949463,False,0.026242995796502654,0.5905737629041208,0.19322300571706297,5.974884788289334,0.9810490967333318,0.01651758700609207,0.021312400698661804,0.09621928973178223,0.0,0.0,0.17173993416116207,0.058927304341024986,0.06706245243549347,2.16065528579091,2.0755596649264016,Monocyte classical,0.00011042811478867444,-0.22193384170532227
ENSG00000144224.16,UBXN4,0.093276,0.093276,-0.19742882251739502,False,0.09294441137732184,2.5844899092054203,0.18593373674438082,6.362381145779258,0.2394671643028657,0.01516688708215952,0.08017279207706451,0.126634025629087,0.0,0.0,0.3281381780996243,0.0527122508331015,0.2493276596069336,1.4982439117891515,2.045293827976591,"Granulocyte precursor,Monocyte classical,Monocyte non-classical",0.00010101761496864193,-0.046636104583740234
ENSG00000115919.14,KYNU,0.030627066,0.23030297,0.03934532403945923,True,0.09059831458847158,1.6847291860941944,0.340494082246459,4.167208043672721,0.5638247876614333,0.023002980276942253,0.05497543886303902,0.1608144733051983,0.0,0.0,0.17939922077344833,0.07207896062063135,0.147987961769104,1.2869847219947042,1.4185822446283471,Monocyte classical,0.0003715679504891513,0.09781867265701294
ENSG00000075884.13,ARHGAP15,0.45120054,0.45120054,-0.010987281799316406,False,0.06927738445557871,0.8812465897700746,0.24277258672066473,5.36617727082937,0.9700973868370055,0.03409861773252487,0.05536075308918953,0.2351188402224073,0.0,0.0,0.10007213735997728,0.0925408535179102,0.1506345272064209,0.9177851707209244,1.7502149647574827,Platelet,0.0006855828513196707,0.06538522243499756
ENSG00000123610.4,TNFAIP6,0.033854898,0.033854898,0.0023369789123535156,False,0.4306765589574839,8.242847308766386,0.3386765957133661,6.130041118308141,0.1360243213735521,0.014015298336744308,0.17850854992866516,0.0036143046771689013,0.0,0.0,0.48589922744959657,0.04660226919120092,1.0498731136322021,0.635299206853189,1.508391139762186,Monocyte classical,5.602514426573494e-06,0.0023616552352905273
ENSG00000136560.13,TANK,0.33750358,0.33750358,-0.3937755823135376,False,0.06000083931104683,0.6704431410216949,0.18124764071940994,5.649187092050612,1.2617537878453735,0.0365259125828743,0.05015332251787186,0.1748871868318805,0.0,0.0,0.16942842680263964,0.11505555906019982,0.15556120872497559,1.2550080024716685,1.9456301586568325,,,-0.3931194543838501
ENSG00000115271.10,GCA,0.22881112,0.6449745,0.174787700176239,True,0.05543983208663092,0.4712851531324247,0.28733286676867725,8.13886213266601,1.1972759644687174,0.04294680058956146,0.048335399478673935,0.14856913077761713,0.0,0.0,0.27726125403107543,0.137410559798953,0.1528918743133545,1.7009004401381302,2.2743716536826617,Monocyte classical,2.1266266903677475e-11,0.19268172979354858
ENSG00000144357.16,UBR3,0.28914136,0.28914136,-0.26039445400238037,False,0.019870137791716563,0.5134573003918167,0.22566134171289964,6.397967727359656,1.367421269416809,0.017580373212695122,0.017356395721435547,0.0653267283229919,0.0,0.0,0.29576561193485984,0.06843600577941089,0.05878046154975891,3.3506852873562747,2.0946164063495463,Monocyte classical,4.9922600559583695e-08,-0.2602114677429199
ENSG00000077380.15,DYNC1I2,0.04320326,0.04320326,-0.06771910190582275,False,0.026059461607707442,0.7325576033217024,0.20574450375210412,4.868299890847571,0.8633419811725617,0.011938226409256458,0.021778978407382965,0.000784190884056206,0.0,0.0,0.3141583540853562,0.037773636302741664,0.07330048829317093,2.075475575346577,2.1345636979978497,,,-0.034584879875183105
ENSG00000138434.16,SSFA2,0.14849685,0.14849685,-0.009144306182861328,False,0.055190773631796745,0.9847240485796014,0.3082215150514581,4.559882422496211,1.117484772205353,0.022348908707499504,0.03464877977967262,2.991744396608489e-22,0.0,0.0,0.2929385819021757,0.08033598581384638,0.1009010449051857,2.4180734841397538,1.4994355384625342,Granulocyte precursor,0.008162607415259798,0.020490586757659912
ENSG00000077232.17,DNAJC10,0.2698654,0.2698654,-0.1786571741104126,False,0.05054837135936111,1.0830514164854963,0.2826712766626748,5.953060899697911,0.8882310390472412,0.022130973637104034,0.037373676896095276,0.15318629497247954,0.0,0.0,0.12823975821714984,0.06623646523570416,0.11292204260826111,1.4764282155469062,1.6781446697993427,Erythroid late,1.3046108922126553e-16,-0.11829984188079834
ENSG00000115419.12,GLS,0.39672527,0.39672527,-0.28997766971588135,False,0.031162742539098207,0.5435222544745316,0.279600299549955,6.756142690579619,1.1832056522369383,0.019106140360236168,0.022889472544193268,0.07820079903365984,0.0,0.0,0.26666724785409734,0.06196409707442286,0.07611808180809021,1.9586915924429729,2.093963590227365,"Pre-B small,B naive",0.004401744094908972,-0.28826916217803955
ENSG00000173559.12,NABP1,0.43919224,0.43919224,-0.011401772499084473,False,0.0594111321671441,0.7741561437694106,0.3117521894459707,3.2154409636276746,1.4649869617819786,0.03220292180776596,0.02962035872042179,0.01234573830568793,0.0,0.0,0.20390846371590032,0.10516797376371921,0.09917537868022919,2.1412721223221847,1.1881367710751625,,,-0.006688475608825684
ENSG00000272211.1,AC114760.2,2.7000995,2.7000995,-0.3733787536621094,False,0.039581675337736086,0.08882564521556727,0.15562695278659675,9.891705277497122,5.586591356992722,0.16436749696731567,0.04633931443095207,0.24212373467996784,0.0,0.0,0.1185985081710978,0.4445055503692928,0.14361004531383514,0.9015169557594007,3.0227762405479215,Pre-B small,2.491353255199797e-10,-0.3642467260360718
ENSG00000115520.8,COQ10B,0.0502448,0.0502448,-0.14355087280273438,False,0.054087653534491416,1.950314912442067,0.24265302338669043,3.1718066137595446,0.549942185729742,0.012469778768718243,0.03571266680955887,0.01938121069798182,0.0,0.0,0.08088142931617609,0.03580571038917202,0.11898215115070343,2.0631362995556666,1.4684486898290892,,,-0.03891420364379883
ENSG00000082153.17,BZW1,0.17386958,0.17386958,-0.15127837657928467,False,0.09720514246446164,1.5280187556511158,0.2304361359168333,7.033099811109147,0.3625381628175576,0.024707337841391563,0.08626780658960342,0.1597525038589286,0.0,0.0,0.32229353346248446,0.0794625132309168,0.3040986657142639,1.8324171790594508,2.285041616046302,Monocyte classical,1.7899574807812876e-10,-0.0800161361694336
ENSG00000003402.19,CFLAR,0.2970272,0.2970272,-0.10634636878967285,False,0.03457453418145071,0.7596906597828809,0.22293125937321923,7.711888765261372,0.7432642509539922,0.01862805150449276,0.032163526862859726,0.12319138137875128,0.0,0.0,0.1503813760244201,0.06618514509699036,0.11528429388999939,2.164243591077704,2.3864301613027714,Platelet,2.051073681368925e-41,-0.08553016185760498
ENSG00000119004.15,CYP20A1,0.27944544,0.27944544,-0.18328320980072021,False,0.02546313195587954,0.7162495001987685,0.21568687768629363,5.753594030593065,1.2155153632164002,0.015616628341376781,0.021198775619268417,0.11358098297993252,0.0,0.0,0.315451502310576,0.05357746491460879,0.07166735082864761,2.345612876248148,2.039728357835971,Pre-B small,0.007528762941682983,-0.15474045276641846
ENSG00000115020.16,PIKFYVE,0.29603326,0.29603326,-0.17122066020965576,False,0.04179714133983381,1.0135824092068082,0.2682062757399124,6.0347034849508745,0.7161502018819252,0.01536862924695015,0.02822892740368843,0.1389774928308722,0.0,0.0,0.16476275050975248,0.04875006115574987,0.09234403073787689,1.670104156517455,1.782708808875407,"Monocyte classical,B naive",0.0003821254022675149,-0.07993960380554199
ENSG00000018280.16,SLC11A1,0.2228278,0.8366577,0.2786129117012024,True,0.1311702469867033,0.7037451865607597,0.36937739768196454,4.34795272809847,1.6692053154110909,0.07358438521623611,0.06667626649141312,0.28194347289155025,0.0,0.0,0.20255741664731475,0.17802553201669014,0.18814976513385773,0.6080207747982466,1.276128920673368,,,0.27870529890060425
ENSG00000144579.7,CTDSP1,0.40464643,0.40464643,-0.10736298561096191,False,0.06960531656685119,0.6926543899169977,0.2386047096406533,4.684094218027481,1.474137461185455,0.04296542704105377,0.0504956990480423,0.09285400135111069,0.0,0.0,0.3757630512712641,0.15716910878197154,0.1609836220741272,3.125794467136413,1.781590816750806,,,0.0636410117149353
ENSG00000144580.13,CNOT9,0.80767643,0.80767643,-0.0884624719619751,False,0.030306576393253907,0.3839949562638155,0.22525785913663304,5.521424370753687,2.6453702446818346,0.0342453308403492,0.02242787554860115,0.19588240428444867,0.0,0.0,0.05122826071338082,0.10628511363681437,0.0730542540550232,0.9769112271233186,1.7055374449623717,Erythroid late,0.0031176035746121994,-0.0800468921661377
ENSG00000115661.13,STK16,0.048349887,0.048349887,-0.07155168056488037,False,0.04719899452895535,1.680308301092583,0.30261307055069786,3.6876483954625505,0.20799992188811303,0.010061800479888916,0.02285674214363098,0.016749629972375307,0.0,0.0,0.0756992061795399,0.032912770278794135,0.07401341199874878,1.722119751420661,1.3519159138249035,Platelet,0.00678192285591397,-0.04412543773651123
ENSG00000123983.13,ACSL3,0.14216956,0.14216956,-0.06555056571960449,False,0.05849112458771261,1.4253692037849772,0.26076008350092017,3.6437351456791864,0.5829983317852021,0.019301822409033775,0.036501407623291016,1.4507173497081417e-13,0.0,0.0,0.3637271518463008,0.07639439185024344,0.11592631042003632,3.520054794869774,1.3764866684714538,Erythroid late,0.0012178822071104226,-0.0004928112030029297
ENSG00000168958.19,MFF,0.10337251,0.10337251,-0.10584139823913574,False,0.05355642580214476,1.4223794738066955,0.17302391215340093,7.310590797177659,0.5345362722873688,0.016908571124076843,0.05219316855072975,0.08514106073717946,0.0,0.0,0.40557852733294814,0.06739781764882656,0.19080182909965515,3.1910574068072677,2.364115493314507,Platelet,2.2616200191318157e-47,-0.061437129974365234
ENSG00000173744.17,AGFG1,0.018342689,0.037113994,0.016555964946746826,True,0.3891714545763861,5.2470196495552655,0.3780050635122922,2.6873675141731175,0.13986690687015657,0.017102327197790146,0.15478068590164185,0.00011402422124819501,0.0,0.0,0.39612634502863037,0.046588976817878436,0.39306628704071045,0.8912308695098403,1.3305909612680487,,,0.05179780721664429
ENSG00000079263.18,SP140,0.1442174,0.47763547,0.17617839574813843,True,0.07435964238011242,1.2453337728969056,0.33895895645179663,4.679825971701227,0.9673913538455963,0.026586811989545822,0.04259864240884781,0.20533249450403046,0.0,0.0,0.023762034309789588,0.07542142996466339,0.12226301431655884,0.9425768043958772,1.3187655652374204,,,0.22828620672225952
ENSG00000185404.16,SP140L,0.115008935,0.115008935,-0.04178345203399658,False,0.05051907740002117,1.2779834059907822,0.29252787227103966,4.3461266867254835,0.39681428700685495,0.012336093001067638,0.04406699165701866,0.1457419796749017,0.0,0.0,0.06747425814972163,0.034121544126707086,0.11945176124572754,0.9166331535790789,2.1562855794063824,B naive,3.5046933221010745e-06,0.01640796661376953
ENSG00000067066.16,SP100,0.537393,0.537393,-0.08964216709136963,False,0.05135912563681486,0.49102495604373503,0.2106134297896898,7.717562687967173,1.0336168594658375,0.03971417248249054,0.05177435651421547,0.22977812307231263,0.0,0.0,0.08828218680779781,0.11249980195708885,0.15011131763458252,1.0005603860389511,2.6550067621218214,B naive,2.987302006998124e-08,-0.08963942527770996
ENSG00000135932.10,CAB39,0.023694752,0.023694752,-0.05940437316894531,False,0.037831782604162104,1.5728240703492165,0.2547490231807803,3.2257501635291996,0.39341151595115664,0.008361910469830036,0.023433493450284004,7.986744129558746e-26,0.0,0.0,0.08422160333800366,0.023599977977077913,0.07323632389307022,1.2297970493699757,1.6035921006042932,"Monocyte classical,Pre-B small",0.00018507812571657894,-0.027834177017211914
ENSG00000135916.15,ITM2C,0.0006454111,0.0006454111,0.01603114604949951,False,1.7455447149206693,79.31083516425433,0.4564438421577125,2.4779564148811626,0.021212787004187706,0.0072607723996043205,0.46122610569000244,1.166731904507702e-07,0.0,0.0,0.4641516787053253,0.021682674423201046,1.7542381286621094,0.5315288830544971,0.7627974317176517,,,0.016863524913787842
ENSG00000135930.13,EIF4E2,0.14518353,0.14518353,-0.3474545478820801,False,0.04605229775937649,1.6174301192878062,0.20948515485348113,5.193245558025725,0.4292372915893794,0.01179955992847681,0.038966502994298935,0.11588963344300855,0.0,0.0,0.22398799494913024,0.03974330745705412,0.11201313138008118,2.0094063487602254,2.0417383591143516,,,-0.05065727233886719
ENSG00000168918.13,INPP5D,0.46537146,0.46537146,-0.17996633052825928,False,0.05188263205725993,0.9094560097444159,0.30891858044152054,5.8578722947751505,1.3537358155846595,0.026432277634739876,0.030606115236878395,0.16189168028088705,0.0,0.0,0.08220426303518208,0.07793147823242742,0.09847456961870193,1.2607415517126264,1.384869258367497,"Pre-B small,B naive",0.007879885328275374,-0.15185821056365967
ENSG00000077044.10,DGKD,0.1854503,0.1854503,-0.041019320487976074,False,0.1032081765323415,1.7709020179642303,0.309763500153331,4.992214888601799,0.5079682704806328,0.020690355449914932,0.05488581955432892,0.13162904579015977,0.0,0.0,0.3017567440999903,0.06636888438179865,0.17228448390960693,1.4017656171292823,1.4979511661175293,"Granulocyte precursor,Monocyte classical",0.0026425144938394614,-0.04071617126464844
ENSG00000198612.10,COPS8,0.54674876,0.54674876,-0.5069656372070312,False,0.016215115819988347,0.2791716004790719,0.17649635794113036,6.9965503145234695,2.341581205129623,0.018704285845160484,0.01216155756264925,0.12114998830604011,0.0,0.0,0.22628012550260362,0.06401495062345752,0.03749702125787735,1.2171912091719588,2.3290394766526563,Pre-B large,5.203005263884802e-05,-0.4977223873138428
ENSG00000065802.11,ASB1,0.19415027,0.19415027,-0.15864861011505127,False,0.01960930380772603,0.6820850370481322,0.23542460495532422,6.0281676687440875,0.9395534495512644,0.01031993143260479,0.01281451340764761,0.043622943739275694,0.0,0.0,0.25945625832336705,0.03386055787235609,0.04863034188747406,1.9114305289958378,1.8659956698288875,,,-0.15679466724395752
ENSG00000188542.9,DUSP28,0.13340683,0.13340683,-0.0481799840927124,False,0.023158582121374185,0.6577694883378763,0.3833982421315786,8.895338191087278,1.0290986923873426,0.011915135197341442,0.015601657330989838,7.613262960811525e-11,0.0,0.0,0.43351517846131593,0.060973713344317566,0.06528817117214203,3.6792883127214573,1.7702692377030784,Platelet,3.6540057229620727e-10,-0.044225215911865234
ENSG00000168395.15,ING5,0.10414568,0.10414568,-0.07487297058105469,False,0.025822578015974318,0.9553660363867179,0.2532558357587447,4.669100458721988,0.4474507816135884,0.010069466196000576,0.017721960321068764,0.021821650963349228,0.0,0.0,0.3675132651350367,0.041536604358484386,0.061801232397556305,3.043622904497918,1.8421945117370389,"Granulocyte precursor,Monocyte classical,Pre-B small",0.0037353140501185916,-0.06518840789794922
ENSG00000088833.17,NSFL1C,0.018611312,0.018611312,-0.09465563297271729,False,0.07802202354126898,3.6335809464940616,0.244327282296731,3.7420581020696226,0.09148863773792984,0.008203165605664253,0.042365871369838715,3.2807492827205687e-22,0.0,0.0,0.20453550541763021,0.020737704902276444,0.12101251631975174,1.4825702606276436,1.4213459539866249,,,-0.008686542510986328
ENSG00000101200.5,AVP,0.029914798,0.030974725,0.8207499086856842,True,3.2861505702703893,50.874313245809944,1.9466351897381349,6.706781772929936,0.017918133800849317,0.022007865831255913,0.5803459882736206,1.0789657322177713e-18,0.0,0.0,0.4563154811161962,0.050219650194280874,1.2068347930908203,0.3128977015195408,0.4936523234018552,,,0.8207499235868454
ENSG00000101236.16,RNF24,0.2064146,0.2064146,-0.02871882915496826,False,0.07261109834312342,0.944814322605123,0.35627559181334645,5.409735219264858,0.8538314612209797,0.021208763122558594,0.04042631760239601,2.2058536974289603e-16,0.0,0.0,0.48465456669538565,0.19409324306257147,0.21418096125125885,3.896302779379944,1.9213791458799996,Platelet,1.985195967064688e-17,0.12665659189224243
ENSG00000132646.10,PCNA,0.002191939,0.002191939,0.010173559188842773,False,3.512935844631827,215.10568797515154,0.31040480255136554,0.7346672894825397,0.021084781782701612,0.006208192091435194,0.48582515120506287,1.3592940774849407e-16,0.0,0.0,0.452862875514909,0.017002159822323445,1.359109878540039,1.2706310729218306,0.37744271163621534,B naive,0.0009090549342181946,0.038641154766082764
ENSG00000125772.12,GPCPD1,0.07369333,0.18290444,0.1583080291748047,True,0.4279037575553376,3.171058025813616,0.5502487648255893,3.9187495082301185,0.11396659165620804,0.03351009264588356,0.13893122971057892,0.15702166641568827,0.0,0.0,0.43864798826185786,0.11588654828749155,0.3959028124809265,1.612355232067091,1.245176039682194,"Monocyte classical,Monocyte non-classical",0.006269175860445012,0.2142842411994934
ENSG00000089195.14,TRMT6,0.10968547,0.10968547,-0.2233257293701172,False,0.05388076137105004,1.3101626231519878,0.22606273069457214,3.397908417741896,0.4504423767328262,0.012573594227433205,0.03768373653292656,0.013724621779142916,0.0,0.0,0.21784711275840302,0.03894068755773317,0.10258620232343674,1.3411654849623793,2.058788896290019,Monocyte classical,5.379219804365319e-08,-0.017183303833007812
ENSG00000125827.8,TMX4,0.24360923,0.24360923,-0.13765668869018555,False,0.08526146688991673,1.3511745507895212,0.22996124609508264,5.156504785414751,0.7821005523204804,0.03022342547774315,0.06376245617866516,0.11356688965292504,0.0,0.0,0.3609378654202322,0.09984559810041913,0.20519641041755676,2.2035986981051696,1.6804401187584685,,,0.013765037059783936
ENSG00000089123.15,TASP1,0.19218628,0.19218628,-0.03981935977935791,False,0.021467817078794683,0.7056295965541883,0.2622975597626796,5.266180892222693,1.0775135457515717,0.010825118981301785,0.01506958156824112,0.00011599065440926004,0.0,0.0,0.28134395244755217,0.03666946690851436,0.05897495523095131,1.9372235927855015,1.9728394382320098,Pre-B small,2.6111333804136076e-11,-0.02988731861114502
ENSG00000089048.14,ESF1,0.04136871,0.04136871,-0.07948660850524902,False,0.07948112980269757,2.8777481151374413,0.3105267312078432,3.767893355242656,0.12594506017863752,0.010146822780370712,0.03806718438863754,0.026812130309047538,0.0,0.0,0.2598286612449497,0.0338509833419498,0.1237340122461319,2.031857178046803,1.3036706618404081,Erythroid late,0.0014062497945402101,-0.01385486125946045
ENSG00000125844.15,RRBP1,0.18478693,0.18478693,-0.011498212814331055,False,0.11091976606534565,1.4791771874350144,0.38944340765469354,4.2263038636496795,0.3744692003478606,0.017093755304813385,0.05405479297041893,0.10788317502202478,0.0,0.0,0.4071265252365822,0.052625856638335286,0.17415788769721985,1.2102151597369677,1.7843383580770578,Plasmacytoid DC,0.0018473657056247645,0.07150465250015259
ENSG00000125977.6,EIF2S2,0.0036945327,0.0036945327,-0.018474459648132324,False,0.3593981443266033,11.905663835897874,0.15065173127145387,2.535891926302411,0.12031033386786778,0.013535292819142342,0.1312536895275116,4.836731156345504e-22,0.0,0.0,0.37365472292903407,0.03980593668539267,0.3292393386363983,1.2580584662106407,0.855223352021683,,,-0.01810920238494873
ENSG00000101347.8,SAMHD1,0.051394388,0.13142751,0.218411386013031,True,0.25115187304779757,3.591820984689267,0.3845670726186744,4.0760546575283065,0.26127477377653113,0.028752699494361877,0.14828933775424957,0.16233000536043887,0.0,0.0,0.3800222630626701,0.09149072926085466,0.3909364342689514,1.2673524873479916,1.4358749712905468,Dendritic cell,0.00011633356696163496,0.26138877868652344
ENSG00000124177.14,CHD6,0.044912886,0.044912886,-0.035262465476989746,False,0.02710611527154767,1.2193051615047308,0.2407142606001386,6.259713831549674,0.7767328868061303,0.010438380762934685,0.023282771930098534,0.0762159158386441,0.0,0.0,0.14301974858355448,0.03282272308102962,0.07947243750095367,2.321629265319899,1.8979170226304485,,,-0.035260558128356934
ENSG00000132823.10,OSER1,0.0233823,0.0233823,-0.07992708683013916,False,0.15096264713614363,4.59760084949123,0.38478479484071243,3.208877409024969,0.08477562345564363,0.011317206546664238,0.06307686120271683,0.012847528293386918,0.0,0.0,0.29710678378999894,0.03286151147670324,0.17519459128379822,1.3779653141459824,1.0390890071918806,Monocyte classical,1.9412692328275262e-05,-0.01578521728515625
ENSG00000196839.12,ADA,0.012660834,0.013623847,0.1011800765991211,True,0.7446975781748775,23.853963554172434,0.3319106554355657,1.8680283963781312,0.0744928749650717,0.01003345288336277,0.23335060477256775,1.1215451743463999e-15,0.0,0.0,0.3746351693626546,0.027720055610727098,0.5683318376541138,1.361514230693936,0.8774865303980813,,,0.11006355285644531
ENSG00000196562.14,SULF2,0.16257381,0.16257381,-0.2029557228088379,False,0.07765610050743735,1.6318688339370828,0.24922608800446006,5.5085161640027245,0.3860234014689922,0.01865444891154766,0.05919770896434784,0.10138329351727557,0.0,0.0,0.2543790341103053,0.0621173595129516,0.18446704745292664,1.6333025456999941,1.85202954522017,Monocyte classical,1.4319730031008831e-06,-0.15729117393493652
ENSG00000124126.13,PREX1,0.16604623,0.16604623,-0.16810429096221924,False,0.10875971834862645,2.1563082559471543,0.500965352173786,3.075049452952035,0.17388100013136865,0.01278887689113617,0.03475218266248703,0.14988713086550448,0.0,0.0,0.04648736331608156,0.039358950502686334,0.1002604141831398,1.3389994806060552,1.1206762450956418,"Monocyte classical,Monocyte non-classical",0.007916981647412624,-0.010699629783630371
ENSG00000124256.14,ZBP1,1.2522621,1.2522621,-0.04396653175354004,False,0.03347674756746689,0.36249487297167643,0.266424218828625,5.20216147169156,2.64105770856142,0.037432003766298294,0.020090384408831596,0.1832692087075848,0.0,0.0,0.05328374734113336,0.10215340679366891,0.06179162859916687,0.8362889135677843,1.5361421062596823,,,-0.04187631607055664
ENSG00000101160.13,CTSZ,0.019747877,0.019747877,-0.08102631568908691,False,0.31202069812029404,2.8668387608367882,0.49886502252735165,6.269270590478849,0.29567527636885643,0.03135683760046959,0.16146357357501984,6.154969376189784e-07,0.0,0.0,0.4817489253676074,0.0914534834420415,0.4303135275840759,1.077129561881242,1.6250747023297971,,,0.020198523998260498
ENSG00000132670.20,PTPRA,0.128521,0.128521,-0.24971020221710205,False,0.051918626305040065,1.709950117452377,0.3252123637003753,4.969604304776894,0.1819803848862648,0.011354533024132252,0.028077421709895134,0.12742792027807162,0.0,0.0,0.06724914205098304,0.036113312413125875,0.08941641449928284,2.1154851935677113,1.5184266091949135,Monocyte classical,0.0005300531576941548,-0.06103396415710449
ENSG00000101290.13,CDS2,0.19038388,0.19038388,-0.12993359565734863,False,0.04791101967940092,1.3887258930558115,0.2917786879726201,4.1738153920240775,0.7482367140054704,0.015734786167740822,0.029808826744556427,0.1133706922914553,0.0,0.0,0.18180683007342469,0.050157009659393736,0.09256283938884735,1.9916976935998574,1.398271150663885,Granulocyte precursor,0.0007222732158306012,-0.11445116996765137
ENSG00000132640.14,BTBD3,0.17762405,0.3380374,0.2981640696525574,True,0.10474376712745236,1.0507565811497133,0.34900193974303756,3.647139319482297,0.654109451174736,0.03241334483027458,0.06070290878415108,0.019100124597646484,0.0,0.0,0.28572464393527586,0.09265412661499893,0.15115806460380554,1.0445075818671035,1.5276953902975237,,,0.3167186975479126
ENSG00000172264.16,MACROD2,0.08277313,0.17197359,0.13225644826889038,True,0.14267322461121365,3.041058379080129,0.43740416183065,3.317905347788858,0.38966338485479357,0.01680063083767891,0.05197843909263611,0.08878820832118595,0.0,0.0,0.1309595119857605,0.05506324875824342,0.14124615490436554,1.1968211595017755,1.0173558240696063,,,0.1645280122756958
ENSG00000125868.15,DSTN,0.026023513,0.026023513,-0.0006879568099975586,False,0.615463542503373,11.03727888322119,0.3831920108046034,3.7922425794622763,0.029864410031586887,0.014430684968829155,0.22831520438194275,3.6465695879240227e-20,0.0,0.0,0.481383905684594,0.056404169391075516,0.631807267665863,2.7525628456940576,1.3652008340544555,Monocyte classical,5.180431757122875e-11,0.10134291648864746
ENSG00000125871.13,MGME1,0.08125191,0.08125191,-0.03658914566040039,False,0.032837096099029975,1.3311957936024685,0.2965300085429293,6.818357814112344,0.41064729094505314,0.009112433530390263,0.023299934342503548,0.017887648168626882,0.0,0.0,0.18230835454731453,0.0326638587844279,0.08205710351467133,1.849399076320968,1.8293175514294977,Erythroid late,0.00034008859946644735,-0.02643263339996338
ENSG00000101310.14,SEC23B,0.11736461,0.11736461,-0.15429902076721191,False,0.03901413369777973,0.9279480888041917,0.258279526259618,3.5380794741412296,0.44632763341069226,0.01171412505209446,0.02480206824839115,7.879833436189409e-05,0.0,0.0,0.13374020417968913,0.03243590238710237,0.08711835741996765,1.2774455865988235,1.8579378657688548,"Granulocyte precursor,Monocyte classical",1.135729653533294e-06,-0.025132060050964355
ENSG00000088970.15,KIZ,0.14649543,0.14649543,-0.03637135028839111,False,0.04409468787315323,1.4573699317411293,0.356092306947057,7.113271886068181,0.6290656919280687,0.011134686879813671,0.022715456783771515,0.06722934167456471,0.0,0.0,0.35351133206366603,0.03383126827599047,0.07762222737073898,1.775890076316193,1.5065613333987833,Monocyte classical,0.0006493324743855045,-0.034879207611083984
ENSG00000088930.7,XRN2,0.11047328,0.11047328,-0.361578106880188,False,0.17829539795189564,2.862623725642599,0.26279575554129,3.69614718273113,0.10943586587905882,0.018604423850774765,0.08032640814781189,0.14665150192811613,0.0,0.0,0.3297994177703167,0.06043990123095,0.2377924621105194,1.6852546905082244,1.4328524852980402,,,-0.03665947914123535
ENSG00000101336.13,HCK,0.16452928,0.28169683,0.09573107957839966,True,0.26861168487504244,1.4445268734262633,0.3710867021402919,5.165563088565662,0.6550379661470651,0.06097403168678284,0.12543167173862457,0.1989462131828889,0.0,0.0,0.44415564518749495,0.17472491929038014,0.41259175539016724,0.9507476280749152,1.3562738471613378,,,0.10358428955078125
ENSG00000171456.16,ASXL1,0.4200481,0.4200481,-0.0608367919921875,False,0.04327979853695422,0.5672127248095351,0.2838360195879846,7.743873956568634,1.0533707620203496,0.026276085525751114,0.035359203815460205,0.1144879491049366,0.0,0.0,0.32140288984603327,0.09468878922330327,0.11982757598161697,2.5021810998852585,2.2594697587302375,Pre-B small,0.0008784641587431415,0.020102202892303467
ENSG00000101367.8,MAPRE1,0.013898887,0.013898887,-0.018931865692138672,False,0.1494715000593529,1.9933168339001992,0.16116893472633834,5.104930500676433,0.20357183218002317,0.01679416000843048,0.10105939209461212,2.1820881846844545e-05,0.0,0.0,0.4882531979991034,0.11193872178188255,0.4600782096385956,3.6218232531071095,2.3288299865016024,Monocyte classical,0.00046463620785696747,-0.0030611753463745117
ENSG00000101421.3,CHMP4B,0.02578036,0.02578036,-0.1743088960647583,False,0.364752325020019,3.8872231768025993,0.23100200802733228,2.20999519634563,0.15670626729726794,0.03927355259656906,0.11841743439435959,2.916352292198787e-16,0.0,0.0,0.4415287502649746,0.15235554724499067,0.40339651703834534,2.4400405947153594,0.7756681910403149,,,0.01573842763900757
ENSG00000078747.14,ITCH,0.14880557,0.14880557,-0.0970224142074585,False,0.042544468118192236,1.1236659406372178,0.2662161535007934,5.8949069259853895,0.6780456079542636,0.015633631497621536,0.031069176271557808,0.12721647868944105,0.0,0.0,0.15771369806739044,0.0502181524989358,0.09565163403749466,1.8357686964920066,1.8349353344969084,,,-0.09702074527740479
ENSG00000131069.19,ACSS2,0.43626902,0.43626902,-0.05301976203918457,False,0.03750485749350007,0.542347751529612,0.2773838290964854,5.3842047215006446,1.9749719560146333,0.025559980422258377,0.02135421149432659,0.07929708086234848,0.0,0.0,0.2813081914139207,0.08359153696842904,0.07006439566612244,1.4890660549938504,1.5404413106442796,Monocyte classical,0.0022074042909656817,-0.04376363754272461
ENSG00000101057.15,MYBL2,0.0050587854,0.0050587854,0.01782459020614624,False,0.16800527511950955,5.645985037532498,0.3107401652278558,2.267602495227202,0.12271036393940447,0.007436031941324472,0.06362815201282501,9.196941182581893e-08,0.0,0.0,0.4240294373576704,0.029197736639008376,0.23554307222366333,2.112148080810095,1.3980885781693213,,,0.02030181884765625
ENSG00000101109.11,STK4,0.19658153,0.19658153,-0.298553466796875,False,0.09559592838567214,1.932335549767001,0.3131711130334878,4.661906101056691,0.4377466099709272,0.021305594593286514,0.06558426469564438,0.17113035393370776,0.0,0.0,0.18936503558521212,0.06196178641185268,0.18285374343395233,1.3821425588693244,1.5930281632903283,"Monocyte classical,B naive",0.007814593080176896,-0.058449506759643555
ENSG00000175063.16,UBE2C,0.003885574,0.003885574,0.027738749980926514,False,9.322844432882242,145.9522406335288,0.3566407937526315,0.3453567138717745,0.05858500770293176,0.020174287259578705,0.5604445934295654,5.061718644521195e-13,0.0,0.0,0.49619830473543786,0.10085873782309564,1.6007286310195923,0.3150226454189804,0.1812735553216553,Granulocyte precursor,9.311149356785125e-82,0.02826136350631714
ENSG00000100985.7,MMP9,0.0019805264,0.0019805264,0.1565757393836975,False,20.331065144617092,4683.986070115105,10.807976489094997,0.44483635040604835,0.000883075806777924,0.0010133844334632158,0.4905828535556793,7.740539016241834e-11,0.0,0.0,0.4764125547358394,0.006433945387568807,1.6309195756912231,0.14203874529732843,0.11241890894493742,"HSPC,Plasmacytoid DC",0.0,0.1565757393836975
ENSG00000124151.18,NCOA3,0.04720463,0.17930509,0.051782310009002686,True,0.10470801132869408,2.010745855639254,0.33177789424173354,4.813710542971255,0.3406072282791138,0.021227778866887093,0.0719834566116333,0.1631071709914698,0.0,0.0,0.2945226737401603,0.06653184503568353,0.19564774632453918,1.5767252396460176,1.6864402060156094,"Pre-B small,B naive",0.009752459988525792,0.11879068613052368
ENSG00000124198.8,ARFGEF2,0.2048393,0.2048393,-0.11470413208007812,False,0.022036305939996163,0.5989537375507745,0.24415617877870474,5.547708701729665,0.9997206866741181,0.014017247594892979,0.02033068798482418,2.155505202627433e-10,0.0,0.0,0.27623519185862866,0.05278247188212504,0.07483500987291336,2.6274073857970293,2.5426427475343845,Pre-B small,9.397336029026248e-06,-0.093253493309021
ENSG00000124226.10,RNF114,0.123659275,0.123659275,-0.09068799018859863,False,0.042991411213113305,0.8678158220992406,0.16440096100501897,5.623669250889345,0.624478990584612,0.017123812809586525,0.04318800941109657,0.07014046488491953,0.0,0.0,0.32755285211417673,0.06786557407031024,0.14131364226341248,2.7999964887575777,2.6156380911222303,Erythroid late,0.006729683824512651,-0.01785874366760254
ENSG00000224397.5,SMIM25,0.14991945,0.29965988,0.2646297812461853,True,0.25002804695160596,1.2123982102627666,0.40236188800522066,3.9418667193144103,0.6212015410512686,0.051805783063173294,0.1269705593585968,0.08321296177229988,0.0,0.0,0.43934499877297556,0.15312454437434475,0.45229488611221313,1.4208452316424904,1.5594634265245815,Monocyte non-classical,3.880877215714859e-07,0.27946925163269043
ENSG00000101132.9,PFDN4,0.7404842,0.7404842,-0.24232053756713867,False,0.04126451230242107,0.3813221189935715,0.17014941706182288,7.671939921365643,1.4096980065107347,0.04810849949717522,0.0459858775138855,0.15953710736182627,0.0,0.0,0.3096426349571764,0.17127648232015957,0.14578531682491302,2.0132369579405553,2.6007511507433403,Erythroid late,0.008971044888902172,-0.20643270015716553
ENSG00000101146.12,RAE1,0.010838927,0.010838927,-0.017430901527404785,False,0.06350576472173623,2.6123921257396767,0.18575480881457487,2.723836661013434,0.46925514191389084,0.009297791868448257,0.03378276154398918,0.0007470933318017299,0.0,0.0,0.4656906187201453,0.07185520057229056,0.09357428550720215,2.650742667664198,1.3908393801116543,Granulocyte precursor,1.016644937374886e-12,-0.016913175582885742
ENSG00000101193.7,GID8,0.009027639,0.009027639,-0.08259832859039307,False,0.03912027756793445,2.113614430545283,0.24396894827743498,9.711577469320192,0.35120636131614447,0.006911699194461107,0.034095391631126404,3.5065154306002548e-12,0.0,0.0,0.2612417216379235,0.020301914746639893,0.1343364268541336,2.520704284465135,2.0755176057333364,,,-0.0037952661514282227
ENSG00000155307.17,SAMSN1,0.1140859,0.28290278,0.295257568359375,True,0.24173063513027385,1.5996577307691917,0.3944677426192598,4.372298857899556,0.5875485089421273,0.05791099742054939,0.13971415162086487,0.22280532540990236,0.0,0.0,0.3283517964949792,0.15614945942123273,0.35066235065460205,0.8352420049939469,1.2927229630417645,,,0.30447936058044434
ENSG00000142192.20,APP,0.05393576,0.07418839,0.29155856370925903,True,0.7575550725707241,7.110866580048406,0.598096284582085,5.706661109121634,0.10305094916373492,0.023058302700519562,0.24277561902999878,0.02439025835422248,0.0,0.0,0.48239330205995445,0.08735159136632921,1.0582658052444458,0.8464524973182692,1.2691367382905991,,,0.2986587882041931
ENSG00000198862.13,LTN1,0.07578171,0.07578171,-0.041384100914001465,False,0.02733281796576744,0.7244549505272724,0.23769267902599672,6.111195792622293,1.4121034625172617,0.015512659214437008,0.019032374024391174,1.3911982289747935e-09,0.0,0.0,0.45182367519129263,0.06793332921099803,0.06711257994174957,6.168437956421448,1.6733783054806586,,,-0.04029262065887451
ENSG00000159086.14,PAXBP1,0.1192242,0.1192242,-0.09144806861877441,False,0.026877000884556846,1.1217315566910786,0.25601975884613243,5.044223221973927,0.9394956856966019,0.009790980257093906,0.015111214481294155,3.4567377771092424e-19,0.0,0.0,0.2780760655896268,0.03539369107583034,0.05407200753688812,3.197998379166349,1.4446863558241076,"Monocyte classical,B naive",0.004076248797712947,-0.09000325202941895
ENSG00000142188.16,TMEM50B,0.18753694,0.18753694,-0.16939353942871094,False,0.029132595289760824,0.8006160211571556,0.199652957457038,7.006797033383747,1.0001531839370728,0.017513291910290718,0.026265915483236313,0.06703396158022246,0.0,0.0,0.25698726165445385,0.06690916996577556,0.09775474667549133,3.163477113577653,2.0406939277123595,Erythroid late,6.966723948139142e-25,-0.16890418529510498
ENSG00000159216.18,RUNX1,0.056210756,0.056210756,-0.057573795318603516,False,0.05889624525844232,1.8573787606754255,0.24979735761380956,4.3843886907258005,0.3422431780149539,0.01111964974552393,0.04112755134701729,0.09482303028369836,0.0,0.0,0.12024780775651706,0.0358407479874856,0.11528106778860092,1.395173083668332,1.706846532663628,"Granulocyte precursor,Monocyte classical",1.9390130515250538e-08,-0.024048328399658203
ENSG00000185658.13,BRWD1,0.20786647,0.20786647,-0.19408690929412842,False,0.041980569111910435,1.0871269626729638,0.27709207498377203,4.944298394280762,0.8683407336473465,0.01615891046822071,0.025122083723545074,0.10409719436486922,0.0,0.0,0.16839968134866462,0.05342369215841725,0.08537231385707855,1.7571522688386194,1.501594393843938,Granulocyte precursor,0.0004109145580298913,-0.1940295696258545
ENSG00000183255.11,PTTG1IP,0.04054614,0.04054614,-0.0723792314529419,False,0.09105294352838197,1.579927107810672,0.32723667581003885,4.860072578775033,0.338195313513279,0.018086502328515053,0.06551233679056168,2.3742097464107286e-14,0.0,0.0,0.3853745628562503,0.05555227916891247,0.19295921921730042,1.8760383181680562,2.183444522432662,Platelet,0.0027545442504233585,0.03524315357208252
ENSG00000160255.17,ITGB2,0.25641128,0.25641128,-0.34403836727142334,False,3.3001704156882834,9.841613251430076,0.37916158604523326,0.6258967768073903,0.6977485215663908,0.13229010999202728,0.323260635137558,0.17591084528420825,0.0,0.0,0.45883353709682373,0.37101642761392384,0.8156533241271973,0.8304887112075483,0.22826657171699907,,,0.13073915243148804
ENSG00000156256.14,USP16,0.17862022,0.17862022,-0.10054135322570801,False,0.09625200753807442,1.8309586041006465,0.22980539175698148,5.5764283273786655,0.5059712648391723,0.024345383048057556,0.06495678424835205,0.12752711567250077,0.0,0.0,0.28133014314498506,0.08110458163751842,0.2227463722229004,1.6764096362745262,1.606600793609053,"Monocyte classical,Monocyte non-classical,Pre-B small,B naive",0.004244598443209361,-0.08563518524169922
ENSG00000156273.15,BACH1,0.114005096,0.114005096,-0.10074841976165771,False,0.07682726535531194,1.7935595492294727,0.26740026426073654,2.9874645901686883,0.7092150494456293,0.016744837164878845,0.04090498387813568,0.05359182701798489,0.0,0.0,0.1262392051408982,0.051499727972945664,0.11852141469717026,1.4405960519683063,1.3620074844438006,Pre-B small,7.31754431844246e-05,-0.08370232582092285
ENSG00000159128.14,IFNGR2,0.450419,1.9920182,0.42797011137008667,True,0.11443543923194031,0.2468518483815435,0.35220548988962336,5.738499320952724,2.5932224591573076,0.1454898566007614,0.06545453518629074,0.1372496286403799,0.0,0.0,0.43094695235864233,0.5499921309339584,0.2115306854248047,2.005945160838915,1.8225130008648238,Monocyte classical,3.0501495512089786e-11,0.4628645181655884
ENSG00000157540.19,DYRK1A,0.19864069,0.19864069,-0.20824038982391357,False,0.0744983092595446,1.4455382426456547,0.44755694178937144,3.746470621553666,0.25345467031002045,0.015406736172735691,0.02872183360159397,0.09760783924964486,0.0,0.0,0.22362357592814153,0.047461084080158145,0.09474462270736694,1.832275939756082,1.1606852144164186,Monocyte classical,0.0002621608934738531,-0.040816545486450195
ENSG00000157601.13,MX1,0.17878456,0.17878456,-0.03897666931152344,False,0.06904505544822212,1.5330660951371096,0.3272148986418877,3.920410285388171,0.5473441205918792,0.016987640410661697,0.036752376705408096,0.11896570418131788,0.0,0.0,0.15991986150307247,0.057537461065833004,0.11591934412717819,1.5368910916641496,1.3406490146028074,,,-0.03243422508239746
ENSG00000160194.17,NDUFV3,0.18477026,0.18477026,-0.07374513149261475,False,0.05075375240369963,1.0702371148338548,0.21404552742263333,5.3812376292080755,0.6024662433564663,0.01919187791645527,0.045155204832553864,0.12156896984778724,0.0,0.0,0.26283914467456504,0.07112391731963809,0.1380845308303833,2.287946577451694,2.198418412967714,"Monocyte classical,Erythroid late",1.2266054305470637e-05,-0.0050432682037353516
ENSG00000160218.12,TRAPPC10,0.30561328,0.30561328,-0.2284855842590332,False,0.027049319323594428,0.6822364855656263,0.23591493309143943,5.698044728686364,1.0861005905270575,0.017050208523869514,0.022252699360251427,0.04770586017650999,0.0,0.0,0.2926739741286546,0.05809273109606571,0.0709410011768341,2.228457674429532,1.960839037060392,"Monocyte classical,Monocyte non-classical",0.0009535785796644551,-0.21738219261169434
ENSG00000160256.12,FAM207A,0.0147146955,0.0147146955,-0.04988265037536621,False,0.11859982902432979,3.4796754808660273,0.16677818335734526,1.8087422388299865,0.4587058424949646,0.013335908763110638,0.04360935091972351,5.986267982435389e-12,0.0,0.0,0.35936961276627666,0.0394780600525273,0.14074012637138367,2.5197476335743865,0.9397628075184044,,,0.0034400224685668945
ENSG00000197381.15,ADARB1,0.03433597,0.03433597,-0.01874542236328125,False,0.16154558322758503,2.5567425477439722,0.3597428500808209,2.8237789795860118,0.14185571148991583,0.011560630984604359,0.042785242199897766,6.388654635200083e-09,0.0,0.0,0.4433629760268156,0.04779371552033673,0.151741161942482,2.0932712112023015,1.1166606197573794,,,-0.016768336296081543
ENSG00000182362.13,YBEY,0.13614862,0.13614862,-0.11471951007843018,False,0.09851158588385905,2.0191444073576195,0.4457823320798528,3.833654150006631,0.17782069310545923,0.014922798611223698,0.03965242952108383,0.11957624762613457,0.0,0.0,0.19879259937991983,0.0489856390495671,0.12063689529895782,2.0222081008295287,1.2436092219148152,Monocyte classical,0.00022380822344519614,-0.055277466773986816
ENSG00000160310.17,PRMT2,0.610046,0.610046,-0.45226359367370605,False,0.02171880806656048,0.2482468654494748,0.15725346309432955,8.40453807119618,2.1496908277273175,0.03367440029978752,0.024672003462910652,0.1833863592189426,0.0,0.0,0.07579632145584435,0.11133575827520746,0.07717137783765793,1.31765799979344,2.8037829817435718,Erythroid late,1.7474810632318254e-12,-0.4417428970336914
ENSG00000131100.12,ATP6V1E1,0.021664407,0.021664407,-0.03122544288635254,False,0.05448791879468575,0.680823830015426,0.29264752925136517,9.028833274586887,0.8957157611846922,0.023621320724487305,0.04153502732515335,5.76523736710771e-05,0.0,0.0,0.3893042812559452,0.09615145087201425,0.14251708984375,4.31455323728819,2.2967668018164407,,,-0.002150297164916992
ENSG00000015475.18,BID,0.009368789,0.009368789,0.011800885200500488,False,0.9494792573948279,21.9838465469208,0.3322759214881605,1.833385845263409,0.027752244751900437,0.012039919383823872,0.25054022669792175,0.0045071931606795596,0.0,0.0,0.47015370089964925,0.050113962905600225,0.6168696880340576,3.2505249337979105,0.8113409646306942,,,0.022666096687316895
ENSG00000184470.20,TXNRD2,0.09739488,0.09739488,-0.007115364074707031,False,0.029785815188984422,0.6476881143254901,0.3381015941728787,8.15810799418135,0.9701801928877833,0.012511583976447582,0.01963438093662262,1.049257547024611e-10,0.0,0.0,0.4102278819380645,0.04778093450066123,0.07747730612754822,3.4406640268472386,2.076788089233225,,,-0.0033839941024780273
ENSG00000100030.14,MAPK1,0.15646797,0.15646797,-0.06900680065155029,False,0.08287846505946696,1.4068714617524989,0.2843646714775688,5.0830789765159,0.36925183832645425,0.020666563883423805,0.05876718834042549,0.15327008684137733,0.0,0.0,0.2837184847409807,0.07016306666031191,0.1730150580406189,1.6102824108783527,1.8190922443941913,Monocyte classical,1.1012711675760995e-07,-0.025381803512573242
ENSG00000128322.6,IGLL1,0.00279699,0.00279699,0.3146386742591858,False,11.896312199684255,140.4113040486948,0.5793087314973343,1.7448380233842795,0.008213288930710404,0.019109060987830162,3.542252779006958,5.837205861409282e-16,0.0,0.0,0.49421678483162146,0.059127211551999174,8.99959945678711,0.4496371749673922,1.1315957997683994,,,0.31500905752182007
ENSG00000128218.7,VPREB3,0.02305862,0.025870219,0.6121422350406647,True,4.117892792506654,20.73295041902012,0.5907680418054491,3.164754217818192,0.03692333947660194,0.04162033274769783,1.494804859161377,0.19142032880585602,0.0,0.0,0.488037991624235,0.1322850442879897,4.386232376098633,0.9330244930117753,1.6323934697875124,,,0.6132282316684723
ENSG00000099958.14,DERL3,0.112498164,0.14934953,0.5368589460849762,True,0.7874412555393385,4.917707693771756,0.6847871630904091,3.701266922979511,0.09545584561924139,0.029186682775616646,0.17377421259880066,0.039113675270075005,0.0,0.0,0.48233905891934103,0.09545973898219985,0.687406063079834,0.8554779843056425,1.1130663208060885,,,0.5409334301948547
ENSG00000138867.16,GUCD1,0.029729765,0.029729765,-0.19506800174713135,False,0.1308311481462004,6.173653469340021,0.4210452203975939,4.087611364359594,0.07388305731117725,0.008407414890825748,0.05376745015382767,0.09298613342570322,0.0,0.0,0.09304978035258388,0.02092018139089946,0.18253301084041595,1.4677370272768089,1.0358925665533656,,,0.03420138359069824
ENSG00000180957.17,PITPNB,0.05604931,0.05604931,-0.04963696002960205,False,0.07237665030264351,1.7575133083696761,0.4334656812147619,4.086434216313341,0.20140393763780595,0.01241206657141447,0.028656892478466034,3.40852245858075e-17,0.0,0.0,0.061677222873496425,0.04030217411489722,0.08881869167089462,1.2982577409219915,1.2530190076184655,Monocyte classical,1.2060893688696253e-05,-0.024147987365722656
ENSG00000100219.16,XBP1,0.043554198,0.10415784,0.04801809787750244,True,0.35861503254339566,3.558420525066646,0.2859733328663441,3.9497521114585474,0.25627422854304316,0.03192833811044693,0.17660152912139893,0.043062547575178446,0.0,0.0,0.4904062097249861,0.14469990915706893,0.659211277961731,3.8429197701363655,1.5543930677975653,Plasmacytoid DC,1.6069337002674751e-07,0.05284851789474487
ENSG00000100280.16,AP1B1,0.08231098,0.08231098,-0.106894850730896,False,0.04696241892101935,1.2414475847034003,0.26551637197716915,6.308043445036092,0.5084697276353836,0.014778723008930683,0.03560474514961243,0.046175235916941046,0.0,0.0,0.10807546622772729,0.047412010003778704,0.12705092132091522,1.7072406306594086,1.8482184912619088,Pre-B small,1.257733565779354e-05,-0.048709988594055176
ENSG00000100325.14,ASCC2,0.79781455,0.79781455,-0.37572741508483887,False,0.023549834328176245,0.3168917323713246,0.20293789444974827,5.14405388676535,3.0111086806654934,0.030540477484464645,0.015442111529409885,0.12236973164219181,0.0,0.0,0.09801030538201538,0.10186603084297284,0.05412132292985916,1.1523973747201721,1.557594871556982,"HSPC,Erythroid late",3.862219898458553e-05,-0.37525177001953125
ENSG00000100345.20,MYH9,0.028785437,0.028785437,-0.057064056396484375,False,0.46860749178263417,6.9646033588516625,0.45443025911598633,2.549149927201213,0.05654611855745316,0.015386664308607578,0.12857113778591156,0.07628009617010009,0.0,0.0,0.4638624452149388,0.06231147951811522,0.3384232521057129,2.1069559391498154,1.0283852659933561,Monocyte non-classical,1.039627211242269e-16,-0.04260540008544922
ENSG00000100060.17,MFNG,0.550921,0.550921,-0.30362045764923096,False,0.051347085404168345,0.4781212132920405,0.2163342021540503,6.506197064317433,1.430040685335795,0.031317029148340225,0.028104225173592567,0.08783853442985115,0.0,0.0,0.4254828899336082,0.1085157888455619,0.11727063357830048,1.779212882240575,1.876951634465724,"Erythroid early,Platelet",0.0029016749232661653,-0.302104115486145
ENSG00000100079.6,LGALS2,0.0104486225,0.018621242,0.23920142650604248,True,3.327661716976119,42.44053176688411,0.8284161471220235,2.0087005763153014,0.014154572566039861,0.021894581615924835,0.730872631072998,0.12847749033437444,0.0,0.0,0.47779276987629765,0.07315719439798851,1.6918442249298096,1.3573786591611214,0.7678189146246488,,,0.28644341230392456
ENSG00000100201.20,DDX17,0.19726588,0.19726588,-0.3248366117477417,False,0.08283735045762722,1.5312696773122008,0.20630388697276597,7.964696030567338,0.43787163421511655,0.024661166593432426,0.08870484679937363,0.1581548722760495,0.0,0.0,0.34448775528109554,0.08040285061466079,0.3005690574645996,2.0351292668096357,2.4370821464231374,"Plasmacytoid DC,Pre-B small,B naive",0.00023318271846340313,-0.008548378944396973
ENSG00000100221.10,JOSD1,0.100289054,0.100289054,-0.1417684555053711,False,0.028656071041751024,1.3996037774277268,0.24216865928232556,4.938755319025302,0.6909470111131668,0.009975914843380451,0.021657047793269157,0.01980089163963656,0.0,0.0,0.17730334974119089,0.033378065704825044,0.08373372256755829,2.714840772994592,1.6897358405264151,,,-0.09790289402008057
ENSG00000100316.15,RPL3,0.0016948353,0.0016948353,-0.4285465478897095,False,9.023397620363264,161.30165556083026,0.16306526825922474,3.1849156720061456,0.002024671646067873,0.015993349254131317,3.732386827468872,0.03638694733121688,0.0,0.0,0.4992076152648112,0.06781991529983777,12.760091781616211,2.1308076917981307,1.3090091579738743,Monocyte classical,1.1320046221289858e-19,-0.03149068355560303
ENSG00000187051.8,RPS19BP1,0.007497779,0.007497779,-0.17109429836273193,False,0.11743525651904475,4.46052112984992,0.2047186769741266,4.845756438703575,0.0690551183000207,0.01148766279220581,0.07860273122787476,2.762444968886946e-11,0.0,0.0,0.36886194704209474,0.02854934793677444,0.2490338683128357,1.7104338596852133,1.5339823077469008,,,0.000532984733581543
ENSG00000100227.17,POLDIP3,0.09700912,0.09700912,-0.17574834823608398,False,0.028539779142153877,1.0338811823893117,0.2075127412815195,4.760289931810398,0.47892396159470074,0.010550817474722862,0.02608749456703663,0.06120531201772896,0.0,0.0,0.10647573896236384,0.0292495458695865,0.0899256095290184,1.3781322592683187,2.3915289992399384,Pre-B small,0.008276891230812659,-0.05170106887817383
ENSG00000242247.10,ARFGAP3,0.11278794,0.11278794,-0.12406730651855469,False,0.029585979033870467,1.113605715294296,0.18289745336473576,5.563598881530484,0.6793765231966973,0.01348470151424408,0.030765395611524582,0.0722261625641493,0.0,0.0,0.2620994968529573,0.046247618459426924,0.09773257374763489,3.14244262171319,2.231860913066629,,,-0.022180557250976562
ENSG00000025708.13,TYMP,0.014327658,0.029138703,0.0517238974571228,True,3.0761281061766983,23.770333204790592,0.7362697010953441,2.1239060992265335,0.02119281982071698,0.030005350708961487,0.6689779162406921,0.1442815490213577,0.0,0.0,0.49334794138485205,0.11114872267447319,1.4980452060699463,1.5140389769761373,0.8709497489538228,Granulocyte precursor,0.0005727048430721219,0.177789568901062
ENSG00000177989.13,ODF3B,0.5894213,1.1944965,0.4433721899986267,True,0.11444223280999656,0.3945348628935143,0.42005381863610275,6.304483536505324,1.8828898677229882,0.1054638996720314,0.0754757896065712,0.25603531588342143,0.0,0.0,0.15848363504866864,0.2860192869902142,0.19634562730789185,0.7405263852575099,1.641167064403284,Monocyte classical,6.181549875377006e-09,0.44461750984191895
ENSG00000099917.17,MED15,0.047674883,0.047674883,-0.05359029769897461,False,0.05346131300904818,1.3594688118168354,0.4117418502228269,3.785264103794307,0.2475818274915219,0.010447910986840725,0.019939418882131577,3.360070706264935e-20,0.0,0.0,0.21429074276468124,0.03729747971811381,0.06856338679790497,2.3899942094011544,1.2634448813380654,Granulocyte precursor,3.542526499984456e-05,-0.04338407516479492
ENSG00000169575.4,VPREB1,0.020284534,0.018784564,0.561599999666214,True,5.190726970305596,26.315709275205215,0.6456046430679633,3.792246885631807,0.03839791286736727,0.05553523078560829,2.0971474647521973,0.13502834841693656,0.0,0.0,0.4924218981942818,0.1402335379802722,4.925942420959473,0.3992331384220432,1.4349782424804831,,,0.5627135038375854
ENSG00000272779.1,AC245060.4,0.38713124,0.38713124,-0.11741948127746582,False,0.03871406489236917,0.7375543876331725,0.24944196326659648,6.578356263872109,1.141222947736581,0.021804172545671463,0.02862711250782013,0.09220104834136783,0.0,0.0,0.26253003855180657,0.07595144184517721,0.09752201288938522,1.8533971292603337,1.846851577004956,Monocyte classical,0.00021670923933690914,-0.1015779972076416
ENSG00000211662.2,IGLV3-21,0.03519948,0.03519948,-0.007951140403747559,False,0.3936219692457866,12.659081741388299,0.6868677196118513,20.11378634269116,0.054971516132354736,0.008156983181834221,0.22257845103740692,2.176340167470551e-07,0.0,0.0,0.4386227276439778,0.01805096043309362,0.6284414529800415,0.5447175448180525,2.1555164955698123,,,-0.007938027381896973
ENSG00000100058.12,CRYBB2P1,0.5392509,0.5392509,-0.3465564250946045,False,0.017328007110635948,0.28241701859532475,0.20665636160863657,6.069358069270353,2.7680589258670807,0.019666094332933426,0.011722675524652004,0.027736294479602193,0.0,0.0,0.191646468909563,0.06234711961285999,0.03834998607635498,1.2813645708182826,2.1106573228683847,,,-0.34568798542022705
ENSG00000100077.14,GRK3,0.10686459,0.10686459,-0.1288517713546753,False,0.21972832976989343,4.022029114456395,0.673445181874904,1.8320137342401157,0.15561167657375335,0.015426685102283955,0.046841658651828766,0.08043577254382561,0.0,0.0,0.23463301666566194,0.04718332482294584,0.13582953810691833,1.376557565352073,0.6470944014871388,,,-0.015117168426513672
ENSG00000128245.14,YWHAH,0.0050361515,0.015918052,0.05408275127410889,True,0.38669537205347526,12.225194633502538,0.3530140624096951,4.926442501960354,0.039500207174569354,0.009625895880162716,0.21323075890541077,0.0,0.0,0.0,0.4970743321487653,0.044214183861232444,3.931011915206909,0.0001448015685809878,1.5531239486688138,Platelet,0.0,0.19816982746124268
ENSG00000100281.13,HMGXB4,0.053886864,0.053886864,-0.07352590560913086,False,0.08536533194161881,2.6152294541654517,0.2250516967371654,4.331164220000464,0.2361862400919199,0.01187603548169136,0.05103674158453941,1.2695742487321335e-15,0.0,0.0,0.3444332809615338,0.04629411401513339,0.15311431884765625,1.7755455905239392,1.5649928856059436,Erythroid late,2.1736538421115474e-15,-0.009616374969482422
ENSG00000100284.20,TOM1,0.0789855,0.3002678,0.09007924795150757,True,0.14578047361610927,1.588816370360073,0.34073314167610996,4.045832572743404,0.6509116977453232,0.035335808992385864,0.07328696548938751,0.1879532397526867,0.0,0.0,0.2491493310456851,0.09998839947979299,0.2161257565021515,1.0895761575720968,1.3053830430828948,Monocyte classical,0.00021446884386900478,0.09496086835861206
ENSG00000100097.11,LGALS1,0.05764561,0.081526175,0.30787378549575806,True,11.260209372057437,7.998120954104084,0.597985833363765,3.476328201026825,0.15285261288285257,0.38658586144447327,4.381737232208252,0.13368065210764724,0.0,0.0,0.4989438359196163,1.4984348969146593,11.096256256103516,1.74627209727265,1.0932213917868379,,,0.4097985029220581
ENSG00000100354.20,TNRC6B,0.032131705,0.032131705,-0.09110558032989502,False,0.5890978165568154,11.679814314080916,0.6694380698076514,3.5208354196684883,0.03635758945718408,0.014450090005993843,0.1877920776605606,0.16741513371447667,0.0,0.0,0.3690611884915813,0.042629463875714535,0.5302191972732544,1.1326513138202838,0.9894915595004227,Pre-B small,0.0031221061714197425,0.059204816818237305
ENSG00000100393.12,EP300,0.34761804,0.34761804,-0.21480214595794678,False,0.052667527245636815,0.8921801515595436,0.2689428724092316,6.524002639226843,0.7638025137782098,0.021362539380788803,0.03768778219819069,0.13890831973314308,0.0,0.0,0.2187262668031984,0.07297319198918119,0.12177596241235733,1.7602635593042373,1.9774027613500542,Monocyte classical,1.9980819866160218e-27,-0.17741060256958008
ENSG00000198911.11,SREBF2,0.094153166,0.094153166,-0.06653439998626709,False,0.03908786208403167,1.387302021956985,0.27147184653815526,4.174807412934593,0.6619392886757851,0.010446415282785892,0.01933237537741661,0.003742908772191016,0.0,0.0,0.2568393049404665,0.03633169129745272,0.0633057951927185,1.5830911943494042,1.3339726051643723,B naive,0.0016309737002002107,-0.06144440174102783
ENSG00000100300.17,TSPO,0.001322846,0.001322846,-0.06989586353302002,False,2.3426441430588265,60.21351748442978,0.5546674927299212,4.885614956830563,0.006038451315835119,0.010209902189671993,0.7862288355827332,0.08428173128732748,0.0,0.0,0.4724955900013046,0.02859065303119168,2.0232906341552734,0.7299632958093194,1.205148098109395,,,-0.0070160627365112305
ENSG00000093000.18,NUP50,0.05256637,0.05256637,-0.02348804473876953,False,0.07561303362959136,1.7370331777787447,0.2773734829969961,2.869689801522905,0.19034372515976428,0.01231303345412016,0.030565274879336357,4.0982745461558344e-17,0.0,0.0,0.4421087857469047,0.06321001530425008,0.09478965401649475,4.314876697096935,1.4290753538023535,Monocyte classical,5.219683696332075e-13,-0.019393444061279297
ENSG00000170638.9,TRABD,0.11070182,0.11070182,0.004734456539154053,False,0.3263603532703071,2.1891839407006533,0.2677692533756682,6.078906933294708,0.26600088223814966,0.03684245049953461,0.18663547933101654,0.183379312909565,0.0,0.0,0.4869004453086684,0.11460896765805018,0.6187282800674438,1.0807371735537679,1.8842574756244546,,,0.01687943935394287
ENSG00000073169.13,SELENOO,0.29187068,0.29187068,-0.20110619068145752,False,0.02881246764598403,0.5301751243642684,0.2332546323186838,6.261053308273951,1.2878474383056164,0.01918753981590271,0.021119223907589912,0.09376577297848221,0.0,0.0,0.24309698337493246,0.06342370254126983,0.06941892951726913,1.872953783382504,1.977197172647998,"Granulocyte precursor,Monocyte classical",0.00013866397949861112,-0.19835543632507324
ENSG00000100239.15,PPP6R2,0.15275036,0.15275036,-0.1318051815032959,False,0.0355168521517815,1.1097738951837595,0.2489023929076436,4.676078319365949,0.7632894158363341,0.014513686299324036,0.02994808368384838,0.04664280741930998,0.0,0.0,0.19568467773708342,0.048584405946151314,0.10572084784507751,2.743262667855145,1.9290563383796602,Pre-B small,3.1762431479908254e-06,-0.051236629486083984
ENSG00000113851.14,CRBN,0.5657358,0.5657358,-0.3896782398223877,False,0.022960674995276185,0.5016967587047166,0.2076684120417499,7.891621367397941,1.179363951086998,0.017944741994142532,0.020541073754429817,0.13804045991474728,0.0,0.0,0.1394862048360785,0.06507703457891977,0.07045760750770569,1.6418175108095965,2.395708184853156,Platelet,3.7567150661909354e-06,-0.3195151090621948
ENSG00000206573.8,THUMPD3-AS1,0.305916,0.305916,-0.2862817049026489,False,0.04549144885062635,0.6634365756060813,0.25032442403333277,3.6863948441940355,2.2631005167961122,0.027125278487801552,0.0197767224162817,0.0011520887333022621,0.0,0.0,0.29176512146061984,0.09303031079886102,0.06499636173248291,1.512088916605847,1.098956966845399,Pre-B small,4.9180229186323145e-05,-0.28623735904693604
ENSG00000134072.10,CAMK1,0.018192563,0.042972486,0.06429523229598999,True,0.3140668103617084,5.122231647512398,0.4824072271761703,2.8577875580069985,0.1173724841326475,0.013758686371147633,0.12308353930711746,5.156960127927295e-09,0.0,0.0,0.3345321749392717,0.05040598521681261,0.3117954730987549,0.6646641383166452,1.4221342743571572,Monocyte classical,0.0006921585665040119,0.07209563255310059
ENSG00000125037.12,EMC3,0.046256788,0.046256788,-0.03605937957763672,False,0.062162610132832204,1.8297432563455813,0.18624377033484762,4.688941768873125,0.5129239663481713,0.014948949217796326,0.04590269923210144,1.3289077748896632e-06,0.0,0.0,0.4819679870545628,0.08855155754681478,0.1755894124507904,15.254385681660755,1.741107220904136,Platelet,6.968783014051516e-14,-0.034004807472229004
ENSG00000088726.15,TMEM40,0.00024266334,0.00024266334,0.1341085433959961,False,157.39338722959752,23222.85476524069,19.81881585987666,0.23870983321804842,0.00040903868143990014,0.0008380780927836895,2.4262354373931885,0.009995596718575472,0.0,0.0,0.4952713385817497,0.005817397094231903,5.529723644256592,0.5894579486305265,0.11872537581921352,,,0.1341085433959961
ENSG00000131370.15,SH3BP5,0.029989285,0.029989285,-0.056792378425598145,False,0.2924703225333513,4.4248664808363705,0.4841381593063422,2.411243218701941,0.10322926104068755,0.01868431083858013,0.0855216532945633,0.051242063047858596,0.0,0.0,0.2609881509241553,0.05615883278724711,0.22591547667980194,1.706417348538631,0.9309820707797458,,,-0.020202159881591797
ENSG00000131374.14,TBC1D5,0.14356253,0.14356253,-0.07856225967407227,False,0.027996702004285546,0.9307695054480499,0.25253034649436185,6.474131232454138,0.9718580901622772,0.014703025110065937,0.021936727687716484,0.09568839044207442,0.0,0.0,0.21146439106594223,0.04895541287814176,0.08116583526134491,2.5865938056125763,1.7462257919724737,Monocyte classical,4.4643137966701405e-06,-0.07822239398956299
ENSG00000182568.16,SATB1,0.082973376,0.082973376,-0.12029111385345459,False,0.1761121503438412,3.5622163555824207,0.3336182344856112,2.906783665949187,0.2701424140483141,0.013075504451990128,0.047958578914403915,1.767875456708045e-19,0.0,0.0,0.3610831016420571,0.03764976089206674,0.16846047341823578,2.359737969753431,0.9622577398900721,,,-0.004049897193908691
ENSG00000077097.15,TOP2B,0.086353354,0.17011762,0.4426293969154358,True,1.0029643050853314,5.178061025658218,0.9354482284257217,5.21724162927928,0.08908377729356287,0.030636126175522804,0.15991462767124176,0.020569303110278627,0.0,0.0,0.4888494883486912,0.13916027567749456,0.6005663871765137,1.3165686495466074,0.9267665289574049,,,0.475671648979187
ENSG00000033867.16,SLC4A7,0.21398489,0.21398489,-0.1461799144744873,False,0.04192650762629536,1.1538955519350667,0.3245173436335909,4.392180622083002,0.7087166759868464,0.014025425538420677,0.025050703436136246,0.03147814128241557,0.0,0.0,0.23304000084378007,0.044443309666819086,0.09660652279853821,2.6736948250759136,1.5478802731642496,Monocyte non-classical,0.004990712338689091,-0.06818842887878418
ENSG00000163539.16,CLASP2,0.48059162,0.48059162,-0.5168248414993286,False,0.032569717311574806,0.5572551289603443,0.2711709149806966,5.610806501997233,1.523474271297455,0.020712731406092644,0.019271934404969215,0.11860414947284635,0.0,0.0,0.2593155286491551,0.06862851207354481,0.06737247854471207,1.8169417625593,1.6696823530397422,"Monocyte classical,Pre-B small",0.00782118183191496,-0.516304612159729
ENSG00000060971.17,ACAA1,1.7715346,1.7715346,-0.7873673439025879,False,0.018319560227756236,0.14582705517491773,0.18899399301951292,6.7542352870418805,4.925567382574082,0.048293743282556534,0.01544241327792406,0.15558427228504232,0.0,0.0,0.1506061322156701,0.15609617739432838,0.05071096122264862,1.310120431833514,2.140527198698425,B naive,0.002341989401829126,-0.7863249778747559
ENSG00000181555.20,SETD2,0.08296406,0.08296406,-0.1397005319595337,False,0.04743162931442364,2.2168046652203968,0.26736112845428334,4.500281651917736,0.6057141966372728,0.011381284333765507,0.032553430646657944,0.10381647808008634,0.0,0.0,0.03790547638199726,0.03303781187500476,0.10757248103618622,1.75095209787995,1.3386472697979128,Monocyte classical,0.001299072368530004,-0.026914238929748535
ENSG00000010256.10,UQCRC1,0.06303178,0.06303178,-0.5600324869155884,False,0.26430138355845517,4.139602725263677,0.2661291375363507,2.77907079191563,0.09014888014644384,0.015609683468937874,0.09999672323465347,0.08752692528300658,0.0,0.0,0.42828788081736174,0.05328619684616953,0.30159425735473633,1.86642289147383,1.4738174698696267,Monocyte classical,2.7423979053247466e-06,0.01710343360900879
ENSG00000198218.10,QRICH1,0.098312914,0.098312914,-0.09852206707000732,False,0.022745780140946945,0.6460612676920406,0.22018819367538672,6.042809565358803,0.8229925075173379,0.0140620656311512,0.020233269780874252,0.110697087115349,0.0,0.0,0.24788273032054314,0.0486046968941789,0.06296441704034805,2.0794686426277584,2.227118024744855,,,-0.09585368633270264
ENSG00000114316.12,USP4,0.11881233,0.11881233,-0.1209414005279541,False,0.022110452827678432,0.8009371217746485,0.20716419939807612,5.061385791887808,0.9635039407014846,0.012117684818804264,0.020143656060099602,0.09685884755030387,0.0,0.0,0.10660878420336894,0.03652768785832939,0.06502772867679596,1.9519430258948227,2.0754880135031413,Monocyte classical,0.003229189959046842,-0.08349573612213135
ENSG00000233276.3,GPX1,0.006497499,0.006497499,-0.37226223945617676,False,3.5130790641974117,51.132793942171446,0.4355675829483545,3.544084648076396,0.0071258465247228744,0.017186418175697327,1.392838954925537,0.0008531730527992159,0.0,0.0,0.4998236892237685,0.10100171193432318,20.841720581054688,18.169516822560183,1.5094776341295915,Platelet,0.0004911524626045465,0.21293896436691284
ENSG00000114383.9,TUSC2,0.20057078,0.20057078,-0.05015969276428223,False,0.024484317900631415,0.45962384763039393,0.23720220589172117,4.488436328009532,2.131139430999756,0.018900766968727112,0.015121397562325,1.0098396450426845e-05,0.0,0.0,0.4730682973386154,0.10510925624708989,0.05269520729780197,8.105632046094145,1.8059181592975884,Erythroid late,0.0030457096174673474,-0.04987692832946777
ENSG00000068028.17,RASSF1,0.021124467,0.021124467,-0.10851156711578369,False,0.10857764277654347,3.145825387138963,0.2380562650776993,3.0815501474267952,0.2819953857858975,0.010523290373384953,0.05976978316903114,8.912367902502565e-14,0.0,0.0,0.4149975885736751,0.02528048851332531,0.21740460395812988,2.3459414536700955,1.6598876067658874,Pre-B small,0.008233194691720848,0.0028568506240844727
ENSG00000163939.18,PBRM1,0.1481867,0.1481867,-0.12007319927215576,False,0.09101960377887769,2.4007647326752046,0.2501699655221585,5.0679326004759435,0.42527296294768646,0.015275334939360619,0.046095915138721466,0.053621728557103863,0.0,0.0,0.25461944747786835,0.05217267074285736,0.15444016456604004,1.7719803856444427,1.3858004386772413,Monocyte classical,9.88162675585911e-16,-0.03239250183105469
ENSG00000272886.5,DCP1A,0.11541777,0.11541777,-0.1064448356628418,False,0.038223303948089246,1.285363842449616,0.2549170033029457,5.155414847629573,0.7820942088961601,0.01430900301784277,0.030187994241714478,0.10262926098477745,0.0,0.0,0.271282308861411,0.048679875109141506,0.09885212779045105,2.566931838247341,1.788035729469371,Monocyte classical,9.882099616164271e-07,-0.08948338031768799
ENSG00000163946.13,FAM208A,0.093948185,0.093948185,-0.1497882604598999,False,0.03358430339738434,1.0882071081031215,0.22851790357818874,4.097917331321479,0.6434304173290728,0.012567304074764252,0.029737045988440514,0.0325474706915865,0.0,0.0,0.14117110086366436,0.038855331542815286,0.10399028658866882,1.336442116889518,2.174423708176959,"Monocyte classical,Pre-B small,B naive",0.0051828070084286365,-0.03699517250061035
ENSG00000163687.13,DNASE1L3,0.06393314,0.09901471,0.41893333196640015,True,0.30924682101319956,6.120642948487308,0.41650854635507284,2.878047819413713,0.294404698908329,0.0240264143794775,0.12649574875831604,4.256961047526081e-21,0.0,0.0,0.21426173339172488,0.06246817562733664,0.33070993423461914,0.7109044763262172,0.8601811326064863,,,0.42322415113449097
ENSG00000144747.15,TMF1,0.15697953,0.15697953,-0.13393521308898926,False,0.06082808164709648,1.5264502495302796,0.2872424637750432,4.980037466174277,0.4039054915308953,0.01556360349059105,0.04045942425727844,0.14580653638811036,0.0,0.0,0.24161663157465962,0.05285487635496855,0.1352296769618988,1.9914600648883942,1.7030479933801435,"Monocyte classical,Pre-B small",1.4326874751167452e-07,-0.08780384063720703
ENSG00000114541.14,FRMD4B,0.04148206,0.04148206,-0.06406617164611816,False,0.039533313469848286,1.004905147827839,0.34004598571454675,3.8069503316525433,0.6821520225207011,0.011660122312605381,0.021637070924043655,0.018233516113656718,0.0,0.0,0.2502896851789259,0.03341540565987344,0.0752917230129242,1.4911758650546123,1.7586563571496954,Monocyte non-classical,0.004838289277359685,-0.06397902965545654
ENSG00000114861.18,FOXP1,0.050519995,0.13803424,0.29241180419921875,True,0.4585168591707112,2.7566953422028138,0.3332745658489536,6.511027720642524,0.23123226374387743,0.05210469663143158,0.303638756275177,0.2311805402898775,0.0,0.0,0.43469530929066136,0.1395794511253854,0.8707985877990723,0.8936777528117837,1.8119440833165261,,,0.2948892116546631
ENSG00000163320.10,CGGBP1,0.04710045,0.04710045,-0.20514249801635742,False,0.09439776131863253,2.559318983091032,0.3461385638550334,5.141262414011116,0.13480936937034138,0.012195722199976444,0.04274538904428482,0.09212626485602507,0.0,0.0,0.14062809923374714,0.03682963092215363,0.15512707829475403,1.799901198834943,1.2483101656938906,Pre-B small,0.0057552260174430795,-0.014991044998168945
ENSG00000138468.15,SENP7,0.15407199,0.15407199,-0.13142430782318115,False,0.03301536714762946,0.9465569310200842,0.2702101046867843,6.368814037080255,0.7998474538326263,0.014106418937444687,0.020575784146785736,0.05370944832454427,0.0,0.0,0.2590583010312095,0.048712418182820016,0.07169463485479355,2.0221606246509385,1.6989143634121762,Monocyte non-classical,2.0106206644036907e-06,-0.12624835968017578
ENSG00000114446.4,IFT57,0.08335087,0.08335087,-0.032042622566223145,False,0.33087004894119526,5.394552554084003,0.5153521415296224,3.0976374165950697,0.0732261648774147,0.01782817579805851,0.11503829061985016,0.10579277458548705,0.0,0.0,0.39173130156419056,0.06160512230366777,0.3179706335067749,2.1676225858405918,1.1303472819471077,Granulocyte precursor,3.4291769486682403e-06,0.05861407518386841
ENSG00000163617.10,CCDC191,0.07548408,0.10509844,0.7160671055316925,True,2.0185605685743915,10.128136083502287,0.9013771948486079,2.775455748987387,0.051347470935434104,0.05528382584452629,0.5087223649024963,0.25300455500012126,0.0,0.0,0.4533884280748696,0.13945140724541893,1.0796680450439453,0.4315285901832757,0.8652944659296182,,,0.7160740792751312
ENSG00000181722.16,ZBTB20,0.08355304,0.08355304,-0.0763922929763794,False,0.17985100143122626,3.6844576713217356,0.41235786591469736,2.636328380258985,0.11029156230390075,0.01627391390502453,0.06971906125545502,0.12043333568041593,0.0,0.0,0.31886348457076785,0.05072532707264088,0.1724143624305725,1.9825380090980644,1.1627488993470823,"Granulocyte precursor,Monocyte classical",0.0010600666860632547,-0.044671058654785156
ENSG00000138495.6,COX17,0.027101154,0.027101154,-0.08812296390533447,False,0.13518981333773483,4.315156478572601,0.23150471322221958,4.771626109898748,0.06803868748247621,0.012037757784128189,0.08359715342521667,0.10132126507661755,0.0,0.0,0.35771839269238903,0.042070031657162055,0.2606273293495178,2.1391514251524377,1.6093456182320294,,,-0.014016866683959961
ENSG00000144840.8,RABL3,0.4056158,0.4056158,-0.314373254776001,False,0.019553875686479875,0.5012464616385347,0.242855895633951,6.256782955320131,2.100625888109207,0.016963275149464607,0.012658100575208664,0.07681621698925822,0.0,0.0,0.27410914533044095,0.05453691533224437,0.04735187441110611,1.7533684816871749,1.7002533742194408,"Granulocyte precursor,Pre-B small",0.0006300486546301754,-0.30351758003234863
ENSG00000173230.15,GOLGB1,0.104427285,0.104427285,-0.08483052253723145,False,0.06792954358178965,2.2494480548115536,0.27464660208371156,4.139393711964176,0.6391459005326035,0.01309602428227663,0.0301713515073061,0.03728711818876462,0.0,0.0,0.16560159614607356,0.04259784200642969,0.10283894091844559,1.6013969597088955,1.1418788826525588,"Granulocyte precursor,Platelet",7.924198371441671e-10,-0.0640709400177002
ENSG00000160124.9,CCDC58,0.19069624,0.19069624,-0.004921078681945801,False,0.027266201309747037,0.941093625865738,0.1927258405408843,4.28397435053366,0.8775817456841466,0.014200135134160519,0.019659893587231636,0.00012245656022380792,0.0,0.0,0.4587743266078865,0.09468149771307743,0.06779343634843826,26.740335236848818,1.780700040751155,,,-0.004922270774841309
ENSG00000163848.19,ZNF148,0.09594359,0.09594359,-0.1734323501586914,False,0.06725395861420633,1.820540453401262,0.37993896233947533,3.754543617529393,0.1731543474644423,0.010042760521173477,0.027404477819800377,0.09297727731667689,0.0,0.0,0.11996041806150776,0.033733816127916816,0.09016504883766174,1.848229734892635,1.3329363039297837,"Monocyte classical,B naive",0.0012567072463796482,-0.08534598350524902
ENSG00000114544.16,SLC41A3,0.16896261,0.16896261,-0.20329654216766357,False,0.015822487582720098,0.408134712607729,0.2168684736881092,7.396713244783377,1.3289227473735812,0.011923111043870449,0.013659888878464699,1.8069937523245925e-18,0.0,0.0,0.40102796702286714,0.03865294275821185,0.0642906203866005,1.804946586301721,2.4662160279165883,Monocyte non-classical,3.52829000173561e-97,-0.20328962802886963
ENSG00000163902.11,RPN1,0.011033148,0.011033148,-0.07094061374664307,False,0.07138604584299565,3.1620962837294484,0.20659856431685153,4.167140044108319,0.21653888717293737,0.008094802498817444,0.056011706590652466,2.47790696362315e-20,0.0,0.0,0.23418752061083614,0.024950007200655655,0.19812148809432983,1.7814582872386877,2.0243542822865077,Granulocyte precursor,0.0002490339706677672,-0.021744489669799805
ENSG00000251474.6,RPL32P3,0.09417185,0.09417185,-0.13621723651885986,False,0.020313756703943753,0.5996914974111254,0.26428901666449567,4.835980894668974,0.7518000267446043,0.008424096740782261,0.014183960855007172,0.005511987703810606,0.0,0.0,0.23899455467479191,0.026515885809641475,0.04861311614513397,1.3856608324828599,2.28624689479559,"Monocyte classical,B naive",0.0062004880566251565,-0.09589898586273193
ENSG00000129071.9,MBD4,0.09126961,0.09126961,-0.1320044994354248,False,0.068200811249113,1.6688001343184546,0.26839555618628236,3.794723982463919,0.2365055669099092,0.011893444694578648,0.039601974189281464,0.024421721201331542,0.0,0.0,0.13421303521256234,0.039870450012009055,0.1306416392326355,1.3128380732123948,1.7102440742958611,Pre-B small,0.0012208589026978744,0.015089213848114014
ENSG00000004399.12,PLXND1,0.10424918,0.10424918,-0.06669008731842041,False,0.03631893775750409,1.0044373845718162,0.28111143378888503,4.335524725932271,0.5913717418909072,0.013018262572586536,0.026966746896505356,0.09933224195556879,0.0,0.0,0.12509891524142824,0.03832568249593749,0.08780670166015625,1.3943471898353899,1.8560733902220186,Monocyte classical,0.00010244009265101425,-0.053899526596069336
ENSG00000118007.12,STAG1,0.30275443,0.30275443,-0.1282559633255005,False,0.032390930416578735,0.7146064128898223,0.2920789337116569,5.61897956960267,0.9455126817524433,0.017617184668779373,0.02510717883706093,0.13785929794448076,0.0,0.0,0.2102296610399575,0.054509438179799904,0.0784619152545929,1.9076605963584996,1.9943184848597464,"Granulocyte precursor,B naive",0.0032943892362179263,-0.08700227737426758
ENSG00000051382.8,PIK3CB,0.07616129,0.07616129,-0.10313022136688232,False,0.02385244889475576,0.781673636982587,0.23352480991992217,4.4212752455457265,0.860100444406271,0.011686158366501331,0.018800968304276466,8.245389055438838e-29,0.0,0.0,0.3005014941764059,0.03962074473717881,0.07127970457077026,1.9266878640652871,2.0247120603368463,Monocyte classical,1.5927073564314817e-08,-0.10313177108764648
ENSG00000114126.17,TFDP2,0.021431072,0.051887546,0.1702898144721985,True,0.4203455501888134,5.715115868100993,0.34165191056482175,3.5059620192139107,0.0811762545257807,0.013622477650642395,0.17620426416397095,0.14205191253296712,0.0,0.0,0.4719423758727943,0.04859920897725134,0.4863312244415283,0.9620175198392148,1.9399407268669717,,,0.17518609762191772
ENSG00000114127.10,XRN1,0.20270574,0.20270574,-0.11264276504516602,False,0.030819595907648264,0.7377185225185682,0.21502456883099683,5.116119518699953,1.1777870160341264,0.018688546493649483,0.027490459382534027,0.07626364741218342,0.0,0.0,0.35107252996030186,0.06902349700562027,0.09177984297275543,3.6618207320607925,2.068730335873068,Monocyte classical,5.2432730117157856e-05,-0.072304368019104
ENSG00000175054.14,ATR,0.0979901,0.0979901,-0.08733999729156494,False,0.018749147648693353,0.6157008722212154,0.2815297803200535,6.82079285276788,1.1652235651016236,0.011446060612797737,0.013924187049269676,5.601965788430236e-18,0.0,0.0,0.30286529886244334,0.04485902653179608,0.052356645464897156,2.041480083715673,1.8817187865031855,Monocyte classical,9.857935768155224e-07,-0.08722531795501709
ENSG00000188313.12,PLSCR1,0.04357883,0.082829535,0.11140638589859009,True,0.3308554720962962,4.470453912339621,0.3195850925996672,4.207478480846265,0.1660425160080194,0.027946103364229202,0.20617596805095673,0.16305598033792137,0.0,0.0,0.44153408638655045,0.08943830791293017,0.5255842208862305,1.1975670667775884,1.4852776975167228,,,0.16096854209899902
ENSG00000181788.3,SIAH2,0.20548803,0.4009549,0.19403082132339478,True,0.12434953542327126,0.7901320023261788,0.28310013966405473,5.815590605234717,0.6142525684833526,0.03838546574115753,0.05905431509017944,5.221727125149539e-24,0.0,0.0,0.4925347557170184,0.16239206298471487,0.3675084412097931,5.0108319587584,1.7423379289695544,Pre-B small,3.352367646967149e-09,0.2047407031059265
ENSG00000174953.13,DHX36,0.11344826,0.11344826,-0.16061913967132568,False,0.06945211839933252,1.8735817575252547,0.23836970140166114,4.946960350557298,0.3820961592346429,0.014374429360032082,0.05332624539732933,0.1407514476048965,0.0,0.0,0.24904668997511603,0.0482611521248959,0.1854264736175537,1.9235788062140087,1.9800572013387485,,,-0.05003643035888672
ENSG00000163660.11,CCNL1,1.1029269,1.1029269,-0.27424561977386475,False,0.11476005811796797,0.3031408844214964,0.24937078710593585,7.430577414446139,2.056182788014412,0.126870796084404,0.08746272325515747,0.23678280404619292,0.0,0.0,0.300394608197675,0.3733506681589845,0.27085649967193604,0.9689353243276791,2.165845768995799,"Monocyte classical,Monocyte non-classical",7.161574280344992e-06,-0.22476863861083984
ENSG00000243150.5,AC106707.1,0.079499185,0.079499185,-0.023961663246154785,False,0.040098868385224536,0.8178664917299464,0.2250896642021163,3.6826262171088398,1.071664120256901,0.015258501283824444,0.024276025593280792,1.0985109450772102e-09,0.0,0.0,0.3680533212467802,0.05503564257623773,0.09145516157150269,2.8668139438413305,1.788407280444941,Granulocyte precursor,0.0008327423906951409,-0.01152336597442627
ENSG00000114209.14,PDCD10,0.018036181,0.018036181,-0.0875086784362793,False,0.10871859982313278,3.943347277419778,0.28453301901550354,3.572276650683746,0.0862604222819209,0.009904243052005768,0.054251473397016525,0.12037979061785456,0.0,0.0,0.2726274820893104,0.030221887069738607,0.15687158703804016,1.621509239101853,1.3890734846883817,Platelet,5.17443790073518e-35,-0.08365046977996826
ENSG00000114450.9,GNB4,0.04788784,0.04788784,-0.03540623188018799,False,0.06808796117005046,1.8637153439340106,0.376144410467105,3.108739224829631,0.19387950159609318,0.010416624136269093,0.025386154651641846,1.7059038319679665e-16,0.0,0.0,0.3756158947135019,0.041254558500264826,0.07311331480741501,3.5434816249999788,1.1768818565899013,Monocyte classical,0.00324746306821703,-0.018607258796691895
ENSG00000136522.13,MRPL47,0.04711167,0.04711167,-0.047464728355407715,False,0.20087472970932346,3.5116084385313298,0.21205836945479567,2.877640016884097,0.09453517723828556,0.01655254140496254,0.08273191004991531,2.749856140110036e-15,0.0,0.0,0.488512968737326,0.07875863816484863,0.25004854798316956,5.6995159820806105,1.2809871949018237,Granulocyte precursor,1.1367907305335926e-14,0.002100825309753418
ENSG00000113916.17,BCL6,0.18476649,0.18476649,0.0025391578674316406,False,0.12152205318323407,1.7874580776050568,0.32772623248691574,4.017351965590211,0.42583448472122354,0.02244151383638382,0.06670952588319778,0.1273776211993518,0.0,0.0,0.2319160505515922,0.06881336521206416,0.17641055583953857,1.0976878309541893,1.4967261597488795,,,0.047945380210876465
ENSG00000133657.14,ATP13A3,0.30571702,0.30571702,-0.0017718076705932617,False,0.054423884196482454,0.9234435289575931,0.2768826811759396,4.845087482943808,0.9755139201879501,0.02361714281141758,0.03813067078590393,0.12802829517624073,0.0,0.0,0.18893853243513942,0.07895529523707978,0.11590513586997986,1.8818986230903392,1.748383623857604,Monocyte classical,0.004568265956659171,0.034616291522979736
ENSG00000114331.13,ACAP2,0.13202508,0.13202508,-0.10007786750793457,False,0.20367664776699176,3.1134625616065796,0.4506323683535913,3.1131872797309033,0.12294115975499154,0.01844188943505287,0.07087774574756622,0.15534270815514212,0.0,0.0,0.3235843745003776,0.06089742024279588,0.1982133388519287,1.7127696982565424,1.1109726684993493,Monocyte classical,1.9969927115750434e-07,-0.04403650760650635
ENSG00000184203.7,PPP1R2,0.03600469,0.03600469,-0.23649680614471436,False,0.22887625202888598,5.789666445814452,0.36324531404234023,3.1954959552769044,0.06237471699714661,0.011329428292810917,0.08582250773906708,0.011494803575208488,0.0,0.0,0.37645312096508615,0.041929181203528294,0.2635459303855896,1.9514467959884916,1.1635391621259992,,,0.004238009452819824
ENSG00000163960.11,UBXN7,0.04131137,0.04131137,-0.08859670162200928,False,0.032313285539344656,1.2757091411437569,0.22733904040813926,3.7755131116526175,0.38135028049349784,0.008607888594269753,0.02488577552139759,8.131774985400913e-58,0.0,0.0,0.34592227592924607,0.02308895811941713,0.08485981822013855,0.9002572057784017,1.9424778991172298,"Granulocyte precursor,Monocyte classical,Pre-B small,B naive",0.0003611238602537862,-0.0258176326751709
ENSG00000163961.4,RNF168,0.06792944,0.06792944,-0.12271702289581299,False,0.05256544699309029,2.222741534807242,0.26073052518160794,3.4327866206524007,0.5466932749003175,0.010797623544931412,0.027996743097901344,0.023708745796493222,0.0,0.0,0.06324962875123491,0.029015819177068854,0.09378035366535187,1.9756840133370799,1.1956780183684745,,,-0.020461440086364746
ENSG00000075711.20,DLG1,0.08107178,0.08107178,-0.12353813648223877,False,0.014458201870728988,0.6955874821207157,0.2560494087488239,6.455605942996091,0.8075820228954156,0.007797610480338335,0.01143372431397438,0.016544575028302942,0.0,0.0,0.17458507497862424,0.027799947682780154,0.04240090399980545,1.9692280757152247,2.1080185789041974,,,-0.12316524982452393
ENSG00000150995.18,ITPR1,0.637968,0.637968,-0.13003063201904297,False,0.05091656422748641,0.7245313438059973,0.3065388780513279,5.301197565429451,1.7239755392074585,0.031605202704668045,0.03024902753531933,0.16930572938508345,0.0,0.0,0.10079276386361075,0.08831027222324649,0.0892627090215683,1.0663824168751497,1.387027152033849,,,-0.09337854385375977
ENSG00000134107.4,BHLHE40,0.14127801,0.291545,0.2700497508049011,True,0.44667205588441095,2.3059089791278007,0.6407295606192634,2.70825013711658,0.19588153436779976,0.041177842766046524,0.09775141626596451,0.07082561443342598,0.0,0.0,0.4435814284727268,0.1439652446016293,0.27569806575775146,1.638988930933537,0.94645604321058,Monocyte classical,0.0018937870358541797,0.3331294655799866
ENSG00000134109.10,EDEM1,0.12876691,0.12876691,-0.14926350116729736,False,0.09125065890673938,2.0806454661448495,0.28183068817385937,3.921281903226312,0.36228263676166533,0.013286272063851357,0.037896234542131424,0.07224429167126077,0.0,0.0,0.25469827174230486,0.04071266737994983,0.13276657462120056,1.7630036731645224,1.4394086846802154,Pre-B small,1.0925379317204393e-07,-0.06069362163543701
ENSG00000168137.15,SETD5,0.15948865,0.15948865,-0.28592395782470703,False,0.02333109487371265,0.669020514822442,0.1900419823916578,5.759698953861279,1.148151768743992,0.012120704166591167,0.014964135363698006,0.027515347991622505,0.0,0.0,0.32269145699455165,0.043536221521196516,0.0519864521920681,1.4267057163666663,1.7574988355981447,Monocyte classical,6.947622349521587e-07,-0.2857997417449951
ENSG00000163719.19,MTMR14,0.07371295,0.07371295,-0.32537293434143066,False,0.0646797754168586,3.194565440963503,0.26010717419738616,3.610642526234522,0.3591963652521373,0.010877388529479504,0.04769504442811012,0.09077994591519206,0.0,0.0,0.17161584527241047,0.03536865747640495,0.1314791440963745,1.7182567769891084,1.4240489580759228,,,-0.02021920680999756
ENSG00000180385.8,EMC3-AS1,0.042331826,0.042331826,-0.0897294282913208,False,0.04308444336090332,2.0560704965649332,0.264468926884072,4.110711822262363,0.25434699766337876,0.006587774492800236,0.03172840178012848,0.027053698801473052,0.0,0.0,0.17758861582652669,0.020122610820013098,0.10029259324073792,1.4034579767660247,2.108210584510894,B naive,1.564973936925966e-07,-0.04792201519012451
ENSG00000131389.16,SLC6A6,0.25136545,0.25136545,-0.0811471939086914,False,0.07449375340300388,0.8775340312510175,0.35394102272229283,4.330168752335214,1.1452769073843958,0.0302219670265913,0.045717816799879074,0.10094197730225066,0.0,0.0,0.2605285939733756,0.08987108652353726,0.12501151859760284,1.4405642373535392,1.4775833815737252,,,0.038008034229278564
ENSG00000154781.15,CCDC174,0.13063374,0.13063374,-0.10717642307281494,False,0.10732363068948049,1.9102440800770677,0.3728496910316343,3.5403907668379557,0.18501048915088175,0.013732549734413624,0.035071685910224915,0.010969744400182963,0.0,0.0,0.4112085149088817,0.04871143590693605,0.12106840312480927,1.945437623256639,1.2032589947821217,,,-0.013423800468444824
ENSG00000131375.9,CAPN7,0.12974536,0.12974536,-0.13518762588500977,False,0.027784313588764018,0.9927792068614639,0.2618427471722315,4.9358408020939395,0.6712081096569695,0.011396451853215694,0.020105982199311256,0.11634163461565494,0.0,0.0,0.12415518325268471,0.03793812354711967,0.06895600259304047,1.873846197208945,1.777063609753067,Monocyte classical,9.08884902292553e-22,-0.12984061241149902
ENSG00000144566.10,RAB5A,0.07013008,0.07013008,-0.30890798568725586,False,0.08905456440037375,1.892623799938437,0.26476089853205825,4.479076047592895,0.1364325973391533,0.013102797791361809,0.045378245413303375,0.0604318621995003,0.0,0.0,0.24898715835865526,0.035314561691683906,0.14603254199028015,1.4103332119667378,1.6272739508102283,,,0.006033897399902344
ENSG00000170142.11,UBE2E1,0.01945514,0.01945514,-0.16631925106048584,False,0.4805250470222359,11.631449649755869,0.818907148714507,2.129021703357336,0.058582643419504164,0.010779456235468388,0.0828019231557846,1.0396621543218182e-12,0.0,0.0,0.428202158125784,0.03690432052199011,0.2480228692293167,1.4684783387119673,0.6604040184433073,,,0.0250052809715271
ENSG00000163513.17,TGFBR2,0.18516979,0.18516979,-0.31123554706573486,False,0.08261004368221682,1.773172299484088,0.31210650563521347,4.527687576450617,0.43542901530861866,0.017496174201369286,0.054144520312547684,0.16508212649728918,0.0,0.0,0.1346054041559352,0.05272318567697987,0.15332487225532532,1.2623037098416219,1.5707352126050989,Pre-B small,0.00011887015153335254,-0.045441389083862305
ENSG00000163527.9,STT3B,0.20339674,0.20339674,-0.15022647380828857,False,0.052895617627936445,1.1861491045059442,0.21743579350193365,5.014663587712572,0.8491558139026167,0.021506892517209053,0.043879687786102295,0.10316124880999332,0.0,0.0,0.3112657448778337,0.08004008875529321,0.13020732998847961,2.796394474158572,1.7845743890939973,,,-0.1256040334701538
ENSG00000170293.8,CMTM8,0.020936793,0.04173361,0.24445319175720215,True,0.6995310717763754,11.769865715999929,0.5130202985709056,4.463922538142941,0.10336920564994218,0.023043297231197357,0.30038774013519287,7.8108634137506885e-22,0.0,0.0,0.3984105984270111,0.062441070825915546,0.8544446229934692,0.8436204666295861,0.9493345682479222,,,0.24554669857025146
ENSG00000153551.13,CMTM7,3.3361168,3.3361168,-0.1710449457168579,False,0.00771878975278417,0.030121454675878772,0.04223501307997243,25.037568857305235,6.43722773194313,0.10645051300525665,0.021752651780843735,0.058349127736883076,0.0,0.0,0.2876177824307576,0.24840792197046824,0.067221999168396,0.7650899481958165,7.007418916020367,B naive,0.00959583296335534,-0.16842782497406006
ENSG00000170248.13,PDCD6IP,0.077997245,0.077997245,-0.11595427989959717,False,0.058634219749088605,1.2698070795350653,0.23092098992010682,5.3113361297186925,0.3915410552918912,0.01472373865544796,0.03816865384578705,0.0021702477272498313,0.0,0.0,0.3340294973841266,0.0548508256638911,0.13656441867351532,2.828104162989257,1.9394321281379845,Monocyte classical,0.0009061690355784994,-0.06338512897491455
ENSG00000172995.16,ARPP21,0.13792014,0.29501364,0.6063758730888367,True,0.33464881742024855,2.678449913036328,0.6281352342736528,2.845168264047522,0.5073301048328479,0.04597146064043045,0.11470285058021545,0.026568115308490303,0.0,0.0,0.36136860320074704,0.12371688259638523,0.2962172031402588,0.9758406070773781,0.8871826834616134,,,0.6069252789020538
ENSG00000172939.8,OXSR1,0.10302646,0.10302646,-0.031618595123291016,False,0.06680652105177512,1.1489806875164377,0.25775701568003156,2.922738545539865,1.1454094997048379,0.01641162298619747,0.02482355572283268,5.22023864198261e-24,0.0,0.0,0.43854391697019135,0.05802349001987216,0.07823766767978668,2.536561350756167,1.2537485654338685,,,-0.020974159240722656
ENSG00000114742.13,WDR48,0.33594173,0.33594173,-0.3357306718826294,False,0.043609701776008966,0.899203130776185,0.2535986511024324,5.097169985749596,1.099894717335701,0.019191043451428413,0.02529970556497574,0.14858263728008866,0.0,0.0,0.15176112252189933,0.06490382204356049,0.0861751139163971,1.4234590069903494,1.5393889858803795,"Monocyte classical,B naive",0.005465904252678577,-0.33297526836395264
ENSG00000168028.13,RPSA,0.010767846,0.010767846,-0.7795096635818481,False,2.882962700154224,32.4673587372517,0.27397431978859793,6.855267917605774,0.01316860707787176,0.023954827338457108,2.1541008949279785,0.31091621678867604,0.0,0.0,0.49146390196590345,0.07917485449805638,6.253744125366211,0.5088566187575316,2.637768773434463,Monocyte classical,7.392879571069497e-21,0.2134496569633484
ENSG00000008324.11,SS18L2,0.01935278,0.01935278,-0.332696795463562,False,0.12089730886783141,4.537623087364487,0.2370008354410599,3.697588282104846,0.08512414298951623,0.010140527039766312,0.056287191808223724,3.186639406791696e-20,0.0,0.0,0.08841676834864032,0.029398028628104367,0.19129866361618042,1.7161200703467843,1.2232653021446906,,,-0.0014268159866333008
ENSG00000114857.17,NKTR,0.2845571,0.2845571,-0.2126777172088623,False,0.061350568977224615,1.277141007118132,0.27789672877249433,5.731398698311882,0.7512364774942398,0.02318035252392292,0.04474158585071564,0.15826948372393015,0.0,0.0,0.10792222158410475,0.07659722409189305,0.1530606746673584,1.6815560834015069,1.6463792784621238,,,-0.19213736057281494
ENSG00000004534.14,RBM6,0.34052157,0.34052157,-0.13749396800994873,False,0.04162906764095779,0.8134817133920219,0.24492414433886336,6.303989432866129,0.9095752716064454,0.021201591938734055,0.03146759793162346,0.1551300926012913,0.0,0.0,0.10861316171688501,0.0715948660815684,0.10191339254379272,1.5378628609571459,1.9157402228181797,"Monocyte classical,Monocyte non-classical",0.0006113151180479083,-0.13748466968536377
ENSG00000003756.16,RBM5,0.58873457,0.58873457,-0.45088231563568115,False,0.043401128014692016,0.6416114887543682,0.2554245731496577,5.791285981058246,1.379505428671837,0.02842245064675808,0.029874876141548157,0.1722572685182769,0.0,0.0,0.08023154569295227,0.09112022964412736,0.09779730439186096,1.4310247684900217,1.7201319063538232,Monocyte classical,1.705566082546086e-11,-0.4367712736129761
ENSG00000114353.16,GNAI2,0.0043828706,0.0043828706,-0.15599238872528076,False,0.3558889620266433,12.203694061853183,0.482523200445549,4.202052538446911,0.04496895412190092,0.008918343111872673,0.18785521388053894,4.066312154952613e-18,0.0,0.0,0.32896589331631654,0.02133322071834831,0.4011343717575073,0.4695848916110265,1.5868320126329314,,,-0.0036619901657104492
ENSG00000168273.7,SMIM4,0.4547759,0.4547759,-0.3405555486679077,False,0.023961988397412353,0.38730158171916745,0.19815330473477397,6.358590062550372,1.721678555309773,0.023800434544682503,0.01959547959268093,0.11999610008386989,0.0,0.0,0.24318621436184823,0.08741783920718674,0.07146593183279037,2.1510193490092737,2.1257967454075173,Erythroid late,2.4493375144197323e-07,-0.33847880363464355
ENSG00000157500.10,APPL1,0.07505261,0.07505261,-0.05851578712463379,False,0.20569007196484537,4.522160518153428,0.4933673366230613,2.147401670192089,0.112671774700284,0.01376145426183939,0.05770999193191528,0.07478840071042751,0.0,0.0,0.34305062439212347,0.05256531396681208,0.17977866530418396,1.8368677275809364,0.880976467313976,Monocyte classical,8.37006485331154e-10,-0.028246164321899414
ENSG00000168297.15,PXK,0.18008144,0.18008144,-0.3653978109359741,False,0.05613044875067705,1.4974224428515235,0.27552026264389246,5.899171651875169,0.42890690341591836,0.014909771271049976,0.04400322213768959,0.16307315915803539,0.0,0.0,0.14731319398441217,0.04345653490903877,0.13402074575424194,1.3602980995032703,1.8770673143741892,,,-0.054068684577941895
ENSG00000163635.17,ATXN7,0.12014087,0.12014087,-0.0889204740524292,False,0.04261123282475629,0.9608400082941718,0.22653689023807458,4.965442160558733,0.4010992795228958,0.011934027075767517,0.032803013920784,0.10264981471530504,0.0,0.0,0.17894485747058986,0.047444981830402355,0.09852662682533264,1.7653045460502264,2.329445005094109,"Monocyte classical,Pre-B small",0.005176868065104654,-0.08027064800262451
ENSG00000163605.14,PPP4R2,0.20787038,0.20787038,-0.15612077713012695,False,0.03848820601919978,0.9058598318473337,0.2417887236262564,7.904485803576268,0.6976888328790665,0.018235504627227783,0.03528497368097305,0.06188193415492917,0.0,0.0,0.3303625213668274,0.07306132521844866,0.12187471985816956,3.5691132063657935,2.2161497147534472,Monocyte classical,3.5600895053294484e-08,-0.03584563732147217
ENSG00000083937.8,CHMP2B,0.07448179,0.07448179,-0.4383755922317505,False,0.05439914236469699,1.5253975040502805,0.2000797691531411,5.320360717388759,0.2864976014817754,0.011024260893464088,0.04870852828025818,0.08238936491921788,0.0,0.0,0.2964227445424069,0.03539388462663907,0.16104656457901,1.6987363475808406,2.2344376073354772,Monocyte non-classical,0.007663612127888024,-0.0060422420501708984
ENSG00000175105.6,ZNF654,0.0663527,0.0663527,-0.06743693351745605,False,0.01729324908626161,0.6478446410284951,0.25907662338335347,4.935731060824523,0.7110123932361603,0.008426954969763756,0.012444653548300266,9.248777334560993e-31,0.0,0.0,0.32766958646971356,0.030309207963443715,0.048250824213027954,1.608603682880196,2.279508719083811,B naive,0.0001699616601058127,-0.06659352779388428
ENSG00000179021.9,C3orf38,0.3702279,0.3702279,-0.3231457471847534,False,0.016932217008789666,0.3759951172349774,0.19138406625579793,7.3685301816183,1.3668359593550365,0.015535248443484306,0.01507237646728754,5.669511181902336e-05,0.0,0.0,0.3481670359645744,0.06453034102349521,0.05665058642625809,3.629217886618638,2.677129703765362,"Erythroid late,Platelet",0.0006548344306190773,-0.32289600372314453
ENSG00000178694.9,NSUN3,0.43035072,0.43035072,-0.35488247871398926,False,0.02141928464222764,0.5564292144131368,0.25913930478260816,5.994430673881055,1.3639006528258326,0.015872489660978317,0.01649625599384308,0.09499863825781882,0.0,0.0,0.28050556198607235,0.053382486886458747,0.05932817608118057,2.3975951722244244,1.9144950878912603,Monocyte classical,0.004674148748362306,-0.3336193561553955
ENSG00000144802.11,NFKBIZ,0.1302124,0.3440625,0.3846641182899475,True,0.18723118522086446,1.0238780664592038,0.30144298643547335,8.91666169019589,0.45865101292729377,0.06425822526216507,0.1716257482767105,0.2300383876036256,0.0,0.0,0.3720563425053517,0.18269767489673328,0.45085328817367554,0.8931066250421057,2.360151037478925,Monocyte non-classical,7.86067397191593e-06,0.40027111768722534
ENSG00000114439.18,BBX,0.12939599,0.12939599,-0.12194359302520752,False,0.08323540179937251,2.2414080536794123,0.2741726408755082,5.166245705645387,0.2982671398669481,0.01476521510630846,0.0606415718793869,0.14991180744201033,0.0,0.0,0.26528633894603026,0.04847084024162208,0.18909646570682526,1.7648266010305678,1.8323556083395103,Monocyte classical,1.1097771075616936e-07,-0.030174612998962402
ENSG00000114573.9,ATP6V1A,0.05255812,0.05255812,-0.033071041107177734,False,0.04064048720055026,1.3574435924137038,0.22569733051144453,5.278310077155209,0.7209519997984171,0.014146577566862106,0.03399525210261345,0.019114243516947647,0.0,0.0,0.28815325144501713,0.04919824110612404,0.11431703716516495,2.867923704143248,1.836678762833877,,,-0.025507569313049316
ENSG00000145088.8,EAF2,0.04006098,0.04006098,-0.11032283306121826,False,0.21858900943085458,3.828463381714373,0.29322686548969196,2.964003323367784,0.26307578790932895,0.01552979089319706,0.10227228701114655,0.039975945229023035,0.0,0.0,0.39881506670616906,0.04840826274016141,0.2584366798400879,1.6337199262947655,1.3269775548132035,,,-0.05891740322113037
ENSG00000114013.15,CD86,0.139434,0.139434,-0.06220543384552002,False,0.4680169858850646,5.104160141640266,0.5559011200898519,2.379735075344316,0.09423579543828964,0.023108026012778282,0.11586406826972961,0.1804397182024532,0.0,0.0,0.37663068904316277,0.07773834359801413,0.31202471256256104,1.2181687500256781,0.935561416875652,,,0.24136537313461304
ENSG00000121552.3,CSTA,0.007180973,0.007180973,-0.43068861961364746,False,4.077837895625182,74.69592259671438,0.5970089314801194,2.015999994171593,0.009060036353766917,0.014775220304727554,0.7705588936805725,0.0605402136608015,0.0,0.0,0.48771110608427115,0.061774901445314605,3.003464698791504,1.9683489780337449,0.6649449104323353,,,0.12437164783477783
ENSG00000173193.13,PARP14,0.090824515,0.090824515,-0.040602922439575195,False,0.18594738424534363,3.3231505752710104,0.44170009051823533,2.5574618678944874,0.12947158500552172,0.01786012388765812,0.06517961621284485,0.10740200216313991,0.0,0.0,0.3300613531829027,0.06003417468911998,0.17819112539291382,1.8522617480002157,1.0432801049782352,Monocyte classical,9.461007954543556e-13,-0.02279353141784668
ENSG00000114491.13,UMPS,0.120117955,0.120117955,-0.19350790977478027,False,0.04088646792277294,1.5070011061695692,0.18318565850832938,3.7826953001116013,0.7121011009812355,0.010460061021149158,0.025448711588978767,0.05898559574880287,0.0,0.0,0.12667565259541913,0.03415309773454123,0.0717383623123169,1.1846826594369462,1.6144254639031852,,,-0.19349908828735352
ENSG00000169704.4,GP9,0.009155243,0.018493392,0.8068839907646179,True,84.84085694013801,362.77795596709234,9.355120610881166,1.5165278644578948,0.02735603010902802,0.08919166773557663,3.803802967071533,0.0002378421127511589,0.0,0.0,0.4907533900154847,0.19814021887368938,9.219078063964844,0.025953352874285806,0.11755817475064632,,,0.8068840354681015
ENSG00000183624.13,HMCES,0.019593716,0.019593716,-0.009851694107055664,False,0.12781170780946816,3.652921582302618,0.27040779482307037,3.237580435962648,0.2092464119195938,0.009563044644892216,0.06855347007513046,1.8765373255952086e-15,0.0,0.0,0.3030992140492961,0.025076330314728335,0.20267638564109802,1.444520480140079,1.7661817238098552,,,-0.004476666450500488
ENSG00000198585.11,NUDT16,1.2896439,1.2896439,-0.11251616477966309,False,0.02917079884305118,0.2521298141741827,0.25133487643295405,7.331976979493387,3.033303362131119,0.047538794577121735,0.024683848023414612,0.1963978410083867,0.0,0.0,0.06319322747107708,0.14002771126359903,0.07329295575618744,1.1245554275710326,1.9613324633160003,"Monocyte classical,Monocyte non-classical",0.005698065520948728,-0.10308420658111572
ENSG00000091527.15,CDV3,0.20436768,0.20436768,-0.17213964462280273,False,0.06313776140774198,1.0214704225636342,0.1956434564709322,8.049419480329682,0.4023767279585203,0.023099344223737717,0.06797976046800613,0.14932420059035265,0.0,0.0,0.3615077248601736,0.08468087916438273,0.19723570346832275,2.023637490392587,2.8810723801200244,Erythroid late,2.351556194066538e-09,-0.15225207805633545
ENSG00000114120.11,SLC25A36,0.14948355,0.14948355,-0.14708292484283447,False,0.06298642423830465,1.8185882478061504,0.2712683204372446,4.933516239571416,0.58004255220294,0.018476933240890503,0.04157004877924919,0.09102955459923923,0.0,0.0,0.29953236602002165,0.06500598507025447,0.1436600238084793,2.968898063600915,1.497446055695397,,,-0.10579431056976318
ENSG00000155903.11,RASA2,0.17874806,0.17874806,-0.14257359504699707,False,0.033872411176228,0.8581689989737851,0.23264490688588357,4.958732043531797,0.9704764446616174,0.017406748607754707,0.03107462450861931,0.10621045399370661,0.0,0.0,0.2066850500045696,0.05641307961215781,0.09951530396938324,2.0474255985089282,2.132255703597046,Monocyte classical,0.0007468793471441921,-0.07513248920440674
ENSG00000082996.19,RNF13,0.24690458,0.24690458,-0.283255934715271,False,0.14049447264990494,1.6899966679500822,0.30789095876228456,4.477105767991399,0.3281937312334776,0.02878541871905327,0.08441954851150513,0.11757103742394791,0.0,0.0,0.42774923236023527,0.10094126523937243,0.24334225058555603,2.5230487553870566,1.5618060929146815,Pre-B small,1.4964983360769996e-06,0.07782185077667236
ENSG00000196428.12,TSC22D2,0.1324676,0.1324676,-0.04997456073760986,False,0.05596636083386464,1.4763925100591928,0.28766211739758224,3.755647538543591,1.0425216257572174,0.016870496794581413,0.026700953021645546,3.656363707784443e-28,0.0,0.0,0.2665823728675851,0.05827483983151361,0.08455891162157059,1.6462816785603356,1.181886121135279,,,-0.04782593250274658
ENSG00000152601.17,MBNL1,0.08743605,0.08743605,-0.3321038484573364,False,0.2519871335508938,4.680792981611769,0.3882706947621573,3.4386156511376944,0.07644063446670771,0.01590804010629654,0.09833185374736786,0.1600770965600764,0.0,0.0,0.38293389916998943,0.05066027638212356,0.2946329116821289,1.6844382810983463,1.2545318542175419,Monocyte classical,0.0015125988077575178,-0.04689455032348633
ENSG00000196549.10,MME,0.20878801,0.33601257,0.6963871419429779,True,0.5618198280018636,2.903888663522559,0.7341598801533866,2.877767258702222,0.18506953328847886,0.059745531529188156,0.15253598988056183,0.24190761881125514,0.0,0.0,0.20337535420355968,0.1493525657228041,0.36554646492004395,0.6491687183105246,0.8530318211490658,,,0.6981472671031952
ENSG00000163659.12,TIPARP,0.112336285,0.112336285,-0.08115684986114502,False,0.037053008758607585,1.165934985075548,0.2618038705001789,3.9639120715947196,0.9399371995031833,0.013764568604528904,0.02383333258330822,2.2802622161699465e-05,0.0,0.0,0.24595579247866334,0.04732640000839084,0.07962894439697266,2.030596367129363,1.4850730282702986,,,-0.08051323890686035
ENSG00000174891.12,RSRC1,0.10226975,0.10226975,-0.08922445774078369,False,0.07272531044132918,2.0363969732803295,0.2560790066805461,5.474900315120442,0.26968105919659136,0.011956009082496166,0.048878107219934464,0.08066210303374732,0.0,0.0,0.2933728404120985,0.04372405703496617,0.14541620016098022,1.8368424161266672,1.9119494245034907,,,-0.003559112548828125
ENSG00000118855.18,MFSD1,0.060219884,0.060219884,-0.015392184257507324,False,0.26043087618745847,3.5838426433902666,0.40025340384252994,2.850989407543472,0.10445967033505439,0.019912568852305412,0.08864037692546844,0.09079826694533352,0.0,0.0,0.38196680054671106,0.0705765750291576,0.24158941209316254,2.0968701195895822,1.1490646169031307,Monocyte classical,0.0057340577744041474,0.039276123046875
ENSG00000136603.13,SKIL,0.15881826,0.15881826,-0.0442122220993042,False,0.07201491568042505,1.4975461861983397,0.32630566600962857,3.525127209221258,0.9510174889862537,0.022180810570716858,0.040407516062259674,0.05121605513575311,0.0,0.0,0.34731270442470685,0.08522085846968608,0.12191617488861084,2.728981724764455,1.2620967062077892,,,-0.0415034294128418
ENSG00000121879.3,PIK3CA,0.10547735,0.10547735,-0.07729208469390869,False,0.06014491651446987,1.5217358737823738,0.2800544168762404,4.325965988449841,0.5377036939064661,0.014912991784512997,0.03343559056520462,0.07584310688277547,0.0,0.0,0.1723223217591477,0.044878251741105935,0.10283088684082031,1.49151010843027,1.473346648048581,,,-0.04192399978637695
ENSG00000163728.10,TTC14,0.39143848,0.39143848,-0.1034243106842041,False,0.039844184633501936,0.720779648604075,0.22191198981594915,7.472669833756651,0.8098426154255869,0.021013455465435982,0.034964364022016525,0.12046134051698093,0.0,0.0,0.22012362173719346,0.07189707634413621,0.1227950006723404,2.2991303808150696,2.3084774899506244,Pre-B small,1.2225782038487658e-32,-0.08921301364898682
ENSG00000058063.15,ATP11B,0.53805554,0.53805554,-0.2811092138290405,False,0.03677722159158237,0.5882093981014139,0.22441049558331927,5.3810776855618485,1.2292606261372563,0.025057777762413025,0.027468020096421242,0.13177733663638738,0.0,0.0,0.2604193930917984,0.08751807369170808,0.08733191341161728,2.089318798493841,1.8636005420388753,"Monocyte classical,Monocyte non-classical",1.8661070354300808e-05,-0.24713432788848877
ENSG00000114796.15,KLHL24,0.21032058,0.21032058,-0.055269718170166016,False,0.10908849486888238,1.5107692737163518,0.3116475277047855,5.233032960873176,0.5276098111023506,0.022457141429185867,0.05387882888317108,0.11336872416963302,0.0,0.0,0.3612016154361831,0.078353307769925,0.194395050406456,1.8822506333681095,1.5124333363940778,Monocyte classical,4.234352683145349e-36,-0.05403268337249756
ENSG00000163904.12,SENP2,0.17796625,0.17796625,-0.08911585807800293,False,0.0293149328735451,0.8506267316448154,0.250968625988315,5.778587889361765,0.6284804016351702,0.013165639713406563,0.0219957884401083,0.030413827759943796,0.0,0.0,0.3743929214713033,0.053387297206692,0.07487227022647858,3.0866187948704584,1.9640771047785555,"Monocyte classical,Pre-B small",0.009759572304805347,-0.07574677467346191
ENSG00000152492.13,CCDC50,0.0068963394,0.0068963394,0.029766201972961426,False,1.1352600399638235,22.855087227501453,0.35765208239613966,2.2974777300592963,0.04289421589113772,0.011420228518545628,0.4612637162208557,0.00013911499648573626,0.0,0.0,0.4477765830660071,0.030409163542120424,1.267256259918213,0.44776659359949955,1.514763494362495,Monocyte classical,1.4133008702479524e-05,0.03373950719833374
ENSG00000198836.8,OPA1,0.16821285,0.16821285,-0.20442771911621094,False,0.02623410802436573,0.7996080786137642,0.21525336070821097,6.046064646285143,0.7703915007412432,0.013096203096210957,0.022906707599759102,0.15566500448998152,0.0,0.0,0.06396245215265607,0.044115618996478645,0.07375183701515198,1.6622790543872958,2.187460013826133,Monocyte classical,0.008397601452624394,-0.20441555976867676
ENSG00000180370.10,PAK2,0.02844491,0.02844491,-0.051154375076293945,False,0.08586448099304902,1.5057958363968502,0.1628036730084132,5.110610244712683,0.36586050465703,0.01586873084306717,0.0683136060833931,0.015230407747337799,0.0,0.0,0.4210558483152362,0.06374933659296998,0.23712196946144104,2.258552385598593,2.2054369001182246,,,-0.01609635353088379
ENSG00000119231.10,SENP5,0.09105505,0.09105505,-0.13502132892608643,False,0.02542352673669329,1.2601446831913103,0.2003489978013812,4.472252545328777,0.7631722167134285,0.010369532741606236,0.022419223561882973,3.675248649003185e-21,0.0,0.0,0.13454303591048367,0.033874891469947155,0.07841666042804718,2.6757490491797724,1.8690390274587156,,,-0.05710577964782715
ENSG00000163956.10,LRPAP1,0.0115906065,0.0115906065,-0.06178760528564453,False,0.1011151180726486,2.9529752290121514,0.16777440012613304,3.388929825434665,0.16314341872930527,0.010280181653797626,0.056711841374635696,3.908187477871441e-09,0.0,0.0,0.40587901424421746,0.03683859876947859,0.1979699730873108,1.8026719106932967,1.7443906206900173,"Monocyte non-classical,Plasmacytoid DC",0.004518190212016556,-0.014835357666015625
ENSG00000071127.16,WDR1,0.004744722,0.004744722,-0.02857077121734619,False,0.1981847726790482,4.9442458606591995,0.32996877424690946,3.7256577741036594,0.07226287096738815,0.012198190204799175,0.07975941896438599,1.0324982649407468e-17,0.0,0.0,0.1345287038078209,0.03198153651402791,0.27071237564086914,1.3011631552966496,1.2594973186601637,,,-0.013818860054016113
ENSG00000038219.12,BOD1L1,0.15562886,0.15562886,-0.14486455917358398,False,0.04866328450064305,1.5479335771184917,0.31256409892194603,5.209446847505796,0.6786905482411385,0.01490571815520525,0.03404182195663452,0.12236155494782293,0.0,0.0,0.20650996521975246,0.04956355372730047,0.10965745151042938,2.5243305651706014,1.6072557551376077,"Monocyte classical,Pre-B small",0.0023416103329558058,-0.06531834602355957
ENSG00000118564.14,FBXL5,0.032939635,0.121259265,0.013026714324951172,True,0.2552224307204307,2.5050607174507347,0.2930682603022733,3.2051756936277016,0.12902763448655608,0.029207248240709305,0.10695712268352509,0.12045052123812075,0.0,0.0,0.42714292098063045,0.10633270712354648,0.2835739850997925,2.272903484452728,1.3887511023316756,"Monocyte classical,Monocyte non-classical",0.009478002483819133,0.0203971266746521
ENSG00000163257.10,DCAF16,0.18354078,0.18354078,-0.0972900390625,False,0.053708885919827545,1.514622990788292,0.2968950606229187,6.031706699098872,0.6078388348221779,0.01305997371673584,0.027573591098189354,0.0708946376648725,0.0,0.0,0.34149126696276866,0.045324733339259016,0.10510286688804626,2.18183185470138,1.5368273410260458,,,-0.07990264892578125
ENSG00000091490.10,SEL1L3,0.3266851,0.69610083,0.2933307886123657,True,0.06546769962931806,0.6539022796032109,0.39284564642470166,5.235109684689614,1.1478803683817382,0.037371985614299774,0.04387107864022255,0.22640828345640407,0.0,0.0,0.0548404906676771,0.10372426635199838,0.11101001501083374,0.8634466173796336,1.615704081874723,Plasmacytoid DC,0.0023303575999449226,0.33241117000579834
ENSG00000163683.11,SMIM14,0.024590818,0.024590818,-0.019692420959472656,False,0.36857377357006327,5.980925158988239,0.44514480347019064,1.9575126540352064,0.0871961866691709,0.020403066650032997,0.11056044697761536,1.4688607444942307e-29,0.0,0.0,0.4782420518296018,0.08974165744484175,0.3236966133117676,1.7190931665871614,0.8607153980888229,B naive,7.216484185148287e-05,0.0010752081871032715
ENSG00000075539.14,FRYL,0.2329369,0.2329369,-0.25020408630371094,False,0.03336288605438992,0.9328249044055656,0.23757038646063905,5.253912815004627,0.8579619626204172,0.015276924706995487,0.022851113229990005,0.13186651824548098,0.0,0.0,0.10339768359599821,0.050021270900844066,0.07796622812747955,1.792236021794314,1.7468223087035122,Pre-B small,1.0503937084100442e-05,-0.2459888458251953
ENSG00000109220.10,CHIC2,0.13438042,0.13438042,-0.12495005130767822,False,0.02976185476449148,0.8684009300742752,0.2003495385006165,4.592109087567556,1.0309439125657083,0.016385849565267563,0.02753640152513981,0.017030765658729265,0.0,0.0,0.2087837877680599,0.05341731846987407,0.09533877670764923,2.71887209259038,2.0077333918982365,Monocyte classical,4.2849845164907246e-08,-0.0446474552154541
ENSG00000128040.10,SPINK2,0.0035990712,0.0035990712,0.28385740518569946,False,2.0365151009070677,83.78318827624427,0.4726337558422877,1.9983343183553934,0.012134105898439884,0.006734426598995924,0.6474997997283936,9.796482470134892e-08,0.0,0.0,0.48930832346333947,0.02120362776727358,1.638709306716919,0.9272958953564439,1.147577721916028,Granulocyte precursor,0.0009911907568570374,0.2839406132698059
ENSG00000163453.11,IGFBP7,0.0065571917,0.0065571917,0.029105722904205322,False,0.5895184971072354,15.873283634955841,0.4464701751595429,2.4537967398705587,0.04832531339488923,0.0073350705206394196,0.20453064143657684,2.845369103963253e-10,0.0,0.0,0.423113906239881,0.02403454558298379,0.46952319145202637,0.906453390321744,1.430421881181183,Monocyte classical,0.0037655827866046117,0.03722071647644043
ENSG00000145241.10,CENPC,0.19100396,0.19100396,-0.14104151725769043,False,0.06068134196445234,1.3094978642170036,0.23851075836161767,5.154889502438217,0.6465928718447684,0.019521160051226616,0.042795468121767044,0.1359914139038677,0.0,0.0,0.2278109954602618,0.06695007208788796,0.13991230726242065,1.9294481145843734,1.7578291586857544,,,-0.14052093029022217
ENSG00000033178.12,UBA6,0.19425595,0.19425595,-0.1254720687866211,False,0.02988066072473634,0.7912336097295186,0.2305515569926411,5.521028584474636,1.220552533864975,0.018137050792574883,0.024518514052033424,0.07572794542820663,0.0,0.0,0.3203062929331567,0.06356940832722204,0.08155900239944458,2.845316591176923,1.8612304950925445,Monocyte classical,0.0002624456153658184,-0.11585772037506104
ENSG00000083896.12,YTHDC1,0.2601498,0.2601498,-0.1618635654449463,False,0.07565441268227392,1.2726829286257952,0.203838073554969,6.494501610478321,0.6373668117821216,0.02807226963341236,0.0614415667951107,0.14800169035452615,0.0,0.0,0.25419485010612025,0.09148422230480692,0.20296773314476013,1.7901018129662438,2.081610356378767,"Monocyte classical,Monocyte non-classical",0.0030426198055701586,-0.10959255695343018
ENSG00000132465.10,JCHAIN,0.00033739483,0.00033739483,0.0030510425567626953,False,28.063698187289987,768.4173863837066,0.5080139237807464,1.4777165659075762,0.0026792958058649667,0.011208117008209229,6.5885910987854,0.0,0.0,0.0,0.4989106731255536,0.026045597587627926,27.69432258605957,-2.220446049250313e-16,0.6557161851668453,"Monocyte classical,Monocyte non-classical,Dendritic cell,Pre-B small,B naive",0.0,0.003311753273010254
ENSG00000132466.18,ANKRD17,0.18065044,0.18065044,-0.06386029720306396,False,0.05834353108832995,1.281485319908717,0.25124028805600906,4.502826464398031,0.7437013626098633,0.015440826304256916,0.030105093494057655,2.9288138631917804e-21,0.0,0.0,0.37663362294792524,0.05159926291480587,0.12248916923999786,2.384411320753781,1.597515575494527,,,-0.034142136573791504
ENSG00000163737.3,PF4,0.00046512255,0.00046512255,0.15888160467147827,False,73.47949045153925,1426.5872020984457,1.0062022316086725,1.4825806826949872,0.0031591355334967377,0.03066626749932766,15.046114921569824,4.8653006859334325e-05,0.0,0.0,0.4983036711154156,0.07148105183679831,29.460039138793945,0.5476873220155132,0.3439260938575178,,,0.15888160467147827
ENSG00000081041.8,CXCL2,0.00170174,0.00170174,-0.020958423614501953,False,0.5002862969233022,14.211144372078435,0.4174464596381377,1.8845889062376504,0.08173893774859606,0.008027774281799793,0.14952832460403442,0.0031129653845295784,0.0,0.0,0.46423915290348927,0.0231601383322626,0.5089406371116638,3.0775185362076947,1.0111020029474214,,,-0.020658254623413086
ENSG00000138757.14,G3BP2,0.13968565,0.13968565,-0.19630300998687744,False,0.031399593043811666,1.0097174890366303,0.15804271145645815,7.375547432523454,0.6770738527178765,0.015016494318842888,0.03659455478191376,0.1169584045685882,0.0,0.0,0.29033508645073564,0.05323422962887303,0.12555456161499023,2.83216158512822,2.629210836100614,Monocyte classical,0.0022593790359028277,-0.12527203559875488
ENSG00000138744.14,NAAA,0.04115311,0.10248047,0.03156083822250366,True,0.23490098154133604,3.241273115340217,0.3812923633884801,4.896539951880509,0.18957024796555433,0.01797677017748356,0.12003780156373978,0.13930470737989914,0.0,0.0,0.37351634081452567,0.05862171151825989,0.31770485639572144,0.8763416035162139,1.7658098254451313,,,0.07213664054870605
ENSG00000163297.16,ANTXR2,0.11976764,0.11976764,-0.09984076023101807,False,0.052037590572770104,1.4169542778836997,0.29584424225042205,3.79856780610949,0.7895237654447556,0.01395397074520588,0.021650537848472595,8.740644342906634e-13,0.0,0.0,0.23277993764981286,0.045526274596765504,0.07289732247591019,1.777900548897269,1.0950023539552511,,,-0.09881842136383057
ENSG00000138674.16,SEC31A,0.17476471,0.17476471,-0.18604576587677002,False,0.06431877174933046,1.4164706647419698,0.1915070059867816,4.050179618024602,0.38073084980249416,0.01720513589680195,0.042704325169324875,0.060704710867841065,0.0,0.0,0.3933464405394132,0.06855028536698347,0.12139235436916351,3.640991445544432,1.7522906488849421,Erythroid late,0.00022741269755005678,-0.09156811237335205
ENSG00000145287.10,PLAC8,0.017318554,0.01829332,0.32655996084213257,True,4.748911782505564,49.69429100825496,1.1337840051167152,12.009639657519163,0.02947737772017718,0.0213205236941576,0.9746255278587341,0.076139547772181,0.0,0.0,0.49450033504528074,0.0764101224134137,2.843687057495117,1.0184877408191058,0.803256502523616,,,0.3737684488296509
ENSG00000163644.14,PPM1K,0.081158385,0.081158385,-0.03259634971618652,False,0.47451248948788693,7.572097057852217,0.5957892248113562,2.515238745146624,0.056945050209760664,0.015820274129509926,0.13126829266548157,0.16765657145622892,0.0,0.0,0.33525020015471607,0.04687734858448423,0.34939712285995483,1.237725067992,0.9392536334841874,Plasmacytoid DC,0.009724810292434785,0.18823689222335815
ENSG00000145335.15,SNCA,0.0065881303,0.0065881303,0.02965843677520752,False,0.6082644815149135,11.553901115591508,0.3596029414496985,2.4298734453850312,0.058888558959588416,0.009091243147850037,0.2080276757478714,0.009869821186276924,0.0,0.0,0.4913220139363455,0.05995372641916497,0.48469239473342896,0.4817874542033342,1.6975493875081762,Monocyte classical,1.325501713477809e-16,0.0351826548576355
ENSG00000164031.16,DNAJB14,0.098576166,0.098576166,-0.5080699920654297,False,0.08508570624808212,2.7797417120488124,0.39941174080395375,3.1319162480091,0.1322956915944815,0.009836209937930107,0.03513046354055405,0.08936913866571623,0.0,0.0,0.07300441643934985,0.02664937492903974,0.1139642596244812,1.2965661834689588,1.1563629754300686,"Monocyte classical,B naive",0.006154405579349614,-0.03574514389038086
ENSG00000164032.11,H2AFZ,0.017980615,0.019145159,0.2768744230270386,True,3.376241437256088,23.53103645570056,0.6028622855745501,10.64151364279936,0.032993330396711845,0.03602205589413643,1.547623872756958,0.1010369639032699,0.0,0.0,0.49707961269173256,0.14522571426515182,3.811614513397217,0.984585119170028,1.604105562672668,"Monocyte classical,Platelet",0.005704284559922566,0.3560370206832886
ENSG00000138814.16,PPP3CA,0.054474957,0.054474957,-0.007004380226135254,False,0.11718825299949419,2.848130950610365,0.2957255045718374,5.085443458883003,0.2714473160356283,0.016408784314990044,0.08145534992218018,0.1120402818579366,0.0,0.0,0.35332269834621166,0.054436505190057716,0.25470930337905884,1.9142386052552052,1.742943342329346,Monocyte classical,2.3523883577223965e-05,0.0011945366859436035
ENSG00000109323.8,MANBA,0.36930868,0.36930868,-0.21114623546600342,False,0.029028221849474664,0.5047615301851837,0.21458888405247845,6.797377311686864,1.2120895148813724,0.023997921496629715,0.028064802289009094,0.17700202397624787,0.0,0.0,0.11109962503284176,0.07349269800735138,0.08514048904180527,1.4619267059292778,2.3168723749720654,Erythroid late,9.446887829334331e-50,-0.20806574821472168
ENSG00000138777.19,PPA2,0.09690485,0.37082925,0.3444276452064514,True,0.16550365280355867,1.2910125113814164,0.30765281723857624,5.728303083497788,0.30875329077243807,0.04091735929250717,0.10436300188302994,0.24993555420498112,0.0,0.0,0.35298180368895465,0.12390305278577785,0.3155021667480469,0.8036312079733079,1.881564904794545,"Erythroid early,Erythroid late",4.5944289819604296e-05,0.4217972755432129
ENSG00000145349.16,CAMK2D,0.062211353,0.2572366,0.0630110502243042,True,0.12131207620639517,1.90080570201384,0.36498402204170394,3.4285995631021193,0.5676831082999707,0.02566731907427311,0.06092609092593193,0.11017460747089329,0.0,0.0,0.2997191657520464,0.08593840872189419,0.17508935928344727,1.9226910913425517,1.2487775315969236,,,0.10630679130554199
ENSG00000109390.11,NDUFC1,0.028137587,0.028137587,-0.010594964027404785,False,0.29217432489785405,3.6987771949174477,0.2239389901812228,3.183768914659847,0.14987234439286923,0.0188092440366745,0.14625604450702667,1.5960514652849905e-05,0.0,0.0,0.49728165036978594,0.13357708237476373,0.41986966133117676,8.94659013213623,1.9810312118487459,Erythroid late,0.007347830447945273,0.01921600103378296
ENSG00000250361.7,GYPB,0.014036846,0.016325632,0.6129962205886841,True,2.174219893093273,53.42951158922679,1.2233243025185592,4.789010972608943,0.011063759308308363,0.010959659703075886,0.4457659125328064,1.8073099116935887e-19,0.0,0.0,0.47503422990638233,0.03482068630832935,1.0356488227844238,0.5395125461605392,0.761252252158971,,,0.613198310136795
ENSG00000170180.20,GYPA,0.006585653,0.006585653,0.5525903105735779,False,2.579140451377466,82.97316549416132,0.8640177318072261,3.882100055849122,0.006940382353495807,0.009498064406216145,0.6466265320777893,3.0954417214914817e-13,0.0,0.0,0.44971876778414754,0.02503545884897296,1.8328428268432617,0.7372933885418838,0.7814325206918697,,,0.5547685027122498
ENSG00000170006.11,TMEM154,0.04962801,0.04962801,-0.08812844753265381,False,0.5270547653797383,8.649844815800135,0.6383789136741699,1.3970784957092404,0.06874021153897047,0.013370845466852188,0.09190725535154343,0.09023134409449558,0.0,0.0,0.3287506408644574,0.04521769795049168,0.23858430981636047,1.212698784300365,0.6811391428232196,B naive,2.4983215271238282e-05,0.04932379722595215
ENSG00000170088.13,TMEM192,0.123499036,0.123499036,-0.09570562839508057,False,0.02594429316547276,0.9905196383054877,0.2395677376401214,4.6089077465061585,0.8528258323669433,0.013029556721448898,0.02215324155986309,0.032140708088678256,0.0,0.0,0.11976997219371432,0.04039375858508265,0.07830081880092621,2.143636249077091,1.8699154033664838,B naive,0.0005832227548440822,-0.04104208946228027
ENSG00000164104.11,HMGB2,0.0054296115,0.0054296115,0.06861811876296997,False,5.754010285484039,81.27716202370657,0.26933703051327346,2.884411343466188,0.01833646945422515,0.02074587717652321,1.9601500034332275,3.08635894411653e-16,0.0,0.0,0.4979585860623114,0.07687955105148969,7.549468994140625,2.0711312267984763,1.051776141929231,"Granulocyte precursor,Monocyte classical,Platelet",0.0005459431548767572,0.07913327217102051
ENSG00000151726.13,ACSL1,0.016916983,0.07799985,0.041892409324645996,True,0.1061436951965361,2.0857684216463066,0.34528631870863646,4.026327446095899,0.3019083154946566,0.01810264028608799,0.06610669195652008,0.10584273801786935,0.0,0.0,0.2505470961292795,0.054078849678441,0.18865758180618286,1.2133643855059049,1.5006887871659826,Monocyte classical,0.0005279140322013518,0.05477780103683472
ENSG00000164323.12,CFAP97,0.049049478,0.049049478,-0.028186917304992676,False,0.08385417699011122,2.732568550313134,0.4389235015336034,3.37410329608046,0.1647888084501028,0.0110549321398139,0.03169787675142288,2.865539236098306e-13,0.0,0.0,0.43151581518547566,0.05149993676525,0.104164719581604,4.345284495797666,1.0180787480859066,,,-0.0011899471282958984
ENSG00000013810.18,TACC3,0.10040183,0.3812332,0.39584851264953613,True,0.16837692771271193,1.895249198797403,0.3250991297642746,4.551637193601535,0.3488356014092763,0.02516941726207733,0.0925959125161171,5.140648108717604e-15,0.0,0.0,0.49701342691610306,0.47160706480494236,0.5718644857406616,10.619208759969752,1.941119915118334,Platelet,7.390118896329426e-21,0.4365733861923218
ENSG00000243449.6,C4orf48,0.04492307,0.10307636,0.20536595582962036,True,1.213715832998633,7.76458989994869,0.5848944864071018,2.307980848307207,0.06951612867414951,0.04849717766046524,0.32963451743125916,0.18540875955120253,0.0,0.0,0.45427833706884885,0.15181878532237295,0.8101762533187866,1.4450664700137739,0.8336973247666289,Monocyte classical,1.553359738856094e-08,0.3094702959060669
ENSG00000125386.15,FAM193A,0.042580437,0.042580437,-0.02956998348236084,False,0.022089487362427437,0.662032120918937,0.2579663166550166,4.412431612234438,0.7596925628185272,0.008106665685772896,0.011764757335186005,1.5084395368012864e-07,0.0,0.0,0.45290103564970263,0.04454498531240958,0.04693979769945145,4.17713397630676,1.8789484736525044,,,-0.029319405555725098
ENSG00000087266.15,SH3BP2,0.08014328,0.08014328,-0.2303175926208496,False,0.16923885594222912,3.577682988638413,0.3238847039547006,2.064826425745112,0.3291956193745136,0.01786891371011734,0.07327871769666672,0.06815594187221946,0.0,0.0,0.14714528783791903,0.054702563587482926,0.22293727099895477,1.4135592531887742,1.337287041271967,,,0.07328861951828003
ENSG00000087274.16,ADD1,0.05216842,0.05216842,-0.033861637115478516,False,0.03702607419503892,1.2573822357774374,0.1716187593710075,4.03948079883046,0.637887065112591,0.013743376359343529,0.033933620899915695,1.8937882344379744e-22,0.0,0.0,0.366316039938518,0.05661917660011095,0.107770174741745,3.1429370246156862,2.037311962106996,Erythroid late,9.792891971270408e-24,-0.03187203407287598
ENSG00000197386.10,HTT,0.36441135,0.36441135,-0.2459867000579834,False,0.026635278201554858,0.6381512422776809,0.25239422024267727,5.113163428864729,1.6180759727954865,0.01819371059536934,0.016303857788443565,0.09388758230245209,0.0,0.0,0.24388524008864076,0.06210660484211239,0.06265902519226074,1.8567236324057403,1.5481893392804174,Monocyte classical,5.172483349589821e-08,-0.242576003074646
ENSG00000170871.11,KIAA0232,0.11330625,0.11330625,-0.03634762763977051,False,0.09712657038708668,1.1369811826870235,0.3104830192355407,2.6058036038072157,0.44878453418612474,0.017314273864030838,0.042534857988357544,1.1586300622812208e-16,0.0,0.0,0.4263876976204546,0.06483732475765079,0.13939161598682404,1.755794293207659,1.6667987333296859,Platelet,0.004667960585682497,0.015522301197052002
ENSG00000132405.18,TBC1D14,0.08760331,0.08760331,-0.08626759052276611,False,0.016639441752254718,0.6506303072289848,0.2326550102200763,5.831227186613168,0.8924292571842671,0.010409661568701267,0.01653430238366127,0.07951267015895525,0.0,0.0,0.1491784430927583,0.030257214460057694,0.05652792006731033,1.578774589364342,2.441265226070762,,,-0.07679200172424316
ENSG00000237765.6,FAM200B,1.174502,1.174502,-0.3291372060775757,False,0.03020687183063784,0.21917266564451018,0.19090212443270962,6.456915654446007,2.151974745293458,0.046556416898965836,0.02561858855187893,0.17928540211350855,0.0,0.0,0.19826858793604307,0.1452562809647819,0.08400511741638184,1.278535633924131,2.510667928982071,Monocyte classical,3.0765975404921193e-16,-0.32841193675994873
ENSG00000118579.12,MED28,0.5355543,0.5355543,-0.7608230113983154,False,0.020060340601851107,0.29987827316866744,0.16310214758467115,7.02222818023437,2.487988530099392,0.024151429533958435,0.016817742958664894,0.16658408281792284,0.0,0.0,0.1484833049537867,0.08098092851752448,0.05580610781908035,1.0907740160205608,2.211518376153882,"Granulocyte precursor,Erythroid late",9.239192220439647e-08,-0.7404093742370605
ENSG00000168214.20,RBPJ,0.2498805,0.2498805,-0.02410566806793213,False,0.09483458364688466,1.35591081588407,0.3144112260480393,6.393686764863083,0.4221504382789134,0.025665968656539917,0.07022187113761902,0.15464083080140525,0.0,0.0,0.3512398537518834,0.08802733729853962,0.22802011668682098,1.8805905476823792,2.0178255427385245,Monocyte classical,4.243244263279426e-15,0.08246564865112305
ENSG00000109689.15,STIM2,0.21616013,0.74655986,0.10098928213119507,True,0.08036636735132206,0.5051258347696027,0.3469478400922527,7.129490430622098,0.9941300421953203,0.04528120532631874,0.04782600328326225,0.13540010484338028,0.0,0.0,0.39371146694206804,0.15957829624754982,0.14997312426567078,1.7080117424049566,1.8818674442248924,,,0.24607259035110474
ENSG00000065882.15,TBC1D1,0.04509664,0.12488118,0.056566834449768066,True,0.12300361840344769,2.1851426178634616,0.4138059810094233,4.9311582407584345,0.3334793359786272,0.016560319811105728,0.06286028027534485,0.04848939543959972,0.0,0.0,0.3440725250276099,0.053516107201203596,0.1866227686405182,1.3870409460814193,1.3400578070864144,,,0.08258861303329468
ENSG00000109787.12,KLF3,0.13716191,0.13716191,-0.18242394924163818,False,0.10033584718908511,1.9694205719162177,0.2721409547021166,5.681917859814152,0.37441035769879827,0.01845860294997692,0.07764822244644165,0.14953303821418434,0.0,0.0,0.2861128056640587,0.05556696471376732,0.24623554944992065,1.5940253122138122,1.8308276139590298,Pre-B small,1.8415582959745352e-08,0.040097594261169434
ENSG00000078177.13,N4BP2,0.07218813,0.07218813,-0.03257918357849121,False,0.09890486514162972,2.875254317790654,0.2960101426122168,3.50605758822707,0.26405889451503745,0.009324842132627964,0.052911385893821716,0.0001956461207776731,0.0,0.0,0.24808936140943622,0.02573350673577046,0.14357183873653412,1.308893267886741,1.7236065813359658,,,0.03079211711883545
ENSG00000168421.12,RHOH,0.051186595,0.10947314,0.1958417296409607,True,0.4998605797912247,5.579420915458073,0.4845820520915657,2.2237023975333687,0.09380867946892979,0.03003006801009178,0.15125687420368195,0.143819520788283,0.0,0.0,0.4006959556980723,0.10143432244182014,0.40369805693626404,1.7482746442436472,0.8576168180057959,"Erythroid early,Erythroid late",8.602691013102321e-49,0.20285803079605103
ENSG00000109171.14,SLAIN2,0.15464641,0.15464641,-0.07982945442199707,False,0.017753903171102658,0.5167496020251412,0.1937622060302545,6.2983697616347705,1.5651700258255006,0.015065432526171207,0.015881957486271858,2.0839785491955046e-11,0.0,0.0,0.45369048552440805,0.07992105615504742,0.05748680233955383,8.286507518524353,2.2223870518855455,Erythroid late,1.1678769294941613e-06,-0.0798182487487793
ENSG00000134851.12,TMEM165,0.2221166,0.2221166,-0.3746994733810425,False,0.02682157907367597,0.6840012444077532,0.231169447211298,5.277494100844518,1.7489572763442993,0.016037657856941223,0.013754758983850479,0.024386826788361037,0.0,0.0,0.2330054269217609,0.055612336001710005,0.05438203364610672,1.9291180207154464,1.3659429384390078,Erythroid late,1.625828945112804e-15,-0.3677256107330322
ENSG00000090989.17,EXOC1,0.28064835,0.28064835,-0.21341300010681152,False,0.024805915063755055,0.7060772392937028,0.2217813816499163,5.489830921036042,1.3167098969221116,0.016330694779753685,0.016743579879403114,0.05425132376841135,0.0,0.0,0.31846038684383615,0.06273732502941785,0.05937320739030838,3.2266348928308717,1.778801648503405,Erythroid late,1.5764137894925893e-05,-0.21341168880462646
ENSG00000047315.15,POLR2B,0.16007856,0.16007856,-0.08857190608978271,False,0.09753672597196741,2.0113047265057764,0.24902396080028183,5.8902174225773924,0.3778837072849275,0.017772288993000984,0.06337441504001617,0.16852723091359753,0.0,0.0,0.33768414631277754,0.05717705145438855,0.2347007542848587,1.56015312918516,1.7729346144688731,"Pre-B small,B naive",0.004300208406019552,-0.07976150512695312
ENSG00000156136.9,DCK,0.02367213,0.02367213,-0.18877089023590088,False,0.2736061300684628,10.617278033439415,0.44199003015880317,3.831019273550204,0.037625274695456026,0.009183921851217747,0.11533212661743164,0.12157446687261314,0.0,0.0,0.2621549124876642,0.02732500879461686,0.3266083598136902,1.3962913133543324,1.1177399289402088,Granulocyte precursor,0.00069270702765497,0.03836435079574585
ENSG00000169429.10,CXCL8,0.0047858455,0.011898484,0.13336730003356934,True,11.851103791558758,67.6191855660416,0.8410786905744699,1.946440093663703,0.03260856698267162,0.050609491765499115,2.5259296894073486,0.11911261294903819,0.0,0.0,0.49735995233369823,0.16067038690079727,7.47748327255249,1.1766113607439836,0.7029591041129555,,,0.13818663358688354
ENSG00000124882.3,EREG,0.031744145,0.060606774,0.029061198234558105,True,0.4524794011852146,7.905216241848616,0.5207400678534145,2.150153910809978,0.06093885172158481,0.016226094216108322,0.1258118450641632,0.08689189029985818,0.0,0.0,0.41340255587688796,0.05029375155356952,0.3333137631416321,1.5941641358613718,0.8827470892360684,Monocyte classical,0.0016350322535684443,0.16036486625671387
ENSG00000109321.10,AREG,0.017882464,0.026221994,0.13531285524368286,True,0.9373586604934251,13.796597412457269,0.48872652589389115,3.007474710694276,0.0564188572950661,0.014743124134838581,0.4252910315990448,0.15697069276499806,0.0,0.0,0.4720115658199493,0.049050268122095446,0.9244931936264038,0.5823492825935175,1.612948312500077,,,0.1403815746307373
ENSG00000163319.10,MRPS18C,0.1670024,0.3532226,0.20086097717285156,True,0.21250518349016623,1.6093422860000857,0.4412619377145394,4.050934464068554,0.17244470804929735,0.027272019535303116,0.07353945076465607,0.1505800721740895,0.0,0.0,0.46113958256838605,0.11347619349721505,0.19392141699790955,1.6857242963671573,1.5404153151326188,"Erythroid late,Pre-B large",7.886516086681034e-05,0.29126352071762085
ENSG00000138678.10,GPAT3,0.082490206,0.32666606,0.12698251008987427,True,0.0666973669253008,1.133268205483667,0.3282250083762299,4.294575226313287,0.9592503324151038,0.02511579915881157,0.041237812489271164,0.16364492262561206,0.0,0.0,0.043805491416132006,0.0725111532013969,0.11887463927268982,1.21663529422446,1.4488249182087125,Monocyte classical,0.0006626950434887374,0.15984869003295898
ENSG00000138639.17,ARHGAP24,0.15824825,0.4566977,0.09928959608078003,True,0.04710028494478366,0.8291265577150788,0.3107838969548929,5.305029277840949,1.145638793706894,0.024529868736863136,0.03211728110909462,0.15985075207644558,0.0,0.0,0.020285746986785216,0.07555768530240581,0.09447512775659561,1.3410935195169635,1.6581049348536128,B naive,0.0007752830704726522,0.12286263704299927
ENSG00000172493.20,AFF1,0.18275452,0.18275452,-0.18493831157684326,False,0.026535528795919344,0.8246399344306172,0.2474232382704632,6.0937830884729145,0.600257613832752,0.01082689967006445,0.022831948474049568,0.07519315609651919,0.0,0.0,0.11279100420048427,0.03555389957463828,0.0794023722410202,1.4202092978954597,2.301531973716678,"Monocyte non-classical,Plasmacytoid DC,Pre-B small,B naive",0.0006008969991302852,-0.06459188461303711
ENSG00000163110.14,PDLIM5,0.11015944,0.11015944,-0.07654929161071777,False,0.058458642165802675,1.6943524284156615,0.2755036861612666,2.692006589230243,0.8298549319803714,0.013192127458751202,0.02587221749126911,1.178867100188261e-13,0.0,0.0,0.2428843400204998,0.04686885935432095,0.07470260560512543,1.3651856970519027,1.157484203219663,,,-0.05655515193939209
ENSG00000153064.11,BANK1,0.04274814,0.06455165,0.12430965900421143,True,0.6790190577921016,10.60398461753332,0.5188698001108367,2.423768026300309,0.051005580313503746,0.02116347849369049,0.1960519552230835,0.1775545990835858,0.0,0.0,0.37713904444846513,0.0651043193177383,0.5248587131500244,1.4517749555205066,0.8736048038813121,,,0.29518574476242065
ENSG00000109320.11,NFKB1,0.11034867,0.11034867,-0.03782856464385986,False,0.11280611472676437,1.7357771008557594,0.4113943974224211,3.045233649895065,0.22184151247143746,0.01889551803469658,0.04024554416537285,0.02955772178721891,0.0,0.0,0.3954263415620704,0.06568174057106724,0.12102512270212173,2.4776088392160722,1.091205071686449,Monocyte classical,2.4841821418286937e-09,-0.02758479118347168
ENSG00000168769.13,TET2,0.19708014,0.19708014,0.0011022090911865234,False,0.07258702351220879,1.057571756985104,0.30078428690571324,3.0822015074477602,0.6464934182167053,0.023903341963887215,0.04076365381479263,0.052454556106484716,0.0,0.0,0.29200814744147646,0.08486085626995532,0.12532012164592743,1.9564108928779245,1.4512664063241574,"Granulocyte precursor,Monocyte classical",0.0011688033200374516,0.02442038059234619
ENSG00000005059.15,MCUB,0.08048265,0.08048265,-0.22206544876098633,False,0.1644226425556919,3.4534855792949,0.21393330127767388,3.1651187560210774,0.45421507872641087,0.02259475737810135,0.08618255704641342,0.025020847060522794,0.0,0.0,0.44331942755378057,0.09010806131020654,0.25190308690071106,3.6138040077045894,1.0913218869384642,,,-0.019220471382141113
ENSG00000174720.15,LARP7,0.54388875,0.54388875,-0.5510010719299316,False,0.03927089781593071,0.5358029217507068,0.15192457781154786,8.894589158379347,1.1208121240139008,0.032784122973680496,0.04533800855278969,0.18587392149160686,0.0,0.0,0.07028299529746118,0.0996035849585084,0.14500753581523895,1.2684397598707944,2.71008607329307,Platelet,7.579631770592039e-26,-0.3412950038909912
ENSG00000145388.14,METTL14,0.20467995,0.20467995,-0.1847083568572998,False,0.018208010137297594,0.6570560654916242,0.2533136708738786,5.847095479183325,0.8336578046778838,0.010491590015590191,0.015930522233247757,0.11546977244175573,0.0,0.0,0.16102199290882396,0.0326026914242159,0.056722696870565414,1.833707570013617,2.3109272634040483,"Monocyte classical,Pre-B small,B naive",0.0007869886024380564,-0.09523773193359375
ENSG00000138688.15,KIAA1109,0.18608724,0.18608724,-0.13555657863616943,False,0.036693004335852535,1.1152583377510785,0.2440655571826742,5.291000107582736,0.6374521879907007,0.014113935641944408,0.027582155540585518,0.09559738392377491,0.0,0.0,0.19954025420698962,0.049335634695605535,0.09887678921222687,2.290794181672527,1.7960914662851588,Monocyte classical,2.7331783993113164e-36,-0.09261846542358398
ENSG00000077684.15,JADE1,0.027036635,0.027036635,-0.021837711334228516,False,0.04127442361688505,1.425865759731507,0.1812817028088501,2.499637641561059,0.8350427864491938,0.011264142580330372,0.02337021194398403,0.0001622589374241356,0.0,0.0,0.4776638390707847,0.056911640745533454,0.07141483575105667,2.85964598047438,1.5096420339141567,Erythroid late,9.545745305062894e-16,-0.02168118953704834
ENSG00000164167.10,LSM6,2.2102852,2.2102852,-0.05995440483093262,False,0.037657558274396874,0.1366587803721637,0.1768223369486596,8.184527333955728,3.8521358966827393,0.11577747762203217,0.03506463021039963,0.20389013063615039,0.0,0.0,0.110198144673895,0.3442203313837666,0.12021927535533905,1.185991529067959,2.299300648361269,"Granulocyte precursor,Monocyte classical,Erythroid late",0.008533231784048455,-0.05332231521606445
ENSG00000121210.15,TMEM131L,0.050555445,0.21077582,0.2154245376586914,True,0.1270055950187037,1.764708287680264,0.39206811320569274,4.201344263015012,0.3840773160258929,0.022894853726029396,0.07186318188905716,0.1306037685313337,0.0,0.0,0.2983169409821793,0.06741599936841201,0.21061547100543976,1.0367680339352754,1.635229901709135,"Pre-B small,B naive",0.0002806001170557203,0.24691110849380493
ENSG00000109756.8,RAPGEF2,0.11904429,0.11904429,-0.12389898300170898,False,0.04757950048445655,1.1425508100257293,0.2619210805766419,4.23052161439596,0.8975542545318603,0.013960649259388447,0.020998036488890648,1.7457418786781632e-14,0.0,0.0,0.40560681514648295,0.051097146525663106,0.0878768265247345,2.4266700814012974,1.4168070019606607,,,-0.12223577499389648
ENSG00000129128.12,SPCS3,0.07285161,0.07285161,-0.48627567291259766,False,0.2830735850006641,5.177260692525913,0.3394398049861331,3.0348778450218084,0.07328661013394597,0.018833376467227936,0.12142422795295715,0.08271469439168506,0.0,0.0,0.41526868281155,0.05883791211451417,0.3538409173488617,1.7368521957752345,1.1830435740578382,Plasmacytoid DC,3.877902164683209e-06,0.07524847984313965
ENSG00000154153.13,RETREG1,0.104921445,0.24414034,0.10899072885513306,True,0.07331246434173182,1.1305123046513545,0.2183216873262169,10.789048386880625,0.44939960920148425,0.014248942956328392,0.03575802221894264,0.0006098521633998497,0.0,0.0,0.45628194626232926,0.046774925697986365,0.31319719552993774,2.0786459866888904,2.219808663039513,,,0.13972151279449463
ENSG00000056097.15,ZFR,0.061036423,0.061036423,-0.07137787342071533,False,0.03213068046333525,1.3148932091924972,0.19637485961940265,6.360392570588639,0.6371296957880259,0.01146937720477581,0.031187834218144417,0.08035891262040877,0.0,0.0,0.24951768667797952,0.041266891806627015,0.10058945417404175,2.4958799208180955,2.1455716528682305,Pre-B small,5.786527388900742e-08,-0.05278944969177246
ENSG00000215158.9,AC138409.2,0.15065384,0.15065384,-0.20993316173553467,False,0.020109700552310684,0.5856764068274005,0.21400981376275885,5.403634369180946,1.1840443521738053,0.010033611208200455,0.011439922265708447,4.540997438862532e-05,0.0,0.0,0.33937871600052794,0.031864425772886396,0.04300939664244652,1.4923520535530588,1.9467404718207624,,,-0.20936977863311768
ENSG00000113456.18,RAD1,0.15425299,0.15425299,-0.2499704360961914,False,0.05610514425912914,2.03615742865118,0.2558835574541425,5.106098267976941,0.42489681236445903,0.010882609523832798,0.034512653946876526,0.0788008836849634,0.0,0.0,0.059180832785372034,0.03362837562080268,0.10108862817287445,1.3655188891065122,1.48335340540667,Pre-B small,0.0005833689682303232,-0.015803098678588867
ENSG00000113569.15,NUP155,0.10451273,0.10451273,-0.04431641101837158,False,0.038601408418856085,1.4645281071928578,0.20388450905817593,2.657075769143524,0.8968890309333801,0.01029020082205534,0.017209822311997414,3.3315263232281047e-11,0.0,0.0,0.45338352263885556,0.05294046503530314,0.0532054677605629,4.129249235102426,1.1847942425675941,,,-0.041521310806274414
ENSG00000164327.12,RICTOR,0.2809779,0.2809779,-0.26285600662231445,False,0.03611672563703093,0.771354811766554,0.23140339362765108,5.35506694642922,0.8763961851596833,0.0179953183978796,0.032339971512556076,0.1110746579618786,0.0,0.0,0.26022837063510995,0.06293197155812535,0.1061219796538353,2.4003879718040353,2.3298388049727126,"Pre-B small,B naive",1.335932011475329e-07,-0.10656416416168213
ENSG00000082074.15,FYB1,0.020980198,0.054798782,0.07083815336227417,True,1.0334764399000564,10.820372521879369,0.6097300953146793,2.1698306185938536,0.04296922679990531,0.02272864431142807,0.24992966651916504,0.09378447671845697,0.0,0.0,0.4768061910682622,0.08901005195755386,0.5520963668823242,1.9914986973571167,0.9678604870038797,,,0.16997438669204712
ENSG00000132356.11,PRKAA1,0.2485455,0.2485455,-0.24148762226104736,False,0.022456187230219308,0.6421022308565493,0.22622303778437314,6.012946170036724,1.000269529223442,0.014171186834573746,0.01912594772875309,0.07493527985281981,0.0,0.0,0.23308585183812452,0.05223590113742115,0.06621444225311279,3.1112291593269203,2.2069974824012903,Monocyte classical,4.8065444226111625e-12,-0.18609774112701416
ENSG00000112972.14,HMGCS1,0.13067077,0.13067077,-0.10616409778594971,False,0.02706804862873689,0.8629487156021086,0.2402735761906434,5.363950050126638,0.9652508527040482,0.012551219202578068,0.018854442983865738,0.03784452492980652,0.0,0.0,0.16526442905493144,0.04021731627752589,0.06106673181056976,1.795331018258983,1.740775667763539,,,-0.08584165573120117
ENSG00000170571.11,EMB,0.008223994,0.008223994,-0.05781900882720947,False,0.22965466501234555,5.894738922112064,0.38546390374861433,2.5336761432312094,0.1272780086224278,0.010287747718393803,0.07308284193277359,0.00263677701143871,0.0,0.0,0.17880291330246356,0.027707549754273808,0.18725308775901794,0.9202387573322844,1.0329605892724056,B naive,5.7955975789218475e-06,-0.026607871055603027
ENSG00000067248.9,DHX29,0.15005629,0.15005629,-0.1004178524017334,False,0.031415674392688164,0.747743892006416,0.17477779275184102,6.875527486724663,0.6756580971181394,0.01608089543879032,0.03207096457481384,0.10137892204335201,0.0,0.0,0.3160114932034592,0.06342460490590618,0.09614700078964233,2.2441585452571053,2.6671590168522177,,,-0.1000051498413086
ENSG00000134352.19,IL6ST,0.16654314,0.16654314,-0.04603874683380127,False,0.08808325963929332,1.571720913868679,0.32657064523466056,4.102792871227622,0.5299181364228327,0.018724000081419945,0.041841059923172,1.6251491527510277e-08,0.0,0.0,0.48781572910025117,0.06731585978980982,0.2739773392677307,3.969560967061474,1.4048418770074813,Monocyte non-classical,8.222729066893956e-12,0.05295306444168091
ENSG00000113448.18,PDE4D,0.21817213,0.21817213,-0.05220234394073486,False,0.12025642915246737,1.531086649554391,0.3337522400516016,4.141365389532169,0.6626191447178522,0.024545976892113686,0.04753963276743889,0.06290295464303595,0.0,0.0,0.32947569489137074,0.08000439619876952,0.14212682843208313,1.8587769391228073,1.2649569101735425,,,-0.03043186664581299
ENSG00000153006.15,SREK1IP1,0.05396675,0.05396675,-0.2719104290008545,False,0.05988375713981943,2.660842745477291,0.25469165878733013,6.55825504762829,0.09324816852807999,0.00870791357010603,0.04412407428026199,0.12443021939460595,0.0,0.0,0.10390838853652246,0.028538312171615846,0.15256735682487488,2.1694056090343667,1.9043302809602969,"Monocyte classical,Pre-B small",0.001314566194418942,-0.03771400451660156
ENSG00000164331.9,ANKRA2,0.192406,0.192406,-0.2223834991455078,False,0.029376562373376665,0.9894496862464196,0.25586627912228116,4.511181620497413,0.7002067460119725,0.011755875311791897,0.022623378783464432,0.12593201752039962,0.0,0.0,0.13446272539837917,0.03705978465486792,0.0741114616394043,1.5654111958216346,1.9449514100350447,B naive,3.145698888150954e-05,-0.07860839366912842
ENSG00000164253.13,WDR41,0.17535329,0.17535329,-0.07002663612365723,False,0.03332811126090723,1.240047862949743,0.23027887036705888,4.514596741994707,1.1826099067926408,0.010410473681986332,0.014524891972541809,5.490819023170969e-18,0.0,0.0,0.3442587765163799,0.040969764628064,0.059045951813459396,2.45087013788026,1.181390018015676,Monocyte classical,8.017740001732425e-09,-0.06284058094024658
ENSG00000132842.13,AP3B1,0.09551087,0.09551087,-0.14797985553741455,False,0.0408155477635514,1.2256417250057965,0.2104758496086241,4.058288855484332,0.6524098248034715,0.013278338126838207,0.03526115044951439,0.09356309802754754,0.0,0.0,0.21747995360300298,0.04409267003571359,0.11720019578933716,1.882800660347286,2.1666523409373313,B naive,0.008523527508550132,-0.03538167476654053
ENSG00000145687.16,SSBP2,0.025686763,0.06124022,0.1575196385383606,True,0.3191721114195939,5.032526050127564,0.3270006746564732,3.4184277145416497,0.15657158479094507,0.019341683015227318,0.18509289622306824,0.06856580441381509,0.0,0.0,0.4537121343535947,0.0675567245791644,0.4958649277687073,1.6519723791371348,1.7482060236780654,,,0.15845096111297607
ENSG00000174695.9,TMEM167A,0.0031168277,0.0031168277,-0.04630231857299805,False,0.2223370202648463,5.632492956792653,0.31199108477772086,4.444626713815119,0.09570270363862313,0.00889892689883709,0.11770365387201309,9.225445717998988e-12,0.0,0.0,0.3083383913939093,0.02200272341212006,0.3406852185726166,0.937768636968636,2.012819655944355,,,-0.017431020736694336
ENSG00000134480.13,CCNH,0.9478708,0.9478708,-1.0568623542785645,False,0.025976767555644372,0.240741278402263,0.15982413286981936,8.156521672600254,2.827662625908852,0.038567882031202316,0.020970718935132027,0.23286073164223017,0.0,0.0,0.14187578540466006,0.11477945021823643,0.0703495591878891,0.9009290677248288,2.332955981991952,Dendritic cell,2.144938839246967e-22,-1.0064976215362549
ENSG00000081189.15,MEF2C,0.350977,0.63477,0.1572982668876648,True,0.09435306270710933,0.3410202913223144,0.2019567122248872,14.516060829247811,1.0263584281504154,0.09427082538604736,0.13019710779190063,0.25863014799851186,0.0,0.0,0.30690990708021765,0.2490395760025859,0.3459133505821228,0.7493417652616197,3.558122317953716,Pre-B small,6.135754444454747e-08,0.16349011659622192
ENSG00000113369.8,ARRDC3,0.050427858,0.050427858,-0.1072530746459961,False,0.2666997336974035,4.164679241202647,0.2760443870741466,4.7103223803545795,0.201220281701535,0.020624391734600067,0.1668131947517395,0.0868248809268751,0.0,0.0,0.42137497245691596,0.06511229797075524,0.5024535655975342,1.4308232277196729,1.6646422057607222,,,-0.024059534072875977
ENSG00000153922.10,CHD1,0.52351665,0.52351665,-0.30916428565979004,False,0.12121659181022112,0.7796796037961069,0.26382534186594725,5.390615037601526,0.9721253663301468,0.051177505403757095,0.06346642971038818,0.2239564738735844,0.0,0.0,0.2859978883889298,0.15248449285723,0.21273007988929749,1.0525925778154614,1.670083043777136,Monocyte classical,1.9366971539503866e-05,-0.2748703956604004
ENSG00000198961.9,PJA2,0.16168156,0.16168156,-0.37202370166778564,False,0.06535567017288678,1.348097462268865,0.2383637753428353,4.868953385287087,0.6465453448891638,0.020168455317616463,0.04749314859509468,0.13518456720632113,0.0,0.0,0.22083038207032063,0.06661588621221172,0.15921638906002045,1.9321166223911637,1.746775301351859,Monocyte classical,3.084450070758039e-05,-0.31231987476348877
ENSG00000129625.12,REEP5,0.05177459,0.05177459,-0.19087755680084229,False,0.11103590282262572,3.0842566405886878,0.18746542514097578,4.803186081812257,0.34966208785772324,0.016154427081346512,0.07623018324375153,0.12259111669915057,0.0,0.0,0.2857714070090204,0.05142828304077972,0.22130508720874786,1.2050419415381382,1.5261520026926527,B naive,0.0008990110429102165,-0.1518312692642212
ENSG00000164221.12,CCDC112,0.008083072,0.008083072,0.018661022186279297,False,0.6532475017800935,13.079511188976245,0.4129052589985587,3.7394720040991256,0.05154246409423649,0.008887706324458122,0.24442610144615173,1.0646919548442839e-14,0.0,0.0,0.48484798891396613,0.030638607740924858,0.9817097187042236,1.0351796657207346,1.8022689546457364,,,0.01869332790374756
ENSG00000145782.12,ATG12,0.19566673,0.19566673,-0.4107292890548706,False,0.05199071603859819,1.2873547115901127,0.2203798482956237,6.207874300121168,0.5560755759477616,0.01803443394601345,0.047025855630636215,0.16063196765691282,0.0,0.0,0.12644487730174048,0.055237609854430055,0.15145613253116608,1.7336308714447743,2.126793136077313,Pre-B small,0.0017190935517028638,-0.0482100248336792
ENSG00000125347.13,IRF1,0.028913142,0.028913142,-0.1348172426223755,False,0.2004914372526243,3.233381411372293,0.06547161814219842,15.708742485315856,0.07352033243514597,0.014380576089024544,0.17481748759746552,,0.0,0.0,0.4950644932172876,0.06308857274766666,2.043910503387451,,3.9524910577114234,,,0.020329713821411133
ENSG00000072364.12,AFF4,0.4543465,0.4543465,-0.31286871433258057,False,0.05498357583000491,0.8019507973216756,0.23092108683545937,5.37591200949711,1.0589966918528075,0.026740597561001778,0.03844446316361427,0.21190880503828757,0.0,0.0,0.0906293763464916,0.07863748009438298,0.11367985606193542,1.02927834733717,1.7927303776609496,B naive,0.0007488772144343306,-0.3046373128890991
ENSG00000155329.11,ZCCHC10,0.10728663,0.10728663,-0.048995375633239746,False,0.10534516312818262,1.6366621103555168,0.22527834016791656,6.230649179277124,0.3294174037873745,0.021396027877926826,0.07956511527299881,0.12522242982273385,0.0,0.0,0.3716155456835407,0.07218903612432381,0.27779844403266907,1.9788879060550915,2.055724096579554,"Monocyte classical,Erythroid late",3.8369355317607824e-10,-0.045615553855895996
ENSG00000031003.10,FAM13B,0.23739128,0.23739128,-0.2584432363510132,False,0.028973341511725908,0.7409091795754933,0.20370384000638275,6.506383302481949,0.9142378946145375,0.01629170961678028,0.022868987172842026,0.09677307953901805,0.0,0.0,0.1644010993436858,0.05701614351591112,0.08169987797737122,2.063246629484923,1.9893197599957018,Monocyte classical,0.0006660408354570974,-0.25719308853149414
ENSG00000170476.15,MZB1,0.013429717,0.06323117,0.450808584690094,True,2.535960907924846,13.110832280837036,0.8019744522230925,2.454038524794203,0.04050037778913975,0.04797126352787018,0.5596595406532288,0.2455180560869301,0.0,0.0,0.4748335934437942,0.1352134510870826,1.4558327198028564,0.6477679391785744,0.8474677758117561,,,0.45409661531448364
ENSG00000113070.7,HBEGF,0.013244602,0.025283294,0.023647010326385498,True,0.47881789479502934,7.329518040739312,0.43346800308675176,1.6470714934040447,0.18521397188305855,0.01766076125204563,0.11680778115987778,2.4370460439608835e-06,0.0,0.0,0.45742214860593833,0.07103490804425407,0.3200329542160034,2.2252981103939136,0.7734640364123282,,,0.043599843978881836
ENSG00000170445.12,HARS,0.0049096746,0.0049096746,-0.015467286109924316,False,0.19193220465307134,9.466948115953743,0.21861572081960803,1.7260648710072657,0.16316607991854348,0.006113422103226185,0.06001041829586029,,0.0,0.0,0.2563257649725146,0.01818985070908497,0.13404998183250427,,0.9850445642634198,,,-0.010122060775756836
ENSG00000131504.15,DIAPH1,0.2221156,0.2221156,-0.006654858589172363,False,0.06147766217901231,1.0996128151465299,0.2655314503305458,5.673480345723775,1.0713971883058548,0.026102440431714058,0.04019893705844879,0.11650232761830794,0.0,0.0,0.18561766321077394,0.08167638742217598,0.12877558171749115,1.6460415657710286,1.544088742745621,,,0.012767255306243896
ENSG00000113580.14,NR3C1,0.16525362,0.16525362,-0.09844505786895752,False,0.11119129988901218,2.283240860089865,0.31199081472426154,3.8888980820331494,0.5222968652844431,0.018335163593292236,0.049761153757572174,0.0993618549875505,0.0,0.0,0.2930389290481876,0.06022142298762745,0.16475871205329895,1.5875227640809495,1.1886497863821688,,,-0.07409608364105225
ENSG00000019582.14,CD74,0.05157078,0.07102514,0.37797385454177856,True,36.88780375680466,24.82183036336389,1.4842936118747876,8.705975637341465,0.02781025513075292,0.4367668628692627,7.970411777496338,0.5449784350085282,0.0,0.0,0.4984180093674189,1.1128640933722593,19.3398380279541,0.1529316269659726,0.7001772456252437,,,0.764593631029129
ENSG00000086589.11,RBM22,0.023732057,0.023732057,-0.035349130630493164,False,0.1189606522606887,2.076640886506725,0.2138917151743663,2.237322184076617,0.167957621589303,0.01383306086063385,0.04756314679980278,1.4726821434748816e-31,0.0,0.0,0.4769847456791673,0.05490029280884733,0.14261369407176971,1.4597547818892203,1.4192015807005829,Monocyte classical,4.1093185188528015e-06,-0.006597638130187988
ENSG00000132912.12,DCTN4,0.24988362,0.24988362,-0.27471399307250977,False,0.048298514927789735,0.8514095647004138,0.2356210163529297,5.813396845529908,0.8495433561503887,0.02053857408463955,0.03257718309760094,0.11321593866363337,0.0,0.0,0.2360307570380007,0.07565878082825163,0.113141268491745,2.050371540417576,1.8629650185150568,Monocyte classical,1.2276044928718395e-13,-0.27269697189331055
ENSG00000145901.14,TNIP1,0.695756,0.695756,-0.9942479133605957,False,0.02703102428204777,0.26681644707433766,0.15761618281242662,9.206454067545822,2.0636569261550903,0.03383312374353409,0.024592114612460136,0.19993204700125333,0.0,0.0,0.18366949229089963,0.11102752404874751,0.08082140982151031,1.0906414168944227,2.724213599057945,,,-0.9608607292175293
ENSG00000198624.12,CCDC69,0.017040022,0.017040022,-0.05154705047607422,False,0.6581354507179535,11.975704750696398,0.8447830360060608,1.946547960215711,0.05520087188109754,0.012071589939296246,0.10332855582237244,2.6547286128827794e-17,0.0,0.0,0.38817757358289573,0.04135405508549984,0.3304448127746582,1.483708306121181,0.612643758221426,,,0.007648587226867676
ENSG00000177556.11,ATOX1,0.018631112,0.018631112,-0.12205064296722412,False,0.2229472030932013,2.7652928961631473,0.3708952478180051,5.533636327031023,0.17992708180099726,0.02787577547132969,0.12200593948364258,1.2634319335377224e-11,0.0,0.0,0.46117892808228084,0.09082324596304313,0.3997769355773926,2.3262406799458963,1.5827520067140033,,,0.006568789482116699
ENSG00000113282.13,CLINT1,0.07198715,0.07198715,-0.0893397331237793,False,0.038742143284662856,1.0837708362587832,0.17063481050490367,5.471007135928239,0.41489135799308596,0.012535874731838703,0.03824694827198982,0.05038404353249778,0.0,0.0,0.17335235990378767,0.04315640700641232,0.13854481279850006,1.5994339282799805,2.5336532141599575,Pre-B small,1.9738209940898065e-14,-0.054936766624450684
ENSG00000164330.16,EBF1,0.0070854723,0.030261865,0.13663756847381592,True,0.6485648191391524,8.252762036701847,0.46273062245925667,2.444693410891635,0.08923347853124142,0.017048025503754616,0.22066235542297363,4.020837216415608e-19,0.0,0.0,0.41762307566317425,0.05292891815054101,0.4900553226470947,0.76739177549062,1.3443366323187642,,,0.1546953320503235
ENSG00000145860.11,RNF145,0.30396488,0.30396488,-0.0286252498626709,False,0.15050500110864845,1.097342345231731,0.38840759471506314,8.521817790531916,0.6077085544914007,0.03622964769601822,0.10328613221645355,0.17332614769632987,0.0,0.0,0.40027395865154725,0.11477763449263723,0.3200729787349701,1.0962946657126298,2.0041558353740085,,,0.29760611057281494
ENSG00000043462.11,LCP2,0.053333312,0.14220273,0.026659011840820312,True,0.16782533001488867,2.203833028454513,0.45086165920402416,1.9955981041702995,0.22622443780302998,0.02461707405745983,0.051416050642728806,0.020697733943006707,0.0,0.0,0.4069114126734983,0.08352668554472231,0.13067516684532166,1.6138516032670411,0.9003413876218076,Monocyte classical,4.881810043389787e-05,0.06739306449890137
ENSG00000072803.17,FBXW11,0.0974227,0.0974227,-0.06460201740264893,False,0.027893731172885065,1.0979576730062974,0.2497317507527499,5.475844539352741,0.8261365735530855,0.012168791145086288,0.023972678929567337,0.06192630565596523,0.0,0.0,0.162761812055933,0.039276314747688446,0.08137490600347519,2.5199123287638816,1.8615369320445543,"Granulocyte precursor,Monocyte classical",0.000766850092642836,-0.055104732513427734
ENSG00000072786.12,STK10,0.32510754,0.32510754,0.004485011100769043,False,0.060243172916339044,1.0809983289561769,0.331226741620403,5.69123609994575,0.7152664959430695,0.023220522329211235,0.04166233167052269,0.1521439745126809,0.0,0.0,0.19748619338850543,0.07300961895722934,0.11948320269584656,1.6946840024141916,1.7427531057817038,,,0.04942041635513306
ENSG00000120129.5,DUSP1,0.0040662102,0.0040662102,0.005152225494384766,False,12.9819314626417,144.0191888682611,0.6766237695766171,2.4249208108298075,0.003329850677400827,0.02047557942569256,2.9054489135742188,0.17348665025559107,0.0,0.0,0.4970509001024899,0.06501716641372467,7.222111701965332,1.013873842457222,0.8445199292614308,,,0.08536386489868164
ENSG00000175416.12,CLTB,0.031061353,0.031061353,-0.037526726722717285,False,0.14140888770365695,3.6045459131234305,0.28049825456965694,3.3348443067903184,0.09320193160325288,0.012467792257666588,0.06320718675851822,0.09055171376012126,0.0,0.0,0.32620587005244306,0.04357689210433202,0.19130536913871765,1.898798193578993,1.3361337460344525,Monocyte classical,3.4627880582616734e-10,-0.022730112075805664
ENSG00000087206.16,UIMC1,0.40682358,0.40682358,-0.15285515785217285,False,0.025662246967242574,0.49276129340460706,0.21552061284530127,7.040811652182391,1.3310546323657038,0.02169102616608143,0.025666389614343643,0.06609948007443225,0.0,0.0,0.365307768364162,0.08957410440893868,0.08676692843437195,4.243141347349722,2.4913583271921844,Platelet,6.824258985925926e-30,-0.12825417518615723
ENSG00000175309.14,PHYKPL,0.27968404,0.27968404,-0.11407434940338135,False,0.04883281842713778,1.159919226411413,0.30457818511258017,5.3089293407193985,0.5856622070074082,0.017074069008231163,0.03928426280617714,0.17505736915559247,0.0,0.0,0.08339687132108609,0.04978413069978593,0.11702615022659302,1.4033829208217001,1.9835988039450052,"Plasmacytoid DC,Pre-B small",7.701000440015593e-06,0.020944535732269287
ENSG00000169045.17,HNRNPH1,0.04233727,0.04233727,-0.1184244155883789,False,0.20289208701641967,4.362211839623242,0.1522295850060855,8.231952704742419,0.1707950033247471,0.024248939007520676,0.23426182568073273,0.10272003731261187,0.0,0.0,0.4597748940599611,0.08915831022100384,0.8066393136978149,2.6702203506713342,2.4125674025963404,,,-0.06058180332183838
ENSG00000113269.13,RNF130,0.06222877,0.06222877,-0.5564254522323608,False,0.5241359310408005,7.856778959911632,0.4837815376684783,3.13616975883653,0.05719994824379683,0.019111454486846924,0.1578701138496399,0.16613842894724865,0.0,0.0,0.43391359885401026,0.06135114351161075,0.4183742105960846,1.4728518849426142,1.0013187502033327,,,0.12545281648635864
ENSG00000131446.16,MGAT1,0.29375878,0.29375878,-0.382765531539917,False,0.2706922729265275,2.1543025621320435,0.49401755363662403,3.482492321925268,0.1824737450480461,0.037248823791742325,0.09492161870002747,0.16389909380051687,0.0,0.0,0.3647528620099015,0.10712549088751899,0.26205456256866455,1.482113745827578,1.0874993803745274,Platelet,0.0033298600178389855,0.1887996792793274
ENSG00000247516.6,MIR4458HG,0.62966526,0.62966526,-0.2572280168533325,False,0.015701427009336872,0.2788764946030685,0.20875194798477006,5.92695061294787,2.434139469265938,0.018885117024183273,0.012219537980854511,0.037234146539590424,0.0,0.0,0.12379495029837645,0.05747199753008525,0.038732752203941345,1.0831321609090856,2.2041786480263084,,,-0.25459980964660645
ENSG00000145495.15,MARCH6,0.4323378,0.4323378,-0.25046849250793457,False,0.04295541389948979,0.9342708039429004,0.2313319683391356,6.606520123434539,0.9323477089405059,0.024193616583943367,0.035031333565711975,0.11973426465573683,0.0,0.0,0.15226279792883507,0.08143410422827824,0.11478303372859955,2.340237528408404,1.875935806347433,"Granulocyte precursor,Platelet",0.00022200383491909013,-0.15903353691101074
ENSG00000154124.4,OTULIN,0.031220954,0.031220954,-0.021695852279663086,False,0.0359249394405392,1.0374014375086533,0.23345798017401356,2.845457232654252,0.7288629613816738,0.00961909256875515,0.020785897970199585,3.9563242141033835e-14,0.0,0.0,0.4358708482683297,0.03546312183566869,0.07705241441726685,1.670735205874561,1.7854227229993225,Pre-B small,0.002818592125459457,-0.016545653343200684
ENSG00000168724.14,DNAJC21,0.072723284,0.072723284,-0.08029580116271973,False,0.032230677986278336,0.733137940548598,0.1971298497348043,4.181366362028544,0.7499962862581016,0.013270815834403038,0.026939889416098595,1.5650961172475667e-51,0.0,0.0,0.2890788211171779,0.044829297531090447,0.11275914311408997,1.2711472918285884,2.373371315695061,Platelet,4.2793771318521425e-61,-0.022528648376464844
ENSG00000164190.17,NIPBL,0.2718528,0.2718528,-0.17453038692474365,False,0.08805566061831753,1.321206876088109,0.2884058635053617,5.236260127892574,0.8104822039604187,0.027079371735453606,0.05011714994907379,0.12008861843532836,0.0,0.0,0.3643237924936566,0.09287232574216375,0.201893150806427,2.332845475967672,1.4708427788992997,Pre-B small,1.1494109052419645e-09,-0.15890729427337646
ENSG00000151883.17,PARP8,0.28024396,0.28024396,-0.05839216709136963,False,0.06197612383208508,1.0388058942345106,0.31544983940657056,4.7990493052823355,0.7366817891597748,0.024159306660294533,0.0382605604827404,0.10349843039611145,0.0,0.0,0.2605717375750519,0.08087913120223522,0.11591719090938568,2.0446024784892027,1.5245176184561091,Monocyte classical,4.266524424614209e-05,-0.028164267539978027
ENSG00000095015.5,MAP3K1,0.063320845,0.063320845,-0.05991053581237793,False,0.3377646044212864,6.058384687999941,0.6241439667598909,1.848752179922223,0.09126462064683435,0.014269030652940273,0.07387437671422958,0.07569220708591674,0.0,0.0,0.3894310022279215,0.04872140854649842,0.22249457240104675,1.6660758243353673,0.7691039332237329,Monocyte classical,7.109882625181356e-06,0.0029931068420410156
ENSG00000062194.15,GPBP1,0.08755367,0.08755367,-0.1137537956237793,False,0.33178685099786753,4.751010963648612,0.40973060300008357,2.877291346299495,0.08649481046944854,0.020191911607980728,0.11030347645282745,0.11837183438874326,0.0,0.0,0.4214792576604659,0.07330044254094492,0.33107322454452515,2.0499063938219284,1.0101894309463975,Plasmacytoid DC,2.1792027944178797e-15,0.04416084289550781
ENSG00000068796.16,KIF2A,0.070656784,0.4961453,0.6120580434799194,True,0.06355567388825466,1.4145954996298375,0.30269673972861216,4.855019621534979,0.5986719571881823,0.01585942693054676,0.031936388462781906,1.3185119071734193e-09,0.0,0.0,0.46143620228737775,0.0739811790933098,0.22246165573596954,3.3836728823393476,1.4591163136714767,Platelet,0.0,0.6300423741340637
ENSG00000113597.17,TRAPPC13,0.12622038,0.12622038,-0.08340036869049072,False,0.020813838423785126,0.7671649867311633,0.2399888574224043,5.071631585735884,0.631286062896252,0.010100516490638256,0.015119909308850765,0.0051594903264481655,0.0,0.0,0.35564606680747834,0.03830751839919499,0.054438602179288864,2.6185344164931736,1.951267608614452,"Pre-B small,B naive",0.006687879072874773,-0.07616090774536133
ENSG00000112851.14,ERBIN,0.14296661,0.14296661,-0.11250722408294678,False,0.04936547453052867,1.2297585002375895,0.22940040266866477,5.376674094750627,0.5034391291439533,0.016416437923908234,0.03994551673531532,0.14002937689384598,0.0,0.0,0.1783531261263928,0.054280493342065306,0.13173094391822815,2.097694360293762,1.9786513379490847,Pre-B small,0.0006412892714785968,-0.0984501838684082
ENSG00000153914.15,SREK1,0.21301347,0.21301347,-0.14483928680419922,False,0.05973934567321094,1.4450618835765787,0.19883359760106636,6.120062936589813,0.5940910631418226,0.022331129759550095,0.052436280995607376,0.11225924994195734,0.0,0.0,0.31712915559003363,0.07936538008926419,0.17171451449394226,2.719061375352135,1.9668428353360434,Monocyte classical,7.379866754693397e-10,-0.12007546424865723
ENSG00000145675.14,PIK3R1,0.032285113,0.032285113,-0.013337969779968262,False,0.17738006694934344,4.505998187364759,0.33151456744406155,2.7477722628307335,0.2168797016267975,0.011941972188651562,0.06970014423131943,1.5388418500411028e-23,0.0,0.0,0.2723632339802148,0.039298583994832104,0.1976732611656189,1.5313368165539107,1.1102475138450685,Granulocyte precursor,1.5733493559793493e-07,-0.007916450500488281
ENSG00000134056.11,MRPS36,0.030710354,0.030710354,-0.09711873531341553,False,0.10582426094768481,3.0520460703864596,0.20218109643874688,4.178665915907635,0.25990179039537914,0.014752749353647232,0.07648785412311554,0.007053837685582835,0.0,0.0,0.38418914247429814,0.043363208127250794,0.23300543427467346,1.9823634838228035,1.5288713540260919,"Monocyte classical,B naive",0.000855650830098021,-0.0036842823028564453
ENSG00000152942.18,RAD17,0.06290527,0.06290527,-0.0032862424850463867,False,0.05098350757360918,1.1066348967303457,0.18760197568095313,2.0920434356259388,0.9592325896024705,0.010754644870758057,0.017658455297350883,0.002104362033783329,0.0,0.0,0.48308589381409994,0.10661516641453518,0.05175419896841049,20.530927777745976,1.1445848123245044,,,0.00509411096572876
ENSG00000145734.18,BDP1,0.19685844,0.19685844,-0.12456285953521729,False,0.05319053687438971,1.325518483913696,0.24951276646324436,5.546300670801904,0.46680189068118727,0.015954745933413506,0.043264713138341904,0.19053034036012756,0.0,0.0,0.14436874491031293,0.05211773693862742,0.13244546949863434,1.3385378202846112,2.045776275955176,"Granulocyte precursor,Monocyte classical",2.6615055363037687e-05,-0.045557498931884766
ENSG00000083312.17,TNPO1,0.21545324,0.21545324,-0.15907645225524902,False,0.03052138219348249,0.853807569874507,0.2489230608454622,6.030940278614338,0.701412556320429,0.013951273635029793,0.025177747011184692,0.154367505668413,0.0,0.0,0.13781007980466448,0.046875579392184896,0.08106120675802231,1.7805434135567795,2.11369823458124,Granulocyte precursor,2.52699563633952e-15,-0.11268496513366699
ENSG00000049860.13,HEXB,0.20971842,0.20971842,-0.03673386573791504,False,0.2554700106706443,2.882353625270757,0.3543378464394808,2.41428740669115,0.14747042924165726,0.027185652405023575,0.0871037021279335,0.1462117116250205,0.0,0.0,0.36142271585623514,0.08876511193218661,0.2119034081697464,1.8391288057238553,1.0560226014158418,Monocyte classical,0.0003163966325076922,0.11409229040145874
ENSG00000113161.15,HMGCR,0.039725777,0.18457486,0.03284794092178345,True,0.02969973354127409,0.6038807270746814,0.26917454684095055,3.799710557195097,1.227094542980194,0.017314309254288673,0.021870506927371025,2.5830295652013713e-13,0.0,0.0,0.4591516431462575,0.08419217525069556,0.08184923231601715,2.5431361110077715,2.091715042092158,Granulocyte precursor,1.8480783889859333e-06,0.04890209436416626
ENSG00000164329.13,PAPD4,0.19260603,0.19260603,-0.15296494960784912,False,0.026075763422865945,0.7798699446318366,0.1986977154850831,6.352237079732314,0.7090245515108109,0.015049254521727562,0.026000985875725746,0.09306611798846313,0.0,0.0,0.26310706923790406,0.05610513087131874,0.08617618680000305,3.3756038723040747,2.2984799863045513,"Monocyte classical,B naive",0.0038189272774030556,-0.14152741432189941
ENSG00000113318.9,MSH3,0.1502803,0.1502803,-0.07051396369934082,False,0.03890341891156339,1.103680278781712,0.28334995008104796,6.291628197726818,0.5641198696196081,0.012043665163218975,0.02528134174644947,0.010774829037912324,0.0,0.0,0.40412563902907983,0.03986896564683429,0.10054002702236176,2.2788268265853917,1.8068485930325524,Pre-B small,2.0867847428295434e-06,-0.04576385021209717
ENSG00000038427.15,VCAN,0.051237937,0.06534549,0.5259038209915161,True,3.5589727778911375,15.710612067537024,0.9188937462244869,3.2871285015320373,0.037037713006138805,0.07312888652086258,0.932924747467041,0.2273237258628227,0.0,0.0,0.4733266756818645,0.22618173753485846,2.4131217002868652,0.9673771415590584,0.7878487725148277,,,0.5486177802085876
ENSG00000153113.23,CAST,0.2178734,0.5247445,0.06311869621276855,True,0.14983281730381437,0.7440338693450842,0.33026211667802247,7.7694469833395825,0.710548817316691,0.06827811896800995,0.12163656949996948,0.23750394386005802,0.0,0.0,0.3446883933374507,0.2050922202042784,0.30410557985305786,0.8712913605676272,2.0523106614762265,,,0.27454227209091187
ENSG00000113441.15,LNPEP,0.112435594,0.112435594,-0.2520493268966675,False,0.047849212798847886,1.4341094986891254,0.2318564306269096,3.9517610555650284,0.6031599685549738,0.014258251525461674,0.03723182529211044,0.027249566164783294,0.0,0.0,0.17464074652281297,0.047116896449658434,0.12008164823055267,2.0947616299289167,1.8208146183447795,Granulocyte precursor,0.00015512056231570202,-0.04479777812957764
ENSG00000145725.19,PPIP5K2,0.27495393,0.27495393,-0.19502556324005127,False,0.032576291271218645,0.7466886601682685,0.19960475611329528,7.214385683357073,0.6900626762211324,0.016713375225663185,0.03263656049966812,0.14467246996276856,0.0,0.0,0.2547187601126666,0.06497710338200059,0.09667201340198517,1.7264525893444413,2.6151744670756747,Granulocyte precursor,0.00892822398351201,-0.14150822162628174
ENSG00000112893.9,MAN2A1,0.091591015,0.091591015,-0.13136601448059082,False,0.03696754155043492,1.2866225120020036,0.37084574655325714,4.534336968031196,0.25823514729738234,0.009949053637683392,0.018204059451818466,0.05043722073087873,0.0,0.0,0.24909411579128654,0.03647679341053589,0.060902632772922516,2.6697407437823273,1.3439004935995928,Pre-B small,0.001448386279531129,-0.07808363437652588
ENSG00000047188.15,YTHDC2,0.23294283,0.23294283,-0.1180870532989502,False,0.030838237226788034,0.87264003690587,0.26018618128754445,6.198551327571266,1.0280052185058595,0.015028656460344791,0.02119790017604828,0.09951615866874008,0.0,0.0,0.1999579357820322,0.047625856745298734,0.07793524861335754,1.8111429143425577,1.6971757968896917,B naive,0.0005055188259991008,-0.11140561103820801
ENSG00000172869.14,DMXL1,0.10395477,0.10395477,-0.09209632873535156,False,0.05990136149906313,1.5093730917856547,0.2686345645439477,5.372326365490439,0.4149678565313418,0.015622586943209171,0.044581156224012375,0.12368584243920488,0.0,0.0,0.2698696280798748,0.05729236773843383,0.13304106891155243,2.1205982815613957,1.8906091617778855,"HSPC,Granulocyte precursor,Monocyte classical,Plasmacytoid DC",0.008102291831444017,-0.09197986125946045
ENSG00000151292.17,CSNK1G3,0.09741989,0.09741989,-0.08414673805236816,False,0.10429238516765893,2.1355852728372056,0.4307688461035816,3.2377862806326276,0.17207504935562612,0.014494151808321476,0.039799418300390244,0.08032875425270232,0.0,0.0,0.277554184370193,0.045636558312346594,0.11420772969722748,1.8260721067160817,1.1572028752245993,B naive,0.0059497548969025225,-0.04598212242126465
ENSG00000170606.14,HSPA4,0.13937365,0.13937365,-0.05316972732543945,False,0.08380272103896529,1.9524164945292006,0.22258957034661978,5.6957306211439365,0.41460759937763214,0.01970352977514267,0.07128497958183289,0.13185142383751258,0.0,0.0,0.34581185355082367,0.06360047786515555,0.22361093759536743,2.0571424398200495,1.994319314231991,,,-0.0017975568771362305
ENSG00000119048.7,UBE2B,0.19821565,0.19821565,-0.36410629749298096,False,0.08683687706487678,1.5930983732546753,0.1850754143334479,8.230839586237769,0.5089988753199577,0.027920130640268326,0.09050749987363815,0.14299962176373218,0.0,0.0,0.32462345644518414,0.08881206785718376,0.30755919218063354,1.9565625219166036,2.2166745591135677,Pre-B small,0.004041721833765853,-0.08608627319335938
ENSG00000181904.8,C5orf24,0.012419176,0.012419176,-0.02133011817932129,False,0.07384325448389026,3.6071113673439097,0.31351193453941106,3.0462844880510644,0.10389792568981646,0.007047327235341072,0.03204936161637306,4.6735246608128004e-06,0.0,0.0,0.19080996168712128,0.023135335204829355,0.09226396679878235,1.337008053080201,1.2607686225657964,B naive,6.486050076788074e-09,-0.016844749450683594
ENSG00000120709.10,FAM53C,0.26789567,0.26789567,-0.08494329452514648,False,0.04514972190416406,0.6463715390469315,0.25313759730814717,4.000775933541766,2.144082136005163,0.025647958740592003,0.019902125000953674,1.5816497100696297e-18,0.0,0.0,0.3559756469967791,0.08844230572604062,0.07472719252109528,1.3599851853566616,1.220349342887832,Plasmacytoid DC,1.3716783938908786e-06,-0.07805478572845459
ENSG00000120733.13,KDM3B,0.13842286,0.13842286,-0.13085341453552246,False,0.03075875973268233,0.7267322748246329,0.2577277645128093,4.607876308950978,0.7652463406324386,0.014418177306652069,0.023080497980117798,0.08369548474805466,0.0,0.0,0.2625236008572738,0.046812983073946775,0.07516857981681824,2.094434350947621,1.9824529243703188,Monocyte classical,1.8660232879925693e-08,-0.11818814277648926
ENSG00000120738.7,EGR1,0.005657664,0.005657664,0.0996243953704834,False,1.402882094437704,24.005416981937785,0.1717018998473249,16.137246393242492,0.017807610423769805,0.011225600726902485,1.0921372175216675,4.530422114965074e-11,0.0,0.0,0.4977324084801212,0.03227349060228546,8.645370483398438,0.7512856279048585,3.4738539100676014,Monocyte non-classical,0.001451466668948312,0.10164451599121094
ENSG00000044115.20,CTNNA1,0.094390355,0.094390355,-0.08172345161437988,False,0.05358875432752738,1.1479905844638612,0.2844833222900489,5.317211019229984,0.6767758870124818,0.016868848353624344,0.03794878348708153,3.467038460603485e-13,0.0,0.0,0.42737905753937355,0.06491631855689661,0.11767939478158951,3.8363768611478855,1.95963008664802,,,-0.00876772403717041
ENSG00000131508.15,UBE2D2,0.43382186,0.43382186,-0.47386038303375244,False,0.07404914106100444,0.455486542782416,0.15531687220934853,10.60984081246161,0.9401037722826004,0.06145426630973816,0.09266149252653122,0.22186138557867766,0.0,0.0,0.1577674304553368,0.1936397555377312,0.272556871175766,0.9964883781197507,3.152698362775929,"Erythroid late,Platelet,Pre-B large",0.000171734750118761,-0.4624755382537842
ENSG00000171604.11,CXXC5,0.076768294,0.13802084,0.0816047191619873,True,0.20754116445183435,2.770706003505579,0.2997227199804605,4.837123382940887,0.2650581602379679,0.025695258751511574,0.12271236628293991,0.19968987003727426,0.0,0.0,0.375988878305989,0.07859517719965492,0.37359970808029175,1.1644802143499118,1.6374517596392264,"Pre-B small,B naive",0.005986146224152104,0.08173882961273193
ENSG00000113141.17,IK,0.06643461,0.06643461,-0.3038468360900879,False,0.10545952311847763,4.519702337915535,0.18933191114027592,4.419000271415996,0.24387511610984802,0.012767544016242027,0.07852919399738312,0.06882935270036467,0.0,0.0,0.2599041861980091,0.039598212475981505,0.20888325572013855,1.4910547944898207,1.464627242222306,"Pre-B small,B naive",4.7501288138588684e-05,-0.029910922050476074
ENSG00000146007.10,ZMAT2,0.0070451624,0.0070451624,-0.017932891845703125,False,0.04826109128820469,0.8275564755947199,0.1496562785913068,6.803675618402966,0.6207060112059117,0.019959893077611923,0.048958662897348404,0.00044986113324771513,0.0,0.0,0.4298714351999202,0.09990142446126614,0.16276401281356812,4.093257034518226,2.963969327850641,,,-0.004713773727416992
ENSG00000145819.15,ARHGAP26,0.24176443,0.86933804,0.15250110626220703,True,0.05478639285830747,0.4980947895557807,0.3289446503155574,4.991135069760456,2.1320420600970587,0.048216234892606735,0.03622176870703697,0.19097070902758861,0.0,0.0,0.08905356641857254,0.14144051796164447,0.1044333353638649,1.1942936489930902,1.5082188725243288,Monocyte classical,1.5645383733004974e-06,0.15339338779449463
ENSG00000155508.13,CNOT8,0.15016289,0.15016289,-0.17591023445129395,False,0.04226586875106844,1.5354490724166858,0.20893975152231226,6.345298848953042,0.5046661200374365,0.01458792109042406,0.03707205131649971,0.1167390443446756,0.0,0.0,0.16298315744574227,0.04708248099699076,0.13226038217544556,2.631964025345204,1.8677671781109892,Pre-B small,9.644730009995254e-05,-0.07119262218475342
ENSG00000055163.19,CYFIP2,0.124823846,0.33187658,0.28339868783950806,True,0.11705688540979661,1.3866036708867637,0.4375159663948124,5.795293172479966,0.49383331519862017,0.02831711247563362,0.06790181994438171,0.18044933393653304,0.0,0.0,0.2905175649791941,0.09143231255890694,0.19795891642570496,1.2465745845703697,1.56463984527226,Pre-B small,1.3367565781291246e-08,0.29661309719085693
ENSG00000164611.12,PTTG1,0.0085598845,0.0085598845,0.14646148681640625,False,0.7692732384672887,35.72801166796784,0.3695789588657472,3.213841737316035,0.026799773114422963,0.006377293728291988,0.2868748903274536,8.776158440267752e-17,0.0,0.0,0.4795602975827777,0.021293740124341154,1.0134574174880981,1.6343299449783395,1.1575251833434623,Erythroid late,6.358656124796383e-08,0.18936914205551147
ENSG00000134516.15,DOCK2,0.1309374,0.1309374,-0.1760040521621704,False,0.09806899958362306,2.201755598970492,0.37644978771789983,4.01445332737804,0.47512595817446723,0.017215577885508537,0.05516583099961281,0.10915381769684608,0.0,0.0,0.3365805970719038,0.06482371365092911,0.16347913444042206,2.2838877676520055,1.455390151159284,,,-0.09827852249145508
ENSG00000113719.15,ERGIC1,0.022593172,0.022593172,-0.010242104530334473,False,0.3117833618609119,4.539777375528958,0.27538481766683826,2.789056289156281,0.21798643329491207,0.01801168918609619,0.10459273308515549,0.003404532825220642,0.0,0.0,0.47684465599222436,0.09277101285834988,0.30092769861221313,1.484664015980571,1.0415720535245239,Monocyte classical,1.2277949369944646e-18,-0.009611248970031738
ENSG00000164463.12,CREBRF,0.2476921,0.2476921,-0.18827688694000244,False,0.05949019513130204,1.0387172357854284,0.23042000382946876,5.562087700891803,0.7040545758605001,0.023484233766794205,0.04728170484304428,0.14776036584587698,0.0,0.0,0.209310668408411,0.07646858611937546,0.14064180850982666,1.5351194851042895,1.9382929810396836,"Monocyte classical,Pre-B small",0.0041101130427646385,-0.17815375328063965
ENSG00000113194.12,FAF2,0.26012987,0.26012987,-0.16719722747802734,False,0.03857512878736943,0.9471811925614972,0.2829958518306621,5.419564735126846,1.1965471771359444,0.015337541699409485,0.0190349780023098,0.055627926461679106,0.0,0.0,0.2396244674616263,0.050650886032536764,0.07196018099784851,1.825380466983742,1.6050909472624733,,,-0.1646045446395874
ENSG00000165671.19,NSD1,0.20930617,0.20930617,-0.3276292085647583,False,0.030410361379336476,0.7815673831705006,0.20557423286465262,7.721062522979045,1.2010898929834366,0.016747865825891495,0.020532378926873207,0.08728268873230847,0.0,0.0,0.21581133388421853,0.05688807667963404,0.07935135066509247,1.463446740581285,1.7915111576358334,Platelet,0.000424062796438188,-0.3182936906814575
ENSG00000198055.10,GRK6,0.04749145,0.04749145,-0.030318498611450195,False,0.12010465726666994,2.2822042906730178,0.17958304424703916,3.2974013475728245,0.5585953883081675,0.018938478082418442,0.05873824656009674,4.853498674049256e-24,0.0,0.0,0.44719141916346306,0.07886858431443679,0.17213818430900574,3.3716762810089835,1.2942914434138582,,,-0.024534940719604492
ENSG00000176783.14,RUFY1,0.00022431416,0.00022431416,-0.052404046058654785,False,0.05920142097912857,2.887633820460205,0.1927770858575429,2.7041799373319466,0.6195059296488763,0.009109210222959518,0.02183542773127556,7.63483946410336e-08,0.0,0.0,0.35336117767846686,0.031114427950190926,0.09603190422058105,2.450588457385848,1.0299061397978706,HSPC,6.046904832969082e-09,-0.052370429039001465
ENSG00000161011.19,SQSTM1,0.35920098,0.35920098,-0.48478901386260986,False,0.04895790380499636,0.33754767735038543,0.20545686853025397,8.127213396060975,1.558553355634213,0.05951414257287979,0.05145496502518654,0.20261198526893853,0.0,0.0,0.11118692431696031,0.17731005855606877,0.17260190844535828,1.2946011103239248,2.561367914271887,Platelet,0.0,-0.38308095932006836
ENSG00000250222.1,AC008443.5,0.1642026,0.1642026,-0.10491442680358887,False,0.015315850252039971,0.38274922298349,0.23324043535247463,6.855352064357028,1.5127380806207658,0.01291270088404417,0.01190769113600254,2.4194392562727294e-21,0.0,0.0,0.2047866182479452,0.044100352768997375,0.03778107464313507,1.9149116982720036,2.21502853322707,Erythroid late,4.62472862808783e-08,-0.10449075698852539
ENSG00000248275.1,TRIM52-AS1,0.45505732,0.45505732,-0.6719675064086914,False,0.02679386997305402,0.3902076922642401,0.15166662002279652,7.460492009755368,1.759807175397873,0.022427160292863846,0.01847894676029682,0.08455133113211825,0.0,0.0,0.3700105850565891,0.0744927478895585,0.06692060828208923,1.2953467312131541,2.3280145984944927,Monocyte non-classical,0.00011047898757461868,-0.6577346324920654
ENSG00000124491.15,F13A1,0.017475655,0.03563051,0.06374871730804443,True,0.7154878722411933,4.883271874962243,0.23856907967372742,8.772252288909833,0.15756763039156796,0.022708572447299957,0.2496870905160904,0.0018237823823958781,0.0,0.0,0.49204694946368654,0.07905220894984756,2.579904079437256,0.786015043633786,1.736964906667511,,,0.06377309560775757
ENSG00000124783.12,SSR1,1.1069734,1.1069734,-0.7568460702896118,False,0.034323656943988326,0.23714521365151078,0.21311756571113014,5.656429358917721,3.9543453454971313,0.045658715069293976,0.017319699749350548,5.1303890213334736e-05,0.0,0.0,0.35297751383397274,0.14521462986159148,0.06407279521226883,0.9332111525179221,1.5995664704509032,Monocyte classical,2.336399170785017e-09,-0.7524404525756836
ENSG00000010017.12,RANBP9,0.2738091,0.2738091,-0.2231236696243286,False,0.018033216010550666,0.49449551871849545,0.1941260703336566,7.027848991778388,1.0471573135256764,0.014171503484249115,0.019183466210961342,0.12262085703422217,0.0,0.0,0.24864069378552445,0.043409233796120716,0.06900960206985474,1.924869491560047,2.7374661742725275,Pre-B small,0.002395043145812749,-0.18507611751556396
ENSG00000050393.11,MCUR1,0.010469894,0.010469894,-0.017736196517944336,False,0.09571674460036594,3.173420792269626,0.24697546498152184,3.448672486535673,0.18613617099821572,0.007183185778558254,0.052001405507326126,3.341467242185869e-12,0.0,0.0,0.27649468996525334,0.02121914857651585,0.1783817708492279,1.420421891856206,1.8038063581249928,Platelet,1.475148726812587e-277,-0.01759934425354004
ENSG00000047579.19,DTNBP1,0.07679581,0.07679581,-0.07912087440490723,False,0.09495735921370349,2.137265345563019,0.33519327989398295,3.330192449422444,0.23907638467848302,0.012845073826611042,0.05453382432460785,0.002845006678173125,0.0,0.0,0.28361791531263714,0.03563373557409566,0.1667444407939911,1.1414655238848002,1.7026450037821816,Pre-B small,0.00806897283450487,0.03249281644821167
ENSG00000124789.11,NUP153,0.37680575,0.37680575,-0.17717385292053223,False,0.024507025357373428,0.6835555227198488,0.2368364196988464,6.638591394015215,0.9747840275367101,0.01666967011988163,0.02194613590836525,0.09613836650690835,0.0,0.0,0.20090403398405604,0.05740200989295464,0.08630301058292389,2.978223950388784,2.098141040882004,Monocyte non-classical,1.3645838040933846e-36,-0.10509073734283447
ENSG00000137177.19,KIF13A,0.25464702,0.25464702,-0.004330873489379883,False,0.036276319379351475,0.6667653170585051,0.3053011123255311,3.6242333220662264,0.5879226997494698,0.014757297933101654,0.021963153034448624,3.487644337065519e-57,0.0,0.0,0.31699141045453805,0.054348771184411504,0.072784423828125,1.4033708148786221,2.008895455550033,Monocyte classical,3.7643830301848884e-48,0.030085504055023193
ENSG00000112308.12,C6orf62,0.019655896,0.019655896,-0.2671201229095459,False,0.136190261566629,3.5340707816627526,0.22915369689703605,3.8134819387094887,0.08452569387853145,0.010286061093211174,0.07027685642242432,0.026498441637521884,0.0,0.0,0.1721565010289664,0.03347259329316099,0.2215346097946167,1.2336759500888157,1.657071349352644,,,-0.00857555866241455
ENSG00000111913.17,RIPOR2,0.6152994,0.6152994,-0.08006942272186279,False,0.05348313487565434,0.6437556351178348,0.2884375321430397,4.762381769948136,1.4082401011884214,0.03376612439751625,0.036505796015262604,0.21068379475768123,0.0,0.0,0.0345343403131316,0.09801184493376436,0.10145670920610428,1.0520241906980135,1.595449907213085,Monocyte classical,0.0058064508711021395,-0.07895779609680176
ENSG00000282988.1,HIST1H3D,0.06083478,0.19491266,0.44346368312835693,True,0.2321372010537714,2.2138075451423402,0.3734085957876026,5.060131110859147,0.30515426974881577,0.02894243784248829,0.11815261095762253,0.09849903523501881,0.0,0.0,0.41491779804685636,0.090575507069941,0.34495043754577637,1.2496004203053765,1.7377024058020583,,,0.443955659866333
ENSG00000204569.9,PPP1R10,0.14647017,0.14647017,-0.10531425476074219,False,0.030723376239148045,1.029461395807441,0.2593503198483957,5.887523618611039,0.8455046236515045,0.014755579642951488,0.025305112823843956,0.12068439927407769,0.0,0.0,0.12878521768090795,0.048571250378827806,0.08743319660425186,2.3422431902476317,1.814760702692459,Pre-B small,0.0038825339027888307,-0.09965240955352783
ENSG00000234745.10,HLA-B,0.04068168,0.04068168,-0.02243363857269287,False,0.28791439548071296,4.5729018944996636,0.3392103332039462,3.6046540650162386,0.26608743555843833,0.022410627454519272,0.14591598510742188,2.9566627583188335e-11,0.0,0.0,0.48402874944164487,0.11153705123647663,0.38869908452033997,4.4556043978051125,1.3560250090208612,Monocyte classical,4.326780263432391e-06,-0.01205432415008545
ENSG00000227507.2,LTB,0.0011084761,0.0011084761,-0.06695473194122314,False,5.4211870592064075,122.04063629653047,0.454717055444913,2.6819395522661744,0.0035788266174495227,0.012384292669594288,1.6091017723083496,6.202026750451964e-16,0.0,0.0,0.49281665241551903,0.0412012560543893,4.868710994720459,1.2581037566523585,0.9787932664598504,,,0.048130691051483154
ENSG00000204475.9,NCR3,0.0667328,0.15255035,0.1261577010154724,True,0.09698935774086868,2.497530566921975,0.3668339102946805,3.1928122412362674,0.38770505867898464,0.01541841123253107,0.04709241911768913,0.11339964433492465,0.0,0.0,0.12877061918489224,0.04928392395555825,0.13184648752212524,1.4452723581001758,1.208368393508372,,,0.15383094549179077
ENSG00000204463.12,BAG6,0.09313574,0.09313574,-0.31508851051330566,False,0.03573044232764088,1.3518900129738975,0.1569205280670486,4.35951829797647,0.3997984794527293,0.01161411963403225,0.03439996391534805,0.04635443375698023,0.0,0.0,0.14564642827146268,0.03784730151926529,0.11130113154649734,1.492906467474445,2.190939195397731,"Plasmacytoid DC,Pre-B large",0.0005652657380696563,-0.021910786628723145
ENSG00000204438.10,GPANK1,0.09690426,0.09690426,-0.13781487941741943,False,0.03158273821547827,1.1668746235332192,0.2466931214486039,5.868104883505618,0.5564570043981074,0.010753199458122253,0.02603963389992714,0.08905897049324658,0.0,0.0,0.1447986029850758,0.03637783777843584,0.08186355978250504,1.888264941712291,2.0752621824619943,,,-0.07983088493347168
ENSG00000213722.8,DDAH2,0.017163357,0.04241817,0.01996511220932007,True,0.36631759529766283,7.525963251309387,0.42429286730087956,3.3948040826339656,0.09326893888413904,0.011777915060520172,0.14585232734680176,0.01796669073681771,0.0,0.0,0.4469583716932671,0.0493197602812625,0.4088364839553833,0.7853365714477497,1.2693417857109386,Monocyte non-classical,1.582445382807798e-33,0.05281424522399902
ENSG00000204371.11,EHMT2,0.03892389,0.03892389,-0.022164225578308105,False,0.024646850445775748,0.9556097424718146,0.24840593338249245,5.463643112467914,0.6134594600647687,0.0076938532292842865,0.019094809889793396,2.9890352125002136e-13,0.0,0.0,0.44193946671374107,0.03287943996556076,0.06090031564235687,2.410513477286927,2.0034872188212023,,,-0.006704449653625488
ENSG00000204356.13,NELFE,0.037408963,0.037408963,-0.07691216468811035,False,0.06233231576908473,1.8081387524957915,0.12839915601592278,3.90411418477873,0.48818356990814205,0.01427639089524746,0.04759444668889046,3.221712398360679e-15,0.0,0.0,0.47820429487892646,0.07635761662101002,0.15731440484523773,4.253312738783726,1.8437672218544314,,,-0.020039916038513184
ENSG00000196126.11,HLA-DRB1,0.005862921,0.005862921,-0.13403558731079102,False,5.627809704231312,92.77688292873015,0.6762562355594421,5.161150409511086,0.009337501174304635,0.01925715059041977,2.273735523223877,0.1345397138054521,0.0,0.0,0.4909726184274441,0.06437100908601502,7.7280402183532715,1.2505182001259805,1.0908407617484623,,,0.12458640336990356
ENSG00000179344.16,HLA-DQB1,1.3676869,1.5852481,0.7818781137466431,True,0.7793257742165988,0.5794717524677339,0.7461798694792537,5.324138536514912,0.737678613960743,0.44130128622055054,0.2826635539531708,0.36747657445294946,0.0,0.0,0.36903868251569627,1.3235944992871254,0.7690145969390869,0.40948572033737407,1.072458934021683,Dendritic cell,0.0,0.7915989458560944
ENSG00000231389.7,HLA-DPA1,0.0025260765,0.0025260765,-0.25790834426879883,False,13.247828199571234,381.62822320012737,0.5427608611937811,2.2034216008028404,0.0045390855986624954,0.011245733126997948,2.560117244720459,6.340498643566819e-12,0.0,0.0,0.49889027982982004,0.03236702561116234,10.17882251739502,1.8468062129876606,0.6188988670651306,,,0.06927353143692017
ENSG00000231925.11,TAPBP,0.109118134,0.109118134,-0.5777528285980225,False,0.26080239184474413,3.801925763694873,0.38109796393469214,2.685909594475663,0.10984422672539951,0.018119553104043007,0.0952625572681427,0.14863125362566237,0.0,0.0,0.35957657222514405,0.05894204081347,0.2601906955242157,1.393628078083114,1.316988049430426,Pre-B small,0.0023088084735176572,0.0279388427734375
ENSG00000112514.15,CUTA,4.7089624,4.7089624,-0.4784998893737793,False,0.030484417348875567,0.05798393739957645,0.12589375236795092,9.149187139703605,6.784003050327303,0.18761330842971802,0.03726544976234436,0.21144129598043082,0.0,0.0,0.008602198516033697,0.6310431138296195,0.11824826896190643,1.0882721624769973,3.2543078856153036,"Erythroid early,Erythroid late,Platelet",0.007148895249386905,-0.42938530445098877
ENSG00000161904.11,LEMD2,0.10126117,0.10126117,-0.08359837532043457,False,0.023873068424223053,0.7642073145967195,0.2634011104092896,5.070492189794287,1.0006516847014426,0.012075814418494701,0.016261562705039978,1.584962878560851e-15,0.0,0.0,0.34914471621363063,0.04766681573666975,0.05810065567493439,2.2696302355844646,1.7621166944098712,Monocyte classical,0.004797661729150077,-0.08344221115112305
ENSG00000272325.1,NUDT3,0.037087142,0.037087142,-0.07730770111083984,False,0.032341585614386124,0.94314634555558,0.23231245228422406,4.028740252138183,0.686254432350397,0.010947867296636105,0.02428855374455452,1.6303953609684636e-22,0.0,0.0,0.18518651256554874,0.03116337074225761,0.07452063262462616,1.6342628212425645,1.8146329323638095,,,-0.027614116668701172
ENSG00000064995.16,TAF11,0.053392854,0.053392854,-0.05610024929046631,False,0.06571950754635071,2.14616901366758,0.22835826391633177,4.895103262588731,0.28116680324077603,0.01235592644661665,0.0484495609998703,0.09617271127244313,0.0,0.0,0.2823832870185749,0.04312063604302096,0.17293372750282288,2.1392065365629396,1.8270508788962616,Monocyte classical,1.9114355507382942e-05,-0.0242459774017334
ENSG00000112079.8,STK38,0.27450567,0.27450567,-0.06775343418121338,False,0.05195903130735164,0.9003312475506758,0.34962596338040863,6.744494406914096,0.6550272949039936,0.02029814012348652,0.03669523447751999,0.11637874761763442,0.0,0.0,0.2757388160206675,0.07348677143819593,0.11168665438890457,1.9813270648738464,1.9123254655576447,"Monocyte classical,Pre-B small",0.0004392608333327928,-0.025723695755004883
ENSG00000137409.19,MTCH1,0.080677256,0.080677256,-0.6363626718521118,False,0.07411083813215098,2.2542302454208856,0.24280753256514578,4.447192547196313,0.12577626407146458,0.01187596470117569,0.04461408779025078,0.10977588245085763,0.0,0.0,0.1531134156755558,0.03748717504702625,0.130697101354599,1.6772142453171206,1.6664982297419564,"Monocyte classical,B naive",0.004367941626588694,-0.02607858180999756
ENSG00000124731.12,TREM1,0.038972765,0.14602499,0.023930668830871582,True,0.28823466790121244,3.178149494642811,0.4917544779904651,2.2992731776762314,0.14098182231187817,0.026773367077112198,0.08830653131008148,0.09010506654033391,0.0,0.0,0.27849818611217053,0.08130976451584893,0.25098085403442383,1.5556767730393053,0.9779632930732755,Monocyte classical,2.2154178302410832e-07,0.16136318445205688
ENSG00000112576.12,CCND3,0.0077065653,0.0077065653,-0.02898705005645752,False,1.049122194231524,21.22377076230566,0.2934848149616872,2.114391568035332,0.042450207844376565,0.015128125436604023,0.19600537419319153,2.9535617620029918e-08,0.0,0.0,0.48946718252639754,0.06191740855792771,0.8370869755744934,2.640194295901922,0.6104643794775165,Monocyte classical,1.626473332253969e-11,-0.01670968532562256
ENSG00000196284.15,SUPT3H,0.16401756,0.16401756,-0.0035104751586914062,False,0.03267240665634532,1.1158778371126599,0.2755892570938494,4.603495488221562,0.8991421145697435,0.011887611821293831,0.015810184180736542,6.869339103017569e-05,0.0,0.0,0.48413247032044393,0.132496844812696,0.05437373369932175,6.912334327949419,1.201793317652244,,,-0.002154231071472168
ENSG00000012660.13,ELOVL5,0.055158112,0.055158112,-0.31068897247314453,False,0.09468702585146113,2.6462197915172054,0.21673523127838137,3.7374929665115917,0.11580297980457546,0.012003013864159584,0.048974767327308655,0.09523836048992698,0.0,0.0,0.10047981719326277,0.035264933768671236,0.1554889976978302,1.5042941330532993,1.4648048638726523,Monocyte non-classical,2.949879574433224e-05,-0.01805722713470459
ENSG00000168216.10,LMBRD1,0.25883806,0.25883806,-0.08606767654418945,False,0.06247490388826615,1.216819836892126,0.24635747875918407,5.8962921308769145,0.5607665875554084,0.024302953854203224,0.05839904025197029,0.15429236968826335,0.0,0.0,0.28577102387483544,0.07947921144843305,0.1622457206249237,1.9096584478469063,2.048841976014366,,,-0.015945792198181152
ENSG00000146247.13,PHIP,0.18435352,0.18435352,-0.3152233362197876,False,0.08035839052622182,1.9297202889118572,0.23515470160372917,5.666594811867597,0.5471229046583176,0.020676035434007645,0.06235428899526596,0.14402367925225407,0.0,0.0,0.2233458554563711,0.06831552957887334,0.21818268299102783,2.0757894511794603,1.702480225174486,Monocyte non-classical,0.00017504046022797197,-0.06098818778991699
ENSG00000005700.14,IBTK,0.14100875,0.14100875,-0.10936307907104492,False,0.022166354592598192,0.7875762133501069,0.23237499170059964,5.163606657048541,0.9661742162704468,0.012198729440569878,0.01789708249270916,0.0038863021579341028,0.0,0.0,0.3979874307477753,0.04859642732397162,0.06289386749267578,4.426229377043053,1.9326941997090825,Monocyte classical,1.815462366995043e-08,-0.10910999774932861
ENSG00000135317.12,SNX14,0.15040794,0.15040794,-0.13300848007202148,False,0.03527250955687596,1.0726613213770042,0.2604393775921523,4.663506976500831,0.7045704630017282,0.013116985559463501,0.025086402893066406,0.09357216265741196,0.0,0.0,0.2564887188585562,0.044775287013958824,0.0832853838801384,1.9524631456495551,1.7829605124390013,Monocyte classical,0.00314619152694055,-0.08066892623901367
ENSG00000135334.8,AKIRIN2,0.023678647,0.023678647,-0.04986405372619629,False,0.2713493136937498,5.512986123012106,0.37985259098956153,5.1014949752428,0.05421768771484495,0.016320381313562393,0.14222997426986694,0.05475419024477118,0.0,0.0,0.4055914091601383,0.054489920164075833,0.42296603322029114,2.168974952068159,1.422710218376833,Pre-B small,0.0018751930846893296,0.01406186819076538
ENSG00000111880.15,RNGTT,0.014556482,0.051147144,0.01700735092163086,True,0.23686828891614195,3.427224974316078,0.37492346039585417,3.7901420358611024,0.19146769270300862,0.013596010394394398,0.08698654174804688,5.82737956308789e-16,0.0,0.0,0.4474970085223194,0.04365069849861314,0.30847853422164917,1.6821233421223218,1.5201092309100865,Pre-B small,0.0007293404702457635,0.020769059658050537
ENSG00000198833.6,UBE2J1,0.00593186,0.00593186,-0.020267009735107422,False,1.4213220677403176,23.788191306392616,0.21667844056880883,1.4128730187428156,0.03252307193353772,0.018191799521446228,0.2642931640148163,0.018591808009539707,0.0,0.0,0.48978451869557416,0.06065136305042219,0.8923943638801575,1.1392599437152087,0.5234823390308874,Monocyte classical,2.9939437887914175e-06,0.003327667713165283
ENSG00000112182.14,BACH2,0.024380678,0.031951863,0.24537044763565063,True,0.7153144246078671,11.003005304670104,0.5744442173589631,4.169211183126908,0.06026003137230872,0.014711914584040642,0.29907211661338806,0.09727874397347226,0.0,0.0,0.4408258111529712,0.04928205261741425,0.76590496301651,0.4424019478481631,1.6232017001984977,,,0.25693076848983765
ENSG00000272398.5,CD24,0.0037012314,0.0037012314,0.06583112478256226,False,2.954061707629526,43.74267400172015,0.589404282298826,1.516385235674687,0.015533015727996827,0.020201165229082108,0.6145008206367493,0.00012348790520232074,0.0,0.0,0.4961369744616431,0.06921513924726241,1.4077723026275635,2.4734068976586503,0.6606391523399205,,,0.07019245624542236
ENSG00000025796.13,SEC63,0.18926074,0.18926074,-0.24730372428894043,False,0.08268285959007685,1.613074304397434,0.2766418062749885,6.113415558459067,0.4443413396179676,0.019454948604106903,0.05899865925312042,0.11749882988215109,0.0,0.0,0.31557069412948136,0.06582619605751461,0.21364793181419373,2.52034737300508,1.8799992412349398,Pre-B small,3.3251776169232094e-05,-0.04599785804748535
ENSG00000112365.4,ZBTB24,0.34579802,0.34579802,-0.23855090141296387,False,0.03331552177380521,0.7008655152935838,0.19823597952200098,7.080485244601063,0.9613594025373459,0.017844481393694878,0.02691449038684368,0.1585725231746583,0.0,0.0,0.1181947900554331,0.06243598531494765,0.082320936024189,1.219090527693197,2.259627392710551,"Monocyte classical,Erythroid late",0.0029239994259906803,-0.23785972595214844
ENSG00000155111.14,CDK19,0.063274354,0.063274354,-0.07438385486602783,False,0.015438745725520448,0.7988968792678226,0.22761290582983462,4.981317393817072,1.020731619000435,0.009259442798793316,0.014287421479821205,0.0146258568202214,0.0,0.0,0.12529286036829562,0.029864888741143677,0.047473061829805374,2.618292794028271,2.0038552891887105,Monocyte classical,2.7988256249504082e-09,-0.06869041919708252
ENSG00000010810.17,FYN,0.3584907,0.3584907,-0.13670039176940918,False,0.04869460763182519,0.9843391551559304,0.30835842962570487,4.962125597074656,0.8240077333152294,0.019632233306765556,0.033772364258766174,0.17708803199678722,0.0,0.0,0.06230153360623192,0.05779246538737758,0.098107248544693,1.2725635398200916,1.747620051427231,Monocyte classical,9.61481066441116e-09,-0.020858049392700195
ENSG00000111897.6,SERINC1,0.05024467,0.05024467,-0.09473931789398193,False,0.08885780065544026,2.7775145812801254,0.24582793020830845,2.7825655490017542,0.3540190946683287,0.013416136614978313,0.05769764631986618,8.61399048455268e-06,0.0,0.0,0.3849945379188058,0.050055320508795687,0.19100043177604675,1.833887391338984,1.548368220874233,,,-0.011183023452758789
ENSG00000112282.17,MED23,1.4982929,1.4982929,-0.7723063230514526,False,0.010002645616706402,0.12860193421691582,0.1359931028496838,12.229592709630694,3.144894003868103,0.029245546087622643,0.013949061743915081,0.12793457166797306,0.0,0.0,0.1358731325694429,0.10027435350277702,0.040794551372528076,1.4552504577798346,3.8942788300923694,Granulocyte precursor,1.572692988534468e-07,-0.7652207612991333
ENSG00000079950.13,STX7,0.082618944,0.082618944,-0.010263323783874512,False,0.27960045799608213,3.833740607214412,0.37412578068676056,2.880077261765547,0.09915139239281417,0.020433975383639336,0.09737688302993774,0.09248124912383364,0.0,0.0,0.4430999277105456,0.07732265211727363,0.2729659080505371,2.0779129773132183,1.0920872970465643,"HSPC,Monocyte classical",0.002697264809622198,0.00884634256362915
ENSG00000118515.11,SGK1,0.016044214,0.02578436,0.06466466188430786,True,1.1841054324118991,12.983150299404837,0.42942889366283277,1.842450779833737,0.09885432153940205,0.02478364296257496,0.3378300368785858,3.0282953421668293e-13,0.0,0.0,0.47209308283366985,0.0838907088818246,0.9373589754104614,1.901996281764684,0.8099323532638361,,,0.06506413221359253
ENSG00000135541.20,AHI1,0.061560027,0.061560027,-0.08254051208496094,False,0.03656063913150176,1.3928026263282072,0.28719212002411504,4.810085617774706,0.574451483860612,0.00855192169547081,0.020060379058122635,3.1574203501223534e-16,0.0,0.0,0.41493473959076144,0.027520327225099454,0.07713589817285538,1.9745118256403833,1.603971155343705,,,-0.08230757713317871
ENSG00000029363.16,BCLAF1,0.44448894,0.44448894,-0.19016218185424805,False,0.06053715114317905,0.7301840243503431,0.2261830810123504,6.8240864864178326,0.874613952487707,0.033360838890075684,0.05406841263175011,0.20539215825932847,0.0,0.0,0.12039221575316839,0.10412765208133122,0.1722451150417328,1.2464065967553808,2.219598030139149,"Monocyte classical,Monocyte non-classical,Pre-B small",0.0007903540132350077,-0.14349758625030518
ENSG00000197442.9,MAP3K5,0.14464846,0.14464846,-0.11339545249938965,False,0.020718798189751253,0.7103289383537559,0.2504598229142293,5.150659518785746,1.0075517915189267,0.010942100547254086,0.016534483060240746,0.037006487171453176,0.0,0.0,0.2397224386548899,0.0426503627526742,0.05521519482135773,2.421771561492673,2.127308248482038,Monocyte classical,1.3915330173673137e-06,-0.1097937822341919
ENSG00000027697.13,IFNGR1,0.090793334,0.2551826,0.10712379217147827,True,0.357680003697386,2.726389967534411,0.5128066131302955,2.5522131176848726,0.16191672585904598,0.03777286410331726,0.11022751778364182,0.17824816789805137,0.0,0.0,0.3867750047115562,0.12376477222192506,0.25874894857406616,1.5027773676612783,0.9633067921144479,Monocyte classical,3.4096513951873273e-09,0.17138302326202393
ENSG00000164442.9,CITED2,0.08147315,0.08147315,-0.06159543991088867,False,0.13156359424807934,3.4656430096260578,0.2546097504412504,5.183629294780876,0.3486315026879311,0.018555277958512306,0.08781825006008148,0.05230078463948662,0.0,0.0,0.4517831969033503,0.07112883750458643,0.2736358344554901,3.2460417465120304,1.4876847163786053,Platelet,1.2138556300043717e-05,0.022896528244018555
ENSG00000131013.3,PPIL4,0.12880203,0.12880203,-0.08769738674163818,False,0.040882125059522614,1.1535368933315502,0.18385178802980298,3.934004985455921,0.7497152805328369,0.016409581527113914,0.03173723816871643,0.028132240838623604,0.0,0.0,0.28497671490704934,0.0576736540864573,0.10987336933612823,3.057129464988926,1.7604733745508192,,,-0.042154550552368164
ENSG00000131023.12,LATS1,0.26036903,0.26036903,-0.26863276958465576,False,0.017538768690323024,0.5088204159234991,0.240953395504564,6.191550707249845,1.264456371814013,0.01245876308530569,0.013276997022330761,0.10003514842714946,0.0,0.0,0.24580632803820335,0.043769254370536796,0.04738244786858559,1.68569844542836,1.9896835450598118,Monocyte classical,0.00022373802541610882,-0.26670634746551514
ENSG00000092820.17,EZR,0.028452203,0.053799894,0.0759703516960144,True,0.5425789411474802,7.473797215970547,0.3886888422977538,5.148901002060737,0.08916784868265192,0.02253960445523262,0.319973886013031,0.18003705303907,0.0,0.0,0.4380891270408715,0.06771137404570293,0.9757966995239258,0.9403968963250683,1.628096491769477,B naive,0.0022889918723736297,0.198081374168396
ENSG00000164691.16,TAGAP,0.19939832,0.19939832,-0.0823138952255249,False,0.15823619780119835,2.4317203031978427,0.4218805503581607,4.717050006727692,0.29476785867164523,0.022168556228280067,0.08905742317438126,0.171451732302682,0.0,0.0,0.2971819814671586,0.07033193809827676,0.2420300543308258,1.185672156880718,1.4160293993287394,"Pre-B small,B naive",0.0005101996653238494,0.03964430093765259
ENSG00000112096.16,SOD2,0.08615364,0.46069905,0.22677135467529297,True,0.2650739952137997,0.7689910752617363,0.30474341664461685,6.458348800155635,0.9737545654177666,0.11400102823972702,0.18439103662967682,0.20426609669367798,0.0,0.0,0.420711024875165,0.3412403782513422,0.5319786071777344,1.1034932348323419,1.802864000611793,Platelet,6.9308961019706255e-53,0.23415333032608032
ENSG00000198818.9,SFT2D1,0.04108569,0.04108569,-0.28472936153411865,False,0.16153918377033316,3.8943436989636124,0.22673787808067092,3.744580674833559,0.07892875414341691,0.014130055904388428,0.08458832651376724,0.052076919369821964,0.0,0.0,0.42434691968466365,0.04935551631423162,0.2588427662849426,2.4777338423578112,1.5372067886806768,Plasmacytoid DC,0.008326218305477612,-0.03104686737060547
ENSG00000137265.14,IRF4,0.038486358,0.057316795,0.5653481185436249,True,1.3620997069273508,15.868797194149916,0.9005163340496033,2.989844205260593,0.031229571606963876,0.02472376637160778,0.37406787276268005,0.2589105412114518,0.0,0.0,0.4057743663612935,0.06512164593871363,0.7985274791717529,0.48268015444587586,0.9080347610582017,,,0.5707063674926758
ENSG00000124535.15,WRNIP1,0.03232729,0.03232729,-0.016328811645507812,False,0.05457267477568166,1.304860038632551,0.2196930998390998,2.574309194462161,0.7146018266677856,0.012261423282325268,0.024879679083824158,4.1834800451854975e-07,0.0,0.0,0.4481541229909316,0.03556790787510522,0.07716867327690125,2.403590557174042,1.3995308494791316,,,-0.003413677215576172
ENSG00000112739.16,PRPF4B,0.3388673,0.3388673,-0.47899389266967773,False,0.0665378149911217,0.7160974064522247,0.17746661387073442,6.72469945649517,0.8831220285594461,0.03307073190808296,0.057013850659132004,0.21215766864216729,0.0,0.0,0.22995005889730596,0.11501818910663973,0.18189072608947754,1.0182678438065311,2.287115512533757,Pre-B small,1.7675934626537866e-06,-0.47889912128448486
ENSG00000111843.13,TMEM14C,0.001953426,0.001953426,0.03969627618789673,False,2.0384307650267384,134.22275152074715,0.400468183066189,2.333348359770685,0.004024296055754854,0.006196320056915283,0.769008457660675,4.10500296145323e-12,0.0,0.0,0.48047856550320056,0.015738528771381714,1.9353268146514893,0.719620525328553,0.8784048827994642,"Monocyte classical,Dendritic cell,B naive",0.006220593780088032,0.060553133487701416
ENSG00000112137.17,PHACTR1,0.07698375,0.07698375,-0.12463319301605225,False,0.20202804759630735,4.454506495229001,0.420039296906284,3.6426288834869367,0.18901203539636402,0.013016895391047001,0.0830242931842804,0.07057406732900304,0.0,0.0,0.2975670444607775,0.03911487764311872,0.23406249284744263,1.1940715792820642,1.3163802244155964,,,0.035862863063812256
ENSG00000112149.9,CD83,0.048375454,0.048375454,-0.06364548206329346,False,0.8118998388731279,6.573530166561704,0.45122366709849215,3.5661184160700485,0.13687613401561982,0.033654894679784775,0.40016719698905945,0.20607110555913682,0.0,0.0,0.4539178539855786,0.10065109208260205,0.9855736494064331,0.8127348657593184,1.3953730062656224,Monocyte classical,2.7568552308236585e-30,-0.06152939796447754
ENSG00000008083.13,JARID2,0.06062022,0.09000514,0.028636395931243896,True,0.32392624980931267,5.781342099350629,0.31909901263202295,3.9423309709048597,0.20393605704108872,0.018354130908846855,0.11549928039312363,0.08187964643623126,0.0,0.0,0.44153731768277626,0.06315631124506549,0.434162437915802,1.7111864256409763,1.142894394674243,Monocyte classical,9.93279373470266e-28,0.04698586463928223
ENSG00000007944.14,MYLIP,0.86028206,0.86028206,-0.1824432611465454,False,0.07567910969852039,0.4541435019302035,0.27686556578864363,6.407401766316745,1.4844761052727695,0.06513667851686478,0.0591263622045517,0.19481420644101635,0.0,0.0,0.18122547873831613,0.2010586573602567,0.18778494000434875,1.390675074245899,1.998768351612645,"Monocyte classical,Pre-B small,B naive",0.006155509315826202,-0.176385760307312
ENSG00000137198.9,GMPR,0.0024429853,0.0024429853,-0.023716211318969727,False,0.12281616620054087,10.164129329448532,0.47138097863435685,3.908054787151277,0.04273161113262177,0.004096691962331533,0.04457968473434448,0.06870806677606779,0.0,0.0,0.24127957865812055,0.013702752958707265,0.13551366329193115,1.6346131283408718,0.9842755114108898,,,-0.023661255836486816
ENSG00000145996.11,CDKAL1,0.050798975,0.050798975,-0.035784244537353516,False,0.018115016738415417,0.8263013067460632,0.20627214746089245,4.678780004130016,1.1547824549674988,0.010131409391760826,0.015199976973235607,1.6677127855074917e-12,0.0,0.0,0.29303867406720846,0.040314912649584755,0.052037350833415985,3.356657024349294,1.8610518664461355,,,-0.03327751159667969
ENSG00000112343.10,TRIM38,0.115894906,0.115894906,-0.3264656066894531,False,0.11497314265923866,2.452683752282913,0.274861771547326,4.872446344645016,0.23006475077321126,0.016642630100250244,0.08566130697727203,0.16480051771909068,0.0,0.0,0.3284610078572281,0.05242198476840265,0.2553718090057373,1.3462200870938137,1.8887032161794777,Pre-B small,0.0013633638433957148,-0.04027056694030762
ENSG00000180573.9,HIST1H2AC,0.004855323,0.004855323,0.1399877667427063,False,2.02635335414417,23.818338318095346,0.18432838766586399,4.711659860919537,0.03616835952736437,0.02285282127559185,0.8814247250556946,0.0,0.0,0.0,0.4996126408361302,0.08646487842036388,23.135587692260742,0.020221593349219802,2.0580604052450013,Platelet,0.0,0.14000040292739868
ENSG00000158373.8,HIST1H2BD,0.11490784,0.11490784,-0.043027400970458984,False,0.10478976803091714,1.7305770835968535,0.3030011292556668,4.901201544352571,0.46775237485766413,0.017777541652321815,0.05121350288391113,0.0030073714873160833,0.0,0.0,0.38487842434512204,0.058715989621047626,0.17097356915473938,1.6121649562332385,1.6250113701101274,,,-0.043027281761169434
ENSG00000204642.13,HLA-F,0.12282061,0.12282061,-0.0025675296783447266,False,0.14284906290996957,3.1821181642832896,0.3671023746742814,3.611863820651685,0.31297319663895495,0.01919868029654026,0.07395226508378983,0.13836535110249557,0.0,0.0,0.22943684189453212,0.062305622446846336,0.19455216825008392,1.2937104667210333,1.210497210648692,,,0.02661299705505371
ENSG00000204574.12,ABCF1,0.41191965,0.41191965,-0.3075733184814453,False,0.04536014476266711,0.8113824565269947,0.19782193693688355,6.7171404803735335,0.9039847254753113,0.023337561637163162,0.03872448578476906,0.21520387505444724,0.0,0.0,0.04618247454361818,0.07668156326448994,0.11604662239551544,0.8343490591124925,2.1473056359917484,"Monocyte classical,B naive",0.00139489110229591,-0.2696220874786377
ENSG00000196230.12,TUBB,0.0014020733,0.0014020733,0.03468233346939087,False,7.510350950386822,178.1011589556089,0.3422625255350869,2.082973288468719,0.007838969277217986,0.01060966681689024,2.3076353073120117,0.0007499163794630294,0.0,0.0,0.49912222383941424,0.044275458242648114,10.056907653808594,1.684754265570662,1.1227468271219356,Monocyte classical,8.168999981665405e-11,0.04382884502410889
ENSG00000232810.3,TNF,0.15084414,0.330001,0.01490330696105957,True,0.08164387799203407,1.263549193663483,0.340946001188025,3.745121594261418,0.8399703420698643,0.020560016855597496,0.03298285976052284,5.671431476486556e-14,0.0,0.0,0.3054658579601219,0.05923845393582816,0.11853647232055664,1.1777368469895533,1.1712214742292373,,,0.032387733459472656
ENSG00000204482.10,LST1,0.36433718,0.3775216,0.8964320570230484,True,7.626975790261579,3.578357283764424,1.3100546240252773,5.007299653733548,0.1896265557780862,0.5931130647659302,1.4426956176757812,0.2193914696262521,0.0,0.0,0.498744320472255,1.7775439081628124,7.7386393547058105,0.6169891182260403,0.6465978491610194,Monocyte non-classical,1.3427333761509455e-67,0.900311104953289
ENSG00000204472.12,AIF1,0.03757357,0.0474721,0.5355631411075592,True,5.121421013432329,13.927792950611186,0.8302264297451066,16.67640589970316,0.07909409726038572,0.11362157762050629,1.9357333183288574,0.2142765585756548,0.0,0.0,0.490711405103178,0.31814233906234785,6.0088114738464355,0.9800324405203528,1.0484689859977243,Monocyte non-classical,0.0023643882512184296,0.5356743931770325
ENSG00000204287.13,HLA-DRA,0.004729031,0.004729031,-0.07998299598693848,False,19.618892886713788,230.49765519457333,0.9523698013234537,3.5892563166500064,0.0026441490557044746,0.027405889704823494,4.897334575653076,0.21905485258227517,0.0,0.0,0.49593496451348107,0.08614675849777953,16.218996047973633,0.9542890870847145,0.7383462213975399,Dendritic cell,1.2251481581977154e-25,0.22827774286270142
ENSG00000196735.11,HLA-DQA1,0.37439206,0.38664392,0.8059717118740082,True,1.2669731814890874,2.707190198907398,0.8439134601922771,3.8897095834516695,0.19635697737336155,0.1692393273115158,0.4007817208766937,0.30022072615143974,0.0,0.0,0.40354306891991953,0.43419663702352546,1.1469509601593018,0.5915453688951539,0.8444235234478012,Dendritic cell,0.0,0.8229857236146927
ENSG00000204256.12,BRD2,0.17509487,0.17509487,-0.29320228099823,False,0.08670152135971475,2.399376481576916,0.2771699550050062,6.371305319308099,0.3901919209957121,0.019559841603040695,0.0654180496931076,0.13085855839288338,0.0,0.0,0.2517385040804394,0.06238751747183003,0.21994969248771667,1.9970616883550731,1.6872083954217743,Granulocyte precursor,0.0014422365462666564,-0.04447603225708008
ENSG00000223865.10,HLA-DPB1,0.0078182295,0.0078182295,0.03748530149459839,False,4.792075643785334,71.63473652680662,0.5569918274154712,3.800694242760077,0.01265265387482941,0.022106515243649483,2.1403005123138428,0.1364198689031266,0.0,0.0,0.4978127819076387,0.07516210023152503,8.233874320983887,1.630596330775031,1.1584679158667561,Dendritic cell,1.1518548591358663e-23,0.19530808925628662
ENSG00000112511.17,PHF1,0.12607741,0.12607741,-0.08391344547271729,False,0.23386142802442858,3.9937183497872484,0.4718573971150733,2.4173144517040828,0.10168486185371875,0.01602526567876339,0.07446475327014923,0.15978238127830677,0.0,0.0,0.31336448712002,0.04713762009248601,0.18222130835056305,1.2569006159619203,1.022221848206596,B naive,3.198119914399686e-07,0.08705484867095947
ENSG00000112062.10,MAPK14,0.053095225,0.053095225,-0.02325761318206787,False,0.04444892355908804,0.7994324184023034,0.23136655717668644,3.9236354429176834,0.8145829859375955,0.012234366498887539,0.026020724326372147,9.416384745316514e-15,0.0,0.0,0.38703587117398924,0.04536884171093992,0.09830456227064133,2.377576942394991,2.052352119619852,,,-0.0002707242965698242
ENSG00000112078.13,KCTD20,0.24731708,0.24731708,-0.1286865472793579,False,0.04500185982536572,0.7180481892110429,0.22002861697297707,4.573498872922796,1.6847885191440581,0.027654213830828667,0.02708319202065468,0.09990800954552546,0.0,0.0,0.24831078689816782,0.09007836035020932,0.08832862973213196,1.4857230285785459,1.4321030076342929,,,-0.12136602401733398
ENSG00000124762.13,CDKN1A,0.04983863,0.04983863,-0.04642176628112793,False,0.23206292847024892,3.458973236926719,0.3366477798571784,2.0774861628384125,0.5768014588952068,0.029803410172462463,0.0786677822470665,9.799434505915513e-27,0.0,0.0,0.2855384543591707,0.09750737692890607,0.21903538703918457,1.124710845420753,0.7631040274465085,,,-0.046370625495910645
ENSG00000024048.10,UBR2,0.5481895,0.5481895,-0.3540734052658081,False,0.02403995569173836,0.39778900630805053,0.18393197139422693,7.297977784514244,1.4450791901350022,0.023670746013522148,0.02493891678750515,0.14237236418492785,0.0,0.0,0.19944425807505983,0.08572418485188928,0.07710468769073486,1.9292291301748765,2.6485787667323666,Erythroid late,0.0028524081949339547,-0.33598995208740234
ENSG00000146223.14,RPL7L1,0.10994419,0.10994419,-0.037265896797180176,False,0.025185964238425288,1.2947642394312104,0.25154376575675524,6.453419081314643,0.5018827924132349,0.007287420332431793,0.019565921276807785,0.010544510484831906,0.0,0.0,0.2712069898466481,0.02815099707473933,0.07498972862958908,2.531870286043388,2.073651489305471,Monocyte classical,6.602026152933457e-05,0.0038776397705078125
ENSG00000171611.9,PTCRA,0.00025427694,0.00025427694,0.020558297634124756,False,20.903932777469095,1757.7743129338007,0.621261979726285,0.509776775595085,0.003767456591594964,0.004824730101972818,2.1130447387695312,,0.0,0.0,0.4944488395919094,0.009429808948087204,6.399893760681152,,0.249156697451566,,,0.02055799961090088
ENSG00000112146.16,FBXO9,0.21587293,0.21587293,-0.14643418788909912,False,0.02263412822508017,0.5872944631157148,0.18887869558699324,7.282123050568017,1.312999141216278,0.01800021529197693,0.022620240226387978,0.08402553107608648,0.0,0.0,0.30205487592691205,0.06557236878239081,0.07166249305009842,2.6731184560769656,2.330993242675153,,,-0.13802778720855713
ENSG00000112200.16,ZNF451,0.19503541,0.19503541,-0.17828965187072754,False,0.015073509376228112,0.4868490799656188,0.23812977652083442,6.870925868429758,1.1136161422729494,0.01034105196595192,0.012512899935245514,0.008399329011864779,0.0,0.0,0.3352666371927931,0.032436123237175714,0.046411097049713135,1.825747982573341,2.3670618393725222,"Monocyte classical,B naive",1.5268500908935214e-05,-0.1756598949432373
ENSG00000112245.10,PTP4A1,0.02364163,0.02364163,-0.028624773025512695,False,0.4463811308679753,6.078543823268986,0.41707058481618875,2.4146379371772073,0.06882173694670199,0.018667349591851234,0.12816187739372253,2.091810842931629e-15,0.0,0.0,0.49312773403549026,0.11424553864550725,0.41565266251564026,1.9304507126034047,0.9923244798743257,"HSPC,Plasmacytoid DC",0.00010976849267344434,0.0054351091384887695
ENSG00000118482.11,PHF3,0.1877238,0.1877238,-0.18445825576782227,False,0.02025157377101606,0.6973234546806657,0.24090760143457682,6.5278782880691555,1.0266004621982574,0.011768658645451069,0.01776876300573349,0.120614536386405,0.0,0.0,0.23832867470700603,0.03608323535499513,0.0632522851228714,1.8021909436457724,2.2734492840304985,,,-0.16511619091033936
ENSG00000082293.12,COL19A1,0.24773973,0.7032674,0.32782965898513794,True,0.06985789111815362,0.7830313492371457,0.2867157305690098,5.078081278756066,1.3057184308767318,0.03774648532271385,0.04191746190190315,0.1812042090097432,0.0,0.0,0.03905280909610744,0.10774422150987295,0.13026562333106995,1.0146994088244023,1.4891162758237408,B naive,0.005501145239688353,0.33664488792419434
ENSG00000119900.7,OGFRL1,0.045270734,0.045270734,-0.0683283805847168,False,0.35500758361840956,4.767312280431825,0.47448444475815094,2.6082150915779647,0.08664687059819698,0.018066538497805595,0.09851988404989243,0.007331024306419076,0.0,0.0,0.4425302959154278,0.06607636710985076,0.26884719729423523,2.0483855298564997,0.9804570101394029,,,-0.03790080547332764
ENSG00000112701.17,SENP6,0.15425564,0.15425564,-0.10002148151397705,False,0.03510641246169864,1.157390860629466,0.23675779247125284,5.7181595657663715,0.8044088333845139,0.01620333455502987,0.027193263173103333,0.07648083150905506,0.0,0.0,0.32670533457516215,0.06184495974203674,0.09515481442213058,3.237445841485463,1.755140142029035,Pre-B small,0.009594518279799591,-0.08482098579406738
ENSG00000065615.13,CYB5R4,0.101886615,0.101886615,-0.03982806205749512,False,0.1252746588200869,2.297684817376571,0.2943833248726013,3.7689412332498184,0.2952331079542637,0.019408883526921272,0.07247931510210037,0.12003453929056991,0.0,0.0,0.33454149962626756,0.06802290038579883,0.22565637528896332,2.129532305413334,1.4627348239674718,"Monocyte classical,Pre-B small",0.007714195673400837,0.0003923773765563965
ENSG00000188994.12,ZNF292,0.09180592,0.09180592,-0.12238681316375732,False,0.039720351421522394,1.560036113223692,0.23184295655353268,4.134238930608862,0.6024895906448364,0.012226821854710579,0.03515906259417534,0.11299640707018058,0.0,0.0,0.1018926239699689,0.03850868587633726,0.11302593350410461,1.9626121500760885,1.9123930396384112,"Pre-B small,B naive",2.4125049777406223e-05,-0.035146355628967285
ENSG00000112297.14,CRYBG1,0.21685226,0.21685226,-0.06932401657104492,False,0.04822756562696336,1.0067006944318901,0.29722268144499925,4.21892559077975,1.1322540938854218,0.019764728844165802,0.027056938037276268,0.12254916144392401,0.0,0.0,0.13462035303504444,0.05805265110686796,0.08588292449712753,1.4030631860572085,1.4992223430670697,,,-0.05185425281524658
ENSG00000130348.11,QRSL1,0.05713933,0.14441867,0.1971038579940796,True,0.13645234676943369,2.3897454764851678,0.3270410907974595,3.8800778760654704,0.2669594541192055,0.01590852625668049,0.07299964129924774,0.16027712455736726,0.0,0.0,0.368693806180239,0.04576570067177066,0.20543184876441956,1.1889791304027484,1.8241591811981244,,,0.21555233001708984
ENSG00000112367.10,FIG4,0.21638803,0.21638803,-0.15832030773162842,False,0.026128064997867156,0.7812720030001636,0.26130241596585874,4.662440390665181,1.0794366435706615,0.014274679124355316,0.018745293840765953,0.10003740044332095,0.0,0.0,0.2004947910915773,0.045213867511863855,0.06401048600673676,1.9714754553766447,1.6808294314080063,Granulocyte precursor,0.005015078762871733,-0.12317752838134766
ENSG00000168438.14,CDC40,0.062484268,0.062484268,-0.02860724925994873,False,0.20455215639661614,3.4318811513391996,0.3140934146123279,4.856665251886461,0.2090129072343309,0.016288692131638527,0.09228389710187912,0.058898662741637305,0.0,0.0,0.47351514522959165,0.050638273251814234,0.4076506197452545,1.5132862771895095,1.3442631535540839,"Granulocyte precursor,Monocyte classical",8.049460824015772e-05,-0.027519941329956055
ENSG00000198945.7,L3MBTL3,0.1910106,0.1910106,-0.08233821392059326,False,0.02544367762572009,0.6894536368859574,0.2468524275441548,4.929809940958056,1.1896894486248493,0.014638242311775684,0.021317122504115105,0.020165991055331834,0.0,0.0,0.37686811304346013,0.050174374237989205,0.059358201920986176,2.3105985943625664,2.1121976477778417,Monocyte classical,0.004905334095738858,-0.04857516288757324
ENSG00000118507.15,AKAP7,0.06730201,0.06730201,-0.005183219909667969,False,0.04968054845248014,0.6372321229095306,0.21693681878655396,3.1018231701613352,1.2748407737910745,0.01584492065012455,0.021533140912652016,5.9215351986835666e-06,0.0,0.0,0.4625866514410131,0.07884556075282312,0.06786806881427765,4.981310109446238,1.6451873909461472,,,0.002516448497772217
ENSG00000228495.1,LINC01013,0.10641071,0.11127014,0.5730384588241577,True,0.9621944190312041,10.064801979407743,0.8908472162577483,1.91186843118573,0.06579566203057767,0.029126722365617752,0.2058483064174652,3.121413720266224e-14,0.0,0.0,0.3968746769876403,0.08065557132341539,0.4454168677330017,0.8319561659838149,0.6455555470166288,,,0.5736064910888672
ENSG00000118513.18,MYB,0.04845085,0.067555055,0.31173938512802124,True,0.33524524681991963,7.235535894818861,0.5277302905644177,3.410317712877825,0.05663582889363171,0.012707885354757309,0.1060190349817276,0.1409737463272107,0.0,0.0,0.3881871752956689,0.0426730341724324,0.3254670202732086,1.6067124381809827,1.0896114421223984,,,0.33767426013946533
ENSG00000051620.10,HEBP2,0.036750726,0.036750726,-0.05108356475830078,False,0.10208260716104431,2.9773946871185517,0.3064545705081153,3.6464145617462216,0.243498471279939,0.013147752732038498,0.0683489441871643,1.7735284831163912e-19,0.0,0.0,0.3340644379478195,0.05151969142028889,0.1844402551651001,1.8260547449012052,1.57139871095928,,,0.00498652458190918
ENSG00000024862.17,CCDC28A,0.04902525,0.04902525,-0.08827269077301025,False,0.04320338667281691,0.9517879918258337,0.18705975961311888,4.393186738953907,0.343321114902695,0.012064279988408089,0.03177235275506973,7.896910913699943e-41,0.0,0.0,0.19711533124610126,0.038197148837367356,0.11679787933826447,1.6992464976007318,2.370224240064524,Pre-B small,2.5373120178266116e-09,-0.011680006980895996
ENSG00000146386.7,ABRACL,0.02006912,0.02006912,-0.20933258533477783,False,0.6816494095346652,18.255230385424067,0.27380549056459486,2.200161148247308,0.0824604257941246,0.013034018687903881,0.18440791964530945,1.813297224366159e-20,0.0,0.0,0.45415097573351576,0.049415231095396805,0.7440452575683594,1.7807204246281416,0.7750217712982793,Platelet,7.0235456771283434e-06,0.026036441326141357
ENSG00000152818.18,UTRN,0.189789,0.189789,-0.08723855018615723,False,0.13432408744904423,2.1239770502089725,0.36194731516393214,4.020667388800526,0.42478234079976884,0.021754350513219833,0.06482703983783722,0.171717064847792,0.0,0.0,0.26358910199334906,0.06653410300349183,0.1970057487487793,1.4027282635172615,1.4030083706757634,Platelet,6.931053672566331e-258,-0.08243882656097412
ENSG00000055208.18,TAB2,0.17144649,0.17144649,-0.040581464767456055,False,0.05482894620917304,1.0085536661778152,0.26824685552021954,5.100196925479003,0.5582790076732635,0.01905398815870285,0.035836361348629,0.09526062075389052,0.0,0.0,0.3215702084316898,0.0669353281885332,0.11611206084489822,2.433450168110311,1.8648288904296286,,,-0.036373138427734375
ENSG00000055211.12,GINM1,0.049714774,0.049714774,-0.046776652336120605,False,0.05225238021112962,0.7159562319609701,0.21247747912064271,3.3037988000892105,0.6835082298517228,0.012865166179835796,0.02668054588139057,8.138945195576563e-12,0.0,0.0,0.4836775942734902,0.07248683311404135,0.10790502279996872,2.7857352962142854,2.29040578600519,Monocyte classical,5.586691012271707e-06,-0.011462926864624023
ENSG00000131016.16,AKAP12,0.008515336,0.02001267,0.15516817569732666,True,1.847254747822297,15.459135048458993,0.52157510846889,1.745144745867954,0.06403378328308464,0.02626025676727295,0.44495853781700134,2.4186738495186744e-05,0.0,0.0,0.4933935292637122,0.1126811817265292,1.4337996244430542,0.5229811834070045,0.9148209111689741,,,0.15531349182128906
ENSG00000049618.22,ARID1B,0.3811477,0.3811477,-0.03172886371612549,False,0.06527203607388421,1.055711801839642,0.3391947098336082,6.315372640407104,0.7685691595077515,0.024739161133766174,0.0413086973130703,0.09153100556984489,0.0,0.0,0.38271585767245775,0.09925036490653838,0.14910611510276794,3.7493408369571712,1.7022538241193506,Pre-B small,2.675138303275645e-17,-0.012708783149719238
ENSG00000272047.1,GTF2H5,0.04251886,0.04251886,-0.11303067207336426,False,0.17452583383386294,2.46215689880088,0.19428498290248186,2.2625536766889196,0.5165258277207614,0.01885581575334072,0.06324505060911179,8.754763392653401e-11,0.0,0.0,0.46601048111977383,0.10295975481465548,0.18928410112857819,5.37632211951918,1.226049420491026,,,0.009892702102661133
ENSG00000146457.14,WTAP,0.11651321,0.11651321,-0.12916219234466553,False,0.07695702609922772,1.805605212116586,0.25560833748375533,5.090564571867421,0.33184912458062166,0.01676071062684059,0.0548001192510128,0.10210380563629637,0.0,0.0,0.3724103691741969,0.06346190332067979,0.1700703650712967,2.9356974785892365,1.810782428716387,Dendritic cell,8.265296039299047e-08,-0.07173717021942139
ENSG00000085511.19,MAP3K4,0.052235648,0.052235648,-0.031560420989990234,False,0.02004836221788858,0.898341558177973,0.3019303411313937,6.664355737598001,0.8891466677188873,0.008460612036287785,0.01379737164825201,2.6978695913936554e-18,0.0,0.0,0.3006316051186382,0.02762650438007252,0.04903043806552887,2.241227690888178,1.815319691875072,,,-0.03149604797363281
ENSG00000112531.16,QKI,0.09545277,0.09545277,-0.06428277492523193,False,0.25545812940165813,3.022482749311684,0.35299403941217594,2.244520710117626,0.1405145848542452,0.025334082543849945,0.08518940210342407,0.0031829324787110286,0.0,0.0,0.45330927301327373,0.09829410742233867,0.223979651927948,2.0405692101743593,1.0595641685966617,Granulocyte precursor,0.0009265236436523622,0.054766297340393066
ENSG00000146540.14,C7orf50,0.004683021,0.004683021,-0.012066483497619629,False,0.3818958099799289,6.105830240011104,0.29047398394419227,4.638615296311346,0.1776489386893809,0.013656075112521648,0.13317923247814178,0.10043503046773385,0.0,0.0,0.4881672529407476,0.0679162639298121,0.8548082113265991,5.559081046376332,1.4203887437719376,Erythroid late,0.00020182443833987806,-0.011922717094421387
ENSG00000178381.11,ZFAND2A,1.1646109,1.1646109,-0.5639677047729492,False,0.02175173498880915,0.2573794936168884,0.21895842951324926,6.174049092567514,3.4388190436363226,0.03447890654206276,0.015265163965523243,0.12446710693549869,0.0,0.0,0.23170991411164105,0.10690807281015323,0.05198938772082329,1.3047631148517853,1.8061895358168663,Monocyte classical,4.315203843828429e-06,-0.5632799863815308
ENSG00000002822.15,MAD1L1,0.06353829,0.06353829,-0.18773019313812256,False,0.09886585467311515,2.830322422446154,0.2512882153092781,2.7486339010345975,0.13033388569951063,0.012554074637591839,0.04551234096288681,3.079086365612527e-35,0.0,0.0,0.38477612248535,0.04308287074641903,0.12623834609985352,1.4097779830922013,1.2808802959535974,Granulocyte precursor,1.2594315373717643e-05,-0.018538713455200195
ENSG00000146535.13,GNA12,0.072959945,0.072959945,-0.09755551815032959,False,0.025801771993878186,1.2032331611414175,0.24357498237963698,5.049083576618133,0.7035618326067925,0.010366891510784626,0.020886676385998726,0.053609053990606004,0.0,0.0,0.10216111851177101,0.034316639694271345,0.06532367318868637,1.8032528436772408,1.7372371913851727,B naive,2.532018632413123e-07,-0.09596097469329834
ENSG00000075624.13,ACTB,0.025782734,0.024414767,0.05177032947540283,True,14.795026883376854,31.966598051120616,0.5245413788101647,9.781453327914436,0.008314025891013445,0.12786978483200073,7.267054080963135,0.31156986231406764,0.0,0.0,0.4970567547953679,0.4213311467453451,19.230010986328125,0.5153632125744626,1.6931861956292915,Platelet,0.0,0.38586705923080444
ENSG00000011275.18,RNF216,0.1886187,0.1886187,-0.12858235836029053,False,0.022444907903661646,0.6368860319719816,0.23204996077812493,4.341365167395284,0.6787789535522462,0.011885805055499077,0.016547486186027527,0.00043737852026135167,0.0,0.0,0.22966104507188984,0.04021119430549903,0.06569027900695801,1.074247283528182,1.9673618010906262,Pre-B small,2.708393796776742e-18,-0.06693065166473389
ENSG00000105849.5,TWISTNB,0.07954422,0.07954422,-0.17155194282531738,False,0.06901382152034362,0.9118047965604008,0.18766007844293428,3.5514123138409213,0.6865539322793486,0.01738865114748478,0.04122040420770645,1.07853367265081e-10,0.0,0.0,0.44153545255519877,0.07387387474115316,0.12477953732013702,3.530630808613616,2.117002135767249,,,-0.02220010757446289
ENSG00000164649.19,CDCA7L,0.008470746,0.008470746,-0.018665432929992676,False,0.2642885021849748,9.812691719995803,0.34633493112580294,2.4329882584684475,0.04742866801097989,0.009275560267269611,0.09240618348121643,1.1273841706154348e-10,0.0,0.0,0.30297773532301325,0.027569881162858856,0.26712873578071594,1.6445467524047606,0.8702137303491423,,,0.003358185291290283
ENSG00000122591.11,FAM126A,0.22637351,0.22637351,-0.07388508319854736,False,0.03567202484825986,1.002036238754165,0.24196794041260156,5.1944286669086,1.0636770755052567,0.017335524782538414,0.023631712421774864,3.176601251850415e-25,0.0,0.0,0.3350002368150151,0.06698634243407309,0.07937778532505035,3.0835095545299103,1.4820135362430356,Granulocyte precursor,2.2006376768905424e-07,-0.05567169189453125
ENSG00000164548.10,TRA2A,0.44096237,0.44096237,-0.0036368370056152344,False,0.1298773119347204,0.7306637605888562,0.24394260878316518,8.504936979904459,0.7562913873294987,0.06755334138870239,0.11306656897068024,0.1956970971751962,0.0,0.0,0.32787836784305113,0.2059143930222778,0.39425402879714966,1.403074745917359,2.2907084426909763,"Pre-B small,B naive",0.0008911566346889715,0.00962531566619873
ENSG00000005020.12,SKAP2,0.02393882,0.02393882,-0.07245016098022461,False,0.2600859252435021,5.153639744420814,0.4044601608883166,1.9994990679736069,0.08280524186789992,0.012694669887423515,0.0724378228187561,1.7517437382639466e-15,0.0,0.0,0.4556125524737045,0.056984631618939297,0.20206564664840698,2.922169042679976,0.9490369904980726,Monocyte classical,8.248753706382376e-05,-0.004847884178161621
ENSG00000106066.14,CPVL,0.009940777,0.009940777,-0.12220966815948486,False,1.020329597588001,37.2848672749674,0.38742070522699573,2.386549831304603,0.04799217078834772,0.008586366660892963,0.24153095483779907,2.5951560570693195e-19,0.0,0.0,0.46704391759622443,0.024898061595388654,0.910415768623352,2.0759460554318854,0.7544505622981367,,,0.05222272872924805
ENSG00000122643.18,NT5C3A,0.0031161,0.0031161,-0.07261741161346436,False,0.11811195109806041,3.9233279788820106,0.24204616958439243,4.993472768103163,0.290269023925066,0.01355681475251913,0.07706211507320404,8.593882585613551e-13,0.0,0.0,0.4794838980700423,0.08007702467285505,0.28368380665779114,3.9532404575436404,1.5031999152595488,Platelet,2.788348326508412e-145,-0.0716930627822876
ENSG00000122557.9,HERPUD2,0.1048157,0.1048157,-0.09628856182098389,False,0.0940569342723568,1.7810857856891544,0.44581536218726137,3.135177006488678,0.20385705962777145,0.013453681953251362,0.031182950362563133,0.09927971180713603,0.0,0.0,0.15204575990908403,0.044176992222658466,0.0982172042131424,1.575515848630687,1.1154354144808967,Monocyte classical,5.1796400471315767e-14,-0.037091851234436035
ENSG00000136250.11,AOAH,0.045453303,0.17862836,0.04114997386932373,True,0.2575059161873901,4.058649179336401,0.5606703659333703,2.6251489197724567,0.12175709456205369,0.021632598713040352,0.08394913375377655,0.16857550419866205,0.0,0.0,0.2294303892061199,0.06329833411398589,0.2156001627445221,1.4388835595675025,0.9276931664281548,Monocyte classical,0.00023331344679567204,0.19724112749099731
ENSG00000158604.14,TMED4,0.02349577,0.02349577,-0.04581010341644287,False,0.07496052977449175,1.5521016479632448,0.1884945729889689,3.3297280556753335,0.6353625431656837,0.014142828062176704,0.036728110164403915,2.349701450440691e-09,0.0,0.0,0.43708275323094514,0.05298022878823305,0.14153358340263367,3.494796579002224,1.6731780603300204,Plasmacytoid DC,0.00601927828158585,-0.010283827781677246
ENSG00000136286.14,MYO1G,0.04716778,0.1406823,0.053782761096954346,True,0.206696872926751,3.2031743336552823,0.40217036171527704,3.5530201312520324,0.30194004933039353,0.02621530182659626,0.1028127446770668,0.14470305796008706,0.0,0.0,0.37696994809481243,0.085111733738529,0.30166125297546387,1.8099068679116592,1.2243667716869746,Monocyte classical,6.495560796855883e-06,0.1034347414970398
ENSG00000232956.8,SNHG15,0.15908667,0.15908667,-0.22556602954864502,False,0.09351378172208868,1.8380286137167865,0.2656669855674606,6.262301349532295,0.27063533149659635,0.015524392016232014,0.06625399738550186,0.15787449088288738,0.0,0.0,0.2927005690065881,0.050901206317155896,0.20637576282024384,1.440711496513918,2.0897182472959166,Monocyte classical,2.1262524469918645e-18,0.035142600536346436
ENSG00000136273.11,HUS1,0.7134943,0.7134943,-0.40810251235961914,False,0.025292220761638933,0.3021958319954528,0.17794928848509606,8.873504134717267,1.9219041466712952,0.02954040840268135,0.022472785785794258,0.14572630102712816,0.0,0.0,0.30566765354928127,0.09866666673445934,0.07792849093675613,1.4374870762233614,2.5590081225262,"Granulocyte precursor,Erythroid late",0.0013614612506090246,-0.408100962638855
ENSG00000126524.9,SBDS,0.039124712,0.039124712,-0.2074601650238037,False,0.21209139898701304,5.219534885484846,0.39415134487710707,3.3773798971423137,0.07860964402556417,0.01344324741512537,0.08080349862575531,0.10890776236180023,0.0,0.0,0.20886711345799003,0.03960659022127367,0.25226691365242004,1.2470086351986418,1.0364221926045258,,,0.017893671989440918
ENSG00000106635.7,BCL7B,0.021832129,0.021832129,-0.13387715816497803,False,0.24853135418874747,7.984430589475127,0.7250710067091246,2.0898191852642984,0.08465485967695711,0.009937227703630924,0.05458411946892738,5.749297478607654e-21,0.0,0.0,0.25063547813561116,0.030535209260383223,0.1811979115009308,1.5866105417842975,0.6640940035789414,Pre-B small,0.002224661662698486,-0.0096510648727417
ENSG00000189077.10,TMEM120A,0.44417754,0.44417754,-0.0902564525604248,False,0.04005575246090155,0.6358576599985519,0.3097103128407856,5.807535330168754,1.4474436311423777,0.02649833634495735,0.027872392907738686,0.07230917179676492,0.0,0.0,0.331801159335271,0.09107059474665388,0.08866570889949799,2.4657453626892694,1.695585225028392,Monocyte classical,0.0012547031900594036,-0.08187365531921387
ENSG00000127951.6,FGL2,0.00086779014,0.00086779014,-0.004559755325317383,False,1.057607323223099,35.295162116182354,0.4112899397917017,1.9889746737698792,0.02145419714972377,0.012734388932585716,0.28045788407325745,7.540133808977494e-07,0.0,0.0,0.4851256815373729,0.037966358715738835,0.6729987859725952,1.1827576971914506,0.5942717209107689,,,0.004818558692932129
ENSG00000186088.15,GSAP,0.26691708,0.26691708,-0.01239311695098877,False,0.06331215470921521,1.2329916397015048,0.31960079239122846,4.440731173854975,0.8068912178277969,0.02259497530758381,0.03780338168144226,0.1299830882964021,0.0,0.0,0.13070632619624156,0.06972674886908335,0.1088438481092453,1.591797471770836,1.4247804248474292,,,-0.002387523651123047
ENSG00000135185.11,TMEM243,0.25222313,0.55938935,0.5468418002128601,True,0.24751968306016275,1.0116773974450974,0.5367339768831761,7.733433204650082,0.8381982829173406,0.08491235971450806,0.12823325395584106,0.20244743727135794,0.0,0.0,0.44687252198413085,0.23751895216899757,0.45330578088760376,1.0153406546972727,1.4216687913250297,Pre-B small,4.270449083058178e-14,0.5512909889221191
ENSG00000234545.7,FAM133B,0.13060492,0.13060492,-0.30247747898101807,False,0.05146793116455307,1.4817251312519208,0.2097498452271019,6.536774465223067,0.41806405104696753,0.013896494172513485,0.04711785167455673,0.16482209104478227,0.0,0.0,0.11214741399131678,0.04363252910151161,0.1529798060655594,1.632127967233583,2.2882981081872433,B naive,0.00011397042520419384,-0.058242201805114746
ENSG00000105821.14,DNAJC2,0.26184922,0.26184922,-0.3666342496871948,False,0.04903921505027618,1.0580969045903896,0.1703545582855737,5.854290152396952,0.7560731495171785,0.019068773835897446,0.0410468615591526,0.16459034415963297,0.0,0.0,0.0817750770703099,0.06040395815032439,0.11897444725036621,1.1543791060243758,1.9375032782291617,Erythroid late,1.3809499052356512e-05,-0.3138035535812378
ENSG00000105835.11,NAMPT,0.10726869,0.17846777,0.4863255023956299,True,0.29824629343540704,0.849098915736396,0.13467903463354583,19.115089258060262,0.34354317978024485,0.1257377564907074,0.493188738822937,0.2128794955689525,0.0,0.0,0.486470689213456,0.3131654928683929,1.714156150817871,0.8746438945653777,4.399464925976045,Monocyte classical,3.269824979307056e-06,0.5116605460643768
ENSG00000135241.16,PNPLA8,0.22932136,0.22932136,-0.14753472805023193,False,0.09911120400628422,1.5711457812971026,0.2877701774268996,5.226073109900383,0.6781845693290234,0.024397816509008408,0.05477222055196762,0.07549981591999537,0.0,0.0,0.328437795664993,0.08310085083912,0.17632463574409485,2.0255684509374103,1.394849938259887,,,-0.02176368236541748
ENSG00000048405.9,ZNF800,0.13217118,0.13217118,-0.14470791816711426,False,0.037832794055619026,1.0756676068636004,0.20079619757290398,5.022979372574053,0.6747198309004308,0.013924037106335163,0.027808045968413353,0.07696162304659593,0.0,0.0,0.21298677279645695,0.05311857355575666,0.09651321172714233,2.4641847179246947,1.9262618417722477,Granulocyte precursor,0.00012124037295063962,-0.1427072286605835
ENSG00000231721.6,LINC-PINT,0.74451977,0.74451977,-0.14506173133850098,False,0.04545891063761968,0.5623959496797634,0.299610467142895,4.471682362295708,1.6721570134162906,0.03018582984805107,0.025588752701878548,0.1658465236485622,0.0,0.0,0.1749584288387151,0.0903508393602337,0.08464917540550232,1.2033059862506255,1.5073142878652652,Plasmacytoid DC,3.8983068763518235e-19,-0.14384984970092773
ENSG00000182158.14,CREB3L2,0.22850765,0.22850765,-0.1227339506149292,False,0.056776895945010945,1.2477776493619048,0.25511529634808117,5.423925474001118,0.9353459060192109,0.017709501087665558,0.027453776448965073,0.016649727435784713,0.0,0.0,0.31476599478471334,0.06321600446514175,0.09927009791135788,1.4642958654990372,1.3371240677468017,Monocyte classical,1.4146374000970148e-07,-0.12166690826416016
ENSG00000105939.12,ZC3HAV1,0.037620246,0.037620246,-0.04072451591491699,False,0.07801662982562975,1.6861455955072706,0.24538021876890845,2.781342500441746,0.24559347778558727,0.011454122141003609,0.03672785311937332,1.0756329372877944e-42,0.0,0.0,0.31474696881534114,0.04684480914377431,0.13827739655971527,1.53295791919959,1.630016031921787,Pre-B small,4.966271821830853e-08,-0.014069437980651855
ENSG00000133606.10,MKRN1,0.03507111,0.03507111,-0.09909069538116455,False,0.1668643341622099,3.369400683259962,0.24955210971688213,3.1131781852592013,0.11072560250759123,0.016234587877988815,0.0769755020737648,0.03640247250065809,0.0,0.0,0.37030232005647373,0.05594159142409438,0.22703303396701813,2.787467197790735,1.2664880520540567,Monocyte classical,0.0015443206453701443,-0.03318750858306885
ENSG00000181444.12,ZNF467,0.02550925,0.112081215,0.07038617134094238,True,0.17006419982468293,2.968330268494926,0.46229848125808026,2.05690078433871,0.17484751872718335,0.01895693689584732,0.051228366792201996,0.06736073319387277,0.0,0.0,0.1798046969027835,0.060674826386729386,0.14311176538467407,1.5624719064907517,0.8648757732050076,Monocyte classical,0.00010973234065192877,0.0947299599647522
ENSG00000164896.19,FASTK,0.35913756,0.35913756,-0.2783600091934204,False,0.026149184199075408,0.5963065373650954,0.17721705139109586,6.476516774592313,1.1427383521199226,0.018112866207957268,0.022467950358986855,0.1267313944415738,0.0,0.0,0.15975968784340533,0.06724332820225777,0.07061544805765152,1.658646732252556,2.184218069062186,"Erythroid late,Pre-B small,B naive",0.004933447090008942,-0.27799558639526367
ENSG00000055609.17,KMT2C,0.2104566,0.2104566,-0.18227529525756836,False,0.06408864613777891,1.3031170813208637,0.2807190897513228,5.629043450941165,0.4953919604420661,0.019318869337439537,0.04777149483561516,0.1654238370024907,0.0,0.0,0.1891182330744824,0.062124471006112174,0.14623720943927765,1.7007741001327648,1.8975958196168008,"Monocyte classical,Monocyte non-classical",0.0042251963425143655,-0.15913009643554688
ENSG00000106263.17,EIF3B,0.24095811,0.24095811,-0.20948660373687744,False,0.043369943493097,0.9703281648414636,0.2587851806366933,6.874445341646904,0.6023674327880144,0.01655980758368969,0.03896878659725189,0.1880865997637745,0.0,0.0,0.11758581857946293,0.054751479705128496,0.10137732326984406,1.1531516808468398,2.309689859808292,Monocyte classical,7.803660040864936e-07,-0.1506659984588623
ENSG00000164654.15,MIOS,0.1637428,0.1637428,-0.10093224048614502,False,0.0342898853508285,1.1118894629265055,0.2626032411670518,6.394023695884527,0.9116908988356589,0.016244996339082718,0.026460524648427963,0.04736862491953232,0.0,0.0,0.347969464135099,0.05784861472581058,0.08539685606956482,3.0695023470869103,1.7731770901018096,Monocyte classical,0.002185921154939101,-0.03087747097015381
ENSG00000122644.12,ARL4A,0.016119564,0.016119564,-0.06831133365631104,False,0.1410739275876811,2.384995278416544,0.21214283987955987,3.2454379248421277,0.2224742033332586,0.016889359802007675,0.08369743078947067,5.47297850927249e-28,0.0,0.0,0.29726898398034385,0.04856499347562692,0.2729968726634979,1.4430288261981503,1.9788921193754072,Granulocyte precursor,0.0018888628792012893,-0.0021028518676757812
ENSG00000048052.21,HDAC9,0.7588164,0.7588164,-0.34149837493896484,False,0.02041838140149901,0.31254005413832986,0.24294679211591463,7.795699361589401,2.6946221646666526,0.02761957049369812,0.016066696494817734,0.14481177880911023,0.0,0.0,0.050838422533499864,0.08668668787766357,0.05029793083667755,1.1775083467820973,2.0245141928240304,Platelet,3.5780463719601563e-181,-0.3413505554199219
ENSG00000122585.7,NPY,0.055793457,0.084673986,0.4271737337112427,True,0.9453881570232223,25.78950072124145,1.1882037098981584,0.9537883701392068,0.25034473538398744,0.015650250017642975,0.09689793735742569,6.84575745965978e-16,0.0,0.0,0.1895481488896657,0.03925064584460002,0.26980629563331604,1.099130779537691,0.25208070962263107,,,0.4271737337112427
ENSG00000086300.15,SNX10,0.06631244,0.06631244,-0.12792551517486572,False,0.3321713663128269,5.014949746930536,0.3726333802727092,1.8794089799673874,0.09274120286107063,0.019759969785809517,0.10067354887723923,9.169158228485095e-08,0.0,0.0,0.4762778185660653,0.0862716973177875,0.26129937171936035,2.205826336770773,0.9371926633967121,"Monocyte classical,Monocyte non-classical",0.0009285269981779312,0.01954948902130127
ENSG00000106052.13,TAX1BP1,0.1459898,0.1459898,-0.08272004127502441,False,0.10442225937696065,1.6997183686851112,0.1987695959664641,5.890915356770994,0.3942705163359641,0.026289865374565125,0.08985098451375961,0.13526573676181125,0.0,0.0,0.41364199149156966,0.10013527901862318,0.27337291836738586,2.200095930138446,2.061015973323648,Monocyte classical,0.004226498947642387,-0.07173705101013184
ENSG00000146592.16,CREB5,0.16295505,0.743705,0.2784355878829956,True,0.10059574021286238,0.7003676517837919,0.336006633585988,4.284284830516489,1.485072954297066,0.06401841342449188,0.06563181430101395,0.19608393228077176,0.0,0.0,0.18761713939715136,0.1861805762169553,0.1804122030735016,1.09937496579155,1.4638056919135185,Monocyte classical,2.281687174789873e-06,0.2972124218940735
ENSG00000065883.14,CDK13,0.15075907,0.15075907,-0.12528347969055176,False,0.03230322212279658,0.9179238990471951,0.26577270062881747,5.57511008203391,0.8833055190742016,0.012322645634412766,0.01879843883216381,0.0484542443257333,0.0,0.0,0.31689888454142745,0.041884048434401855,0.0636264905333519,1.6465466506623658,1.5827847314638868,Monocyte classical,0.00022765231263565915,-0.11997556686401367
ENSG00000164543.5,STK17A,0.082142234,0.10444398,0.015338420867919922,True,0.37080692344788824,5.391008006876982,0.4917166275559666,2.783403321166716,0.07070901654660702,0.018112074583768845,0.11910948902368546,0.165612594639413,0.0,0.0,0.3943704897635021,0.058069809589345045,0.29066818952560425,1.3682298406608417,1.1214795319503488,B naive,3.2932335851829805e-08,0.18598055839538574
ENSG00000183696.13,UPP1,0.01536473,0.03296932,0.07516628503799438,True,1.0941549626511122,11.962133767944994,0.4428899934796726,2.2502267128891495,0.13173329324633987,0.028860749676823616,0.25531482696533203,0.009207335354177336,0.0,0.0,0.45569341618536224,0.08844134332250064,0.7236546277999878,1.809015999428777,0.6798966837068072,,,0.07638901472091675
ENSG00000185811.17,IKZF1,0.056856208,0.056856208,-0.05422639846801758,False,0.0772998579754776,2.4771137943126442,0.20009554689137085,4.730192463533592,0.3781961528956891,0.015054844319820404,0.06896558403968811,0.12391047420934125,0.0,0.0,0.3186679857060014,0.05357752547062324,0.22707970440387726,2.223379394439041,1.9186610814784406,Monocyte classical,4.143352769156453e-15,-0.027791261672973633
ENSG00000129103.17,SUMF2,0.06615368,0.06615368,-0.07407045364379883,False,0.06292980130384168,1.8742761327593087,0.20305774304484853,5.214038971612496,0.5246934733539821,0.015878411009907722,0.05242936685681343,0.011298101686750222,0.0,0.0,0.3937058372755293,0.06305339369729657,0.1738002449274063,3.9055647827458095,1.827772353153224,,,-0.03653991222381592
ENSG00000126522.16,ASL,0.14970772,0.14970772,-0.0802466869354248,False,0.03540942038418667,0.7733514660461552,0.21304620568568386,3.838128627035208,1.453283166885376,0.016874324530363083,0.017997320741415024,2.7522274946659815e-19,0.0,0.0,0.3681521882698585,0.061663327240317756,0.06802181899547577,2.7136704698768312,1.4480843345363124,,,-0.07452785968780518
ENSG00000106609.16,TMEM248,0.0535446,0.0535446,-0.1545412540435791,False,0.11238077070187694,2.4694057293169602,0.25854590416668066,4.171964816574304,0.09975241608917712,0.011623901315033436,0.05505925044417381,0.045812041898806576,0.0,0.0,0.33035932838889154,0.041433372472770014,0.18332360684871674,1.379899361424892,1.685244820879078,Monocyte classical,7.127064612076186e-17,0.0016987919807434082
ENSG00000086730.16,LAT2,0.0063078078,0.0063078078,-0.04190540313720703,False,0.7371096262508992,18.719276327470332,0.43091547428295685,1.8845627359374115,0.041374135601023834,0.008286084048449993,0.2371555119752884,1.3405557928830815e-12,0.0,0.0,0.4627351104220407,0.02030571687290017,0.6539299488067627,1.1511583275070751,1.1794799845561608,,,0.008562326431274414
ENSG00000127947.15,PTPN12,0.12495075,0.12495075,-0.01352083683013916,False,0.16672304170479488,2.31411971928498,0.4304360958333949,2.8460613278564395,0.18143152445554733,0.024964872747659683,0.06501572579145432,0.08953528786677012,0.0,0.0,0.22746433018784307,0.07971408012465986,0.17882707715034485,1.5569295613237604,1.1328428590620494,Monocyte classical,0.00026787805243349346,0.046366214752197266
ENSG00000187257.15,RSBN1L,0.01853098,0.01853098,-0.03231155872344971,False,0.03412018868731168,1.1782041711147262,0.2514887055875273,6.083955340604622,0.42659792304039,0.010691424831748009,0.021929306909441948,2.172236205313057e-10,0.0,0.0,0.349340163575236,0.03243966652087238,0.08997207880020142,3.1190591554772116,1.6538356941985097,B naive,0.006500106258180813,-0.0011565685272216797
ENSG00000006576.16,PHTF2,0.45902961,0.45902961,-0.33953797817230225,False,0.03620865895833976,0.5044048301844166,0.2137448213291765,5.7483754081256,1.775895659029484,0.027948670089244843,0.0239607822149992,0.1826220349179646,0.0,0.0,0.21682053466065898,0.07975287637657226,0.08043040335178375,1.005045367716129,1.6996543650666909,"HSPC,Granulocyte precursor,Platelet",0.006038018388206486,-0.32746660709381104
ENSG00000135218.17,CD36,0.12139886,0.19191897,0.45474523305892944,True,0.8155246767177077,4.308634020095785,0.8272405872697751,4.052196922834677,0.10900425788015126,0.05459718033671379,0.23666201531887054,0.21266467772359005,0.0,0.0,0.4326408705029646,0.16944391328564645,0.6341146230697632,1.1119911883010876,0.9581410223109194,,,0.4862554669380188
ENSG00000135164.18,DMTF1,0.24949078,0.24949078,-0.14949822425842285,False,0.03206219016061481,0.9692211966470005,0.250351071879005,5.0771011562015165,0.8801866319775582,0.015799211338162422,0.025443902239203453,0.10433599182002207,0.0,0.0,0.2121088578616978,0.05598328484172567,0.0787065178155899,2.2781750608311406,1.7239057427581739,Monocyte classical,1.671565875022123e-05,-0.09032070636749268
ENSG00000127914.16,AKAP9,0.07735867,0.07735867,-0.03907585144042969,False,0.09813457669369684,2.58814130523088,0.24675013970415322,4.775148000404089,0.4139427688345313,0.016478870064020157,0.06897002458572388,0.0016460574939933727,0.0,0.0,0.44205072396378886,0.0677949664041444,0.23706254363059998,3.915984774315177,1.6777725499452778,,,-0.0176316499710083
ENSG00000001629.9,ANKIB1,0.07613528,0.07613528,-0.07133054733276367,False,0.021837605833655793,0.7493121648138663,0.26904564707943807,4.537356808049987,0.7018464666604998,0.010184544138610363,0.015744512900710106,1.5494983573566446e-05,0.0,0.0,0.10129722972327443,0.033430428880518726,0.051766399294137955,1.5070970939730737,1.8568094973866764,Granulocyte precursor,4.82353674230498e-13,-0.04805493354797363
ENSG00000188186.10,LAMTOR4,0.05596892,0.05596892,-0.08498966693878174,False,0.12295298134869483,1.9669592928108965,0.26752786437170617,5.354178684854069,0.241688092276454,0.019107624888420105,0.0871625766158104,0.10115663399652065,0.0,0.0,0.3651154959066548,0.06312290316495962,0.26142239570617676,1.8491433616353556,1.9878389079187513,Monocyte classical,0.006181713296215544,-0.058214426040649414
ENSG00000085514.15,PILRA,0.33044168,0.42680222,0.5777153074741364,True,0.282398363696391,1.5676407552650817,0.632609224365521,7.7566537586160385,0.5890793778002261,0.0545240119099617,0.11338355392217636,0.10321092445166613,0.0,0.0,0.4876552017280328,0.16999784485140876,0.5171394348144531,1.3520732491905636,1.263357921164996,Monocyte non-classical,3.1921055411688026e-06,0.5898618996143341
ENSG00000146834.13,MEPCE,0.093125105,0.093125105,-0.12162470817565918,False,0.028707648727591642,0.7416430744872249,0.26081705143426887,5.942941488965157,1.3888241082429886,0.01826397329568863,0.021698612719774246,0.010914768778034916,0.0,0.0,0.30418778734002494,0.06652943382516387,0.0737464427947998,2.929852856947172,1.745095304772461,Monocyte classical,0.003020233371072931,-0.12120926380157471
ENSG00000169871.12,TRIM56,0.08624234,0.08624234,-0.06405365467071533,False,0.07551387895632501,1.9825055498588842,0.4120452151186914,3.0239342443624255,0.18677250534296042,0.010729662142693996,0.027144066989421844,0.038757619943044386,0.0,0.0,0.07350159124113272,0.03354925847659729,0.07526698708534241,1.5390782979333049,1.093774206515674,"Monocyte classical,Monocyte non-classical",0.0030067257234710687,-0.01369333267211914
ENSG00000128563.13,PRKRIP1,0.087073386,0.087073386,-0.08963751792907715,False,0.02432289391417985,0.8799770548396691,0.22285804865025047,4.60798633228911,0.8159305290877819,0.010942603461444378,0.01901036873459816,0.024770464725228234,0.0,0.0,0.25290867442780496,0.039759722737374936,0.06759944558143616,2.235079607210674,1.9742335780700244,Pre-B small,6.174011991836368e-05,-0.0680851936340332
ENSG00000005483.20,KMT2E,0.44876435,0.44876435,-0.006354808807373047,False,0.14631005530001462,0.8392255147825254,0.2722553804658502,7.00631649843119,0.6484237364431225,0.06268724054098129,0.12237615138292313,0.2384792772012264,0.0,0.0,0.223032209775127,0.18891859609722947,0.3399927020072937,0.9436744734064556,2.209848685182192,Monocyte non-classical,1.2719674744862875e-09,-0.006337285041809082
ENSG00000105856.13,HBP1,0.118919715,0.118919715,-0.12979578971862793,False,0.05265002044084027,1.1581540741449792,0.2637529592449084,4.993888476567764,0.654832273721695,0.017371824011206627,0.0397929921746254,0.12477742808795926,0.0,0.0,0.1716808915010647,0.053592724586504215,0.1240641176700592,1.7842111173968678,1.878964036224616,Pre-B small,0.001644416454907295,-0.09620976448059082
ENSG00000105879.11,CBLL1,0.05364659,0.05364659,-0.04544830322265625,False,0.058489814991201976,1.5960635895620818,0.33588141411748823,4.029121293196404,0.209455835968256,0.010467820800840855,0.025362955406308174,1.430120668621825e-12,0.0,0.0,0.2649511617219467,0.03887839109174163,0.07557477056980133,2.3231549112947025,1.4457861850024591,Monocyte classical,6.313340867177035e-05,-0.020747065544128418
ENSG00000128590.4,DNAJB9,0.34941038,0.34941038,-0.30998897552490234,False,0.0142697675820542,0.34348225301339913,0.1998345266827925,8.619143077099805,1.3617998453974725,0.013950292021036148,0.01380380429327488,0.11248451821898676,0.0,0.0,0.18619145809298454,0.04647640806360709,0.04183666408061981,1.430484999473262,2.7367479855150725,Monocyte classical,6.192919256287012e-05,-0.30993902683258057
ENSG00000135269.17,TES,0.040189207,0.040189207,-0.06412804126739502,False,0.07176355692870255,2.514889976752656,0.29483560568866385,2.8804714591435934,0.3575935250893234,0.010554421693086624,0.04493679478764534,0.028413748416649263,0.0,0.0,0.1437668002999618,0.031880789805669885,0.1502223163843155,1.289571417171993,1.5236709255218561,Plasmacytoid DC,0.001339601206700293,-0.006525516510009766
ENSG00000198898.13,CAPZA2,0.0154256355,0.0154256355,-0.06315946578979492,False,0.1370120812051509,3.982171844642085,0.16280569208205475,5.384239487859948,0.26049153216183174,0.02091839164495468,0.11925075203180313,0.06373365319798578,0.0,0.0,0.45479967792601317,0.07396905513745276,0.41002869606018066,3.829943786599091,1.7327972728073797,,,-0.061562538146972656
ENSG00000071243.15,ING3,0.18415782,0.18415782,-0.1488245725631714,False,0.037397212323705235,1.0424138571040367,0.2250348698008547,4.959389362256429,0.6942449346184731,0.016781892627477646,0.02961176447570324,0.03215897512985487,0.0,0.0,0.32113970133960157,0.061475911395742586,0.0965365469455719,3.2195464142768473,1.7561891888715988,Pre-B small,5.347075331801848e-08,-0.09212613105773926
ENSG00000122786.19,CALD1,0.5233535,1.1940787,0.5524976551532745,True,0.1604086322302545,0.23991458577967034,0.151156382408284,7.616061398148073,2.185403606891632,0.23080261051654816,0.18006671965122223,5.164302436815254e-08,0.0,0.0,0.43780108176784205,0.47081095942951384,0.3876357674598694,0.24891023015560954,2.9896424909183024,,,0.5524976551532745
ENSG00000243317.7,C7orf73,0.41956323,0.41956323,-0.12210631370544434,False,0.03475297905959825,0.552572783571965,0.24609197419236808,5.666932425762348,1.8640891313552856,0.02304779924452305,0.01854616217315197,2.4780553599735647e-05,0.0,0.0,0.3324641650855116,0.08370425015979421,0.0694570243358612,2.645332678818379,1.5290595294858005,,,-0.12210619449615479
ENSG00000059377.16,TBXAS1,0.045236874,0.12812957,0.05146282911300659,True,0.1750107201931416,3.583323053259519,0.36079106613835565,3.481378398576716,0.37234616577625274,0.0190895888954401,0.07433916628360748,0.11171879316170072,0.0,0.0,0.2536911998596725,0.05627968692738249,0.19868630170822144,1.1595549710569142,1.1411019370779945,Monocyte classical,0.00021943192825845688,0.0885428786277771
ENSG00000197448.13,GSTK1,3.9105828,3.9105828,-1.1897072792053223,False,0.032406275592442496,0.08113145410390374,0.1795013050183909,6.321593929139645,9.45595227241516,0.13037656247615814,0.02388732321560383,0.2616728839051034,0.0,0.0,0.09228273764857853,0.36762056621410016,0.08012118190526962,0.7655088840397571,2.258284777922083,Plasmacytoid DC,2.609568601558603e-05,-1.1264500617980957
ENSG00000106144.19,CASP2,0.13918978,0.13918978,-0.21764159202575684,False,0.05593720192991322,1.818115467839465,0.27912019060770493,4.615613852959047,0.3566191890339056,0.008948246948421001,0.03327462449669838,0.08283467463388515,0.0,0.0,0.045828710630263246,0.02830077077690385,0.109412282705307,1.3989598942266785,1.692308059313672,"Erythroid late,B naive",0.0064447998044965225,0.021443724632263184
ENSG00000159840.15,ZYX,0.019543035,0.019543035,-0.14080679416656494,False,0.32772382525834315,7.719724910754441,0.4545769599328692,2.618287902832881,0.0702484491840005,0.01599743403494358,0.10760077089071274,7.147557584020582e-12,0.0,0.0,0.4270873847213428,0.05989921844676483,0.30593201518058777,2.577002970260055,0.8712910402162533,,,0.0220491886138916
ENSG00000242258.1,LINC00996,0.58890283,0.6582921,0.7007682025432587,True,0.3482222497547679,1.3670114471131163,0.7763743975106027,2.584857377198425,0.4204781264066696,0.07125306129455566,0.09320148080587387,2.934201143103118e-16,0.0,0.0,0.23261557091653728,0.18612386506544715,0.2017567753791809,0.6180025093775239,0.9568572234004564,,,0.7009176313877106
ENSG00000186480.12,INSIG1,0.037131846,0.037131846,-0.06781816482543945,False,0.2774018452732294,4.741228232408615,0.2846161383154764,2.209253462986065,0.37237297117710116,0.019931156188249588,0.07587128132581711,4.6355712928766795e-21,0.0,0.0,0.4002480009773639,0.062448541135019284,0.276335209608078,2.0201586206554953,0.6881882815319743,,,-0.06645619869232178
ENSG00000184863.10,RBM33,0.19917756,0.19917756,-0.17039942741394043,False,0.03261114220938281,0.8708551034273011,0.19158983454882414,6.495543997172064,0.6344359467178584,0.014868966303765774,0.03158070147037506,0.1405812557853076,0.0,0.0,0.10921598540326782,0.05178437499943068,0.10158791393041611,1.867243839167419,2.4389060634259274,Plasmacytoid DC,1.130313231741189e-06,-0.1439969539642334
ENSG00000105993.14,DNAJB6,0.06037531,0.06037531,-0.16888976097106934,False,0.046477265221513624,1.66028152960843,0.1870874078699213,3.6796227066331553,0.5704224139451979,0.01109018363058567,0.02960052900016308,0.08744543083050156,0.0,0.0,0.09567086756266313,0.03451644125646247,0.0918368250131607,1.51531453686701,1.607603582748622,Platelet,0.0001407340808284634,-0.16885852813720703
ENSG00000126870.15,WDR60,0.043837193,0.043837193,-0.03753697872161865,False,0.01985977562928132,0.885527461684499,0.2774646606708295,6.537386158223096,0.7228321324288844,0.007194020319730043,0.014107734896242619,8.189604407067392e-18,0.0,0.0,0.2879283966486669,0.0253287059314391,0.04646187275648117,1.9279633068937638,1.8981773560888524,Pre-B small,0.0005692049384762741,-0.03420114517211914
ENSG00000104714.13,ERICH1,0.110363,0.110363,-0.1073455810546875,False,0.06493618559249889,1.707544924946924,0.23119090697909175,4.529096176635371,0.43296921893954265,0.015532449819147587,0.0483405627310276,0.10169180703837627,0.0,0.0,0.2892004096503826,0.051843084465261306,0.1595505177974701,2.2027403742214147,1.8226346457143066,,,-0.07131481170654297
ENSG00000164733.20,CTSB,0.24093196,0.7707618,0.05355727672576904,True,0.04419350425149928,0.5674122755617016,0.29722690463410933,4.835240868189588,1.8823231825232507,0.031758420169353485,0.025687510147690773,0.19076587677204063,0.0,0.0,0.21410448259047538,0.08972472511040853,0.08341518044471741,0.9258817503237335,1.3576102048821774,Monocyte non-classical,0.0,0.053952574729919434
ENSG00000104763.18,ASAH1,0.19379549,0.30905965,0.476634681224823,True,0.20899007071562825,1.186754336377283,0.3486204204882195,7.894291998493013,0.48252824917435644,0.06837436556816101,0.187910258769989,0.24942703743535147,0.0,0.0,0.3503192297657749,0.1868880344584678,0.46011117100715637,0.7299333470984756,2.1290189088271485,Monocyte non-classical,6.765151664653914e-05,0.47900211811065674
ENSG00000147419.17,CCDC25,0.020437473,0.020437473,-0.06841254234313965,False,0.0773118542336134,4.004494533007594,0.18938207208421307,2.9719772361093497,0.26353919489309185,0.00930680613964796,0.04992615059018135,1.7675022485099534e-19,0.0,0.0,0.11165330586882599,0.027551260040002516,0.14248430728912354,1.8069307524804168,1.4083122111429653,Erythroid late,0.0035751718831052784,-0.014870762825012207
ENSG00000156675.15,RAB11FIP1,0.113524824,0.113524824,-0.17065215110778809,False,0.29012051395717764,4.282585733066901,0.4359746449549371,2.5699875241943193,0.10018018685281274,0.019978977739810944,0.09423087537288666,0.11479188908255515,0.0,0.0,0.41749071797220866,0.07128606484915158,0.24610449373722076,2.2002060516199013,0.9675891869900695,Monocyte classical,1.540537118978923e-08,0.07020729780197144
ENSG00000147535.16,PLPP5,0.5033753,0.99045825,0.5261098742485046,True,0.11300091339317539,0.4271119163621393,0.3488195776339014,6.944450296570263,1.5898024812340736,0.10374126583337784,0.0924978107213974,0.2651273179163,0.0,0.0,0.20993918957436192,0.24520622287509394,0.2193242609500885,0.6877186984876786,1.8887415137346344,,,0.5314024388790131
ENSG00000147548.16,NSD3,0.10121242,0.10121242,-0.10119450092315674,False,0.2691539199418026,4.685778655367614,0.44667106808969326,3.346304958934467,0.07755268637090923,0.015331828966736794,0.09341119974851608,0.17896869153661704,0.0,0.0,0.34527450013619443,0.049791059225282375,0.2549450993537903,1.3771366933171354,1.142352862081043,Monocyte classical,3.3131687276521765e-06,0.04309439659118652
ENSG00000083168.9,KAT6A,0.13785219,0.13785219,-0.16911602020263672,False,0.06991733243589679,1.8260024906776429,0.41049356497253037,3.4904349697039962,0.196101450920105,0.011977314949035645,0.02885894663631916,0.11960751298636645,0.0,0.0,0.0537986580953971,0.03595386626528807,0.0910055935382843,1.4448401373736819,1.1875780615562044,"Pre-B small,B naive",0.0001319859740444439,-0.01972067356109619
ENSG00000168300.13,PCMTD1,0.06355285,0.06355285,-0.06073939800262451,False,0.0618531096484756,1.6970318540097065,0.263263976889667,3.814172507442006,0.6555984429270028,0.014828347600996494,0.039185743778944016,1.2330417131081502e-14,0.0,0.0,0.33527738808049345,0.057054729133914975,0.12030012905597687,2.9055152521892684,1.5572033351670334,,,-0.045812368392944336
ENSG00000205268.10,PDE7A,0.25631133,0.25631133,-0.06970250606536865,False,0.0422442622304648,1.1436823251820598,0.2961717947086762,4.566525245347758,0.6765018528699873,0.015363816171884537,0.026230832561850548,0.06897240400829371,0.0,0.0,0.24910024440419537,0.052812210257153325,0.07270209491252899,1.6788258721199294,1.4928204344095104,Monocyte classical,0.0006618671896637519,-0.020807385444641113
ENSG00000066777.8,ARFGEF1,0.18355453,0.18355453,-0.194388747215271,False,0.03463029573973569,0.9180340812804909,0.30149697061329545,6.02693070647358,1.112283968925476,0.014450625516474247,0.017538996413350105,0.08828686336592027,0.0,0.0,0.25530929098696553,0.04422484173251818,0.06231056898832321,1.6192000117846952,1.3881890244460484,Monocyte classical,0.008868278708909681,-0.19413447380065918
ENSG00000140396.12,NCOA2,0.08650273,0.08650273,-0.09539711475372314,False,0.034510521726535896,1.1369442791619062,0.2931727056399899,6.127850429467454,0.6277039147168397,0.012288397178053856,0.02637965977191925,0.051652346684170514,0.0,0.0,0.12510435986270063,0.03897285766725634,0.08686122298240662,1.8304227325246167,1.8881424704306708,Granulocyte precursor,0.007890099872509704,-0.05618762969970703
ENSG00000076641.4,PAG1,0.11004098,0.11004098,-0.05591762065887451,False,0.052533337279878994,1.6437498707880946,0.3101864806113189,4.611104386223973,0.5757748290896414,0.012406527064740658,0.03393736481666565,4.747859424069309e-20,0.0,0.0,0.23385368247316723,0.04649024278842351,0.09280683845281601,1.4304420961586728,1.6641487588472113,,,-0.05354809761047363
ENSG00000170323.8,FABP4,0.021342047,0.013741371,0.6616355180740356,True,56.27239147522623,1846.058626700171,44.13816821612139,0.5965678881058063,0.007425721641629935,0.0029773844871670008,0.18043000996112823,4.427873271352339e-07,0.0,0.0,0.2928820042732452,0.02863446864883668,1.4363312721252441,0.8757444962650089,0.0328267852705311,,,0.6616355180740356
ENSG00000133742.13,CA1,0.046785638,0.04534426,0.9140925109386444,True,25.282049645962488,36.916520769952385,2.114557117235985,7.24706872735175,0.02323787083849311,0.18078097701072693,3.675853729248047,0.4988246226516819,0.0,0.0,0.49118217095091404,0.4416872668604768,8.599303245544434,0.14177543410541732,0.5245603190926401,,,0.9159762412309647
ENSG00000253738.1,OTUD6B-AS1,0.13542405,0.13542405,-0.08806014060974121,False,0.026869862447439913,1.0801571537135475,0.21718835434733147,7.461041529223677,0.6035700184106827,0.01330173946917057,0.02545439451932907,0.11866393326704279,0.0,0.0,0.1441822159164936,0.04374640230802206,0.0848674550652504,2.432317200755595,2.1443825732715887,,,-0.08195698261260986
ENSG00000034677.12,RNF19A,0.18170817,0.18170817,-0.11316239833831787,False,0.04618426745925183,1.0805521660349238,0.2806487055811841,6.543750265281576,0.5086103193461895,0.01448855735361576,0.03489603474736214,0.16029888478697008,0.0,0.0,0.10101597522504824,0.04562206260662726,0.10993150621652603,1.4972321360281575,2.0060775280699796,,,-0.08983004093170166
ENSG00000104517.12,UBR5,0.22743018,0.22743018,-0.14641320705413818,False,0.044222213315449774,1.2427614043750317,0.23935044103057393,4.989367612143137,0.9109551742672919,0.015267310664057732,0.023882534354925156,0.08935358693712606,0.0,0.0,0.11926537381286506,0.04914307790300532,0.08201296627521515,1.6959134863560341,1.4375938966926978,Monocyte classical,2.8176051615093944e-07,-0.12871003150939941
ENSG00000155090.14,KLF10,0.0033895345,0.0033895345,-0.0036472082138061523,False,1.923804417851973,40.73586788692959,1.7658334382217122,8.901655335024698,0.017144772224128246,0.010956212878227234,0.28756844997406006,1.0242951109597245e-06,0.0,0.0,0.47153609125525536,0.0396670735417537,0.8487571477890015,1.0159930064702618,0.6443232896867513,,,0.025272846221923828
ENSG00000155096.13,AZIN1,0.08693306,0.08693306,-0.15492212772369385,False,0.04355149198154513,1.356450148981506,0.185667586312081,4.242587493930528,0.4881550520658493,0.013563369400799274,0.04028819501399994,0.0678738747409482,0.0,0.0,0.1187528342386861,0.04481359251785833,0.1350729614496231,1.5507066614165477,2.271927545586816,"Monocyte classical,Plasmacytoid DC",0.004090882014112359,0.01057058572769165
ENSG00000164754.14,RAD21,0.07232404,0.07232404,-0.05469632148742676,False,0.16558872648106787,2.8962507865969545,0.2450889515280024,6.2681760182133175,0.16913390035430592,0.015209034085273743,0.1192479357123375,0.07979020324194655,0.0,0.0,0.43222268603411196,0.05205683214812851,0.47927388548851013,2.319320363231924,2.2399522326743435,Pre-B large,2.5544119325833756e-13,0.03541088104248047
ENSG00000136986.9,DERL1,0.04043221,0.04043221,-0.04381144046783447,False,0.11184675010606797,1.192635821694036,0.13796062795193614,1.616685994155548,1.082270565032959,0.024176085367798805,0.033172376453876495,3.624728799746743e-05,0.0,0.0,0.47541219483396363,0.11007926828028756,0.1183374673128128,5.2772788924057465,1.2080142076194302,,,-0.0034067630767822266
ENSG00000170873.18,MTSS1,0.14115383,0.24390103,0.09766137599945068,True,0.13318011304423133,1.6335996361364684,0.30677731134306396,3.7717643976896396,0.5430141563216846,0.02657276950776577,0.061944421380758286,0.15516292336864057,0.0,0.0,0.32739880455116754,0.0846487763331627,0.1936628818511963,1.378827287181787,1.4269861572813058,Platelet,3.163468819604016e-15,0.09821981191635132
ENSG00000153317.14,ASAP1,0.08829469,0.08829469,-0.04663419723510742,False,0.10215455066661118,2.048589558570499,0.3879321763328375,3.4547359910307125,0.18219321213662626,0.015824569389224052,0.041039448231458664,0.03704081680535414,0.0,0.0,0.2876031300796825,0.057780222814010074,0.13086986541748047,2.9883837579768118,1.265944515792263,Monocyte classical,1.3616774397975722e-05,-0.0221174955368042
ENSG00000104419.14,NDRG1,0.06663378,0.2569471,0.10136550664901733,True,0.12952928872097258,1.6392685033859051,0.3665587614904681,4.044915732318843,0.8098832756280899,0.027859164401888847,0.0567583292722702,0.041704819281701125,0.0,0.0,0.4032544169426818,0.0939449052257615,0.19959266483783722,2.086217306708964,1.2428291175199822,,,0.11486703157424927
ENSG00000179526.16,SHARPIN,0.14214838,0.14214838,-0.0887526273727417,False,0.04888129780593591,1.0343265372719415,0.23228626954632947,6.22892295572842,0.6599510130286215,0.017833897843956947,0.04114261269569397,0.010710674480417261,0.0,0.0,0.39568709793332707,0.07593640756530819,0.120826356112957,4.57943202796359,2.230426609246593,Erythroid late,9.000901075616667e-05,-0.011031508445739746
ENSG00000147364.16,FBXO25,1.0147414,1.0147414,-0.30794358253479004,False,0.021485882045040063,0.24425919816739267,0.21893179146955905,8.152521176854892,2.4563733458518984,0.02988586574792862,0.0200749933719635,0.060974803661986224,0.0,0.0,0.2884880314931906,0.10261630292313483,0.07200413942337036,2.3887707127899467,2.75003766456535,Pre-B small,3.5787229785949535e-08,-0.29247236251831055
ENSG00000136573.12,BLK,0.053406652,0.053406652,-0.14271879196166992,False,0.54630873855883,9.993711383213691,0.5580875550058433,2.0673287923798527,0.049440505821257835,0.01338235754519701,0.12789440155029297,0.1589230096266444,0.0,0.0,0.2695228097387824,0.04238381645243595,0.3842722773551941,1.1534216391684589,0.9107576007831463,,,0.1493433117866516
ENSG00000104219.12,ZDHHC2,0.03903768,0.03903768,-0.03979527950286865,False,0.0574529867556151,1.8331054221257803,0.33148254260970944,3.557315885869202,0.18041000314056876,0.008876903913915157,0.023248916491866112,0.007121650346861099,0.0,0.0,0.023991073728384073,0.0242962093369421,0.07808977365493774,0.9917718821628897,1.2246358051526085,Granulocyte precursor,4.463955808945694e-18,-0.011037468910217285
ENSG00000155975.9,VPS37A,0.21599276,0.21599276,-0.15118062496185303,False,0.03620293577755294,1.0261094792876893,0.22967141664016202,4.981030881134385,0.8300034205118815,0.011571327224373817,0.01626485027372837,0.027377922838190585,0.0,0.0,0.3650370209947793,0.03870627112164016,0.06000408157706261,1.7129616682487816,1.3698505563172225,Monocyte non-classical,8.21856933851085e-08,-0.14949607849121094
ENSG00000158856.18,DMTN,0.0009882095,0.0009882095,0.003203451633453369,False,0.17201554929082793,22.499029672610995,0.33767337779598,1.7899461229917708,0.030493811666965485,0.0016679147956892848,0.051688503473997116,1.1218806032420903e-13,0.0,0.0,0.2300682226254923,0.00553365572344422,0.14830340445041656,0.8976463091928826,1.1806183384497044,,,0.0032248497009277344
ENSG00000120910.14,PPP3CC,0.033765446,0.13134073,0.014523148536682129,True,0.16966801485403632,3.361783670031845,0.3068805456146383,3.3992630522658622,0.28694886449310514,0.016072344034910202,0.06316816061735153,0.08189134982535731,0.0,0.0,0.3875625013730339,0.049825858156180576,0.22357118129730225,1.848859668039819,1.1690935005860714,,,0.0612332820892334
ENSG00000147457.13,CHMP7,0.04311148,0.1721176,0.010952293872833252,True,0.1605871810683263,2.940577017099554,0.35713891829025024,4.414429395774494,0.3033518473307292,0.017884578555822372,0.06648989021778107,0.10647017534154467,0.0,0.0,0.20474908269594233,0.05417024306461826,0.17009884119033813,1.6137825659568232,1.3274972099020503,,,0.1449846625328064
ENSG00000104679.10,R3HCC1,0.035135306,0.035135306,-0.031578898429870605,False,0.026802125630187346,1.201592725333432,0.19710658199216907,4.489547692624058,0.6614507703979811,0.009245348162949085,0.020942773669958115,7.681826182725401e-12,0.0,0.0,0.36664981288507936,0.034947924136227826,0.08343462646007538,3.0279195155330965,1.955877888449718,Pre-B small,0.0009133642213928512,-0.022390007972717285
ENSG00000147454.13,SLC25A37,0.060846236,0.05487059,0.33342844247817993,True,0.8452440358976013,5.937554055967574,0.4173189722804404,4.397179680466158,0.10586495585739614,0.024333598092198372,0.3620217442512512,0.11161412518230716,0.0,0.0,0.48349712296562336,0.07623131404289298,1.0919950008392334,0.6919950453853804,2.040316638422267,,,0.33582019805908203
ENSG00000042980.12,ADAM28,0.52411973,0.89112896,0.465665340423584,True,0.038489862297181154,0.2250760168173571,0.12953065536320676,14.158500056454779,1.592623081505299,0.07283075898885727,0.06482236832380295,0.2716064080968616,0.0,0.0,0.14590786556963398,0.177206035912679,0.17422837018966675,0.6893511093761164,4.152122388513408,B naive,0.00130018052449786,0.4671979546546936
ENSG00000221914.9,PPP2R2A,0.15312165,0.15312165,-0.16793203353881836,False,0.023228987779552526,0.8368055821586053,0.20407229376535707,6.484895759606315,0.6993500675261022,0.013057637959718704,0.02363450638949871,0.11187632309659759,0.0,0.0,0.18290425700156826,0.04214151894919471,0.07862702012062073,2.4934865939919053,2.2441167353440052,Pre-B small,0.0007633783760147675,-0.08797967433929443
ENSG00000198042.10,MAK16,0.12723641,0.12723641,-0.08288156986236572,False,0.02176960853336199,0.7110681632471887,0.2564577952957605,4.871173943190661,0.6880637288093567,0.01009978074580431,0.016146410256624222,0.01320831114496788,0.0,0.0,0.08224412709912737,0.03271617775324076,0.05809718742966652,1.708456340670209,2.1358776891160995,Pre-B small,0.00013087381910960267,-0.05273783206939697
ENSG00000156735.10,BAG4,0.044466857,0.044466857,-0.05290186405181885,False,0.039287554999156635,1.6584341398132532,0.38643906382946547,4.407179455160162,0.20602000705897805,0.007134616374969482,0.016363004222512245,0.02920883012031512,0.0,0.0,0.06986260930716728,0.022398124725405144,0.05571964755654335,1.7399605931690902,1.2912930073332671,,,-0.04394412040710449
ENSG00000176209.11,SMIM19,0.070221916,0.070221916,-0.331412672996521,False,0.10688472689918543,1.9203511691922655,0.22680385783917387,3.0847750009702435,0.17256840594112874,0.013851992785930634,0.046355679631233215,0.009988570789746333,0.0,0.0,0.28723048577172616,0.04820082015773153,0.1474132537841797,1.659442715968758,1.6596661713327294,Monocyte classical,8.677889221572034e-11,-0.00028967857360839844
ENSG00000168172.8,HOOK3,0.14838317,0.14838317,-0.0980978012084961,False,0.02357067482004184,0.6420834507594629,0.25569529972489635,4.911742858445094,1.0371272233128548,0.01369020901620388,0.020097190514206886,0.020746926558238288,0.0,0.0,0.24667042054643812,0.04451827941953913,0.06218094751238823,1.9286973318834044,2.1774314179276018,Monocyte classical,1.8276857021209023e-08,-0.07697701454162598
ENSG00000170791.17,CHCHD7,0.10263319,0.10263319,-0.10013318061828613,False,0.04200924441055892,0.7507241664509722,0.16387511978661956,5.1358301842152905,0.9312133996188643,0.021506691351532936,0.037587668746709824,1.137737692184834e-12,0.0,0.0,0.4170601664733256,0.1158228619535144,0.14437335729599,3.2834879918226285,2.328045004548714,"Granulocyte precursor,Erythroid late",0.0016443159634371362,-0.10009622573852539
ENSG00000215114.8,UBXN2B,0.28040785,0.28040785,-0.0841834545135498,False,0.028302202738053877,0.6510599279759237,0.25773385813831756,5.248426984667353,1.1689389111101627,0.01891826093196869,0.021808117628097534,0.0038017290212305453,0.0,0.0,0.40448037426385713,0.08353341232757173,0.07271819561719894,4.563008321061458,1.8369786870685352,Monocyte classical,0.0009098522405933747,-0.08413732051849365
ENSG00000137575.11,SDCBP,0.033613507,0.033613507,-0.09767377376556396,False,0.7799418418902342,6.802452586561401,0.32892045341937537,2.5850196232253264,0.05101338908076287,0.02557310461997986,0.2719562351703644,5.700707873431994e-06,0.0,0.0,0.48907744457875685,0.10920646907845823,0.6287063360214233,3.099716650069183,1.4888836293363947,Platelet,7.175738395099838e-16,0.023257315158843994
ENSG00000185728.16,YTHDF3,0.057947572,0.057947572,-0.03442573547363281,False,0.09655810054429502,1.4365522428378312,0.2618814815325723,2.582837634898284,0.44371629506349564,0.017682289704680443,0.04184296354651451,4.2703946353243893e-07,0.0,0.0,0.40046153326220346,0.07017888188328492,0.11435507237911224,3.376178638723568,1.411938260542304,,,0.009299695491790771
ENSG00000147601.13,TERF1,0.07767343,0.11316127,0.0533750057220459,True,0.15823745224293734,2.22193108680799,0.2886609655527604,4.2320704064242465,0.26386594971021016,0.017363853752613068,0.07792478054761887,0.023844686236047002,0.0,0.0,0.43695856755821316,0.06469820039612273,0.25555264949798584,1.8528225698090965,1.7312194256039903,Erythroid late,1.574301099088631e-14,0.09195590019226074
ENSG00000154589.6,LY96,0.015850909,0.015850909,-0.033698439598083496,False,0.6167434774712858,8.083717320991013,0.5319553629909033,2.406174843895389,0.06577418357133866,0.025095365941524506,0.1802768111228943,4.652585887957569e-08,0.0,0.0,0.47121065483619073,0.09043680149237333,0.48183131217956543,2.606305148402332,0.888659175210679,,,0.01820892095565796
ENSG00000205189.11,ZBTB10,0.2575858,0.2575858,-0.1820077896118164,False,0.0580368682324139,1.07156326830946,0.28696469518808465,3.6352750677029504,1.0001425744593146,0.02151118963956833,0.03274611756205559,0.12419461472681176,0.0,0.0,0.15404518381440713,0.06580757979087037,0.10355846583843231,1.7101038339237553,1.3495878898599214,,,-0.15685248374938965
ENSG00000104267.9,CA2,0.0010119238,0.0010119238,0.008134603500366211,False,2.9678755442283786,168.784819291649,0.42385035866939136,1.7727611594608006,0.004803601023741066,0.0059632062911987305,0.9776051044464111,0.21274754560481948,0.0,0.0,0.4971175171050052,0.033000650425009326,2.491342782974243,0.27050554495229634,0.9955753291046966,"Granulocyte precursor,Monocyte classical,Pre-B large",0.009714699740926373,0.008508682250976562
ENSG00000085719.12,CPNE3,0.031594675,0.031594675,-0.08338308334350586,False,0.12551379140793606,2.646433873002567,0.2834128651018278,3.288417805944274,0.10636137306690219,0.011005381122231483,0.048114292323589325,5.7332312282875685e-33,0.0,0.0,0.4633957078469657,0.06251293520439205,0.20049525797367096,1.8321155628240433,1.5187668724552197,Pre-B small,0.0018915310613650475,-0.005541205406188965
ENSG00000104324.15,CPQ,0.2631385,0.2631385,-0.24882960319519043,False,0.01821131764183419,0.474354526388125,0.23715118487692918,6.5116594061723125,1.5558191746473313,0.012901222333312035,0.01306027453392744,1.8015956591547845e-09,0.0,0.0,0.26891854943673105,0.0480333340471879,0.04279746115207672,1.7954864233143648,2.0324930385174524,"Monocyte classical,Erythroid late",0.006386714416976677,-0.24787616729736328
ENSG00000132549.18,VPS13B,0.2524188,0.2524188,-0.2188640832901001,False,0.022232642626383595,0.5500487385118793,0.2698768252606977,6.062737963136355,1.1891086439291636,0.0152395935729146,0.016447175294160843,0.03282875720858164,0.0,0.0,0.31536572533045704,0.05491160005572127,0.05595336854457855,3.098371186729864,2.035658183351882,Monocyte classical,0.0026801528853965186,-0.21722888946533203
ENSG00000147669.10,POLR2K,0.05132669,0.05132669,-0.2978641986846924,False,0.11419458376488578,3.1488904017867583,0.1920658874944826,5.234285409573302,0.24824434265494347,0.015309236012399197,0.08310036361217499,2.7518063575042833e-05,0.0,0.0,0.43137958599145176,0.055475086287025015,0.27678507566452026,2.575013171062804,1.7032981472598885,"Monocyte classical,Monocyte non-classical",0.005441147930952601,-0.006044507026672363
ENSG00000136997.17,MYC,0.0012977818,0.0012977818,-0.0058498382568359375,False,5.332756034046685,91.46466596165858,0.28845361914125633,0.2219322879821829,0.12653878139331937,0.019414832815527916,0.2658173143863678,,0.0,0.0,0.4911181063782457,0.08045975809215379,0.6524987816810608,,0.14256304014273152,,,-0.005695223808288574
ENSG00000129292.20,PHF20L1,0.13000195,0.13000195,-0.10179555416107178,False,0.04459399051698977,1.461092063904142,0.23407782760436152,5.629761577110316,0.7230755576491354,0.016782207414507866,0.032377224415540695,0.04737775463468163,0.0,0.0,0.25213675109750333,0.06473395052567543,0.11337505280971527,2.963450503087499,1.5982614895626985,Monocyte classical,0.00026489250569123316,-0.10175740718841553
ENSG00000080608.9,PUM3,0.25415957,0.25415957,-0.11224031448364258,False,0.03816019325312071,0.8921946116061833,0.26653273356965296,7.192995282912956,0.6597816020250321,0.01571640931069851,0.029180264100432396,0.17614739574608484,0.0,0.0,0.13032876044442232,0.05327439532073263,0.09291835129261017,1.1582713878660835,1.9819240210474496,Erythroid late,5.205928066217388e-13,-0.10151684284210205
ENSG00000183354.11,KIAA2026,0.13228935,0.13228935,-0.09533631801605225,False,0.06643878859607318,1.7523170843915896,0.4781563135847847,4.269413213307964,0.20535231404006482,0.012031030841171741,0.027682483196258545,0.07036900939464047,0.0,0.0,0.12232912442700072,0.04014425045440495,0.09269300103187561,1.6841761222993097,1.1968912219957522,Pre-B small,3.349832183675758e-09,-0.02013552188873291
ENSG00000175893.11,ZDHHC21,0.12964715,0.12964715,-0.08221197128295898,False,0.05592948413034239,1.5542088354885815,0.32001158746364805,5.252547730464951,0.4160682577391465,0.011788913980126381,0.035866230726242065,0.11312547913402177,0.0,0.0,0.18146069093288003,0.03696967822541142,0.11286088824272156,1.2840827404810933,1.6778602148233768,"Monocyte classical,Pre-B small",0.0012298457276638628,-0.039659857749938965
ENSG00000137154.12,RPS6,0.0024263123,0.0024263123,-1.2868108749389648,False,11.852346673208165,203.59472044222207,0.18989151700019757,4.033953957948177,0.0015206764260074128,0.017514478415250778,5.442046165466309,0.17208740764329708,0.0,0.0,0.49657042318775396,0.05499899712350586,21.36016845703125,1.2688775607143303,1.3081323494281865,Monocyte classical,2.388712490321874e-06,0.06833791732788086
ENSG00000137055.14,PLAA,0.15871331,0.15871331,-0.14478731155395508,False,0.023199392038891785,0.6160409880156156,0.21251663869755702,4.953784241180454,0.8953871749341489,0.011512422934174538,0.019575513899326324,0.006445801578171112,0.0,0.0,0.14342406612945097,0.03964966059544217,0.06640471518039703,1.8596005449407662,2.484158700503837,Monocyte classical,1.0511225004851537e-05,-0.08013176918029785
ENSG00000147894.14,C9orf72,0.041372895,0.18977393,0.010750651359558105,True,0.07799707374575855,1.6259627010751372,0.30550634102800556,3.4807923546852093,0.7533471744507549,0.023584753274917603,0.05423871800303459,0.09652656782340568,0.0,0.0,0.33831158682620166,0.07711887144435714,0.150547593832016,2.6591351617877437,1.467423955636058,,,0.04912847280502319
ENSG00000122692.8,SMU1,0.06447405,0.06447405,-0.0441666841506958,False,0.04130990355644077,1.0029742591505102,0.17682750211617432,4.1555676383174545,0.3808990122377872,0.012353080324828625,0.030647654086351395,6.821411301935315e-10,0.0,0.0,0.4833452050276501,0.08375593269613235,0.10943464934825897,2.4726044101626323,2.2262538198169293,Monocyte classical,7.390741348277686e-07,-0.007156968116760254
ENSG00000137101.12,CD72,0.005706369,0.020974338,0.034504055976867676,True,0.6738958527641643,17.349552910904933,0.7262289958840816,2.0654846804633213,0.037048034816980366,0.011967012658715248,0.15262384712696075,0.026406550809537653,0.0,0.0,0.3991430373096272,0.0386457708077792,0.44910913705825806,1.3482589856774898,0.7000983291208241,,,0.06773346662521362
ENSG00000198467.13,TPM2,0.019806221,0.021524651,0.34156084060668945,True,1.6380488694293267,34.821997849014615,0.5901422664101976,2.0122213815628704,0.015208612689748411,0.01428527943789959,0.4438139796257019,4.836930845359823e-16,0.0,0.0,0.4243101567517009,0.03359669424991063,0.7956329584121704,0.6491392546608511,0.7647363615265211,,,0.34156548976898193
ENSG00000137076.20,TLN1,0.006287884,0.023051942,0.16643184423446655,True,0.34383372515482347,6.596867459482161,0.2221817862922761,4.652111569030234,0.1143387109041214,0.014066724106669426,0.14353124797344208,0.0,0.0,0.0,0.4980038306388746,0.05579579368257014,3.8802945613861084,0.18042507318574508,1.5467344008089503,Platelet,0.0,0.18184667825698853
ENSG00000137133.10,HINT2,0.37724826,0.37724826,-0.22962713241577148,False,0.07176256981497858,0.915427168826321,0.1986121652043959,7.007174907875357,0.4360412508249282,0.030754461884498596,0.06788616627454758,0.13237062656854887,0.0,0.0,0.4127524880608179,0.11606138600459559,0.2099975049495697,2.613180922127348,2.411289619086422,Platelet,3.621029844121417e-09,0.13400208950042725
ENSG00000137075.17,RNF38,0.067120455,0.067120455,-0.08938109874725342,False,0.025244969714600815,0.9825241934360841,0.29932229409025957,5.785775153740557,0.6880410104990005,0.009912651032209396,0.01764865405857563,0.015156176570249518,0.0,0.0,0.19650299788716635,0.03514559139579543,0.06005688011646271,2.0655976452610627,1.8120847268579046,Granulocyte precursor,6.816898887347123e-07,-0.07959604263305664
ENSG00000135048.13,TMEM2,0.12397516,0.43023065,0.051152050495147705,True,0.07240880824797978,1.00241351624375,0.32768134943754484,4.692946164761669,0.8033222329616547,0.030571147799491882,0.05394423380494118,0.1849219262218063,0.0,0.0,0.21086311150627002,0.09199961351617958,0.1357201635837555,1.2871255412370597,1.7602987192603836,Monocyte classical,7.438444394490385e-05,0.10696971416473389
ENSG00000107372.12,ZFAND5,0.055324744,0.13004425,0.21425127983093262,True,0.6181394316011521,5.364968991954685,0.4358641173412905,2.6146455668030133,0.08673721108585596,0.03837546706199646,0.20904992520809174,0.19544045999127213,0.0,0.0,0.4095606738617049,0.11405708617544175,0.5086561441421509,1.3360151734801227,0.9670297376784383,Monocyte classical,0.0009423246001515169,0.2751474380493164
ENSG00000165092.12,ALDH1A1,0.010801602,0.02804615,0.14434760808944702,True,0.4786543460229413,9.360882617847263,0.378342535170146,2.474507729475197,0.07010536685585977,0.010914765298366547,0.17982295155525208,1.0820042546756348e-14,0.0,0.0,0.48069809029692423,0.04580539580774357,0.4651399254798889,1.282686789966938,1.508575754689587,Erythroid late,5.542529285213072e-12,0.15386009216308594
ENSG00000106733.20,NMRK1,0.094123915,0.094123915,-0.0865323543548584,False,0.01946116944428182,0.8171683294189429,0.2212417123889066,5.764535431679081,1.3499779611825944,0.009995329193770885,0.012216713279485703,5.331353948664339e-24,0.0,0.0,0.2852515372243863,0.03687198445792128,0.04558394476771355,1.8301631175230924,1.4957042177554656,Monocyte classical,0.0015912282388170613,-0.08349597454071045
ENSG00000156052.10,GNAQ,0.013229163,0.013229163,-0.06894850730895996,False,0.1913517459076018,8.527865382805155,0.4948753101986489,3.4308209517726493,0.058435594215989116,0.007811686489731073,0.06216132640838623,7.51883989896165e-17,0.0,0.0,0.3927662393120678,0.028380699078253805,0.21048033237457275,2.418775644476841,0.8793103733029184,,,0.013761043548583984
ENSG00000196781.14,TLE1,0.065206274,0.065206274,-0.007053971290588379,False,0.10869097893956188,2.2594493193697662,0.3882818379891207,2.3012830796038215,0.19300121828913686,0.014031664468348026,0.03435191512107849,8.118194631384548e-40,0.0,0.0,0.3205308711642012,0.04965715125296999,0.12005376815795898,0.9951693023146935,0.9287362131405041,Erythroid late,2.2826746735889704e-10,0.020570814609527588
ENSG00000135018.13,UBQLN1,0.10374802,0.10374802,-0.10254645347595215,False,0.03712731291528656,1.1156783185063541,0.17102202732064747,5.638684657799085,0.6060589469969271,0.013735306449234486,0.035694725811481476,0.13166351134443913,0.0,0.0,0.18538694911875037,0.04510760516673872,0.12008734047412872,1.9602821259604788,2.3293067414439608,Pre-B small,7.276436078379622e-10,-0.0443422794342041
ENSG00000135049.15,AGTPBP1,0.2609642,0.2609642,-0.003945589065551758,False,0.1007137921565756,1.4730064197647954,0.3260170800312449,4.979459141663988,0.5502782061696052,0.026630159467458725,0.06533189117908478,0.15139861631565096,0.0,0.0,0.27052509157782534,0.08189861905258768,0.1871512532234192,1.3936892618951697,1.5739054147875338,Monocyte classical,3.096279449745064e-05,0.05638480186462402
ENSG00000083223.17,ZCCHC6,0.2592757,0.2592757,-0.08200526237487793,False,0.040760358116480024,0.7652237015053843,0.2875616897197031,4.8460065262944765,1.1367138411104678,0.02033052407205105,0.029108406975865364,0.014384534577967208,0.0,0.0,0.42052857832163487,0.09245532423132197,0.08382201194763184,3.656127669833352,1.8710329523109666,Monocyte classical,0.0036412668345815534,-0.03842782974243164
ENSG00000131669.9,NINJ1,0.011781942,0.011781942,-0.017884254455566406,False,1.420029101408726,28.46640945342448,0.8745585619333097,1.4465456708259254,0.021180351544171576,0.011175903491675854,0.24535924196243286,0.07411904243545221,0.0,0.0,0.3552795455193024,0.0329576454729108,0.6086642146110535,1.0433360586447284,0.7090392158105907,,,0.04456120729446411
ENSG00000136936.10,XPA,0.08609566,0.08609566,-0.11750900745391846,False,0.18234893090898177,4.688528590413261,0.6895267667845344,2.1649511563128176,0.13036120399832726,0.010231759399175644,0.03708546981215477,0.09592028161474193,0.0,0.0,0.20235492308475533,0.0325720861627552,0.12873968482017517,1.4121527368861588,0.6791941829419693,,,-0.03069305419921875
ENSG00000136929.12,HEMGN,0.04504587,0.06204406,0.6000114381313324,True,1.7206234873680488,11.801793799206099,0.8321359408956838,2.8074742286297805,0.042472704090178004,0.03515629470348358,0.38489842414855957,1.2855462666154685e-18,0.0,0.0,0.4693870196359359,0.10499129276481511,0.9346173405647278,1.1676626861547783,0.8688519888471703,,,0.6016230881214142
ENSG00000136826.14,KLF4,0.03503603,0.03503603,-0.2189774513244629,False,1.072713849297653,13.80186765241878,0.5918215419279579,1.966693575627067,0.0430576091632247,0.019989296793937683,0.2681017220020294,0.113886582558263,0.0,0.0,0.450408512279678,0.06904823344278554,0.7228559255599976,1.4269404491860507,0.9254968211555432,,,0.12937182188034058
ENSG00000136813.14,KIAA0368,0.61230665,0.61230665,-0.20870590209960938,False,0.018206486983678234,0.3763681482395254,0.21477754121365883,6.765108172719477,1.4881486484408382,0.01748536340892315,0.0139136528596282,6.178737839666075e-15,0.0,0.0,0.4067748605990739,0.0691996853628094,0.05743292719125748,2.860902916119513,2.167092817850248,Monocyte classical,0.008034780258777368,-0.20835304260253906
ENSG00000119314.15,PTBP3,0.02617864,0.02617864,-0.17098617553710938,False,0.07014379871691698,2.080008612767668,0.24258137060001744,3.7217873709702753,0.19529287386685612,0.010715982876718044,0.043211184442043304,0.046979816122112245,0.0,0.0,0.062486976692191505,0.03136058481398241,0.14592571556568146,1.2526595502556597,1.7447835631612651,"Monocyte classical,Pre-B small,B naive",1.5005399566007483e-06,-0.05648303031921387
ENSG00000148153.13,INIP,0.045100562,0.045100562,-0.05161893367767334,False,0.03672943862351754,1.1375022394487337,0.21599464733240326,3.254459511040197,0.37534799024462706,0.008172143250703812,0.02057470753788948,2.5425233636026823e-27,0.0,0.0,0.10769548608115603,0.023219237741071597,0.077016681432724,1.3859296798402991,1.8971368996965257,Pre-B small,3.1499778283909493e-07,-0.008600115776062012
ENSG00000106948.16,AKNA,0.24962595,0.24962595,-0.29113030433654785,False,0.054646266145199365,1.6018416452055877,0.332194842266167,4.146275494912854,0.7667689025402069,0.01768784411251545,0.03460203856229782,0.11793436991594206,0.0,0.0,0.12750178186927913,0.05567375379091687,0.10357370972633362,2.098162473630106,1.330407250701775,"Platelet,Pre-B large",0.0013186419030864341,-0.055653929710388184
ENSG00000136861.17,CDK5RAP2,0.049534958,0.049534958,-0.033568739891052246,False,0.046364901974476166,1.681533427279662,0.24158428997734777,3.9695445984452222,0.603830124437809,0.010125991888344288,0.02599288523197174,5.423078212125137e-14,0.0,0.0,0.22506582749720228,0.02953208601203361,0.09465062618255615,1.987622097467884,1.5265514084419465,,,-0.03069138526916504
ENSG00000106780.8,MEGF9,0.013535427,0.0687222,0.030147194862365723,True,0.34376986712491214,4.704790636565939,0.5219867511067343,2.37035433341705,0.09181173294782641,0.020282713696360588,0.10438297688961029,1.4198647176757104e-14,0.0,0.0,0.48340551776940255,0.1039874991264611,0.22308972477912903,5.032786523538062,1.0337014445726231,,,0.07111847400665283
ENSG00000119396.10,RAB14,0.046684112,0.046684112,-0.10076236724853516,False,0.04891396568629372,1.4126926741594807,0.21421575778170188,4.536538521730073,0.26165292933583256,0.012843040749430656,0.03865385428071022,0.006545441397880429,0.0,0.0,0.018390347450371766,0.036151466342483125,0.13430464267730713,1.2212246119416796,2.0239551464918164,Pre-B small,0.0011347607329219333,-0.012285113334655762
ENSG00000148175.12,STOM,0.0021562825,0.0021562825,0.0011807680130004883,False,0.11547296358630116,20.27542634502815,0.40565870961913,2.986203763706679,0.02016111055389047,0.0017471893224865198,0.04029753431677818,5.9304289055313394e-15,0.0,0.0,0.14007385341375028,0.00617705512307487,0.11036515235900879,1.7884956319469676,1.0980976516127539,HSPC,0.00016098022126616717,0.005553543567657471
ENSG00000056586.15,RC3H2,0.31317583,0.31317583,-0.34033894538879395,False,0.021883170276407495,0.4511225706657907,0.19380666711647943,6.822934059632613,1.212801290601492,0.016947777941823006,0.0188300684094429,0.07084130664249935,0.0,0.0,0.253233868770845,0.06779025488601498,0.06087188422679901,2.2704900275704127,2.339742990568358,"HSPC,Platelet",0.004686479287185423,-0.340243935585022
ENSG00000165209.18,STRBP,0.07664472,0.23013583,0.059794843196868896,True,0.06286186011139833,1.3183441052682607,0.28671660086724887,4.806661130053917,0.7269812469184399,0.019094685092568398,0.03723165765404701,0.17529443156908414,0.0,0.0,0.07994877362363739,0.05571897546675064,0.11175161600112915,1.124113943501284,1.4437953929552199,,,0.06180506944656372
ENSG00000119414.11,PPP6C,0.057996448,0.057996448,-0.44038987159729004,False,0.12869782083000755,3.2727684738203253,0.33189398629596795,3.3151800257631665,0.10470863845199349,0.010923905298113823,0.0492943599820137,0.08615009669632925,0.0,0.0,0.24331607939871863,0.03374097728106329,0.1626807153224945,1.6824733201828381,1.2039954805176003,Monocyte classical,1.2131033187228413e-05,-0.021631836891174316
ENSG00000044574.7,HSPA5,0.009223083,0.009223083,-0.03750944137573242,False,0.6956338817183689,23.15297008389057,0.22339568104311333,2.0837828958268196,0.0784586939960718,0.013435752131044865,0.26971274614334106,7.378312177856862e-10,0.0,0.0,0.48922408317400645,0.06063442203561564,0.8314207196235657,3.7014443990595494,0.8670272895545257,Monocyte classical,3.585193331902463e-05,0.0013446807861328125
ENSG00000119487.16,MAPKAP1,0.15781263,0.15781263,-0.13510465621948242,False,0.024192157097147584,0.9613783873846912,0.21588659120565065,6.397381974109821,0.6896182005107405,0.010965155437588692,0.02142569236457348,0.1364433418912215,0.0,0.0,0.12938743801342356,0.03993437430224222,0.07595497369766235,1.940435581482325,2.1086951788241213,Monocyte classical,7.561756915264866e-09,-0.12298500537872314
ENSG00000187239.16,FNBP1,0.5292729,0.5292729,-0.3116363286972046,False,0.10580055411323318,1.2940897135735194,0.36462212465876026,4.62246282335943,0.9423663407564163,0.03624885529279709,0.05962195619940758,0.20685860470336576,0.0,0.0,0.07194922994616203,0.10564712449787095,0.18337710201740265,1.0996609549441443,1.3345560943186996,"HSPC,Dendritic cell",3.012418132425515e-07,-0.021244406700134277
ENSG00000246851.1,AL157938.3,0.14725299,0.14725299,-0.089691162109375,False,0.06399004140155952,1.661809679752211,0.22783848507161172,5.279472801674959,0.4602025181055069,0.015914026647806168,0.04437829181551933,0.07025218978279586,0.0,0.0,0.310670370802952,0.0546320819098014,0.1538745015859604,2.4166507520726683,1.7619699722981477,"Pre-B small,B naive",0.0035308325483574218,-0.04202747344970703
ENSG00000107290.13,SETX,0.07971296,0.07971296,-0.040808796882629395,False,0.051171989781360804,1.1498961566387091,0.25379522182782444,3.6121678366396703,0.5936228390783072,0.014515947550535202,0.03722991794347763,1.4596709753031763e-27,0.0,0.0,0.4054618290689558,0.06141887423999348,0.1127030998468399,2.4578810458554665,2.007384531931001,Monocyte classical,1.3750465892849623e-10,-0.021152257919311523
ENSG00000148290.9,SURF1,0.040116265,0.040116265,-0.23829138278961182,False,0.09260149939538014,1.864180816653077,0.1864593513780559,3.741004182169846,0.13925474032759672,0.012126343324780464,0.05028886720538139,0.08408141959231065,0.0,0.0,0.16843531904921183,0.03310323332440923,0.1603609323501587,1.2213346456986702,1.906808959210725,Monocyte classical,7.949951398078463e-06,-0.012714385986328125
ENSG00000169925.16,BRD3,0.020639928,0.020639928,-0.009375572204589844,False,0.1528409584490764,2.7227086036243637,0.16944922961650305,1.2224207554877387,0.6432292570173741,0.013802453875541687,0.030416803434491158,0.00036478943965454375,0.0,0.0,0.4811921112461013,0.09608230975690278,0.09555242210626602,5.356785870311035,0.6937601080800879,Granulocyte precursor,0.005361399915722088,-0.004443168640136719
ENSG00000085265.10,FCN1,3.0151813,4.3460097,0.7428348064422607,True,0.12088196410888408,0.03700479697780123,0.10434335612933068,19.466776512107558,5.938167341550191,1.0181694030761719,0.22004275023937225,0.31555949208461403,0.0,0.0,0.280167963760186,2.4622249984240905,0.5863863229751587,0.5260788934469991,5.840217309552054,,,0.7690878361463547
ENSG00000130560.8,UBAC1,0.0043961615,0.011347658,0.1091809868812561,True,0.6930681598121632,19.41229197847309,0.3628017267524639,2.524610776762613,0.0328038310818374,0.007688671816140413,0.2966902554035187,3.1551213331337483e-07,0.0,0.0,0.4077632860974503,0.023335661350601274,0.6529068946838379,0.18248094870333897,1.7038381414547925,"Monocyte classical,Monocyte non-classical",2.858243013207542e-23,0.11847782135009766
ENSG00000169692.12,AGPAT2,2.6460505,2.6460505,-0.7798289060592651,False,0.020527468456428364,0.11707874606249959,0.16396935531078402,5.834510694425297,6.293711185455322,0.06477366387844086,0.015437711030244827,0.18721227693317125,0.0,0.0,0.19001610962490478,0.19469135626403752,0.04880416393280029,0.849591862642033,2.035665385562038,,,-0.7713683843612671
ENSG00000233016.6,SNHG7,0.88151425,3.1722813,0.08162122964859009,True,0.04303207909164243,0.13989012926534986,0.2545563656206118,5.586737472895875,5.427207267284393,0.11480061709880829,0.030671557411551476,0.12621272340223452,0.0,0.0,0.40875042006275664,0.40648744068904813,0.0934404507279396,2.293017456437977,1.9098731096046766,Pre-B small,4.474819871751226e-06,0.1170387864112854
ENSG00000204001.9,LCN8,0.2758853,0.72149026,0.10275435447692871,True,0.04658162211329766,0.6378747538301891,0.2712284834207092,4.126900613708114,1.7699418783187866,0.03058711253106594,0.023329919204115868,0.04634957388058055,0.0,0.0,0.05292151596977341,0.09229379872758159,0.07583339512348175,0.9672319514996507,1.3183112287141519,B naive,0.00035799914200303017,0.10530877113342285
ENSG00000107099.15,DOCK8,0.89452255,0.89452255,-0.3698619604110718,False,0.048822531160056096,0.45375303109127557,0.25125654840412004,3.933171168999101,2.592276602089404,0.04848766326904297,0.03044184111058712,0.17409166808028018,0.0,0.0,0.07804828770332743,0.1501178729885755,0.0914122611284256,1.3250157214547649,1.3836304527817087,Monocyte classical,8.19642802466499e-11,-0.3680311441421509
ENSG00000096968.13,JAK2,0.21416475,0.21416475,-0.05863642692565918,False,0.041235281951924455,0.7632054759643824,0.27284304067420995,5.249001422774509,1.1512196199595928,0.021541208028793335,0.030453195795416832,0.0014598496667398173,0.0,0.0,0.3219535728382449,0.08361977331686532,0.09303498268127441,2.480228334735971,1.8523427161946415,,,-0.046382904052734375
ENSG00000147854.16,UHRF2,0.08247781,0.08247781,-0.05077242851257324,False,0.04580199596444058,1.8050663139539442,0.31927701979103557,6.554612660345557,0.3617723637157016,0.009879509918391705,0.03079807385802269,0.06047861176486158,0.0,0.0,0.2936967458035955,0.03320325238144761,0.11484074592590332,1.9122115211663422,1.727010490198022,,,-0.026268959045410156
ENSG00000107077.18,KDM4C,0.24672629,0.24672629,-0.16927826404571533,False,0.028706679790872148,0.8107076346262643,0.2806960768565104,6.101804607257419,0.9721360266208648,0.01412174105644226,0.019610784947872162,0.1073429066326606,0.0,0.0,0.26074896522294144,0.04650799216740165,0.06592629849910736,2.0332677457277852,1.798588281058266,Pre-B small,0.003041321640239958,-0.1588587760925293
ENSG00000137145.20,DENND4C,0.07539857,0.07539857,-0.07431423664093018,False,0.015903304462257,0.7881698979368975,0.2878627594295602,6.457391596079075,0.8218488196531931,0.00778178358450532,0.011046736501157284,1.3493328176785243e-17,0.0,0.0,0.3023539036578635,0.028949281523905416,0.03825557231903076,2.54581867319666,1.8911428075859864,B naive,0.009645830781966583,-0.0728381872177124
ENSG00000165006.13,UBAP1,0.114125,0.114125,-0.05649590492248535,False,0.03126932345695356,0.9433180105668281,0.18896397318955047,3.9596155478587156,1.0418591313064098,0.014032903127372265,0.023335212841629982,2.9965850863113485e-18,0.0,0.0,0.3034251225750554,0.052532104597524665,0.07091918587684631,2.6756345393737497,1.8289178793761365,,,-0.039497971534729004
ENSG00000159884.11,CCDC107,0.61902165,0.61902165,-0.29631340503692627,False,0.02745993124691543,0.4036551634606165,0.15319533963115392,9.112119510136047,1.315194797515869,0.027800166979432106,0.0285358689725399,0.1775692654058524,0.0,0.0,0.04819505251458674,0.08852158371081485,0.08510935306549072,1.1369920373255837,2.803572244241111,"Granulocyte precursor,Plasmacytoid DC",0.00016537826202410176,-0.29325568675994873
ENSG00000122694.15,GLIPR2,0.058298517,0.058298517,-0.03433728218078613,False,0.5846315607855187,5.68255863887093,0.5155723014582382,2.5145125795321572,0.07771117866039277,0.024616170674562454,0.171844944357872,0.05166619816139263,0.0,0.0,0.4631259096385756,0.09181553318823887,0.44000184535980225,2.1393593933485375,1.1699923319911993,,,0.12194651365280151
ENSG00000147905.17,ZCCHC7,0.028952919,0.057683337,0.1143876314163208,True,0.3455597119071786,5.236533426290339,0.3470088714350714,4.497381341354932,0.13914380785077807,0.019996769726276398,0.18191666901111603,0.1234556397061153,0.0,0.0,0.4581086587189279,0.06512481530032942,0.6191026568412781,1.310833749740698,1.4890934838393626,,,0.11559826135635376
ENSG00000135046.13,ANXA1,0.3696848,0.6154932,0.5404841005802155,True,1.0294946250894634,1.1907118832031163,0.4533720434407367,3.4291670897186037,1.164619892835617,0.36774617433547974,0.47364747524261475,0.3110641922607477,0.0,0.0,0.3786244969262462,0.8540201758801018,1.2147222757339478,0.5490773163468279,1.0275997107191959,,,0.5840355455875397
ENSG00000106829.18,TLE4,0.16850407,0.16850407,-0.005359292030334473,False,0.2560972208190967,2.748456263545901,0.37715115439136065,4.638945303404331,0.26257989576707286,0.033479951322078705,0.15098582208156586,0.184209712877442,0.0,0.0,0.400819588434449,0.10342950515652038,0.4247453212738037,1.3299437798854745,1.6408259811505157,Pre-B small,1.789160522820071e-05,0.05627894401550293
ENSG00000196730.12,DAPK1,0.16244845,0.16244845,-0.016471385955810547,False,0.03631176724678674,0.9159701635212868,0.2907773477316498,3.7446156839699607,1.2471148721873764,0.018965233117341995,0.024749858304858208,1.0174762277660898e-08,0.0,0.0,0.2734860601647239,0.06272633024765549,0.07901006937026978,2.5104861030446797,1.4781595676643022,,,-0.011688709259033203
ENSG00000123975.4,CKS2,0.014474326,0.024902722,0.06030631065368652,True,0.5662042255235964,10.393774262288627,0.3509295418728153,4.182076182655578,0.0670603495370597,0.01398863922804594,0.3394928574562073,0.19722730899066981,0.0,0.0,0.43895587973192757,0.04367523225782221,0.7108652591705322,0.5769337076161996,1.8012650224287334,"Granulocyte precursor,Monocyte classical",0.00030132546497297296,0.06691104173660278
ENSG00000187742.14,SECISBP2,0.16877574,0.16877574,-0.4038585424423218,False,0.05027507763725263,0.9576881531779649,0.23923995297860645,5.695136600953672,0.8865509291489919,0.02128654532134533,0.030813496559858322,0.161777220089022,0.0,0.0,0.09866543657859855,0.06751103176864426,0.10141535848379135,1.2893388202787004,1.6664422037320998,"Monocyte classical,Pre-B small,B naive",0.0012369731720684447,-0.3809359073638916
ENSG00000165025.14,SYK,0.03823023,0.13946366,0.12061309814453125,True,0.2974518180215379,2.914832808177602,0.4073384709046193,4.7896042895396365,0.18990290075540545,0.024113845080137253,0.11999597400426865,0.14428719378914381,0.0,0.0,0.46949194892723123,0.08638143947622723,0.38824886083602905,1.224638931338378,1.5446171948168872,"Monocyte classical,Erythroid late",5.740127566656075e-05,0.16478508710861206
ENSG00000165233.17,CARD19,0.016766759,0.016766759,0.007600724697113037,False,0.613681820054951,6.70769887719749,0.41031124432211197,2.515902148837954,0.10096261033788326,0.018179524689912796,0.21322335302829742,2.9174572938536656e-19,0.0,0.0,0.4328277494551719,0.054891715830592165,0.5132004618644714,0.7666182480123265,1.3488834598465653,Platelet,0.0,0.01858198642730713
ENSG00000048828.16,FAM120A,0.009626763,0.009626763,-0.030565261840820312,False,0.1300920686858189,2.4672986575168045,0.30106841740433843,3.5258781407476083,0.16469685561954975,0.013382982462644577,0.04692665487527847,7.980037863353855e-10,0.0,0.0,0.3740025531169178,0.04282328208865759,0.14845852553844452,1.7126375084986054,1.3534918555272097,Pre-B small,0.001114487284196288,-0.013432025909423828
ENSG00000148110.15,MFSD14B,0.037592046,0.037592046,-0.036737918853759766,False,0.07516121889078776,1.4413447380046536,0.2668353437401033,2.5447283132147667,0.3214578486979007,0.012228834442794323,0.02995791658759117,1.0245976289436691e-14,0.0,0.0,0.34303978788791756,0.043461203028034585,0.10083558410406113,1.6631316841271988,1.4568400644793857,Monocyte classical,8.062825156210668e-08,-0.02253901958465576
ENSG00000119508.17,NR4A3,0.21121323,0.44069725,0.049695491790771484,True,0.045195518879739285,0.4813882642623126,0.3064581355833532,4.5596927042140445,1.7147986110051472,0.030214613303542137,0.028221238404512405,9.431415195505396e-17,0.0,0.0,0.3285118870123408,0.10728263397921012,0.09931449592113495,2.8106781822484606,1.7838021791900316,B naive,0.0003575559713414744,0.0780634880065918
ENSG00000119318.12,RAD23B,0.17489167,0.17489167,-0.1574704647064209,False,0.034483054684129044,0.8470657220114699,0.24354187161144344,5.020217257775116,0.7405117645859716,0.015243439935147762,0.025216633453965187,0.0635373556115463,0.0,0.0,0.3295288044673661,0.06222347538544826,0.08099738508462906,2.8890606241347556,1.9529315230740902,,,-0.1564418077468872
ENSG00000148154.9,UGCG,0.022033423,0.022996293,0.13248920440673828,True,1.4643555684576832,19.495175619349986,0.5643336419515528,2.4426801806193783,0.024783062702044847,0.015989037230610847,0.37257981300354004,0.00010744574091373293,0.0,0.0,0.49577145616425466,0.0818277257354705,1.0366357564926147,0.3974013628066181,1.0245261811169653,Monocyte classical,1.0650162647056107e-265,0.1327407956123352
ENSG00000136867.10,SLC31A2,0.04041977,0.2738402,0.016301870346069336,True,0.08610554052349433,1.6124104642068142,0.30045027915557077,3.7485514058971003,0.5672507008661827,0.018194634467363358,0.04060175642371178,0.1258626759066223,0.0,0.0,0.09160150817684759,0.05661705566471653,0.11979635059833527,1.144523370116398,1.3839673974651912,,,0.0876227617263794
ENSG00000119397.16,CNTRL,0.3153829,0.3153829,-0.23752164840698242,False,0.05870207763894836,1.220707076270291,0.25546512491516854,5.193050599278101,0.8598196774721145,0.0225136186927557,0.03731236606836319,0.13115004581803094,0.0,0.0,0.17496129214331513,0.07416201579420179,0.12311795353889465,1.5047728418009787,1.55060843224308,Pre-B large,4.293309872241996e-21,-0.21716785430908203
ENSG00000148180.19,GSN,0.0033567215,0.0033567215,-0.03117668628692627,False,2.37355669586247,76.28601264349692,0.35640220815057366,0.5870309711877649,0.07951093020848926,0.008177966810762882,0.17819344997406006,5.134363676775795e-100,0.0,0.0,0.48156946633487113,0.021831449485264498,0.7819356918334961,0.010069933000352194,0.2203419650732603,"Granulocyte precursor,Monocyte classical,Plasmacytoid DC,Pre-B large,B naive",3.284715362019259e-07,-0.030721068382263184
ENSG00000011454.16,RABGAP1,0.1777872,0.1777872,-0.13023030757904053,False,0.03528467350375755,1.1071850342380531,0.2771576713748339,5.035814484025203,0.6306412418683369,0.013540542684495449,0.02504958212375641,9.967744755822997e-19,0.0,0.0,0.27095747657743374,0.049292694649924584,0.08124110102653503,2.5563758163269332,1.7544198084874985,Granulocyte precursor,2.992684086296603e-08,-0.06655871868133545
ENSG00000148335.14,NTMT1,0.04915361,0.04915361,-0.04347383975982666,False,0.0977878667179645,1.676671644034618,0.20583524757421526,2.7683965684746488,0.9811799257993699,0.02111799828708172,0.035513054579496384,1.6284140225173164e-11,0.0,0.0,0.43000667769984957,0.08108870309807249,0.11229723691940308,4.012717874142201,1.1057726972238686,,,-0.0062100887298583984
ENSG00000126883.16,NUP214,1.6778183,3.6030903,0.18745630979537964,True,0.041166312309010196,0.11161657355144747,0.2819287097417795,6.193825859644858,8.839969507455827,0.17728808522224426,0.03263997286558151,0.28267252348342137,0.0,0.0,0.0732900719466515,0.4064623070630163,0.09441584348678589,0.6552720802807321,1.649459125431565,,,0.18784785270690918
ENSG00000165702.13,GFI1B,0.028172094,0.023259394,0.27382928133010864,True,0.7809223796694333,8.035566983823884,0.44296917503664285,8.22933762357472,0.04129428267478943,0.02677401341497898,0.35660403966903687,6.388538740394337e-38,0.0,0.0,0.47206575319701566,0.08311401209221003,1.264587640762329,0.09255306904725757,1.6989481197562009,,,0.2833009362220764
ENSG00000172889.15,EGFL7,0.0034772852,0.0034772852,0.006336867809295654,False,0.6441699634254583,34.387973009269935,0.8147847240095935,3.173425915816786,0.013095615648974974,0.004078787285834551,0.15053999423980713,7.690881559559762e-10,0.0,0.0,0.4292269937458496,0.01410797055322499,0.5108687877655029,1.7835085093457046,1.073283023659944,Pre-B small,0.001591688282544903,0.006337285041809082
ENSG00000148362.10,PAXX,0.018145641,0.018145641,-0.059142231941223145,False,0.6952201234106498,14.537467639265033,0.23434687170914278,2.268285581869755,0.10762770995497703,0.015094630420207977,0.2033604085445404,9.195441072946454e-11,0.0,0.0,0.4849093063192138,0.05171090358788,0.7708042860031128,1.0033441559729877,0.9267341204800953,Monocyte classical,1.2657499546474388e-15,0.02808380126953125
ENSG00000188229.5,TUBB4B,0.00041567133,0.00041567133,-0.013089537620544434,False,3.6648607521974883,49.63987805996519,0.2500581721366203,0.44999834611893763,0.1021769884508103,0.019748633727431297,0.334855318069458,,0.0,0.0,0.4692529994751165,0.052132239437496786,0.812077522277832,,0.263502767823783,,,-0.01255488395690918
ENSG00000197070.13,ARRDC1,0.404211,0.404211,-0.2337043285369873,False,0.03362428083094826,0.8516068821638971,0.2457330461233859,5.533019878894183,1.1350359320640564,0.015328888781368732,0.020257802680134773,0.08770711062395085,0.0,0.0,0.2602342042685985,0.04910435847210337,0.0692133828997612,1.4155769025905427,1.6294152651784348,Dendritic cell,0.002965521409793381,-0.18066084384918213
ENSG00000196459.13,TRAPPC2,0.11906812,0.11906812,-0.07194757461547852,False,0.04698573312959771,1.2032532999951722,0.284901140590225,6.116523830299396,0.574041982491811,0.015461727045476437,0.03456637263298035,0.12805305824825516,0.0,0.0,0.2298644274432008,0.05108343266853055,0.11269369721412659,2.0556144902520805,1.9508687463924774,Pre-B small,1.4854141308828629e-06,-0.06833851337432861
ENSG00000165195.15,PIGA,0.15032105,0.15032105,-0.10288131237030029,False,0.03828720158451888,1.005011891721596,0.29247077390571263,4.706153131576395,1.1078241358200709,0.014156325720250607,0.016399068757891655,3.843847885264658e-17,0.0,0.0,0.3883256747389438,0.04826046975581155,0.07091814279556274,1.990872976547077,1.2102825449800874,,,-0.10024535655975342
ENSG00000182287.14,AP1S2,0.00846159,0.00846159,-0.07674384117126465,False,2.6051232524195416,47.6746801370546,0.554511578285151,1.9765790742144165,0.011655382993631062,0.017085708677768707,0.6926410794258118,0.1240162783945687,0.0,0.0,0.48001239058266676,0.05313211795854489,1.525803804397583,1.5237583088873883,0.8078134341930926,,,0.06338858604431152
ENSG00000147010.17,SH3KBP1,0.07349837,0.07349837,-0.08782815933227539,False,0.34936464919907273,5.775862829547933,0.39476304998709677,2.2639162039285985,0.08290353141725063,0.01859881542623043,0.10600200295448303,0.1261112308424356,0.0,0.0,0.3905566412953384,0.06361402274514916,0.30092722177505493,2.1906003687549704,0.8880847438988019,Plasmacytoid DC,0.0042171448515862815,-0.002557992935180664
ENSG00000177189.12,RPS6KA3,0.13412619,0.13412619,-0.20227479934692383,False,0.04575293176064014,1.17623971368846,0.22725555307131506,5.096016858698029,0.6535756824910641,0.0162496380507946,0.03524283692240715,0.10704053774241747,0.0,0.0,0.1886275506417846,0.058354101836502345,0.10322140157222748,1.8198290748679853,1.8438743712851913,,,-0.19911408424377441
ENSG00000120280.5,CXorf21,0.1572522,0.1572522,-0.07588517665863037,False,0.07398259159825189,1.0691234813587225,0.3138063357182119,3.6263609237419776,1.1116121922433377,0.023596346378326416,0.036776017397642136,1.32207365675272e-16,0.0,0.0,0.4023924522703314,0.09378258615492374,0.11598877608776093,3.0830058524707544,1.3120022613930054,,,-0.04394936561584473
ENSG00000126759.13,CFP,0.0144314,0.0144314,-0.08367300033569336,False,2.124044783000386,19.426196499478138,0.3931316507534141,0.8324948506131802,0.11897298336029055,0.038280732929706573,0.3491094708442688,2.0993863594196023e-05,0.0,0.0,0.4884516827653318,0.1399298847151158,0.9102554321289062,5.366872884927574,0.46945461496831936,,,0.025390148162841797
ENSG00000068308.13,OTUD5,0.30192444,0.30192444,-0.20835518836975098,False,0.0336579541140915,0.7945699118815721,0.2655888597926933,6.3287666089425665,1.097893731147051,0.01840120553970337,0.023757953196763992,0.11907990530665716,0.0,0.0,0.15261649519378973,0.060817339637178953,0.0772893875837326,1.8422202810216222,1.6655379264464796,B naive,0.000367056484838691,-0.18003547191619873
ENSG00000158578.18,ALAS2,0.0046380744,0.0046380744,0.4696691632270813,False,1.1310696492527883,68.98611758585182,0.679515471805194,7.455003608276296,0.01271739255171269,0.00519538065418601,0.5004438757896423,1.0190098093808032e-16,0.0,0.0,0.4616603127374787,0.014465557610086497,1.1028273105621338,0.3007478645920381,1.3298020648992523,,,0.4706794023513794
ENSG00000147168.12,IL2RG,0.049060244,0.049060244,-0.1074364185333252,False,0.5192600316605801,8.592024815286267,0.5557621751649784,2.2905613734146746,0.04693887485191226,0.012753182090818882,0.12837713956832886,0.18120718893224236,0.0,0.0,0.3832462455092689,0.04293373677370926,0.30599135160446167,1.0916621715992485,1.1157947761825018,,,0.0888528823852539
ENSG00000085224.21,ATRX,0.08337794,0.08337794,-0.3557751178741455,False,0.11269137276352816,3.123488481428053,0.22174027530845242,4.621422854865435,0.31312012083828455,0.015124496072530746,0.08368414640426636,0.1353291590477493,0.0,0.0,0.3644190691963457,0.05037428761565454,0.2808465361595154,2.235519445208745,1.7714233714217895,,,0.014269649982452393
ENSG00000198157.10,HMGN5,0.009272619,0.009272619,-0.0008081197738647461,False,0.557703343316907,13.738470344671912,0.28160805366073516,1.7346512695003493,0.11720420200377703,0.012171231210231781,0.17991383373737335,0.0075058490501859155,0.0,0.0,0.4713543330107666,0.03857406440595846,0.41063565015792847,0.8953140734778997,0.956826032771046,Granulocyte precursor,3.732975541703455e-15,-0.0005071163177490234
ENSG00000010671.15,BTK,0.039968375,0.039968375,-0.1073143482208252,False,0.17610822708070126,4.652222642633557,0.26856461781513974,3.7844887158559315,0.20486655160784722,0.011717187240719795,0.07339927554130554,6.795986025293372e-17,0.0,0.0,0.4494888053035764,0.034379270459593325,0.23294177651405334,1.7488207674334753,1.3465048313651817,B naive,0.003319800958288645,-0.008569002151489258
ENSG00000133169.5,BEX1,0.0024450936,0.0024450936,0.015573859214782715,False,0.23755738557130363,19.75175072458497,0.4623060544909495,2.77162585758899,0.03533727575093507,0.002158510498702526,0.10414668917655945,3.255107625146227e-07,0.0,0.0,0.2540990157781371,0.007282127294079953,0.24266861379146576,0.6053549271587226,2.259824810583356,,,0.015597283840179443
ENSG00000157514.16,TSC22D3,0.0070479456,0.0070479456,-0.055231690406799316,False,3.586571763473668,52.90748203053412,0.5078204573707998,3.1451476919687056,0.016072850923519583,0.01797831617295742,1.5855472087860107,0.19466480199029482,0.0,0.0,0.48460526006025373,0.05395613121436237,4.049506187438965,0.7579038150413762,1.2859046421135953,,,-0.015655517578125
ENSG00000125354.22,SEPT6,0.060820155,0.060820155,-0.041855692863464355,False,0.1387417245933958,3.1223479376996925,0.37612505421014575,4.2272185554842165,0.2523270897939801,0.01297785248607397,0.06930550187826157,0.09063215063777715,0.0,0.0,0.2741683920472555,0.04232787675262361,0.2109832763671875,1.3700194141465438,1.4660095505888213,,,-0.03232681751251221
ENSG00000123728.9,RAP2C,0.07887987,0.07887987,-0.1874314546585083,False,0.08918984099572971,2.5298620328709167,0.419236631463369,3.2504686984464803,0.14982488639652725,0.010746175423264503,0.0338900163769722,0.13008448485262805,0.0,0.0,0.049147595592606695,0.034679645463775444,0.10475465655326843,1.2798842548441436,1.1219242562166032,B naive,1.1056605193947213e-09,-0.06369376182556152
ENSG00000156504.16,FAM122B,0.02058561,0.02058561,-0.019333600997924805,False,0.044151352855368364,0.8605725770554439,0.247365556973437,3.280158819012241,0.6522771495580673,0.011521424166858196,0.01916477642953396,1.2338045502543623e-07,0.0,0.0,0.39442691133301416,0.0392611883616718,0.0677742063999176,2.0989952274147816,1.4910966680645383,,,-0.015439391136169434
ENSG00000129675.15,ARHGEF6,0.06238429,0.06238429,-0.08315896987915039,False,0.10728572349728976,2.733783652247873,0.4665585383768277,2.988570655397107,0.1426860798150301,0.011161455884575844,0.036960773169994354,0.07960097661031625,0.0,0.0,0.13829599483575883,0.034873321605948256,0.10409319400787354,1.572475881728422,1.1536305876686341,Pre-B small,0.009452007285882458,-0.01348412036895752
ENSG00000010404.17,IDS,0.40997714,0.40997714,-0.19897019863128662,False,0.09484632349701001,1.314462731085079,0.34270147624597325,3.8368469476117832,0.7099615180492402,0.030769728124141693,0.05486121028661728,0.15823203783206244,0.0,0.0,0.26290928345442544,0.09607157841742266,0.15740472078323364,1.6600204261089455,1.3564177149579162,"Monocyte classical,Plasmacytoid DC",0.007718181194112764,0.024474501609802246
ENSG00000184216.13,IRAK1,0.08270977,0.08270977,-0.05853450298309326,False,0.10038230375394161,2.208751297427801,0.4565373781666309,3.469757197238667,0.16627238921821114,0.01253094058483839,0.03560945764183998,0.061757141772963355,0.0,0.0,0.23727725067125383,0.04417020018968465,0.10879787057638168,2.15635943641214,1.1579168023767008,Monocyte classical,2.2459433168480056e-09,-0.02497875690460205
ENSG00000169057.21,MECP2,0.109013095,0.109013095,-0.15883183479309082,False,0.028354532851183313,0.7999576767469269,0.2200418115149397,5.476614901289042,1.1895458608865739,0.01683703623712063,0.020523548126220703,0.06501467633835395,0.0,0.0,0.2786456021300717,0.05622457381493007,0.0705769807100296,2.3056114767745983,1.6399588448632714,Granulocyte precursor,5.3929575417250095e-68,-0.15834224224090576
ENSG00000196924.14,FLNA,0.2906323,0.63923234,0.49407362937927246,True,0.22972706960973585,0.8814911181063954,0.41250815546780645,5.261994236158725,0.9390520417690277,0.10574781894683838,0.15174365043640137,0.28507988659263905,0.0,0.0,0.27073618641484953,0.26706809497694906,0.36033275723457336,0.6454182228049696,1.4728396847820366,Platelet,7.490743749205814e-137,0.5104625523090363
ENSG00000130830.14,MPP1,0.005231758,0.018222628,0.200778067111969,True,0.32514465559362854,7.941246473079814,0.3076828013126667,2.961686944937817,0.08160018394701185,0.010525192134082317,0.19637952744960785,0.0,0.0,0.0,0.498649785179006,0.04009896866153828,3.6332297325134277,0.2662799510940772,1.8124799900758912,Platelet,0.0,0.21651041507720947
ENSG00000005302.17,MSL3,0.15842263,0.15842263,-0.12264561653137207,False,0.04187758474744193,1.049599868039999,0.2549271633518426,5.831212780599747,0.6670675639063119,0.018500681966543198,0.037372030317783356,0.13372840920476267,0.0,0.0,0.13342638753182823,0.05962085104969983,0.11821258068084717,2.2543534152859444,1.996748144888498,Monocyte classical,6.985462628495198e-05,-0.06853413581848145
ENSG00000205542.10,TMSB4X,0.0032325701,0.0032325701,0.01879221200942993,False,33.28902970538383,231.20943924178113,0.31051352649961655,1.74147990232609,0.010716198660666126,0.06918027997016907,10.506608963012695,0.09712819334261615,0.0,0.0,0.4993923460286914,0.2585584198604316,31.207992553710938,1.9100264408539078,0.6985325310303938,"HSPC,Platelet",0.0012118217121163534,0.11322057247161865
ENSG00000046651.14,OFD1,0.11817918,0.25295827,0.2036471962928772,True,0.17485876144898652,1.7253012273480788,0.3834178947741558,6.929808455573879,0.4903843334689736,0.02805570513010025,0.0706961378455162,0.05605784761939286,0.0,0.0,0.48808119777142295,0.08958626691381522,0.3329531252384186,1.9761829350226057,1.4249044107654147,Plasmacytoid DC,7.31405104740452e-08,0.2036902904510498
ENSG00000169249.12,ZRSR2,0.12948462,0.12948462,-0.09521365165710449,False,0.03995465729708079,1.2138604787797533,0.25421355713879196,5.577248801767953,0.5360024413714806,0.013160331174731255,0.03107968345284462,0.05105964201746152,0.0,0.0,0.31184861269355363,0.04958779166698513,0.09803332388401031,2.468463256270578,1.945543627224267,Erythroid late,0.0008717143410177038,-0.0687401294708252
ENSG00000169895.5,SYAP1,0.037832197,0.037832197,-0.09963631629943848,False,0.05254165003862204,2.148382713892662,0.15610857962293406,4.273640634073994,0.42917632531374694,0.012935019098222256,0.05221611633896828,0.06041447428333641,0.0,0.0,0.20443366163923726,0.04315459109559593,0.1667974889278412,2.3577995250014556,1.9494582369947784,,,-0.0335465669631958
ENSG00000086712.12,TXLNG,0.052978218,0.052978218,-0.043181419372558594,False,0.030912701898733776,0.7791578705411764,0.22457192036684567,3.494226777626626,0.5639501832425595,0.011987685225903988,0.016739603132009506,7.702851446224192e-24,0.0,0.0,0.12309332518678778,0.0364708444550943,0.060204364359378815,1.522821221309623,1.7025817568401775,B naive,0.00016660441449124462,-0.027387499809265137
ENSG00000130066.16,SAT1,0.14702521,0.23325285,0.417450487613678,True,1.4117525232632078,0.8715356704462427,0.18075547303736964,13.479604250381227,0.38066485300660136,0.5140720009803772,1.8197425603866577,0.2834183706006109,0.0,0.0,0.49214636441595466,1.350391599230818,4.848031997680664,0.6445428589023382,3.674812112503874,,,0.4210168719291687
ENSG00000130741.10,EIF2S3,0.7239479,0.7239479,-0.3179999589920044,False,0.058353645470499704,0.3214908280345179,0.17383595083671055,12.10857178971687,1.1166771936416628,0.06682199984788895,0.08063444495201111,0.22467492316633397,0.0,0.0,0.1345217680797342,0.21127362647956713,0.2492080181837082,1.0866351614511958,3.7534666253502786,Erythroid late,3.0125899561399414e-18,-0.27896225452423096
ENSG00000005889.15,ZFX,0.39029467,0.39029467,-0.2830711603164673,False,0.025846792048009586,0.5656324512747808,0.19667998773781858,7.056957534832266,1.1563567847013474,0.018842032179236412,0.023626744747161865,0.12756050660158472,0.0,0.0,0.19244180188645899,0.06367413377453879,0.07561428099870682,1.9765707644379094,2.3277220128137,Pre-B small,0.003145217680725474,-0.27083373069763184
ENSG00000165168.7,CYBB,0.04853457,0.04853457,-0.06307709217071533,False,1.3547656836957436,12.905002577276491,0.718186738858341,2.2180162415747584,0.037036823742091655,0.024043800309300423,0.301871657371521,0.1273315225379643,0.0,0.0,0.4798836146852201,0.08895676380901474,0.6737377643585205,1.9189122735159938,0.8944257057547297,,,0.056364238262176514
ENSG00000165175.15,MID1IP1,0.013425203,0.013425203,-0.013377785682678223,False,0.07576858918536919,2.1848781576547553,0.21611105780598827,3.6728095725457637,0.40088859066367155,0.015530973672866821,0.058983735740184784,1.0475157459228995e-13,0.0,0.0,0.2985673749735966,0.051815509616250914,0.17029520869255066,2.4950134086280213,1.7382265293847459,,,-0.010391950607299805
ENSG00000124486.12,USP9X,0.23539135,0.23539135,-0.12466776371002197,False,0.03679212715732223,0.8872526804540626,0.2432354988779164,4.659468847562916,1.3254338264465333,0.02040051482617855,0.02539609931409359,0.08962534057285276,0.0,0.0,0.3257692950149703,0.07262939885850983,0.0874130129814148,2.925307364715704,1.5284666956631001,Granulocyte precursor,0.006674770482151181,-0.12054550647735596
ENSG00000147050.14,KDM6A,0.20747386,0.20747386,-0.10269737243652344,False,0.025124302879825675,0.6982833169571994,0.24933194625310576,5.229421574530373,0.8721887561678887,0.013704277575016022,0.01988942362368107,2.8535564950961606e-05,0.0,0.0,0.3393286029635658,0.055407801409092634,0.06255989521741867,3.2195154030587374,2.078425122934784,Monocyte classical,0.00021749497020159714,-0.07665205001831055
ENSG00000130985.16,UBA1,0.024407998,0.024407998,-0.0436168909072876,False,0.04395749940282074,1.5699396837665354,0.15706341366358925,3.993942405168341,0.5075818837434053,0.013897337019443512,0.03511420637369156,6.42716730321571e-14,0.0,0.0,0.028880425114245947,0.038486887801703513,0.1175033301115036,1.977832183793076,1.7505927777066592,,,-0.006972908973693848
ENSG00000102226.9,USP11,0.2758072,0.2758072,-0.05194389820098877,False,0.0479337732134611,1.0970855852428003,0.23175251354655158,4.4191869414273866,1.037287536263466,0.019808948040008545,0.029600152745842934,0.0028931864889688293,0.0,0.0,0.2553591949401288,0.07339048352418985,0.09417018294334412,1.5901428957617427,1.4301491182762034,"Dendritic cell,Plasmacytoid DC",6.443858128679678e-08,-0.03936302661895752
ENSG00000102265.11,TIMP1,0.009282435,0.014444472,0.22334372997283936,True,1.860098489417985,27.07713507803727,0.5060454498720892,4.5812394598280415,0.028706397293135524,0.021552197635173798,0.8145966529846191,0.1242044061389699,0.0,0.0,0.4824944978144825,0.07082979331109039,2.3057966232299805,1.250615379172145,1.2263809429563124,"Monocyte classical,Monocyte non-classical",0.0058478172446124604,0.23135977983474731
ENSG00000015285.10,WAS,0.054073147,0.054073147,-0.2663228511810303,False,0.20269456066096903,5.4992375395496325,0.3415712377067343,2.208818187767133,0.3145103523507715,0.01645895466208458,0.09066518396139145,0.07633690303979286,0.0,0.0,0.40454559777669674,0.05397314699023157,0.2798233926296234,2.0582689832262777,1.0016956942181812,Monocyte non-classical,0.0019408337991728886,0.016076207160949707
ENSG00000184205.14,TSPYL2,0.4837184,0.4837184,-0.045310020446777344,False,0.06705326968240659,0.8697900156530544,0.3115028943289106,4.223873819919928,1.2573083621263503,0.03037514165043831,0.03678186982870102,0.12132229858004641,0.0,0.0,0.18399120142569586,0.10247663047710984,0.11495153605937958,1.609153123578033,1.3921982014642285,Plasmacytoid DC,2.2572182423494185e-10,-0.04343008995056152
ENSG00000204272.12,NBDY,0.038616203,0.038616203,-0.1493549346923828,False,0.15891912011452078,4.13116537315665,0.3520770678167111,3.9488532162515746,0.08229362994432449,0.012356613762676716,0.06982102245092392,0.002819557161946679,0.0,0.0,0.33242296195083504,0.04076575102639169,0.21289196610450745,1.9096226591616128,1.3046241395233755,Pre-B small,0.001505823749801092,-0.005465865135192871
ENSG00000181704.11,YIPF6,0.12569559,0.12569559,-0.11538243293762207,False,0.04847547424339259,1.3207365526062218,0.19156454603972667,4.2281836449986985,0.7130933776497841,0.01371022965759039,0.027878303080797195,0.07705024909069276,0.0,0.0,0.24198361684182523,0.043137766380316744,0.08340325951576233,1.5384761090227133,1.5395911718259963,Monocyte classical,0.0001787181465113504,-0.11521220207214355
ENSG00000089289.15,IGBP1,0.016004791,0.016004791,-0.08997476100921631,False,0.0724772679088078,1.9803330824657657,0.20529772035351507,4.868734497407942,0.22395845532417297,0.012439831160008907,0.06123865023255348,1.7615652208149457e-21,0.0,0.0,0.2290140300676013,0.034783144709294334,0.22793057560920715,1.7390214262476096,2.024182747296966,Pre-B small,0.00014849862682321565,-0.018894433975219727
ENSG00000147162.13,OGT,0.12758851,0.12758851,-0.16310298442840576,False,0.1755980913357451,3.511112411152496,0.30193702646160975,3.356117602596811,0.3226432139178117,0.01468205638229847,0.05547884479165077,0.035241651180999305,0.0,0.0,0.45334546824572297,0.0413111755956459,0.21866299211978912,2.036606906883241,1.1998763715828202,,,-0.03420662879943848
ENSG00000225470.7,JPX,0.61562574,0.61562574,-0.4258188009262085,False,0.009042548350320787,0.13732915428156642,0.08951112192042572,12.575261338563633,3.024943220615387,0.022285757586359978,0.012156096287071705,4.318252724754283e-24,0.0,0.0,0.25670175489561775,0.0960454614019399,0.04008672386407852,0.8695442215226932,4.170549180224022,"Erythroid early,Erythroid late",0.0071577647040772996,-0.41747570037841797
ENSG00000126945.8,HNRNPH2,0.019042827,0.019042827,-0.280731201171875,False,0.09074566961906701,3.5113340625224696,0.3173065521285342,5.494802777025248,0.10565963208675383,0.01209110114723444,0.05407027527689934,3.727794229597233e-05,0.0,0.0,0.05738440742576326,0.026633823183303203,0.19045507907867432,1.6630729412535104,1.3054025185072111,,,-0.0015832185745239258
ENSG00000102401.19,ARMCX3,0.06690308,0.06690308,-0.13986480236053467,False,0.07077370110076679,2.6732961236034414,0.2433859310885956,4.38416819979237,0.30491749321420986,0.009169825352728367,0.03859385848045349,0.039249838400622385,0.0,0.0,0.15143127922221705,0.028106260617899444,0.1287688910961151,1.615100180549589,1.5743818406813623,"Monocyte classical,B naive",0.007147264045581275,-0.019347786903381348
ENSG00000166681.13,BEX3,0.0011321763,0.019945987,0.09785926342010498,True,0.7294582028522253,8.77147943117025,0.6209368986503825,3.2202915648714527,0.04928921157494187,0.01729651726782322,0.20265567302703857,0.12951598054030258,0.0,0.0,0.46130846481038035,0.059429248311697165,0.5358595848083496,1.1574709114673478,1.272149014933848,Platelet,3.2860372804269916e-210,0.10015720129013062
ENSG00000147251.15,DOCK11,0.28873375,0.28873375,-0.22056353092193604,False,0.04601997347374155,1.2462057244304647,0.2958390151294482,4.8940310764657555,0.8913697600364685,0.018697958439588547,0.03146498650312424,0.12989206320325197,0.0,0.0,0.11369339136864753,0.05949139583809427,0.09269145876169205,1.8743945666309174,1.4710282418106604,"Monocyte classical,Monocyte non-classical,B naive",0.009724553774302645,-0.1521778106689453
ENSG00000122122.9,SASH3,0.18232584,0.18232584,-0.11092138290405273,False,0.050361989541365684,1.329481723044579,0.36402861810208775,3.7621985649579757,0.861892215013504,0.015115360729396343,0.023631665855646133,0.052292166930409674,0.0,0.0,0.18836306973991185,0.05321462211906435,0.07639937102794647,1.7955500267262812,1.1759624122952217,Monocyte classical,0.00482989413110296,-0.09877634048461914
ENSG00000102081.13,FMR1,0.11682721,0.11682721,-0.04067647457122803,False,0.026811598237390814,0.8294863558274153,0.22997696825161706,4.8186239502241985,1.1416229009628296,0.014618679881095886,0.01920776069164276,3.7406225209770887e-06,0.0,0.0,0.4733767599292884,0.10624175971609874,0.0660625696182251,13.668086172206989,1.7255864959210272,,,-0.03701305389404297
ENSG00000029993.14,HMGB3,0.02231623,0.03770472,0.07297289371490479,True,0.36542540961741204,6.1067682552497615,0.2889410414485213,2.6657697940649316,0.1200535846687853,0.012013444676995277,0.15235254168510437,6.676778330784721e-10,0.0,0.0,0.4807818057440816,0.051325287496247554,0.5877869725227356,3.510370598927885,1.780016142067158,Pre-B large,0.0007430271794822567,0.16625332832336426
ENSG00000102125.15,TAZ,0.23467615,0.23467615,-0.31482231616973877,False,0.032944083869461044,0.9481577005331816,0.2465349483132528,5.109426599063007,0.7002852812409401,0.014744220301508904,0.03052915632724762,0.13040814803598366,0.0,0.0,0.08455232624959957,0.043336546729351604,0.09876036643981934,1.738504107149027,2.292987771438888,"Pre-B small,B naive",0.0007721457424279731,-0.00874626636505127
ENSG00000071859.14,FAM50A,0.016416125,0.016416125,-0.018088102340698242,False,0.1582611276741971,1.8576236502702284,0.18555990238597903,2.0179879601513178,0.30483217524985484,0.01983528397977352,0.055037971585989,0.0006016874878710576,0.0,0.0,0.46355129451754057,0.0974694124876798,0.15993423759937286,4.319510631242503,1.2803228226781453,,,-0.00315248966217041
ENSG00000183878.15,UTY,0.41619256,0.41619256,-0.32371485233306885,False,0.026946788729820287,0.48632833248828067,0.23778382299267636,5.673684358238049,1.7666897535324098,0.018932992592453957,0.01446747500449419,4.3830980495155376e-21,0.0,0.0,0.4166064133341174,0.06103480305189102,0.058186259120702744,1.7389881158600868,1.6498072559888048,,,-0.3212786912918091
ENSG00000067646.11,ZFY,0.13528328,0.13528328,-0.09036970138549805,False,0.024514590073863668,0.9355368331418592,0.27289821694240574,4.666781577532278,0.8162716100613276,0.009648307226598263,0.014249632135033607,3.5227420378261585e-21,0.0,0.0,0.23400602651454316,0.029673764239998235,0.05013216286897659,1.479530849191441,1.6576045513094435,B naive,3.7585736412628176e-07,-0.08962297439575195
