source,target,ligand_complex,receptor_complex,lr_means,cellphone_pvals,expr_prod,scaled_weight,lr_logfc,spec_weight,lrscore,specificity_rank,magnitude_rank
Plasmacytoid DC,Dendritic cell,APP,CD74,3.0144258,0.0,6.6961546,2.5141872152047164,2.345370091047009,0.04685771,0.9712005,0.0023296159994817874,7.225320754734993e-07
Plasmacytoid DC,B naive,APP,CD74,2.9983869,0.0,6.649056,2.505064090725905,2.787858028418875,0.046528127,0.97110164,0.002601486433829587,2.8895822219190994e-06
Plasmacytoid DC,Plasmacytoid DC,APP,CD74,2.9641495,0.0,6.5485168,2.4855857750180803,2.2741382236302856,0.045824584,0.9708871,0.002742964597612869,6.500331764336431e-06
HSPC,Dendritic cell,MIF,CD74,2.8845398,0.0,5.5114427,1.1890997529722114,1.4185886502643434,0.010861468,0.968349,0.05789331968041655,1.8049650628647678e-05
HSPC,B naive,MIF,CD74,2.868501,0.0,5.4726768,1.1799766284934,1.8610765876362092,0.010785071,0.9682406,0.05789331968041655,2.5986582896509145e-05
HSPC,Plasmacytoid DC,MIF,CD74,2.8342636,0.0,5.3899255,1.1604983127855755,1.3473567828476196,0.010621992,0.96800554,0.05789331968041655,3.536393793124689e-05
Granulocyte precursor,Dendritic cell,MIF,CD74,2.8333254,0.0,5.044308,1.12871701968521,1.5432725176617428,0.009940879,0.96696323,0.05789331968041655,4.618089187311536e-05
Granulocyte precursor,B naive,MIF,CD74,2.8172865,0.0,5.0088277,1.1195938952063986,1.9857604550336085,0.0098709585,0.96685034,0.05789331968041655,5.843663982049222e-05
Plasmacytoid DC,Pre-B small,APP,CD74,2.7916646,0.0,6.0420094,2.387460287323939,2.0696388536324095,0.042280193,0.9697276,0.003189519292891315,8.72611903120612e-05
Granulocyte precursor,Plasmacytoid DC,MIF,CD74,2.783049,0.0,4.93309,1.1001155794985742,1.472040650245019,0.009721701,0.9666053,0.060385429051656656,0.0001038283782993439
T proliferating,Dendritic cell,MIF,CD74,2.8100133,0.0,4.8316746,1.1012317759489498,1.2595160174333073,0.00952184,0.96626836,0.06397764667609761,0.0001038283782993439
T proliferating,B naive,MIF,CD74,2.7939744,0.0,4.79769,1.0921086514701384,1.702003954805173,0.009454867,0.96615314,0.06604127663128224,0.00012183106013044815
T proliferating,Plasmacytoid DC,MIF,CD74,2.759737,0.0,4.725145,1.072630335762314,1.1882841500165835,0.0093119005,0.96590316,0.06901373561818733,0.00016213966791511425
Pre-B large,Dendritic cell,MIF,CD74,2.771713,0.0,4.4823294,1.0560745581355893,1.3712115739203272,0.008833381,0.96502364,0.08191782648210509,0.0002333484669121231
Pre-B large,B naive,MIF,CD74,2.7556741,0.0,4.4508023,1.0469514336567778,1.813699511292193,0.00877125,0.96490437,0.08340046446948428,0.0002599469695214064
Dendritic cell,Dendritic cell,MIF,CD74,2.7612453,0.0,4.386852,1.043732899703707,1.2358401450034355,0.008645223,0.9646585,0.08822851943249735,0.0002879752900455378
Pre-B large,Plasmacytoid DC,MIF,CD74,2.7214367,0.0,4.3835025,1.0274731179489531,1.2999797065036034,0.008638621,0.96464545,0.08874865667980505,0.0003174325668286631
HSPC,Pre-B small,MIF,CD74,2.6617787,0.0,4.9730315,1.0623728250914337,1.142857412849744,0.009800414,0.9667352,0.05883840474753543,0.0003806306584145908
Dendritic cell,B naive,MIF,CD74,2.7452064,0.0,4.355996,1.0346097752248955,1.6783280823753013,0.008584416,0.964538,0.09138392416160346,0.0003806306584145908
Dendritic cell,Plasmacytoid DC,MIF,CD74,2.710969,0.0,4.29013,1.0151314595170708,1.1646082775867117,0.0084546115,0.96427643,0.09517136078047064,0.00041436988690383427
Granulocyte precursor,Pre-B small,MIF,CD74,2.6105642,0.0,4.551531,1.0019900918044324,1.2675412802471433,0.008969758,0.9652813,0.07829771404340426,0.0004861245027885055
Erythroid early,Dendritic cell,MIF,CD74,2.718665,0.0,3.9984694,0.9935298764047917,1.2118167632274757,0.007879832,0.9630438,0.11847253048927721,0.0005241383109009246
Erythroid early,B naive,MIF,CD74,2.702626,0.0,3.9703453,0.9844067519259803,1.6543047005993414,0.007824408,0.9629179,0.12141276377173765,0.0005635753414264598
T proliferating,Pre-B small,MIF,CD74,2.5872521,0.0,4.3596697,0.9745048480681723,0.9837847800187078,0.008591654,0.96455234,0.09085223728578823,0.0005635753414264598
Erythroid early,Plasmacytoid DC,MIF,CD74,2.6683886,0.0,3.9103103,0.9649284362181557,1.1405848958107518,0.007706096,0.96264493,0.12677457079837331,0.0006467156519344675
Pre-B large,Pre-B small,MIF,CD74,2.5489519,0.0,4.0444517,0.9293476302548116,1.0954803365057277,0.00797045,0.96324676,0.11337769027875612,0.0009824182088670219
CD4 T memory,Dendritic cell,MIF,CD74,2.6441743,0.0,3.3190289,0.9057036198903214,1.2033930743063026,0.0065408507,0.95958287,0.20011456750180526,0.0010910808129813898
CD4 T memory,B naive,MIF,CD74,2.6281354,0.0,3.2956839,0.89658049541151,1.6458810116781684,0.0064948443,0.9594457,0.20349297218503926,0.0011475325201137508
Dendritic cell,Pre-B small,MIF,CD74,2.538484,0.0,3.9583015,0.9170059718229292,0.960108907588836,0.007800673,0.9628637,0.12240489560394327,0.0012053967964460847
CD4 T memory,Plasmacytoid DC,MIF,CD74,2.593898,0.0,3.2458503,0.8771021797036854,1.1321612068895788,0.006396637,0.9591483,0.21287867972014496,0.0012646730199992989
Platelet,T proliferating,PF4,CXCR3,2.5867689,0.0,2.8544621,8.472266546746845,4.128345905312782,0.33457825,0.9565553,3.632796261353096e-07,0.0020858047505991507
Erythroid early,Pre-B small,MIF,CD74,2.4959037,0.0,3.6078598,0.8668029485240141,0.9360855258128762,0.0071100527,0.96117026,0.15829684897858187,0.002322667827697608
Plasmacytoid DC,Dendritic cell,MIF,CD74,2.578783,0.0,2.7225826,0.8286058203212117,1.0510512452583454,0.005365427,0.95556176,0.33893868025188184,0.002322667827697608
NK,Dendritic cell,MIF,CD74,2.577445,0.0,2.7103782,0.827028479471885,1.2182884530164193,0.0053413752,0.9554663,0.3425130092881297,0.0024875709635228263
Erythroid early,T proliferating,GDF11,ACVR2B_TGFBR1,0.05868563,0.037,0.0033281795,0.1457488561757783,0.009772136040883485,0.008769698,0.4291655,1.0,0.0025495749037226373
Plasmacytoid DC,B naive,MIF,CD74,2.5627441,0.0,2.7034328,0.8194826958424002,1.4935391826302111,0.005327688,0.9554116,0.34395062749951866,0.0025721184499299544
NK,B naive,MIF,CD74,2.5614061,0.0,2.6913142,0.8179053549930735,1.660776390388285,0.0053038057,0.9553158,0.22192066892235723,0.002745401742835797
Plasmacytoid DC,Plasmacytoid DC,MIF,CD74,2.5285068,0.0,2.6625545,0.8000043801345756,0.9798193778416215,0.005247129,0.955086,0.35414106848109395,0.0029242626697988236
NK,Plasmacytoid DC,MIF,CD74,2.5271688,0.0,2.6506193,0.7984270392852489,1.1470565855996955,0.0052236076,0.9549895,0.3570937659538338,0.0030157829083878856
CD8 T memory,Dendritic cell,MIF,CD74,2.5557268,0.0,2.5122824,0.8014220111383779,1.135425796810619,0.004950986,0.9538233,0.40129545569684766,0.0033957772267840572
Erythroid late,Dendritic cell,MIF,CD74,2.553841,0.0,2.4950833,0.7991987390841361,1.2467745681796258,0.004917091,0.9536718,0.4070197336383128,0.003494249739571557
CD8 T memory,B naive,MIF,CD74,2.5396879,0.0,2.4946117,0.7922988866595664,1.5779137341824847,0.0049161618,0.95366764,0.3208432344997219,0.003594110248016525
Erythroid late,B naive,MIF,CD74,2.5378022,0.0,2.4775336,0.7900756146053246,1.6892625055514916,0.004882506,0.95351565,0.19142169678554743,0.0036953586030887718
T activated,Dendritic cell,MIF,CD74,2.551255,0.0,2.471495,0.7961496216334998,1.0570868583599333,0.004870605,0.9534615,0.41855804961066084,0.003797992654607347
B naive,Monocyte non-classical,RPS19,C5AR1,2.5172267,0.0,2.457219,0.9263396922540874,0.73054072460709,0.032631475,0.95333284,0.04654609635179942,0.004007416553428889
CD8 T memory,Plasmacytoid DC,MIF,CD74,2.5054505,0.0,2.456891,0.7728205709517418,1.0641939293938951,0.0048418255,0.95332986,0.42685163644422414,0.004114204762497486
CD4 T memory,Pre-B small,MIF,CD74,2.4214132,0.0,2.994794,0.7789766920095438,0.9276618368917031,0.0059018764,0.95754164,0.26714257800078106,0.0044428653326739126
T activated,B naive,MIF,CD74,2.535216,0.0,2.454111,0.7870264971546883,1.499574795731799,0.004836347,0.95330465,0.4293968316997913,0.0044428653326739126
Monocyte non-classical,Dendritic cell,MIF,CD74,2.5489464,0.0,2.4504366,0.7934275107291746,1.0632984233067582,0.004829105,0.9532713,0.42437165014868206,0.0045551809599078015
Erythroid late,Plasmacytoid DC,MIF,CD74,2.5035648,0.0,2.4400713,0.7705972988975001,1.175542700762902,0.0048086783,0.9531768,0.4371007443097853,0.004783950808682915
CD4 T naive,Monocyte non-classical,RPS19,C5AR1,2.499339,0.0,2.4376264,0.8944238239556312,0.7287053530430484,0.03237129,0.95315444,0.04705858408702232,0.004900403391989766
Monocyte non-classical,B naive,MIF,CD74,2.5329075,0.0,2.4332008,0.7843043862503631,1.505786360678624,0.0047951387,0.95311385,0.438633978071169,0.0050182341014743705
Erythroid early,T proliferating,IL7,IL2RG_IL7R,0.06791335,0.998,0.003951812,-0.03387613839210968,-0.5519851390535263,0.004066044,0.45031887,1.0,0.005097704879814323
CD4 T memory,Monocyte non-classical,RPS19,C5AR1,2.4877033,0.0,2.4248817,0.8736500357172516,0.6723958989458324,0.032202046,0.95303726,0.05789331968041655,0.005258022745321583
T activated,Plasmacytoid DC,MIF,CD74,2.5009787,0.0,2.417003,0.7675481814468638,0.9858549909432094,0.004763217,0.95296437,0.44665687962701767,0.00537997981145329
T activated,Monocyte non-classical,RPS19,C5AR1,2.4763336,0.0,2.4124284,0.8533597608015987,0.647264567904467,0.03203667,0.95292187,0.05789331968041655,0.005503310948234152
Monocyte non-classical,Plasmacytoid DC,MIF,CD74,2.49867,0.0,2.3964088,0.7648260705425386,0.9920665558900342,0.0047226325,0.9527722,0.4537045839215008,0.005754092990522043
CD8 T cytotoxic,Dendritic cell,MIF,CD74,2.542218,0.0,2.3890674,0.7854949480812241,1.1095236784652387,0.0047081644,0.9527031,0.44643216480076336,0.006010360670774094
Granulocyte precursor,Monocyte non-classical,RPS19,C5AR1,2.4418683,0.0,2.3746781,0.7918524196910272,0.6461856119598527,0.03153535,0.95256686,0.05789331968041655,0.006140549883045469
HSPC,Monocyte non-classical,RPS19,C5AR1,2.4416056,0.0,2.3743904,0.791380152201226,0.5781560177995765,0.031531528,0.9525641,0.05789331968041655,0.006272108251257499
CD8 T cytotoxic,B naive,MIF,CD74,2.526179,0.0,2.3722634,0.7763718236024126,1.5520116158371045,0.004675049,0.95254385,0.37588935182084293,0.006405035834553208
CD8 T cytotoxic,Plasmacytoid DC,MIF,CD74,2.4919417,0.0,2.3363929,0.7568935078945881,1.0382918110485149,0.0046043578,0.9521983,0.48087868878952905,0.006950409676499377
CD8 T cytotoxic,Monocyte non-classical,RPS19,C5AR1,2.3935742,0.0,2.321781,0.7056548680861061,0.5400119352554374,0.030832883,0.95205534,0.05789331968041655,0.007090165787859261
Monocyte non-classical,Monocyte non-classical,RPS19,C5AR1,2.3818507,0.0,2.30894,0.6847342224958063,0.5979594259449345,0.030662358,0.95192856,0.05789331968041655,0.007231286253431952
T proliferating,Erythroid early,TNF,SEMA4C,0.07676418,0.005,0.0044528637,0.2769112099616451,0.0867664464629577,0.028047616,0.46513274,1.0,0.007644390599324356
CD4 T naive,Dendritic cell,MIF,CD74,2.5292373,0.0,2.2706676,0.7701902128681436,1.0182652717145761,0.004474832,0.9515447,0.4779882352763472,0.00766281722222053
CD4 T naive,B naive,MIF,CD74,2.5131984,0.0,2.2546964,0.7610670883893321,1.460753209086442,0.0044433577,0.9513817,0.4841262395130975,0.007957306628145745
CD4 T naive,Plasmacytoid DC,MIF,CD74,2.478961,0.0,2.2206035,0.7415887726815076,0.9470334042978524,0.00437617,0.9510281,0.4939661604682039,0.009030770567726889
Plasmacytoid DC,Pre-B small,MIF,CD74,2.356022,0.0,2.4566143,0.701878892440434,0.7753200078437459,0.0048412797,0.95332736,0.42769877413755497,0.009030770567726889
NK,Pre-B small,MIF,CD74,2.3546839,0.0,2.445602,0.7003015515911073,0.9425572156018199,0.0048195776,0.9532273,0.4362396744025545,0.009349661520359306
CD8 T memory,Monocyte non-classical,RPS19,C5AR1,2.3538547,0.0,2.278276,0.6347665313197729,0.4928290587161698,0.030255144,0.9516218,0.05789331968041655,0.009511135175097551
Plasmacytoid DC,Pre-B large,APP,CD74,2.3403478,0.0,4.7167025,2.1307115959448333,1.3515743937038398,0.033006087,0.96587366,0.013619959633551663,0.010003652681738846
HSPC,T proliferating,GDF11,ACVR2B_TGFBR1,0.07295008,0.013,0.0053094486,0.21142481758931997,0.0498485737658198,0.01399031,0.4870715,1.0,0.010189631687344755
CD8 T memory,Pre-B small,MIF,CD74,2.3329656,0.0,2.2668583,0.6746950832576002,0.8596945593960195,0.004467325,0.95150596,0.4939661604682039,0.01050830097134138
Erythroid late,Pre-B small,MIF,CD74,2.33108,0.0,2.2513392,0.6724718112033584,0.9710433307650262,0.0044367416,0.95134723,0.4939661604682039,0.010851460808856303
Plasmacytoid DC,Monocyte non-classical,RPS19,C5AR1,2.3285346,0.0,2.2505424,0.5895776085884767,0.429500981621621,0.029886845,0.95133907,0.05789331968041655,0.011199995699473535
T activated,Pre-B small,MIF,CD74,2.3284938,0.0,2.230055,0.6694226937527221,0.7813556209453337,0.0043947967,0.95112693,0.4939661604682039,0.011376277905056919
Monocyte non-classical,Pre-B small,MIF,CD74,2.3261852,0.0,2.211054,0.666700582848397,0.7875671858921586,0.004357351,0.9509277,0.4939661604682039,0.011732863106192627
Monocyte classical,Dendritic cell,MIF,CD74,2.497087,0.0,1.9774203,0.7322840660519732,1.018112019284132,0.0038969265,0.9482554,0.4939661604682039,0.012647757183695747
CD8 T cytotoxic,Pre-B small,MIF,CD74,2.3194568,0.0,2.1556802,0.6587680202004464,0.8337924410506392,0.004248225,0.9503325,0.4939661604682039,0.012647757183695747
Erythroid early,Erythroid early,TNFSF13B,HLA-DPB1,0.07909651,1.0,0.005831531,-0.4225152381648244,-1.5320328165268384,7.0509486e-05,0.49879256,1.0,0.012733429599096232
B naive,Dendritic cell,MIF,CD74,2.4956353,0.0,1.9641771,0.7305723174804397,0.9899689143201572,0.0038708278,0.9480903,0.4939661604682039,0.012834744522272137
Monocyte classical,B naive,MIF,CD74,2.481048,0.0,1.9635118,0.7231609415731617,1.4605999566559977,0.0038695168,0.948082,0.48824017648451057,0.013023069080857054
T proliferating,Monocyte non-classical,RPS19,C5AR1,2.3115625,0.0,2.2319527,0.5592864032074166,0.4052020617911617,0.029639978,0.9511467,0.05789331968041655,0.013212725088731139
B naive,B naive,MIF,CD74,2.4795964,0.0,1.9503617,0.7214491930016282,1.4324568516920229,0.0038436016,0.9479163,0.4939661604682039,0.013212725088731139
Monocyte classical,Plasmacytoid DC,MIF,CD74,2.4468107,0.0,1.9338219,0.7036826258653371,0.9468801518674081,0.0038110064,0.94770575,0.4939661604682039,0.01340371671345267
B naive,Plasmacytoid DC,MIF,CD74,2.445359,0.0,1.9208707,0.7019708772938037,0.9187370469034334,0.003785483,0.947539,0.4939661604682039,0.013596040651313576
Pre-B small,Monocyte non-classical,RPS19,C5AR1,2.3108387,0.0,2.23116,0.5579967119950046,0.45274791493961175,0.02962945,0.95113844,0.05789331968041655,0.013789693528545106
Platelet,Plasmacytoid DC,PF4,CXCR3,2.4839828,0.0,1.9200184,8.109457865345297,4.108871384732882,0.22504991,0.94752795,2.4869588060239477e-06,0.013789693528545106
CD4 T naive,Pre-B small,MIF,CD74,2.306476,0.0,2.0488467,0.6434632849873659,0.7425340342999768,0.004037687,0.9491191,0.4939661604682039,0.013984679617796435
Erythroid late,Monocyte non-classical,RPS19,C5AR1,2.2993784,0.0,2.2186074,0.5375430916779855,0.44120838391350603,0.029462757,0.9510072,0.05789331968041655,0.014777909057031817
Plasmacytoid DC,Monocyte non-classical,APP,CD74,2.2748504,0.0,4.524367,2.0934502499617027,1.4154501534670059,0.03166018,0.9651809,0.0172593934771485,0.014979536198831458
T proliferating,Erythroid early,GRN,TNFRSF1A,0.0798752,0.967,0.0062124585,-0.11759813929473693,-0.40335728444997554,0.00060245453,0.5067018,1.0,0.015275784221160249
Dendritic cell,Monocyte non-classical,RPS19,C5AR1,2.261311,0.0,2.1769116,0.46960127754306474,0.3125524060405446,0.028909042,0.9505633,0.08771067185347425,0.016007536433910043
Erythroid early,Monocyte non-classical,RPS19,C5AR1,2.2452023,0.0,2.1592677,0.4408498697634178,0.2788984438444012,0.028674733,0.95037174,0.11463568313094816,0.016640200695844175
Platelet,Dendritic cell,MIF,CD74,2.4777298,0.0,1.80086,0.7094618222689009,1.0335690702542193,0.003548977,0.9459121,0.4939661604682039,0.017068577932980097
Platelet,B naive,MIF,CD74,2.461691,0.0,1.7881933,0.7003386977900894,1.476057007626085,0.0035240145,0.9457313,0.4676343357617851,0.01728474046386627
Monocyte classical,Pre-B small,MIF,CD74,2.2743258,0.0,1.7842467,0.6055571381711955,0.7423807818695325,0.0035162368,0.9456746,0.4939661604682039,0.017502222577598956
Dendritic cell,Erythroid early,TNFSF10,RIPK1,0.08425392,0.0,0.006301342,0.19409040945776923,0.04661988607099856,0.01007151,0.50847715,0.5910750512229233,0.017816695963096915
HSPC,Pre-B large,MIF,CD74,2.2104619,0.0,3.8822033,0.8056241337123284,0.424792952921174,0.007650705,0.96251506,0.12952111047169013,0.0179411308752536
B naive,Pre-B small,MIF,CD74,2.272874,0.0,1.7722971,0.603845389599662,0.7142376769055577,0.0034926876,0.9455017,0.4939661604682039,0.01816255538636324
Pre-B large,Monocyte non-classical,RPS19,C5AR1,2.1903205,0.002,2.0991552,0.3429024989429614,0.24407751383827458,0.027876446,0.94970167,0.9688811520875173,0.018609349813696746
Platelet,Plasmacytoid DC,MIF,CD74,2.4274535,0.0,1.7611543,0.6808603820822647,0.9623372028374955,0.0034707284,0.94533896,0.4939661604682039,0.018609349813696746
NK,Monocyte non-classical,RPS19,C5AR1,2.17416,0.001,2.0814543,0.31405553652822077,0.2619526030105287,0.027641382,0.949499,0.9572610593235005,0.019061388592074468
B naive,Monocyte classical,RPS19,C5AR1,2.4350598,0.0,1.7198867,0.6917763421489755,0.7576001426092646,0.022839824,0.9447231,0.05789331968041655,0.019749272577714867
CD4 T naive,Monocyte classical,RPS19,C5AR1,2.4171722,0.0,1.7061733,0.6598604738505194,0.755764771045223,0.022657711,0.94451374,0.05789331968041655,0.02021440088084868
Granulocyte precursor,Pre-B large,MIF,CD74,2.1592474,0.0,3.5531585,0.745241400425327,0.5494768203185733,0.0070022526,0.96088415,0.16483212409791917,0.02021440088084868
Pre-B large,T proliferating,GDF11,ACVR2B_TGFBR1,0.080247074,0.006,0.0063229683,0.24502143654391845,0.08831100099561465,0.016660918,0.5089053,1.0,0.020356164191473354
CD4 T memory,Monocyte classical,RPS19,C5AR1,2.4055367,0.0,1.697253,0.6390866856121398,0.699455316948007,0.02253925,0.94437623,0.05789331968041655,0.020684753519350264
T activated,Monocyte classical,RPS19,C5AR1,2.394167,0.0,1.6885365,0.6187964106964868,0.6743239859066416,0.022423496,0.9442408,0.05789331968041655,0.02116032394028214
Monocyte classical,Dendritic cell,TNFSF13B,HLA-DPB1,2.1503198,0.0,2.9544983,1.619549247940372,2.3171245470426296,0.035723064,0.95726544,0.009475135322957736,0.021400065351524146
HSPC,Monocyte non-classical,MIF,CD74,2.1449642,0.0,3.7238965,0.7683627877291976,0.4886687126843401,0.0073387283,0.96175677,0.14505618164985618,0.02212709191768682
Granulocyte precursor,Monocyte classical,RPS19,C5AR1,2.3597016,0.0,1.6621139,0.5572890695859153,0.6732450299620273,0.022072608,0.9438242,0.05789331968041655,0.022372036401440032
HSPC,Monocyte classical,RPS19,C5AR1,2.359439,0.0,1.6619124,0.5568168020961142,0.6052154358017511,0.022069935,0.94382095,0.05789331968041655,0.022618279614048782
T proliferating,Pre-B large,MIF,CD74,2.1359353,0.0,3.4033816,0.7177561566890669,0.2657203200901379,0.0067070858,0.96006674,0.18610976989753372,0.022865817473558037
Dendritic cell,Erythroid early,LTB,LTBR,0.10380773,1.0,0.0063796784,-0.3502389266950139,-1.2728058856494993,0.0007709595,0.510021,1.0,0.022894192444828612
Monocyte classical,Monocyte non-classical,RPS19,C5AR1,2.1336515,0.927,2.0370848,0.24176725070247518,0.17706903452806266,0.027052166,0.9489799,1.0,0.023114655669431067
Plasmacytoid DC,T proliferating,APP,CD74,2.1183882,0.0,4.0649104,2.004440789318057,1.1265760370199345,0.028445039,0.96333593,0.027195945359462244,0.023364786839866095
Pre-B large,Pre-B large,MIF,CD74,2.097635,0.0,3.1573067,0.6725989388757062,0.3774158765771578,0.0062221424,0.95860296,0.2315483173737166,0.023868941278370522
Granulocyte precursor,Monocyte non-classical,MIF,CD74,2.09375,0.0,3.4082694,0.7079800544421964,0.6133525800817393,0.006716718,0.9600942,0.18520302483581694,0.024122956280357457
CD8 T cytotoxic,Monocyte classical,RPS19,C5AR1,2.3114073,0.0,1.6250894,0.47109151798099425,0.567071353257612,0.021580929,0.94322395,0.05789331968041655,0.024634867730026593
Granulocyte precursor,Dendritic cell,TNFSF13B,HLA-DPB1,2.091528,0.0,2.5497327,1.5135684780641285,1.9227063250097582,0.03082901,0.9541481,0.016774266032640366,0.02489276257344932
Platelet,Pre-B small,MIF,CD74,2.2549686,0.0,1.6249344,0.5827348943881232,0.7578378328396198,0.0032022782,0.9432214,0.4939661604682039,0.02489276257344932
Dendritic cell,Pre-B large,MIF,CD74,2.0871673,0.0,3.0900533,0.6602572804438238,0.24204444766026612,0.006089606,0.95817363,0.2457765274708965,0.025151947954437273
Monocyte non-classical,Monocyte classical,RPS19,C5AR1,2.2996838,0.0,1.6161016,0.4501708723906944,0.625018843947109,0.021461572,0.9430753,0.0594150120037811,0.025151947954437273
T proliferating,Monocyte non-classical,MIF,CD74,2.070438,0.0,3.2646,0.6804948107059361,0.32959607985330397,0.006433587,0.959261,0.21037792939937996,0.025412419621053006
T proliferating,Erythroid early,TNF,RIPK1,0.08536293,0.002,0.0064255875,0.2776041164788537,0.08502668928362736,0.01790283,0.5109169,1.0,0.02543077696193543
Erythroid early,Pre-B large,MIF,CD74,2.044587,0.0,2.8164804,0.6100542571449087,0.21802106588430625,0.005550472,0.9562761,0.315369568606248,0.025937232198116233
Dendritic cell,Dendritic cell,TNFSF13B,HLA-DPB1,2.041671,0.0,2.2064812,1.4236941780894723,1.658026707232985,0.026678734,0.95087934,0.024808787154437083,0.02620157150419656
Pre-B large,Monocyte non-classical,MIF,CD74,2.0321374,0.0,3.0285594,0.6353375928925754,0.44129163634032387,0.005968419,0.957769,0.25715979394962085,0.0264671937517015
CD8 T memory,Monocyte classical,RPS19,C5AR1,2.271688,0.0,1.5946388,0.40020318121466103,0.5198884767183444,0.02117655,0.94271535,0.09738777707034887,0.0264671937517015
Plasmacytoid DC,Monocyte classical,RPS19,C5AR1,2.2463677,0.0,1.5752271,0.3550142584833649,0.4565603996237956,0.020918766,0.9423837,0.14809390443694875,0.026734105105592598
Dendritic cell,Monocyte non-classical,MIF,CD74,2.0216699,0.0,2.9640484,0.622995934460693,0.3059202074234322,0.0058412864,0.95733136,0.27680100165711896,0.026734105105592598
Monocyte non-classical,Dendritic cell,TNFSF13B,HLA-DPB1,1.9913914,0.0,1.8603187,1.3330576844470237,1.7289445267984545,0.022493256,0.9467371,0.03287634554483584,0.02700230126314785
HSPC,T proliferating,MIF,CD74,1.9885021,0.0,3.345729,0.6793533270855519,0.1997945962372687,0.006593469,0.9597379,0.22258537637055198,0.02727177785408292
Plasmacytoid DC,HSPC,APP,CD74,1.983218,0.0,3.6679788,1.9275440898670078,1.01853176804128,0.02566743,0.96147746,0.03905153426566792,0.027542541144702757
Erythroid early,Monocyte non-classical,MIF,CD74,1.9790894,0.0,2.7016313,0.572792911161778,0.2818968256474723,0.0053241374,0.9553974,0.3461155342895815,0.027814583196730025
T proliferating,Erythroid early,TNFSF10,RIPK1,0.08844669,0.024,0.006771066,0.20837597886215942,0.05251451177485255,0.010822277,0.51745784,1.0,0.02796592023833937
T proliferating,Monocyte classical,RPS19,C5AR1,2.2293956,0.003,1.5622157,0.32472305310230476,0.4322614797933363,0.020745976,0.94215816,1.0,0.02808791034392415
CD4 T memory,Pre-B large,MIF,CD74,1.9700965,0.0,2.3378897,0.5222280006304384,0.2095973769631332,0.0046073077,0.95221287,0.47903004628109724,0.02808791034392415
Pre-B small,Monocyte classical,RPS19,C5AR1,2.2286718,0.0,1.5616608,0.3234333618898927,0.47980733294178635,0.020738607,0.94214845,0.19442109803171026,0.028362518199137286
Erythroid late,Monocyte classical,RPS19,C5AR1,2.2172117,0.0,1.5528749,0.3029797415728737,0.4682678019156806,0.020621933,0.9419945,0.23858288192610885,0.028638402307874584
Granulocyte precursor,T proliferating,MIF,CD74,1.9372878,0.0,3.0621543,0.6189705937985506,0.3244784636346679,0.0060346248,0.95799154,0.25028348686026913,0.028638402307874584
T proliferating,T proliferating,MIF,CD74,1.9139757,0.0,2.933075,0.5914853500622903,0.040721963406232575,0.005780246,0.9571163,0.606348931265802,0.029473732945995604
Dendritic cell,Monocyte classical,RPS19,C5AR1,2.1791441,0.002,1.5236907,0.23503792743795288,0.33961182404271917,0.02023437,0.941474,1.0,0.029754728318212548
Plasmacytoid DC,Pre-B large,MIF,CD74,1.904705,0.0,1.9177591,0.44513020106132856,0.05725554791517595,0.0037793512,0.9474987,0.7407255741926653,0.030037003169439143
CD4 T memory,Monocyte non-classical,MIF,CD74,1.904599,0.0,2.2425563,0.4849666546473077,0.27347313672629925,0.004419433,0.9512567,0.5248937571862212,0.03032055299478368
Erythroid early,Monocyte classical,RPS19,C5AR1,2.1630354,0.011,1.5113411,0.2062865196583059,0.3059578618465758,0.02007037,0.9412494,1.0,0.03032055299478368
CD8 T cytotoxic,Erythroid early,LTB,LTBR,0.1155567,1.0,0.0072609126,-0.3415964975342215,-1.2178072183128636,0.0008774532,0.52617186,1.0,0.030499624764849152
NK,Pre-B large,MIF,CD74,1.903367,0.0,1.9091624,0.4435528602120019,0.22449275567325,0.0037624093,0.9473868,0.7445726584632089,0.030605373222308968
Platelet,Dendritic cell,APP,CD74,2.4452257,0.0,1.5043836,1.0957372384221415,1.743712000545423,0.010527231,0.9411217,0.05789331968041655,0.031178836551667567
CD8 T memory,Pre-B large,MIF,CD74,1.8816488,0.0,1.7696258,0.4179463918784948,0.14163009946744953,0.003487423,0.9454628,0.8728961374678994,0.031757390424254246
Platelet,B naive,APP,CD74,2.4291868,0.0,1.4938022,1.08661411394333,2.186199937917289,0.010453186,0.94092584,0.03614774911787547,0.031757390424254246
Erythroid late,Pre-B large,MIF,CD74,1.8797631,0.0,1.7575109,0.415723119824253,0.2529788708364563,0.0034635481,0.94528544,0.8830734573856721,0.032048569022755206
T activated,Pre-B large,MIF,CD74,1.877177,0.0,1.7408955,0.4126740023736168,0.0632911610167638,0.0034308038,0.9450393,0.9036948214768726,0.032341020681149815
Pre-B large,T proliferating,MIF,CD74,1.8756752,0.0,2.7210045,0.5463281322489296,0.15241751989325247,0.0053623165,0.9555494,0.3396512974678019,0.03263473689090943
Monocyte non-classical,Pre-B large,MIF,CD74,1.8748683,0.0,1.7260622,0.4099518914692915,0.06950272596358864,0.0034015717,0.94481665,0.926187705594584,0.03292972455567862
Dendritic cell,Erythroid early,ITGAL_ITGB2,F11R,0.09400433,0.002,0.007284936,0.14511354753100392,-0.03928328688434736,0.005916564,0.5265836,1.0,0.033031886787342764
Platelet,Plasmacytoid DC,APP,CD74,2.3949494,0.0,1.4712147,1.0671357982355056,1.6724801331286991,0.010295125,0.9405009,0.05789331968041655,0.033523495494903195
CD8 T cytotoxic,Pre-B large,MIF,CD74,1.8681401,0.0,1.6828345,0.40201932882134106,0.11572798112206928,0.0033163824,0.9441517,0.9755736939789922,0.033822277097838485
Dendritic cell,T proliferating,MIF,CD74,1.8652076,0.0,2.6630447,0.5339864738170472,0.017046090976360784,0.005248095,0.9550899,0.692057833388126,0.03412232694588603
Pre-B large,Monocyte classical,RPS19,C5AR1,2.1081536,0.983,1.4692663,0.10833914883784951,0.2711369318404492,0.019511623,0.94046384,1.0,0.03412232694588603
NK,Monocyte classical,RPS19,C5AR1,2.091993,1.0,1.4568769,0.0794921864231089,0.2890120210127033,0.019347094,0.9402263,1.0,0.034423640300249386
CD4 T naive,Pre-B large,MIF,CD74,1.8551593,0.0,1.5994349,0.38671459360826055,0.024469574371406844,0.0031520256,0.9427964,1.0,0.035030054251390115
HSPC,HSPC,MIF,CD74,1.853332,0.0,3.0190244,0.6024566276345027,0.0917503272586142,0.0059496285,0.95770514,0.4671434564174416,0.035335145171376564
Erythroid early,Pre-B large,IL7,IL2RG_IL7R,0.10767972,1.0,0.0073092766,0.027598099555419087,-0.36370858228162134,0.005198726,0.5269994,1.0,0.035562710876695366
Monocyte classical,Monocyte classical,RPS19,C5AR1,2.0514846,1.0,1.4258214,0.007203900597363311,0.20412845253023726,0.018934684,0.939618,1.0,0.03625800004976141
Plasmacytoid DC,Monocyte non-classical,MIF,CD74,1.8392075,0.0,1.8395575,0.4078688550781978,0.12113130767834202,0.0036252385,0.94645345,0.8000209681240984,0.03625800004976141
NK,Monocyte non-classical,MIF,CD74,1.8378694,0.0,1.8313113,0.40629151422887116,0.28836851543641606,0.0036089877,0.9463395,0.7264963068072459,0.0365681268086503
T proliferating,Erythroid early,TNF,FAS,0.08950607,0.002,0.0073761037,0.26111969981617783,0.07487883866312026,0.014903506,0.5281336,1.0,0.038092091205818385
Pre-B small,Dendritic cell,MIF,CD74,2.4336884,0.0,1.3991506,0.6575359371315479,0.9131292460873084,0.0027573232,0.93908006,0.4939661604682039,0.03877421150470358
Erythroid early,T proliferating,MIF,CD74,1.8226272,0.0,2.4272764,0.4837834505181322,-0.0069772907995990785,0.0047834627,0.9530593,0.7732444072906871,0.03877421150470358
Monocyte classical,Pre-B large,MIF,CD74,1.8230091,0.0,1.3928745,0.3488084467920901,0.02431632194096256,0.0027449548,0.9389514,1.0,0.03909437905914075
Pre-B small,B naive,MIF,CD74,2.4176495,0.0,1.3893093,0.6484128126527364,1.3556171834591741,0.002737929,0.9388779,0.4939661604682039,0.03941579701382493
CD8 T memory,Monocyte non-classical,MIF,CD74,1.8161513,0.0,1.6974648,0.380685045895364,0.2055058592306156,0.0033452145,0.9443795,0.9599335505499319,0.04006237231427465
Plasmacytoid DC,Monocyte classical,APP,CD74,1.8151071,0.0,3.1743152,1.8319079460893621,0.9395924872483701,0.022212919,0.9587094,0.05789331968041655,0.0403875365220984
B naive,Pre-B large,MIF,CD74,1.8215572,0.0,1.3835461,0.34709669822055667,-0.0038267830230122035,0.002726571,0.9387585,1.0,0.0403875365220984
Erythroid early,T activated,IL7,IL2RG_IL7R,0.11389854,1.0,0.00783433,0.03578052948274599,-0.2399000411907416,0.0055721705,0.53563654,1.0,0.04062003649743726
Erythroid late,Monocyte non-classical,MIF,CD74,1.8142656,0.0,1.685844,0.37846177384112223,0.3168546305996224,0.003322313,0.9441988,0.7992800884552207,0.04071394785365732
T activated,Monocyte non-classical,MIF,CD74,1.8116795,0.0,1.669906,0.37541265639048604,0.12716692077992986,0.003290904,0.94394803,0.9850490468448849,0.04104160548981806
Pre-B small,Plasmacytoid DC,MIF,CD74,2.3834121,0.0,1.3683019,0.628934496944912,0.8418973786705846,0.0026965293,0.9384392,0.4939661604682039,0.04137049994724582
Monocyte non-classical,Monocyte non-classical,MIF,CD74,1.8093708,0.0,1.6556776,0.37269054548616076,0.1333784857267547,0.003262864,0.94372123,0.996190674471992,0.041700647702495014
Platelet,Pre-B small,APP,CD74,2.2224646,0.0,1.3574207,0.9690103105413639,1.4679807631308235,0.009498828,0.9382082,0.06438644823042258,0.042364673935530124
CD8 T cytotoxic,Monocyte non-classical,MIF,CD74,1.8026426,0.0,1.6142126,0.3647579828382103,0.17960374088523534,0.0031811483,0.9430439,1.0,0.042364673935530124
Granulocyte precursor,HSPC,MIF,CD74,1.8021177,0.0,2.7631402,0.5420738943475013,0.21643419465601343,0.0054453546,0.9558746,0.32907930739097907,0.042698550775049346
Erythroid early,Dendritic cell,PTPRC,CD22,0.09197973,1.0,0.008290151,-0.3782652210908407,-1.0846872308535307,0.00043952843,0.5426622,1.0,0.043146543003347165
Monocyte classical,B naive,TNFSF13B,HLA-DPB1,1.7999587,0.0,2.353085,1.34258386360598,2.1049710621554434,0.028451331,0.95236003,0.027015142709953713,0.04337001894425575
Dendritic cell,Dendritic cell,APP,CD74,2.4264793,0.0,1.3333945,1.049021230299826,1.2499850606813796,0.0093307,0.9376885,0.06836850060041112,0.04370761746325899
CD4 T naive,Monocyte non-classical,MIF,CD74,1.7896618,0.0,1.5342138,0.3494532476251298,0.0883453341345729,0.0030234938,0.9416633,1.0,0.04404645491470709
HSPC,Dendritic cell,APP,CD74,2.42646,0.0,1.333219,1.048973370214909,1.2580282110749792,0.009329473,0.93768466,0.06858307399568991,0.04404645491470709
T proliferating,NK,CLEC2D,KLRB1,1.7866504,0.0,2.1282947,1.2996520311298276,1.577024730630849,0.04564287,0.9500299,0.0034055810528448812,0.044386530479466696
T proliferating,HSPC,MIF,CD74,1.7788056,0.0,2.646665,0.5145886506112411,-0.06732230557242191,0.0052158157,0.9549574,1.0,0.04507038364950479
Dendritic cell,B naive,APP,CD74,2.4104404,0.0,1.3240159,1.0398981058210146,1.6924729980532454,0.009265071,0.937482,0.07009926313791086,0.04507038364950479
HSPC,B naive,APP,CD74,2.4104211,0.0,1.3238416,1.0398502457360976,1.700516148446845,0.009263852,0.9374781,0.07031789615139299,0.045414168606920616
Dendritic cell,Erythroid early,CXCL8,ACKR1,0.103199646,0.231,0.008554994,0.5858649817655018,-0.33112628276555556,0.03618801,0.5465617,1.0,0.04567161113310871
Monocyte classical,Monocyte non-classical,MIF,CD74,1.7575116,0.0,1.3360765,0.31154710080895937,0.08819208170412862,0.0026330224,0.9377472,1.0,0.04645292007076759
B naive,Monocyte non-classical,MIF,CD74,1.7560596,0.0,1.3271284,0.3098353522374259,0.06004897674015386,0.0026153882,0.9375507,1.0,0.04680163942819003
Dendritic cell,Plasmacytoid DC,APP,CD74,2.376203,0.0,1.3039956,1.0204197901131902,1.1787531932646558,0.009124976,0.937034,0.0732069187144058,0.047502772004765215
HSPC,Plasmacytoid DC,APP,CD74,2.3761837,0.0,1.303824,1.020371930028273,1.1867963436582554,0.009123774,0.93703014,0.0734327786892872,0.04785517430354748
Erythroid early,Monocyte classical,ERFE,LRP1,0.130788,0.0,0.008613682,0.8156127042300116,0.39799525487945164,0.27630085,0.54740876,0.05789331968041655,0.04819523715033727
CD4 T memory,T proliferating,MIF,CD74,1.7481368,0.0,2.0148213,0.3959571940036619,-0.015400979720772145,0.0039706323,0.9487132,0.8109239928311384,0.04856368389025939
Granulocyte precursor,B naive,TNFSF13B,HLA-DPB1,1.7411668,0.0,2.0307128,1.2366030937297365,1.710552840122572,0.024553504,0.948904,0.045280424729379654,0.049995416610713383
Dendritic cell,T proliferating,TNFSF10,RIPK1,0.09561111,0.001,0.008856526,0.25582831219524227,0.0759267651933737,0.014155491,0.5508506,0.9572610593235005,0.05071742975884598
Pre-B large,HSPC,MIF,CD74,1.7405052,0.0,2.455303,0.46943143279788047,0.044373250914597984,0.0048386957,0.9533155,0.5932391681412853,0.0507186360496058
CD4 T naive,NK,CLEC2D,KLRB1,1.7387819,0.0,1.8585019,1.2399266487204215,1.8013486056141228,0.039856963,0.9467125,0.006045037351030331,0.051082080003415006
Platelet,Pre-B large,MIF,CD74,1.8036519,0.0,1.2685072,0.32598620300901776,0.039773372911049876,0.0024998626,0.93621504,1.0,0.05181262264780942
Dendritic cell,HSPC,MIF,CD74,1.7300375,0.0,2.403003,0.45708977436599807,-0.0909981780022937,0.0047356277,0.952834,1.0,0.052179729304342184
Pre-B small,Pre-B small,MIF,CD74,2.2109272,0.0,1.2624679,0.5308090092507702,0.6373980086727089,0.002487961,0.9360724,0.4939661604682039,0.052548055234227356
Dendritic cell,HSPC,FAM3C,CLEC2D,0.09422296,1.0,0.008877681,-0.19296413165688436,-0.5840002136350474,0.0007884625,0.5511457,1.0,0.05323818521988745
HSPC,Dendritic cell,TNFSF13B,HLA-DPB1,1.8985938,0.0,1.221433,1.165776802101722,1.4082698422525146,0.014768439,0.9350766,0.05789331968041655,0.05328835187309203
CD4 T memory,NK,CLEC2D,KLRB1,1.7098876,0.0,1.6956494,1.2038769724758767,1.6159200324787388,0.036364473,0.9443514,0.008673342159085455,0.054033525476251454
Platelet,Monocyte non-classical,MIF,CD74,1.7381544,0.0,1.2167805,0.288724857025887,0.10364913267421594,0.0023979244,0.93496066,1.0,0.054033525476251454
Plasmacytoid DC,Granulocyte precursor,APP,CD74,1.709023,0.0,2.862796,1.7715574907389195,0.7113919541912348,0.020033,0.9566158,0.05789331968041655,0.05440793545395871
CD8 T cytotoxic,NK,CLEC2D,KLRB1,1.7074229,0.0,1.6817575,1.2008014364835258,1.7167791504085546,0.03606655,0.94413483,0.009113087190305994,0.055538438305987384
Dendritic cell,Pre-B small,APP,CD74,2.2037182,0.0,1.2031356,0.9222943024190485,0.9742538232667801,0.008419187,0.9346169,0.09572188059368411,0.055538438305987384
T proliferating,T proliferating,TNF,RIPK1,0.09672013,0.004,0.009031152,0.3393420192163267,0.11433356840600249,0.025162397,0.55326474,1.0,0.055757499804161184
HSPC,Pre-B small,APP,CD74,2.2036989,0.0,1.2029773,0.9222464423341314,0.9822969736603797,0.0084180785,0.93461293,0.09599803441536947,0.05591770077133651
CD8 T memory,NK,CLEC2D,KLRB1,1.7014072,0.0,1.6478525,1.1932959371453844,1.7120768398204675,0.03533943,0.9435953,0.010420844525637718,0.05706274129993522
Erythroid early,Dendritic cell,TNFSF13B,TFRC,0.10857474,1.0,0.009279753,-0.05094697271398214,-0.3141393205394022,0.0008225185,0.55661815,1.0,0.05827538220131011
Pre-B large,NK,CLEC2D,KLRB1,1.6942655,0.0,1.6076006,1.18438533488458,1.5006290731381764,0.0344762,0.94293356,0.011529645091470636,0.05938544280913265
Dendritic cell,B naive,TNFSF13B,HLA-DPB1,1.6913099,0.0,1.7573332,1.14672879375508,1.4458732223457988,0.021248052,0.9452828,0.05789331968041655,0.06056304937897516
Erythroid early,Monocyte non-classical,ERFE,LRP1,0.14229594,0.0,0.0095029455,0.8598634168114389,0.3293066544647365,0.30482566,0.55954885,0.049639788228243394,0.060791828679673005
Erythroid early,HSPC,MIF,CD74,1.6874571,0.0,2.190257,0.406886751067083,-0.11502155977825357,0.0043163663,0.9507067,1.0,0.06254974772067697
T proliferating,T proliferating,TNFSF10,RIPK1,0.09980388,0.017,0.0095167225,0.27011388159963245,0.08182139089722769,0.015210691,0.55972743,1.0,0.06330683551702732
HSPC,Monocyte classical,MIF,CD74,1.6852211,0.0,2.612702,0.5068204838568573,0.012811046465704301,0.0051488834,0.95467883,0.7030693662551827,0.06416066842743932
Plasmacytoid DC,T proliferating,MIF,CD74,1.6827453,0.0,1.6527476,0.318859394434552,-0.16774280876872938,0.0032570898,0.94367415,1.0,0.0645663746696485
NK,T proliferating,MIF,CD74,1.6814072,0.0,1.6453389,0.3172820535852254,-0.0005056010106553321,0.0032424892,0.94355464,1.0,0.06538138682225281
Erythroid early,Plasmacytoid DC,TNFSF13B,TFRC,0.11091604,0.994,0.009553628,-0.045356367839960145,-0.23620581476526228,0.0008467936,0.56020427,1.0,0.06582041138885797
CD8 T memory,T proliferating,MIF,CD74,1.6596891,0.0,1.5250846,0.2916755852517182,-0.0833682572164558,0.0030055027,0.9414992,1.0,0.06743974186865848
Erythroid late,T proliferating,MIF,CD74,1.6578034,0.0,1.5146439,0.28945231319747644,0.027980514152550984,0.002984927,0.94130975,1.0,0.06785498028562227
T activated,T proliferating,MIF,CD74,1.6552173,0.0,1.5003245,0.28640319574684026,-0.16170719566714153,0.0029567075,0.9410468,1.0,0.06827140521077721
Pre-B large,Erythroid early,SELL,SELPLG,0.11591915,1.0,0.009560908,-0.2888656058627967,-0.7259892544136144,0.00042640092,0.5602981,1.0,0.06833255257058374
Monocyte non-classical,T proliferating,MIF,CD74,1.6529086,0.0,1.487541,0.283681084842515,-0.1554956307203167,0.002931515,0.94080895,1.0,0.06868900482919234
B naive,NK,CLEC2D,KLRB1,1.6513181,0.0,1.3655429,1.130800757431561,1.6190359324411534,0.02928509,0.9383809,0.023559598557655062,0.06910780028218659
CD8 T cytotoxic,T proliferating,MIF,CD74,1.6461804,0.0,1.4502867,0.2757485221945645,-0.10927037556183605,0.0028580977,0.9400988,1.0,0.06952777978599349
Platelet,Pre-B large,APP,CD74,1.7711477,0.0,1.0596722,0.7122616191622586,0.7499163032022536,0.0074152728,0.9306287,0.14095591319600276,0.07037127654927249
Erythroid early,Plasmacytoid DC,TNFSF13B,TNFRSF17,0.1116816,0.001,0.009643179,0.7163217139737933,-0.006887877151925237,0.009649822,0.56135327,0.9572610593235005,0.07084325947176524
Monocyte non-classical,B naive,TNFSF13B,HLA-DPB1,1.6410301,0.0,1.481635,1.0560923001126317,1.5167910419112682,0.017914563,0.9406981,0.05789331968041655,0.07250069837758033
Platelet,Erythroid early,LTB,LTBR,0.15279292,1.0,0.010053824,-0.31420586853644095,-0.7806603967120104,0.0012149658,0.56648076,1.0,0.07335252837960787
Granulocyte precursor,Monocyte classical,MIF,CD74,1.6340067,0.0,2.3912566,0.44643775056985585,0.13749491386310353,0.0047124787,0.9527238,0.4545913749278845,0.07422544461141994
CD4 T naive,T proliferating,MIF,CD74,1.6331996,0.0,1.378412,0.260443786981484,-0.2005287823124985,0.002716453,0.9386515,1.0,0.0750948548717289
Erythroid early,Erythroid early,GRN,TNFRSF1A,0.10885656,1.0,0.010091877,-0.0744558991458274,-0.4014904642327337,0.0009786619,0.5669446,1.0,0.07586036383073805
Pre-B large,NK,FAM3C,HLA-C,1.9082383,0.0,1.0186764,0.7718487873159381,0.852066327683674,0.012545403,0.9293443,0.05789331968041655,0.07596896686305374
Platelet,Monocyte non-classical,APP,CD74,1.7056502,0.0,1.0164614,0.6750002731791278,0.8137920629654196,0.007112896,0.9292728,0.15789495302387205,0.0764077796853986
Monocyte classical,Plasmacytoid DC,TNFSF13B,HLA-DPB1,1.626174,0.0,2.0547745,1.2052084544672659,1.572542352872743,0.024844436,0.9491888,0.04257348572975321,0.07728890327322496
HSPC,Erythroid early,LTB,LTBR,0.15619072,1.0,0.010308677,-0.3117064964770711,-0.9659475408890401,0.0012457639,0.569552,1.0,0.07836677447000504
Pre-B small,NK,CLEC2D,KLRB1,1.6181736,0.0,1.1787363,1.0894471957702672,1.5703830898744116,0.025278885,0.93398815,0.04043709376882797,0.07906517711305999
CD4 T memory,HSPC,MIF,CD74,1.6129667,0.0,1.8180773,0.3190604945526127,-0.12344524869942664,0.0035829074,0.9461551,1.0,0.07996031438191253
Pre-B small,Pre-B large,MIF,CD74,1.7596104,0.0,0.98554724,0.2740603178716649,-0.08066645125586103,0.0019422299,0.9282511,1.0,0.08040962878478577
T proliferating,Monocyte classical,MIF,CD74,1.6106946,0.0,2.2904575,0.4189525068335957,-0.14626158636533182,0.0045138327,0.9517444,1.0,0.08086010594111256
T proliferating,Erythroid early,FASLG,FAS,0.11408728,0.0,0.010537359,0.6508336536076309,0.1557863238618788,0.043640025,0.5722394,0.3047139080175401,0.0808717442316782
Monocyte classical,T proliferating,MIF,CD74,1.6010494,0.0,1.2003958,0.22253764016531358,-0.20068203474294277,0.0023656348,0.93454725,1.0,0.08131173314156498
Pre-B large,CD8 T cytotoxic,FAM3C,HLA-C,1.8264283,0.0,0.9714288,0.7029123265845223,0.7449697738432126,0.01196353,0.92776906,0.05789331968041655,0.08131173314156498
B naive,T proliferating,MIF,CD74,1.5995975,0.0,1.1923565,0.22082589159378013,-0.22882513970691754,0.0023497913,0.93434143,1.0,0.08176453331688041
T activated,NK,CLEC2D,KLRB1,1.5879915,0.0,1.0086255,1.0517895543292637,1.3905154924914638,0.02163073,0.929018,0.05789331968041655,0.08312988033060566
T proliferating,Erythroid early,TNF,VSIR,0.10415296,1.0,0.010736392,-0.020693988345229647,-0.48256539328984954,0.00211783,0.5745281,1.0,0.08337528176531603
Platelet,T proliferating,MIF,CD74,1.5816922,0.0,1.0932146,0.19971539638224123,-0.18522498377285546,0.0021544113,0.9316279,1.0,0.08358731674498904
HSPC,Granulocyte precursor,MIF,CD74,1.5791371,0.0,2.356298,0.44647002850641454,-0.21538948659143098,0.0046435855,0.952391,1.0,0.08404591017893565
Dendritic cell,Dendritic cell,COPA,CD74,2.3850663,0.0,0.9556584,0.9126721754504075,1.1290633425224652,0.0092114275,0.9272188,0.07075669604464345,0.08404591017893565
Erythroid early,Dendritic cell,COPA,CD74,2.3850167,0.0,0.95520777,0.9125568363626428,1.081754176246396,0.009207084,0.9272028,0.07097686451638423,0.08450565981331216
Pre-B large,Monocyte classical,MIF,CD74,1.5723941,0.0,2.1248505,0.373795289020235,-0.03456602987831192,0.0041874684,0.9499914,0.8845345920597855,0.08496656482898525
Plasmacytoid DC,CD8 T memory,APP,CD74,1.5721952,0.0,2.4609966,1.6937167954400394,0.5984006058192346,0.017221326,0.953367,0.05789331968041655,0.08542861224273848
Dendritic cell,B naive,COPA,CD74,2.3690274,0.0,0.9489366,0.903549050971596,1.571551279894331,0.009146637,0.9269802,0.07253246407164493,0.08542861224273848
Dendritic cell,Erythroid early,ITGAL_ITGB2,ICAM3,0.10717126,1.0,0.010797826,-0.23544519597776425,-0.6923040684327197,0.0005873768,0.57522535,1.0,0.08587739570164817
Erythroid early,B naive,COPA,CD74,2.3689778,0.0,0.9484891,0.9034337118838314,1.5242421136182618,0.009142324,0.9269642,0.07275676220837952,0.0858918255332801
Pre-B small,Monocyte non-classical,MIF,CD74,1.694113,0.0,0.945359,0.23679897188853416,-0.016790691492694965,0.0018630306,0.9268523,1.0,0.08635619174773979
Granulocyte precursor,Plasmacytoid DC,TNFSF13B,HLA-DPB1,1.5673821,0.0,1.7732707,1.0992276845910225,1.1781241308398713,0.021440752,0.9455159,0.05789331968041655,0.08728837967188004
Dendritic cell,Monocyte classical,MIF,CD74,1.5619265,0.0,2.0795894,0.3614536305883526,-0.1699374587952036,0.004098272,0.9494775,1.0,0.08822515711638607
Dendritic cell,Pre-B large,APP,CD74,1.7524014,0.0,0.93922937,0.6655456110399431,0.2561893633382102,0.0065724486,0.92663145,0.19677840483397374,0.08822515711638607
Dendritic cell,Dendritic cell,TNFSF10,TNFRSF10B,0.1042459,0.0,0.010799212,0.2773513330901836,0.10096972989249478,0.018782644,0.575241,0.44929007444151325,0.08837807000318729
HSPC,Pre-B large,APP,CD74,1.752382,0.0,0.93910575,0.6654977509550261,0.2642325137318098,0.006571584,0.926627,0.19725242667253348,0.08869527563324073
Pre-B large,CD8 T memory,FAM3C,HLA-C,1.7678477,0.0,0.93759686,0.6535497367873935,0.6475505040566805,0.011546876,0.92657226,0.05789331968041655,0.08916654215923497
HSPC,B naive,TNFSF13B,HLA-DPB1,1.5482326,0.0,0.9727999,0.8888114177673299,1.1961163573653284,0.011762198,0.92781633,0.05789331968041655,0.09058720910425488
Monocyte non-classical,Erythroid early,SELL,SELPLG,0.12856881,1.0,0.010918441,-0.27500428849286845,-0.6188717767150613,0.00048694471,0.5765819,1.0,0.09087732151713288
Plasmacytoid DC,HSPC,MIF,CD74,1.5475752,0.0,1.4913597,0.24196269498350284,-0.27578707774738387,0.0029390408,0.9408803,1.0,0.09106305944538641
Dendritic cell,Plasmacytoid DC,COPA,CD74,2.33479,0.0,0.9345879,0.8840707352637714,1.0578314751057414,0.009008333,0.9264628,0.07688379619111059,0.09106305944538641
NK,HSPC,MIF,CD74,1.5462372,0.0,1.4846743,0.24038535413417617,-0.10854986998930982,0.0029258658,0.94075525,1.0,0.09154005370001236
Erythroid early,Plasmacytoid DC,COPA,CD74,2.3347404,0.0,0.9341472,0.8839553961760068,1.0105223088296722,0.009004084,0.9264468,0.077118108543072,0.09154005370001236
Monocyte classical,Monocyte non-classical,TNFSF13B,HLA-DPB1,1.5349686,0.0,1.8982159,1.1331099329240173,1.6067537831676364,0.022951474,0.94724333,0.05433031415275724,0.09249745805652675
Granulocyte precursor,Dendritic cell,APP,CD74,2.382678,0.0,0.93387526,0.9398680988253314,1.2114552932992024,0.006534983,0.92643684,0.1941222113848333,0.09297787910683444
T proliferating,Erythroid early,FASLG,TNFRSF1A,0.11540094,0.0,0.010967902,0.5822866313139402,0.10273063003258512,0.021702636,0.5771335,0.4414252302676928,0.09337513422481303
Monocyte classical,Pre-B small,TNFSF13B,HLA-DPB1,1.5304258,0.0,1.8904178,1.1295191262992614,1.5928750561761902,0.022857187,0.94714034,0.054895474125000586,0.09345944079412477
Granulocyte precursor,Granulocyte precursor,MIF,CD74,1.5279226,0.0,2.1565847,0.38608729521941315,-0.09070561919403175,0.0042500077,0.9503424,1.0,0.09442598280311981
Granulocyte precursor,B naive,APP,CD74,2.3666391,0.0,0.92730665,0.9307449743465199,1.6539432306710682,0.006489018,0.92619604,0.20057242094897806,0.09442598280311981
CD8 T memory,HSPC,MIF,CD74,1.524519,0.0,1.3761628,0.21477888580066906,-0.1914125261951103,0.0027120207,0.9386045,1.0,0.09491094872007916
Plasmacytoid DC,Dendritic cell,COPA,CD74,2.3811584,0.0,0.9200147,0.9035442221035338,1.1949035082613542,0.0088678645,0.92592573,0.08045504492148371,0.0953970647340727
Plasmacytoid DC,HSPC,FAM3C,CLEC2D,0.10552746,1.0,0.010995893,-0.16251420554182328,-0.5225518707512262,0.0009765895,0.5774445,1.0,0.09587151675225353
Erythroid late,HSPC,MIF,CD74,1.5226333,0.0,1.3667415,0.21255561374642729,-0.0800637548261035,0.0026934543,0.9384063,1.0,0.09588431728940365
T activated,HSPC,MIF,CD74,1.5200472,0.0,1.3538203,0.20950649629579107,-0.269751464645796,0.0026679903,0.93813115,1.0,0.09637270556693872
Plasmacytoid DC,B naive,COPA,CD74,2.3651195,0.0,0.9135436,0.8944210976247223,1.63739144563322,0.008805491,0.92568326,0.08265665226092458,0.09637270556693872
Granulocyte precursor,Plasmacytoid DC,APP,CD74,2.3324018,0.0,0.913285,0.9112666586386954,1.1402234258824786,0.0063908985,0.92567354,0.213381493034691,0.09686222874754455
Erythroid early,Monocyte classical,MIF,CD74,1.5193461,0.0,1.8954762,0.31125060728943754,-0.19396084057116347,0.003735438,0.9472072,1.0,0.09686222874754455
Platelet,T proliferating,APP,CD74,1.549188,0.0,0.91323817,0.585990812535482,0.5249179465183482,0.00639057,0.92567176,0.21388519654664412,0.09735287309635626
Monocyte non-classical,HSPC,MIF,CD74,1.5177385,0.0,1.3422852,0.20678438539146582,-0.2635398996989712,0.0026452579,0.93788236,1.0,0.09735287309635626
Dendritic cell,Plasmacytoid DC,TNFSF13B,HLA-DPB1,1.5175252,0.0,1.5345486,1.0093533846163663,0.9134445130630982,0.018554347,0.94166934,0.05789331968041655,0.09784466359591755
NK,NK,CLEC2D,KLRB1,1.5705289,0.0,0.91020405,1.030001903230378,1.4262803214924427,0.019520009,0.9255572,0.05789331968041655,0.09784466359591755
T proliferating,Granulocyte precursor,GRN,TNFRSF1A,0.10732545,0.863,0.011308368,-0.028629314377088086,-0.2788942988636262,0.0010966315,0.5808593,1.0,0.09836647770667814
Pre-B large,T proliferating,FAM3C,HLA-C,1.7079298,0.0,0.90299267,0.6030580978474545,0.42672044904559825,0.011120711,0.9252828,0.05789331968041655,0.09932681345747561
CD8 T cytotoxic,HSPC,MIF,CD74,1.5110103,0.0,1.3086687,0.19885182274351534,-0.21731464454049054,0.0025790096,0.93713945,1.0,0.09932681345747561
Dendritic cell,Monocyte non-classical,APP,CD74,1.6869038,0.0,0.90092987,0.6282842650568123,0.32006512310137625,0.0063044406,0.9252037,0.22154828843586635,0.09982312879530601
T proliferating,Granulocyte precursor,MIF,CD74,1.5046105,0.0,2.065678,0.358602051483153,-0.3744621194224671,0.0040708566,0.94931626,1.0,0.10032057330231689
HSPC,Monocyte non-classical,APP,CD74,1.6868845,0.0,0.9008113,0.6282364049718953,0.32810827349497584,0.0063036107,0.9251991,0.2220663783368168,0.10032057330231689
T proliferating,Dendritic cell,TNFSF10,TNFRSF10B,0.10843867,0.002,0.011604223,0.2916369024945738,0.10686435559634877,0.02018277,0.5839999,1.0,0.10086000109761795
NK,NK,HLA-E,KLRC1_KLRD1,1.5013326,0.0,1.5069227,1.2600130721089808,1.4469763240892324,0.050860766,0.94116837,0.0020587746802809594,0.10106884889389184
NK,NK,HLA-E,KLRC1,1.5013326,0.0,1.5069227,1.2600130721089808,1.4469763240892324,0.050860766,0.94116837,0.0020587746802809594,0.10106884889389184
Plasmacytoid DC,Plasmacytoid DC,COPA,CD74,2.330882,0.0,0.89973,0.8749427819168978,1.1236716408446303,0.0086723445,0.92515755,0.08719510721337136,0.10131884654734663
CD4 T naive,HSPC,MIF,CD74,1.4980295,0.0,1.2438124,0.18354708753043483,-0.308573051291153,0.0024511963,0.93562555,1.0,0.1018196604640692
Dendritic cell,Erythroid early,EFNB1,EPHB4,0.11049853,0.0,0.011865378,1.3625933477266412,0.21386982374271507,0.28082708,0.58670074,0.029157912302178512,0.10335209553699524
Pre-B large,Dendritic cell,APP,CD74,2.3765821,0.0,0.8782738,0.9246770531101678,1.1414530651040793,0.0061459,0.92431754,0.20383075317429308,0.10383421947997598
Pre-B large,B naive,APP,CD74,2.3605433,0.0,0.8720963,0.9155539286313563,1.583941002475945,0.006102672,0.9240703,0.21485031179019748,0.10484822460101499
Monocyte non-classical,Erythroid early,TNFSF10,RIPK1,0.13499945,0.0,0.011986464,0.36698998250311754,0.22294671726172124,0.019158108,0.58793116,0.18747612527763086,0.10584276961794642
Dendritic cell,Pre-B small,COPA,CD74,2.162305,0.0,0.8623004,0.7859452475696298,0.8533321051078656,0.008311566,0.92367303,0.09992727444013379,0.10688969314926397
Erythroid early,Pre-B small,COPA,CD74,2.1622555,0.0,0.8618938,0.7858299084818652,0.8060229388317964,0.008307646,0.9236564,0.10049828598442306,0.10740285992767007
Erythroid early,Granulocyte precursor,TNFSF13B,TFRC,0.1319139,0.86,0.012009857,0.004782957446014008,-0.18210336567381122,0.0010645034,0.5881673,1.0,0.10833200737818133
Granulocyte precursor,Monocyte non-classical,TNFSF13B,HLA-DPB1,1.4761769,0.0,1.6381607,1.027129163047774,1.212335561134765,0.019807126,0.9434381,0.05789331968041655,0.10843254331208396
T activated,Dendritic cell,COPA,CD74,2.3747633,0.0,0.861684,0.8886063994803826,1.1987463218721246,0.008305625,0.9236478,0.10107174122590791,0.10843254331208396
Pre-B large,Plasmacytoid DC,APP,CD74,2.3263059,0.0,0.8589095,0.8960756129235318,1.0702211976873555,0.006010394,0.92353404,0.24815625568291408,0.10894905827982504
T activated,B naive,COPA,CD74,2.3587244,0.0,0.8556232,0.8794832750015711,1.6412342592439904,0.008247206,0.92339855,0.10339013855424124,0.10946667404776098
Granulocyte precursor,Pre-B small,TNFSF13B,HLA-DPB1,1.471634,0.0,1.631431,1.023538356423018,1.1984568341433186,0.019725757,0.94332814,0.05789331968041655,0.10998541701678946
CD8 T cytotoxic,Monocyte non-classical,CCL5,CCR1,1.9175574,0.0,0.85156846,1.3561901918164752,1.626128383278012,0.07731282,0.9232304,0.0007427062209141312,0.11050527277241776
Erythroid early,HSPC,FAM3C,CLEC2D,0.11183288,1.0,0.01217739,-0.14552992248206803,-0.5793218885212171,0.0010815229,0.5898441,1.0,0.11081981741553079
Monocyte non-classical,Plasmacytoid DC,TNFSF13B,HLA-DPB1,1.4672453,0.0,1.2938019,0.9187168909739176,0.9843623326285676,0.015643459,0.9368021,0.05789331968041655,0.11102624049551262
Pre-B large,Granulocyte precursor,MIF,CD74,1.4663101,0.0,1.916323,0.3134448336697923,-0.2627665629354472,0.003776521,0.94748,1.0,0.11154831936694057
Pre-B small,T proliferating,MIF,CD74,1.5376508,0.0,0.84935635,0.14778951124488837,-0.30566480793976636,0.0016738368,0.9231382,1.0,0.11154831936694057
Pre-B large,Dendritic cell,COPA,CD74,2.3732722,0.0,0.8480838,0.8851234402713971,1.110729019691008,0.008174535,0.923085,0.10574819378786751,0.11207149479678832
Monocyte classical,HSPC,MIF,CD74,1.4658793,0.0,1.0831792,0.14564094071426442,-0.30872630372159726,0.0021346346,0.93133366,1.0,0.11207149479678832
T activated,Plasmacytoid DC,COPA,CD74,2.324487,0.0,0.84268546,0.8600049592937465,1.1275144544554008,0.008122501,0.922858,0.10664278050655276,0.1131212008508085
B naive,HSPC,MIF,CD74,1.4644274,0.0,1.075925,0.14392919214273095,-0.336869408685572,0.0021203384,0.9311185,1.0,0.1131212008508085
T proliferating,HSPC,FAM3C,CLEC2D,0.11206296,1.0,0.012220502,-0.14491013674487088,-0.5473237924033654,0.0010853519,0.59027153,1.0,0.11330620830905606
Granulocyte precursor,Pre-B small,APP,CD74,2.1599169,0.0,0.8426452,0.8131411709445537,0.9357240558846031,0.0058965823,0.9228563,0.26773871183439524,0.11364771609511723
Pre-B large,B naive,COPA,CD74,2.3572333,0.0,0.8421186,0.8760003157925856,1.5532169570628738,0.008117038,0.92283404,0.10694223354946211,0.11417532450481782
Dendritic cell,Granulocyte precursor,MIF,CD74,1.4558425,0.0,1.8755035,0.3011031752379099,-0.3981379918523389,0.003696078,0.94694173,1.0,0.11470405300629388
Plasmacytoid DC,Dendritic cell,TNFSF13B,HLA-DPB1,1.8432565,0.0,0.8404507,1.0660232698057939,1.3897869869591994,0.010161954,0.9227634,0.05789331968041655,0.11523388692221279
T proliferating,NK,CLEC2B,KLRF1,1.4555714,0.0,1.8599706,1.8922592956474467,1.9621212524409608,0.08217834,0.9467324,0.0003204406144993294,0.11549921117463728
NK,T proliferating,KLRF1,CLEC2B,1.4555714,0.0,1.8599706,1.8922592956474467,1.9621212524409608,0.08217834,0.9467324,0.0003204406144993294,0.11549921117463728
Granulocyte precursor,Dendritic cell,COPA,CD74,2.3724113,0.0,0.84023017,0.883112231733857,1.1811257536807411,0.008098834,0.92275405,0.10814635662064478,0.11576482543344119
Erythroid early,CD4 T memory,TNFSF13B,HLA-DPB1,0.13431317,1.0,0.01229051,-0.37886605242953075,-1.3241464860567074,0.00014860551,0.5909622,1.0,0.11579116412462143
Pre-B large,CD4 T memory,FAM3C,HLA-C,1.5947593,0.0,0.83763355,0.5076959823952869,0.354240928998266,0.010315788,0.92264366,0.0592223408627599,0.1168299989328363
Platelet,HSPC,MIF,CD74,1.4465221,0.0,0.9864641,0.12281869693119205,-0.29326925275150995,0.0019440369,0.928282,1.0,0.11736424628622558
CD4 T memory,Monocyte classical,MIF,CD74,1.4448557,0.0,1.5733871,0.22342435077496725,-0.20238452949233654,0.0031006932,0.942352,1.0,0.11789959495841254
Erythroid early,HSPC,TNFSF13B,TFRC,0.13725269,0.691,0.012634363,0.017531073280777534,-0.2621222845701976,0.0011198571,0.5942928,1.0,0.11827469344597855
HSPC,CD8 T memory,MIF,CD74,1.4423091,0.0,2.0255866,0.3686293332075345,-0.3283808349634312,0.0039918483,0.9488427,1.0,0.11843604413026385
Granulocyte precursor,B naive,COPA,CD74,2.3563724,0.0,0.83432025,0.8739891072550455,1.6236136910526069,0.00804187,0.9225021,0.11027800531412817,0.11843604413026385
Dendritic cell,Monocyte non-classical,TNFSF13B,HLA-DPB1,1.42632,0.0,1.4176275,0.9372548630731175,0.9476559433579919,0.017140644,0.93945426,0.05789331968041655,0.11897359298264623
HSPC,Dendritic cell,COPA,CD74,2.3716393,0.0,0.8331885,0.8813089330281442,1.096092016182924,0.008030961,0.9224536,0.11058507928170308,0.11897359298264623
Dendritic cell,Pre-B small,TNFSF13B,HLA-DPB1,1.4217771,0.0,1.4118037,0.9336640564483616,0.9337772163665454,0.017070228,0.9393371,0.05789331968041655,0.11951222651934698
CD8 T memory,Monocyte non-classical,CCL5,CCR1,1.8740028,0.0,0.8309543,1.3266094312090755,1.6305845567496724,0.075441286,0.9223575,0.0009286981496930066,0.11951222651934698
Plasmacytoid DC,Pre-B small,COPA,CD74,2.1583972,0.0,0.8301387,0.7768172942227561,0.9191722708467547,0.008001565,0.92232233,0.11151014984760156,0.12005197224653133
Pre-B large,Plasmacytoid DC,COPA,CD74,2.322996,0.0,0.8293851,0.8565220000847611,1.0394971522742842,0.007994301,0.9222898,0.1121300796952198,0.12059281519686829
T proliferating,Plasmacytoid DC,GRN,TNFRSF1B,0.11528173,0.988,0.012785386,-0.15885534370484425,-0.4565496936284105,0.0005660008,0.5957246,1.0,0.1207568048381254
HSPC,B naive,COPA,CD74,2.3556004,0.0,0.8273281,0.8721858085493327,1.5385799535547897,0.007974474,0.92220074,0.11306481653544428,0.12113475455122438
Erythroid early,Granulocyte precursor,MIF,CD74,1.4132621,0.0,1.709459,0.25090015193899484,-0.42216137362829875,0.0033688515,0.9445641,1.0,0.12113475455122438
CD8 T cytotoxic,NK,HLA-E,KLRC1_KLRD1,1.4054506,0.0,1.3847697,1.175603992960916,1.290588710224328,0.046737928,0.9387839,0.0031090827015327516,0.12194971039505084
CD8 T cytotoxic,NK,HLA-E,KLRC1,1.4054506,0.0,1.3847697,1.175603992960916,1.290588710224328,0.046737928,0.9387839,0.0031090827015327516,0.12194971039505084
Platelet,HSPC,APP,CD74,1.4140179,0.0,0.82406205,0.5090941130844329,0.41687367753969373,0.0057665426,0.9220587,0.2848393804741512,0.12222190487429771
Monocyte non-classical,Dendritic cell,LILRB4,LAIR1,0.11962809,0.0,0.012825701,0.2826051764262214,0.13766500968023465,0.003994356,0.5961036,0.6446745929924848,0.12323748239505669
Granulocyte precursor,Plasmacytoid DC,COPA,CD74,2.322135,0.0,0.8217046,0.854510791547221,1.1098938862640173,0.00792027,0.9219557,0.11526859085152383,0.12331344524752788
HSPC,Plasmacytoid DC,COPA,CD74,2.321363,0.0,0.8148182,0.8527074928415082,1.0248601487662001,0.007853893,0.9216524,0.12042667536133839,0.12440935485425425
Granulocyte precursor,CD8 T memory,MIF,CD74,1.3910949,0.0,1.8539034,0.3082465999205331,-0.20369696756603195,0.0036535102,0.94664997,1.0,0.12495893160763649
Pre-B large,HSPC,SELL,SELPLG,0.12508129,1.0,0.012825916,-0.2671532950650163,-0.6920402706927451,0.00057201495,0.59610564,1.0,0.12571673468645683
Dendritic cell,T proliferating,APP,CD74,1.5304416,0.0,0.80943906,0.5392748044131666,0.031191006654304826,0.0056642145,0.92141294,0.6400739006196162,0.12606138272033934
HSPC,T proliferating,APP,CD74,1.5304223,0.0,0.8093325,0.5392269443282495,0.03923415704790442,0.005663469,0.9214082,0.6107667558610332,0.12661424100535074
NK,Monocyte non-classical,KLRF1,CLEC2B,1.3814337,0.0,1.5687261,1.7964261852171983,1.9738926895296065,0.0693104,0.94227135,0.0006361100613330402,0.12689107068921554
Monocyte non-classical,NK,CLEC2B,KLRF1,1.3814337,0.0,1.5687261,1.7964261852171983,1.9738926895296065,0.0693104,0.94227135,0.0006361100613330402,0.12689107068921554
Plasmacytoid DC,Monocyte classical,MIF,CD74,1.3794643,0.0,1.2906415,0.14632655120585739,-0.3547263585402938,0.0025434832,0.9367296,1.0,0.12772320432931117
T proliferating,Erythroid early,LTB,LTBR,0.19014713,1.0,0.012855587,-0.28672842430776024,-1.119436444622069,0.0015535479,0.59638375,1.0,0.12819457026327286
NK,Monocyte classical,MIF,CD74,1.3781261,0.0,1.2848561,0.1447492103565307,-0.18748915078221973,0.0025320814,0.9365964,1.0,0.12883652522525046
Monocyte non-classical,Monocyte non-classical,TNFSF13B,HLA-DPB1,1.3760402,0.0,1.1952238,0.8466183694306688,1.0185737629234612,0.014451543,0.93441504,0.05789331968041655,0.12995418258952468
HSPC,Plasmacytoid DC,TNFSF13B,HLA-DPB1,1.3744478,0.0,0.84947395,0.7514360086286159,0.6636876480826278,0.010271055,0.9231431,0.05789331968041655,0.1305146206492697
Monocyte non-classical,Erythroid early,ITGAL_ITGB2,F11R,0.14516376,0.0,0.012872615,0.2671841899976918,0.16814945707835716,0.010454676,0.5965431,0.3432312538841842,0.1306709732476055
Monocyte non-classical,Pre-B small,TNFSF13B,HLA-DPB1,1.3714974,0.0,1.1903137,0.843027562805913,1.004695035932015,0.014392175,0.9342888,0.05789331968041655,0.13107616986906712
Pre-B large,Pre-B small,APP,CD74,2.153821,0.0,0.79247546,0.7979501252293901,0.8657218276894798,0.0055455086,0.9206427,0.31672090922626545,0.13163877037220928
T proliferating,CD8 T memory,MIF,CD74,1.3677828,0.0,1.7757555,0.28076135618427295,-0.4874534677944673,0.0034995032,0.94555193,1.0,0.13220245083999677
B naive,Monocyte non-classical,CD52,SIGLEC10,1.6598828,0.0,0.78953546,1.0552442740814294,0.9314065568053276,0.057430614,0.9205068,0.014447747560643525,0.13276724018090313
Erythroid early,Erythroid late,TNFSF13B,TFRC,0.14079554,0.584,0.013048789,0.02599084560119208,-0.0909896815208549,0.0011565901,0.5981778,1.0,0.13314595219508404
CD8 T memory,Monocyte classical,MIF,CD74,1.356408,0.0,1.1909487,0.11914274202302359,-0.2703518069880202,0.002347017,0.9343052,1.0,0.13333307817745998
Erythroid late,Monocyte classical,MIF,CD74,1.3545223,0.0,1.1827954,0.1169194699687818,-0.1590030356190134,0.0023309493,0.9340941,1.0,0.13390002352228458
T proliferating,Granulocyte precursor,GRN,TNFRSF1B,0.11704142,0.987,0.013112058,-0.1555967104880636,-0.4315527759337238,0.0005804623,0.5987589,1.0,0.13561951564261676
CD8 T memory,NK,CLEC2B,KLRF1,1.3529178,0.0,1.456703,1.7595654141550816,2.0509622180206337,0.06436093,0.940223,0.000879615471264722,0.13589273156824788
NK,CD8 T memory,KLRF1,CLEC2B,1.3529178,0.0,1.456703,1.7595654141550816,2.0509622180206337,0.06436093,0.940223,0.000879615471264722,0.13589273156824788
B naive,NK,FAM3C,HLA-C,1.8746411,0.0,0.781634,0.6813512194004933,0.9650993479829653,0.0096261315,0.920138,0.06216207846195652,0.13617847452382997
T activated,Monocyte classical,MIF,CD74,1.3519362,0.0,1.1716133,0.1138703525181456,-0.34869074543870593,0.0023089126,0.93380105,1.0,0.13675079551502517
T activated,Pre-B small,COPA,CD74,2.152002,0.0,0.77750635,0.7618794715996049,0.9230150844575252,0.0074942503,0.9199433,0.13658269601503076,0.13732415903206147
Erythroid early,Monocyte non-classical,TNFSF13B,TFRC,0.14204249,0.54,0.01319465,0.028968348886927398,-0.14476403549303965,0.0011695186,0.599513,1.0,0.1380916477403861
NK,NK,KLRF1,CLEC2B,1.3499677,0.0,1.4451138,1.755751846120715,2.052665541925731,0.06384889,0.93999815,0.0009387265368823881,0.1387622853638479
NK,NK,CLEC2B,KLRF1,1.3499677,0.0,1.4451138,1.755751846120715,2.052665541925731,0.06384889,0.93999815,0.0009387265368823881,0.1387622853638479
T proliferating,Dendritic cell,COPA,CD74,2.364746,0.0,0.7703165,0.865208180698647,1.0819087573729815,0.007424949,0.9196005,0.14021985255827857,0.1390507072983276
Monocyte non-classical,Monocyte classical,MIF,CD74,1.3496275,0.0,1.1616306,0.11114824161382034,-0.3424791804918811,0.0022892396,0.93353605,1.0,0.14020709776485069
Pre-B small,HSPC,MIF,CD74,1.4024806,0.0,0.76641816,0.07089281179383919,-0.41370907691842085,0.0015103897,0.91941273,1.0,0.14020709776485069
Granulocyte precursor,Erythroid early,CXCL8,ACKR1,0.14424637,0.0,0.013269341,0.6426510986556563,-0.11444190894595146,0.056129906,0.6001904,0.4939661604682039,0.1405623651479756
Pre-B large,Pre-B small,COPA,CD74,2.150511,0.0,0.7652347,0.7583965123906194,0.8349977822764085,0.0073759663,0.91935545,0.1431814898698328,0.14078687975082063
T proliferating,NK,HLA-E,KLRC1,1.3491427,0.0,1.3130338,1.126035525963783,1.015711297039005,0.044316743,0.93723744,0.008891445836326277,0.14107717086723018
T proliferating,NK,HLA-E,KLRC1_KLRD1,1.3491427,0.0,1.3130338,1.126035525963783,1.015711297039005,0.044316743,0.93723744,0.008891445836326277,0.14107717086723018
T proliferating,B naive,COPA,CD74,2.3487072,0.0,0.76489836,0.8560850562198355,1.5243966947448473,0.0073727244,0.9193391,0.1435549660064123,0.1413677591693862
T proliferating,Erythroid early,GRN,TNFRSF1B,0.117954455,0.989,0.013281556,-0.15390603965089172,-0.5446338522273293,0.0005879659,0.60030085,1.0,0.14303165203427542
Granulocyte precursor,Pre-B small,COPA,CD74,2.14965,0.0,0.7581483,0.7563853038530793,0.9053945162661415,0.007307661,0.9190099,0.1473300432076454,0.14370183778301737
CD8 T cytotoxic,Monocyte classical,MIF,CD74,1.3428993,0.0,1.1325386,0.10321567896586986,-0.29625392533340045,0.0022319076,0.9327449,1.0,0.14370183778301737
Pre-B large,Erythroid early,GRN,TNFRSF1A,0.13276668,0.951,0.0132924635,-0.038862724179974065,-0.29338629519255033,0.0012890396,0.60039926,1.0,0.14549951693151694
CD8 T memory,NK,HLA-E,KLRC1_KLRD1,1.3418187,0.0,1.3037031,1.1195866332441387,1.2201879397594488,0.044001818,0.9370274,0.00392267600654979,0.14575814237075113
CD8 T memory,NK,HLA-E,KLRC1,1.3418187,0.0,1.3037031,1.1195866332441387,1.2201879397594488,0.044001818,0.9370274,0.00392267600654979,0.14575814237075113
T proliferating,Plasmacytoid DC,COPA,CD74,2.3144698,0.0,0.75333244,0.836606740512011,1.0106768899562577,0.0072612427,0.9187724,0.1488607321134936,0.1466433660294216
HSPC,Pre-B small,COPA,CD74,2.148878,0.0,0.7517945,0.7545820051473665,0.8203607787683245,0.0072464184,0.91869617,0.15079082987151723,0.1478274002900652
CD4 T memory,Granulocyte precursor,MIF,CD74,1.3387716,0.0,1.4189789,0.16307389542452455,-0.4305850625494718,0.0027963992,0.9394814,1.0,0.1478274002900652
Erythroid early,Pre-B large,NECTIN1,CD96,0.12588376,0.002,0.013326037,0.6811606121777053,-0.06186636138948365,0.011160385,0.60070187,1.0,0.14796596024925865
NK,CD8 T cytotoxic,KLRF1,CLEC2B,1.3382814,0.0,1.3992051,1.7406456867596634,2.014668896363049,0.061820522,0.9390812,0.0010867072428251956,0.14871820901191155
CD8 T cytotoxic,NK,CLEC2B,KLRF1,1.3382814,0.0,1.3992051,1.7406456867596634,2.014668896363049,0.061820522,0.9390812,0.0010867072428251956,0.14871820901191155
B naive,CD8 T cytotoxic,FAM3C,HLA-C,1.7928311,0.0,0.74538076,0.6124147586690775,0.8580027941425039,0.009179658,0.91837555,0.07141874249467049,0.14961136209998135
Erythroid early,T activated,TNFSF13B,HLA-DPB1,0.14351498,1.0,0.013366895,-0.3715919685153115,-1.2586685820656802,0.00016162015,0.601069,1.0,0.1504309823970591
CD4 T memory,Monocyte non-classical,CD52,SIGLEC10,1.5709748,0.0,0.74368435,0.9892768982276391,0.6670219253270342,0.054095414,0.91829014,0.05789331968041655,0.1508059548765524
T proliferating,Monocyte non-classical,CCL5,CCR1,1.6876472,0.0,0.74275315,1.2000380690439503,1.306924345014431,0.06743361,0.9182431,0.0020419387107863418,0.15140481539962491
CD4 T naive,Monocyte classical,MIF,CD74,1.3299185,0.0,1.076411,0.08791094375278938,-0.3875123320840629,0.0021212962,0.931133,1.0,0.15140481539962491
Monocyte non-classical,Dendritic cell,APP,CD74,2.3615277,0.0,0.74095917,0.8871612465304131,1.2037844734287573,0.005185013,0.91815233,0.2637204631332748,0.15200475961388002
Pre-B large,CD8 T memory,MIF,CD74,1.3294823,0.0,1.647363,0.23560413837091224,-0.3757579113074474,0.0032464783,0.94358736,1.0,0.15200475961388002
CD8 T cytotoxic,Erythroid early,ITGAL_ITGB2,F11R,0.15042022,0.0,0.01344673,0.2797265022492948,0.25771175505726235,0.010920951,0.6017827,0.299488495855891,0.15289459997375557
Platelet,NK,HLA-E,KLRC1,1.3254203,0.0,1.2828116,1.1051515859385257,1.5618098025510163,0.043296702,0.93654907,0.004185974597999779,0.15350917069378694
Platelet,NK,HLA-E,KLRC1_KLRD1,1.3254203,0.0,1.2828116,1.1051515859385257,1.5618098025510163,0.043296702,0.93654907,0.004185974597999779,0.15350917069378694
Monocyte non-classical,B naive,APP,CD74,2.3454888,0.0,0.7357475,0.8780381220516016,1.646272410800623,0.0051485435,0.9178867,0.24791653113733583,0.15562634815335902
T proliferating,Erythroid early,KLRF1,CLEC2B,0.13598655,1.0,0.013631785,-0.1658363952901184,-0.5087817041934304,0.0006022878,0.60341924,1.0,0.15658733092343446
Erythroid early,T proliferating,CLEC2B,KLRF1,0.13598655,1.0,0.013631785,-0.1658363952901184,-0.5087817041934304,0.0006022878,0.60341924,1.0,0.15658733092343446
Dendritic cell,CD8 T memory,MIF,CD74,1.3190147,0.0,1.6122727,0.22326247993902987,-0.5111293402243391,0.0031773255,0.9430116,1.0,0.15745128013521797
CD8 T cytotoxic,Monocyte classical,CCL5,CCR1,1.9009832,0.0,0.7322859,1.2912963158686965,1.6454268013009503,0.06648331,0.9177088,0.0011661352049106323,0.15806170122838903
NK,T activated,KLRF1,CLEC2B,1.3184327,0.0,1.321231,1.71498866211281,1.894462374297732,0.058375422,0.93742025,0.0013490177470129308,0.15836728695520047
T activated,NK,CLEC2B,KLRF1,1.3184327,0.0,1.321231,1.71498866211281,1.894462374297732,0.058375422,0.93742025,0.0013490177470129308,0.15836728695520047
Dendritic cell,HSPC,APP,CD74,1.3952715,0.0,0.7303987,0.4623781049621174,-0.07685326232434966,0.005111114,0.9176113,1.0,0.1586731333560727
HSPC,HSPC,APP,CD74,1.3952522,0.0,0.7303026,0.4623302448772003,-0.06881011193075007,0.0051104417,0.91760635,1.0,0.15928564000623027
HSPC,HSPC,FAM3C,CLEC2D,0.12013601,1.0,0.013733212,-0.12316459336217037,-0.5351871959012244,0.0012197018,0.60430586,1.0,0.16027688364130263
Monocyte non-classical,Plasmacytoid DC,APP,CD74,2.3112514,0.0,0.72462237,0.858559806343777,1.1325526060120334,0.0050706933,0.91731066,0.3178741031269578,0.16236368300285864
Platelet,Monocyte non-classical,RPS19,C5AR1,1.3000413,1.0,1.1240227,-1.2460143705758038,-0.1269852785735569,0.014926845,0.93250775,1.0,0.16236368300285864
Monocyte non-classical,Erythroid early,LTB,LTBR,0.20299433,1.0,0.0138191935,-0.2772781341875806,-1.0259952933344871,0.0016699961,0.6050518,1.0,0.16273480607344906
Monocyte classical,T proliferating,TNFSF13B,HLA-DPB1,1.2988547,0.0,1.492914,0.9464599960033211,1.0536864022391397,0.018050937,0.94090927,0.05789331968041655,0.16360214175154447
Monocyte classical,Monocyte classical,MIF,CD74,1.2977684,0.0,0.93739706,0.05000479693661894,-0.38766558451450717,0.0018473399,0.926565,1.0,0.1642229578090053
B naive,CD8 T memory,FAM3C,HLA-C,1.7342504,0.0,0.7194214,0.5630521688719486,0.7605835243559718,0.0088599585,0.91703707,0.08069747049719499,0.1642229578090053
Erythroid early,Erythroid early,GAL,HLA-DPA1,0.12096439,1.0,0.014345856,0.7263244994202858,-0.9626380590996436,0.0033779538,0.6095119,1.0,0.1651913097930086
Pre-B large,Monocyte non-classical,FAM3C,HLA-C,1.384647,0.0,0.7162878,0.3306416664661063,0.11136982120917446,0.008821367,0.91687083,0.41844930207093073,0.16546766139472555
B naive,Monocyte classical,MIF,CD74,1.2963164,0.0,0.9311191,0.04829304836508548,-0.41580868947848193,0.0018349678,0.9263361,1.0,0.16609154717595478
CD8 T memory,Monocyte classical,CCL5,CCR1,1.8574287,0.0,0.71455926,1.261715555261297,1.6498829747726107,0.06487393,0.91677874,0.001361839275588651,0.16609154717595478
Pre-B large,T activated,FAM3C,HLA-C,1.3765353,0.0,0.71160305,0.3238073863002482,0.06751506287786022,0.008763673,0.91662043,0.5298537393522226,0.16734244823647348
Dendritic cell,Pre-B large,ALOX5,ALOX5AP,0.120300904,1.0,0.014462729,-0.011296120643118135,-0.3897546169793812,0.002628789,0.6104771,1.0,0.16764641134284852
T proliferating,Monocyte non-classical,CD99,PILRA,1.2843426,0.0,1.2950404,1.5814244874528978,1.3038212115142311,0.059037294,0.9368304,0.0014673118357431977,0.1698565811281878
Monocyte non-classical,HSPC,SELL,SELPLG,0.13773096,1.0,0.0146470405,-0.25329197769508804,-0.584922792994192,0.00065323414,0.6119817,1.0,0.1701000788565911
HSPC,Monocyte non-classical,TNFSF13B,HLA-DPB1,1.2832426,0.0,0.78475034,0.6793374870853671,0.6978990783775215,0.009488476,0.9202841,0.06479720576890947,0.1704877102353123
HSPC,Pre-B small,TNFSF13B,HLA-DPB1,1.2786998,0.0,0.7815265,0.6757466804606113,0.6840203513860751,0.009449497,0.92013294,0.06625035055293793,0.17175301480396665
T proliferating,Pre-B small,COPA,CD74,2.141985,0.0,0.6950645,0.7384812528178694,0.806177519958382,0.0066996077,0.9157174,0.18656438897110694,0.17175301480396665
Pre-B large,CD4 T naive,LCK,CD8A_CD8B,0.14130864,1.0,0.0148538435,-0.19551966639193064,-0.5558773794946226,0.0008131835,0.61364496,1.0,0.17255232888642524
Platelet,Monocyte classical,MIF,CD74,1.2784111,0.001,0.85369855,0.027182553153546576,-0.37220853354441985,0.0016823942,0.9233189,1.0,0.17302238650149804
B naive,T proliferating,FAM3C,HLA-C,1.6743326,0.0,0.6928694,0.5125605299320096,0.5397534693448895,0.008532961,0.9155953,0.0924542954692489,0.17365864141546958
Erythroid early,CD8 T memory,MIF,CD74,1.2764343,0.0,1.4695327,0.17305945664011477,-0.535152722000299,0.002896026,0.9404689,1.0,0.17365864141546958
Plasmacytoid DC,Granulocyte precursor,MIF,CD74,1.2733802,0.0,1.1639812,0.08597609585541469,-0.582926891597429,0.0022938722,0.93359876,1.0,0.17429588552780712
NK,Granulocyte precursor,MIF,CD74,1.2720422,0.0,1.1587635,0.08439875500608801,-0.415689683839355,0.0022835894,0.9334594,1.0,0.1749341514497043
B naive,HSPC,LGALS9,SLC1A5,0.13052627,0.0,0.01486576,0.14536445567859568,0.06793462448549047,0.002315075,0.61374,1.0,0.1750031618419094
CD4 T memory,NK,HLA-E,KLRC1,1.2701999,0.0,1.2124612,1.056539117978078,1.0092248114592923,0.040922277,0.9348525,0.009613276304164154,0.17589349810578228
CD4 T memory,NK,HLA-E,KLRC1_KLRD1,1.2701999,0.0,1.2124612,1.056539117978078,1.0092248114592923,0.040922277,0.9348525,0.009613276304164154,0.17589349810578228
CD8 T cytotoxic,Monocyte non-classical,CD52,SIGLEC10,1.4623772,0.0,0.68767893,0.9087006949017187,0.7089104585843491,0.050021593,0.91530424,0.052106541437967384,0.17621377914473127
Plasmacytoid DC,NK,APP,CD74,1.2667829,0.0,1.5641432,1.519971977792311,0.1641372401184673,0.010945411,0.9421917,0.28797721241812285,0.1768551393868933
HSPC,Dendritic cell,SEMA4D,PLXNB2,0.12706119,0.0,0.01511245,0.21986422647833292,-0.017753976589098844,0.0070950077,0.61568904,0.8177947360129092,0.1774525781326023
NK,Monocyte non-classical,CCL5,CCR1,1.5660217,0.0,0.68518835,1.1174319048476,1.4820005977611668,0.06220738,0.9151635,0.0037449784343693633,0.17814084725408175
NK,Dendritic cell,KLRF1,CLEC2B,1.2521874,0.0,1.0609908,1.629357249926216,1.6073160458809497,0.04687734,0.9306689,0.002935332247992591,0.1791078318019716
Dendritic cell,NK,CLEC2B,KLRF1,1.2521874,0.0,1.0609908,1.629357249926216,1.6073160458809497,0.04687734,0.9306689,0.002935332247992591,0.1791078318019716
Pre-B large,CD4 T naive,FAM3C,HLA-C,1.3278598,0.0,0.6834915,0.2827889147914986,-0.0013870543439331862,0.0084174685,0.91506726,0.7484347086771332,0.17943065666783536
Dendritic cell,HSPC,LTB,LTBR,0.12967458,1.0,0.015180244,-0.21108137744591915,-1.2089152124928209,0.0018344739,0.61621845,1.0,0.17990059425480381
CD8 T memory,Granulocyte precursor,MIF,CD74,1.2503239,0.0,1.074072,0.05879228667258089,-0.4985523400451555,0.0021166867,0.9310632,1.0,0.1800771017595314
T proliferating,Monocyte non-classical,CD52,SIGLEC10,1.448168,0.0,0.6803511,0.8981588276107685,0.53736209806809,0.049488567,0.9148881,0.05789331968041655,0.18137296650451423
Pre-B large,Dendritic cell,FAM3C,HLA-C,1.3121452,0.0,0.67441595,0.2695478839140937,-0.14108113030465044,0.0083057,0.9145463,1.0,0.1820224526655271
Erythroid late,Granulocyte precursor,MIF,CD74,1.2484384,0.0,1.0667188,0.05656901461833911,-0.3872035686761487,0.002102196,0.9308424,1.0,0.1820224526655271
B naive,Dendritic cell,LGALS9,SLC1A5,0.13151766,0.0,0.015216953,0.1505739853903178,0.0749573329522188,0.0023697668,0.616504,1.0,0.18234717843528456
Dendritic cell,Pre-B large,COPA,CD74,1.7109882,0.0,0.6731559,0.5291965561905244,0.1352676451792957,0.0064884345,0.91447324,0.36081055761903336,0.1826729166807583
Monocyte classical,Pre-B large,TNFSF13B,HLA-DPB1,1.2463968,0.0,1.4028672,0.904991621649545,0.9365963243802263,0.016962176,0.93915594,0.05789331968041655,0.1826729166807583
Platelet,Monocyte classical,APP,CD74,1.245907,0.0,0.7131537,0.41345796930678735,0.3379343967467838,0.004990439,0.9167036,0.4004012294080835,0.18332442614333172
Erythroid early,Pre-B large,COPA,CD74,1.7109388,0.0,0.6728385,0.5290812171027598,0.08795847890322653,0.0064853746,0.91445476,0.48087868878952905,0.18332442614333172
T activated,Granulocyte precursor,MIF,CD74,1.2458522,0.0,1.0566341,0.053519897167702904,-0.5768912784958412,0.0020823218,0.93053603,1.0,0.18397691171550548
Plasmacytoid DC,HSPC,LGALS9,SLC1A5,0.13293272,0.014,0.015269698,0.15014314067791745,0.026512475950626543,0.0023779809,0.61691296,1.0,0.18479234717965243
Pre-B small,NK,HLA-E,KLRC1_KLRD1,1.2456857,0.0,1.1812303,1.0349587785549017,1.1461216353269554,0.03986819,0.9340533,0.007090666725913357,0.18495756709252648
NK,NK,HLA-E,KLRC2_KLRD1,1.3247119,0.0,0.6712703,0.8099704968357837,1.039185783432252,0.038603727,0.9143635,0.03962511098156465,0.18495756709252648
NK,NK,HLA-E,KLRC2,1.3247119,0.0,0.6712703,0.8099704968357837,1.039185783432252,0.038603727,0.9143635,0.03962511098156465,0.18495756709252648
Pre-B small,NK,HLA-E,KLRC1,1.2456857,0.0,1.1812303,1.0349587785549017,1.1461216353269554,0.03986819,0.9340533,0.007090666725913357,0.18495756709252648
Plasmacytoid DC,B naive,TNFSF13B,HLA-DPB1,1.4928952,0.0,0.6693698,0.7890578854714017,1.1776335020720132,0.008093402,0.9142524,0.1084489695358165,0.18594045679344795
Monocyte non-classical,Granulocyte precursor,MIF,CD74,1.2435434,0.0,1.0476311,0.050797786263377644,-0.5706797135490164,0.0020645794,0.9302589,1.0,0.18659701014824226
T proliferating,CD4 T memory,GRN,TNFRSF1B,0.12891924,0.975,0.015317078,-0.13360119953128796,-0.41220340634989777,0.0006780771,0.617279,1.0,0.1872361008974661
Monocyte non-classical,Pre-B small,APP,CD74,2.1387665,0.0,0.6685751,0.7604343186496354,0.9280532360141577,0.0046784906,0.91420585,0.4626311160681177,0.18725453525186872
Granulocyte precursor,T proliferating,TNFSF13B,HLA-DPB1,1.240063,0.0,1.288385,0.8404792261270777,0.6592681802062683,0.015577962,0.93667775,0.05789331968041655,0.1892331746158522
Erythroid early,Monocyte non-classical,CD52,SIGLEC10,0.1590647,1.0,0.015541596,-0.058319498861988395,-1.5587176461591086,0.0011304918,0.6189964,1.0,0.18967843999828415
CD8 T cytotoxic,Granulocyte precursor,MIF,CD74,1.2368152,0.001,1.021394,0.04286522361542716,-0.5244544583905357,0.0020128738,0.9294317,1.0,0.1898947513842109
Pre-B small,Monocyte classical,MIF,CD74,1.2343698,0.0,0.66326797,-0.02474333198380628,-0.49264835771133075,0.0013071103,0.91389275,1.0,0.19055729554171047
HSPC,Erythroid early,GRN,TNFRSF1A,0.14978203,0.864,0.015570124,-0.013533297855843287,-0.29049571901757965,0.0015099163,0.6192126,1.0,0.19211936489166512
NK,T proliferating,HLA-E,KLRC1,1.3223495,0.0,0.66009307,0.7065063567121663,0.7755729574479555,0.02227907,0.9137038,0.05789331968041655,0.19288411526233395
NK,T proliferating,HLA-E,KLRC1_KLRD1,1.3223495,0.0,0.66009307,0.7065063567121663,0.7755729574479555,0.02227907,0.9137038,0.05789331968041655,0.19288411526233395
HSPC,Plasmacytoid DC,BST2,LILRA4,1.2305233,0.0,1.4065984,4.427216192115572,1.749961958589447,0.10242537,0.93923175,0.0001031957939447065,0.19321754746118555
Dendritic cell,Monocyte classical,ANXA1,FPR1,1.230073,0.0,0.8125313,1.1076643394560193,1.215899271924196,0.0679039,0.92155087,0.004000491132460959,0.19388509019497852
Granulocyte precursor,Pre-B large,APP,CD74,1.7086,0.0,0.6578121,0.5563924795654484,0.2176595959560331,0.0046031745,0.91356725,0.4818050139511325,0.19455363016575233
Plasmacytoid DC,Dendritic cell,LGALS9,SLC1A5,0.1339241,0.019,0.015630433,0.15535267038963957,0.03353518441735488,0.002434159,0.61966825,1.0,0.19455889201811682
Plasmacytoid DC,Pre-B large,COPA,CD74,1.7070804,0.0,0.6480489,0.5200686028436508,0.2011078109181847,0.0062464317,0.912975,0.2278255376478844,0.19656529598911415
T proliferating,Dendritic cell,FASLG,TNFRSF10B,0.12993613,0.0,0.015731733,0.7505789939027212,0.2202840183038821,0.097764306,0.6204293,0.19208503444659608,0.19699698971601032
Dendritic cell,Monocyte non-classical,COPA,CD74,1.6454906,0.0,0.64570624,0.49193521020739367,0.19914340494246177,0.0062238523,0.91283107,0.23048004548703857,0.19858587258875918
Dendritic cell,Dendritic cell,FAM3C,LAMP1,0.1326257,1.0,0.01615554,-0.07728785906445844,-0.2898743556244357,0.0013746504,0.6235543,1.0,0.1994336744351452
Erythroid early,Monocyte non-classical,COPA,CD74,1.6454413,0.0,0.6454018,0.491819871119629,0.1518342386663926,0.0062209168,0.9128123,0.3140225568895969,0.19993789457794464
CD4 T naive,Granulocyte precursor,MIF,CD74,1.2238345,0.001,0.97077477,0.02756048840234667,-0.6157128651411982,0.0019131177,0.9277465,1.0,0.20129384053134736
B naive,CD4 T memory,FAM3C,HLA-C,1.5611621,0.0,0.64271915,0.4171984144798422,0.4672739492975573,0.007915339,0.9126464,0.1155860256815424,0.20129384053134736
Erythroid early,CD8 T cytotoxic,IL7,IL2RG_IL7R,0.21702275,0.799,0.016541084,0.14160844872285,-0.013180082637031902,0.017019223,0.6263183,1.0,0.20186894658508017
T proliferating,Monocyte classical,CCL5,CCR1,1.6710731,0.0,0.63871276,1.1351441930961719,1.3262227630373693,0.057987925,0.91239685,0.002871857027853558,0.2019733320148719
Monocyte non-classical,Monocyte non-classical,CD52,SIGLEC10,1.3645507,0.0,0.63722837,0.8361170475025498,0.5526757709598951,0.046351835,0.9123038,0.05789331968041655,0.20265377520157402
Monocyte non-classical,NK,HLA-E,KLRC1_KLRD1,1.2225976,0.0,1.1518161,1.01463293734513,0.9777844586293101,0.03887542,0.93327236,0.011374144085406674,0.20367632546619419
Monocyte non-classical,NK,HLA-E,KLRC1,1.2225976,0.0,1.1518161,1.01463293734513,0.9777844586293101,0.03887542,0.93327236,0.011374144085406674,0.20367632546619419
Dendritic cell,T proliferating,CCL3,CCR5,0.1371536,0.001,0.016672023,0.5622163267060697,-0.09771020615966439,0.028480519,0.6272405,1.0,0.20430280657537364
HSPC,NK,CLEC2B,KLRF1,1.2224306,0.0,0.9440936,1.5908925588616394,1.5310458044682007,0.041712515,0.92680687,0.00498407825932711,0.2050431623471424
NK,HSPC,KLRF1,CLEC2B,1.2224306,0.0,0.9440936,1.5908925588616394,1.5310458044682007,0.041712515,0.92680687,0.00498407825932711,0.2050431623471424
Dendritic cell,Monocyte classical,APP,CD74,1.2271606,0.0,0.6320963,0.36674196118447194,-0.15579254311725957,0.004423223,0.9119798,1.0,0.20538547767801849
HSPC,Monocyte classical,APP,CD74,1.2271413,0.0,0.63201314,0.36669410109955486,-0.14774939272365997,0.004422641,0.9119745,1.0,0.20607084572177026
CD4 T memory,NK,CLEC2B,KLRF1,1.2202243,0.0,0.9354259,1.5880404237961714,1.6822359301429683,0.041329548,0.9264934,0.005291516874693981,0.20641389822987882
NK,CD4 T memory,KLRF1,CLEC2B,1.2202243,0.0,0.9354259,1.5880404237961714,1.6822359301429683,0.041329548,0.9264934,0.005291516874693981,0.20641389822987882
HSPC,Dendritic cell,HLA-F,LILRB2,0.13061789,1.0,0.016774302,-0.058519185722742756,-0.41122173141971774,0.0021184632,0.6279552,1.0,0.2067352548155844
Granulocyte precursor,Monocyte non-classical,APP,CD74,1.6431025,0.0,0.6309881,0.5191311335823177,0.2815353557191992,0.0044154683,0.91190934,0.5268735522824726,0.20744456464127253
Platelet,Monocyte classical,RPS19,C5AR1,1.2178745,1.0,0.7867398,-1.4805777206809156,-0.09992586057138231,0.01044778,0.9203769,1.0,0.20744456464127253
Monocyte non-classical,T proliferating,TNFSF10,RIPK1,0.14635664,0.0,0.016846955,0.4287278852405906,0.2522535963840964,0.026926689,0.62845993,0.14581118945952853,0.20916630769052497
CD4 T memory,CD8 T memory,MIF,CD74,1.2019438,0.0,1.2198223,0.08523320012564449,-0.543576410921472,0.0024039184,0.93503654,1.0,0.2102037668093264
Pre-B large,Plasmacytoid DC,FAM3C,HLA-C,1.2232215,0.41,0.62306005,0.1946161672799515,-0.1353873112454669,0.007673231,0.91140014,1.0,0.21089599526089117
Monocyte classical,Granulocyte precursor,MIF,CD74,1.1916842,0.038,0.84540325,-0.01034565841382376,-0.6158661175716424,0.0016660467,0.9229725,1.0,0.21158920047228796
Erythroid early,Dendritic cell,IL15RA,AXL,0.13114741,0.0,0.016898593,1.3608741627497047,0.28794875048136936,0.21807908,0.62881714,0.029611144998208407,0.21159593364997273
Plasmacytoid DC,Monocyte non-classical,COPA,CD74,1.6415828,0.0,0.621623,0.48280725686052,0.26498357068135076,0.005991718,0.91130686,0.25485214913661564,0.21228341815520507
B naive,Granulocyte precursor,MIF,CD74,1.1902324,0.04,0.8397414,-0.012057406985357219,-0.6440092225356172,0.0016548886,0.9227333,1.0,0.21228341815520507
Dendritic cell,T proliferating,TNFSF13B,HLA-DPB1,1.1902059,0.0,1.1149395,0.7506049261524214,0.3945885624294952,0.013480819,0.932252,0.05789331968041655,0.21297857448031715
Platelet,Erythroid early,SELP,SELPLG,0.18443681,0.0,0.01691407,2.368888732433459,0.46855066129559164,0.017971491,0.62892395,0.05789331968041655,0.2140241490880163
Granulocyte precursor,Pre-B large,TNFSF13B,HLA-DPB1,1.1876049,0.0,1.2106746,0.7990108517733017,0.5421781023473549,0.014638361,0.93480754,0.05789331968041655,0.21437184590362363
Pre-B large,Pre-B large,APP,CD74,1.7025042,0.0,0.618647,0.5412014338502847,0.14765736776090982,0.0043291086,0.9111127,0.548001232983882,0.21506992273040595
Erythroid late,HSPC,LGALS9,SLC1A5,0.14278,0.0,0.016922634,0.16969751538749833,0.11677159501593935,0.0026353959,0.628983,1.0,0.21645095441421414
Plasmacytoid DC,CD8 T cytotoxic,APP,CD74,1.1854846,0.0,1.325408,1.4737218936751872,0.05448808856357368,0.009274813,0.93751276,0.44278777966698024,0.2164690279385636
Dendritic cell,Plasmacytoid DC,BST2,LILRA4,1.1843797,0.0,1.2627661,4.362064387833775,1.6182380050612557,0.09195182,0.9360795,0.00018322621491082076,0.21717001789513915
CD8 T cytotoxic,NK,HLA-E,KLRC2_KLRD1,1.2288299,0.0,0.6168563,0.7255614176877189,0.8827981695673477,0.03547446,0.9109953,0.05789331968041655,0.2175209133592966
CD8 T cytotoxic,NK,HLA-E,KLRC2,1.2288299,0.0,0.6168563,0.7255614176877189,0.8827981695673477,0.03547446,0.9109953,0.05789331968041655,0.2175209133592966
T proliferating,HSPC,LGALS9,SLC1A5,0.14301915,0.14,0.016962776,0.17017240148147422,-0.03397155423818453,0.0026416474,0.62925947,1.0,0.21887635003812483
Pre-B large,Pre-B small,FAM3C,HLA-C,1.2063054,0.666,0.6132905,0.18036164739731841,-0.006793207817941155,0.007552915,0.91076,1.0,0.21998373759605588
CD8 T cytotoxic,HSPC,LTB,LTBR,0.14142355,1.0,0.017277114,-0.20243894828512676,-1.1539165451561852,0.0020878725,0.6313987,1.0,0.22130033636930693
T activated,Pre-B large,COPA,CD74,1.7006853,0.0,0.6069613,0.5051307802204995,0.20495062452895527,0.005850396,0.9103375,0.27436224116752594,0.22281291589743718
Plasmacytoid DC,NK,CLEC2B,KLRF1,1.1744788,0.0,0.75571823,1.5289081402453943,1.5401583792550229,0.033389598,0.91889036,0.013331948477580157,0.2231676381768612
NK,Plasmacytoid DC,KLRF1,CLEC2B,1.1744788,0.0,0.75571823,1.5289081402453943,1.5401583792550229,0.033389598,0.91889036,0.013331948477580157,0.2231676381768612
Erythroid late,Dendritic cell,LGALS9,SLC1A5,0.14377138,0.001,0.01732242,0.17490704509922045,0.12379430348266769,0.0026976552,0.6317034,1.0,0.22372292973697483
CD8 T cytotoxic,T proliferating,HLA-E,KLRC1_KLRD1,1.2264674,0.0,0.6065851,0.6220972775641015,0.6191853435830512,0.020473102,0.9103122,0.05789331968041655,0.2238778044526964
CD8 T cytotoxic,T proliferating,HLA-E,KLRC1,1.2264674,0.0,0.6065851,0.6220972775641015,0.6191853435830512,0.020473102,0.9103122,0.05789331968041655,0.2238778044526964
T proliferating,Dendritic cell,LGALS9,SLC1A5,0.14401053,0.139,0.017363511,0.17538193119319634,-0.02694884577145619,0.0027040544,0.6319789,1.0,0.22614409870211877
Platelet,Granulocyte precursor,MIF,CD74,1.172327,0.261,0.76991874,-0.033167902196896124,-0.6004090666015551,0.0015172883,0.91958135,1.0,0.2278009610263102
Pre-B large,B naive,FAM3C,HLA-C,1.1821854,0.996,0.5993605,0.16003702763432748,-0.12292050712244243,0.007381362,0.90982187,1.0,0.2278009610263102
HSPC,T proliferating,HLA-F,KIR3DL2,0.13412616,1.0,0.017571973,0.15046469847332444,-0.263334211119159,0.0059853573,0.6333657,1.0,0.22856385960321263
Pre-B large,Pre-B large,COPA,CD74,1.6991942,0.0,0.5973815,0.5016478210115141,0.11693332234783865,0.005758058,0.9096861,0.4028272839466377,0.22995311119261913
Pre-B large,Monocyte non-classical,APP,CD74,1.6370066,0.0,0.5934201,0.5039400878671539,0.21153312752407588,0.004152578,0.90941244,0.600860404157569,0.2306723798634876
Dendritic cell,Dendritic cell,ITGAL_ITGB2,ICAM1,0.13275832,0.0,0.01762436,0.2990520660797226,0.042196347801295275,0.013733648,0.6337113,0.599767185601966,0.23098221284981496
Pre-B large,Platelet,FAM3C,HLA-C,1.1716521,0.776,0.5932772,0.1511610353733884,0.21461685704508168,0.007306444,0.9094025,1.0,0.23139260235978992
T activated,NK,HLA-E,KLRC1,1.1671388,0.0,1.0811622,0.9658112129674052,0.9082929403358944,0.03649075,0.931274,0.016923513050593288,0.2324747607099638
T activated,NK,HLA-E,KLRC1_KLRD1,1.1671388,0.0,1.0811622,0.9658112129674052,0.9082929403358944,0.03649075,0.931274,0.016923513050593288,0.2324747607099638
Granulocyte precursor,Pre-B large,COPA,CD74,1.6983333,0.0,0.59184945,0.49963661247397395,0.18733005633757163,0.0057047354,0.9093032,0.29114089834974,0.2328359435521862
T proliferating,Erythroid early,ITGAL_ITGB2,F11R,0.18868934,0.0,0.017626517,0.3710398818927489,0.20277180657069138,0.014315624,0.63372546,0.21845876050343116,0.2333991588514845
NK,Monocyte classical,CCL5,CCR1,1.5494475,0.0,0.58921134,1.0525380288998214,1.501299015784105,0.05349375,0.90911883,0.006045037351030331,0.23573403640249305
T proliferating,Plasmacytoid DC,BST2,LILRA4,1.1643097,0.0,1.2002065,4.333726844466319,1.5763275892049893,0.08739637,0.9345424,0.0002273260829149914,0.23573403640249305
T proliferating,Dendritic cell,GRN,TNFRSF1A,0.1415636,0.636,0.017664397,0.08233972226447037,-0.2541687429869992,0.001713009,0.6339746,1.0,0.23581471389117747
HSPC,Pre-B large,COPA,CD74,1.6975611,0.0,0.5868894,0.4978333137682611,0.10229631883975449,0.005656926,0.9089556,0.4422939635455864,0.23718877495427018
Dendritic cell,B naive,FAM3C,LAMP1,0.14243004,1.0,0.018013598,-0.06192338708607836,-0.17458789162372873,0.0015327499,0.63624287,1.0,0.2382288466224135
T proliferating,NK,HLA-E,KLRC2_KLRD1,1.172522,0.0,0.584901,0.6759929506905858,0.6079207563820246,0.03363676,0.908815,0.05789331968041655,0.24047572117162874
T proliferating,NK,HLA-E,KLRC2,1.172522,0.0,0.584901,0.6759929506905858,0.6079207563820246,0.03363676,0.908815,0.05789331968041655,0.24047572117162874
Erythroid early,CD4 T naive,IL7,IL2RG_IL7R,0.23466569,0.0,0.018030673,0.19467949840039478,0.03409315796624541,0.012824325,0.63635254,0.6264194814617368,0.2406415733373951
Plasmacytoid DC,Plasmacytoid DC,TNFSF13B,HLA-DPB1,1.3191105,0.0,0.584511,0.6516824763326877,0.6452047927893125,0.007067367,0.90878737,0.1611316438007903,0.24157564188225764
T proliferating,T proliferating,TNF,FAS,0.13654059,0.0,0.018166754,0.47361773666526263,0.16826020185595034,0.03670615,0.63722205,0.2792559844340588,0.24305289444568093
Plasmacytoid DC,Plasmacytoid DC,BST2,LILRA4,1.1465734,0.0,1.1449214,4.308684418932495,1.7236875671125107,0.083370626,0.9330852,0.0002603186081094182,0.24378179762833152
CD8 T cytotoxic,T proliferating,HLA-B,KIR3DL2,1.9650438,0.0,0.58357286,0.7483027359510095,0.7021452265600752,0.022473339,0.9087208,0.05789331968041655,0.24378179762833152
Erythroid early,Granulocyte precursor,GRN,TNFRSF1A,0.13630679,0.996,0.018369967,0.01451292577182145,-0.2770274786463844,0.0017814316,0.63850677,1.0,0.2454628103568295
T activated,Monocyte non-classical,COPA,CD74,1.6351877,0.0,0.58221096,0.46786943423736876,0.26882638429212136,0.005611832,0.9086239,0.308014326433632,0.24599640540776727
CD4 T naive,NK,HLA-E,KLRC1,1.1442727,0.0,1.0520308,0.9456816496922618,0.9063219023521014,0.035507523,0.93039477,0.01719187609661845,0.24636635930854633
CD4 T naive,NK,HLA-E,KLRC1_KLRD1,1.1442727,0.0,1.0520308,0.9456816496922618,0.9063219023521014,0.035507523,0.93039477,0.01719187609661845,0.24636635930854633
CD8 T memory,NK,HLA-E,KLRC2_KLRD1,1.165198,0.0,0.5807445,0.6695440579709414,0.8123973991024684,0.03339773,0.9085191,0.05789331968041655,0.24710689138233005
CD8 T memory,NK,HLA-E,KLRC2,1.165198,0.0,0.5807445,0.6695440579709414,0.8123973991024684,0.03339773,0.9085191,0.05789331968041655,0.24710689138233005
NK,Erythroid early,ITGAL_ITGB2,F11R,0.19606577,0.0,0.018432178,0.3886405502782688,0.3963502938672963,0.014969953,0.6388969,0.10875221708110094,0.24787132148039942
Dendritic cell,T proliferating,COPA,CD74,1.4890285,0.0,0.5801338,0.4029257495637479,-0.08973071150460962,0.00559181,0.9084754,1.0,0.24821948214546474
Monocyte non-classical,T proliferating,TNFSF13B,HLA-DPB1,1.1399262,0.0,0.9400228,0.6599684325099728,0.46550638199496464,0.011365889,0.9266602,0.05789331968041655,0.2489623512225978
Erythroid early,T proliferating,COPA,CD74,1.4889791,0.0,0.5798602,0.4028104104759832,-0.1370398777806788,0.005589173,0.9084558,1.0,0.24970615364801574
Monocyte classical,NK,CLEC2B,KLRF1,1.1398488,0.0,0.61967677,1.4841439992075776,1.5778270786868287,0.027378934,0.9111801,0.018369277033388635,0.25007844377397237
NK,Monocyte classical,KLRF1,CLEC2B,1.1398488,0.0,0.61967677,1.4841439992075776,1.5778270786868287,0.027378934,0.9111801,0.018369277033388635,0.25007844377397237
Erythroid early,T proliferating,TGFB1,TGFBR3,0.13902631,0.638,0.018629137,0.1302568156927787,-0.2279148268822257,0.003931131,0.64012206,1.0,0.2502784440439265
Platelet,Granulocyte precursor,APP,CD74,1.1398228,0.0,0.6431666,0.35310751395634465,0.10973386368964855,0.00450069,0.9126741,0.5044410820875481,0.25119659450450915
Erythroid early,B naive,TNFSF13B,CD40,0.19130516,0.0,0.018957164,0.3328328507453988,0.18252518324358402,0.0078224465,0.64213014,0.2531316344455154,0.25268414681178775
Dendritic cell,Pre-B large,TNFSF13B,HLA-DPB1,1.137748,0.0,1.0476906,0.7091365517986452,0.27749848457058174,0.012667709,0.9302608,0.11622286178244873,0.25269075912095973
HSPC,NK,MIF,CD74,1.1368968,0.584,1.2874084,0.19488451555980618,-0.7626442006641985,0.0025371113,0.9366553,1.0,0.25418864094430077
T proliferating,T proliferating,HLA-E,KLRC1_KLRD1,1.1701596,0.0,0.5751618,0.5725288105669685,0.3443079303977281,0.019412523,0.9081169,0.06656489172402259,0.25456368158154086
T proliferating,T proliferating,HLA-E,KLRC1,1.1701596,0.0,0.5751618,0.5725288105669685,0.3443079303977281,0.019412523,0.9081169,0.06656489172402259,0.25456368158154086
Plasmacytoid DC,CD8 T memory,MIF,CD74,1.1365523,0.596,1.000614,0.008135400556534627,-0.6959182399694293,0.0019719223,0.9287546,1.0,0.25493895402006594
Monocyte non-classical,Erythroid early,ITGAL_ITGB2,ICAM3,0.1583307,1.0,0.019079955,-0.11337455351107642,-0.48487132447001513,0.0010379056,0.6428716,1.0,0.25508844602074865
NK,CD8 T memory,MIF,CD74,1.1352143,0.634,0.99612856,0.006558059707207955,-0.5286810322113552,0.0019630827,0.9286059,1.0,0.2564423993180467
Pre-B large,Monocyte non-classical,COPA,CD74,1.6336967,0.0,0.5730217,0.46438647502838337,0.18080908211100472,0.0055232584,0.90796125,0.3194366142448447,0.2564423993180467
Erythroid early,Pre-B small,PTPRC,CD22,0.16120443,1.0,0.0192189,-0.19698675739209998,-0.7544478140907649,0.0010189504,0.6437041,1.0,0.25749134208036806
Platelet,NK,HLA-E,KLRC2_KLRD1,1.1487995,0.0,0.57143825,0.6551090106653286,1.154019261894036,0.03286254,0.90784556,0.05789331968041655,0.25832689953172083
Platelet,NK,HLA-E,KLRC2,1.1487995,0.0,0.57143825,0.6551090106653286,1.154019261894036,0.03286254,0.90784556,0.05789331968041655,0.25832689953172083
Monocyte classical,HSPC,TNFSF13B,HLA-DPB1,1.1296672,0.0,1.2024947,0.8127166351931145,0.8220628110700446,0.014539457,0.93460065,0.05789331968041655,0.25870448440053206
Pre-B small,Granulocyte precursor,MIF,CD74,1.1282856,0.669,0.59817654,-0.08509378733424898,-0.720848890768466,0.0011788339,0.90974075,1.0,0.25946034606090285
Erythroid early,Dendritic cell,ANXA1,FPR1,0.14181659,1.0,0.019492486,-0.18531947001830845,-0.8706837669403615,0.0016290029,0.6453234,1.0,0.25989283540020447
CD8 T memory,T proliferating,HLA-E,KLRC1_KLRD1,1.1628356,0.0,0.5710746,0.566079917847324,0.548784573118172,0.019274574,0.9078189,0.05789331968041655,0.2605959066682147
CD8 T memory,T proliferating,HLA-E,KLRC1,1.1628356,0.0,0.5710746,0.566079917847324,0.548784573118172,0.019274574,0.9078189,0.05789331968041655,0.2605959066682147
Pre-B small,Erythroid early,MIF,TNFRSF14,0.1857311,1.0,0.01984032,-0.2890726626366432,-0.5153589808431362,0.000388853,0.6473449,1.0,0.2622929263898166
CD8 T memory,T proliferating,HLA-B,KIR3DL2,1.9180671,0.0,0.5690507,0.7046921805411167,0.6436364996174386,0.021914093,0.90767026,0.05789331968041655,0.2640149670481877
Dendritic cell,Plasmacytoid DC,ITGAL_ITGB2,ICAM1,0.14108527,0.0,0.01984596,0.33944913642335056,0.12538190420589887,0.0154648125,0.6473773,0.38138510929812375,0.2646916312214165
Dendritic cell,Granulocyte precursor,APP,CD74,1.1210765,0.0,0.57006395,0.30639150583402924,-0.3839930761743948,0.003989139,0.9077448,1.0,0.26477726482046404
Granulocyte precursor,Monocyte non-classical,COPA,CD74,1.6328356,0.0,0.5677153,0.4623752664908432,0.25120581610073767,0.00547211,0.9075718,0.32630228233789704,0.26477726482046404
Granulocyte precursor,T proliferating,APP,CD74,1.4866403,0.0,0.5669103,0.4301216729386719,-0.0073387607278722344,0.0039670705,0.90751225,0.7745670401419933,0.2655405188996687
HSPC,Granulocyte precursor,APP,CD74,1.1210573,0.0,0.56998897,0.30634364574911216,-0.3759499257807952,0.003988614,0.9077393,1.0,0.2655405188996687
CD4 T naive,Monocyte non-classical,CD52,SIGLEC10,1.2262381,0.0,0.56589854,0.7334918271478338,0.23652020505856636,0.04116332,0.90743726,0.164004343565551,0.2663046481959835
CD8 T cytotoxic,Erythroid early,ITGAL_ITGB2,ICAM3,0.16358715,1.0,0.019930916,-0.10083224125947338,-0.39530902649111,0.0010841958,0.64786476,1.0,0.26708891877004426
NK,T proliferating,HLA-B,KIR3DL2,1.8993579,0.0,0.56326705,0.6873255143570509,0.6165133336721109,0.021691365,0.90724134,0.05789331968041655,0.2678356898011375
T proliferating,Granulocyte precursor,FASLG,TNFRSF1A,0.14285117,0.0,0.01996457,0.6712554562315891,0.22719361561893442,0.039504714,0.64805716,0.17983193575074582,0.26948480521712637
NK,CD4 T naive,KLRF1,CLEC2B,1.1254828,0.0,0.5632412,1.4655740984173244,1.4475926264146586,0.02488546,0.9072394,0.024600116316148057,0.2697546161039345
CD4 T naive,NK,CLEC2B,KLRF1,1.1254828,0.0,0.5632412,1.4655740984173244,1.4475926264146586,0.02488546,0.9072394,0.024600116316148057,0.2697546161039345
CD8 T memory,CD8 T memory,MIF,CD74,1.1134961,0.951,0.9233237,-0.01904840862629916,-0.6115436884171557,0.0018196052,0.92604876,1.0,0.2701390768308647
HSPC,Monocyte non-classical,COPA,CD74,1.6320636,0.0,0.56295747,0.4605719677851304,0.16617207860292055,0.0054262504,0.90721816,0.3311736798291026,0.2709086809927566
Erythroid late,CD8 T memory,MIF,CD74,1.1116104,0.897,0.9170026,-0.021271680680540944,-0.5001949170481489,0.0018071482,0.9258132,1.0,0.2709086809927566
Plasmacytoid DC,Dendritic cell,FAM3C,LAMP1,0.1439302,0.99,0.020010246,-0.046837932949397365,-0.22842601274061458,0.0017026417,0.6483177,1.0,0.27187929097222097
Platelet,T proliferating,HLA-E,KLRC1_KLRD1,1.1464372,0.0,0.5619233,0.5516448705417112,0.8904064359097394,0.018965704,0.9071408,0.05789331968041655,0.2720648330369464
Platelet,T proliferating,HLA-E,KLRC1,1.1464372,0.0,0.5619233,0.5516448705417112,0.8904064359097394,0.018965704,0.9071408,0.05789331968041655,0.2720648330369464
T activated,CD8 T memory,MIF,CD74,1.1090243,0.911,0.9083333,-0.02432079813117715,-0.6898826268678414,0.0017900635,0.9254863,1.0,0.2732230290483308
Monocyte non-classical,CD8 T memory,MIF,CD74,1.1067157,0.957,0.9005939,-0.02704290903550241,-0.6836710619210166,0.0017748113,0.92519075,1.0,0.27399626677044686
HSPC,Plasmacytoid DC,SEMA4D,PLXNB2,0.15362377,0.0,0.020155888,0.3275084713659526,0.10203114880030591,0.009462805,0.649144,0.4440352762582132,0.274272376444887
CD8 T cytotoxic,Monocyte non-classical,CD99,PILRA,1.1038337,0.0,1.046318,1.391408403837642,1.3654558765640168,0.04769873,0.9302182,0.00266679302250781,0.276321455400369
T proliferating,CD4 T memory,TNF,ICOS,0.145401,0.0,0.020199506,0.35380959559275593,0.24108945418573413,0.0340384,0.6493901,0.15749382282810698,0.2766640777613073
Plasmacytoid DC,T proliferating,COPA,CD74,1.4851207,0.0,0.55849624,0.3937977962168742,-0.02389054576572064,0.0053832494,0.9068828,0.8499641586849217,0.2770983544060306
Pre-B small,Erythroid early,LTB,LTBR,0.2899661,1.0,0.020342533,-0.21330245413551216,-0.6078467473749164,0.0024583165,0.6501929,1.0,0.27905434818116703
Dendritic cell,Monocyte non-classical,GRN,TNFRSF1B,1.1014156,0.0,1.1110942,1.4261221026794968,1.2736760070053557,0.04918742,0.9321428,0.0023962119628992383,0.2802148504087394
Monocyte non-classical,Plasmacytoid DC,BST2,LILRA4,1.1011937,0.0,1.00347,4.2446110615479595,1.6677481174195354,0.073070444,0.92884886,0.000486145254109635,0.2809962567659068
Monocyte non-classical,Dendritic cell,TNFSF10,TNFRSF10B,0.15499143,0.0,0.020542348,0.4502509061355319,0.27729656108321743,0.035728496,0.6513037,0.11654226485575636,0.28144325096213013
T activated,T proliferating,HLA-B,KIR3DL2,1.860715,0.0,0.55132115,0.6514498506488967,0.5324656134595072,0.021231329,0.9063354,0.05789331968041655,0.28256168336870147
CD8 T cytotoxic,CD8 T memory,MIF,CD74,1.0999874,0.992,0.87803924,-0.034975471683452886,-0.6374458067625359,0.0017303627,0.92430824,1.0,0.28256168336870147
T proliferating,Plasmacytoid DC,TNF,PTPRS,0.14730991,0.0,0.020637449,1.6143138932164727,0.3177550464139542,0.13707082,0.651828,0.011671161436442958,0.28383072370243545
B naive,Monocyte non-classical,FAM3C,HLA-C,1.3510498,0.0,0.54961014,0.24014409855066152,0.2244028415084658,0.0067686657,0.9062034,0.41512334297678677,0.28413074050789056
NK,Plasmacytoid DC,BST2,LILRA4,1.0959425,0.0,0.9871019,4.23719694851187,1.7897692753971586,0.07187857,0.92830354,0.0005126764244299248,0.2849166337379073
Dendritic cell,CD4 T naive,ALOX5,ALOX5AP,0.14532314,1.0,0.020638006,0.021258359711987196,-0.34165564638528334,0.003751226,0.6518311,1.0,0.28621682958618644
B naive,T activated,FAM3C,HLA-C,1.3429381,0.0,0.5460155,0.2333098183848034,0.18054808317715154,0.0067243967,0.90592414,0.4345213518242006,0.2864910213280158
Plasmacytoid DC,CD4 T memory,APP,CD74,1.093508,0.0,1.0553156,1.4213974489831052,-0.21463033807685972,0.0073847864,0.9304956,0.5046598319451017,0.2872795968425966
T proliferating,Pre-B large,COPA,CD74,1.6906682,0.0,0.542603,0.4817325614387639,0.08811306002981206,0.0052300575,0.90565664,0.47810772636309756,0.2880690233077705
B naive,HSPC,FAM3C,CLEC2D,0.15762928,1.0,0.02075862,-0.022172216847580334,-0.2614997089558684,0.0018436564,0.652492,1.0,0.2886015376264863
CD4 T memory,NK,HLA-E,KLRC2_KLRD1,1.0935792,0.0,0.54010016,0.606496542704881,0.6014342708023119,0.031060334,0.9054589,0.05789331968041655,0.2900465299735924
CD4 T memory,NK,HLA-E,KLRC2,1.0935792,0.0,0.54010016,0.606496542704881,0.6014342708023119,0.031060334,0.9054589,0.05789331968041655,0.2900465299735924
T proliferating,Monocyte classical,CD99,PILRA,1.0917958,0.0,0.57116514,0.9996780422432028,1.0153103313284855,0.026037829,0.9078256,0.03792032118372636,0.29044269055424304
Erythroid early,Plasmacytoid DC,GRN,TNFRSF1B,0.14426309,1.0,0.02076932,-0.1157131035559347,-0.4546828734111687,0.00091944437,0.65255046,1.0,0.2909848169099449
Plasmacytoid DC,Monocyte non-classical,TNFSF13B,HLA-DPB1,1.2279053,0.0,0.5399756,0.5795839547894389,0.6794162230842062,0.006528886,0.90544903,0.20203988923127536,0.29123572017586585
Platelet,Monocyte non-classical,CCL5,CCR1,1.2569122,0.0,0.53888834,0.9074883707819237,1.3343187431521808,0.04892499,0.9053627,0.0172593934771485,0.292824401958073
Monocyte non-classical,Pre-B large,ALOX5,ALOX5AP,0.14810124,0.993,0.020979466,0.08900894589955255,-0.2740146744556527,0.0038132907,0.6536909,1.0,0.2933667305104057
T proliferating,T proliferating,HLA-B,KIR3DL2,1.8202482,0.0,0.53881145,0.6138816912112055,0.3937933086756209,0.020749582,0.90535665,0.05789331968041655,0.2936200523870481
Monocyte non-classical,Pre-B large,TNFSF13B,HLA-DPB1,1.0874683,0.0,0.8833243,0.6185000581561967,0.3484163041360512,0.010680343,0.92451787,0.06236187606218895,0.2936200523870481
CD4 T naive,CD8 T memory,MIF,CD74,1.0870067,1.0,0.8345245,-0.05028020689653338,-0.7287042135131984,0.0016446075,0.92251086,1.0,0.29441658865733117
Plasmacytoid DC,Pre-B small,TNFSF13B,HLA-DPB1,1.2233624,0.0,0.5377573,0.575993148164683,0.6655374960927598,0.006502065,0.9052727,0.20300774325702903,0.29521405190733935
Erythroid early,Dendritic cell,SEMA4D,PLXNB2,0.14564134,0.0,0.021027906,0.2624674163307248,-0.0024121711242647698,0.0098722,0.6539518,0.7497253912120531,0.2957472162098741
Granulocyte precursor,NK,MIF,CD74,1.0856826,0.984,1.1782912,0.1345017822728048,-0.6379603332667992,0.0023220729,0.93397653,1.0,0.2960123574495084
Granulocyte precursor,Plasmacytoid DC,BST2,LILRA4,1.0855994,0.0,0.95486176,4.222593030146427,1.6393138791089448,0.069530904,0.9271906,0.0005979723635871491,0.29681158842613414
Dendritic cell,CD4 T naive,FAM3C,LAMP1,0.15899745,1.0,0.021153351,-0.03596030834719283,-0.16725292011662196,0.001799907,0.6546245,1.0,0.29812633700874114
T proliferating,NK,GRN,TNFRSF1B,0.16037616,0.88,0.021156793,-0.0753486634599453,-0.22406788475818806,0.0009365976,0.65464294,1.0,0.30050406201197966
Pre-B large,T proliferating,APP,CD74,1.4805444,0.0,0.53315735,0.41493062722350815,-0.07734098892299551,0.0037308773,0.9049037,1.0,0.3024306619338814
Erythroid early,Granulocyte precursor,GRN,TNFRSF1B,0.14602277,1.0,0.021299982,-0.11245447033915407,-0.429685955716482,0.00094293646,0.65540504,1.0,0.30288036039796135
B naive,NK,HLA-E,KLRC1,1.0726362,0.0,0.96076655,0.8826179941398972,0.8616018864347146,0.032427225,0.92739844,0.02314884432817753,0.30444791331660065
B naive,NK,HLA-E,KLRC1_KLRD1,1.0726362,0.0,0.96076655,0.8826179941398972,0.8616018864347146,0.032427225,0.92739844,0.02314884432817753,0.30444791331660065
B naive,T proliferating,LGALS9,SLC1A5,0.14903973,0.004,0.021424111,0.24265040724413842,0.11819379567683458,0.0033364203,0.65606093,1.0,0.305255295056979
CD4 T memory,T proliferating,HLA-E,KLRC1,1.0912168,0.0,0.531107,0.5030324025812636,0.33782144481801546,0.01792561,0.90473783,0.07086671615378254,0.30606566024547743
CD4 T memory,T proliferating,HLA-E,KLRC1_KLRD1,1.0912168,0.0,0.531107,0.5030324025812636,0.33782144481801546,0.01792561,0.90473783,0.07086671615378254,0.30606566024547743
Granulocyte precursor,HSPC,TNFSF13B,HLA-DPB1,1.0708754,0.0,1.0377532,0.7067358653168712,0.4276445890371732,0.0125475535,0.929951,0.05789331968041655,0.30728127359046487
Erythroid early,Erythroid early,GRN,TNFRSF1B,0.1469358,1.0,0.021575326,-0.11076379950198217,-0.5427670320100875,0.0009551257,0.656854,1.0,0.307628803954535
B naive,NK,CLEC2B,KLRF1,1.1166582,0.0,0.5285742,1.4541670708606689,1.5202474600191507,0.023353787,0.9045316,0.020988272134065754,0.30849880616704145
NK,B naive,KLRF1,CLEC2B,1.1166582,0.0,0.5285742,1.4541670708606689,1.5202474600191507,0.023353787,0.9045316,0.020988272134065754,0.30849880616704145
Pre-B large,Pre-B large,MDK,SORL1,0.15534009,0.001,0.02163204,0.4249308998406882,0.01912589325218747,0.007301175,0.6571498,0.9572610593235005,0.3100009499075771
Pre-B small,NK,HLA-E,KLRC2_KLRD1,1.069065,0.0,0.5261881,0.5849162032817046,0.738331094669975,0.030260274,0.9043361,0.05789331968041655,0.3101252726771847
Pre-B small,NK,HLA-E,KLRC2,1.069065,0.0,0.5261881,0.5849162032817046,0.738331094669975,0.030260274,0.9043361,0.05789331968041655,0.3101252726771847
Pre-B large,Platelet,CD24,SELP,1.0683558,0.0,0.57416266,4.204023160142926,1.9341912906756353,0.41365924,0.90804434,4.4077854641177225e-06,0.31053242203725
B naive,CD4 T naive,FAM3C,HLA-C,1.2942625,0.0,0.5244455,0.19229134687605376,0.11164596595535814,0.006458753,0.90419245,0.5954092222761415,0.31216323297943804
Erythroid early,Dendritic cell,CSF1,SIRPA,0.14930338,0.0,0.021720007,0.9027544511173691,0.2380654124404598,0.09845954,0.6576068,0.1611316438007903,0.31237170211281323
Dendritic cell,HSPC,COPA,CD74,1.3538584,0.0,0.5234847,0.32602905011269867,-0.1977749804832641,0.00504578,0.90411305,1.0,0.31297991794698077
Erythroid early,HSPC,COPA,CD74,1.353809,0.0,0.5232379,0.32591371102493405,-0.2450841467593333,0.0050434005,0.9040926,1.0,0.3137975121133597
T activated,T proliferating,COPA,CD74,1.4787256,0.0,0.5230865,0.378859973593723,-0.020047732154950065,0.005041941,0.90408003,0.8247090474742093,0.314615928673861
Dendritic cell,Plasmacytoid DC,EFNB1,EPHB1,0.14903206,0.0,0.021811692,2.3542392894561757,0.3884990501057747,0.48147058,0.6580809,0.003505612978064437,0.3147410298402425
T proliferating,NK,MIF,CD74,1.0623705,0.885,1.1286224,0.10701653853654464,-0.9217168334952346,0.0022241902,0.93263614,1.0,0.31625539776296113
Monocyte non-classical,Pre-B large,APP,CD74,1.6874496,0.0,0.521924,0.50368562727053,0.20998877608558777,0.0036522697,0.90398353,0.790571340832899,0.31625539776296113
T proliferating,Monocyte non-classical,COPA,CD74,1.6251707,0.0,0.520477,0.4444712154556332,0.15198881979297812,0.0050167884,0.90386295,0.39558201171056995,0.31707640554688354
T proliferating,Platelet,APP,CD74,0.18940043,1.0,0.021824203,-0.43661305330175093,-1.6330865451589114,0.00015271932,0.65814537,1.0,0.3171089957968762
B naive,Dendritic cell,FAM3C,HLA-C,1.278548,0.012,0.51748174,0.1790503159986489,-0.028048110005359117,0.006372992,0.9036119,1.0,0.3187210498470204
T proliferating,Monocyte non-classical,GRN,TNFRSF1A,0.1644627,0.461,0.021915425,0.1565579297880118,-0.06912535765819644,0.0021252534,0.65861446,1.0,0.31947553813144397
Pre-B small,T proliferating,HLA-E,KLRC1,1.0667026,0.0,0.5174266,0.4814520631580872,0.47471826868567857,0.017463878,0.90360725,0.05789331968041655,0.31995680306854846
Pre-B small,T proliferating,HLA-E,KLRC1_KLRD1,1.0667026,0.0,0.5174266,0.4814520631580872,0.47471826868567857,0.017463878,0.90360725,0.05789331968041655,0.31995680306854846
HSPC,CD8 T cytotoxic,MIF,CD74,1.0555986,1.0,1.0909113,0.1486344314426822,-0.8722933522190921,0.002149872,0.93156075,1.0,0.3203691361267964
Monocyte classical,CD8 T memory,MIF,CD74,1.0548564,1.0,0.7267491,-0.08818635371270381,-0.7288574659436426,0.0014322135,0.91742176,1.0,0.32119444624951865
Plasmacytoid DC,T proliferating,LGALS9,SLC1A5,0.15144616,0.011,0.022006257,0.24742909224346019,0.07677164714197066,0.0034270787,0.65907925,1.0,0.32184071947772025
B naive,CD8 T memory,MIF,CD74,1.0534046,1.0,0.7218819,-0.08989810228423727,-0.7570005709076174,0.0014226215,0.9171668,1.0,0.32202065783314504
HSPC,NK,FAM3C,HLA-C,1.8371478,0.0,0.517103,0.5803588428859032,0.6914118610376092,0.0063683284,0.90358,0.21540165877074544,0.32202065783314504
HSPC,T proliferating,TNFSF13B,HLA-DPB1,1.0471287,0.0,0.61719257,0.4926875501646711,0.1448316974490248,0.0074625225,0.91101736,0.3368075555145968,0.3228476831666759
Pre-B large,T proliferating,COPA,CD74,1.4772345,0.0,0.51483047,0.3753770143847376,-0.10806503433606668,0.004962363,0.903388,1.0,0.32367560841299936
Erythroid early,CD8 T memory,IL7,IL2RG_IL7R,0.28240934,0.0,0.022061657,0.21856118680527112,0.16473617821385728,0.022699377,0.6593617,0.49775825486414066,0.3242044780576504
T proliferating,T proliferating,LCK,CD8A_CD8B,1.0447667,0.0,1.0469058,1.0081630994338424,0.795712413157778,0.064013,0.93023646,0.03077990882945107,0.3253339376648342
Erythroid early,Dendritic cell,FAM3C,LAMP1,0.15023562,0.988,0.022160323,-0.029853649889642113,-0.28519603051060544,0.0018855886,0.6598627,1.0,0.3265668764318145
Monocyte non-classical,NK,HLA-E,KLRC2,1.0459768,0.0,0.51308537,0.5645903620719327,0.5699939179723297,0.029506754,0.9032397,0.05789331968041655,0.32657997015739565
Monocyte non-classical,NK,HLA-E,KLRC2_KLRD1,1.0459768,0.0,0.51308537,0.5645903620719327,0.5699939179723297,0.029506754,0.9032397,0.05789331968041655,0.32657997015739565
Granulocyte precursor,HSPC,APP,CD74,1.3514702,0.0,0.5115525,0.35322497348762266,-0.11538302970652672,0.0035796931,0.9031089,1.0,0.32866092403519503
NK,Monocyte non-classical,CD99,PILRA,1.0387582,0.0,0.9566508,1.3229055578086926,1.3141344624413898,0.043611053,0.9272537,0.004105807484129994,0.32866092403519503
T proliferating,Dendritic cell,FAM3C,LAMP1,0.1504657,0.878,0.02223878,-0.02923386415244495,-0.25319793439275373,0.0018922644,0.6602592,1.0,0.32892788392512295
Platelet,CD8 T memory,MIF,CD74,1.0354992,0.99,0.661859,-0.11100859749577617,-0.7134004149735553,0.0013043336,0.91380906,1.0,0.3294947774027781
T proliferating,CD8 T memory,LCK,CD8A_CD8B,1.0287362,0.0,1.0066365,0.9838781127652779,1.1173469263584475,0.061550733,0.92895293,0.009940681289999495,0.3303295244890257
Dendritic cell,Monocyte non-classical,ANXA1,FPR1,1.1570171,0.0,0.51050967,0.889241521293851,0.8666391026534664,0.042663705,0.9030196,0.02070476278267767,0.3303295244890257
Granulocyte precursor,T proliferating,COPA,CD74,1.4763734,0.0,0.51006293,0.3733658058471974,-0.0376683003463337,0.0049164086,0.9029812,0.8903972702126877,0.33116507668526746
Monocyte classical,Plasmacytoid DC,BST2,LILRA4,1.0243187,0.0,0.763846,4.136068680171026,1.6467839253408263,0.055621564,0.9192881,0.0016065378125386428,0.33116507668526746
Plasmacytoid DC,B naive,FAM3C,LAMP1,0.15373453,1.0,0.022311637,-0.03147346097101729,-0.11313954873990764,0.0018984636,0.66062593,1.0,0.33128746993562735
T proliferating,Dendritic cell,APP,CD74,2.3157299,0.0,0.32323065,0.7730331866301302,1.002496603215468,0.0022618726,0.8810817,0.47191838941223174,0.33128746993562735
Pre-B large,NK,MIF,CD74,1.02407,1.0,1.0470196,0.061859320723183925,-0.8100212770082147,0.0020633743,0.93024,1.0,0.3320015210512009
Dendritic cell,HSPC,TNFSF13B,HLA-DPB1,1.0210184,0.0,0.8980483,0.6168615653422147,0.16296497126040005,0.010858371,0.92509276,0.29114089834974,0.3328387687996542
HSPC,T proliferating,COPA,CD74,1.4756014,0.0,0.50578827,0.3715625071414846,-0.12270203784415085,0.004875206,0.902612,1.0,0.3328387687996542
T proliferating,Erythroid early,APP,CD74,0.19309887,1.0,0.022348456,-0.4345090643425573,-2.0399905542309114,0.00015638788,0.6608107,1.0,0.33364569691419677
Pre-B large,Pre-B large,FAM3C,HLA-C,1.0194521,1.0,0.50537753,0.022909116597074175,-0.45933086197600814,0.006223924,0.90257627,1.0,0.33367686307329814
Monocyte non-classical,T proliferating,HLA-B,KIR3DL2,1.7119939,0.0,0.50534624,0.5133834304265287,0.31534198013898274,0.019460842,0.9025735,0.08642602606757974,0.3345158471928716
Monocyte non-classical,T proliferating,HLA-E,KLRC1,1.0436144,0.0,0.504542,0.4611262219483153,0.3063810919880332,0.017029004,0.9025035,0.09258874997599925,0.3357758411363829
Monocyte non-classical,T proliferating,HLA-E,KLRC1_KLRD1,1.0436144,0.0,0.504542,0.4611262219483153,0.3063810919880332,0.017029004,0.9025035,0.09258874997599925,0.3357758411363829
CD4 T memory,Dendritic cell,SPN,ICAM1,0.15096402,0.0,0.022434976,0.23647927657286694,0.03693740761872005,0.0066525214,0.6612436,0.6174387022539566,0.3360025032656278
Dendritic cell,NK,MIF,CD74,1.0136024,1.0,1.0247172,0.049517662291301556,-0.9453927059251064,0.0020194226,0.92953813,1.0,0.33619630531185296
Plasmacytoid DC,HSPC,COPA,CD74,1.3499506,0.0,0.50396,0.31690109676582506,-0.13193481474437513,0.004857585,0.9024527,1.0,0.33703777758421716
Plasmacytoid DC,T activated,APP,CD74,1.0108682,0.005,0.8126411,1.374384542190234,-0.30398938623732996,0.005686622,0.92155576,0.5332555984451154,0.33703777758421716
Dendritic cell,Dendritic cell,LTB,LTBR,0.15121564,1.0,0.022509068,-0.09519550614687844,-1.1633122964969047,0.002720134,0.6616128,1.0,0.3383579513677032
Monocyte non-classical,Monocyte non-classical,APP,CD74,1.621952,0.0,0.5006412,0.46642428128739927,0.2738645358487538,0.0035033391,0.9021615,0.7951437490184696,0.33872329296058507
CD4 T memory,T proliferating,HLA-B,KIR3DL2,1.6918377,0.0,0.49911526,0.4946708552472755,0.25655018435565213,0.019220885,0.90202665,0.14095591319600276,0.33956729010921916
Granulocyte precursor,CD8 T cytotoxic,MIF,CD74,1.0043843,1.0,0.9984486,0.08825169815568082,-0.7476094848216929,0.0019676548,0.9286829,1.0,0.33956729010921916
Platelet,CD8 T memory,APP,CD74,1.002995,0.0,0.5528968,0.2752668186574646,-0.0032574846823516523,0.0038690085,0.9064565,0.7523117635979167,0.34041217168013627
CD4 T memory,Dendritic cell,AREG,ICAM1,0.15131944,0.0,0.022528896,0.24963822996715002,-0.008759867117502929,0.008103902,0.66171134,0.7812056740731518,0.3407120106367457
T proliferating,B naive,PTPRC,CD22,1.0009271,0.0,0.7281122,0.7952600193959829,0.8235097551014265,0.03860316,0.9174927,0.045280424729379654,0.34125784799883196
T proliferating,T activated,CLEC2D,KLRB1,0.99594533,0.0,0.93396395,0.5746237786690973,0.7117419267814066,0.020029556,0.92644006,0.05789331968041655,0.3421043626518586
HSPC,Pre-B large,TNFSF13B,HLA-DPB1,0.99467075,0.0,0.57996595,0.451219175810895,0.027741619590111344,0.0070124124,0.90846336,0.6527854295568613,0.34295175940211414
Erythroid early,NK,TNFSF13B,HLA-DPB1,0.22198167,1.0,0.022545556,-0.3095634707532333,-1.0194396950861397,0.00027260004,0.66179407,1.0,0.343064650562111
Pre-B large,Monocyte classical,FAM3C,HLA-C,1.0045415,1.0,0.4967662,0.010343820061320397,-0.3186947349860618,0.0061178724,0.90181804,1.0,0.3437999483105747
Pre-B small,CD8 T memory,MIF,CD74,0.9914578,1.0,0.5142212,-0.16293448263312904,-0.8338402391404662,0.001013382,0.9033363,1.0,0.344649017765999
NK,Erythroid early,SELL,SELPLG,0.23703855,1.0,0.02255917,-0.15614465500601532,-0.20674801584409772,0.0010061023,0.66186166,1.0,0.3454159334120326
Dendritic cell,T activated,LGALS9,CD44,0.990692,0.0,0.9078487,0.7925427971114998,0.6749061423355618,0.013951507,0.9254679,0.05789331968041655,0.34549887765344633
Platelet,Erythroid early,PF4,ACKR1,2.3014994,0.0,0.26103672,8.05136452136633,3.678453204173777,0.5389686,0.8694223,9.823172903524918e-09,0.34776579777388883
B naive,Pre-B large,LGALS9,SLC1A5,0.15226632,0.0,0.022567127,0.25960573132697423,0.13593140245029037,0.0035144242,0.6619011,0.852805657783242,0.34776579777388883
HSPC,CD8 T cytotoxic,FAM3C,HLA-C,1.7553378,0.0,0.4931191,0.5114223821544874,0.5843153071971479,0.0060729566,0.9014913,0.2474594419149567,0.3489067411793889
Monocyte classical,Monocyte classical,ANXA1,FPR1,0.98800945,0.0,0.622228,0.8834401929465003,1.2628095174727174,0.052000105,0.9113462,0.022742725293325435,0.3497607641580083
Platelet,HSPC,SELP,SELPLG,0.19359896,0.0,0.022690149,2.3906010432312392,0.5024996450164609,0.024108676,0.66250914,0.05789331968041655,0.3501143058429348
T proliferating,B naive,APP,CD74,2.299691,0.0,0.32095715,0.7639100621513187,1.4449845405873338,0.0022459633,0.8807114,0.4932822435946842,0.3501143058429348
Dendritic cell,CD8 T memory,APP,CD74,0.98424864,0.0,0.49005428,0.2285508105351492,-0.496984424546395,0.0034292547,0.9012141,1.0,0.3523278557417852
HSPC,Monocyte non-classical,SEMA4D,PLXNB2,0.16799824,0.0,0.022885168,0.3857605844579502,0.1639930381724477,0.01074415,0.6634652,0.2892395763898366,0.35246142712677037
HSPC,CD8 T memory,APP,CD74,0.98422945,0.0,0.4899898,0.22850295045023208,-0.4889412741527954,0.0034288035,0.9012083,1.0,0.35318523953025405
T proliferating,CD8 T cytotoxic,MIF,CD74,0.9810722,0.995,0.9563608,0.06076645441942066,-1.0313659850501282,0.001884712,0.92724353,1.0,0.35318523953025405
Erythroid early,Pre-B large,PTPRC,CD22,0.18487075,1.0,0.022955185,-0.1350118556832191,-0.888758490773127,0.0012170413,0.6638062,1.0,0.3548071312059209
Erythroid early,NK,MIF,CD74,0.971022,1.0,0.9339955,-0.0006853610076135441,-0.9694160877010662,0.0018406363,0.92644125,1.0,0.35490239676271895
Monocyte non-classical,HSPC,TNFSF13B,HLA-DPB1,0.97073865,0.0,0.7571585,0.5262250716997662,0.2338827908258695,0.009154862,0.9189613,0.1698648049932931,0.356622900191536
CD8 T cytotoxic,T proliferating,CCL3,CCR5,0.17178023,0.0,0.022967372,0.6187158088775233,0.20929702740282827,0.03923475,0.6638654,0.20642263793951654,0.35715148016625387
Monocyte classical,Erythroid early,TNFSF13B,TFRC,0.9697704,0.0,0.9280236,1.7714298315286126,1.6734391105641677,0.08225612,0.9262224,0.0002963361880765712,0.35834669815676645
Pre-B small,T proliferating,HLA-B,KIR3DL2,1.6430554,0.0,0.48403496,0.4493818136643973,0.29892122682638633,0.018640144,0.9006626,0.09738777707034887,0.35834669815676645
Granulocyte precursor,Monocyte classical,ANXA1,FPR1,0.96868306,0.0,0.6070342,0.8655381042398325,1.0324202370808604,0.050730344,0.9103424,0.027195945359462244,0.3592098078376026
B naive,Pre-B large,LGALS9,CD44,0.15340945,1.0,0.022972079,-0.32652932878047436,-0.7665466968684829,0.00035302702,0.6638883,1.0,0.3594944127774598
T activated,NK,HLA-E,KLRC2_KLRD1,0.9905181,0.0,0.481612,0.515768637694208,0.500502399678914,0.027696768,0.9004379,0.05789331968041655,0.36137121822525214
T activated,NK,HLA-E,KLRC2,0.9905181,0.0,0.481612,0.515768637694208,0.500502399678914,0.027696768,0.9004379,0.05789331968041655,0.36137121822525214
T proliferating,CD4 T memory,CLEC2D,KLRB1,0.966648,0.0,0.8897114,0.5477603067399003,0.6191419196831881,0.019080525,0.9247689,0.05789331968041655,0.36180410594464707
T proliferating,Dendritic cell,SEMA4D,PLXNB2,0.1517618,0.019,0.022976503,0.27650131462094946,0.04542423954375213,0.01078703,0.6639098,1.0,0.36183599105253517
Pre-B large,HSPC,APP,CD74,1.3453743,0.0,0.48109546,0.338033927772459,-0.18538525790165,0.0033665637,0.9003898,1.0,0.36267054087085865
Pre-B large,HSPC,FAM3C,HLA-C,0.9769346,1.0,0.48082244,-0.012917898642270997,-0.5889389878586251,0.0059215184,0.90036434,1.0,0.363537748114698
CD8 T memory,HSPC,TIGIT,NECTIN2,0.1643565,0.0,0.022990631,0.6490983303254443,0.42568383388653713,0.06280493,0.66397834,0.05789331968041655,0.36417615383402024
HSPC,CD4 T memory,MIF,CD74,0.963622,1.0,0.8686047,0.09630998675060032,-1.1414117788595255,0.0017117698,0.9239295,1.0,0.36440581806516925
NK,Pre-B large,KLRF1,CLEC2B,1.1043965,0.0,0.4804047,1.438316976715416,1.3363158805788922,0.02122553,0.90032536,0.042277057325407603,0.36484013636093515
Pre-B large,NK,CLEC2B,KLRF1,1.1043965,0.0,0.4804047,1.438316976715416,1.3363158805788922,0.02122553,0.90032536,0.042277057325407603,0.36484013636093515
Dendritic cell,Monocyte classical,LGALS9,CD44,0.9603127,0.0,0.8641414,0.7613825222795287,0.8004187873426745,0.013279829,0.92374825,0.05789331968041655,0.3652746586090678
CD8 T memory,B naive,PTPRC,CD22,0.9525707,0.0,0.6819103,0.749383800887175,1.0427026262093853,0.03615362,0.9149772,0.05789331968041655,0.3661443145528992
Dendritic cell,T activated,FAM3C,LAMP1,0.16930154,0.863,0.023106124,-0.019812602892593102,-0.11042945098227426,0.0019660653,0.66453713,1.0,0.3665149630620832
T proliferating,Plasmacytoid DC,APP,CD74,2.2654536,0.0,0.31610402,0.7444317464434942,0.9312647357987444,0.0022120024,0.8799087,0.4939661604682039,0.3665149630620832
B naive,Plasmacytoid DC,FAM3C,HLA-C,1.1896243,0.788,0.47807616,0.10411859936450671,-0.02235429094617558,0.005887697,0.90010715,1.0,0.36701483087469
Plasmacytoid DC,Monocyte non-classical,CD99,PILRA,0.95173454,0.0,0.83674145,1.231298806485697,1.007306414376113,0.03814472,0.92260563,0.009752720124238314,0.36701483087469
Pre-B small,Platelet,CD24,SELP,0.94870967,0.0,0.49873424,3.9569879575841744,2.1002893252800514,0.35931635,0.9019929,3.858315384083297e-06,0.3678861152039529
Dendritic cell,Erythroid late,FAM3C,LAMP1,0.16949761,0.828,0.02314328,-0.019505372108091466,-0.03782033923319007,0.0019692269,0.6647162,1.0,0.36885238837188655
Dendritic cell,NK,HLA-E,KLRC1_KLRD1,0.94867283,0.0,0.802838,0.7734880962988344,0.4708815427914319,0.027096914,0.92111593,0.05789331968041655,0.36919461161336664
Dendritic cell,NK,HLA-E,KLRC1,0.94867283,0.0,0.802838,0.7734880962988344,0.4708815427914319,0.027096914,0.92111593,0.05789331968041655,0.36919461161336664
HSPC,CD8 T memory,FAM3C,HLA-C,1.6967572,0.0,0.47594523,0.4620597923573586,0.4868960374106157,0.0058614537,0.8999061,0.27254377358567744,0.3696311677967449
Plasmacytoid DC,Pre-B large,LGALS9,SLC1A5,0.15467277,0.0,0.02318033,0.264384416326296,0.09450925391542644,0.0036099195,0.6648944,0.8040966345224608,0.3711883994713666
T proliferating,CD8 T memory,CLEC2D,KLRB1,0.9482129,0.0,0.86186594,0.5308553288474678,0.8831152366019147,0.01848336,0.92365533,0.05789331968041655,0.3713794657782086
CD4 T naive,T activated,CLEC2D,KLRB1,0.94807696,0.0,0.81557024,0.5148983962596912,0.9360658017646805,0.017490514,0.9216857,0.05789331968041655,0.37225480671531525
T activated,T proliferating,HLA-E,KLRC1_KLRD1,0.9881557,0.0,0.47359273,0.4123044975705906,0.2368895736946175,0.015984422,0.8996827,0.16297400691550734,0.37269278055278054
T activated,T proliferating,HLA-E,KLRC1,0.9881557,0.0,0.47359273,0.4123044975705906,0.2368895736946175,0.015984422,0.8996827,0.16297400691550734,0.37269278055278054
Erythroid early,NK,TGFB1,TGFBR3,0.16010505,0.143,0.023375412,0.21121824951218215,-0.005014681821665257,0.0049326927,0.6658274,1.0,0.37352305819153064
Pre-B large,NK,HLA-E,KLRC1_KLRD1,0.9433073,0.0,0.7960023,0.7687648959095674,0.5191404724672974,0.026866201,0.92080474,0.05789331968041655,0.3744467421323955
Pre-B large,NK,HLA-E,KLRC1,0.9433073,0.0,0.7960023,0.7687648959095674,0.5191404724672974,0.026866201,0.92080474,0.05789331968041655,0.3744467421323955
T activated,HSPC,COPA,CD74,1.3435555,0.0,0.47200802,0.30196327414267377,-0.12809200113360455,0.004549605,0.89953136,1.0,0.3757643431913621
T proliferating,CD8 T memory,GRN,TNFRSF1B,0.17249982,0.824,0.02340745,-0.05289787841955436,-0.22442984438205377,0.0010362327,0.6659798,1.0,0.37585630355685423
Plasmacytoid DC,CD4 T memory,GRN,TNFRSF1B,0.6105402,0.0,0.17426899,0.5833503970894202,0.5403184665182281,0.0077147754,0.8447272,0.12643435073967738,0.3765961620187862
Pre-B large,CD8 T cytotoxic,APP,CD74,0.54764086,1.0,0.17384173,-0.11578826841936153,-1.1494289373793563,0.001216493,0.84456617,1.0,0.3772358928769777
Pre-B large,CD8 T cytotoxic,MIF,CD74,0.94277173,1.0,0.887213,0.01560923660605995,-0.9196704285631083,0.0017484415,0.92467105,1.0,0.37752394838545544
Pre-B large,Erythroid early,LTB,LTBR,0.3309221,1.0,0.023414446,-0.18317559430281444,-0.5456915760590849,0.0028295452,0.666013,1.0,0.3781881973256239
Monocyte classical,Monocyte non-classical,CD52,SIGLEC10,1.0429587,0.0,0.47137865,0.5975044117612357,0.2035558362938496,0.034287967,0.89947104,0.21692617061118652,0.37840493417966065
T proliferating,HSPC,MIF,TNFRSF14,0.61203927,0.0,0.17442302,0.23888593940842429,-0.04881211976168337,0.003418539,0.8447852,0.9353014151510013,0.37851766216619476
NK,Pre-B small,KLRF1,CLEC2B,1.1020503,0.0,0.4711879,1.4352841903128848,1.5236515689808543,0.020818308,0.89945275,0.022961051611753422,0.379727964866178
Pre-B small,NK,CLEC2B,KLRF1,1.1020503,0.0,0.4711879,1.4352841903128848,1.5236515689808543,0.020818308,0.89945275,0.022961051611753422,0.379727964866178
Dendritic cell,CD4 T naive,HBEGF,CD44,0.49213403,0.0,0.17462207,0.35397353096857576,0.1251377493679645,0.015192221,0.84485996,0.3829433712507693,0.3798021963763404
Plasmacytoid DC,Pre-B large,LGALS9,CD44,0.1558159,1.0,0.023596285,-0.3217506437811526,-0.8079688454033467,0.00036261958,0.66687286,1.0,0.3805187092239567
T activated,Dendritic cell,LTB,LTBR,0.7214742,0.001,0.17342052,0.32428149647543125,-0.12232609557661256,0.020957198,0.8444069,1.0,0.38108963342670443
B naive,Pre-B small,FAM3C,HLA-C,1.1727082,0.993,0.47057995,0.08986407948187362,0.10623981248135017,0.005795378,0.89939433,1.0,0.3819369933389805
CD8 T cytotoxic,Plasmacytoid DC,BST2,LILRA4,0.9380583,0.0,0.49496704,4.014274865600949,1.393424373612591,0.0360424,0.9016573,0.009202739993831808,0.3828219865947954
T proliferating,Erythroid early,SELL,SELPLG,0.24708283,0.932,0.0236371,-0.14513831213182507,-0.404898452905768,0.0010541761,0.6670648,1.0,0.38284780905063537
HSPC,Monocyte classical,SELL,SELPLG,0.57340026,0.0,0.17315689,0.2922139297965436,0.2788334498374767,0.007722515,0.8443069,0.26714257800078106,0.38302623899451516
CD4 T naive,NK,HLA-E,KLRC2_KLRD1,0.9676519,0.0,0.4686352,0.4956390744190645,0.498531361695121,0.026950493,0.8992068,0.05789331968041655,0.38326478290572474
CD4 T naive,NK,HLA-E,KLRC2,0.9676519,0.0,0.4686352,0.4956390744190645,0.498531361695121,0.026950493,0.8992068,0.05789331968041655,0.38326478290572474
Dendritic cell,Granulocyte precursor,GRN,TNFRSF1A,0.77132726,0.0,0.1730991,0.9598183955498105,0.7589953429056585,0.016786326,0.844285,0.05789331968041655,0.38367322915319235
Plasmacytoid DC,CD4 T naive,APP,CD74,0.93507546,0.035,0.59007335,1.3312668454442904,-0.6848572981355783,0.004129159,0.9091792,0.577836855253695,0.3837077788688239
Plasmacytoid DC,Erythroid early,LGALS9,CD47,0.57364297,0.0,0.17563264,0.4035901361209628,0.19431095089001454,0.003480221,0.8452378,0.8743446269096576,0.3843209474791316
T proliferating,T proliferating,COPA,CD74,1.4687085,0.0,0.46762174,0.3554617548119874,-0.13688529665409327,0.004507326,0.8991087,1.0,0.38459441598636634
Monocyte non-classical,NK,APP,CD74,0.6138847,1.0,0.17307937,-0.10705399088199224,-0.9774483774997847,0.0012111583,0.84427756,1.0,0.38496953085881264
Pre-B large,Dendritic cell,SPN,ICAM1,0.15615246,0.003,0.023805954,0.24615930692872406,-0.019232550163229667,0.0070590507,0.6678547,1.0,0.385175558454947
Monocyte classical,Granulocyte precursor,TNFSF13B,TFRC,0.5318081,0.0,0.17623857,0.7256499393656581,1.0465563219875966,0.015621048,0.84546286,0.05789331968041655,0.38626861233966175
Monocyte non-classical,T activated,LGALS9,CD44,0.93371284,0.0,0.76403016,0.679395522999243,0.7489852719622059,0.011741353,0.91929704,0.05789331968041655,0.3863700350658003
Dendritic cell,HSPC,HBEGF,CD44,0.48808658,0.0,0.17274258,0.3498218520988698,-0.058820974250423874,0.015028704,0.8441494,0.9342877866872593,0.38691924758354623
Dendritic cell,T activated,ALOX5,ALOX5AP,0.1585121,0.99,0.023892928,0.03841741692111679,-0.24021314370594207,0.0043428503,0.66825914,1.0,0.38750189664303347
Dendritic cell,Plasmacytoid DC,MIF,TNFRSF14,0.57290196,0.0,0.17689283,0.1976229588229122,0.016203928131844847,0.0034669454,0.84570473,0.8801566193891504,0.3875706130424492
Pre-B large,HSPC,COPA,CD74,1.3420644,0.0,0.46455815,0.2984803149336884,-0.21610930331472117,0.0044777966,0.89881015,1.0,0.38814879046827366
Platelet,Monocyte classical,CCL5,CCR1,1.2403381,0.0,0.46340415,0.8425944948341451,1.353617161175119,0.042071875,0.898697,0.03237484428238445,0.38903940658811276
Dendritic cell,CD8 T cytotoxic,MIF,CD74,0.932304,1.0,0.8683146,0.0032675781741775822,-1.05504185748,0.0017111982,0.9239178,1.0,0.38903940658811276
Monocyte non-classical,CD4 T memory,CD58,CD2,0.55330396,0.0,0.17227285,0.5207185753111572,0.5853968474319269,0.013778214,0.84397024,0.05789331968041655,0.3895290948046175
T proliferating,HSPC,APP,CD74,1.2845222,0.0,0.17705733,0.18639006129242144,-0.32434171979026105,0.0012389948,0.8457654,1.0,0.3895290948046175
Platelet,HSPC,LTB,LTBR,0.17865977,1.0,0.02392276,-0.1750483192873462,-0.716769723555332,0.0028909731,0.6683974,1.0,0.3898268851915692
CD8 T cytotoxic,B naive,PTPRC,CD22,0.9319833,0.0,0.66224015,0.7298529227188686,0.9816745018495108,0.035110746,0.9138317,0.05789331968041655,0.3899307691807981
HSPC,Granulocyte precursor,FAM3C,HLA-C,0.6598871,1.0,0.17196998,-0.41166543655562815,-0.8720462061592735,0.0021178783,0.84385437,1.0,0.39018338521894114
Dendritic cell,Monocyte non-classical,LGALS9,CD44,0.9318714,0.0,0.82322246,0.7322121680182798,0.5833167702417511,0.012651,0.9220221,0.05789331968041655,0.39082297117586284
Dendritic cell,CD8 T cytotoxic,HBEGF,CD44,0.48640895,0.0,0.17196354,0.3481014408672382,0.18072304776255177,0.014960926,0.84385186,0.2577391455510728,0.39083840789595514
Pre-B large,Granulocyte precursor,GRN,TNFRSF1A,0.16021691,0.548,0.024195908,0.050106100737674776,-0.168923309606201,0.0023464037,0.66965437,1.0,0.39215046337928716
Monocyte classical,CD4 T memory,GRN,TNFRSF1B,0.6208238,0.0,0.17766294,0.5986583911239924,0.8890169576314695,0.007865023,0.845988,0.1197726283981832,0.3921507898451436
Dendritic cell,Plasmacytoid DC,AREG,ICAM1,0.65082407,0.0,0.17151599,1.1307168497160431,1.0807640177785864,0.061696265,0.84368014,0.005842131200873708,0.3921507898451436
Dendritic cell,Monocyte classical,GRN,TNFRSF1B,0.9310214,0.0,0.62689376,1.1105829354800665,1.1179635259490723,0.027752183,0.9116475,0.030001691383114548,0.39260965549580673
Dendritic cell,T proliferating,HLA-B,KIR3DL2,1.5709662,0.0,0.46174967,0.3824577835244879,0.07100554204151543,0.01778194,0.89853406,0.5189878383534546,0.39260965549580673
CD4 T memory,T activated,MIF,TNFRSF14,0.4861782,0.0,0.1780056,0.11075348742238511,0.0730680802655182,0.0034887544,0.84611344,0.9724304868858926,0.3928080119217693
NK,Monocyte non-classical,CCL3,CCR1,0.48475695,0.0,0.17343104,0.8656759851448794,1.2878428202544443,0.07876727,0.84441084,0.027015142709953713,0.39346596789930954
Erythroid early,Dendritic cell,GAL,HLA-DPA1,1.7424675,0.0,0.46152896,2.102243359652322,1.5752068508030475,0.10867414,0.8985123,0.00016989836755317055,0.3935042301392858
B naive,Erythroid early,LGALS9,CD47,0.57123655,0.0,0.17098653,0.398811451121641,0.23573309942487847,0.0033881569,0.8434761,0.9337778130803985,0.3947840831952707
Erythroid early,Pre-B large,MIF,TNFRSF14,0.5401426,0.0,0.17845297,0.16397635194372057,-0.011217461685099184,0.003497522,0.8462768,0.8628070413786969,0.3947840831952707
Monocyte classical,Monocyte non-classical,GRN,TNFRSF1B,0.9293183,0.0,0.84193176,1.1699339834078786,1.5370067292174383,0.037271775,0.9228261,0.007516137139670364,0.3952956992791158
HSPC,Dendritic cell,MIF,TNFRSF14,0.67829734,0.0,0.17897807,0.3128149365292596,0.10521256438406135,0.0035078137,0.8464678,0.8570812574687889,0.39544424333276035
CD8 T cytotoxic,Erythroid early,KLRF1,CLEC2B,0.21591972,1.0,0.024225943,-0.030479678812466077,-0.2637860267450529,0.0010703653,0.6697916,1.0,0.39563329022388916
Erythroid early,CD8 T cytotoxic,CLEC2B,KLRF1,0.21591972,1.0,0.024225943,-0.030479678812466077,-0.2637860267450529,0.0010703653,0.6697916,1.0,0.39563329022388916
CD4 T naive,T proliferating,HLA-E,KLRC1_KLRD1,0.96528953,0.0,0.46083203,0.39217493429544714,0.23491853571082455,0.015553731,0.89844334,0.16712468126819996,0.3966413335175274
CD4 T naive,T proliferating,HLA-E,KLRC1,0.96528953,0.0,0.46083203,0.39217493429544714,0.23491853571082455,0.015553731,0.89844334,0.16712468126819996,0.3966413335175274
T activated,CD8 T cytotoxic,COPA,CD74,0.5458221,1.0,0.17055802,-0.15185892204914675,-1.092135680611311,0.0016439797,0.8433104,1.0,0.3967667706344301
B naive,T proliferating,LGALS9,CD44,0.5945164,0.058,0.17923337,0.1258996388166666,-0.015249096388098182,0.002754397,0.8465605,1.0,0.39742913861767926
CD8 T memory,Monocyte non-classical,CD99,PILRA,0.9241599,0.0,0.7987465,1.2022716653660974,1.114451808776848,0.036412634,0.92093015,0.008587085513855532,0.3979887842498337
Erythroid early,HSPC,GAL,HLA-DPA1,0.6851796,0.0,0.16994685,1.2050874079005243,0.016269006592642382,0.040016618,0.84307307,0.11526231625531144,0.3980923829296581
Dendritic cell,Monocyte non-classical,LGALS9,LRP1,0.4826566,0.0,0.17692973,0.9405224634844839,0.6730348219221921,0.05446964,0.8457184,0.05789331968041655,0.3980923829296581
T proliferating,NK,COPA,CD74,0.6171033,1.0,0.1799369,-0.12900705671375834,-1.0993240935555604,0.0017343811,0.84681475,1.0,0.3987562250128594
Erythroid early,CD8 T cytotoxic,TGFB1,TGFBR3,0.1640453,0.068,0.024262633,0.22635222730090493,-0.014585026488762753,0.005119914,0.6699589,1.0,0.3991129842875843
T proliferating,Erythroid early,CCL5,ACKR1,1.5980368,0.0,0.1802418,1.4136406591242263,1.0299979217653095,0.10143687,0.8469245,0.007835791856486146,0.39942080468287
Granulocyte precursor,HSPC,COPA,CD74,1.3412035,0.0,0.46025613,0.2964691063961482,-0.1457125693249882,0.0044363304,0.8983863,1.0,0.3997881169855073
T proliferating,NK,FAM3C,HLA-C,1.8290747,0.0,0.46014425,0.5586132995032027,0.6792752645354683,0.0056668585,0.8983752,0.2949716481686363,0.40068893531196353
CD4 T memory,CD4 T naive,MIF,TNFRSF14,0.48224223,0.0,0.17227669,0.10411828973289394,0.08691710220333304,0.0033764727,0.8439717,1.0,0.40075217842146005
Monocyte classical,CD4 T memory,TNFSF13B,HLA-DPB1,0.53420734,0.722,0.18035701,0.34200092949011346,-0.0954867983952995,0.0021807104,0.8469659,1.0,0.40075217842146005
Granulocyte precursor,Dendritic cell,ANXA1,FPR1,0.83060426,0.0,0.1805692,0.45270834879500665,0.44727772375694275,0.015090314,0.84704214,0.05789331968041655,0.4014189733091069
Plasmacytoid DC,Erythroid early,TNFSF13B,HLA-DPB1,0.17192735,1.0,0.024343004,-0.2551742343797584,-1.2307106889488608,0.00029433315,0.67032444,1.0,0.4014310778549449
B naive,B naive,FAM3C,HLA-C,1.1485882,1.0,0.45989144,0.06953945971888266,-0.009887486823151104,0.0056637446,0.8983501,1.0,0.40159053627491437
Granulocyte precursor,T activated,TNFSF13B,HLA-DPB1,0.48461735,0.984,0.16927958,0.24329424352808926,-0.4244271164371438,0.002046772,0.84281266,1.0,0.40208650742170104
Dendritic cell,Granulocyte precursor,HBEGF,CD44,0.48140895,0.0,0.1696417,0.3429730724856392,0.08611397908577911,0.014758925,0.84295416,0.48552370400602507,0.40208650742170104
Granulocyte precursor,CD4 T memory,GRN,TNFRSF1B,0.59445137,0.0,0.1689591,0.5594002903412382,0.601012973187713,0.0074797105,0.8426871,0.13730439957577603,0.40275478116877766
Pre-B large,Plasmacytoid DC,MIF,TNFRSF14,0.5833696,0.0,0.18074282,0.2099646172547946,0.15157535704873654,0.0035424014,0.8471044,0.8316671110083265,0.4034237949598706
T proliferating,Monocyte classical,CTLA4,CD86,0.19847795,0.0,0.024387406,0.5735024368699125,0.4851756882837187,0.06573236,0.6705258,0.05789331968041655,0.4037477631999147
CD4 T memory,T activated,CLEC2D,KLRB1,0.91918266,0.0,0.74410534,0.47884872001514633,0.7506372286292965,0.015957896,0.91831136,0.05789331968041655,0.4043001219049851
Plasmacytoid DC,T proliferating,HLA-B,KIR3DL2,1.5613072,0.0,0.45876372,0.37349136608613015,0.14933669250946946,0.01766695,0.89823794,0.32423107629532993,0.4043001219049851
Erythroid early,NK,FAM3C,HLA-C,1.8288447,0.0,0.45852092,0.5579935137660056,0.6472771684176165,0.0056468663,0.89821374,0.3014400842710144,0.4052048453051526
Plasmacytoid DC,Monocyte non-classical,GRN,TNFRSF1B,0.9190347,0.0,0.8258481,1.1546259893733062,1.1883082381041967,0.03655976,0.9221365,0.008247645507684923,0.4052048453051526
Pre-B large,CD8 T cytotoxic,COPA,CD74,0.544331,1.0,0.16786605,-0.15534188125813214,-1.1801529827924275,0.0016180322,0.8422564,1.0,0.4054354219646178
Erythroid late,T proliferating,LGALS9,SLC1A5,0.16129345,0.003,0.02438842,0.26698346695304104,0.16703076620728347,0.0037980578,0.6705304,1.0,0.40606310164536275
B naive,T proliferating,FAM3C,CLEC2D,0.48840058,0.0,0.16733636,0.39052420461052895,0.3335531987902177,0.014861816,0.8420464,0.10574819378786751,0.4061074001831736
HSPC,T proliferating,FAM3C,HLA-C,1.6368394,0.0,0.45837936,0.4115681534174196,0.2660659823995335,0.005645123,0.8981997,0.30209272832838374,0.40611034724638484
HSPC,Monocyte non-classical,GRN,TNFRSF1B,0.5073206,0.0,0.18192172,0.5417392341914918,0.3486479306684668,0.008053557,0.8475249,0.10997157130593628,0.4067801204935037
T proliferating,Dendritic cell,CD99,PILRA,1.0615683,0.0,0.45752525,0.9083506749452255,0.7357514547298907,0.020857304,0.8981144,0.05789331968041655,0.407016674588845
CD4 T naive,CD4 T memory,CLEC2D,KLRB1,0.9187796,0.0,0.77692735,0.4880349243304941,0.843465794666462,0.016661787,0.9199158,0.05789331968041655,0.407016674588845
Granulocyte precursor,HSPC,MIF,TNFRSF14,0.63535136,0.0,0.18209907,0.26637118314468444,0.23494438046675198,0.003568983,0.8475878,0.8205552221201268,0.4074535833051422
Granulocyte precursor,Monocyte non-classical,TNFSF13B,TFRC,0.48314488,0.0,0.16709825,0.6438545609303282,0.6894774301354967,0.014810888,0.8419516,0.05789331968041655,0.4074535833051422
CD8 T cytotoxic,T activated,CLEC2D,KLRB1,0.9167178,0.0,0.7380091,0.47577318402279556,0.8514963465591123,0.015827158,0.91800225,0.05789331968041655,0.40792373119583425
Plasmacytoid DC,CD8 T memory,LGALS9,CD44,0.55015695,0.0,0.16708668,0.08271206419599308,0.1496502946047487,0.0025677306,0.841947,1.0,0.4081277890276236
Plasmacytoid DC,CD8 T cytotoxic,COPA,CD74,0.5522171,1.0,0.18210375,-0.13692109942599545,-1.0959784942220814,0.0017552669,0.8475895,1.0,0.4081277890276236
T proliferating,T proliferating,LGALS9,SLC1A5,0.1615326,0.086,0.024446273,0.267458353047017,0.016287616953159584,0.0038070674,0.67079204,1.0,0.4083770631351469
HSPC,HSPC,COPA,CD74,1.3404313,0.0,0.4563989,0.2946658076904354,-0.23074630682280534,0.004399151,0.89800155,1.0,0.40883161164749726
Monocyte non-classical,CD8 T memory,GRN,TNFRSF1B,0.47814962,0.0,0.17756425,0.4020990132618104,0.5092261369036162,0.007860654,0.8459518,0.12009931795529995,0.4101548677554676
CD4 T memory,Dendritic cell,ANXA1,FPR1,0.77183056,0.0,0.16682465,0.3982654786947025,0.4384281749235752,0.013941672,0.8418426,0.09851039115525927,0.4101548677554676
Granulocyte precursor,CD4 T memory,MIF,CD74,0.91240764,1.0,0.7949842,0.03592725346359893,-1.0167279114621262,0.001566685,0.92075807,1.0,0.4106496020857303
T proliferating,CD8 T cytotoxic,GRN,TNFRSF1B,0.17844199,0.785,0.024510564,-0.041893960538597175,-0.20052485809231652,0.0010850668,0.67108196,1.0,0.4106896176855326
CD8 T cytotoxic,Monocyte classical,CD99,PILRA,0.91128683,0.0,0.46146852,0.809661958627947,1.0769449963782711,0.021037064,0.89850634,0.05789331968041655,0.4115598060372043
B naive,Platelet,FAM3C,HLA-C,1.1380548,0.907,0.4552237,0.0606634674579436,0.327649877344373,0.0056062597,0.8978834,1.0,0.4115598060372043
T proliferating,NK,CD48,CD244,0.5156653,0.113,0.18321751,0.4043379890115131,0.10665052332757408,0.02437052,0.84798294,1.0,0.4121887902606275
Granulocyte precursor,CD8 T cytotoxic,COPA,CD74,0.54346997,1.0,0.16631153,-0.15735308979567228,-1.1097562488026944,0.0016030484,0.8416374,1.0,0.4121887902606275
Granulocyte precursor,Erythroid early,TNFSF13B,TFRC,0.91097856,0.0,0.80088454,1.6654490616523692,1.2790208885312961,0.07098705,0.9210274,0.0016941025095835278,0.4124707349538203
Dendritic cell,Monocyte classical,COPA,CD74,1.1857474,0.0,0.45303032,0.23039290633505322,-0.27671426127617405,0.004366682,0.89766175,1.0,0.4124707349538203
NK,Erythroid early,CCL5,ACKR1,1.4764112,0.0,0.1662727,1.331034494927876,1.2050741745120452,0.09357532,0.8416218,0.0026269703228632875,0.41286820798288726
Erythroid early,Pre-B large,GAL,HLA-DPA1,0.7339657,0.0,0.18340123,1.246483836981946,0.0880368843472091,0.04318466,0.84804755,0.09563918366541971,0.41286820798288726
T proliferating,T activated,TNF,ICOS,0.16424195,0.0,0.024521993,0.41111840143286627,0.28478276439387973,0.041322265,0.6711334,0.10814635662064478,0.41300082651077713
CD8 T memory,T activated,CLEC2D,KLRB1,0.9107022,0.0,0.7231305,0.4682676846846541,0.8467940359710254,0.015508075,0.91723245,0.05789331968041655,0.4133824358588222
Erythroid early,Monocyte classical,COPA,CD74,1.185698,0.0,0.4528167,0.23027756724728857,-0.3240234275522432,0.0043646223,0.8976401,1.0,0.4133824358588222
CD4 T memory,Monocyte classical,ANXA1,FPR1,0.90990937,0.0,0.56082803,0.8110952341395283,1.0235706882474926,0.046868857,0.9070586,0.039280325433677196,0.41429495593784255
T proliferating,CD8 T cytotoxic,LCK,CD8A_CD8B,0.90926516,0.0,0.70651853,0.8028882648922991,0.8935230949567666,0.043200035,0.916346,0.04114145017806996,0.4152081984028986
HSPC,HSPC,LTB,LTBR,0.18205757,1.0,0.024529176,-0.17254894722797637,-0.9020568677323617,0.002964256,0.6711657,1.0,0.4153106292519232
Plasmacytoid DC,T proliferating,LGALS9,CD44,0.5969229,0.065,0.18410356,0.1306783238159884,-0.056671244922962105,0.0028292404,0.8482936,1.0,0.41559334483930965
Dendritic cell,Pre-B large,FAM3C,HLA-C,0.92244864,1.0,0.16583805,-0.23838036612767466,-0.6687983463558959,0.002042361,0.8414473,1.0,0.4162764975929328
CD4 T memory,Dendritic cell,SEMA4D,PLXNB2,0.15708348,0.0,0.02467079,0.2887035985255131,0.1262101622296624,0.011582466,0.6718007,0.3798316078157551,0.4176190870508736
B naive,Pre-B large,LGALS9,CD47,0.6100399,0.0,0.18473254,0.45175584939805213,0.39281267695248806,0.0036605387,0.8485129,0.4960689688170666,0.41764504821434045
Monocyte non-classical,T proliferating,APP,CD74,1.4654899,0.0,0.44980034,0.3774148206437535,-0.015009580598317557,0.0031475695,0.8973326,1.0,0.4188689517972392
Dendritic cell,CD4 T memory,LGALS9,CD44,0.9059546,0.0,0.7859355,0.70562952587398,0.5522158913944276,0.012077987,0.9203394,0.05789331968041655,0.4188689517972392
Granulocyte precursor,Erythroid late,TNFSF13B,TFRC,0.48189792,0.0,0.16525105,0.6408770576445929,0.7432517841076814,0.014647161,0.8412106,0.05789331968041655,0.41901673946109597
Granulocyte precursor,CD8 T cytotoxic,APP,CD74,0.55373675,1.0,0.18484725,-0.10059722270419785,-1.0794267091842331,0.0012935064,0.8485528,1.0,0.41901673946109597
Monocyte classical,Dendritic cell,ANXA1,FPR1,0.84993064,0.0,0.18508877,0.4706104375016746,0.6776670041487998,0.015468019,0.8486367,0.05789331968041655,0.41970363764221996
T proliferating,Dendritic cell,GRN,TNFRSF1B,0.17941996,0.761,0.024692118,-0.04008298308819583,-0.3748782223461632,0.001093104,0.6718959,1.0,0.41992616994198234
Erythroid late,CD8 T memory,LGALS9,CD44,0.56000423,0.0,0.18517372,0.10226643890557396,0.23990941367006152,0.002845686,0.84866613,1.0,0.4203912861059771
Dendritic cell,Dendritic cell,LGALS9,CD44,0.9050325,0.0,0.7846089,0.7046842430861577,0.3815768666163937,0.0120576,0.9202775,0.05789331968041655,0.42070392954137004
HSPC,CD8 T cytotoxic,COPA,CD74,0.54269797,1.0,0.16491774,-0.15915638850138514,-1.1947899863005116,0.0015896139,0.8410758,1.0,0.4210796852619021
Dendritic cell,T proliferating,LGALS9,CD47,0.90466976,0.0,0.78408706,1.022211956011581,0.7085616899106588,0.015536955,0.92025304,0.05789331968041655,0.4216225416445005
Monocyte non-classical,Dendritic cell,ITGAL_ITGB2,ICAM3,0.5106982,0.0,0.18519804,0.3058208773559858,0.16499307560570262,0.010074347,0.8486746,0.2860914198212214,0.42176883551952976
Erythroid early,B naive,FAM3C,LAMP1,0.16003996,1.0,0.024708997,-0.014489177911262037,-0.1699095665098985,0.0021024512,0.67197126,1.0,0.4222318480319045
CD8 T cytotoxic,NK,ITGAL_ITGB2,ICAM3,0.47496635,0.0,0.17327271,0.2696013468583741,0.45841761484099575,0.009425636,0.8443508,0.3368075555145968,0.42245873728839445
HSPC,T proliferating,CD58,CD2,0.67686427,0.0,0.1853507,0.6517994131924824,0.5010073423266078,0.014824169,0.84872746,0.05789331968041655,0.42245873728839445
Pre-B large,T activated,CLEC2D,KLRB1,0.9035604,0.0,0.7054667,0.45935708242384976,0.6353462692887342,0.015129261,0.9162889,0.05789331968041655,0.42254191754515746
Monocyte classical,HSPC,TNFSF13B,TFRC,0.53714687,0.0,0.18540287,0.7383980552004217,0.9665374030912103,0.016433334,0.8487456,0.05789331968041655,0.4231493909780297
Monocyte non-classical,Monocyte classical,LGALS9,CD44,0.9033334,0.0,0.7272469,0.648235248167272,0.8744979169693186,0.0111760795,0.9174477,0.05789331968041655,0.42346210483193436
T proliferating,CD8 T memory,LGALS9,CD44,0.56024337,0.022,0.18561298,0.10274132499954987,0.08916626441593764,0.0028524362,0.8488183,1.0,0.42384079699797084
Granulocyte precursor,Monocyte non-classical,GRN,TNFRSF1B,0.9029459,0.0,0.8006849,1.1306758826251242,1.2490027447736816,0.035445806,0.9210183,0.010227012271105914,0.4243830059104955
CD8 T memory,Plasmacytoid DC,BST2,LILRA4,0.9218985,0.0,0.4445959,3.9914583096667773,1.3626107119923145,0.032374483,0.8967953,0.015432867718729476,0.4243830059104955
HSPC,Granulocyte precursor,SELL,SELPLG,0.56898826,0.0,0.16461618,0.28175848537438686,0.1890761783829544,0.0073416135,0.8409534,0.29114089834974,0.42453295575775163
Plasmacytoid DC,HSPC,LILRB4,LAIR1,0.49832603,0.0,0.18568923,1.8192435861328575,0.9135039938659265,0.057829883,0.8488446,0.016460418821608293,0.42453295575775163
T proliferating,B naive,FAM3C,LAMP1,0.16027004,0.823,0.024796477,-0.013869392174064875,-0.13791147039204682,0.0021098948,0.67236066,1.0,0.42453618235409196
Monocyte classical,Dendritic cell,SELL,SELPLG,0.50346065,0.0,0.16450737,0.2323226382534534,0.29281842661589547,0.0073367604,0.8409092,0.4388267076381845,0.4259196791262328
Monocyte non-classical,CD8 T cytotoxic,GRN,TNFRSF1B,0.4840918,0.0,0.18593225,0.4131029311427676,0.5331311231933533,0.008231101,0.84892845,0.10397591691118771,0.4259196791262328
T proliferating,Pre-B large,PTPRC,CD22,0.90746814,0.0,0.44322467,0.5505190971019831,0.3210817611990171,0.02349895,0.8966523,0.08216354907373409,0.42622713979709054
Monocyte classical,CD8 T memory,HBEGF,CD44,0.56092346,0.0,0.18686208,0.38475138121531194,0.49934002715733095,0.016257105,0.84924805,0.11369121291308523,0.42661409872137945
Dendritic cell,Pre-B small,FAM3C,LAMP1,0.17851715,0.683,0.02485261,-0.005370786600117489,-0.028226307554576127,0.002114671,0.6726096,1.0,0.4268391127303388
CD4 T naive,CD8 T memory,CLEC2D,KLRB1,0.90034455,0.0,0.7526117,0.4711299464380617,1.1074391115851885,0.016140321,0.9187367,0.05789331968041655,0.42715032247920537
Granulocyte precursor,Monocyte classical,APP,CD74,1.1833593,0.0,0.44270402,0.2575888297099772,-0.19432231049943663,0.0030979118,0.8965978,1.0,0.42715032247920537
Dendritic cell,CD4 T memory,CD58,CD2,0.5614219,0.0,0.18719669,0.5453852677954504,0.5207067316529578,0.0149718085,0.8493626,0.05789331968041655,0.4273092726945893
Monocyte non-classical,T proliferating,CLEC2B,KLRF1,0.5021787,0.0,0.16428636,0.30751781336630557,0.3455461402765988,0.0072585996,0.84081924,0.22598107263243145,0.42835344900912886
T proliferating,Monocyte non-classical,KLRF1,CLEC2B,0.5021787,0.0,0.16428636,0.30751781336630557,0.3455461402765988,0.0072585996,0.84081924,0.22598107263243145,0.42835344900912886
Monocyte non-classical,Dendritic cell,GRN,TNFRSF1B,0.48506975,0.0,0.18730947,0.4149139085931689,0.3587777589395067,0.008292069,0.8494011,0.10135938740836624,0.42870188541333676
Erythroid early,CD4 T memory,GRN,TNFRSF1B,0.1579006,1.0,0.024881946,-0.09045895938237843,-0.41033658613265594,0.0011015077,0.6727395,1.0,0.4291407001218503
Granulocyte precursor,Dendritic cell,MIF,TNFRSF14,0.627083,0.0,0.16380838,0.25243220324225824,0.22989643178146058,0.003210501,0.84062415,1.0,0.4293993249779426
Plasmacytoid DC,NK,HLA-E,KLRC1_KLRD1,0.89932007,0.002,0.73996294,0.730041374438445,0.5417939008689807,0.024974791,0.9181017,0.16602854435137515,0.4294616461733016
Plasmacytoid DC,NK,HLA-E,KLRC1,0.89932007,0.002,0.73996294,0.730041374438445,0.5417939008689807,0.024974791,0.9181017,0.16602854435137515,0.4294616461733016
T proliferating,CD8 T cytotoxic,FAM3C,HLA-C,1.7472647,0.0,0.43880215,0.48967683877178697,0.5721787106950069,0.005404022,0.8961867,0.3346864964204099,0.43085073130111096
HSPC,NK,HLA-E,KLRC1_KLRD1,0.89906716,0.0,0.7396407,0.7298186289264079,0.39963764014155634,0.024963915,0.91808534,0.05789331968041655,0.431314121394466
HSPC,NK,HLA-E,KLRC1,0.89906716,0.0,0.7396407,0.7298186289264079,0.39963764014155634,0.024963915,0.91808534,0.05789331968041655,0.431314121394466
HSPC,Dendritic cell,FAM3C,LAMP1,0.15853876,0.954,0.024991598,-0.0074883207697444415,-0.24106133789061274,0.0021264974,0.6732234,1.0,0.43144088442264517
CD8 T memory,Erythroid early,CCL4,SLC7A1,0.67496943,0.0,0.18795975,1.0834172562501698,1.4690020366605239,0.07467206,0.8496226,0.004775976947501052,0.4314961814071047
Pre-B large,Plasmacytoid DC,BST2,LILRA4,0.91974914,0.0,0.43789616,3.98842349604259,1.2067138856265038,0.031886626,0.8960905,0.016329627956129873,0.43177770028710405
CD4 T naive,HSPC,LTB,LTBR,1.098007,0.0,0.18800108,0.5012153776651459,0.5562972471046802,0.022719204,0.8496367,0.05789331968041655,0.4321966474937212
Erythroid early,CD8 T cytotoxic,FAM3C,HLA-C,1.7470347,0.0,0.43725413,0.4890570530345898,0.5401806145771552,0.005384957,0.8960222,0.3375168104531652,0.4327054728670114
Dendritic cell,Monocyte classical,FAM3C,HLA-C,0.907538,1.0,0.16301227,-0.25094566266342844,-0.5281622193659495,0.0020075606,0.84029746,1.0,0.43289801881624546
T proliferating,Dendritic cell,ANXA1,FPR1,0.75515765,0.0,0.1629256,0.38282125275003787,0.17479304598921971,0.013615824,0.8402618,0.270133229855191,0.43360000078057426
Plasmacytoid DC,Monocyte classical,COPA,CD74,1.1818396,0.0,0.43613338,0.22126495298817958,-0.21087409553728503,0.0042038155,0.8959026,1.0,0.43363395064875904
B naive,HSPC,CD72,SEMA4D,0.18010178,0.0,0.025183266,0.2814120241315899,0.2593113814761562,0.00787279,0.6740632,0.2943305798954437,0.43373972652172577
Monocyte non-classical,CD4 T memory,ITGAL_ITGB2,ICAM3,0.5173717,0.0,0.18834415,0.31376011021614314,0.3240162214031439,0.010245488,0.84975314,0.21137557046952857,0.43430274121839574
B naive,CD8 T memory,LGALS9,CD44,0.54775053,0.0,0.16266663,0.07793337919667132,0.19107244313961264,0.002499805,0.840155,1.0,0.4350062405392451
B naive,Pre-B small,PTPRC,CD22,0.47155568,1.0,0.17034264,0.0974445737066752,0.05193907007688481,0.009031251,0.84322685,1.0,0.4350062405392451
Dendritic cell,Granulocyte precursor,SELL,SELPLG,0.6388811,0.0,0.18839027,0.35834624471337667,0.23216587335434988,0.008401899,0.84976876,0.17242392838872084,0.4350062405392451
CD4 T memory,NK,MIF,CD74,0.89653146,1.0,0.7752862,-0.08851161752208384,-0.9778397766222393,0.001527866,0.9198379,1.0,0.4354932137665096
Erythroid early,CD8 T memory,MIF,TNFRSF14,0.54592335,0.0,0.18858947,0.17372163160892626,0.10322664262943881,0.0036961888,0.84983623,0.7745670401419933,0.43571049915265647
CD4 T memory,Plasmacytoid DC,SPN,ICAM1,0.15929097,0.0,0.025262969,0.2768763469164949,0.12012296402332365,0.0074910903,0.6744102,0.39398531541513737,0.43603719657991546
Dendritic cell,Monocyte classical,LGALS9,CD47,0.47222933,0.0,0.16192783,0.432178031854686,0.19008257344756874,0.0032086556,0.8398491,1.0,0.4371212958953028
Erythroid early,CD8 T cytotoxic,COPA,CD74,0.5560756,1.0,0.18906972,-0.12790848516688647,-1.2091278262370395,0.0018224105,0.84999835,1.0,0.4371212958953028
Dendritic cell,CD8 T cytotoxic,COPA,CD74,0.5561249,1.0,0.18915892,-0.12779314607912184,-1.1618186599609703,0.0018232703,0.85002846,1.0,0.43782783484360627
CD8 T memory,Monocyte non-classical,CD52,SIGLEC10,0.96988344,1.0,0.4336927,0.5432850872792608,0.1030820693019609,0.0315467,0.8956406,1.0,0.43828771850426046
Dendritic cell,Platelet,FAM3C,LAMP1,0.18082908,0.557,0.025290754,-0.0017476854490263566,0.09917498078122343,0.0021519521,0.6745309,1.0,0.4383332648301874
Pre-B large,HSPC,MIF,TNFRSF14,0.5737388,0.0,0.1618117,0.19372872159506357,0.06288343672533653,0.003171368,0.8398009,1.0,0.43853513472260874
Plasmacytoid DC,Pre-B large,LGALS9,CD47,0.6124463,0.0,0.18975216,0.4565345343973739,0.35139052841762414,0.0037600042,0.85022795,0.505762560464339,0.4392431959418452
Pre-B large,CD4 T naive,FAM3C,CLEC2D,0.47412938,0.0,0.19043835,0.4212963901165676,0.4448440534742003,0.016913597,0.8504576,0.07688379619111059,0.4399521680913425
Erythroid early,Plasmacytoid DC,CDH1,ITGAE_ITGB7,0.16018313,0.0,0.025350293,1.2172022866992875,0.1513376957912658,0.04749835,0.67478895,0.07001773280546596,0.4406279920533192
CD4 T naive,T proliferating,HLA-B,KIR3DL2,1.4718946,0.062,0.43112314,0.290484079081291,-0.03949619024435047,0.016602514,0.89536256,1.0,0.442024240922657
T proliferating,Monocyte non-classical,TNF,VSIR,0.7601408,0.0,0.16123296,0.7982613945560157,0.8210315419560059,0.031804353,0.83955973,0.043301232188120674,0.4420832120736557
Monocyte classical,Erythroid late,TNFSF13B,TFRC,0.54068977,0.0,0.19148436,0.7468578275208363,1.137670006140553,0.016972374,0.8508056,0.05789331968041655,0.4420832120736557
Monocyte classical,NK,HLA-E,KLRC1_KLRD1,0.8933288,0.0,0.7323301,0.7247670946776885,0.6297843779417456,0.024717173,0.9177111,0.05789331968041655,0.44249213403895327
Monocyte classical,NK,HLA-E,KLRC1,0.8933288,0.0,0.7323301,0.7247670946776885,0.6297843779417456,0.024717173,0.9177111,0.05789331968041655,0.44249213403895327
Erythroid early,Plasmacytoid DC,MIF,TNFRSF14,0.5303216,0.0,0.16123192,0.14741993552399713,-0.007819453644115015,0.0031600047,0.83955926,1.0,0.44279508629769837
Erythroid early,T proliferating,GAL,HLA-DPA1,0.7647605,0.0,0.19189392,1.2726145913081806,0.12623996424387549,0.045184392,0.8509412,0.08274231899659937,0.44279508629769837
CD4 T memory,Plasmacytoid DC,AREG,ICAM1,0.15964639,0.0,0.025368726,0.29003530031077795,0.07442568928710067,0.009125423,0.6748687,0.5111909764887186,0.4429213183237037
T proliferating,Monocyte classical,ANXA1,FPR1,0.89323646,0.0,0.5477203,0.7956510081948636,0.7599355593131373,0.04577343,0.9060569,0.04478034963166292,0.44389698030946095
Platelet,CD8 T cytotoxic,TGFB1,TGFBR3,0.48081478,0.0,0.16079424,0.716813020655859,1.0940026204307853,0.03393089,0.83937615,0.05789331968041655,0.4442211265478957
Plasmacytoid DC,Erythroid early,APP,CD74,0.89179474,0.762,0.4629781,1.3066449642320288,-0.6971170663993702,0.0032397835,0.8986551,0.6219867475529149,0.44483444202123384
CD4 T naive,Dendritic cell,SELL,SELPLG,0.49382037,0.0,0.1605512,0.22175929787871657,0.206443712964898,0.0071603213,0.8392741,0.47810772636309756,0.44493529339311966
CD8 T memory,Erythroid early,LTB,LTBR,0.3577058,1.0,0.025423365,-0.1634737123218456,-0.5164918198508149,0.0030723154,0.6751047,1.0,0.44521330435002276
Monocyte non-classical,Monocyte non-classical,GRN,TNFRSF1A,0.4701125,0.0,0.16624604,0.6115548214693766,0.6645306236274735,0.016121749,0.84161115,0.05789331968041655,0.44565022526447173
Monocyte non-classical,CD8 T memory,HBEGF,CD44,0.5640411,0.0,0.19258845,0.396586614943869,0.44306045875310024,0.016755303,0.8511702,0.09907532385073167,0.44565022526447173
HSPC,Monocyte non-classical,CD99,PILRA,0.8916433,0.0,0.75394213,1.1680425715987903,0.8417319001144616,0.034370124,0.9188026,0.023559598557655062,0.44577264705338393
Monocyte non-classical,NK,ITGAL_ITGB2,ICAM3,0.46970987,0.0,0.16587475,0.2570590346067711,0.3688553168620906,0.009023204,0.841462,0.3706100259916791,0.4463659225714881
B naive,T proliferating,LGALS9,CD47,0.6335527,0.0,0.19306189,0.48383751381429063,0.35947552328980065,0.003825588,0.8513256,0.4939661604682039,0.4470825365117329
B naive,NK,HLA-E,KLRC2,0.89601547,0.0,0.4279808,0.4325754188666999,0.4538113457777342,0.024612522,0.89501935,0.06977227004779876,0.44718139595132
B naive,NK,HLA-E,KLRC2_KLRD1,0.89601547,0.0,0.4279808,0.4325754188666999,0.4538113457777342,0.024612522,0.89501935,0.06977227004779876,0.44718139595132
HSPC,T proliferating,IL1B,ADRB2,0.17656124,0.0,0.025514591,0.4162102999446914,0.1806169500007282,0.028182354,0.6754974,0.25831947551129,0.4475039203832736
CD4 T memory,CD4 T memory,CLEC2D,KLRB1,0.8898853,0.0,0.70884854,0.4519852480859492,0.658037221531078,0.015201788,0.91647214,0.05789331968041655,0.44765133323774264
Dendritic cell,Monocyte classical,LGALS9,LRP1,0.47114867,0.0,0.16037306,0.8962717509030567,0.7417234223369072,0.049372505,0.83919924,0.04403684239477618,0.4477997660799035
B naive,Dendritic cell,LGALS9,CD44,0.63391536,0.0,0.19319038,0.16630980088886735,0.0324906999955355,0.0029688834,0.85136765,1.0,0.4477997660799035
Erythroid early,B naive,TNFSF13B,HLA-DPB1,1.4000645,0.0,0.16035204,0.6217168816863358,0.8763113744940356,0.0019388288,0.8391904,0.4939661604682039,0.448517762312427
CD8 T cytotoxic,Dendritic cell,ITGAL_ITGB2,ICAM3,0.5159547,0.0,0.19345783,0.3183631896075888,0.2545553735846078,0.01052366,0.85145515,0.20495387907632767,0.448517762312427
Erythroid early,CD8 T cytotoxic,MIF,CD74,0.88972366,1.0,0.7914398,-0.04693544512473752,-1.0790652392559599,0.0015597,0.9205949,1.0,0.44859181282969285
NK,CD4 T naive,LCK,CD8A_CD8B,0.4829431,0.0,0.1602691,0.24181978886879302,0.34248268027234,0.008774038,0.83915544,0.4109938217870455,0.44923652561883787
T proliferating,CD4 T memory,MIF,CD74,0.88909554,1.0,0.7614731,0.008442009727338773,-1.3004844116905616,0.0015006443,0.9191726,1.0,0.44953298303045514
Erythroid early,Dendritic cell,CSF1,CSF1R,0.16032079,0.0,0.02553664,0.9658485160076191,0.2725179222277635,0.07061866,0.67559206,0.12207351198182657,0.4497931367464951
B naive,CD4 T memory,LGALS9,CD44,0.63483745,0.0,0.19351703,0.1672550836766896,0.20312972477356944,0.0029739032,0.8514745,1.0,0.44995605640867053
Plasmacytoid DC,Platelet,APP,CD74,0.88809633,0.578,0.4521175,1.3045409752728352,-0.29021305732737024,0.0031637845,0.89756906,0.6259790806994433,0.45047489245616484
Plasmacytoid DC,Granulocyte precursor,LILRB4,LAIR1,0.48122048,0.0,0.1600786,1.7698918421374286,0.953282233447125,0.04985387,0.8390752,0.013047913046109713,0.45067635509145876
T proliferating,Dendritic cell,PTPRC,CD22,0.8145771,0.0,0.1600684,0.3072657316943615,0.1251530211186133,0.00848653,0.8390709,0.3821636446086914,0.45139742207673694
Monocyte classical,Monocyte non-classical,TNFSF13B,TFRC,0.5419367,0.0,0.19362481,0.7498353308065716,1.0838956521683683,0.017162092,0.85150975,0.05789331968041655,0.45139742207673694
Erythroid early,T activated,LGALS9,CD44,0.8877461,0.0,0.64800775,0.588116843071087,0.44060636999300995,0.00995836,0.9129725,0.05789331968041655,0.4514175898784547
Platelet,Erythroid early,MIF,TNFRSF14,0.22977254,1.0,0.025536666,-0.23714677749929036,-0.3949191566762253,0.00050049636,0.6755922,1.0,0.45208101404030626
T proliferating,Pre-B small,APP,CD74,2.0929687,0.0,0.29165435,0.6463062587493525,0.7267653658008687,0.0020409108,0.87558997,0.4939661604682039,0.45208101404030626
Granulocyte precursor,HSPC,TNFSF13B,TFRC,0.47835508,0.0,0.16000271,0.6324172853241783,0.5721191810583388,0.014181971,0.83904314,0.05789331968041655,0.4521192577740405
CD8 T cytotoxic,CD4 T memory,CLEC2D,KLRB1,0.8874205,0.0,0.7030412,0.4489097120935984,0.7588963394608939,0.0150772445,0.9161567,0.060385429051656656,0.45236097533561903
B naive,Dendritic cell,FCER2,ITGAX_ITGB2,0.46696368,0.0,0.18060341,1.0762383938150883,1.0893476851706803,0.20342667,0.84705436,0.005449773976304014,0.4528418625929027
Dendritic cell,CD8 T cytotoxic,CD58,CD2,0.49424353,0.0,0.15983441,0.4585282280788815,0.5245187440061835,0.012783402,0.83897203,0.05789331968041655,0.4528418625929027
HSPC,CD4 T memory,FAM3C,HLA-C,1.5236689,0.0,0.4252016,0.31620603796525215,0.19358646235220126,0.0052365256,0.8947129,0.35487751963567354,0.45330514722867454
CD8 T memory,CD4 T memory,CLEC2D,KLRB1,0.8814049,0.0,0.68886757,0.44140421275545705,0.754194028872807,0.01477328,0.9153712,0.06438644823042258,0.4542500054408465
CD8 T cytotoxic,Dendritic cell,LTB,LTBR,0.16296461,1.0,0.02561828,-0.08655307698608605,-1.108313629160269,0.0030958701,0.67594177,1.0,0.4543674925192047
HSPC,NK,COPA,CD74,0.62399626,1.0,0.19462305,-0.11290630438426115,-1.085140834745618,0.0018759383,0.85183454,1.0,0.45501444844045447
Plasmacytoid DC,T proliferating,TNFSF13B,HLA-DPB1,0.99179137,0.0,0.42468145,0.39293401786874294,0.12634884215570952,0.005134856,0.8946552,0.3782828570983256,0.4551955987825361
Dendritic cell,Pre-B large,LGALS9,CD47,0.88115704,0.0,0.75025886,0.9901302915953425,0.7418988435733462,0.014866637,0.91861975,0.05789331968041655,0.4551955987825361
Erythroid late,Erythroid early,LGALS9,CD47,0.58349025,0.0,0.19464476,0.42314451083054366,0.28457006995532735,0.0038569528,0.8518416,0.7018394179533964,0.4557401340030679
B naive,T proliferating,HLA-B,KIR3DL2,1.4492992,0.313,0.4241381,0.2695049983528401,0.011050411344198485,0.016333522,0.8945949,1.0,0.4561419762187804
Dendritic cell,Platelet,FAM3C,HLA-C,1.0746486,0.989,0.19468206,-0.11012844735136043,0.005149372665194038,0.0023975866,0.85185367,1.0,0.4564665907349986
Monocyte non-classical,T proliferating,IL1B,ADRB2,0.17725599,0.0,0.025655394,0.41818938947619766,0.38276579831411534,0.028337877,0.6761003,0.07901194170457411,0.4566526327118214
HSPC,T activated,MIF,CD74,0.88098216,1.0,0.6688652,0.04929707995772903,-1.2307708270199957,0.0013181408,0.91422284,1.0,0.45708903740084983
Pre-B large,T proliferating,CD58,CD2,0.66562647,0.0,0.15839878,0.6176526012008619,0.48987985042403026,0.012668581,0.8383617,0.05789331968041655,0.4571938190457806
Plasmacytoid DC,CD8 T memory,TNFSF13B,HLA-DPB1,0.52085614,0.855,0.19472446,0.020656521860146035,-0.32936279878396757,0.0023544282,0.8518674,1.0,0.4571938190457806
Dendritic cell,HSPC,MIF,TNFRSF14,0.5632711,0.0,0.15836497,0.1813870631631812,-0.07248799219155516,0.0031038153,0.83834726,1.0,0.45792181934494824
T proliferating,CD8 T memory,FAM3C,HLA-C,1.6886841,0.0,0.42352,0.4403142489746581,0.4747594409084747,0.005215816,0.8945261,0.3585770194766821,0.45803688111635366
T proliferating,T proliferating,KLRF1,CLEC2B,0.57631636,0.0,0.19478722,0.4033509237965539,0.3337747031879531,0.008606208,0.85188776,0.09421366916716871,0.4582861091181565
T proliferating,T proliferating,CLEC2B,KLRF1,0.57631636,0.0,0.19478722,0.4033509237965539,0.3337747031879531,0.008606208,0.85188776,0.09421366916716871,0.4582861091181565
Monocyte non-classical,NK,ALOX5,ALOX5AP,0.53155893,0.0,0.1582546,0.5878948748719036,0.7445361946536966,0.028764827,0.83829993,0.05789331968041655,0.4586505920420363
Erythroid late,Pre-B large,LGALS9,SLC1A5,0.16452006,0.0,0.025689587,0.2839387910358769,0.18476837298073925,0.0040006908,0.6762461,0.6423711577129666,0.45893640495919247
Erythroid early,CD8 T memory,FAM3C,HLA-C,1.688454,0.0,0.42202586,0.4396944632374609,0.442761344790623,0.005197415,0.8943593,0.3630545139022922,0.4589854068623559
HSPC,HSPC,TNFSF13B,HLA-DPB1,0.87794113,0.0,0.497129,0.3589441893544645,-0.08679189372007035,0.006010825,0.90185034,1.0,0.4589854068623559
T proliferating,Plasmacytoid DC,MIF,TNFRSF14,0.62167007,0.0,0.1948296,0.2551218350681553,0.03987980056171664,0.00381849,0.8519015,0.7217132887784411,0.4593801375465786
Monocyte non-classical,NK,GRN,TNFRSF1B,0.46602595,0.0,0.16049121,0.37964822822141947,0.5095880965274818,0.0071048425,0.8392489,0.15869951166617438,0.4593801375465786
T proliferating,HSPC,COPA,CD74,1.3335384,0.0,0.42195928,0.27856505536093823,-0.24492956563274776,0.0040671937,0.89435184,1.0,0.45993466364244573
Pre-B large,T activated,LGALS9,CD44,0.87711245,0.0,0.62116796,0.5670007399020828,0.521619144132901,0.009545895,0.9112773,0.06336809821281772,0.45993466364244573
Granulocyte precursor,Dendritic cell,GRN,TNFRSF1A,0.6070957,0.0,0.19485185,0.7753412121369965,0.7590476365506115,0.018895801,0.8519087,0.05789331968041655,0.46011045626810954
B naive,NK,CD48,CD244,0.5412038,0.0,0.19486824,0.42998681465820626,0.37914649725003635,0.025920229,0.851914,0.07141874249467049,0.4608415486161632
Monocyte non-classical,Monocyte non-classical,LGALS9,CD44,0.8748921,0.0,0.6928101,0.619064893906023,0.6573958998683952,0.010646868,0.91559196,0.05789331968041655,0.4608847006139876
T proliferating,Pre-B large,LGALS9,SLC1A5,0.16475919,0.067,0.025750527,0.28441367712985277,0.03402522372661537,0.004010181,0.67650545,1.0,0.461218779674288
Pre-B large,CD4 T memory,CLEC2D,KLRB1,0.87426305,0.0,0.67204064,0.4324936104946527,0.5427462621905157,0.014412414,0.9144084,0.07009926313791086,0.4618354170433823
Dendritic cell,HSPC,FAM3C,HLA-C,0.8799311,1.0,0.15778038,-0.27420738136701983,-0.7984064722385128,0.0019431275,0.83809644,1.0,0.4623062100218743
Monocyte non-classical,CD4 T naive,HBEGF,CD44,0.48089445,0.0,0.15771587,0.3113059057768702,0.21379144551328716,0.01372137,0.83806866,0.21743613494162525,0.4630396258697373
B naive,T proliferating,HLA-E,KLRC1,0.8936531,0.006,0.42085457,0.32911127874308255,0.19019851979343771,0.014204434,0.8942279,1.0,0.46326290758528066
B naive,T proliferating,HLA-E,KLRC1_KLRD1,0.8936531,0.006,0.42085457,0.32911127874308255,0.19019851979343771,0.014204434,0.8942279,1.0,0.46326290758528066
Granulocyte precursor,T proliferating,HLA-E,KLRC1_KLRD1,0.48899862,1.0,0.19503291,-0.027120435465216475,-0.43765394830616533,0.006582636,0.8519672,1.0,0.4634066244923528
Granulocyte precursor,T proliferating,HLA-E,KLRC1,0.48899862,1.0,0.19503291,-0.027120435465216475,-0.43765394830616533,0.006582636,0.8519672,1.0,0.4634066244923528
T proliferating,HSPC,GRN,TNFRSF1A,0.18550348,0.325,0.025821472,0.2247532298877601,-0.1753305825453335,0.002504043,0.6768064,1.0,0.4634998172778375
CD4 T memory,CD8 T memory,CLEC2D,KLRB1,0.8714502,0.0,0.68666357,0.4350802701935168,0.9220105384498046,0.014726015,0.91524696,0.06815443109543116,0.463739084904931
T proliferating,Erythroid early,LGALS9,CD47,0.58372945,0.0,0.19510649,0.42361939692451955,0.13382692070120347,0.003866102,0.85199106,0.6969357551977653,0.46450878376923777
Plasmacytoid DC,B naive,TNFSF13B,TNFRSF13C,0.5216547,0.0,0.1951144,0.7818214221045,0.9624576762840935,0.047799353,0.85199356,0.05074644854961885,0.46524452663994437
CD8 T cytotoxic,CD8 T memory,CLEC2D,KLRB1,0.8689854,0.0,0.68103796,0.43200473420116603,1.0228696563796205,0.014605369,0.91492736,0.07075669604464345,0.46564566067402463
B naive,Plasmacytoid DC,LGALS9,SLC1A5,0.16164763,0.0,0.025890438,0.30890351462951576,0.2033793459545502,0.00403197,0.67709804,0.6354978767727142,0.4657794582041745
Plasmacytoid DC,Granulocyte precursor,SELL,SELPLG,0.6590938,0.0,0.19526564,0.38049478454057034,0.38613037600846556,0.008708528,0.8520425,0.11944660578104105,0.46598104600400025
B naive,Dendritic cell,SELL,SELPLG,0.48540637,0.0,0.15709826,0.21253887920714049,0.23931830491414235,0.007006326,0.8378023,0.5150783428440725,0.46598104600400025
CD4 T memory,B naive,PTPRC,CD22,0.8684024,0.0,0.6014921,0.6695342875332855,0.7999288094081909,0.031889997,0.9099674,0.05789331968041655,0.46660001187316513
Plasmacytoid DC,HSPC,FAM3C,HLA-C,0.8912356,1.0,0.19542673,-0.24375745525195874,-0.7369581293546916,0.0024067573,0.8520945,1.0,0.46671834227094067
Dendritic cell,Plasmacytoid DC,GRN,TNFRSF1B,0.7792836,0.0,0.19570808,0.8295923662220543,0.5813399481408743,0.00866387,0.8521851,0.0874526045862562,0.46745641585029996
CD4 T memory,Plasmacytoid DC,BST2,LILRA4,0.91342545,0.0,0.41818476,3.9794948585178425,1.2761045523490067,0.030451285,0.89392656,0.020102303949054368,0.4675551377975967
Monocyte classical,Monocyte classical,TNFSF13B,HLA-DPB1,0.8660544,0.0,0.74998975,0.6043282854744539,0.7403131310659351,0.009068184,0.91860634,0.07479893331829303,0.4675551377975967
T proliferating,T proliferating,FASLG,FAS,0.16112182,0.0,0.025952674,0.8633316904567157,0.24916768705470888,0.107481904,0.6773605,0.150403317498963,0.46805776280214784
T proliferating,Dendritic cell,MIF,TNFRSF14,0.6037709,0.0,0.15690334,0.22494695950599808,-0.053860068446974774,0.0030751682,0.8377179,1.0,0.46819526715161175
Pre-B large,Monocyte classical,APP,CD74,1.1772634,0.0,0.4163461,0.24239778399481351,-0.2643245386945599,0.002913467,0.89371747,1.0,0.46851093717852
Dendritic cell,T proliferating,LGALS9,CD44,0.8656335,0.0,0.72792494,0.664274081013957,0.33383707023276,0.011186501,0.917483,0.07275676220837952,0.46851093717852
Dendritic cell,Pre-B large,MIF,TNFRSF14,0.58272296,0.0,0.19578661,0.21417937524263567,0.012805920090860679,0.0038372467,0.8522103,0.7104830389175092,0.46893505224674115
CD8 T memory,CD8 T memory,CLEC2D,KLRB1,0.86296976,0.0,0.667308,0.42449923486302454,1.0181673457915337,0.014310919,0.9141314,0.07502846574138378,0.4694674594026713
Monocyte non-classical,HSPC,GRN,TNFRSF1A,0.4911533,0.0,0.19587654,0.6797501215691248,0.5583253987403364,0.018995171,0.8522392,0.05789331968041655,0.4696754603843709
CD4 T memory,CD8 T memory,MIF,TNFRSF14,0.47143286,0.0,0.15654337,0.08589537509445598,0.09480295370826575,0.0030681137,0.8375618,1.0,0.4696754603843709
Pre-B large,Dendritic cell,CD58,CD2,0.16475202,1.0,0.026076503,-0.029941170013002685,-0.3500038019162103,0.0020855735,0.67788035,1.0,0.4703346715779497
T proliferating,CD8 T memory,CD58,CD2,0.48256984,0.0,0.19604407,0.5193747257951389,0.5035080609738721,0.015679415,0.8522931,0.05789331968041655,0.47041664747264256
Dendritic cell,Erythroid early,TNFSF13B,TFRC,0.86112165,0.0,0.6930675,1.5755747616777127,1.014341270754523,0.0614306,0.9156063,0.009113087190305994,0.47042470365098243
Granulocyte precursor,Dendritic cell,LGALS9,CD47,0.46158254,0.0,0.19354603,0.2941725196038387,0.1501809936829237,0.0038351812,0.85148406,0.7129672429787194,0.4711586139210906
Monocyte non-classical,HSPC,HBEGF,CD44,0.47684702,0.0,0.15601833,0.3071542269071642,0.029832721894898773,0.013573684,0.8373331,0.6446745929924848,0.4711586139210906
B naive,T activated,CLEC2D,KLRB1,0.860613,0.0,0.599244,0.4057725049708307,0.7537531285917111,0.012851236,0.9098139,0.0924542954692489,0.4713827698959092
Plasmacytoid DC,NK,FAM3C,HLA-C,1.8225393,0.0,0.4140335,0.5410092307062503,0.7040471861876074,0.0050989864,0.89345264,0.3798316078157551,0.4713827698959092
CD4 T memory,T proliferating,SELL,SELPLG,0.46144745,0.006,0.19347155,0.2606553162069616,0.10923814564458023,0.008628516,0.8514597,1.0,0.47190136013925
Monocyte classical,T activated,TNFSF13B,HLA-DPB1,0.54340917,0.471,0.1961524,0.34927501340433265,-0.030008894404272346,0.0023716937,0.8523279,1.0,0.47190136013925
T activated,T proliferating,LCK,CD8A_CD8B,0.51029575,0.001,0.15593748,0.3239663756944082,0.012805981538716482,0.009534787,0.83729774,0.9572610593235005,0.47190136013925
T proliferating,Erythroid early,ITGAL_ITGB2,ICAM3,0.20185627,1.0,0.026126249,-0.00951886161601928,-0.4502489749776809,0.0014212076,0.6780884,1.0,0.47261024480859204
T proliferating,T proliferating,APP,CD74,1.4196923,0.0,0.19621764,0.2632867607434706,-0.21629745081160656,0.001373073,0.8523488,1.0,0.4726448865366543
CD8 T memory,Pre-B large,PTPRC,CD22,0.8591117,0.0,0.41510013,0.5046428785931751,0.5402746323069758,0.022007838,0.893575,0.05789331968041655,0.47330086129307053
Granulocyte precursor,NK,COPA,CD74,0.62476826,1.0,0.1962679,-0.1111030056785483,-1.0001070972478008,0.0018917928,0.85236484,1.0,0.47338919352283854
Granulocyte precursor,CD4 T memory,TNFSF13B,HLA-DPB1,0.47541553,1.0,0.15564814,0.23602015961387007,-0.48990502042817097,0.0018819534,0.8371712,1.0,0.47338919352283854
Erythroid early,NK,BAG6,NCR3,0.4610971,0.0,0.18480368,0.8477027589848558,0.7962004325605159,0.041036308,0.8485377,0.03077990882945107,0.47338919352283854
Monocyte non-classical,T activated,LGALS9,CD47,0.46073347,0.0,0.19134699,0.3810895437401789,0.3492381063882172,0.0037916063,0.8507601,0.734346919602397,0.4741342815073364
Erythroid early,Monocyte classical,LGALS9,CD44,0.8573667,0.0,0.6168102,0.556956568239116,0.5661190150001226,0.009478928,0.91099226,0.06500331997846505,0.47426098552288326
Dendritic cell,B naive,FAM3C,HLA-C,1.085182,1.0,0.19667827,-0.10125245509042137,-0.33238799150233006,0.0024221707,0.8524962,1.0,0.4748801508996827
Erythroid late,Pre-B large,LGALS9,CD44,0.16566318,1.0,0.026150567,-0.3021962690715717,-0.7177097263380339,0.0004018729,0.67819,1.0,0.474884452960939
Monocyte classical,CD8 T cytotoxic,TNFSF13B,HLA-DPB1,0.8570342,0.0,0.734506,0.5971977315855604,0.6086863217028061,0.008880968,0.917823,0.08021316596462584,0.47522182768142573
CD8 T cytotoxic,CD4 T memory,ITGAL_ITGB2,ICAM3,0.5226282,0.0,0.19674425,0.3263024224677462,0.41357851938204904,0.010702434,0.85251737,0.18747612527763086,0.47562680210941227
Erythroid early,Dendritic cell,CD99,PILRA,0.46045816,0.0,0.16490678,0.2755812189116577,-0.1880093843882551,0.0075176414,0.8410713,1.0,0.47562680210941227
Dendritic cell,Granulocyte precursor,COPA,CD74,1.0796634,0.0,0.40857106,0.17004245098461052,-0.5049147943333093,0.003938147,0.89281887,1.0,0.4761834881189169
Pre-B large,CD8 T memory,CLEC2D,KLRB1,0.85582805,0.0,0.65100765,0.41558863260222023,0.8067195791092423,0.013961347,0.9131558,0.08118396479744105,0.4761834881189169
Dendritic cell,Granulocyte precursor,LGALS9,CD47,0.49648133,0.0,0.19681959,0.46526815813180245,0.19556860163544282,0.0039000476,0.8525414,0.6739933433396222,0.4763743928503849
Monocyte non-classical,CD8 T cytotoxic,HBEGF,CD44,0.4751694,0.0,0.15531471,0.3054338156755326,0.2693767439078744,0.013512468,0.837025,0.2331576827708009,0.4763743928503849
Pre-B large,Monocyte non-classical,GRN,TNFRSF1B,0.49030522,0.0,0.15530948,0.5164098078673611,0.3457573544934961,0.0068754503,0.8370227,0.1754459973291395,0.47712260908815296
Pre-B large,NK,BAG6,NCR3,0.470696,0.0,0.19685705,0.872678893819629,0.8846372781493332,0.043712802,0.85255337,0.025596437613525022,0.47712260908815296
Dendritic cell,T proliferating,GRN,TNFRSF1B,0.8545186,0.0,0.40949956,0.9689138951269392,0.6677674091312316,0.018128281,0.8929274,0.05789331968041655,0.4771457637530052
T activated,Monocyte classical,COPA,CD74,1.1754445,0.0,0.40848172,0.2063271303650283,-0.20703128192651446,0.0039372854,0.8928084,1.0,0.4771457637530052
Plasmacytoid DC,CD4 T naive,FAM3C,LAMP1,0.17030194,0.92,0.026200537,-0.005510382232131759,-0.10580457723280087,0.0022293644,0.67839825,1.0,0.47715726657363877
Granulocyte precursor,HSPC,LGALS9,CD47,0.45907795,0.0,0.1919336,0.2907551786992293,0.14057739152490134,0.0038032301,0.8509543,0.7280095506416897,0.47787160837199255
Pre-B large,Dendritic cell,CD99,PILRA,0.52612156,0.0,0.1968715,0.3447031657729879,0.10795176124528871,0.008974824,0.85255796,0.42769877413755497,0.47787160837199255
Platelet,Monocyte non-classical,CD99,PILRA,0.85206544,0.0,0.699408,1.1263802140314967,1.3919749207177117,0.03188407,0.9159575,0.016460418821608293,0.47810875485853094
Platelet,NK,TGFB1,TGFBR3,0.47687453,0.0,0.15491442,0.7016790428671362,1.1035729650978827,0.03269013,0.8368489,0.05789331968041655,0.4786213911114384
Pre-B large,CD4 T memory,MIF,CD74,0.85079515,1.0,0.70641625,-0.03671520808602194,-1.1887888552035417,0.0013921431,0.9163405,1.0,0.4790724606164253
T proliferating,Pre-B large,LGALS9,CD44,0.16590232,1.0,0.026212601,-0.3017213829775958,-0.8684528755921578,0.0004028262,0.67844844,1.0,0.4794287458160279
Erythroid early,Granulocyte precursor,COPA,CD74,1.0796139,0.0,0.4083784,0.16992711189684587,-0.5522239606093785,0.0039362893,0.8927963,1.0,0.4800368802076194
NK,Monocyte non-classical,MIF,TNFRSF14,0.4637744,0.0,0.19804849,0.10680355105996195,0.17924395557864709,0.0038815776,0.8529322,1.0,0.4808754441587586
T proliferating,T proliferating,FAM3C,HLA-C,1.6287663,0.0,0.40788898,0.3898226100347191,0.2539293858973925,0.005023314,0.8927389,0.39398531541513737,0.48100211435794155
Pre-B large,NK,COPA,CD74,0.6256293,1.0,0.19810241,-0.10909179714100815,-1.070503831237534,0.0019094754,0.8529493,1.0,0.48162836481597315
Monocyte classical,Erythroid early,GRN,TNFRSF1B,0.60985905,0.0,0.1540529,0.5783535510043887,0.756586511754038,0.006819822,0.83646786,0.1776288139853016,0.48162836481597315
B naive,Monocyte non-classical,HLA-F,LILRB2,0.45852447,0.0,0.18365696,0.7500845904256503,0.5107834089441292,0.023194438,0.8481372,0.05789331968041655,0.48162836481597315
T proliferating,T activated,TNF,VSIR,0.17169935,0.999,0.026232868,0.06363296648681385,-0.20987115711862953,0.0051746205,0.6785328,1.0,0.48169883137375713
NK,B naive,PTPRC,CD22,0.8490382,0.0,0.58299065,0.6511628087415097,0.8789595453131924,0.030909084,0.9086794,0.05789331968041655,0.4819679592333914
Dendritic cell,Monocyte classical,SELL,SELPLG,0.643293,0.0,0.19816443,0.36880168913553346,0.3219231448088722,0.008837811,0.85296893,0.13056248099602483,0.48238207097646657
Monocyte non-classical,CD4 T memory,LGALS9,CD44,0.8489753,0.0,0.66143006,0.5924822517617232,0.6262950210210717,0.01016463,0.91378355,0.05789331968041655,0.4829345154848488
Monocyte non-classical,T proliferating,ITGAL_ITGB2,ICAM3,0.5384068,0.0,0.19826081,0.33878451068230164,0.19399401331101815,0.0107849315,0.8529994,0.234235243924356,0.48313656304977226
Plasmacytoid DC,T proliferating,LGALS9,CD47,0.63595915,0.0,0.19830784,0.4886161988136124,0.3180533747549367,0.003929538,0.85301423,0.6313700855033504,0.48389200040036306
CD8 T memory,CD4 T naive,LCK,CD8A_CD8B,0.46704945,0.0,0.15350404,0.22147356841580307,0.3165101877608992,0.00840368,0.8362236,0.4818050139511325,0.48389200040036306
Pre-B large,Monocyte non-classical,CD52,SIGLEC10,0.9193601,0.991,0.40763706,0.5057983351325449,-0.2505796193390584,0.029651418,0.8927093,1.0,0.4839017822932449
Monocyte non-classical,Dendritic cell,LGALS9,CD44,0.8480532,0.0,0.6603136,0.591536968973901,0.45565599624303776,0.010147473,0.913717,0.05789331968041655,0.4839017822932449
T proliferating,T proliferating,TNF,ICOS,0.17191592,0.0,0.026282554,0.4344604089051963,0.238906938595825,0.044289008,0.6787391,0.15991210987491408,0.48396758334443335
CD4 T memory,CD4 T naive,LCK,CD8A_CD8B,0.46693406,0.0,0.15345491,0.22132606200323757,0.1972161926112858,0.008400992,0.83620167,0.48273267676614134,0.48464806569342855
Granulocyte precursor,T proliferating,SELL,SELPLG,0.45703614,0.005,0.1906312,0.2558212651626234,0.057028365839787654,0.008501841,0.850522,1.0,0.48464806569342855
Monocyte non-classical,T proliferating,LGALS9,CD47,0.8476906,0.0,0.65987444,0.9090646818993242,0.7826408195373029,0.013075639,0.91369075,0.05789331968041655,0.4848697588395113
Granulocyte precursor,NK,HLA-E,KLRC2_KLRD1,0.49136102,1.0,0.19833538,0.0763437046584009,-0.17404112232186886,0.011405963,0.85302293,1.0,0.4850263934924284
Granulocyte precursor,NK,HLA-E,KLRC2,0.49136102,1.0,0.19833538,0.0763437046584009,-0.17404112232186886,0.011405963,0.85302293,1.0,0.4850263934924284
Pre-B large,Monocyte classical,LGALS9,CD44,0.8467331,0.0,0.5912626,0.5358404650701117,0.6471317891400137,0.00908632,0.9092623,0.0745699279498772,0.485838546222931
T proliferating,Monocyte classical,APP,CD74,1.1164112,0.0,0.15322766,0.09075391751477599,-0.40328100058317096,0.0010722418,0.8361001,1.0,0.486162558113599
Plasmacytoid DC,Dendritic cell,LGALS9,CD44,0.6363218,0.0,0.19843982,0.17108848588818912,-0.008931448539328424,0.003049555,0.85305595,1.0,0.486162558113599
Monocyte classical,Pre-B large,HBEGF,CD44,0.16658238,1.0,0.026389001,-0.019711326761833736,-0.4582791128507645,0.002295858,0.6791796,1.0,0.4862349722846368
Erythroid early,T proliferating,FAM3C,HLA-C,1.6285362,0.0,0.40645,0.3892028242975219,0.22193128977954082,0.0050055925,0.89256954,0.39878995889771895,0.4868079398621626
Monocyte non-classical,Granulocyte precursor,HBEGF,CD44,0.4701694,0.0,0.15321767,0.3003054472939336,0.17476767523110176,0.013330025,0.83609575,0.27073436059335654,0.48692098605977263
Plasmacytoid DC,Erythroid early,MIF,CD74,0.45615196,1.0,0.18824178,-0.3789364306514759,-1.991435912188034,0.00037097037,0.8497184,1.0,0.48692098605977263
HSPC,Dendritic cell,SELL,SELPLG,0.5865457,0.0,0.19860387,0.3233659116220934,0.15116800610429743,0.008857409,0.8531078,0.31672090922626545,0.48692098605977263
Plasmacytoid DC,CD4 T memory,LGALS9,CD44,0.63724387,0.0,0.19877534,0.17203376867601136,0.16170757623870552,0.003054711,0.8531619,1.0,0.48768020237605103
Monocyte classical,Granulocyte precursor,TNFSF13B,HLA-DPB1,0.8464488,0.0,0.7163356,0.5888299601865659,0.5161150459104863,0.008661269,0.9168734,0.08771067185347425,0.48777804078197196
T proliferating,Granulocyte precursor,FAM3C,HLA-C,0.65181404,1.0,0.15302752,-0.4334109799383286,-0.8841828026614145,0.0018845944,0.8360106,1.0,0.4884402074719688
T proliferating,CD8 T cytotoxic,ITGAL_ITGB2,ICAM3,0.46946263,0.0,0.19887593,0.3088399326542614,0.2999502885319879,0.010818391,0.8531935,0.22362610107936695,0.4884402074719688
Plasmacytoid DC,Plasmacytoid DC,LGALS9,SLC1A5,0.16405407,0.0,0.026593942,0.31368219962883753,0.16195719741968628,0.004141528,0.6800219,0.6041490281126872,0.48850096882262395
Monocyte non-classical,HSPC,APP,CD74,1.3303198,0.0,0.4058781,0.30051812119270427,-0.12305384957697205,0.002840215,0.892502,1.0,0.48874884816329045
NK,Monocyte classical,CD99,PILRA,0.8462113,0.0,0.42192164,0.7411591125989976,1.025623582255644,0.019234234,0.8943476,0.05789331968041655,0.48874884816329045
Monocyte classical,CD4 T naive,HBEGF,CD44,0.47777677,0.0,0.15302639,0.2994706720483131,0.27007101391751787,0.013313383,0.83601004,0.2474594419149567,0.48920100175706005
Plasmacytoid DC,Monocyte non-classical,MIF,TNFRSF14,0.46511245,0.002,0.19894028,0.10838089190928862,0.012006747820573038,0.003899056,0.8532138,1.0,0.48920100175706005
HSPC,HSPC,MIF,TNFRSF14,0.6865657,0.0,0.1989626,0.32675391643168583,0.11026051306935275,0.003899493,0.8532208,0.6751865155962522,0.48996258564085965
Erythroid late,Monocyte non-classical,CD99,PILRA,0.48920143,0.0,0.19941962,0.7444049616303451,0.31769485052270735,0.009090986,0.8533644,0.08490313776884317,0.4907249595329009
Dendritic cell,Granulocyte precursor,FAM3C,LAMP1,0.18821888,0.417,0.026691224,0.009833050335989814,-0.07635814285470117,0.002271116,0.68041897,1.0,0.4907656329484878
CD8 T memory,T proliferating,CLEC2B,KLRF1,0.47366273,0.0,0.15255463,0.27065704230418874,0.42261566876762635,0.0067402613,0.8357983,0.3329266133046236,0.49110644285999205
T proliferating,CD8 T memory,KLRF1,CLEC2B,0.47366273,0.0,0.15255463,0.27065704230418874,0.42261566876762635,0.0067402613,0.8357983,0.3329266133046236,0.49110644285999205
Monocyte non-classical,HSPC,ITGAL_ITGB2,ICAM3,0.54180205,0.0,0.19986145,0.3428237413227133,0.21708028521576692,0.010872003,0.85350287,0.1963052378587064,0.49148828445688403
NK,Erythroid early,MIF,CD74,0.4548139,1.0,0.18739796,-0.38051377150080257,-1.8241987044299601,0.0003693074,0.84943134,1.0,0.49148828445688403
Dendritic cell,Erythroid early,LGALS9,CD47,0.8423537,0.0,0.69443184,0.9371858933189314,0.5848192660457366,0.013760406,0.91568226,0.05789331968041655,0.4916656032492668
Pre-B large,Pre-B large,MIF,TNFRSF14,0.5931906,0.0,0.2000478,0.22652103367451804,0.14817734900775237,0.003920762,0.85356104,0.6704233136132998,0.492252239760406
Erythroid early,Granulocyte precursor,FAM3C,HLA-C,0.65158397,1.0,0.15248767,-0.4340307656755258,-0.9161808987792662,0.0018779457,0.8357682,1.0,0.492252239760406
HSPC,T activated,LGALS9,CD44,0.84219575,0.0,0.5330364,0.4976645807263198,0.420168741097572,0.00819152,0.90489393,0.10515493750153429,0.4926392283598487
CD8 T memory,Pre-B small,MIF,TNFRSF14,0.45434654,0.0,0.19711427,0.10191641540520244,0.26966985859991316,0.0038632676,0.85263544,1.0,0.4930169863008599
T proliferating,CD8 T cytotoxic,COPA,CD74,0.535805,1.0,0.15247314,-0.1752571408308823,-1.208973245110454,0.0014696625,0.83576167,1.0,0.4930169863008599
T proliferating,T proliferating,GRN,TNFRSF1B,0.19051674,0.654,0.026752142,-0.01953381479995936,-0.37012223263805316,0.0011843,0.6806668,1.0,0.4930289055270687
Dendritic cell,CD4 T memory,MIF,CD74,0.84032744,1.0,0.691369,-0.04905686651790431,-1.3241602841204334,0.0013624892,0.9155115,1.0,0.49361355583650973
CD4 T memory,B naive,MIF,TNFRSF14,0.50152576,0.0,0.20034443,0.13662670503046773,0.17466928893995426,0.0039265756,0.8536536,0.8513840191543932,0.49378252448777943
Dendritic cell,Dendritic cell,AREG,ICAM1,0.64249706,0.0,0.15231611,1.090319779372415,0.9975784613739828,0.054789852,0.8356909,0.010035538107903174,0.4945488547306996
CD8 T cytotoxic,Pre-B large,PTPRC,CD22,0.83852434,0.0,0.4031263,0.4851120004248688,0.47924650794710133,0.02137301,0.89217526,0.05789331968041655,0.49458858486018153
Dendritic cell,HSPC,SEMA4A,PLXND1,0.20124131,0.0,0.026805988,0.8030478543561509,0.28863073701160363,0.03459672,0.6808853,0.10426973775791569,0.4952908464768378
T proliferating,Monocyte classical,CCL3,CCR1,0.59434104,0.0,0.20048408,1.0066315836594506,1.3505465864103323,0.09105397,0.8536972,0.009024004494449268,0.49531597743915434
Monocyte classical,T proliferating,HLA-B,KIR3DL2,1.3781855,1.0,0.4021544,0.2034864700314698,-0.044795543483728606,0.01548693,0.8920591,1.0,0.49556441727059597
CD8 T cytotoxic,CD8 T memory,ITGAL_ITGB2,ICAM3,0.45346105,0.0,0.16268222,0.24401755496059074,0.39636286227018735,0.008849537,0.8401615,0.4020173776252443,0.49608389302267775
Dendritic cell,Granulocyte precursor,GRN,TNFRSF1B,0.78104323,0.0,0.20070848,0.832850999438835,0.606336865835561,0.008885235,0.853767,0.07973104461892036,0.49608389302267775
Granulocyte precursor,Granulocyte precursor,TNFSF13B,TFRC,0.4730163,0.0,0.15209392,0.6196691694894148,0.6521380999547252,0.013480968,0.8355907,0.05789331968041655,0.49608389302267775
Pre-B large,Monocyte classical,COPA,CD74,1.1739534,0.0,0.40203452,0.20284417115604292,-0.2950485841076311,0.003875142,0.8920447,1.0,0.4965408470046522
Plasmacytoid DC,Dendritic cell,GRN,TNFRSF1A,0.62318456,0.0,0.20097546,0.7992913188851785,0.6983531298811266,0.01948964,0.85384995,0.05789331968041655,0.49685260189080493
Monocyte classical,Granulocyte precursor,GRN,TNFRSF1B,0.60894597,0.0,0.15208688,0.5766628801672168,0.8696675880476434,0.0067327875,0.83558744,0.18429959712996313,0.49685260189080493
CD8 T cytotoxic,Dendritic cell,KLRF1,CLEC2B,0.45286548,0.0,0.19746676,0.27580559455297543,0.22396517407631966,0.008724595,0.8527476,0.31503241020407713,0.49723725393457396
Dendritic cell,CD8 T cytotoxic,CLEC2B,KLRF1,0.45286548,0.0,0.19746676,0.27580559455297543,0.22396517407631966,0.008724595,0.8527476,0.31503241020407713,0.49723725393457396
Dendritic cell,Monocyte non-classical,CD52,SIGLEC10,0.90846324,1.0,0.40201738,0.49771325439912184,-0.1477441542815226,0.029242646,0.8920427,1.0,0.4975179758284267
Pre-B large,Plasmacytoid DC,SPN,ICAM1,0.1644794,0.001,0.02680676,0.286556377272352,0.06395300624137393,0.007948863,0.6808884,0.9572610593235005,0.4975513967342361
T proliferating,CD4 T naive,LGALS9,CD44,0.47709674,0.452,0.15200347,0.017460615832551058,-0.14010274882387544,0.002335937,0.83554983,1.0,0.49762210445306954
Dendritic cell,Pre-B small,FAM3C,HLA-C,1.1093019,1.0,0.20124935,-0.0809278353274304,-0.21626069219782879,0.0024784652,0.85393494,1.0,0.49762210445306954
T activated,NK,COPA,CD74,0.6271204,1.0,0.20127928,-0.10560883793202276,-0.9824865290564172,0.0019400966,0.85394424,1.0,0.4983924011190068
Erythroid early,Dendritic cell,TNFSF13B,HLA-DPB1,1.7504257,0.0,0.20133562,0.8986822660207279,1.0884648593812218,0.0024343645,0.85396165,0.242273202893687,0.4991636545801553
Erythroid late,Pre-B small,MIF,TNFRSF14,0.45246089,0.0,0.19576484,0.09969314335096066,0.38101862996891994,0.0038368197,0.8522033,1.0,0.4991636545801553
B naive,CD4 T memory,CLEC2D,KLRB1,0.83131564,0.0,0.57085097,0.37890903304163365,0.6611531214934926,0.012242326,0.9078025,0.12009931795529995,0.49947432746885545
Erythroid late,Dendritic cell,SPN,ICAM1,0.1682019,0.0,0.026989859,0.268639997103994,0.18014434664997853,0.008003156,0.68162745,0.3396512974678019,0.49981061614615585
CD8 T memory,Erythroid early,CCL5,ACKR1,1.7843924,0.0,0.20164531,1.5402120212893515,1.3536581335005509,0.11348239,0.85405743,0.001075660466736638,0.49993554084929415
Plasmacytoid DC,Platelet,MIF,CD74,0.4524535,1.0,0.18382598,-0.38104041961066953,-1.584531903116034,0.00036226813,0.8481965,1.0,0.49993554084929415
Plasmacytoid DC,NK,MIF,CD74,0.83114004,1.0,0.6359633,-0.1656094170911937,-1.1301816056701965,0.0012533008,0.9122243,1.0,0.5004535486473723
Granulocyte precursor,Granulocyte precursor,APP,CD74,1.0772752,0.0,0.39925817,0.1972383743595345,-0.4225228435565719,0.0027938907,0.8917106,1.0,0.5004535486473723
Plasmacytoid DC,Monocyte classical,FAM3C,HLA-C,0.9188425,1.0,0.20190695,-0.22049573654836735,-0.46671387648212836,0.002486564,0.85413826,1.0,0.5007082224507938
Granulocyte precursor,Platelet,LGALS9,CD47,0.45238912,0.0,0.1876274,0.2816288155779928,0.6091300675736242,0.0037179014,0.84950954,0.7692866705247633,0.5007082224507938
Plasmacytoid DC,Pre-B large,TNFSF13B,HLA-DPB1,0.93933344,0.0,0.3990663,0.3514656435149668,0.009258764296796063,0.0048251417,0.8916874,0.7217132887784411,0.5014335687382663
Erythroid late,CD4 T naive,LGALS9,CD44,0.47685757,0.384,0.15164375,0.016985729738575154,0.010640400430248442,0.002330409,0.83538693,1.0,0.5014816997941893
B naive,Erythroid early,FAM3C,HLA-C,0.56671447,1.0,0.20204031,-0.4207791517977113,-1.0625232330765728,0.0024882064,0.8541794,1.0,0.5014816997941893
Granulocyte precursor,HSPC,LGALS9,SLC1A5,0.20291214,0.0,0.027016236,0.28910577111388064,0.17998549163722694,0.004207293,0.6817334,0.5824777390774143,0.5020684753945535
Monocyte classical,HSPC,HBEGF,CD44,0.47372937,0.0,0.15137933,0.29531899317860716,0.08611229029912948,0.013170088,0.8352669,0.48645673031217584,0.5022559732890152
B naive,HSPC,LTB,LTBR,1.1782854,0.0,0.20232858,0.5602673977193281,0.633163910536351,0.024450626,0.85426813,0.05789331968041655,0.5022559732890152
Pre-B small,T activated,LGALS9,CD44,0.8300283,0.0,0.5023251,0.4735026998057643,0.6835967895562114,0.007719559,0.9023096,0.12541779830048227,0.5024141807976539
Granulocyte precursor,Monocyte classical,COPA,CD74,1.1730924,0.0,0.3983115,0.20083296261850275,-0.2246518501178981,0.0038392562,0.89159596,1.0,0.5024141807976539
Erythroid early,NK,LGALS9,CD44,0.45192575,0.967,0.20044966,0.14111003156377788,-0.16055136587724494,0.0030804416,0.85368645,1.0,0.5030310433448051
B naive,Monocyte non-classical,LGALS9,CD44,0.66075426,0.0,0.202698,0.19383772582098946,0.23423060362089293,0.0031149935,0.85438174,1.0,0.5030310433448051
NK,NK,MIF,CD74,0.82980204,1.0,0.63311255,-0.16718675794052038,-0.9629443979121225,0.0012476826,0.9120442,1.0,0.503395487032261
T proliferating,NK,KLRF1,CLEC2B,0.47071266,0.0,0.15134095,0.26684347426982236,0.4243189926727233,0.0066866376,0.83524954,0.34575400875907103,0.5034188772110411
NK,T proliferating,CLEC2B,KLRF1,0.47071266,0.0,0.15134095,0.26684347426982236,0.4243189926727233,0.0066866376,0.83524954,0.34575400875907103,0.5034188772110411
Monocyte non-classical,T proliferating,GRN,TNFRSF1B,0.49616653,0.0,0.20293641,0.4354630768814054,0.36353374864761673,0.0089838635,0.85445476,0.077588339550506,0.503806910371094
Pre-B large,HSPC,FAM3C,CLEC2D,0.19122645,1.0,0.027053988,0.06832535106786447,-0.3745327292551597,0.0024027734,0.6818849,1.0,0.5043249452329106
Granulocyte precursor,T activated,MIF,CD74,0.8297678,1.0,0.61217403,-0.01108565332927236,-1.1060869596225964,0.0012064188,0.9106859,1.0,0.5043774866230194
CD4 T naive,Erythroid early,LTB,LTBR,1.0721401,0.0,0.07900969,0.36205782841605116,0.4924065739480018,0.009548016,0.78555137,0.1380289594789332,0.5043774866230194
Dendritic cell,Erythroid early,GRN,TNFRSF1B,0.7819563,0.0,0.20330302,0.8345416702760069,0.4932557895419555,0.009000094,0.854567,0.07735295605812194,0.5045835747774159
NK,Granulocyte precursor,KLRF1,CLEC2B,1.0832834,0.0,0.3974636,1.4110254366201667,1.3632211015998308,0.017560976,0.8914929,0.03605249949322955,0.5048687461709961
Granulocyte precursor,NK,CLEC2B,KLRF1,1.0832834,0.0,0.3974636,1.4110254366201667,1.3632211015998308,0.017560976,0.8914929,0.03605249949322955,0.5048687461709961
Plasmacytoid DC,Plasmacytoid DC,SELL,SELPLG,0.82919323,0.0,0.58585215,0.7835947023568455,0.7545021022921952,0.02612805,0.9088823,0.049941307815262466,0.5053601787508598
Plasmacytoid DC,Erythroid early,GRN,TNFRSF1B,0.59957546,0.0,0.15110998,0.5630455569698164,0.40788802064079654,0.006689541,0.83514434,0.18701984042600306,0.5053610369733055
Monocyte classical,B naive,LGALS9,CD44,0.45885217,0.987,0.20331207,0.08116848476737552,0.11851853737214046,0.00312443,0.85456973,1.0,0.5053610369733055
NK,Platelet,MIF,CD74,0.4511155,1.0,0.18300195,-0.3826177604599962,-1.4172946953579602,0.00036064416,0.84790707,1.0,0.5053610369733055
NK,NK,CD48,CD244,0.45103598,0.065,0.15373348,0.33942981178216314,0.2770670947425188,0.020448726,0.8363258,0.9871668754603986,0.5061392973682969
Granulocyte precursor,Plasmacytoid DC,MIF,TNFRSF14,0.64498216,0.0,0.20340371,0.28260707880441543,0.323636300790152,0.003986535,0.85459775,0.649300042388155,0.5061392973682969
Erythroid early,Monocyte non-classical,LGALS9,CD44,0.8289254,0.0,0.58760285,0.5277862139778671,0.34901699789919927,0.0090300795,0.9090058,0.07595188215090036,0.5063436660600573
Monocyte non-classical,Pre-B large,HBEGF,CD44,0.16970004,1.0,0.02719769,-0.007876093033276688,-0.5145586812549952,0.0023662143,0.68245924,1.0,0.5065800854008318
B naive,Pre-B large,PTPRC,CD22,0.495222,0.929,0.20345841,0.15941947541555607,-0.08237160660547727,0.010786988,0.85461444,1.0,0.5069183563719244
Monocyte classical,CD8 T cytotoxic,HBEGF,CD44,0.47205174,0.0,0.15069664,0.2935985819469756,0.3256563123121051,0.013110693,0.8349557,0.26476799203080187,0.5069183563719244
Monocyte classical,B naive,TNFSF13B,TNFRSF13C,0.82871807,0.0,0.68590003,1.3353474002390784,1.8897952363675237,0.16803259,0.9152038,0.0008322760923383634,0.5073277408774781
T activated,Dendritic cell,CD99,PILRA,0.5400588,0.0,0.2036561,0.35937432997077057,0.2113968622107687,0.009284115,0.8546748,0.20300774325702903,0.5076983785203005
Dendritic cell,CD4 T memory,COPA,CD74,0.46414834,1.0,0.150612,-0.1801175907712037,-1.4309370866014037,0.0014517233,0.834917,1.0,0.5076983785203005
CD4 T naive,CD4 T naive,MIF,CD74,0.44988695,1.0,0.20009401,-0.4127301568922824,-2.0119621174680113,0.00039432768,0.8535755,1.0,0.5084790361380059
Plasmacytoid DC,Granulocyte precursor,TNFSF13B,HLA-DPB1,0.5393854,0.511,0.20377225,0.035303982051987634,-0.411222514172944,0.002463826,0.8547102,1.0,0.5084790361380059
Dendritic cell,CD4 T memory,FAM3C,LAMP1,0.19126992,0.27,0.027269438,0.01461434084339482,-0.08849330736081785,0.0023203155,0.6827446,1.0,0.5088338370135707
Erythroid late,T proliferating,LGALS9,CD44,0.60677016,0.045,0.20403267,0.15023269852556925,0.033587874142350704,0.003135504,0.85478944,1.0,0.5092604935930365
Erythroid early,CD4 T memory,COPA,CD74,0.46409893,1.0,0.15054098,-0.18023292985896838,-1.478246252877473,0.0014510386,0.8348845,1.0,0.5092604935930365
T activated,Pre-B small,MIF,TNFRSF14,0.44987476,0.001,0.19391407,0.09664402590032445,0.19133092014922742,0.0038005465,0.8516041,1.0,0.5092604935930365
Monocyte classical,CD8 T memory,TNFSF13B,HLA-DPB1,0.8279195,0.0,0.6845292,0.5741824999947243,0.5979747612994627,0.008276695,0.91512614,0.10222601065874504,0.5092979599326211
Dendritic cell,Plasmacytoid DC,FAM3C,HLA-C,1.1262181,0.994,0.2044552,-0.06667331544479732,-0.34485479562535454,0.0025179465,0.85491776,1.0,0.5100427512949272
T activated,T proliferating,CLEC2D,KLRB1,0.44968233,0.388,0.1937927,0.008030116431046272,-0.46068572178436784,0.00415603,0.8515645,1.0,0.5100427512949272
Pre-B small,T activated,CLEC2D,KLRB1,0.8274686,0.0,0.51726735,0.3644189433095368,0.7051002860249693,0.011093184,0.90359384,0.13586384128001225,0.5102841025322056
Dendritic cell,HSPC,GRN,TNFRSF1A,0.8495053,0.0,0.39525366,1.2132009398146586,0.8625590592239513,0.038329814,0.89122295,0.021010302767111372,0.5102841025322056
T proliferating,T proliferating,LGALS9,CD44,0.6070093,0.06,0.20451666,0.15070758461954517,-0.11715527511177318,0.0031429417,0.8549364,1.0,0.5108258096532119
Erythroid early,Erythroid early,CSF1,SLC7A1,0.16542745,0.0,0.02730568,1.170934894238831,0.2617727358599381,0.13260634,0.68288845,0.06402160125824775,0.5110862597392605
B naive,Monocyte non-classical,CD99,PILRA,0.4929574,0.0,0.20459501,0.7483587855660554,0.25729604364758535,0.009326918,0.8549602,0.14021985255827857,0.5116096690774252
Plasmacytoid DC,NK,MIF,TNFRSF14,0.44949812,0.012,0.18029736,0.0820579116618036,0.09454616741785299,0.0035336707,0.84694445,1.0,0.5116096690774252
HSPC,Monocyte classical,COPA,CD74,1.1723204,0.0,0.3949734,0.19902966391278992,-0.30968558761571524,0.003807081,0.89118856,1.0,0.5122585536778476
Monocyte non-classical,Pre-B large,LGALS9,CD47,0.82417774,0.0,0.6314052,0.8769830174830857,0.8159779731999903,0.01251151,0.91193587,0.05789331968041655,0.5122585536778476
Monocyte classical,Dendritic cell,GRN,TNFRSF1A,0.63346815,0.0,0.20488952,0.8145993129197507,1.047051620994368,0.019869206,0.8550493,0.05789331968041655,0.5123943299771021
T proliferating,HSPC,LGALS9,CD44,0.47304928,0.491,0.15036742,0.013308936962845103,-0.3240614724422638,0.0023107948,0.83480495,1.0,0.5123943299771021
NK,Monocyte non-classical,ITGAL_ITGB2,ICAM3,0.4490881,0.0,0.18923293,0.2934268211884959,0.3773209875218869,0.010293836,0.8500534,0.26536014833760746,0.5123943299771021
Monocyte non-classical,Dendritic cell,LGALS9,HAVCR2,0.4489473,0.0,0.1770763,0.999033021135072,0.6891632702843224,0.044419467,0.8457724,0.05789331968041655,0.5131797927617753
Pre-B large,NK,APP,CD74,0.62893915,1.0,0.20515445,-0.06953818430223756,-1.0397797858244626,0.0014356101,0.8551294,1.0,0.5131797927617753
Plasmacytoid DC,CD8 T cytotoxic,FAM3C,HLA-C,1.7407293,0.0,0.39483008,0.47207276997483455,0.5969506323471461,0.0048624882,0.891171,0.4234756637923602,0.5132467567600822
NK,Erythroid early,ITGAL_ITGB2,ICAM3,0.2092327,1.0,0.02732041,0.008081806769500655,-0.25667048768107603,0.0014861673,0.68294686,1.0,0.513337324349251
Erythroid late,HSPC,LGALS9,CD44,0.47281015,0.541,0.15001157,0.012834050868869198,-0.17331832318813994,0.0023053263,0.8346416,1.0,0.5139660578409805
Dendritic cell,Monocyte non-classical,HLA-F,LILRB2,0.44836265,0.0,0.17102411,0.7364577457634272,0.34731557488147297,0.021599008,0.8434906,0.06316588665248098,0.5139660578409805
Granulocyte precursor,Plasmacytoid DC,LGALS9,CD47,0.47982,0.0,0.20528719,0.31905623491805535,0.3049113261091124,0.004067836,0.8551695,0.6241651626258785,0.5139660578409805
Plasmacytoid DC,Monocyte classical,SELL,SELPLG,0.6635058,0.0,0.20539652,0.39095022896272713,0.47588764746298784,0.00916035,0.8552025,0.10515493750153429,0.5147531256242522
Monocyte non-classical,CD8 T memory,ITGAL_ITGB2,ICAM3,0.44820458,0.0,0.15573642,0.2314752427089877,0.3068005642912822,0.008471702,0.8372099,0.4440352762582132,0.5147531256242522
T activated,CD8 T memory,LCK,CD8A_CD8B,0.49426532,0.0,0.14993933,0.2996813890258436,0.334440494739386,0.009168031,0.8346083,0.2457765274708965,0.5147531256242522
Plasmacytoid DC,Granulocyte precursor,COPA,CD74,1.0757556,0.0,0.39333236,0.16091449763773688,-0.4390746285944203,0.0037912636,0.8909865,1.0,0.5152252176013573
Dendritic cell,CD8 T memory,LGALS9,CD44,0.8188676,0.0,0.6606421,0.6163078213939617,0.5401586097604708,0.010152521,0.9137366,0.05789331968041655,0.5152252176013573
NK,NK,MIF,TNFRSF14,0.44816008,0.0,0.17948915,0.08048057081247693,0.26178337517592704,0.0035178303,0.846653,1.0,0.5155411623336339
CD8 T memory,Dendritic cell,PTPRC,CD22,0.7662207,0.0,0.14991136,0.2613895131855536,0.34434589222657197,0.007948022,0.8345954,0.35414106848109395,0.5155411623336339
Plasmacytoid DC,Pre-B large,FAM3C,HLA-C,0.93375313,1.0,0.20540695,-0.20793044001261357,-0.6073500034720747,0.002529668,0.8552056,1.0,0.5155411623336339
Pre-B large,Plasmacytoid DC,GRN,TNFRSF1B,0.1681732,0.989,0.027356206,-0.08011992859008138,-0.34657870437098526,0.0012110415,0.68308854,1.0,0.5155870016863087
Pre-B large,Monocyte non-classical,LGALS9,CD44,0.8182918,0.0,0.563265,0.5066701108088628,0.4300297720390903,0.008656063,0.90724117,0.08796930985526759,0.5162155779079614
Monocyte non-classical,Erythroid early,LGALS9,SLC1A5,0.47242415,0.0,0.20550203,1.241955809093239,0.6960591773379378,0.032003246,0.8552342,0.05748467926436875,0.5163298369227043
Erythroid early,CD8 T memory,LGALS9,CD47,0.44793415,0.0,0.19635053,0.33506545737285914,0.1771886082919074,0.0038907533,0.85239136,0.6823788518059345,0.5163298369227043
T proliferating,CD8 T cytotoxic,LGALS9,CD44,0.47137165,0.506,0.14968929,0.011588525731213526,-0.08451745042928818,0.0023003735,0.8344931,1.0,0.5163298369227043
Monocyte non-classical,CD4 T naive,LGALS9,CD47,0.4476953,0.0,0.17556041,0.3632999033744051,0.30728382226556966,0.00347879,0.84521085,0.8597498889941904,0.5171193154445294
Erythroid early,Monocyte classical,CD99,PILRA,0.49068576,0.0,0.20586625,0.3669085862096349,0.09154949221033959,0.00938487,0.8553438,0.4689576036293845,0.5171193154445294
Erythroid late,CD8 T cytotoxic,LGALS9,CD44,0.47113252,0.595,0.14933504,0.011113639637237622,0.0662256988248357,0.0022949295,0.8343294,1.0,0.5171193154445294
Monocyte classical,T activated,LGALS9,CD44,0.8179147,0.0,0.47174978,0.44944774629654166,0.6426161231562029,0.0072496883,0.8995066,0.15001655249813278,0.51720651680871
Pre-B large,Dendritic cell,HLA-F,LILRB2,0.16664752,0.995,0.027406722,-0.0102038774783334,-0.3035670196574469,0.0034612548,0.6832882,1.0,0.517835351311441
Monocyte classical,T proliferating,HBEGF,CD44,0.6076893,0.005,0.20589298,0.4327176408353072,0.29301848762962013,0.017912807,0.85535187,0.7121072871048004,0.5179095983086445
Monocyte non-classical,Pre-B small,MIF,TNFRSF14,0.44756603,0.001,0.19226184,0.09392191499599918,0.19754248509605227,0.003768164,0.8510626,1.0,0.5179095983086445
Plasmacytoid DC,Granulocyte precursor,GRN,TNFRSF1B,0.5986624,0.0,0.14918153,0.5613548861326445,0.5209690969344021,0.0066041695,0.83425826,0.19301691889584188,0.5187006859245835
Pre-B large,Erythroid early,LGALS9,CD44,0.45528835,0.826,0.20592506,0.13434934673932197,-0.386459681071493,0.0031645854,0.8553615,1.0,0.5187006859245835
CD4 T memory,CD8 T cytotoxic,MIF,CD74,0.81523323,1.0,0.6569543,-0.1347617016392078,-1.087488928177133,0.0012946678,0.9135157,1.0,0.5191904394579296
NK,Monocyte classical,CCL3,CCR1,0.46818286,0.0,0.14913787,0.8007821091971009,1.3071412382773828,0.067734025,0.83423805,0.04185356958732266,0.5194925787018808
CD8 T cytotoxic,Erythroid early,CCL5,ACKR1,1.8279469,0.0,0.2066477,1.569792781896751,1.3492019600288905,0.11629764,0.8555781,0.0011895112435277835,0.5194925787018808
Granulocyte precursor,Dendritic cell,LGALS9,SLC1A5,0.20390351,0.0,0.027654476,0.29431530082560275,0.18700820010395525,0.0043066875,0.6842612,0.559318416288007,0.5200823145184448
Erythroid early,NK,CD58,CD2,0.44623798,0.0,0.19488673,0.5513474977855584,0.410669904770258,0.015586852,0.85191995,0.05789331968041655,0.5202852770500705
Monocyte classical,NK,LGALS9,CD47,0.46343917,0.0,0.20674133,0.31283179734865013,0.6129652132539051,0.0040966505,0.855606,0.6174387022539566,0.5202852770500705
Pre-B large,CD4 T memory,LGALS9,CD47,0.45627177,0.0,0.20689316,0.33983427955150153,0.2225504861332156,0.004099659,0.85565144,0.6152086776151262,0.5210787813786875
Monocyte classical,Monocyte non-classical,ANXA1,FPR1,0.91495365,0.0,0.39094302,0.665017374784332,0.9135493482019877,0.032671425,0.89069027,0.05789331968041655,0.5211771876539704
NK,CD4 T naive,ITGAL_ITGB2,ICAM3,0.4461422,0.0,0.18724431,0.2899225585433646,0.37368514173203615,0.010185659,0.8493788,0.27254377358567744,0.5218730920972661
Monocyte classical,Granulocyte precursor,HBEGF,CD44,0.46705174,0.0,0.14866194,0.28847021356537655,0.23104724363533247,0.012933673,0.834017,0.2774132237107217,0.5218730920972661
HSPC,Pre-B small,LGALS9,CD47,0.4561072,0.0,0.20689528,0.3179148267280498,0.32631569421104983,0.004099701,0.85565203,0.6140959332873224,0.5218730920972661
CD4 T memory,Monocyte non-classical,CD99,PILRA,0.8129168,0.0,0.6454653,1.0851699508421633,0.8338595117395892,0.02942497,0.9128162,0.024226501800161882,0.5221715278800132
Dendritic cell,Monocyte classical,FAM3C,LAMP1,0.19345096,0.181,0.027682776,0.01803216010775393,0.012379654246751123,0.0023554857,0.68437165,1.0,0.5223279507969641
Pre-B small,Monocyte non-classical,LGALS9,CD47,0.44530022,0.0,0.19605787,0.29560909420395254,0.44691190223436594,0.003884954,0.8522975,0.6847890175910887,0.5226682096153406
Dendritic cell,CD8 T memory,MIF,TNFRSF14,0.5885037,0.0,0.2069077,0.22392465490784136,0.12725002440539868,0.0040552104,0.8556557,0.6309464331133965,0.5226682096153406
B naive,CD8 T memory,CLEC2D,KLRB1,0.8128806,0.0,0.55298495,0.3620040551492012,0.9251264384122192,0.011859176,0.9064632,0.13839231291058834,0.5231665458995567
Monocyte classical,Plasmacytoid DC,GRN,TNFRSF1B,0.6071863,0.0,0.14829783,0.5734042469504361,0.8446706703529567,0.006565049,0.83384717,0.19820303905625264,0.5234643018495031
Platelet,T proliferating,CCL5,CCR5,1.1840401,0.0,0.20700295,1.0523023934128577,1.09813112852777,0.07068856,0.85568416,0.006113680784262384,0.5234643018495031
Pre-B large,CD4 T memory,FAM3C,CLEC2D,0.44523504,0.0,0.17375106,0.3852467138720227,0.25941548033881634,0.015431532,0.84453195,0.13730439957577603,0.5234643018495031
HSPC,Monocyte classical,LGALS9,CD44,0.8118164,0.0,0.50737405,0.46650430589434877,0.5456813861046848,0.00779715,0.9027495,0.12273695345494134,0.5241622408935321
Plasmacytoid DC,CD8 T cytotoxic,MIF,TNFRSF14,0.44518113,0.024,0.17514305,0.07478009056745397,0.057328280653584196,0.0034326508,0.8450551,1.0,0.5242610343650971
CD8 T memory,Monocyte classical,HLA-F,LILRB2,0.47279748,0.0,0.20708029,0.5536116144130945,0.7820246724360101,0.026152622,0.8557072,0.05789331968041655,0.5242610343650971
B naive,Erythroid early,MIF,TNFRSF14,0.24767782,1.0,0.027852545,-0.21603628228775146,-0.43851931261028737,0.0005458856,0.68503165,1.0,0.5245722310076064
CD8 T cytotoxic,T proliferating,ITGAL_ITGB2,ICAM3,0.54366326,0.0,0.2071032,0.3513268229339047,0.2835563112899233,0.011265936,0.8557141,0.15352442378859643,0.5250585749088765
CD4 T memory,Pre-B large,MIF,TNFRSF14,0.4656521,0.0,0.14812931,0.07615009542925028,-0.01964115060627225,0.0029032053,0.83376837,1.0,0.5250585749088765
Monocyte non-classical,Erythroid early,TNFSF13B,TFRC,0.81084186,0.0,0.584336,1.484938268035264,1.0852590903199926,0.0517931,0.908775,0.005578582336531458,0.5251586120428705
Erythroid early,CD4 T naive,MIF,TNFRSF14,0.5567327,0.0,0.20754357,0.19194454624736423,0.09534079112450611,0.0040676724,0.8558451,0.6264194814617368,0.5258569238903749
T proliferating,CD4 T naive,CD58,CD2,0.44428548,0.0,0.17378864,0.46987588436945127,0.40911588352087647,0.013899448,0.84454614,0.05789331968041655,0.5258569238903749
CD4 T naive,CD4 T naive,LCK,CD8A_CD8B,0.45425022,0.0,0.1480561,0.20508853444352684,0.3171778104903201,0.00810543,0.83373404,0.5419010931150685,0.5258569238903749
Dendritic cell,Plasmacytoid DC,SELL,SELPLG,0.8089805,0.0,0.56522405,0.7614461625296518,0.6005375996380795,0.025208073,0.90738714,0.05789331968041655,0.5261557634279478
Dendritic cell,B naive,TNFSF13B,CD40,0.48255062,0.0,0.2077557,0.8578447628141432,0.7520870310953472,0.08572791,0.85590816,0.040204027558106495,0.526656081719127
Plasmacytoid DC,CD4 T memory,MIF,TNFRSF14,0.4441711,0.021,0.17393711,0.07307741022574284,-0.026642529193875275,0.0034090155,0.8446022,1.0,0.526656081719127
HSPC,B naive,FAM3C,LAMP1,0.1683431,0.994,0.027865898,0.007876151208635634,-0.1257748738899058,0.0023710672,0.6850833,1.0,0.5268151260822891
Monocyte non-classical,T proliferating,LGALS9,CD44,0.8086543,0.0,0.6126093,0.5511268069017002,0.4079161998594041,0.00941437,0.9107148,0.06709161431462753,0.5271534845017054
Pre-B small,Pre-B small,LGALS9,CD47,0.44393972,0.0,0.19497484,0.2937529458074944,0.5897437426696892,0.0038634934,0.8519485,0.6981592541445114,0.5274560488046677
NK,CD8 T cytotoxic,ITGAL_ITGB2,ICAM3,0.47683907,0.0,0.20796601,0.32644060103978134,0.4935287758285928,0.011312871,0.8559705,0.18701984042600306,0.5274560488046677
B naive,Pre-B large,FAM3C,HLA-C,0.985855,1.0,0.38777792,-0.06758845131837063,-0.34629784167671684,0.0047756387,0.8902939,1.0,0.5281518792735338
CD8 T memory,NK,MIF,CD74,0.8080838,1.0,0.5868397,-0.19279322627402748,-1.045807054117923,0.0011564922,0.90895206,1.0,0.5281518792735338
NK,CD8 T cytotoxic,MIF,TNFRSF14,0.4438431,0.0,0.17435794,0.07320274971812729,0.22456548841165824,0.0034172633,0.8447607,1.0,0.5282568255565306
HSPC,Monocyte non-classical,LGALS9,CD47,0.45746768,0.0,0.20804453,0.31977097512450803,0.18348385377572657,0.0041224733,0.8559938,0.6096600440167755,0.5282568255565306
Dendritic cell,Platelet,GHRL,PTGIR,0.18824682,0.0,0.027934441,1.1230353131273605,0.6612108638670855,0.10374878,0.6853483,0.05789331968041655,0.529056665943856
Plasmacytoid DC,Monocyte non-classical,LGALS9,CD44,0.6631607,0.0,0.20820579,0.19861641082031123,0.192808455086029,0.003199635,0.85604155,1.0,0.5290584123842503
T proliferating,Granulocyte precursor,LGALS9,CD44,0.46637166,0.565,0.14766818,0.00646015734961447,-0.17912651910606084,0.002269314,0.8335522,1.0,0.5290584123842503
Granulocyte precursor,Monocyte classical,TNFSF13B,HLA-DPB1,0.8072626,0.0,0.6472413,0.49834751559821056,0.34589490903306364,0.007825844,0.9129255,0.12108339735906282,0.5291509469243642
Monocyte non-classical,NK,TNFSF13B,HLA-DPB1,0.46294737,1.0,0.20831841,0.1248119476730625,-0.378960027668907,0.002518794,0.8560748,1.0,0.5298608096973616
Dendritic cell,Plasmacytoid DC,HBEGF,CD44,0.44340795,0.109,0.15199521,0.30399675185894376,-0.033338191258801775,0.01322367,0.8355461,1.0,0.5298608096973616
T proliferating,T activated,MIF,CD74,0.80645573,1.0,0.586369,-0.03857089706553252,-1.3898434598510319,0.0011555646,0.90891886,1.0,0.530150686635128
CD4 T memory,Monocyte non-classical,SELL,SELPLG,0.44314468,0.0,0.1714733,0.2172815624095049,0.17210201720642457,0.0076474296,0.84366363,0.5015688269943288,0.5306640179053982
Erythroid late,Granulocyte precursor,LGALS9,CD44,0.46613252,0.665,0.14731874,0.005985271255638566,-0.028383369851936957,0.0022639437,0.8333878,1.0,0.5306640179053982
CD8 T cytotoxic,Monocyte classical,HLA-F,LILRB2,0.47464082,0.0,0.20835039,0.5560835205394502,0.7594897450277738,0.026313027,0.8560843,0.05789331968041655,0.5306640179053982
Erythroid late,NK,MIF,CD74,0.8061982,1.0,0.5828222,-0.19501649832826926,-0.9344582827489162,0.0011485749,0.9086674,1.0,0.5311512028398415
Monocyte classical,Erythroid early,MIF,TNFRSF14,0.24912974,1.0,0.028040338,-0.214324533716218,-0.4103762076463126,0.0005495662,0.68575615,1.0,0.5312968804438849
T proliferating,Monocyte non-classical,SIRPG,CD47,0.44299814,0.0,0.19379002,0.7070374438993575,0.3934719242923374,0.024462607,0.85156363,0.05789331968041655,0.5314682066281152
Dendritic cell,CD4 T naive,LGALS9,CD47,0.50467455,0.0,0.20860733,0.476447177486662,0.23320469263892557,0.004133626,0.85616016,0.606348931265802,0.5314682066281152
Granulocyte precursor,CD4 T memory,APP,CD74,0.46176013,1.0,0.14717898,-0.15292166739627974,-1.3485451358246665,0.001029915,0.8333218,1.0,0.5314682066281152
CD8 T cytotoxic,HSPC,ITGAL_ITGB2,ICAM3,0.54705846,0.0,0.20877522,0.3553660535743164,0.3066425831946721,0.011356891,0.8562097,0.1473300432076454,0.5322730380253928
Monocyte non-classical,CD8 T cytotoxic,CD58,CD2,0.4861256,0.0,0.14709195,0.4338615355945883,0.5892088597851526,0.011764273,0.8332808,0.06879815207137359,0.5322730380253928
NK,CD4 T memory,MIF,TNFRSF14,0.44283307,0.0,0.17315741,0.07150006937641616,0.14059467856419877,0.0033937336,0.8443071,1.0,0.5330786815462853
CD4 T memory,T proliferating,MIF,TNFRSF14,0.50743103,0.008,0.20893975,0.14658205590303608,0.010379294046955534,0.0040950365,0.8562583,1.0,0.5330786815462853
HSPC,CD4 T naive,MIF,CD74,0.8051895,1.0,0.4856751,0.006179383211785516,-1.611638738918244,0.0009571258,0.9008139,1.0,0.5331540353302677
Erythroid early,Plasmacytoid DC,SEMA4D,PLXNB2,0.17220393,0.0,0.028045492,0.3701116612183445,0.11737295426513998,0.0131668225,0.6857759,0.4020173776252443,0.5335357405142925
Monocyte non-classical,CD8 T cytotoxic,APP,CD74,0.5325864,1.0,0.14666228,-0.15330407499911622,-1.0870975290546783,0.0010262992,0.8330775,1.0,0.5338851376003269
Plasmacytoid DC,CD8 T cytotoxic,TNFSF13B,HLA-DPB1,0.5499708,0.299,0.2089411,0.0436717534509822,-0.31865123838062415,0.0025263228,0.8562586,1.0,0.5338851376003269
Pre-B large,CD8 T cytotoxic,FAM3C,CLEC2D,0.44277024,0.0,0.17232756,0.3821711778796719,0.3602745982686322,0.015305106,0.84399116,0.11686232581361176,0.5338851376003269
B naive,Plasmacytoid DC,BST2,LILRA4,0.90291774,0.0,0.3854316,3.9646585875670195,1.2855447210032547,0.028066272,0.8899972,0.02867036366555228,0.5341564551603735
T activated,NK,MIF,CD74,0.80361205,1.0,0.5773122,-0.19806561577890547,-1.1241459925686086,0.0011377162,0.90827245,1.0,0.5341564551603735
Erythroid early,T activated,CD58,CD2,0.46523148,0.0,0.20936395,0.575904659175913,0.3391327681435611,0.016744727,0.856383,0.07009926313791086,0.5346924065970522
CD8 T cytotoxic,T proliferating,CLEC2B,KLRF1,0.45902637,0.0,0.14653312,0.2517373149087705,0.38632234711004154,0.0064742146,0.8330162,0.38177422811286443,0.5350963460769004
T proliferating,CD8 T cytotoxic,KLRF1,CLEC2B,0.45902637,0.0,0.14653312,0.2517373149087705,0.38632234711004154,0.0064742146,0.8330162,0.38177422811286443,0.5350963460769004
Erythroid early,CD4 T memory,LGALS9,CD44,0.80300856,0.0,0.56098807,0.5012035718335671,0.3179161190518758,0.008621071,0.9070706,0.08927109033466511,0.535159542954983
Pre-B small,Monocyte non-classical,HLA-F,LILRB2,0.4423447,0.0,0.16354282,0.7283876517674893,0.5491801743029335,0.020654181,0.84051543,0.05789331968041655,0.535500488945995
HSPC,CD4 T memory,APP,CD74,0.5055422,1.0,0.21011566,-0.04381639600670209,-1.3019722180488897,0.001470327,0.8566032,1.0,0.535500488945995
Pre-B large,Granulocyte precursor,GRN,TNFRSF1B,0.16993289,0.991,0.028055165,-0.07686129537330073,-0.32158178667629855,0.001241984,0.68581307,1.0,0.5357732465646458
Erythroid early,Dendritic cell,LGALS9,CD44,0.8020865,0.0,0.5600411,0.5002582890457449,0.14727709427384184,0.00860652,0.90699935,0.3311736798291026,0.5361634034995998
CD8 T memory,Monocyte non-classical,MIF,TNFRSF14,0.44205618,0.001,0.18357356,0.08119708272645483,0.09638129937284662,0.0035978814,0.848108,1.0,0.5363093850566907
Granulocyte precursor,Erythroid early,GRN,TNFRSF1B,0.5834866,0.0,0.14650573,0.5390954502216344,0.4685825273102814,0.006485714,0.8330032,0.2054425915368771,0.5363093850566907
Dendritic cell,CD4 T memory,APP,CD74,0.5055615,1.0,0.21014331,-0.04376853592178498,-1.3100153684424893,0.0014705206,0.8566113,1.0,0.5363093850566907
Plasmacytoid DC,T proliferating,MIF,TNFRSF14,0.44203964,0.182,0.17139222,0.06948425633392621,-0.1419625350010017,0.0033591378,0.84363246,1.0,0.5371190953386726
Erythroid late,Pre-B large,LGALS9,CD47,0.6222936,0.0,0.21029273,0.4760889091069548,0.44164964748293695,0.004167022,0.856655,0.4939661604682039,0.5371190953386726
Erythroid early,T proliferating,LGALS9,CD47,0.80172384,0.0,0.55966866,0.8177860019711682,0.474261917568107,0.011090027,0.9069713,0.05789331968041655,0.5371678248360476
Dendritic cell,Dendritic cell,LGALS9,HAVCR2,0.50592655,0.0,0.21040855,1.1121802952473288,0.6150841406576784,0.052780844,0.85668874,0.05789331968041655,0.5379296202014758
T proliferating,Monocyte non-classical,ITGAL_ITGB2,ICAM3,0.44171166,0.002,0.18096167,0.27582615280297595,0.18374250022528202,0.009843897,0.84718263,1.0,0.5379296202014758
Erythroid early,NK,CDH1,ITGAE_ITGB7,0.16980758,0.0,0.028095635,1.1813222973224164,0.1964404063467811,0.027120534,0.68596834,0.2283545952775536,0.5380093990045112
Monocyte non-classical,NK,MIF,CD74,0.8013033,1.0,0.57239324,-0.20078772668323072,-1.1179344276217837,0.0011280223,0.9079154,1.0,0.5381729116797067
Platelet,T activated,APP,CD74,0.44166803,1.0,0.18257104,-0.04406543459234086,-0.9056474767389162,0.0012775781,0.84775496,1.0,0.5387409600546342
CD8 T cytotoxic,CD4 T naive,MIF,CD74,0.46286774,1.0,0.21052755,-0.39742542167920186,-1.9207037107173488,0.0004148892,0.8567235,1.0,0.5387409600546342
Granulocyte precursor,Monocyte non-classical,ANXA1,FPR1,0.89562726,0.0,0.3813968,0.6471152860776641,0.6831600678101307,0.03187364,0.88948095,0.05789331968041655,0.5391786632115083
Pre-B small,Monocyte classical,LGALS9,CD44,0.79964894,0.0,0.47814128,0.4423424249737933,0.8091094345633241,0.0073479107,0.9001132,0.14430410970570773,0.5391786632115083
T proliferating,Pre-B small,SIRPG,CD47,0.44163764,0.0,0.1927195,0.7051812955028993,0.5363037647276607,0.024327476,0.8512132,0.05789331968041655,0.5395532862296797
Granulocyte precursor,Plasmacytoid DC,LGALS9,CD44,0.4882636,0.328,0.2107231,0.08641720635532546,-0.08462164357523028,0.0032383204,0.8567804,1.0,0.5395532862296797
B naive,Monocyte classical,FAM3C,HLA-C,0.97094434,1.0,0.38117045,-0.08015374785412441,-0.20566171468677052,0.004694265,0.8894518,1.0,0.5401850786123837
Granulocyte precursor,CD8 T cytotoxic,TNFSF13B,HLA-DPB1,0.79824233,0.0,0.6338789,0.49121696170931706,0.21426809966993465,0.0076642777,0.91209275,0.19820303905625264,0.5401850786123837
Dendritic cell,Pre-B large,ITGAL_ITGB2,ICAM3,0.17212446,1.0,0.028127108,-0.15817336684005248,-0.517415242198145,0.0015300498,0.6860889,1.0,0.5402441395017632
T proliferating,Pre-B large,LGALS9,CD47,0.6225328,0.0,0.21079156,0.4765637952009307,0.2909064982288131,0.004176907,0.85680044,0.5932391681412853,0.5403662574638003
Pre-B large,NK,LGALS9,CD44,0.44129217,0.98,0.19214725,0.11999392839477369,-0.07953859173735389,0.002952853,0.85102487,1.0,0.5403662574638003
Pre-B large,CD8 T memory,MIF,TNFRSF14,0.59897137,0.0,0.21141094,0.23626631333972373,0.26262145332229037,0.00414347,0.85698026,0.6030513240524494,0.5411800449169648
CD8 T cytotoxic,Dendritic cell,PTPRC,CD22,0.7456333,0.0,0.14558707,0.24185863501724722,0.2833177678666975,0.007718757,0.83256525,0.41017162885249464,0.5411800449169648
HSPC,CD8 T cytotoxic,LGALS9,CD47,0.4410765,0.0,0.19419837,0.29740656621701544,0.2548664618129444,0.0038481075,0.8516966,0.7055341118901896,0.5411800449169648
Plasmacytoid DC,CD8 T memory,FAM3C,HLA-C,1.6821487,0.0,0.38107932,0.4227101801777057,0.4995313625606139,0.004693142,0.88944006,0.46083536421776916,0.5411922630171702
Pre-B small,CD4 T memory,CLEC2D,KLRB1,0.7981712,0.0,0.49275845,0.3375554713803397,0.6125002789267509,0.010567574,0.9014588,0.1732833606357037,0.5411922630171702
Pre-B large,Dendritic cell,MIF,TNFRSF14,0.56547046,0.0,0.14555874,0.1797897416926374,0.057835488040045124,0.002852824,0.83255166,1.0,0.541994648998709
B naive,NK,SELL,SELPLG,0.52093685,0.0,0.21150413,0.2967386422428206,0.515592617926895,0.00943274,0.8570073,0.25427767283826924,0.541994648998709
T proliferating,Monocyte classical,HLA-F,LILRB2,0.44103062,0.0,0.18519217,0.5110128159474668,0.45910907322980277,0.023388324,0.8486725,0.05789331968041655,0.541994648998709
Erythroid early,CD4 T memory,MIF,CD74,0.7977471,1.0,0.63015974,-0.09925988981681941,-1.3481836658963933,0.0012418634,0.91185653,1.0,0.5422000037685937
T proliferating,Plasmacytoid DC,FLT3LG,FLT3,0.16788071,0.027,0.028183917,0.5397312163099766,0.14659287212499586,0.019301467,0.6863062,1.0,0.5424775859849167
CD8 T cytotoxic,T proliferating,CCL5,CCR5,1.8446852,0.0,0.32711264,1.5010042144474092,1.3899407686536012,0.1117043,0.8817057,0.0008322760923383634,0.5424775859849167
CD4 T memory,CD4 T memory,MIF,TNFRSF14,0.5095625,0.0,0.21204215,0.1501752097948527,0.12569929985408196,0.0041558407,0.85716283,0.7838730405734013,0.542810070118566
Plasmacytoid DC,Plasmacytoid DC,GRN,TNFRSF1B,0.5969027,0.0,0.14546485,0.5580962529158638,0.4959721792397153,0.006439635,0.8325067,0.20938382396977917,0.542810070118566
CD8 T cytotoxic,Pre-B small,MIF,TNFRSF14,0.44083786,0.0,0.1874468,0.0859893523480487,0.2437677402545329,0.0036737935,0.84944797,1.0,0.542810070118566
T activated,T activated,CLEC2D,KLRB1,0.7972864,0.0,0.44261724,0.32676130186853336,0.5252326886420214,0.009492258,0.8965887,0.185655982190494,0.5432084059317988
NK,T proliferating,MIF,TNFRSF14,0.4407016,0.176,0.17062393,0.06790691548459954,0.025274672757072347,0.0033440797,0.8433359,1.0,0.5436263086860711
Monocyte non-classical,T proliferating,HBEGF,CD44,0.610807,0.005,0.21220255,0.4445528745638643,0.23673891922538942,0.018461743,0.8572092,0.9643350010338823,0.5436263086860711
Dendritic cell,Monocyte non-classical,CD99,PILRA,0.7972345,0.0,0.62385666,1.0686614960889789,0.6342434326884461,0.028439892,0.9114517,0.05789331968041655,0.5442174686877166
NK,Pre-B small,MIF,TNFRSF14,0.47606474,0.0,0.21265692,0.12752288373870954,0.3525325148057136,0.0041678897,0.85734004,0.8918674821106666,0.5444433651107581
HSPC,Granulocyte precursor,GRN,TNFRSF1A,0.17723227,0.106,0.02834187,0.07543552706180556,-0.16603273343123032,0.0027484593,0.6869074,1.0,0.5447096800862717
CD8 T cytotoxic,NK,MIF,CD74,0.7945751,1.0,0.55805814,-0.2087202893311812,-1.0717091724633032,0.0010997719,0.9068497,1.0,0.545227191217278
B naive,Monocyte classical,LGALS9,CD44,0.6891956,0.0,0.21277328,0.22300808008223838,0.4513326207218163,0.003269827,0.8573735,0.9914041813865195,0.5452612398021615
B naive,CD4 T naive,FAM3C,CLEC2D,0.4405322,0.0,0.146124,0.33079882220112283,0.5578770737734916,0.012977861,0.8328216,0.18116360746827234,0.5452612398021615
Dendritic cell,CD8 T memory,HBEGF,CD44,0.57528067,0.0,0.21323279,0.43925424013557457,0.3544067626077776,0.018551374,0.8575054,0.06520992552080064,0.5460799331698163
Erythroid late,Monocyte non-classical,MIF,TNFRSF14,0.44017056,0.014,0.18231681,0.07897381067221304,0.2077300707418534,0.0035732505,0.84766495,1.0,0.5460799331698163
NK,T proliferating,LCK,CD8A_CD8B,0.7932842,0.0,0.6276821,0.6862308033037308,0.7135751016486087,0.038379584,0.9116981,0.05789331968041655,0.5462376790025008
T proliferating,CD8 T memory,ITGAL_ITGB2,ICAM3,0.49173015,0.0,0.21325043,0.33533093460404484,0.34142291378361644,0.0116003305,0.8575104,0.17588094226423473,0.5468994456232558
Plasmacytoid DC,CD4 T memory,COPA,CD74,0.46024054,1.0,0.14499454,-0.18924554411807737,-1.3650969208625148,0.0013975776,0.83228076,1.0,0.5468994456232558
T proliferating,NK,BAG6,NCR3,0.4396284,0.0,0.1578454,0.7918417210162672,0.8002774956246679,0.035050128,0.83812445,0.04680189478672529,0.5468994456232558
Plasmacytoid DC,Dendritic cell,HLA-F,LILRB2,0.17006227,0.994,0.028414423,-0.00562470809928059,-0.25291082528681275,0.0035885198,0.68718225,1.0,0.546940422215395
Pre-B small,Plasmacytoid DC,BST2,LILRA4,0.90065897,0.0,0.3783909,3.9614694072236016,1.3541457808948554,0.027553586,0.8890915,0.031173814060565314,0.5472487186913202
Plasmacytoid DC,Monocyte classical,TNFSF13B,HLA-DPB1,0.5589911,0.155,0.21334568,0.05080230733987572,-0.18702442901749516,0.002579579,0.8575377,1.0,0.5477199502144043
Monocyte non-classical,Granulocyte precursor,LGALS9,CD47,0.4395021,0.0,0.16564004,0.3521208840195456,0.2696477312620869,0.003282214,0.84136754,0.9223965916869857,0.5477199502144043
Granulocyte precursor,Granulocyte precursor,GRN,TNFRSF1B,0.58257353,0.0,0.14463603,0.5374047793844625,0.5816636036038869,0.0064029437,0.83210796,0.21187571948608683,0.5477199502144043
T proliferating,CD4 T memory,FAM3C,HLA-C,1.5155958,0.0,0.37836576,0.29446049458255164,0.18144986585006023,0.0046597235,0.88908815,0.4680498708130726,0.5482604156964914
Pre-B large,CD4 T memory,LGALS9,CD44,0.79237497,0.0,0.53775257,0.480087468664563,0.39892889319176683,0.008263996,0.9052723,0.10251611621796644,0.5482604156964914
CD4 T memory,CD8 T cytotoxic,MIF,TNFRSF14,0.51057255,0.0,0.21351229,0.15187789013656383,0.20967010970154143,0.0041846544,0.8575853,0.7640333449882467,0.5485411022405268
Pre-B large,Erythroid early,GRN,TNFRSF1B,0.17084593,0.994,0.028417831,-0.07517062453612885,-0.4346628629699041,0.001258039,0.6871952,1.0,0.549169754182349
Granulocyte precursor,T activated,LGALS9,CD44,0.7919608,0.0,0.40624076,0.39790967034949437,0.43787084286644007,0.006242968,0.89254487,0.2288845738079738,0.5492727691989455
Plasmacytoid DC,Pre-B small,MIF,TNFRSF14,0.4774028,0.001,0.21361448,0.12910022458803622,0.18529530704763958,0.0041866573,0.8576145,0.9572610593235005,0.5493630745811238
Erythroid early,T activated,MIF,TNFRSF14,0.5606687,0.0,0.21444525,0.1985797439368554,0.08149176918669127,0.004202939,0.8578514,0.5856906631407923,0.5501858676457291
Plasmacytoid DC,Pre-B large,LILRB4,LAIR1,0.47080076,0.0,0.14447807,1.7398295754224802,0.8588668842640756,0.044995345,0.8320316,0.02163006175663077,0.5501858676457291
Dendritic cell,Dendritic cell,GRN,TNFRSF1B,0.8434218,0.0,0.37796643,0.9483647268387028,0.6630114194231216,0.01673233,0.8890361,0.05789331968041655,0.5502857783796139
T proliferating,CD4 T naive,ITGAL_ITGB2,ICAM3,0.43876576,0.001,0.17905997,0.27232189015784464,0.18010665443543125,0.009740449,0.84649754,0.9572610593235005,0.5510094818438779
Erythroid early,HSPC,MIF,TNFRSF14,0.52069074,0.0,0.14434439,0.1311840398642661,-0.09651137396751502,0.0028290239,0.83196694,1.0,0.5510094818438779
NK,Plasmacytoid DC,SELL,SELPLG,0.46534628,0.0,0.21452862,0.384896541750322,0.3793360510786237,0.009567627,0.8578751,0.11337769027875612,0.5510094818438779
Erythroid early,CD4 T memory,FAM3C,HLA-C,1.5153657,0.0,0.37703094,0.29384070884535446,0.14945176973220856,0.0046432843,0.8889138,0.4716887253839914,0.5512995490655394
Pre-B large,Dendritic cell,LGALS9,CD44,0.7914529,0.0,0.53684485,0.47914218587674073,0.2282898684137329,0.008250047,0.9051999,0.17850761905716006,0.5512995490655394
T proliferating,CD4 T naive,APP,CD74,0.2363796,1.0,0.028483482,-0.40988718313029576,-2.0277307859671194,0.00019931898,0.68744314,1.0,0.5513977936312291
Granulocyte precursor,Monocyte non-classical,SELL,SELPLG,0.43873337,0.0,0.16895589,0.21244751136516668,0.11989223740163199,0.0075351573,0.8426858,0.5160536388416223,0.5518339175851042
Erythroid early,Erythroid early,LGALS9,CD44,0.46592194,0.694,0.21482278,0.15546544990832617,-0.46747245521138403,0.0033013227,0.85795856,1.0,0.5518339175851042
Pre-B large,T proliferating,LGALS9,CD47,0.7910902,0.0,0.5364878,0.796669898802164,0.555274691707998,0.01063069,0.90517133,0.05789331968041655,0.5523138672141752
Plasmacytoid DC,NK,COPA,CD74,0.6335154,1.0,0.21490464,-0.09067101530887149,-0.9863293426671877,0.002071429,0.8579818,1.0,0.5526591752789424
CD4 T memory,NK,SELL,SELPLG,0.4386028,0.0,0.16601437,0.20651837107105064,0.26844013298224645,0.0074039707,0.84151816,0.5348487907566501,0.5526591752789424
Erythroid early,T proliferating,CD58,CD2,0.7901359,0.0,0.45701277,0.9959821682615597,0.6732205480015623,0.03655144,0.89806306,0.05789331968041655,0.5533288385837329
Granulocyte precursor,Monocyte classical,CD99,PILRA,0.43797886,0.0,0.17383589,0.3114260303765051,0.23181853869512303,0.007924695,0.844564,0.21692617061118652,0.5534852553349268
NK,T proliferating,CCL4,CCR5,0.83585346,0.0,0.14370032,1.36484584011412,1.3870824158923802,0.16373421,0.8316541,0.0008700090979911373,0.5534852553349268
T proliferating,Pre-B large,MIF,TNFRSF14,0.63149107,0.0,0.21563917,0.2716782514878787,0.03648179252073247,0.0042263395,0.8581895,0.6207950997028068,0.5534852553349268
T proliferating,HSPC,TNF,VSIR,0.1818763,0.997,0.02856766,0.0763381650541615,-0.30560164440923054,0.005635175,0.68776006,1.0,0.5536244823365667
Erythroid early,CD4 T memory,LGALS9,CD47,0.4669054,0.0,0.21583273,0.3609503827205057,0.14153771199332454,0.0042767995,0.8582442,0.5676585284570501,0.5543121581625918
Pre-B large,Granulocyte precursor,APP,CD74,1.0711793,0.0,0.37548694,0.18204732864437081,-0.4925250717516952,0.0026275467,0.88871104,1.0,0.5543444623551438
Granulocyte precursor,Granulocyte precursor,TNFSF13B,HLA-DPB1,0.7876569,0.0,0.6181978,0.4828491903103225,0.12169682387761482,0.0074746767,0.91108334,0.3892242182174971,0.5543444623551438
T activated,Monocyte non-classical,MIF,TNFRSF14,0.43758443,0.032,0.1805932,0.07592469322157684,0.018042360922160883,0.003539469,0.84705067,1.0,0.5551398841714715
Monocyte classical,Monocyte classical,SELL,SELPLG,0.49031517,0.0,0.14342915,0.20117065642790363,0.42048387034907475,0.006396706,0.8315218,0.5531239019182317,0.5551398841714715
Monocyte non-classical,CD4 T naive,MIF,CD74,0.4695959,1.0,0.21593547,-0.3894928590312514,-1.9669289658758293,0.00042554666,0.8582731,1.0,0.5551398841714715
Monocyte classical,Monocyte classical,LGALS9,CD44,0.78753537,0.0,0.44903797,0.4182874714645706,0.7681287681633155,0.006900661,0.89725447,0.17371427957140925,0.5553607377093391
Dendritic cell,CD8 T cytotoxic,GRN,TNFRSF1B,0.8424438,0.0,0.37518737,0.9465537493883014,0.8373647836769682,0.016609302,0.8886716,0.05789331968041655,0.5553607377093391
Plasmacytoid DC,T activated,FAM3C,LAMP1,0.18060604,0.603,0.02861924,0.010637323222467972,-0.04898110809845316,0.002435168,0.6879537,1.0,0.5558498207079281
Granulocyte precursor,NK,LGALS9,CD47,0.43748528,0.0,0.17803241,0.26129372140160284,0.4082199329641423,0.0035277735,0.8461233,0.8400747993382582,0.5559686081424976
CD4 T naive,NK,SELL,SELPLG,0.5293509,0.0,0.21615289,0.3059590609143967,0.4827180259776507,0.009640066,0.85833424,0.23101371830685624,0.5559686081424976
Erythroid early,HSPC,FAM3C,HLA-C,0.89754105,1.0,0.2164251,-0.2267731721922035,-0.7937281471246825,0.0026653605,0.85841084,1.0,0.5567979819157811
CD4 T naive,Plasmacytoid DC,BST2,LILRA4,0.8993928,0.0,0.37444407,3.9596816473705974,1.2251965324837628,0.027266182,0.8885734,0.032781661386032376,0.5573953469471065
T proliferating,CD8 T cytotoxic,CLEC2D,KLRB1,0.7855269,0.0,0.6161347,0.38168340612367946,0.35889099413729386,0.01321347,0.9109478,0.11750442499461451,0.5573953469471065
Granulocyte precursor,B naive,PTPRC,CD22,0.4653932,0.998,0.2164388,0.2871969281601898,0.14182162569945878,0.011475184,0.85841465,1.0,0.5576281800989693
Erythroid early,CD4 T memory,IL7,IL2RG_IL7R,0.36028266,0.0,0.028636483,0.3599600585268901,0.24537391044041507,0.020367712,0.6880184,0.15273963600803694,0.5580738091548804
Monocyte non-classical,Erythroid early,LGALS9,CD47,0.7853744,0.0,0.5844221,0.8240386192066746,0.6588983956723807,0.011580525,0.9087811,0.05789331968041655,0.5584135722034711
Pre-B large,T proliferating,HLA-B,KIR3DL2,1.2861972,1.0,0.37371755,0.118089597121766,-0.2289678536756281,0.01439183,0.88847727,1.0,0.5584135722034711
Pre-B large,CD8 T memory,LGALS9,CD47,0.43730053,0.0,0.18821791,0.31394935420385495,0.25820138243179847,0.0037296023,0.8497103,0.7640333449882467,0.5584592031015961
Pre-B small,B naive,LGALS9,CD44,0.47096577,0.603,0.21648924,0.10522343827659818,0.159499203772149,0.0033269324,0.85842884,1.0,0.5584592031015961
Pre-B large,Erythroid late,LGALS9,CD47,0.46606177,0.0,0.2165304,0.35319189436002746,0.36594710514125883,0.004290624,0.85844034,0.5645201336034829,0.5592910513331957
HSPC,Monocyte non-classical,LGALS9,CD44,0.7833751,0.0,0.48334876,0.43733395163309985,0.32857936900376133,0.0074279374,0.9005992,0.13948667842874088,0.5594324457662591
T proliferating,HSPC,FAM3C,HLA-C,0.8977711,1.0,0.21719134,-0.22615338645500635,-0.7617300510068308,0.002674797,0.8586255,1.0,0.5601237252033027
Pre-B large,CD8 T memory,FAM3C,CLEC2D,0.4367546,0.0,0.16885337,0.37466567854153054,0.3555722876805453,0.014996547,0.8426456,0.12373718152330601,0.5601237252033027
Pre-B large,Granulocyte precursor,MDK,SORL1,0.17240039,0.0,0.028637854,0.4569259290033778,0.11463610914224528,0.009665755,0.6880235,0.4109938217870455,0.5602963896649795
HSPC,Pre-B small,MIF,TNFRSF14,0.7831596,0.0,0.4324291,0.4895941572390361,0.5528327120536376,0.008475233,0.8955042,0.09462321901848832,0.5604519668164014
T proliferating,NK,SIRPG,CD47,0.4732507,0.0,0.21759434,0.7483151005532777,0.600505901711885,0.02746749,0.85873795,0.05789331968041655,0.5609572251214512
NK,B naive,ITGAL_ITGB2,ICAM3,0.4366237,0.0,0.18081892,0.27859813414659135,0.40042902306345196,0.009836133,0.84713155,0.30209272832838374,0.5609572251214512
T proliferating,Pre-B small,PTPRC,CD22,0.8838018,0.0,0.3710835,0.48854419539310223,0.4553924378813792,0.01967416,0.8881264,0.05789331968041655,0.5614722418645327
Monocyte classical,Pre-B small,PTPRC,CD22,0.5687644,0.0,0.21767786,0.18966649821042947,0.2593622703924967,0.011540876,0.8587612,0.6085548368790504,0.5617915514971759
Erythroid early,B naive,LGALS9,CD47,0.4365576,0.0,0.18466759,0.31954296597396536,0.14526378724472477,0.0036592514,0.8484903,0.7878868904848833,0.5617915514971759
Plasmacytoid DC,Erythroid late,FAM3C,LAMP1,0.1808021,0.569,0.028665261,0.010944554006969608,0.02362800365063103,0.002439084,0.68812615,1.0,0.5625176795272798
Monocyte non-classical,B naive,LGALS9,CD47,0.48252434,0.0,0.21773136,0.4108216459021214,0.4536426892139207,0.004314421,0.8587761,0.5572478274260876,0.5626267047400104
Platelet,Monocyte classical,GP1BA,ITGAM_ITGB2,0.43654615,0.0,0.18870078,2.216606338697253,1.558923095164083,0.26574746,0.8498738,0.0002119238161508381,0.5626267047400104
Dendritic cell,Dendritic cell,MIF,TNFRSF14,0.55500275,0.0,0.14245822,0.167448083260755,-0.07753594087684657,0.0027920566,0.8310455,1.0,0.5634626852594905
T activated,CD4 T naive,MIF,CD74,0.47190464,1.0,0.21779115,-0.38677074812692613,-1.9731405308226542,0.00042920368,0.8587927,1.0,0.5634626852594905
CD4 T naive,NK,MIF,CD74,0.78159434,1.0,0.5304013,-0.2240250245442617,-1.1629675792139658,0.0010452684,0.9046805,1.0,0.5635145141656539
CD8 T cytotoxic,Dendritic cell,CD99,PILRA,0.8810592,0.0,0.36965403,0.7183345913299698,0.7973861197796764,0.0168515,0.88793445,0.05789331968041655,0.5635145141656539
Monocyte classical,Platelet,LGALS9,CD47,0.47834307,0.0,0.21788357,0.3331668915250401,0.813875347863387,0.0043174378,0.8588185,0.5541527301024731,0.5642996695741673
Plasmacytoid DC,B naive,MIF,TNFRSF14,0.43613434,0.045,0.16434151,0.05952890546135787,0.022327459891997026,0.0032209505,0.8408417,1.0,0.5642996695741673
T proliferating,T proliferating,CD70,CD27,0.437405,0.0,0.14244819,1.2306373159984603,0.49305936190288036,0.15645035,0.8310405,0.049831791285291804,0.5642996695741673
Erythroid early,Dendritic cell,GRN,TNFRSF1A,0.17054495,0.229,0.028695067,0.1254819624133799,-0.2523019227697574,0.0027827106,0.68823767,1.0,0.5647376206938604
Pre-B large,T proliferating,FAM3C,CLEC2D,0.52199775,0.0,0.21808366,0.4810217725259738,0.2205201784909264,0.019368889,0.8588741,0.19115652842627998,0.5651373060497722
HSPC,CD4 T memory,CD58,CD2,0.5368783,0.0,0.1420763,0.47080835587450165,0.4659765715449977,0.0113631245,0.8308569,0.05789331968041655,0.5651373060497722
CD4 T memory,Monocyte classical,HLA-F,LILRB2,0.43609166,0.0,0.1817891,0.5043897088356967,0.5979754731742413,0.022958543,0.84747773,0.05789331968041655,0.5651373060497722
NK,T activated,CLEC2D,KLRB1,0.77982384,0.0,0.39942673,0.3049736507696478,0.5609975176430003,0.008566006,0.89173096,0.23585858346594815,0.5655593633107492
Granulocyte precursor,NK,APP,CD74,0.63503504,1.0,0.2181423,-0.05434713858707388,-0.9697775576293394,0.0015264953,0.8588904,1.0,0.5659757710307111
B naive,HSPC,FAM3C,HLA-C,0.94333744,1.0,0.36893675,-0.1034154665577158,-0.4759059675593338,0.0045436015,0.88783777,1.0,0.566582859820383
Pre-B small,CD8 T memory,CLEC2D,KLRB1,0.77973616,0.0,0.4773365,0.32065049348790725,0.8764735958454775,0.010236839,0.90003747,0.1991570832494975,0.566582859820383
Erythroid early,Pre-B small,GAL,HLA-DPA1,0.86053395,0.0,0.21830662,1.35388238189727,0.5649228932845735,0.05140367,0.858936,0.05765022527484098,0.5668150649265178
Monocyte non-classical,Monocyte non-classical,MIF,TNFRSF14,0.4352757,0.009,0.17905445,0.07320258231725157,0.024253925868985726,0.003509311,0.84649557,1.0,0.5668150649265178
Pre-B large,T proliferating,HLA-F,KIR3DL2,0.1701558,0.886,0.02871,0.1987800067177338,-0.15567949935688818,0.009779187,0.6882935,1.0,0.5669562135742874
NK,B naive,MIF,TNFRSF14,0.4347963,0.0,0.16360483,0.0579515646120312,0.18956466765007107,0.0032065117,0.84054077,1.0,0.5676551881467278
Monocyte classical,Plasmacytoid DC,TNFSF13B,TNFRSF17,0.5115758,0.0,0.14150877,1.4371886958934375,1.2217718105094826,0.14160624,0.83057547,0.0022860077553249715,0.5676551881467278
T proliferating,Monocyte non-classical,APP,CD74,1.5761545,0.0,0.2183961,0.3522962213871164,0.07257666563546482,0.0015282712,0.8589608,1.0,0.5676551881467278
B naive,Monocyte non-classical,SELL,SELPLG,0.5254787,0.0,0.21845885,0.30750183358127486,0.4192545021510732,0.009742909,0.8589783,0.22677018082181147,0.5684961411008744
Dendritic cell,T activated,TNFSF13B,HLA-DPB1,0.43476042,1.0,0.14649074,0.15341994355343286,-0.689106734213917,0.0017712307,0.8329961,1.0,0.5684961411008744
Erythroid early,Pre-B large,LGALS9,CD47,0.778211,0.0,0.53552264,0.7857043375549297,0.5075990712307944,0.010611565,0.90509397,0.05789331968041655,0.568631562080229
B naive,Erythroid early,LTB,LTBR,1.1524185,0.0,0.085030995,0.42110984847023336,0.5692732373796726,0.010275667,0.7916729,0.07735295605812194,0.568631562080229
Monocyte non-classical,T proliferating,CCL3,CCR5,0.20428672,0.0,0.028877273,0.6717561046825891,0.3725022733569576,0.04933053,0.6889163,0.05789331968041655,0.5691734585781278
Platelet,T activated,MIF,CD74,0.47417223,1.0,0.21855123,-0.43034085074558165,-1.61579040703012,0.0004307016,0.8590038,1.0,0.5693379241984927
T activated,Granulocyte precursor,COPA,CD74,1.0693605,0.0,0.36839435,0.1459766750145856,-0.4352318149836497,0.0035508901,0.8877645,1.0,0.5696568737930321
CD8 T memory,T proliferating,LCK,CD8A_CD8B,0.77739054,0.0,0.6011872,0.6658845828507408,0.6876026091371679,0.036759555,0.9099466,0.05789331968041655,0.5696568737930321
Granulocyte precursor,NK,SELL,SELPLG,0.4341915,0.0,0.16357711,0.2016843200267124,0.21623035317745387,0.007295273,0.8405295,0.5520965069747595,0.5701805378491168
Plasmacytoid DC,Monocyte classical,LGALS9,CD44,0.691602,0.0,0.21855484,0.22778676508156015,0.40991047218695237,0.0033586756,0.8590048,0.9568282282224846,0.5701805378491168
CD4 T memory,T proliferating,LCK,CD8A_CD8B,0.77727515,0.0,0.6009948,0.6657370764381754,0.5683086139875545,0.036747795,0.9099335,0.05789331968041655,0.57068282480233
Dendritic cell,Monocyte non-classical,TNFSF13B,TFRC,0.43328795,0.0,0.14460306,0.5539802609556718,0.4247978123587236,0.01281701,0.832092,0.05789331968041655,0.5710239824622813
Granulocyte precursor,Plasmacytoid DC,GRN,TNFRSF1B,0.5808139,0.0,0.1410326,0.5341461461676819,0.5566666859092002,0.0062434226,0.8303382,0.2283545952775536,0.5710239824622813
Erythroid late,T proliferating,LGALS9,CD47,0.64580643,0.0,0.21977456,0.5081705735231933,0.40831249382024953,0.004354908,0.8593415,0.4939661604682039,0.5710239824622813
Dendritic cell,Dendritic cell,LILRB4,LAIR1,0.21942201,0.0,0.029010296,0.7206260404813614,0.25603879962566806,0.0090347845,0.6894086,0.14169486790811556,0.5713892978701618
NK,CD8 T memory,LCK,CD8A_CD8B,0.77725375,0.0,0.6035383,0.6619458166351663,1.0352096148492782,0.03690331,0.9101064,0.05789331968041655,0.5717095222937334
Plasmacytoid DC,T proliferating,FAM3C,HLA-C,1.6222309,0.0,0.3670147,0.37221854123776665,0.2787013075495317,0.004519931,0.8875775,0.50061413999001,0.5717095222937334
CD4 T memory,NK,MIF,TNFRSF14,0.51488954,0.0,0.21979578,0.15915571123091346,0.24688799646581022,0.004307805,0.8593474,0.7407255741926653,0.5718682584475201
Monocyte classical,Monocyte non-classical,LGALS9,CD47,0.43318662,0.0,0.1841243,0.2715541406947299,0.4059312358343574,0.003648486,0.8483008,0.7932626450925645,0.5718682584475201
CD8 T memory,Erythroid early,MIF,CD74,0.4330957,1.0,0.17370144,-0.40612023983430967,-1.9070613606357605,0.00034231553,0.8445132,1.0,0.5727135440696226
Erythroid late,CD4 T naive,MIF,CD74,0.47449076,1.0,0.2198698,-0.38372163067628995,-1.7834528210029617,0.0004333001,0.85936767,1.0,0.5727135440696226
Erythroid late,Dendritic cell,LGALS9,CD44,0.64616907,0.0,0.21992081,0.19064286059777,0.08132767052598439,0.0033796674,0.85938174,0.9429474118956114,0.5735594842027074
Granulocyte precursor,B naive,LGALS9,CD44,0.43289828,1.0,0.17507935,0.029630408820328233,-0.08622674291762233,0.0026905595,0.8450312,1.0,0.5735594842027074
Erythroid early,CD4 T naive,FAM3C,LAMP1,0.17660737,0.918,0.029015755,0.011473900827623493,-0.16257459500279173,0.0024689068,0.68942875,1.0,0.5736038483849417
CD4 T memory,Pre-B large,PTPRC,CD22,0.7749435,0.0,0.36614707,0.42479336523928557,0.29750081550578145,0.01941244,0.88745934,0.09879255464428124,0.5737646135571447
Pre-B small,NK,LGALS9,CD47,0.47555277,0.0,0.22014077,0.3368867508578728,0.6539458796539136,0.004362165,0.8594421,0.5388701925416863,0.5744062569365561
Erythroid late,CD4 T memory,LGALS9,CD44,0.64709115,0.0,0.22029266,0.19158814338559224,0.25196669530401833,0.0033853818,0.8594838,0.9383542120109362,0.5752538626807029
Monocyte non-classical,B naive,TNFSF13B,CD40,0.43227085,0.0,0.17516208,0.7672082691716946,0.8230048506608167,0.07227854,0.84506214,0.05719325853304141,0.5752538626807029
Dendritic cell,Monocyte non-classical,FAM3C,LAMP1,0.20081535,0.12,0.029078431,0.02957311057825227,-0.03362524069747243,0.0024742398,0.6896597,1.0,0.5758170522518241
T proliferating,Monocyte classical,COPA,CD74,1.1654274,0.0,0.3651689,0.18292891158329275,-0.32386884642565766,0.0035198007,0.88732564,1.0,0.575822248901092
T proliferating,T proliferating,LGALS9,CD47,0.64604557,0.0,0.22029589,0.5086454596171692,0.2575693445661257,0.0043652384,0.8594846,0.5368566676331238,0.5761023018446823
Monocyte classical,Plasmacytoid DC,TNFSF13B,TFRC,0.51081026,0.0,0.14019464,0.675510614079684,0.9924538728961455,0.012426266,0.829918,0.05789331968041655,0.5761023018446823
NK,T proliferating,CLEC2D,KLRB1,0.43221974,0.467,0.17488246,-0.013757534667839313,-0.42492089278338896,0.0037504856,0.8449576,1.0,0.5761023018446823
CD8 T cytotoxic,Erythroid early,CCL4,SLC7A1,0.52342,0.0,0.14017755,0.895533259304402,0.5461083035646707,0.05568929,0.8299094,0.05789331968041655,0.5769515748380285
Dendritic cell,Dendritic cell,CD99,PILRA,0.57446,0.0,0.22040252,0.39558768358130675,0.06617367590410561,0.010047538,0.8595139,0.5348487907566501,0.5769515748380285
Erythroid early,Plasmacytoid DC,TNFSF13B,HLA-DPB1,1.2262797,0.0,0.14002353,0.48434147254762183,0.343882665211335,0.0016930354,0.82983184,0.5444458087610641,0.5778016820702758
T proliferating,Dendritic cell,LGALS9,CD44,0.64640826,0.0,0.2204425,0.1911177466917459,-0.0694154787281395,0.0033876845,0.8595248,1.0,0.5778016820702758
T activated,Monocyte non-classical,HLA-F,LILRB2,0.43215168,0.0,0.15087125,0.7147189860710401,0.4430918924539184,0.01905386,0.83503544,0.05789331968041655,0.5778016820702758
Pre-B small,Monocyte non-classical,LGALS9,CD44,0.77120763,0.0,0.45550025,0.41317207071254436,0.5920074174624007,0.006999971,0.89791125,0.16524718747228911,0.5778825301785534
T proliferating,CD4 T naive,FAM3C,LAMP1,0.17683744,0.576,0.02911848,0.012093686564820655,-0.13057649888494005,0.002477648,0.689807,1.0,0.5780289098803757
CD4 T naive,Monocyte classical,SELL,SELPLG,0.48067492,0.0,0.13997988,0.19060731605316678,0.3341091566980773,0.0062428745,0.82980984,0.606348931265802,0.5786526239509588
Dendritic cell,Erythroid late,TNFSF13B,TFRC,0.432041,0.0,0.14300454,0.5510027576699364,0.4785721663309083,0.012675324,0.83131397,0.05789331968041655,0.5786526239509588
Pre-B small,CD4 T memory,MIF,CD74,0.51277065,1.0,0.22050647,-0.4352538290900632,-1.6468711830365605,0.0004345548,0.8595423,1.0,0.5786526239509588
HSPC,Monocyte non-classical,MIF,TNFRSF14,0.77086926,0.0,0.4027235,0.4688748245602885,0.3795441528265711,0.007893029,0.89212716,0.11718304555877239,0.5789135662063487
Monocyte classical,Pre-B small,LGALS9,CD47,0.4318261,0.0,0.1831072,0.26969799229827174,0.5487630762696807,0.003628332,0.8479441,0.7973124780672918,0.5795044008896116
T proliferating,CD4 T memory,LGALS9,CD44,0.64733034,0.0,0.22081523,0.19206302947956813,0.10122354604989445,0.0033934123,0.8596268,0.9322560732243318,0.5795044008896116
HSPC,Monocyte non-classical,FAM3C,HLA-C,1.3135566,0.0,0.36360377,0.13915172203607148,-0.049284645436890234,0.004477924,0.88711077,0.9398834098393756,0.5799452341588481
Erythroid late,Plasmacytoid DC,LGALS9,SLC1A5,0.17390135,0.0,0.029472722,0.3332365743384184,0.2522163164849991,0.0045898464,0.69109917,0.48645673031217584,0.5802394216801632
CD4 T memory,Monocyte non-classical,CCL5,CCR1,0.4313908,0.014,0.1481731,0.3468043881582268,-0.20373030320794921,0.013452447,0.8337888,1.0,0.5803570132957692
Dendritic cell,NK,CD48,CD244,0.59827316,0.0,0.2209034,0.48730213261516947,0.22641198214193192,0.029383276,0.85965085,0.18160913718723604,0.5803570132957692
Granulocyte precursor,B naive,TNFSF13B,TNFRSF13C,0.7699263,0.0,0.5919319,1.229366630362835,1.4953770143346523,0.14501214,0.9093089,0.001635386532558257,0.580977533216983
Dendritic cell,Dendritic cell,FAM3C,HLA-C,1.2151418,0.476,0.22130747,0.008258401189344861,-0.3505486146845381,0.002725489,0.85976106,1.0,0.5812106411890714
Erythroid late,Erythroid early,MIF,CD74,0.43121004,1.0,0.17251228,-0.4083435118885515,-1.7957125892667536,0.00033997203,0.8440616,1.0,0.5812106411890714
Pre-B large,Granulocyte precursor,COPA,CD74,1.0678694,0.0,0.36257985,0.14249371580560022,-0.5232491171647664,0.0034948455,0.8869695,1.0,0.5820105712327246
CD8 T cytotoxic,CD8 T cytotoxic,ITGAL_ITGB2,ICAM3,0.43119353,0.0,0.15171635,0.21752655301080728,0.3548902370185588,0.00825302,0.8354199,0.50061413999001,0.5820649259347959
Pre-B large,CD4 T memory,APP,CD74,0.45566428,1.0,0.13841617,-0.16811271311144343,-1.4185473640197896,0.0009685953,0.8290151,1.0,0.5820649259347959
CD8 T memory,CD4 T naive,MIF,CD74,0.4763764,1.0,0.2213854,-0.3814983586220482,-1.8948015923719685,0.0004362869,0.85978234,1.0,0.5820649259347959
Dendritic cell,NK,FAM3C,HLA-C,1.8112348,0.0,0.33427545,0.5105593045911893,0.6425988433037862,0.0041167345,0.8828306,0.4939661604682039,0.5824485299929223
T proliferating,Plasmacytoid DC,LGALS9,SLC1A5,0.17414051,0.047,0.029542634,0.3337114604323943,0.10147316723087521,0.004600734,0.691352,1.0,0.5824485299929223
HSPC,Erythroid late,LGALS9,CD47,0.43114507,0.0,0.18580899,0.28385573518426443,0.26449670210592985,0.0036818688,0.84888595,0.7785451207654612,0.5829200473767138
Monocyte classical,NK,SELL,SELPLG,0.5389911,0.0,0.22147915,0.3165224012891335,0.5690927396286481,0.009877609,0.8598078,0.2078992768591177,0.5829200473767138
HSPC,T activated,FAM3C,HLA-C,1.3054448,0.0,0.3612257,0.13231744187021338,-0.09313940376820448,0.004448637,0.88678175,1.0,0.5830441301110851
T activated,T proliferating,CLEC2B,KLRF1,0.4391777,0.003,0.13836719,0.2260802902619173,0.2661158250447244,0.006113423,0.82899004,1.0,0.5833479219867248
T proliferating,T activated,KLRF1,CLEC2B,0.4391777,0.003,0.13836719,0.2260802902619173,0.2661158250447244,0.006113423,0.82899004,1.0,0.5833479219867248
T activated,Pre-B small,PTPRC,CD22,0.5765892,0.002,0.22148812,0.19709044136154952,0.18541770532508806,0.011742889,0.8598103,1.0,0.5837760059243594
Granulocyte precursor,CD8 T memory,TNFSF13B,HLA-DPB1,0.7691277,0.0,0.59074885,0.4682017301184809,0.20355653926659123,0.007142789,0.9092264,0.21641710384164667,0.584078317637789
Plasmacytoid DC,B naive,PTPRC,CD22,0.47084987,0.94,0.22165236,0.2923735941389291,0.10588157718934899,0.011751597,0.85985494,1.0,0.5846328019872677
T proliferating,Granulocyte precursor,APP,CD74,1.0103271,0.015,0.13819027,0.030403462164333282,-0.6314815336403062,0.0009670147,0.82889926,1.0,0.5846328019872677
Monocyte classical,Monocyte classical,CD99,PILRA,0.43050343,0.0,0.16929302,0.3035569332939122,0.29666117752746257,0.0077175973,0.8428179,0.2374903461955177,0.5846328019872677
CD8 T memory,Dendritic cell,AREG,ICAM1,0.17862968,0.0,0.029745264,0.29638141275661467,0.18185536122365087,0.010699713,0.69208086,0.25542759829888345,0.5846563513992405
Pre-B large,T activated,MIF,CD74,0.76815534,1.0,0.5439727,-0.08372811487889323,-1.278147903364012,0.0010720136,0.9057643,1.0,0.585113132993767
Erythroid early,Plasmacytoid DC,BST2,LILRA4,0.8950321,0.0,0.36085162,3.9535247020248514,1.1014667565213498,0.026276411,0.8867298,0.03637207030483901,0.585113132993767
Pre-B small,T activated,MIF,CD74,0.4301308,1.0,0.16980003,-0.4822667358829345,-1.7362302311970308,0.000334627,0.84301585,1.0,0.5854904359749726
Monocyte classical,Dendritic cell,HBEGF,CD44,0.6470883,0.0,0.22192599,0.473127802907508,0.3407582840132538,0.019307686,0.85992926,0.06922982542747505,0.5854904359749726
T activated,CD4 T memory,CLEC2D,KLRB1,0.76798904,0.0,0.42164537,0.2998978299393363,0.43263268154380297,0.0090425005,0.8943167,0.2452174682090066,0.5861485753599508
Pre-B large,Pre-B large,FAM3C,CLEC2D,0.42961285,0.0,0.1647288,0.3657550762807262,0.14412452099825399,0.014630228,0.84099907,0.33893868025188184,0.586348908297008
HSPC,Plasmacytoid DC,MIF,TNFRSF14,0.6961965,0.0,0.22224016,0.3429898120914168,0.19895243339275276,0.0043557133,0.86001444,0.5419010931150685,0.586348908297008
Plasmacytoid DC,T proliferating,HLA-F,KIR3DL2,0.17357054,0.846,0.029765619,0.2033591760967866,-0.105023304986254,0.010138752,0.6921537,1.0,0.586862828205484
Platelet,T proliferating,HLA-B,KIR3DL2,1.2441682,1.0,0.3607249,0.07907166389616205,0.06828121134358134,0.013891485,0.88671213,1.0,0.5871847529182616
Pre-B large,Pre-B large,LGALS9,CD47,0.7675774,0.0,0.5133419,0.7645882343859255,0.5886118453706854,0.010172045,0.90326154,0.05789331968041655,0.5871847529182616
Monocyte classical,CD4 T memory,HBEGF,CD44,0.6480104,0.0,0.22230121,0.47407308569533024,0.5113973087912878,0.019340333,0.860031,0.05789331968041655,0.5872082193629095
CD8 T memory,Platelet,MIF,CD74,0.42939723,1.0,0.16962673,-0.4082242287935033,-1.5001573515637605,0.0003342855,0.8429483,1.0,0.5872082193629095
CD8 T memory,Monocyte non-classical,ANXA1,FPR1,0.5747029,0.0,0.22287703,0.3498412299727796,0.42359970020154203,0.018626014,0.86018664,0.15510306812881244,0.5880683695822106
T proliferating,B naive,ITGAL_ITGB2,ICAM3,0.42924726,0.001,0.17291541,0.2609974657610714,0.20685053576684706,0.0094062,0.84421515,0.9572610593235005,0.5880683695822106
Plasmacytoid DC,Granulocyte precursor,FAM3C,HLA-C,0.6452785,1.0,0.13769273,-0.45101504873528103,-0.8594108810092753,0.0016957404,0.8286434,1.0,0.5880683695822106
Dendritic cell,CD8 T memory,CD58,CD2,0.43906713,0.0,0.13736062,0.3871890763798149,0.4395148969699514,0.010985969,0.8284718,0.10997157130593628,0.5889293593644453
Monocyte classical,HSPC,LGALS9,CD47,0.48503184,0.0,0.22288418,0.3422932546462766,0.34532267181466414,0.0044165263,0.8601885,0.5258829559832654,0.5889293593644453
Monocyte non-classical,CD4 T naive,ALOX5,ALOX5AP,0.17312348,1.0,0.02993725,0.12156342625465788,-0.22591570386155485,0.0054414845,0.69276595,1.0,0.5890679608212193
Granulocyte precursor,Granulocyte precursor,COPA,CD74,1.0670084,0.0,0.3592222,0.14048250726806005,-0.4528523831750334,0.0034624815,0.88650227,1.0,0.5892587654614132
Pre-B small,CD8 T cytotoxic,LGALS9,CD47,0.428909,0.0,0.18300948,0.27324468529646,0.5182945102715838,0.0036263957,0.8479096,0.7986658619819863,0.5897913704927225
NK,CD8 T memory,ITGAL_ITGB2,ICAM3,0.4991066,0.0,0.22299753,0.3529316029895648,0.5350014010802213,0.012130551,0.8602191,0.15079082987151723,0.5897913704927225
Monocyte non-classical,Plasmacytoid DC,HBEGF,CD44,0.43216836,0.193,0.13727964,0.2613291266672382,0.05531550488652087,0.011943407,0.8284299,1.0,0.5897913704927225
Dendritic cell,CD8 T memory,GRN,TNFRSF1B,0.83650166,0.0,0.35830182,0.9355498315073442,0.8134597973872311,0.015861789,0.88637316,0.05789331968041655,0.5902967077432903
Erythroid early,NK,COPA,CD74,0.6373738,1.0,0.22312532,-0.0816584010497625,-1.0994786746821459,0.002150667,0.8602535,1.0,0.5906540408062452
Dendritic cell,Dendritic cell,CD1D,LILRB2,0.17547026,0.0,0.03001033,0.6264091027872027,0.2178011501715155,0.049596917,0.6930253,0.19489085583168608,0.591271749656013
CD8 T cytotoxic,CD4 T naive,LCK,CD8A_CD8B,0.4288179,0.0,0.13723095,0.17253205198776048,0.2336868782607215,0.0075127995,0.8284047,0.6739933433396222,0.591517551911392
Dendritic cell,NK,COPA,CD74,0.6374232,1.0,0.22323059,-0.08154306196199786,-1.0521695084060767,0.0021516816,0.8602819,1.0,0.591517551911392
Monocyte non-classical,Plasmacytoid DC,ALOX5,ALOX5AP,1.0885571,0.0,0.35765594,1.3125603009099127,1.3496324079348636,0.06500862,0.88628227,0.0011661352049106323,0.5923745695610899
CD4 T naive,T proliferating,LCK,CD8A_CD8B,0.76459134,0.0,0.5798508,0.6494995488784646,0.6882702318665888,0.035454944,0.9084551,0.05789331968041655,0.5923745695610899
CD4 T naive,Monocyte non-classical,SELL,SELPLG,0.53389275,0.0,0.22326046,0.31672225225285094,0.3863799102018288,0.009957053,0.86028993,0.2074061865884187,0.592381904217696
B naive,Monocyte classical,SELL,SELPLG,0.47226092,0.0,0.13696937,0.18138689738159072,0.36698374864732164,0.006108611,0.8282691,0.6412217575843246,0.592381904217696
T activated,Erythroid early,MIF,CD74,0.4286239,1.0,0.17088135,-0.4113926293391877,-1.985400299086446,0.00033675795,0.8434355,1.0,0.592381904217696
Plasmacytoid DC,CD4 T naive,LGALS9,CD44,0.4670103,0.684,0.13683179,-0.0025686449710057204,-0.07961871863506437,0.0021027839,0.82819754,1.0,0.5932470981346925
CD8 T cytotoxic,Monocyte non-classical,MIF,TNFRSF14,0.4285475,0.003,0.17457019,0.0652700196693011,0.07047918102746636,0.0034214233,0.84484047,1.0,0.5932470981346925
B naive,T activated,LGALS9,CD44,0.7195749,0.0,0.2235351,0.2541683549142094,0.3258199757147036,0.0034352108,0.8603638,0.8977665441618577,0.5932470981346925
Dendritic cell,Pre-B large,HBEGF,CD44,0.18093961,1.0,0.030113121,0.034791532158428895,-0.6032123774003179,0.0026198586,0.69338894,1.0,0.5934741372282866
CD8 T memory,T proliferating,CCL5,CCR5,1.8011307,0.0,0.31919414,1.4714234538400097,1.3943969421252616,0.10900024,0.88042176,0.0007600836555886287,0.5934741372282866
Dendritic cell,NK,HLA-E,KLRC2_KLRD1,0.77205205,0.905,0.35763034,0.3234455210256372,0.06309100213445151,0.020566775,0.8862787,1.0,0.5939345152352853
Dendritic cell,NK,HLA-E,KLRC2,0.77205205,0.905,0.35763034,0.3234455210256372,0.06309100213445151,0.020566775,0.8862787,1.0,0.5939345152352853
Dendritic cell,HSPC,TNFSF13B,TFRC,0.42849815,0.0,0.13846275,0.542542985349522,0.30743956328156563,0.012272758,0.8290389,0.0911177898666717,0.5941131340719151
Erythroid early,Monocyte classical,FAM3C,HLA-C,0.92514795,1.0,0.22360162,-0.2035114534886121,-0.5234838942521193,0.0027537423,0.8603817,1.0,0.5941131340719151
CD4 T memory,Platelet,MIF,CD74,0.5178449,1.0,0.22409743,-0.3039426200415597,-1.4321900740680769,0.00044163154,0.86051464,1.0,0.5949800124388988
T activated,Monocyte non-classical,CD99,PILRA,0.76283324,0.0,0.57645535,1.0324481424784426,0.7794666189951092,0.026278999,0.9082106,0.0361542453189151,0.5954958560173662
NK,HSPC,SELL,SELPLG,0.24620068,1.0,0.030263025,-0.13443234420823494,-0.1727990321232285,0.0013496818,0.6939165,1.0,0.5956752397652023
Dendritic cell,CD4 T naive,FAM3C,HLA-C,1.2308563,0.066,0.2242856,0.021499432066749743,-0.21085453872382082,0.0027621656,0.860565,1.0,0.5958477336451776
Erythroid early,T proliferating,LGALS9,CD44,0.76268756,0.0,0.5195811,0.45984812697354416,0.09953729789020815,0.007984743,0.9037881,0.451934894819242,0.5965375235669089
Monocyte classical,Granulocyte precursor,SELL,SELPLG,0.4859032,0.0,0.13635471,0.19071521200574687,0.33072659889455247,0.006081198,0.827949,0.6030513240524494,0.596716298100286
T proliferating,Monocyte classical,FAM3C,HLA-C,0.925378,1.0,0.22439326,-0.20289166775141496,-0.49148579813426757,0.0027634918,0.8605938,1.0,0.596716298100286
HSPC,Erythroid early,MIF,CD74,0.76190877,1.0,0.38106605,-0.018442498000476037,-1.623898507182036,0.0007509715,0.88943833,1.0,0.5975799187711577
CD4 T naive,Pre-B small,MIF,TNFRSF14,0.42785707,0.003,0.17815712,0.07068461713496821,0.15250933350387047,0.003491724,0.8461689,1.0,0.597585706213758
T proliferating,Erythroid early,CCL4,SLC7A1,0.7916317,0.0,0.22474232,1.228047872726591,1.25749979826788,0.08928493,0.860687,0.0019104993731479721,0.597585706213758
Pre-B large,Granulocyte precursor,SELL,SELPLG,0.17412741,1.0,0.030303938,-0.15092432692273444,-0.5082769137746225,0.0013515062,0.69405997,1.0,0.5978749997498658
Monocyte classical,Dendritic cell,TNFSF13B,TFRC,0.5084689,0.0,0.13617568,0.6699200092056621,0.9145203671220057,0.012070042,0.8278554,0.05789331968041655,0.5984561415407829
Monocyte non-classical,T proliferating,CD58,CD2,0.6932899,0.0,0.22474468,0.7017096326291379,0.6204276182135369,0.017974861,0.8606877,0.05789331968041655,0.5984561415407829
Monocyte non-classical,CD8 T memory,LGALS9,CD44,0.7618884,0.0,0.5559852,0.5031605472817049,0.6142377393871149,0.00854419,0.9066924,0.09218582582285878,0.598622821567055
HSPC,Granulocyte precursor,COPA,CD74,1.0662364,0.0,0.3562117,0.13867920856234722,-0.5378861206728505,0.0034334636,0.8860782,1.0,0.598622821567055
Monocyte classical,Dendritic cell,LGALS9,CD47,0.48753643,0.0,0.22475663,0.345710595550886,0.3549262739726865,0.0044536297,0.86069083,0.5170303192193221,0.5993272383772646
Granulocyte precursor,Monocyte classical,LGALS9,CD44,0.7615814,0.0,0.38668278,0.36674939551752334,0.5633834878735527,0.005942408,0.89015573,0.261822062496208,0.5996663407250064
Erythroid late,Plasmacytoid DC,SPN,ICAM1,0.17652884,0.0,0.030392006,0.30903706744762194,0.26332990305458215,0.009011976,0.694368,0.2220663783368168,0.6000734175918437
Erythroid late,Platelet,MIF,CD74,0.42751163,1.0,0.16846547,-0.4104475008477451,-1.3888085801947536,0.00033199697,0.84249306,1.0,0.6001991801007988
T proliferating,Plasmacytoid DC,SELL,SELPLG,0.47539055,0.036,0.2247793,0.3959028846245123,0.1811856140169535,0.01002479,0.86069685,1.0,0.6001991801007988
CD8 T memory,CD8 T memory,LCK,CD8A_CD8B,0.76136017,0.0,0.57806253,0.6415995961821763,1.0092371223378374,0.035345595,0.90832657,0.05789331968041655,0.6007104754259426
Granulocyte precursor,Pre-B large,MIF,TNFRSF14,0.65480316,0.0,0.22512908,0.2991634952241389,0.3202382927491678,0.0044123335,0.8607901,0.5278655473994484,0.6010719671209207
T activated,CD4 T memory,COPA,CD74,0.45384544,1.0,0.13580161,-0.2041833667412286,-1.3612541072517443,0.0013089685,0.8276593,1.0,0.6010719671209207
CD4 T memory,CD8 T memory,LCK,CD8A_CD8B,0.7612448,0.0,0.5778776,0.6414520897696108,0.889943127188224,0.03533429,0.9083133,0.05789331968041655,0.6017552248507949
NK,Monocyte classical,HLA-F,LILRB2,0.5000303,0.0,0.22584437,0.5901309412016063,0.8498554010606787,0.02852238,0.86098,0.05789331968041655,0.6019455998471647
T proliferating,CD8 T cytotoxic,SIRPG,CD47,0.42660695,0.0,0.18089256,0.6846730349918649,0.46485453232955526,0.022834528,0.84715796,0.05789331968041655,0.6019455998471647
Monocyte classical,T proliferating,CCL3,CCR5,0.21299005,0.0,0.030459594,0.685957270737674,0.3973731605080748,0.05203358,0.69460374,0.05789331968041655,0.6022704937007028
Pre-B large,NK,HLA-E,KLRC2,0.7666865,0.893,0.35458535,0.3187223206363702,0.11134993181031705,0.02039166,0.88584703,1.0,0.6022778298287309
Pre-B large,NK,HLA-E,KLRC2_KLRD1,0.7666865,0.893,0.35458535,0.3187223206363702,0.11134993181031705,0.02039166,0.88584703,1.0,0.6022778298287309
Erythroid early,Erythroid early,LGALS9,SLC1A5,0.4264574,0.0,0.17429535,1.150677129165083,0.38768027536874183,0.027143367,0.8447372,0.05789331968041655,0.6028200786890648
Erythroid early,Erythroid late,LGALS9,CD47,0.47669536,0.0,0.22588636,0.37430799752903166,0.2849343310013678,0.004476016,0.8609912,0.5092555655926213,0.6028200786890648
Plasmacytoid DC,HSPC,LGALS9,CD44,0.46296287,0.702,0.13535903,-0.006720323840711676,-0.26357744225345275,0.002080151,0.8274264,1.0,0.6028200786890648
CD8 T memory,NK,MIF,TNFRSF14,0.42644185,0.0,0.16637067,0.054874102478969816,0.17892071897012657,0.0032607198,0.84166104,1.0,0.6036954040561556
Pre-B large,CD8 T cytotoxic,LGALS9,CD47,0.4759932,0.0,0.22630689,0.36674272539277847,0.3563168648482734,0.0044843485,0.8611024,0.5063627602256314,0.6036954040561556
Plasmacytoid DC,Monocyte classical,CD99,PILRA,0.7591877,0.0,0.36903676,0.649552361276002,0.7187955341903672,0.01682336,0.8878513,0.05789331968041655,0.6038466746383298
T activated,Dendritic cell,AREG,ICAM1,0.18134385,0.0,0.030462446,0.30102691429567174,0.1067625247626951,0.010957692,0.69461364,0.43109994049506656,0.6044661707712808
CD8 T memory,NK,CD48,CD244,0.610194,0.0,0.22634172,0.4992744809092603,0.5154458258031352,0.03010665,0.8611116,0.05789331968041655,0.6045715763579713
Monocyte non-classical,Erythroid early,MIF,CD74,0.4263152,1.0,0.16942537,-0.41411474024351297,-1.9791887341396213,0.0003338886,0.84286964,1.0,0.6045715763579713
Monocyte classical,Monocyte non-classical,LGALS9,CD44,0.75909406,0.0,0.42777503,0.3891171172033217,0.5510267510623922,0.0065738996,0.89499676,0.1963052378587064,0.6048932633848707
Pre-B small,T proliferating,CLEC2D,KLRB1,0.47986448,0.258,0.22647704,0.04568775787204969,-0.28081812440141996,0.0048569697,0.86114734,1.0,0.6054485960040464
Monocyte classical,Monocyte non-classical,HLA-F,LILRB2,0.4261339,0.0,0.14339015,0.7066491119334456,0.429890993761287,0.018109055,0.8315028,0.05789331968041655,0.6054485960040464
Monocyte classical,Monocyte classical,GRN,TNFRSF1B,0.7589241,0.0,0.47502884,0.8543948162084483,1.3812942481611548,0.021029219,0.89981925,0.05789331968041655,0.6059404635789669
Pre-B large,B naive,PTPRC,CD22,0.47628948,0.891,0.22684962,0.2975342703814773,0.052175915062340206,0.012027146,0.86124563,1.0,0.606326463403915
HSPC,Dendritic cell,CD58,CD2,0.17598984,0.999,0.03051348,0.004205641978617822,-0.3388763100136327,0.0024404384,0.69479114,1.0,0.6066605646778532
T proliferating,NK,ITGAL_ITGB2,ICAM3,0.51323545,0.0,0.22713287,0.3609147265018282,0.40347766635442484,0.012355505,0.86132014,0.14095591319600276,0.6072051789671118
Monocyte non-classical,CD8 T cytotoxic,ITGAL_ITGB2,ICAM3,0.42593706,0.0,0.14523874,0.20498424075920424,0.2653279390396537,0.007900653,0.83239824,0.5429142287921382,0.6072051789671118
HSPC,Platelet,MIF,CD74,0.75821036,1.0,0.37212697,-0.020546486959669652,-1.216994498110036,0.0007333551,0.8882658,1.0,0.6080368053328029
Dendritic cell,Dendritic cell,SELL,SELPLG,0.65643847,0.0,0.22728652,0.3999536709610832,0.1942577010756929,0.010136607,0.86136055,0.23369599754317416,0.608084928208061
Pre-B large,B naive,LGALS9,CD47,0.425924,0.0,0.17701885,0.29842686280496117,0.22627656138461583,0.003507689,0.8457512,0.858510023580975,0.608084928208061
Monocyte non-classical,Pre-B large,LILRB4,LAIR1,0.17558123,0.0,0.030525481,0.44403699241670835,0.26769936053508103,0.009506665,0.6948328,0.12643435073967738,0.6088536180799959
Dendritic cell,T activated,LGALS9,CD47,0.5177127,0.0,0.22736552,0.49423681785243573,0.2751589767615731,0.004505326,0.8613813,0.503482296742657,0.6089653415051431
Plasmacytoid DC,CD8 T cytotoxic,LGALS9,CD44,0.46128523,0.782,0.1347486,-0.008440735072343252,-0.02403342024047711,0.00207077,0.8271034,1.0,0.6089653415051431
Monocyte non-classical,Monocyte non-classical,LGALS9,LRP1,0.42567736,0.0,0.14890108,0.827375189372227,0.7471139515488362,0.04584073,0.83412814,0.04185356958732266,0.6089653415051431
Dendritic cell,T activated,MIF,CD74,0.7576876,1.0,0.5323856,-0.0960697733107756,-1.4135193322809037,0.0010491788,0.90484136,1.0,0.6090858350191599
CD4 T memory,Monocyte non-classical,ANXA1,FPR1,0.83685356,0.0,0.35236567,0.59267241597736,0.6743105189767632,0.029447485,0.88552916,0.05789331968041655,0.6090858350191599
Erythroid early,Pre-B large,FAM3C,HLA-C,0.9400586,1.0,0.2274777,-0.19094615695285833,-0.6641200212420656,0.0028014777,0.8614107,1.0,0.6098466041942422
HSPC,CD4 T memory,LGALS9,CD44,0.75745827,0.0,0.461456,0.41075130948879995,0.29747849015643785,0.007091497,0.8985051,0.15991210987491408,0.610135472876711
T proliferating,Pre-B large,APP,CD74,1.641652,0.0,0.22768034,0.38955756737024716,0.008700905872298756,0.0015932397,0.86146384,1.0,0.6107287166848929
Dendritic cell,CD4 T memory,TNFSF13B,HLA-DPB1,0.42555863,1.0,0.1346944,0.14614585963921367,-0.7545846382049441,0.0016286003,0.82707465,1.0,0.6107287166848929
T proliferating,HSPC,LTB,LTBR,0.21601398,1.0,0.030589465,-0.1475708750586655,-1.0555457714653906,0.0036966186,0.6950547,1.0,0.6110453313872756
Dendritic cell,Monocyte classical,TNFSF13B,HLA-DPB1,0.75740564,0.0,0.56010807,0.40847321562355415,0.08121529125629051,0.00677231,0.9070044,0.49680901412363115,0.6111857180863876
T activated,Platelet,MIF,CD74,0.4249255,1.0,0.1668728,-0.4134966182983813,-1.5784962900144461,0.00032885827,0.8418618,1.0,0.61161167938663
Dendritic cell,CD4 T naive,MIF,TNFRSF14,0.5993131,0.0,0.22770286,0.24214756954627933,0.11936417290046597,0.004462777,0.86146975,0.5150783428440725,0.61161167938663
HSPC,Dendritic cell,LGALS9,CD44,0.7565362,0.0,0.4606771,0.4098060267009777,0.1268394653784039,0.0070795272,0.898428,0.37673884745040115,0.6122365698291208
Erythroid late,NK,MIF,TNFRSF14,0.42455623,0.056,0.16523169,0.05265083042472803,0.29026949033913335,0.003238397,0.84120286,1.0,0.612495492708987
Erythroid early,CD4 T naive,CD58,CD2,0.48951083,0.0,0.22787018,0.6072960781022558,0.4626057650839501,0.018224837,0.86151356,0.05789331968041655,0.612495492708987
Dendritic cell,NK,FAM3C,CLEC2D,0.20887277,1.0,0.030605424,-0.04991783809822464,-0.1396917150273675,0.002718191,0.69511,1.0,0.6132356474354694
Monocyte non-classical,B naive,PTPRC,CD22,0.7565183,0.0,0.49459296,0.5633885982574457,0.643453604271377,0.0262224,0.9016237,0.05789331968041655,0.6132881379042764
T proliferating,CD8 T memory,MIF,TNFRSF14,0.6372719,0.0,0.22788794,0.28142353115308444,0.15092589683527047,0.004466405,0.8615182,0.5141044299178755,0.613380157061499
CD4 T memory,Dendritic cell,CD99,PILRA,0.59014237,0.0,0.22803664,0.4120961383344911,0.2657897549552487,0.010395557,0.8615572,0.12952111047169013,0.6142656728536999
HSPC,T proliferating,LGALS9,CD47,0.7561735,0.0,0.46037072,0.727333739626401,0.45382428867266905,0.009122403,0.8983977,0.07365916088350546,0.6143402003194934
T proliferating,CD8 T cytotoxic,CD58,CD2,0.53774625,0.0,0.22811916,0.5907138774942055,0.5885119080101042,0.01824475,0.8615787,0.05789331968041655,0.6151520404951245
Monocyte non-classical,Dendritic cell,GRN,TNFRSF1A,0.4472134,0.0,0.13399859,0.5373366139458351,0.4794872382986707,0.012994544,0.8267039,0.05789331968041655,0.6151520404951245
NK,Pre-B large,PTPRC,CD22,0.75557923,0.0,0.35488465,0.4064218864475099,0.376531551410783,0.018815326,0.88588965,0.0911177898666717,0.615392866810475
T proliferating,Plasmacytoid DC,SEMA4D,PLXNB2,0.17832439,0.003,0.030644389,0.38414555950856916,0.16520936493315688,0.014386957,0.6952448,1.0,0.6154246818169312
Dendritic cell,T proliferating,HLA-E,KLRC1,0.7696897,0.904,0.35167548,0.21998138090201982,-0.20052182384984496,0.011869543,0.88542974,1.0,0.6159194263284185
Dendritic cell,T proliferating,HLA-E,KLRC1_KLRD1,0.7696897,0.904,0.35167548,0.21998138090201982,-0.20052182384984496,0.011869543,0.88542974,1.0,0.6159194263284185
T proliferating,Pre-B large,FAM3C,HLA-C,0.94028866,1.0,0.22828305,-0.19032637121566118,-0.6321219251242138,0.0028113963,0.8616215,1.0,0.6160392603953071
CD4 T memory,Plasmacytoid DC,MIF,TNFRSF14,0.45583108,0.001,0.13383457,0.05959367900952682,-0.016243142565288082,0.0026230407,0.82661617,1.0,0.6160392603953071
HSPC,NK,MIF,TNFRSF14,0.755255,0.0,0.3649838,0.4425518443128035,0.46208357242385106,0.0071533634,0.8873003,0.15510306812881244,0.6164461365581523
Monocyte non-classical,NK,CD48,CD244,0.6146245,0.0,0.22836292,0.5037242488995713,0.41717743938456064,0.030375496,0.8616424,0.05789331968041655,0.6169275198588442
CD8 T cytotoxic,HSPC,KLRF1,CLEC2B,0.42310876,0.0,0.17571038,0.2373409034883989,0.14769493266357064,0.0077633425,0.84526664,0.42221485137676407,0.6173718761114038
HSPC,CD8 T cytotoxic,CLEC2B,KLRF1,0.42310876,0.0,0.17571038,0.2373409034883989,0.14769493266357064,0.0077633425,0.84526664,0.42221485137676407,0.6173718761114038
Plasmacytoid DC,Pre-B small,FAM3C,LAMP1,0.18982165,0.358,0.030782437,0.025079139514943585,0.033222035329244975,0.0026192311,0.6957208,1.0,0.6176123773322193
Monocyte non-classical,Dendritic cell,HBEGF,CD44,0.65020597,0.0,0.2287269,0.484963036636065,0.2844787156090231,0.019899368,0.86173725,0.1090561001431624,0.6178164456846328
HSPC,Erythroid early,FAM3C,HLA-C,0.5292212,1.0,0.13366315,-0.5217715283123013,-1.3362107200219289,0.0016461146,0.82652426,1.0,0.6178164456846328
Granulocyte precursor,CD4 T naive,MIF,CD74,0.75397515,1.0,0.4445106,-0.05420335007521587,-1.4869548715208447,0.0008760024,0.89678645,1.0,0.6185545934827807
Monocyte non-classical,Monocyte classical,APP,CD74,1.1622088,0.0,0.35125205,0.2048819774150588,-0.20199313036988195,0.002457958,0.8853686,1.0,0.6185545934827807
Pre-B large,CD4 T memory,COPA,CD74,0.45235437,1.0,0.13365822,-0.207666325950214,-1.449271409432861,0.0012883086,0.82652164,1.0,0.6187062249978685
Monocyte classical,Monocyte non-classical,SELL,SELPLG,0.54353297,0.0,0.22876187,0.3272855926275878,0.4727546238528263,0.010202406,0.86174643,0.18429959712996313,0.6187062249978685
Dendritic cell,T activated,APP,CD74,0.42292166,1.0,0.16181992,-0.09078144271465627,-1.3993744166029596,0.0011323679,0.83980423,1.0,0.6187062249978685
HSPC,T activated,APP,CD74,0.4229024,1.0,0.16179863,-0.09082930279957338,-1.39133126620936,0.0011322189,0.8397954,1.0,0.6195968582080854
Monocyte non-classical,CD4 T memory,HBEGF,CD44,0.65112805,0.0,0.22911362,0.48590831942388724,0.45511774038705705,0.019933015,0.86183786,0.05789331968041655,0.6195968582080854
Dendritic cell,CD8 T memory,COPA,CD74,0.9428355,0.118,0.35122725,0.09220175568573047,-0.6179061427053095,0.0033854195,0.885365,1.0,0.6196096681492784
CD4 T naive,B naive,PTPRC,CD22,0.7532113,0.0,0.49143332,0.5602509304336114,0.6802535947971768,0.026054882,0.9013392,0.05789331968041655,0.6196096681492784
Dendritic cell,CD8 T memory,FAM3C,LAMP1,0.2101035,0.008,0.030838665,0.04412870677212163,0.032245821907443115,0.0026240156,0.69591385,1.0,0.6197987343908999
T activated,Monocyte non-classical,ANXA1,FPR1,0.42286354,0.202,0.14787635,0.20919155901770448,0.02522406187535664,0.012358147,0.8336499,1.0,0.6204883457248184
T proliferating,Platelet,SIRPG,CD47,0.4881546,0.0,0.22932151,0.7686501947296677,0.8014160363213669,0.028947838,0.86189187,0.05632460468149481,0.6204883457248184
Pre-B large,T proliferating,LGALS9,CD44,0.7520539,0.001,0.49806058,0.43873202380453996,0.1805500720300992,0.007654024,0.9019332,0.9572610593235005,0.6206653427961107
CD4 T memory,Erythroid early,MIF,CD74,0.5215434,1.0,0.22948061,-0.3018386310823661,-1.8390940831400768,0.0004522402,0.8619331,1.0,0.6213806879576013
Erythroid early,CD8 T memory,COPA,CD74,0.9427861,0.112,0.35106164,0.09208641659796582,-0.6652153089813787,0.0033838227,0.8853411,1.0,0.621721616604209
Monocyte non-classical,Dendritic cell,ITGAL_ITGB2,ICAM1,0.18391775,0.0,0.031142566,0.42112270854641043,0.2496290917639998,0.024267606,0.6969505,0.1492452607660285,0.6219837534025404
Monocyte non-classical,Platelet,MIF,CD74,0.42261678,1.0,0.16545096,-0.4162187292027066,-1.5722847250676213,0.00032605624,0.8412913,1.0,0.6222738853159686
Plasmacytoid DC,T activated,LGALS9,CD44,0.7219814,0.0,0.22960909,0.2589470399135312,0.2843978271798397,0.0035285535,0.86196643,0.8386691107954016,0.6222738853159686
B naive,CD4 T naive,LGALS9,CD44,0.46460384,0.964,0.13321209,-0.007347329970327498,-0.038196570100200444,0.0020471578,0.82628185,1.0,0.6222738853159686
HSPC,CD8 T cytotoxic,MIF,TNFRSF14,0.75093794,0.0,0.3545497,0.4352740232184538,0.42486568565958227,0.0069488646,0.88584197,0.16944107010758042,0.6227784887545044
Monocyte classical,Plasmacytoid DC,HBEGF,CD44,0.42905068,0.222,0.1331978,0.24949389293868113,0.11159507329075158,0.011588286,0.82627416,1.0,0.623167938209455
CD8 T memory,CD8 T cytotoxic,MIF,TNFRSF14,0.42212486,0.002,0.16161449,0.04759628138462018,0.14170283220585778,0.0031675028,0.8397188,1.0,0.623167938209455
HSPC,B naive,LGALS9,CD44,0.48313326,0.175,0.22972503,0.12938531919715363,-0.10392884468649038,0.0035303356,0.86199653,1.0,0.623167938209455
NK,CD4 T memory,CLEC2D,KLRB1,0.7505265,0.0,0.38050133,0.2781101788404507,0.46839751054478185,0.008160136,0.8893654,0.30537185953634566,0.6238359584279283
T activated,NK,MIF,TNFRSF14,0.4219701,0.063,0.1636696,0.04960171297409183,0.10058178051944083,0.0032077811,0.8405673,1.0,0.624062847047595
Erythroid late,Monocyte non-classical,LGALS9,CD44,0.67300797,0.0,0.23074394,0.2181707855298921,0.2830675741513418,0.0035459935,0.8622595,0.8302719893006018,0.624062847047595
CD4 T naive,Granulocyte precursor,SELL,SELPLG,0.47626296,0.0,0.13307558,0.18015187163101004,0.24435188524355497,0.0059349537,0.82620823,0.6481413542227213,0.624062847047595
T proliferating,Dendritic cell,FASLG,TNFRSF1A,0.17708933,0.0,0.031185942,0.7822244928731475,0.2519191714955615,0.0617089,0.69709754,0.1473300432076454,0.6241673773788498
HSPC,CD4 T memory,MIF,TNFRSF14,0.74992794,0.0,0.35210848,0.4335713428767427,0.3408948758121228,0.0069010183,0.88549215,0.1732833606357037,0.6248941361184626
CD4 T memory,Dendritic cell,LTB,LTBR,1.3895088,0.0,0.35020715,0.8156819358942424,0.810030320107892,0.04232118,0.8852173,0.03747375879043245,0.6248941361184626
HSPC,CD4 T memory,LGALS9,CD47,0.42135507,0.0,0.17753908,0.27049812037573856,0.12110008309788661,0.003517998,0.84594256,0.8457152314024258,0.6249586122399222
Plasmacytoid DC,Granulocyte precursor,LGALS9,CD44,0.45628524,0.8,0.13292922,-0.013569103453942308,-0.11864248891724977,0.0020428107,0.82612926,1.0,0.6249586122399222
T activated,NK,CD48,CD244,0.6203061,0.0,0.23095486,0.5094302226330698,0.43205121612291064,0.030720262,0.86231375,0.05789331968041655,0.6249586122399222
CD8 T cytotoxic,NK,CD48,CD244,0.6205268,0.0,0.23105556,0.5096515963006358,0.5218318603043404,0.030733654,0.8623396,0.05789331968041655,0.6258554228898218
CD8 T memory,CD4 T memory,MIF,TNFRSF14,0.42111483,0.003,0.1605017,0.04589360104290905,0.057732022358398305,0.003145693,0.8392533,1.0,0.6258554228898218
Plasmacytoid DC,CD8 T cytotoxic,MIF,CD74,0.7498418,1.0,0.53889626,-0.21185950120831767,-1.2398307572250902,0.0010620095,0.9053634,1.0,0.625952798443566
Erythroid early,B naive,GAL,HLA-DPA1,1.3345321,0.0,0.34902728,1.7560906735415474,1.3234348906872828,0.08218388,0.88504577,0.001361839275588651,0.625952798443566
Plasmacytoid DC,Platelet,FAM3C,LAMP1,0.19213358,0.421,0.03132512,0.028702240666034717,0.16062332366504453,0.0026654073,0.69756746,1.0,0.6263497215602637
T proliferating,Monocyte non-classical,LGALS9,CD44,0.67324716,0.0,0.23129131,0.218645671623868,0.13232442489721793,0.0035544052,0.8624002,0.8260971541270132,0.6267529021994763
T activated,CD8 T memory,CLEC2D,KLRB1,0.74955404,0.0,0.40844905,0.28299285204690383,0.6966059984625296,0.008759496,0.89280456,0.2873475822355542,0.6270120558345057
Pre-B small,B naive,PTPRC,CD22,0.48112044,0.965,0.23146532,0.3021173958778761,0.3228637296853438,0.0122718625,0.8624448,1.0,0.6276512390920076
Monocyte classical,NK,MIF,CD74,0.7494442,1.0,0.4619022,-0.26193117136043215,-1.16312083164441,0.0009102763,0.89854914,1.0,0.6280719074722126
CD4 T memory,CD8 T cytotoxic,CLEC2B,KLRF1,0.42090234,0.0,0.17409718,0.23448876842293084,0.29888505833833834,0.0076920665,0.84466255,0.4323805929829031,0.6281007292598316
CD8 T cytotoxic,CD4 T memory,KLRF1,CLEC2B,0.42090234,0.0,0.17409718,0.23448876842293084,0.29888505833833834,0.0076920665,0.84466255,0.4323805929829031,0.6281007292598316
Monocyte classical,HSPC,LGALS9,SLC1A5,0.22886606,0.0,0.031372786,0.34064384706092793,0.38473077192698973,0.004885747,0.6977278,0.41761594549183023,0.6285307289233263
Monocyte non-classical,CD8 T memory,LGALS9,CD47,0.4939009,0.0,0.23150608,0.42634413730101517,0.48556751026110334,0.0045873723,0.8624552,0.48832681650048876,0.6285504339769504
Granulocyte precursor,CD4 T memory,COPA,CD74,0.45149335,1.0,0.13242048,-0.20967753448775417,-1.3788746754431278,0.0012763783,0.82585365,1.0,0.6285504339769504
Pre-B large,T proliferating,HLA-E,KLRC1,0.7643241,0.896,0.34868118,0.2152581805127528,-0.15226289417397942,0.011768482,0.8849953,1.0,0.628602055877645
Pre-B large,T proliferating,HLA-E,KLRC1_KLRD1,0.7643241,0.896,0.34868118,0.2152581805127528,-0.15226289417397942,0.011768482,0.8849953,1.0,0.628602055877645
Pre-B large,Monocyte non-classical,CD99,PILRA,0.748896,0.0,0.55725133,1.01777697828066,0.6760215180296292,0.025403539,0.9067885,0.05789331968041655,0.6291323525376182
T proliferating,Plasmacytoid DC,LGALS9,CD44,0.42837065,0.846,0.13230743,-0.03251616327708094,-0.2985786894506417,0.002033255,0.82579225,1.0,0.6294504872638386
Pre-B small,Platelet,LGALS9,CD47,0.49045664,0.0,0.23200518,0.3572218450342628,0.8548560142633955,0.004597262,0.8625829,0.4845920205055261,0.6294504872638386
Plasmacytoid DC,T activated,MIF,TNFRSF14,0.42078677,0.163,0.1460171,0.033655687853275246,-0.07927374878243904,0.0028618078,0.8327707,1.0,0.6294504872638386
Plasmacytoid DC,Monocyte classical,GRN,TNFRSF1B,0.74864054,0.0,0.4659542,0.8390868221738759,1.0325957570479134,0.020627493,0.8989465,0.05789331968041655,0.6301935018369942
CD4 T memory,Dendritic cell,PTPRC,CD22,0.68205243,0.0,0.1322322,0.181539999831664,0.10157207542537763,0.0070107062,0.8257513,0.6389275854370072,0.6303513993622067
HSPC,Erythroid early,LGALS9,CD44,0.42037165,1.0,0.17670834,0.06501318756355898,-0.48791008410682196,0.002715593,0.8456367,1.0,0.6303513993622067
Pre-B large,CD4 T naive,MIF,TNFRSF14,0.6097807,0.0,0.2326587,0.2544892279781617,0.25473560181735766,0.004559907,0.8627495,0.4902022893947655,0.6303513993622067
Erythroid early,T activated,FAM3C,LAMP1,0.18691146,0.459,0.031694345,0.027621606282223224,-0.10575112586844401,0.002696824,0.698802,1.0,0.6307103998776044
Erythroid late,CD8 T cytotoxic,MIF,TNFRSF14,0.42023924,0.082,0.16050808,0.0453730093303784,0.25305160357486456,0.0031458181,0.83925605,1.0,0.6312531706815891
Monocyte classical,Monocyte non-classical,HBEGF,CD44,0.6739272,0.0,0.23284781,0.5006557278396301,0.5424981876386112,0.02025789,0.8627976,0.05789331968041655,0.6312531706815891
CD4 T naive,CD8 T memory,LCK,CD8A_CD8B,0.7485609,0.0,0.5575468,0.6252145622099001,1.0099047450672582,0.034091163,0.90681094,0.05789331968041655,0.6312551313627891
CD8 T memory,Pre-B small,PTPRC,CD22,0.8354454,0.0,0.34753662,0.44266797688429427,0.6745853089893379,0.018425748,0.88482785,0.06316588665248098,0.6312551313627891
T proliferating,Monocyte non-classical,CCL3,CCR1,0.6109151,0.0,0.23314106,1.0715254596072292,1.331248168387394,0.10588581,0.8628721,0.005075048321397295,0.6321558016315203
NK,CD8 T cytotoxic,MIF,CD74,0.74850374,1.0,0.5364806,-0.21343684205764435,-1.0725935494670162,0.0010572488,0.90517074,1.0,0.6323173518589902
T proliferating,HSPC,SELL,SELPLG,0.25624496,0.912,0.031709064,-0.12342600133404469,-0.37094946918489874,0.0014141726,0.69885087,1.0,0.6328887348326647
Granulocyte precursor,NK,GRN,TNFRSF1B,0.6259083,0.0,0.23337564,0.6176528264125808,0.7891484947794226,0.0103313895,0.86293155,0.05789331968041655,0.6330592926215346
Erythroid late,Plasmacytoid DC,LGALS9,CD44,0.4281315,0.944,0.13199432,-0.032991049371056846,-0.14783554019651785,0.0020284434,0.8256217,1.0,0.6330592926215346
HSPC,CD4 T naive,FAM3C,HLA-C,1.2567693,0.0,0.34695566,0.09129897036146374,-0.16204152098999788,0.004272896,0.8847426,1.0,0.633380162506529
Dendritic cell,CD8 T cytotoxic,TNFSF13B,HLA-DPB1,0.7483854,0.0,0.5485445,0.40134266173466066,-0.05041151810683847,0.006632494,0.90612084,0.944482219166229,0.633380162506529
Dendritic cell,T activated,FAM3C,HLA-C,1.2795318,0.007,0.2335103,0.06251790357549938,-0.14195242150202741,0.0028757714,0.86296564,1.0,0.6339636440611662
T proliferating,T activated,CD58,CD2,0.42000613,0.0,0.1596746,0.4384844654431084,0.2856428865804874,0.01277062,0.83890444,0.10694223354946211,0.6339636440611662
B naive,NK,MIF,CD74,0.7479923,1.0,0.45880872,-0.2636429199319656,-1.1912639366083848,0.00090418,0.8982425,1.0,0.6344435624863367
B naive,HSPC,LGALS9,CD44,0.46055642,0.807,0.1317783,-0.011499008840033454,-0.22215529371858883,0.002025124,0.8255038,1.0,0.6348690468612022
HSPC,NK,LGALS9,CD47,0.48772025,0.0,0.23359981,0.3610486317784282,0.3905178311952742,0.0046288604,0.86298835,0.47534875653993236,0.6348690468612022
Erythroid early,Erythroid late,FAM3C,LAMP1,0.18710753,0.427,0.03174531,0.02792883706672486,-0.033142014119359825,0.0027011607,0.69897115,1.0,0.6350656769758791
HSPC,T proliferating,MIF,TNFRSF14,0.7477965,0.0,0.34695676,0.42997818898492607,0.22557487000499638,0.006800049,0.88474274,0.1829506578952265,0.6355076629148207
HSPC,B naive,PTPRC,CD22,0.48416626,0.971,0.23437546,0.3050069897257823,0.030388830163101233,0.012426152,0.8631843,1.0,0.6357751206098822
Dendritic cell,CD4 T memory,GRN,TNFRSF1B,0.79292107,0.0,0.2344611,0.8548465103956107,0.6256862354193871,0.010379442,0.8632058,0.05789331968041655,0.6366820560368687
Dendritic cell,Granulocyte precursor,TNFSF13B,TFRC,0.42315936,0.0,0.13161865,0.5297948695147584,0.387458482177952,0.011666127,0.82541645,0.05789331968041655,0.6366820560368687
Monocyte non-classical,NK,MIF,TNFRSF14,0.41966137,0.059,0.16227506,0.04687960206976657,0.10679334546626568,0.0031804494,0.8399931,1.0,0.6366820560368687
Granulocyte precursor,Erythroid early,SELL,SELPLG,0.32289535,0.926,0.031773128,-0.062064148196736474,-0.2398481281956337,0.0014170298,0.69906324,1.0,0.6372413411963043
CD8 T cytotoxic,Erythroid early,MIF,CD74,0.41958702,1.0,0.16518225,-0.4220473028914634,-1.9329634789811407,0.00032552666,0.8411828,1.0,0.6375898535516962
T proliferating,HSPC,SIRPG,CD47,0.49484336,0.0,0.23458461,0.7777765578509042,0.3328633602726441,0.029612213,0.8632369,0.07388606610140293,0.6375898535516962
T proliferating,Monocyte non-classical,ANXA1,FPR1,0.82018065,0.0,0.34413013,0.5772281900326953,0.4106753900424077,0.028759234,0.884325,0.05789331968041655,0.6376374022876105
Platelet,Monocyte non-classical,HLA-F,LILRB2,0.41949022,0.0,0.13513096,0.6977400862373351,0.5293504800833877,0.017065985,0.82730585,0.05789331968041655,0.638498513563899
Dendritic cell,T proliferating,HBEGF,CD44,0.6220466,0.003,0.23494941,0.48722049975556986,0.14808522308006677,0.020440733,0.8633286,1.0,0.638498513563899
Pre-B small,CD4 T memory,LGALS9,CD44,0.7452908,0.0,0.43486884,0.3865894285682445,0.5609065386150772,0.006682915,0.8957671,0.18839119923581044,0.6387031514674015
NK,T activated,MIF,TNFRSF14,0.41944873,0.053,0.14536256,0.03207834700394858,0.08796345897563501,0.002848979,0.83245766,1.0,0.6394080364830115
HSPC,CD4 T memory,COPA,CD74,0.45072132,1.0,0.13131072,-0.211480833193467,-1.463908412940945,0.0012656815,0.8252477,1.0,0.6394080364830115
Dendritic cell,Monocyte non-classical,FAM3C,HLA-C,1.2876436,0.0,0.23504758,0.06935218374135749,-0.09809766317071318,0.0028947038,0.8633532,1.0,0.6394080364830115
T proliferating,T activated,FAM3C,LAMP1,0.18714154,0.439,0.03180655,0.028241392019420386,-0.07375302975059234,0.002706372,0.69917387,1.0,0.6394156706462005
Granulocyte precursor,CD8 T memory,APP,CD74,0.94044733,0.04,0.34322143,0.11939767906065445,-0.5355141919285721,0.002401762,0.8841897,1.0,0.6397694858840316
Dendritic cell,B naive,PTPRC,CD22,0.7450648,0.0,0.48364976,0.5525224259482521,0.441281750416488,0.025642212,0.900627,0.05789331968041655,0.6397694858840316
Granulocyte precursor,Granulocyte precursor,LGALS9,CD44,0.52626467,0.005,0.23518783,0.1253935269820209,0.03483052676935061,0.003614286,0.86338836,1.0,0.6403184227185684
Erythroid late,CD4 T memory,MIF,TNFRSF14,0.4192292,0.096,0.1594029,0.04367032898866727,0.1690807937274051,0.0031241577,0.8387894,1.0,0.6403184227185684
B naive,CD8 T cytotoxic,LGALS9,CD44,0.4588788,0.923,0.13118401,-0.01321942007166503,0.017388728294386813,0.0020159907,0.825178,1.0,0.6403184227185684
T proliferating,T proliferating,CD58,CD2,0.7449106,0.0,0.3485477,0.858561974528755,0.6197306664384886,0.02787651,0.8849758,0.05789331968041655,0.6408365169618904
HSPC,Dendritic cell,FAM3C,HLA-C,1.2410548,0.168,0.3423487,0.07805793948405886,-0.30173559695071517,0.0042161597,0.8840593,1.0,0.6408365169618904
Monocyte classical,Granulocyte precursor,GRN,TNFRSF1A,0.59923,0.0,0.13116588,0.7036302762781923,1.022326065117741,0.01271984,0.8251681,0.05789331968041655,0.6412296726801038
CD8 T memory,T proliferating,MIF,TNFRSF14,0.41898337,0.292,0.15815338,0.04230044715109242,-0.05758798344872812,0.0030996683,0.8382566,1.0,0.6412296726801038
Dendritic cell,T activated,MIF,TNFRSF14,0.6032491,0.0,0.23527493,0.2487827672357705,0.10551515096265113,0.004611183,0.86341023,0.4771867389561595,0.6412296726801038
Erythroid early,Monocyte non-classical,SEMA4D,PLXNB2,0.1865784,0.0,0.03184309,0.42836377431034206,0.1793348436372818,0.014949723,0.69929457,0.26358665313812285,0.641588665735135
Plasmacytoid DC,HSPC,TNFSF13B,HLA-DPB1,0.8226038,0.0,0.3420674,0.2591906570585363,-0.10527474901338563,0.0041359635,0.88401717,1.0,0.6419040194563291
Pre-B small,Dendritic cell,LGALS9,CD44,0.74436873,0.0,0.4341348,0.3856441457804223,0.3902675138370433,0.0066716345,0.89568824,0.18884999037627426,0.6419040194563291
T activated,Monocyte classical,ANXA1,FPR1,0.49591935,0.0,0.23536119,0.4276143771798728,0.3744842311460862,0.019669326,0.8634318,0.07298158015513799,0.6421417867771517
Pre-B small,Erythroid late,LGALS9,CD47,0.4189776,0.0,0.17510346,0.259693854263709,0.5279247505645692,0.003469735,0.84504026,0.8787009130734368,0.6421417867771517
Pre-B small,T proliferating,LGALS9,CD47,0.74400604,0.0,0.4338461,0.7031718587058455,0.7172523371313084,0.008596809,0.8956571,0.09032287387363046,0.6429721047303146
Platelet,Erythroid early,CCL5,ACKR1,1.1673018,0.0,0.1307705,1.1210909608621997,1.0573923199030593,0.07359531,0.8249502,0.006464534809513639,0.6430547654192469
Plasmacytoid DC,Dendritic cell,SELL,SELPLG,0.67665124,0.0,0.23558141,0.42210221078827687,0.34822220372980855,0.010506546,0.86348695,0.07641677372256538,0.6430547654192469
T proliferating,Erythroid late,FAM3C,LAMP1,0.1873376,0.427,0.0318577,0.028548622803922022,-0.0011439180015081485,0.002710724,0.6993428,1.0,0.6437603268726741
Erythroid early,CD8 T cytotoxic,LGALS9,CD47,0.4866268,0.0,0.23608527,0.38785882856178266,0.27530409070838235,0.004678111,0.86361283,0.46353095750641277,0.6439688013331939
CD4 T memory,HSPC,LTB,LTBR,1.3679677,0.0,0.23618169,0.6997960645952017,0.7644274041119757,0.028541645,0.8636369,0.05789331968041655,0.6448835104760584
Plasmacytoid DC,CD4 T memory,FAM3C,HLA-C,1.5090604,0.0,0.34044996,0.2768564257855992,0.2062217875021994,0.0041927756,0.883774,0.5878399844180952,0.6451100203406509
Monocyte non-classical,Monocyte non-classical,GRN,TNFRSF1B,0.74306357,0.0,0.5506269,0.892671284433963,0.9694423465217408,0.024375895,0.9062819,0.04629118757186279,0.6451100203406509
B naive,Granulocyte precursor,SELL,SELPLG,0.46784896,0.0,0.13021356,0.17093145295943396,0.27722647719279936,0.005807312,0.82464176,0.6896284971319152,0.6457990853926594
Monocyte non-classical,NK,LGALS9,CD44,0.4978925,0.038,0.23633914,0.2323887114919339,0.14782753609195098,0.0036319788,0.86367613,1.0,0.6457990853926594
Pre-B large,Monocyte classical,SELL,SELPLG,0.1785394,1.0,0.031876184,-0.14046888250057768,-0.4185196423201002,0.0014216258,0.6994037,1.0,0.6459305974215838
Monocyte classical,CD4 T naive,MIF,CD74,0.41773677,1.0,0.1742527,-0.4506363037084528,-2.0121153698984555,0.00034340195,0.8447211,1.0,0.6467155264925312
T proliferating,Dendritic cell,SIRPG,CD47,0.49734795,0.0,0.23655535,0.7811938987555136,0.3424669624306665,0.029860986,0.86372995,0.06815443109543116,0.6467155264925312
Erythroid early,NK,CLEC2B,KLRF1,1.0152416,0.0,0.13016623,1.3230719765607744,1.1195648450595772,0.0057510836,0.8246155,0.09524786139844883,0.6471740719891731
NK,Erythroid early,KLRF1,CLEC2B,1.0152416,0.0,0.13016623,1.3230719765607744,1.1195648450595772,0.0057510836,0.8246155,0.09524786139844883,0.6471740719891731
Plasmacytoid DC,CD8 T memory,COPA,CD74,0.9389277,0.189,0.33812734,0.08307380233885683,-0.5520659769664205,0.0032591515,0.8834219,1.0,0.6472503698505421
T proliferating,T proliferating,SIRPG,CD47,0.741704,0.0,0.42882767,1.1146002084012505,0.6638123591892799,0.05413201,0.8951122,0.05789331968041655,0.6472503698505421
T activated,CD8 T cytotoxic,MIF,TNFRSF14,0.4176531,0.1,0.15899064,0.042323891879742184,0.06336389375517204,0.0031160777,0.8386142,1.0,0.647632834185208
Platelet,CD4 T memory,APP,CD74,0.52430785,1.0,0.23709123,0.002947472200530432,-0.816288428578446,0.0016590941,0.86386305,1.0,0.647632834185208
Plasmacytoid DC,Erythroid early,LTB,LTBR,0.4446063,1.0,0.031941358,-0.09955046144134078,-0.4140485958846717,0.0038599898,0.69961846,1.0,0.648099591920079
NK,Dendritic cell,CD99,PILRA,0.8159837,0.0,0.33797547,0.6498317453010203,0.7460647056570493,0.015407362,0.8833988,0.05789331968041655,0.64832135679705
Erythroid early,Erythroid early,LGALS9,CD47,0.73940766,0.0,0.49567422,0.7327599392785186,0.3505194937031848,0.009821955,0.9017205,0.060385429051656656,0.64832135679705
Pre-B small,HSPC,LGALS9,CD47,0.49714544,0.0,0.23732987,0.3663482081554993,0.38630333821467266,0.004702773,0.8639222,0.4581515449143951,0.6485510088802245
CD8 T cytotoxic,T proliferating,LCK,CD8A_CD8B,0.739159,0.0,0.53745484,0.6169430664226982,0.6047792996369902,0.03286265,0.9052486,0.05789331968041655,0.6493929216086065
CD8 T cytotoxic,Pre-B small,PTPRC,CD22,0.814858,0.0,0.33751172,0.4231370987159879,0.6135571846294634,0.017894246,0.883328,0.07595188215090036,0.6493929216086065
NK,NK,ITGAL_ITGB2,ICAM3,0.5206119,0.0,0.23751451,0.3785153948873482,0.5970561536510297,0.012920243,0.8639679,0.12108339735906282,0.649470050987115
HSPC,NK,BAG6,NCR3,0.4173717,0.0,0.1298976,0.73393040743869,0.7618026108711236,0.02884422,0.82446605,0.05789331968041655,0.649470050987115
Erythroid late,T proliferating,MIF,TNFRSF14,0.41709775,0.339,0.15707067,0.04007717509685064,0.05376078792027866,0.003078448,0.83779037,1.0,0.649470050987115
HSPC,Plasmacytoid DC,GRN,TNFRSF1B,0.18518856,0.97,0.032043684,-0.0547905022659506,-0.34368812819601463,0.0014185532,0.69995433,1.0,0.6502672536958679
Plasmacytoid DC,CD4 T naive,MIF,TNFRSF14,0.4168508,0.165,0.1413177,0.027020490163784078,-0.06542472684462419,0.0027697037,0.83048046,1.0,0.6503899609154135
Granulocyte precursor,CD8 T memory,MIF,TNFRSF14,0.660584,0.0,0.23791689,0.3089087748893446,0.4346823970637058,0.0046629636,0.8640674,0.4671434564174416,0.6503899609154135
Erythroid early,Dendritic cell,MIF,TNFRSF14,0.5124224,0.0,0.1298459,0.11724505996183991,-0.10155932265280643,0.0025448662,0.82443726,1.0,0.6503899609154135
Pre-B small,Monocyte non-classical,CD52,SIGLEC10,0.78173846,1.0,0.33666357,0.40368672172462894,-0.02815550335347422,0.024488825,0.8831983,1.0,0.6504650634661423
HSPC,Plasmacytoid DC,SELL,SELPLG,0.7390877,0.0,0.49389508,0.6848584031906619,0.557447904666684,0.022026917,0.9015611,0.05789331968041655,0.6504650634661423
Monocyte classical,CD8 T cytotoxic,LGALS9,CD47,0.41679543,0.0,0.17187013,0.24918973178723736,0.47731384387157527,0.0034056657,0.8438161,0.9246752540534813,0.6513107390746546
B naive,T activated,MIF,CD74,0.49207753,1.0,0.2383713,-0.40923035553404274,-1.659390562964182,0.00046976123,0.8641794,1.0,0.6513107390746546
T proliferating,T proliferating,CCL4,CCR5,0.75826055,0.0,0.1295934,1.268648953254175,1.2378140760680756,0.1476606,0.82429636,0.002075701654968001,0.6513107390746546
Dendritic cell,Granulocyte precursor,TNFSF13B,HLA-DPB1,0.7378,0.0,0.53497446,0.39297489033566607,-0.1429827938991583,0.0064684176,0.90505,1.0,0.6515378944035503
Monocyte classical,Plasmacytoid DC,LGALS9,CD47,0.50577396,0.0,0.23839112,0.37059431086510264,0.5096566063988752,0.0047238017,0.86418426,0.45281909097439554,0.6522323858743734
T proliferating,Erythroid late,SIRPG,CD47,0.4166755,0.0,0.17307799,0.6711222039591139,0.4744847726225407,0.021848075,0.84427696,0.05789331968041655,0.6522323858743734
Dendritic cell,CD8 T cytotoxic,FAM3C,HLA-C,1.7294248,0.0,0.3187713,0.44162284385977346,0.5355022894633249,0.0039257947,0.88035196,0.5287844753229151,0.652433583158518
Platelet,Dendritic cell,HLA-F,LILRB2,0.18247473,0.853,0.03207736,0.01102021817885783,-0.062256950517522364,0.0040511205,0.70006466,1.0,0.652433583158518
CD4 T naive,CD8 T cytotoxic,CLEC2D,KLRB1,0.7376585,0.0,0.5380305,0.32195802371427334,0.5832148691205677,0.011538467,0.9052945,0.19677840483397374,0.6526111879563142
T activated,CD4 T memory,MIF,TNFRSF14,0.41664308,0.111,0.15789591,0.040621211538031055,-0.02060691609228743,0.003094622,0.8381461,1.0,0.6531550958660047
Granulocyte precursor,CD8 T cytotoxic,LGALS9,CD44,0.53126466,0.0,0.23840679,0.13052189536361994,0.12943959544612327,0.0036637536,0.86418813,0.8816141336611142,0.6531550958660047
Monocyte non-classical,Monocyte classical,ANXA1,FPR1,0.7368773,0.0,0.4247953,0.6508151518284268,0.7714993935036835,0.03550049,0.89466786,0.05789331968041655,0.6536850560977653
Dendritic cell,Monocyte non-classical,GRN,TNFRSF1A,0.8284645,0.0,0.33546314,1.1450056397149104,0.9687642841110884,0.032531615,0.88301396,0.015058517109133609,0.6536850560977653
NK,CD4 T naive,MIF,CD74,0.49809462,1.0,0.23884185,-0.355891890288541,-1.8119389361661682,0.0004706885,0.86429507,1.0,0.6540784813582136
B naive,Granulocyte precursor,LGALS9,CD44,0.4538788,0.91,0.12941277,-0.018347788453264086,-0.07722034038238584,0.0019887711,0.8241954,1.0,0.6540784813582136
Monocyte classical,Dendritic cell,LGALS9,SLC1A5,0.22985743,0.0,0.032113943,0.34585337677265005,0.39175348039371805,0.005001169,0.7001843,0.3995949850537951,0.6545985807175951
Granulocyte precursor,T proliferating,HLA-B,KIR3DL2,1.1623741,1.0,0.3354395,0.0031376466865807306,-0.31772852049471556,0.012917746,0.8830103,1.0,0.6547594980088348
B naive,CD4 T naive,MIF,CD74,0.41628486,1.0,0.1730857,-0.45234805227998626,-2.0402584748624304,0.00034110207,0.8442799,1.0,0.6550027367195882
Erythroid early,Monocyte non-classical,TNFSF13B,HLA-DPB1,1.1350745,0.0,0.12935479,0.412242951004373,0.3780940955062287,0.0015640387,0.8241629,0.6325921897732409,0.6550027367195882
Pre-B small,Dendritic cell,LGALS9,CD47,0.49965003,0.0,0.23932368,0.36976554906010867,0.395906940372695,0.0047422806,0.86441326,0.44929007444151325,0.6550027367195882
Dendritic cell,NK,BAG6,NCR3,0.41659772,0.0,0.12892574,0.7319165883152152,0.7638811390860742,0.028628418,0.823922,0.05789331968041655,0.6559278623596634
Granulocyte precursor,HSPC,LGALS9,CD44,0.5329423,0.0,0.23948683,0.13224230659525152,-0.11010442656685238,0.0036803514,0.86445314,1.0,0.6559278623596634
CD4 T naive,Erythroid early,MIF,TNFRSF14,0.28127992,1.0,0.03219866,-0.17641838690004757,-0.4102229552158683,0.00063106563,0.7004608,1.0,0.6567621899109894
T proliferating,Plasmacytoid DC,LGALS9,CD47,0.41992706,0.002,0.12889436,0.20012286528564896,0.09095428023370097,0.002554086,0.8239044,1.0,0.6568538586879742
Plasmacytoid DC,CD4 T naive,MIF,CD74,0.49943268,1.0,0.23991731,-0.35431454943921437,-1.9791761439242421,0.00047280797,0.86455834,1.0,0.6568538586879742
CD8 T cytotoxic,Platelet,MIF,CD74,0.41588855,1.0,0.1613074,-0.42415129185065703,-1.5260594699091408,0.00031789043,0.8395908,1.0,0.6568538586879742
Dendritic cell,CD4 T naive,LGALS9,CD44,0.735721,0.0,0.5410176,0.531027112226963,0.31088959652065773,0.008314173,0.9055315,0.09964268288149096,0.6569102130180365
Monocyte classical,T activated,MIF,CD74,0.49352944,1.0,0.23997849,-0.4075186069625093,-1.6312474580002072,0.00047292854,0.8645733,1.0,0.6577807261140535
Erythroid early,Pre-B small,TNFSF13B,HLA-DPB1,1.1305317,0.0,0.12882338,0.40865214437961717,0.36421536851478226,0.0015576135,0.8238644,0.6523167731179382,0.6577807261140535
Plasmacytoid DC,T proliferating,SELL,SELPLG,0.73502636,0.0,0.36962378,0.560438918959868,0.465294529404895,0.016484618,0.8879304,0.05789331968041655,0.6579863713835935
Pre-B large,Erythroid early,LGALS9,SLC1A5,0.4158238,0.0,0.16707623,1.1295610259960787,0.4686930495086329,0.026019117,0.84194285,0.05789331968041655,0.6587084650474371
Plasmacytoid DC,Granulocyte precursor,GRN,TNFRSF1A,0.5889464,0.0,0.12866017,0.68832228224362,0.6736275740044996,0.012476849,0.82377243,0.05789331968041655,0.6587084650474371
Monocyte non-classical,Monocyte non-classical,HBEGF,CD44,0.67704487,0.0,0.23998341,0.5124909615681872,0.48621861923438053,0.020878691,0.8645745,0.05789331968041655,0.6587084650474371
CD4 T memory,Erythroid early,SELL,SELPLG,0.32730666,0.981,0.032246538,-0.057230097152398234,-0.18763834839084112,0.0014381432,0.70061666,1.0,0.6589245249266139
CD4 T naive,Monocyte non-classical,MIF,TNFRSF14,0.41556674,0.033,0.16591866,0.04996528445622061,-0.02077922572319607,0.0032518608,0.8414797,1.0,0.6596370758976587
Granulocyte precursor,B naive,TNFSF13B,CD40,0.5324075,0.0,0.24007523,0.9477190627887996,1.0167666488721203,0.09906417,0.86459684,0.012165433173931395,0.6596370758976587
Erythroid late,Plasmacytoid DC,LGALS9,CD47,0.4196879,0.0,0.12858933,0.19964797919167307,0.24169742948782486,0.0025480415,0.82373244,1.0,0.6596370758976587
NK,CD4 T naive,MIF,TNFRSF14,0.41551277,0.013,0.14068422,0.025443149314457406,0.10181248091344985,0.0027572878,0.83016396,1.0,0.6605665590742522
Pre-B large,T activated,MIF,TNFRSF14,0.6137167,0.0,0.24039556,0.26112442566765287,0.24088657987954282,0.0047115427,0.86467487,0.4554794652614914,0.6605665590742522
CD8 T cytotoxic,Dendritic cell,ITGAL_ITGB2,ICAM1,0.1891742,0.0,0.032531515,0.4336650207980135,0.33919138974290497,0.025349934,0.70153856,0.06988114035290734,0.6610855292673549
Monocyte classical,CD4 T memory,LGALS9,CD44,0.73317724,0.0,0.40839943,0.3625344750590218,0.5199258722150687,0.0062761423,0.8927987,0.22362610107936695,0.661218266163534
Monocyte non-classical,CD8 T cytotoxic,MIF,TNFRSF14,0.4153444,0.096,0.15763596,0.03960178097541693,0.06957545870199688,0.0030895271,0.83803433,1.0,0.6614969149867531
Plasmacytoid DC,NK,GRN,TNFRSF1B,0.64199716,0.0,0.24070995,0.6416029331607628,0.7284539881099378,0.010656074,0.86475134,0.05789331968041655,0.6614969149867531
HSPC,B naive,MIF,TNFRSF14,0.74189115,0.0,0.3326837,0.42002283811235774,0.3898648648979951,0.0065203104,0.88258356,0.20252338261792555,0.6622968150415575
Granulocyte precursor,Monocyte non-classical,LGALS9,CD44,0.7331401,0.0,0.3683725,0.3375790412562744,0.3462814707726294,0.005661022,0.88776153,0.29819271194283564,0.6622968150415575
Pre-B large,Pre-B small,LGALS9,CD47,0.4910239,0.0,0.24110307,0.38725098590381285,0.4277660972463788,0.00477754,0.86484677,0.4449078582133626,0.6624283400198436
NK,Dendritic cell,PTPRC,CD22,0.6626882,0.0,0.12816483,0.16316852103988827,0.18060281133037917,0.0067950618,0.8234922,0.7204589535738956,0.6624283400198436
Monocyte non-classical,Monocyte classical,LGALS9,CD47,0.4152501,0.0,0.13627574,0.31903075774242917,0.26416170307421283,0.0027003505,0.8279077,1.0,0.6624283400198436
Plasmacytoid DC,Dendritic cell,AREG,ICAM1,0.18933481,0.0,0.03257395,0.3147039641079122,0.16621318779054195,0.0117172245,0.70167506,0.2842149041279813,0.6632452033427793
Plasmacytoid DC,Platelet,FAM3C,HLA-C,1.0859531,0.984,0.24113315,-0.07967852123629936,0.06659771554901514,0.00296965,0.864854,1.0,0.6633604428165555
Erythroid early,B naive,MIF,TNFRSF14,0.57601625,0.0,0.24135704,0.22445296154493802,0.18309297786112733,0.0047303876,0.8649082,0.4707770296360668,0.6642934195778634
HSPC,Pre-B large,LGALS9,CD47,0.7326607,0.0,0.44050872,0.6952520752101625,0.48716144233535646,0.008728832,0.89636713,0.08515554380149463,0.6644553868409259
CD4 T memory,Monocyte classical,CCL5,CCR1,0.41481674,0.14,0.1274179,0.28191051221044827,-0.18443188518501086,0.01156811,0.823067,1.0,0.6652272707133018
Dendritic cell,Dendritic cell,ANXA1,FPR1,1.091994,0.0,0.24169663,0.6948345840111936,0.6307567586002785,0.020198783,0.8649904,0.05789331968041655,0.6652272707133018
Erythroid early,T activated,LGALS9,CD47,0.41476673,0.0,0.16228983,0.28981086381202287,0.040859204419021244,0.003215829,0.8399992,1.0,0.6652272707133018
Dendritic cell,B naive,ALOX5,ALOX5AP,0.19377175,0.692,0.03259471,0.08429080726571926,-0.12062645098839722,0.0059245126,0.70174176,1.0,0.6654035475624531
Granulocyte precursor,Monocyte classical,GRN,TNFRSF1B,0.7325517,0.0,0.45175683,0.8151367154256939,1.0932902637173982,0.019998984,0.8975324,0.05789331968041655,0.6655355215182825
Granulocyte precursor,Monocyte non-classical,GRN,TNFRSF1A,0.62999487,0.0,0.24174394,0.8495594196605378,0.9440910218794143,0.023443175,0.86500174,0.05074644854961885,0.6661619966324052
Monocyte classical,Dendritic cell,LGALS9,CD44,0.73225516,0.0,0.40771008,0.36158919227119957,0.34928684743703475,0.0062655485,0.8927179,0.22624387949246189,0.6666162209553297
T activated,T proliferating,MIF,TNFRSF14,0.41451162,0.323,0.15558572,0.03702805764621443,-0.13592692189941386,0.0030493443,0.8371439,1.0,0.6670975977447072
Granulocyte precursor,CD4 T naive,LGALS9,CD44,0.5369897,0.0,0.24209253,0.13639398546495746,0.07385429705153601,0.003720395,0.8650859,0.852805657783242,0.6670975977447072
HSPC,CD4 T naive,FAM3C,LAMP1,0.18491049,0.514,0.0327229,0.033839229947521164,-0.11843990238279903,0.0027843425,0.7021523,1.0,0.6675605056391225
NK,CD8 T memory,CLEC2D,KLRB1,0.7320914,0.0,0.3685927,0.26120520094801825,0.7323708274635085,0.007904747,0.88779134,0.35635386717930223,0.6676975980840609
Monocyte non-classical,CD4 T memory,MIF,TNFRSF14,0.41433436,0.126,0.15655057,0.0378991006337058,-0.014395351145462587,0.0030682543,0.8375648,1.0,0.6680340744597432
Erythroid late,Monocyte classical,LGALS9,CD44,0.7014493,0.0,0.24221328,0.24734113979114103,0.5001695912522652,0.0037222502,0.865115,0.7666566330312422,0.6680340744597432
Monocyte non-classical,Monocyte classical,LGALS9,LRP1,0.41416943,0.0,0.13496727,0.7831244767907999,0.8158025519635513,0.04155107,0.82721925,0.05020878123389386,0.6689714271870464
Pre-B large,Monocyte non-classical,LGALS9,CD47,0.49238437,0.0,0.24244234,0.389107134300271,0.28493425681105555,0.0048040776,0.8651702,0.4388267076381845,0.6689714271870464
Pre-B large,CD4 T memory,GRN,TNFRSF1B,0.1818107,0.98,0.03277313,-0.05486578441652509,-0.3022324170924725,0.0014508453,0.70231265,1.0,0.6697161914109352
Granulocyte precursor,Pre-B small,MIF,TNFRSF14,0.7319453,0.0,0.3957776,0.4292114239520347,0.6775165794510369,0.0077568954,0.89128715,0.12407194543500637,0.6698618135032671
CD4 T memory,Monocyte non-classical,MIF,TNFRSF14,0.53050387,0.0,0.24252287,0.18547869147839846,0.16434857686853027,0.0047532367,0.86518955,0.6163229334812655,0.669909656336152
CD8 T memory,B naive,MIF,TNFRSF14,0.41307807,0.015,0.1516473,0.03234509627852408,0.1067020114442706,0.0029721549,0.83538854,1.0,0.669909656336152
T proliferating,Monocyte classical,LGALS9,CD44,0.70168847,0.0,0.24278784,0.24781602588511692,0.3494264419981413,0.00373108,0.8652532,0.7601110428646548,0.6708487623165944
Monocyte non-classical,CD8 T memory,CD58,CD2,0.43094918,0.0,0.12640984,0.3625223838955217,0.5042050127489204,0.010110136,0.82248795,0.13766632201437348,0.6708487623165944
CD8 T cytotoxic,NK,MIF,TNFRSF14,0.41293317,0.05,0.15821102,0.038947039421816085,0.15301860062474631,0.0031007978,0.8382813,1.0,0.6717889433549187
Plasmacytoid DC,B naive,FAM3C,HLA-C,1.0964864,1.0,0.24360566,-0.0708025289753603,-0.27093964861850894,0.0030001001,0.86544913,1.0,0.6717889433549187
Dendritic cell,Plasmacytoid DC,FAM3C,LAMP1,0.2207452,0.034,0.032855418,0.060805445719812515,-0.05953064838714385,0.002795618,0.70257473,1.0,0.6718705485556871
Monocyte classical,T proliferating,LGALS9,CD47,0.73189247,0.0,0.40743893,0.6791169051966228,0.6762716707312999,0.008073542,0.892686,0.10966577636736835,0.6720282748557895
T proliferating,Granulocyte precursor,COPA,CD74,1.0593433,0.001,0.32933214,0.12257845623285005,-0.5520693794827929,0.0031743764,0.8820579,1.0,0.6720282748557895
Platelet,Plasmacytoid DC,SELP,SELPLG,0.41274452,0.0,0.16084598,2.909929929189796,1.054634728218313,0.17090164,0.8393977,0.0012899687731636,0.6727298044112934
Monocyte non-classical,Dendritic cell,ANXA1,FPR1,0.5987985,0.0,0.12636018,0.237985396383601,0.1863568801797659,0.010560022,0.8224593,0.42095685641777525,0.6727298044112934
HSPC,HSPC,FAM3C,HLA-C,0.90584415,1.0,0.24407628,-0.20440784307230583,-0.7495934545046898,0.0030058958,0.86556137,1.0,0.6727298044112934
Dendritic cell,Monocyte non-classical,CD1D,LILRB2,0.41248575,0.0,0.12642325,1.3131289708456801,0.8094085807724256,0.20893484,0.82249564,0.028483326648678604,0.6736715435276938
Dendritic cell,Erythroid early,LGALS9,SLC1A5,0.5294034,0.0,0.24418508,1.3551030832054958,0.6219800477112937,0.03802743,0.8655873,0.05789331968041655,0.6736715435276938
Dendritic cell,Pre-B large,FAM3C,LAMP1,0.22075398,0.04,0.032857083,0.060819257450378396,-0.12122503665501051,0.0027957596,0.70258003,1.0,0.6740235774829447
Dendritic cell,HSPC,LGALS9,CD44,0.73167354,0.0,0.5351945,0.526875433357257,0.12693087290226934,0.008224686,0.9050677,0.3759686175003879,0.6741970896939533
Dendritic cell,T proliferating,CD58,CD2,0.70140785,0.0,0.2442141,0.7263763251134311,0.5557375024345679,0.019532008,0.86559427,0.05789331968041655,0.6746141611136546
Monocyte non-classical,T proliferating,MIF,TNFRSF14,0.4122029,0.371,0.15426007,0.03430594674188917,-0.129715356952589,0.0030233625,0.8365597,1.0,0.6746141611136546
CD8 T memory,Monocyte classical,CD99,PILRA,0.73161304,0.0,0.35227948,0.6205252201564024,0.8259409285911024,0.016059441,0.88551676,0.05789331968041655,0.6752822778393796
Monocyte classical,Monocyte classical,HBEGF,CD44,0.7023685,0.0,0.2444217,0.529826082100879,0.7596002047395346,0.021264827,0.8656437,0.05789331968041655,0.6755576575787096
HSPC,Granulocyte precursor,GRN,TNFRSF1B,0.18694824,0.989,0.03286241,-0.051531869049169954,-0.3186912105013279,0.0014547976,0.702597,1.0,0.6761752786022746
Pre-B large,Granulocyte precursor,FAM3C,HLA-C,0.73097754,1.0,0.33877534,-0.2201754921255933,-0.7113917395132088,0.0041721524,0.8835205,1.0,0.676368023372705
Monocyte classical,Plasmacytoid DC,LGALS9,CD44,0.51421756,0.076,0.2447036,0.13795528230237275,0.12012363671453252,0.003760521,0.8657107,1.0,0.6765020333323937
B naive,CD4 T memory,FAM3C,CLEC2D,0.41163784,0.0,0.1333198,0.2947491459565779,0.37244850063810764,0.011840668,0.82633984,0.25948307491193945,0.6765020333323937
Erythroid late,B naive,MIF,TNFRSF14,0.41119245,0.198,0.15060912,0.0301218242242823,0.2180507828132774,0.0029518076,0.8349157,1.0,0.6774472887842411
NK,Monocyte non-classical,ANXA1,FPR1,0.61933815,0.0,0.24492449,0.3911870111943086,0.3760226228541347,0.020468539,0.8657631,0.1045641808864471,0.6774472887842411
CD8 T cytotoxic,Monocyte classical,ANXA1,FPR1,0.73085713,0.0,0.42006242,0.6452383451233131,0.7848645725790243,0.035104956,0.89413875,0.05789331968041655,0.6774543254748612
Monocyte non-classical,HSPC,LTB,LTBR,0.22886118,1.0,0.03288234,-0.1381205849384859,-0.9621046201778088,0.0039737034,0.7026603,1.0,0.6783255958010086
Monocyte classical,NK,GRN,TNFRSF1B,0.65228075,0.0,0.24539785,0.6569109271953351,1.0771524792231792,0.010863604,0.86587524,0.05789331968041655,0.6783934243437859
T proliferating,CD4 T naive,MIF,CD74,0.73066306,1.0,0.42577308,-0.08168859381147603,-1.7707113717492802,0.0008390762,0.89477617,1.0,0.6785412976658076
Pre-B large,Monocyte classical,CD99,PILRA,0.55634916,0.0,0.24577035,0.43603053307096507,0.3875106378438834,0.011203987,0.86596334,0.06730317619804126,0.679340440420563
Platelet,NK,MIF,CD74,0.730087,1.0,0.42065978,-0.2847534151435045,-1.1476637806743226,0.0008289994,0.894206,1.0,0.6796287105067401
CD4 T memory,Plasmacytoid DC,SEMA4D,PLXNB2,0.18364607,0.0,0.03290411,0.3963478434131328,0.24599528761906714,0.015447851,0.7027295,0.15234837233181597,0.6804746425680686
Dendritic cell,CD8 T cytotoxic,LGALS9,CD44,0.7299959,0.0,0.5327809,0.5251550221256254,0.366474894915245,0.008187593,0.9048733,0.10545125274594468,0.680716677459211
T activated,CD8 T cytotoxic,CLEC2B,KLRF1,0.51911086,0.0,0.24590145,0.36143700673956963,0.5111115024931019,0.010864567,0.8659943,0.1396697017643871,0.6807626164013948
CD8 T cytotoxic,T activated,KLRF1,CLEC2B,0.51911086,0.0,0.24590145,0.36143700673956963,0.5111115024931019,0.010864567,0.8659943,0.1396697017643871,0.6807626164013948
Pre-B small,CD4 T memory,LGALS9,CD47,0.40918761,0.0,0.16731003,0.24633623945518307,0.384528131556526,0.0033153056,0.8420359,0.9771481519102,0.6812373154314381
Erythroid early,HSPC,TNFSF13B,HLA-DPB1,0.729773,0.0,0.08194455,0.09184965327347033,-0.4065968765913632,0.0009907979,0.7886074,1.0,0.6818051977041515
HSPC,Pre-B large,MIF,TNFRSF14,0.7060175,0.0,0.24597745,0.35954622851114026,0.1955544253517686,0.0048209433,0.8660123,0.4345213518242006,0.6821869757026349
B naive,CD8 T cytotoxic,FAM3C,CLEC2D,0.40917307,0.0,0.13222754,0.29167360996422714,0.47330761856792347,0.011743661,0.8257488,0.26893397208390113,0.6821869757026349
CD8 T cytotoxic,Dendritic cell,ANXA1,FPR1,0.5927783,0.0,0.12495232,0.23240858967848738,0.19972205925510675,0.010442367,0.8216397,0.4371007443097853,0.6821869757026349
Dendritic cell,Granulocyte precursor,ITGAL_ITGB2,ICAM3,0.19015616,1.0,0.032937903,-0.13672186320822652,-0.41409516208873776,0.001791746,0.70283663,1.0,0.6826223627558905
CD8 T cytotoxic,CD8 T cytotoxic,MIF,TNFRSF14,0.4086162,0.093,0.1536881,0.031669218327466456,0.11580071386047752,0.0030121526,0.8363057,1.0,0.683137518129287
Granulocyte precursor,Granulocyte precursor,GRN,TNFRSF1A,0.57285756,0.0,0.12473997,0.664372175495438,0.7343220806739844,0.012096687,0.8215151,0.05789331968041655,0.683137518129287
HSPC,Monocyte non-classical,ANXA1,FPR1,0.6217273,0.0,0.2461046,0.3933999450849955,0.13351693681825205,0.02056716,0.8660422,0.36455628858516254,0.683137518129287
Pre-B large,Erythroid early,LGALS9,CD47,0.7287741,0.0,0.47514394,0.7116438361095143,0.43153226784307586,0.009415139,0.89983016,0.06688055159387427,0.6839840094249466
HSPC,Platelet,LGALS9,CD47,0.5026241,0.0,0.24618958,0.38138372595481823,0.5914279658047561,0.004878331,0.8660623,0.42095685641777525,0.6840889431209293
T activated,B naive,MIF,TNFRSF14,0.40860632,0.212,0.14918527,0.02707270677364609,0.02836307299358487,0.0029239012,0.83426,1.0,0.6840889431209293
Plasmacytoid DC,Granulocyte precursor,FAM3C,LAMP1,0.19952337,0.151,0.033059742,0.04028297645105089,-0.014909799970880072,0.002813004,0.70322204,1.0,0.6847687567740406
Pre-B large,Erythroid early,FAM3C,LAMP1,0.40831706,0.0,0.1524299,0.4640262913686385,0.1571516250369883,0.01297003,0.8357422,0.3007884982691415,0.6850412510870959
B naive,T proliferating,SELL,SELPLG,0.5437815,0.0,0.24648488,0.35087558737873153,0.3563906305892288,0.010992824,0.8661318,0.1539179498253369,0.6850412510870959
CD8 T memory,CD8 T cytotoxic,MIF,CD74,0.72678554,1.0,0.49727038,-0.23904331039115145,-1.1554562056728166,0.0009799767,0.9018629,1.0,0.685074184690774
Dendritic cell,Pre-B small,PTPRC,CD22,0.6279395,0.0,0.24649285,0.24580660194537132,0.07316443319644061,0.013068593,0.86613363,0.5150783428440725,0.6859944424373214
Pre-B small,Erythroid early,LGALS9,CD44,0.40820417,1.0,0.16652714,0.040851306643003515,-0.2244820356481826,0.002559132,0.84172374,1.0,0.6859944424373214
Granulocyte precursor,CD8 T memory,BAG6,NCR3,0.18648516,0.0,0.033138443,0.1985341892440405,0.27428387096750584,0.0073585077,0.7034701,0.5739745570362025,0.6869137686493254
Dendritic cell,Plasmacytoid DC,ALOX5,ALOX5AP,1.0607568,0.0,0.24655925,1.212255234367242,1.2338924654111352,0.044815347,0.8661492,0.0035969336346147475,0.6869485175811398
Granulocyte precursor,Dendritic cell,CD99,PILRA,0.40775126,0.015,0.13924924,0.22009866307852793,-0.04774033790347165,0.0063479855,0.82943994,1.0,0.6869485175811398
Dendritic cell,Granulocyte precursor,LGALS9,CD44,0.7249959,0.0,0.52558726,0.5200266537440263,0.27186582623847233,0.008077045,0.9042866,0.12273695345494134,0.6872561844516851
CD4 T naive,Monocyte non-classical,CD99,PILRA,0.5237656,0.0,0.24704547,0.7807896490616089,0.2667599564731302,0.011262116,0.8662634,0.12711547701491274,0.6879034769280855
CD8 T cytotoxic,CD4 T memory,MIF,TNFRSF14,0.40760615,0.104,0.1526299,0.029966537985755323,0.03182990401301805,0.0029914125,0.8358322,1.0,0.6879034769280855
Erythroid late,CD8 T cytotoxic,MIF,CD74,0.7248999,1.0,0.49386606,-0.24126658244539323,-1.0441074343038097,0.00097326783,0.9015585,1.0,0.6883480073086317
Dendritic cell,NK,TNFSF13B,HLA-DPB1,0.5132271,0.929,0.24708168,0.21544844131551108,-0.44987784723437646,0.0029874837,0.86627185,1.0,0.6888593208876929
Monocyte classical,T proliferating,IL1B,ADRB2,0.21480194,0.0,0.03326469,0.5251382986919138,0.6263012228700324,0.036742788,0.70386654,0.05789331968041655,0.6890575115916742
CD4 T memory,CD4 T memory,MIF,CD74,0.7232566,1.0,0.52307975,-0.1870861463312897,-1.3566073548175663,0.0010308396,0.9040795,1.0,0.6894404926428599
Platelet,Dendritic cell,CD99,PILRA,0.62929106,0.0,0.24709408,0.45330640152382445,0.8239051639333713,0.011264333,0.8662748,0.05789331968041655,0.6898160498694966
CD8 T cytotoxic,CD8 T memory,LCK,CD8A_CD8B,0.72312856,0.0,0.5167816,0.5926580797541336,0.9264138128376597,0.031598583,0.90355295,0.05789331968041655,0.6905334098560021
Platelet,T proliferating,TGFB1,TGFBR3,0.4557958,0.0,0.12345973,0.6207176090477327,0.8806728200373224,0.026052544,0.82075745,0.05789331968041655,0.6907738658096104
HSPC,Monocyte non-classical,CD52,SIGLEC10,0.61124915,1.0,0.24873973,0.27718844830912726,-0.6418119897523256,0.018093266,0.8666588,1.0,0.6907738658096104
Granulocyte precursor,Monocyte non-classical,LGALS9,CD47,0.4072327,0.0,0.15855607,0.2200160647476826,0.20118595554459462,0.003141843,0.838429,1.0,0.6907738658096104
HSPC,Erythroid early,GRN,TNFRSF1B,0.18786128,0.992,0.03328722,-0.049841198211998075,-0.4317722867949334,0.0014736037,0.7039371,1.0,0.6911999295930406
NK,Erythroid early,CCL4,SLC7A1,0.8692246,0.0,0.24920669,1.324244759586536,1.4067681380921846,0.099004045,0.8667671,0.0009488261037286351,0.6917323662507885
Plasmacytoid DC,NK,HLA-E,KLRC2_KLRD1,0.7226993,0.996,0.32962215,0.2799987991652478,0.13400336021200032,0.018956065,0.8821037,1.0,0.6921738090210293
Plasmacytoid DC,NK,HLA-E,KLRC2,0.7226993,0.996,0.32962215,0.2799987991652478,0.13400336021200032,0.018956065,0.8821037,1.0,0.6921738090210293
T proliferating,CD4 T memory,SIRPG,CD47,0.40688556,0.0,0.16537471,0.657764589150588,0.33108815361449745,0.020875672,0.8412606,0.07525852602720537,0.692691752942852
Plasmacytoid DC,Pre-B small,FAM3C,HLA-C,1.1206064,1.0,0.24926738,-0.05047790921236933,-0.1548123493140077,0.0030698264,0.8667812,1.0,0.692691752942852
Pre-B small,HSPC,LGALS9,SLC1A5,0.24097964,0.0,0.033406135,0.3646988005701506,0.42571143832699826,0.0052024047,0.7043086,0.36155738387926983,0.6933410230629913
Monocyte classical,Erythroid late,LGALS9,CD47,0.406864,0.0,0.16444533,0.23563890075448635,0.4869440841645607,0.0032585405,0.8408839,1.0,0.6936520262953353
Plasmacytoid DC,Monocyte non-classical,GRN,TNFRSF1A,0.6460837,0.0,0.24934123,0.8735095264087198,0.8833965152099295,0.024179924,0.86679834,0.04783400925610593,0.6936520262953353
Dendritic cell,NK,GRN,TNFRSF1B,0.824378,0.0,0.32385063,0.9130990464669533,0.8138217570110967,0.014336659,0.881182,0.05789331968041655,0.6938154337432265
B naive,Monocyte non-classical,FCER2,ITGAX_ITGB2,0.51901954,0.0,0.24936797,1.2651685539393194,1.2948932618534266,0.28088117,0.8668044,0.0015498495337453416,0.6946131867177727
CD4 T naive,Erythroid early,MIF,CD74,0.40660623,1.0,0.15699598,-0.4373520381045439,-2.0242218857318033,0.00030939386,0.837758,1.0,0.6946131867177727
Dendritic cell,Erythroid early,GRN,TNFRSF1A,0.74387705,0.0,0.09509516,0.8708495706321616,0.6345323573193092,0.009221874,0.80074704,0.0705370401884116,0.6949106449294953
T proliferating,Monocyte non-classical,FAM3C,HLA-C,1.3054835,0.009,0.3235529,0.11740617865337097,-0.06142124193903126,0.003984682,0.88113385,1.0,0.6949106449294953
HSPC,NK,HLA-E,KLRC2_KLRD1,0.7224464,1.0,0.32947862,0.2797760536532108,-0.008152900515424055,0.018947812,0.88208103,1.0,0.6954583964915864
HSPC,NK,HLA-E,KLRC2,0.7224464,1.0,0.32947862,0.2797760536532108,-0.008152900515424055,0.018947812,0.88208103,1.0,0.6954583964915864
CD8 T memory,Plasmacytoid DC,AREG,ICAM1,0.18695663,0.0,0.033494737,0.3367784831002426,0.26504091762825444,0.012048442,0.70458436,0.17457852805144697,0.695480792411093
HSPC,NK,LGALS9,CD44,0.40637547,1.0,0.16488533,0.05065776921901069,-0.18098899477268288,0.0025339012,0.84106266,1.0,0.6955752346196984
CD4 T naive,Pre-B small,PTPRC,CD22,0.63608605,0.0,0.25045976,0.2535351064307307,0.3121362775771295,0.013278911,0.8670564,0.3782828570983256,0.6955752346196984
HSPC,T proliferating,HLA-B,KIR3DL2,1.1233073,1.0,0.3233626,-0.03313094169777475,-0.5247812006988171,0.012452666,0.88110304,1.0,0.6960062836123732
Monocyte non-classical,B naive,MIF,TNFRSF14,0.4062976,0.24,0.14791414,0.024350595869320833,0.034574637940409714,0.002898988,0.83366764,1.0,0.6965381704106473
Granulocyte precursor,Plasmacytoid DC,TNFSF13B,TNFRSF17,0.452784,0.0,0.122122094,1.331207926017194,0.8273535884766111,0.1222062,0.8199548,0.024905418191014352,0.6965381704106473
T proliferating,CD4 T naive,MIF,TNFRSF14,0.6480812,0.0,0.2507917,0.2996464457915224,0.14304004533033776,0.0049152984,0.8671328,0.41429496041015457,0.6965381704106473
T activated,CD8 T cytotoxic,MIF,CD74,0.72231376,1.0,0.48919705,-0.24431569989602944,-1.2337951441235022,0.0009640666,0.90113616,1.0,0.6971024641204998
T proliferating,Plasmacytoid DC,SIRPG,CD47,0.5155855,0.0,0.2509056,0.8060776140697302,0.4971972948568552,0.03167245,0.86715895,0.05789331968041655,0.697501994500153
HSPC,NK,MDK,SORL1,0.4062138,0.0,0.16468914,1.2796730950591613,0.7800098819683561,0.055585332,0.84098303,0.03298628972698408,0.697501994500153
Platelet,T proliferating,HLA-F,KIR3DL2,0.185983,0.606,0.033602744,0.22000410237492501,0.08563056978303635,0.011445751,0.7049192,1.0,0.6976191818382532
NK,T activated,ITGAL_ITGB2,ICAM3,0.40604782,0.0,0.16017893,0.24222370703428295,0.27795777398607446,0.008713365,0.83911747,0.40689518690784615,0.6984667072977503
Erythroid early,Pre-B small,LGALS9,CD47,0.5016575,0.0,0.25152078,0.40836708907281705,0.34675332310648777,0.004983971,0.8672999,0.4028272839466377,0.6984667072977503
Pre-B large,CD8 T memory,APP,CD74,0.93435144,0.115,0.32278657,0.10420663334549077,-0.6055164201236953,0.0022587648,0.88100964,1.0,0.6992964473362246
Erythroid early,Pre-B large,TNFSF13B,HLA-DPB1,0.8465026,0.0,0.095599025,0.18412463972990087,-0.2920633632811815,0.0011558952,0.8011682,1.0,0.6992964473362246
Erythroid early,T proliferating,MIF,TNFRSF14,0.5819216,0.0,0.25171193,0.23440831241750637,0.0188029829681286,0.0049333335,0.8673436,0.6847890175910887,0.6994323092129738
Plasmacytoid DC,CD8 T memory,MIF,TNFRSF14,0.40604144,0.331,0.12841174,0.00879757552534612,-0.057538875339691486,0.0025167582,0.823632,1.0,0.6994323092129738
Plasmacytoid DC,CD4 T memory,FAM3C,LAMP1,0.20257442,0.084,0.03377592,0.04506426695845589,-0.027044964476996752,0.0028739423,0.70545363,1.0,0.6997563042061448
Erythroid early,Monocyte non-classical,FAM3C,HLA-C,1.3052534,0.0,0.32241145,0.1167863929161738,-0.09341933805688293,0.003970624,0.88094866,1.0,0.7003943638948009
Pre-B small,Pre-B large,LGALS9,CD47,0.72049326,0.0,0.41512847,0.671090194289607,0.7505894907939958,0.008225913,0.8935783,0.1045641808864471,0.7003943638948009
HSPC,HSPC,LGALS9,CD47,0.5093129,0.0,0.25183982,0.3905100890760547,0.12287528975603329,0.0049902927,0.8673728,0.40120869318891605,0.7003990040496438
Granulocyte precursor,Pre-B small,LGALS9,CD47,0.40587223,0.0,0.1576802,0.21815991635122445,0.3440177959799179,0.0031244874,0.83805335,1.0,0.7003990040496438
CD4 T naive,T proliferating,SELL,SELPLG,0.5521955,0.0,0.2519025,0.3600960060503076,0.32351603863998446,0.01123444,0.8673871,0.1420654329092139,0.7013663856159625
CD4 T naive,Monocyte classical,ANXA1,FPR1,0.40583968,0.42,0.16454318,0.34417296830508415,0.10937551735748008,0.013751008,0.84092367,1.0,0.7013663856159625
Monocyte non-classical,Granulocyte precursor,LILRB4,LAIR1,0.18600096,0.0,0.033821575,0.47409925913165674,0.36211470971813053,0.010533179,0.70559394,0.05789331968041655,0.7018921036808768
Plasmacytoid DC,T proliferating,HLA-E,KLRC1_KLRD1,0.7203369,0.994,0.32413366,0.1765346590416304,-0.12960946577229615,0.010939968,0.88122773,1.0,0.7020420751072252
Plasmacytoid DC,T proliferating,HLA-E,KLRC1,0.7203369,0.994,0.32413366,0.1765346590416304,-0.12960946577229615,0.010939968,0.88122773,1.0,0.7020420751072252
T activated,T proliferating,CCL5,CCR5,0.7142492,0.0,0.12159184,0.7332260605997518,0.084399778563126,0.04152188,0.81963336,0.48926387896372586,0.7023346575285965
Monocyte non-classical,Monocyte classical,HBEGF,CD44,0.7054862,0.0,0.251912,0.5416613158294361,0.703320636335304,0.021916486,0.8673893,0.05789331968041655,0.7023346575285965
CD8 T cytotoxic,T proliferating,MIF,TNFRSF14,0.4054747,0.399,0.15039675,0.026373384093938693,-0.08349010179410837,0.0029476448,0.8348185,1.0,0.7023346575285965
Monocyte non-classical,Pre-B small,PTPRC,CD22,0.63939303,0.0,0.25207007,0.256672774254565,0.2753362870513296,0.013364287,0.8674254,0.37137200985952196,0.70330382019708
T proliferating,T activated,FAM3C,HLA-C,1.2973717,0.019,0.32143676,0.11057189848751287,-0.1052760002703455,0.003958621,0.8807898,1.0,0.7036909952902899
Dendritic cell,T proliferating,IL1B,ADRB2,0.21780667,0.0,0.033873644,0.5336974607965479,0.4205152204922699,0.03741541,0.70575374,0.05789331968041655,0.7040265806720156
HSPC,T proliferating,HLA-E,KLRC1,0.720084,1.0,0.32399252,0.1763119135295934,-0.27176572649972053,0.010935204,0.88120496,1.0,0.7042409035336636
HSPC,T proliferating,HLA-E,KLRC1_KLRD1,0.720084,1.0,0.32399252,0.1763119135295934,-0.27176572649972053,0.010935204,0.88120496,1.0,0.7042409035336636
HSPC,Monocyte classical,FAM3C,HLA-C,0.93345106,1.0,0.2521697,-0.18114612436871444,-0.4793492016321266,0.0031055694,0.8674481,1.0,0.7042738740309475
NK,CD8 T memory,MIF,TNFRSF14,0.4047034,0.183,0.12783612,0.007220234676019448,0.10969833241838256,0.0025054761,0.82330555,1.0,0.7052448194397334
Erythroid early,Monocyte non-classical,LGALS9,CD47,0.50301796,0.0,0.25291792,0.4102232374692752,0.2039214826711645,0.0050116554,0.8676183,0.3963821773447346,0.7052448194397334
Dendritic cell,B naive,TNFSF13B,TNFRSF13C,0.72006935,0.0,0.5122445,1.1394923303881785,1.2306973965578791,0.12549026,0.903168,0.002830044776504179,0.7058915471487246
CD8 T cytotoxic,Erythroid early,MIF,TNFRSF14,0.29426068,1.0,0.0338776,-0.16111365168696706,-0.3189645484652059,0.0006639714,0.7057659,1.0,0.7061597355891278
Plasmacytoid DC,Plasmacytoid DC,FAM3C,HLA-C,1.1375226,0.985,0.25323814,-0.03622338932973625,-0.2834064527415334,0.003118728,0.867691,1.0,0.7062166568329715
Pre-B large,CD4 T memory,CD58,CD2,0.5256405,0.0,0.121416934,0.43666154388288114,0.45484907964242016,0.009710808,0.819527,0.06688055159387427,0.7062166568329715
Monocyte non-classical,CD8 T cytotoxic,MIF,CD74,0.72000504,1.0,0.48502886,-0.2470378108003547,-1.2275835791766774,0.0009558523,0.90075433,1.0,0.7069925673383342
Dendritic cell,Dendritic cell,HBEGF,CD44,0.66144556,0.0,0.25324506,0.5276306618277706,0.19582501946370046,0.022032464,0.8676926,0.2288845738079738,0.707189386620197
T proliferating,CD4 T memory,COPA,CD74,0.44382837,1.0,0.12140208,-0.2275815855229642,-1.4780916717508874,0.0011701738,0.81951785,1.0,0.707189386620197
Granulocyte precursor,Monocyte non-classical,MIF,TNFRSF14,0.7196549,0.0,0.36858976,0.4084920912732871,0.5042280202239704,0.007224038,0.8877909,0.15195786084439764,0.708094121162333
Pre-B large,T activated,LGALS9,CD47,0.40413314,0.0,0.15556797,0.26869476064301867,0.1218719785589123,0.0030826326,0.83713615,1.0,0.7081630092109437
HSPC,CD8 T cytotoxic,CD58,CD2,0.46969995,0.0,0.121309206,0.38395131615793276,0.4697885838982234,0.009702193,0.8194613,0.11432020844168508,0.7081630092109437
Monocyte non-classical,Erythroid early,LGALS9,CD44,0.5118887,0.014,0.2532857,0.2467441298364822,-0.1590935532421881,0.0038924075,0.86770177,1.0,0.7081630092109437
Dendritic cell,T activated,FAM3C,CLEC2D,0.22633533,0.935,0.033914827,-0.028130186999339057,-0.17545654402834637,0.003012112,0.70587987,1.0,0.7082915128069533
T proliferating,Dendritic cell,ITGAL_ITGB2,ICAM3,0.5542238,0.0,0.25359234,0.4096765692510429,0.19961542509803684,0.0137948375,0.8677712,0.22414782987748935,0.7091375250147463
Erythroid early,T activated,FAM3C,HLA-C,1.2971417,0.0,0.32030278,0.1099521127503157,-0.13727409638819718,0.003944655,0.88060415,1.0,0.7091962078016523
Dendritic cell,CD4 T memory,HBEGF,CD44,0.66236764,0.0,0.25367326,0.5285759446155929,0.3664640442417344,0.022069717,0.8677895,0.05789331968041655,0.7101131397117463
CD8 T cytotoxic,Monocyte non-classical,ITGAL_ITGB2,ICAM3,0.40344256,0.0,0.13805011,0.18451277315952186,0.23868244871185298,0.007509608,0.8288273,0.6207950997028068,0.7101131397117463
Dendritic cell,CD8 T memory,TNFSF13B,HLA-DPB1,0.71927077,0.0,0.51122075,0.3783274301438245,-0.061123078510181894,0.0061812093,0.9030805,0.9818829616683611,0.7102988264372235
Monocyte classical,Dendritic cell,HLA-F,LILRB2,0.18911842,1.0,0.03403793,0.019929243874968375,-0.16171643683962314,0.0042987247,0.7062558,1.0,0.710422024839447
Pre-B small,Plasmacytoid DC,LGALS9,CD47,0.51788753,0.0,0.25384185,0.39464926437432535,0.5506372727988837,0.0050299633,0.8678276,0.39318878230525217,0.7110894433583652
T proliferating,Pre-B large,SIRPG,CD47,0.7181912,0.0,0.41032657,1.082518543985012,0.6971495128519674,0.051796567,0.8930238,0.05690277328564289,0.7114020923012143
B naive,CD8 T memory,FAM3C,CLEC2D,0.4031574,0.0,0.12956178,0.2841681106260857,0.46860530797983657,0.011506903,0.82427865,0.2848393804741512,0.7120666414467292
Granulocyte precursor,Plasmacytoid DC,TNFSF13B,TFRC,0.45201844,0.0,0.120988004,0.5695298442034407,0.598035650863274,0.01072387,0.8192651,0.05789331968041655,0.7120666414467292
HSPC,Dendritic cell,LGALS9,CD47,0.5118175,0.0,0.2539555,0.3939274299806641,0.13247889191405565,0.0050322157,0.8678533,0.391599340044242,0.7120666414467292
HSPC,Erythroid early,TNFSF13B,TFRC,0.71804434,0.0,0.3836586,1.3176573856899623,0.7645844057740526,0.03400589,0.8897713,0.03572109773272341,0.7125057725278202
Erythroid early,Pre-B small,FAM3C,LAMP1,0.19612707,0.173,0.034089975,0.04206342257469883,-0.02354798244074588,0.0029006645,0.7064143,1.0,0.7125512160266034
Monocyte classical,Monocyte non-classical,GRN,TNFRSF1A,0.6563673,0.0,0.25419724,0.8888175204432922,1.2320950063231708,0.024650835,0.8679078,0.044531634389979216,0.7130447343863724
CD4 T memory,Dendritic cell,SELL,SELPLG,0.40307233,0.0,0.123309985,0.12231860803537056,-0.007834180030506233,0.0054994244,0.8206682,0.911146398808608,0.7130447343863724
HSPC,T proliferating,LGALS9,CD44,0.7171372,0.001,0.42739555,0.369395864628777,0.07909966899477022,0.006568068,0.89495504,0.9572610593235005,0.7136099822933856
T activated,Monocyte classical,CD99,PILRA,0.5702864,0.0,0.2542401,0.45070169726874776,0.4909557388093634,0.011590099,0.8679175,0.059030138697889305,0.7140237225868294
Pre-B small,Dendritic cell,LGALS9,SLC1A5,0.24197102,0.0,0.034195334,0.3699083302818727,0.43273414679372657,0.005325308,0.7067342,0.34539276651876,0.7146790867779893
Erythroid early,Dendritic cell,LGALS9,HAVCR2,0.40298057,0.0,0.15018623,0.907754341206916,0.3807843683151265,0.037674114,0.83472186,0.05789331968041655,0.7150036064576343
Erythroid late,T activated,LGALS9,CD44,0.7318287,0.0,0.25446415,0.27850141462311206,0.3746569462451525,0.0039105173,0.86796796,0.6728017531895943,0.7150036064576343
Plasmacytoid DC,Monocyte non-classical,SELL,SELPLG,0.71672356,0.0,0.32759652,0.5170651651624112,0.5281584009667394,0.01461027,0.88178277,0.05789331968041655,0.7158199871651199
Monocyte non-classical,CD4 T memory,LGALS9,CD47,0.5128721,0.0,0.25447646,0.45222906264866175,0.4499166139625205,0.0050425385,0.86797076,0.3892242182174971,0.7159843864083218
T proliferating,Pre-B small,FAM3C,LAMP1,0.19635716,0.324,0.034210667,0.042683208311895995,0.008450113677105797,0.0029109342,0.7067806,1.0,0.7168056375031714
Monocyte non-classical,Granulocyte precursor,APP,CD74,1.0561248,0.0,0.31678107,0.1445315220646161,-0.43019366342701726,0.0022167403,0.8800217,1.0,0.7169258969622179
T proliferating,Monocyte classical,TNF,VSIR,0.58234406,0.0,0.12044288,0.5762935828621256,0.7642101254906473,0.023758218,0.8189305,0.05789331968041655,0.7169660628484259
T proliferating,T activated,LGALS9,CD44,0.7320678,0.0,0.25506777,0.27897630071708795,0.22391379699102862,0.0039197938,0.8681037,0.6716117437470019,0.7169660628484259
CD4 T naive,Platelet,MIF,CD74,0.4029078,1.0,0.15331315,-0.43945602706373754,-1.6173178766598033,0.0003021361,0.8361384,1.0,0.7169660628484259
Monocyte classical,NK,HLA-E,KLRC2,0.716708,1.0,0.32622203,0.2747245194044914,0.22199383728476518,0.018760532,0.8815634,1.0,0.7174789911235963
Monocyte classical,NK,HLA-E,KLRC2_KLRD1,0.716708,1.0,0.32622203,0.2747245194044914,0.22199383728476518,0.018760532,0.8815634,1.0,0.7174789911235963
Erythroid early,CD4 T memory,MIF,TNFRSF14,0.58405304,0.0,0.25544944,0.23800146630932298,0.13412298877525503,0.0050065853,0.8681893,0.4201197562910258,0.7179486361874814
Erythroid early,Plasmacytoid DC,SPN,ICAM1,0.4785572,0.0,0.12025891,0.8725315970573142,0.5186409963517489,0.03565972,0.8188172,0.05789331968041655,0.7179486361874814
T activated,CD8 T memory,COPA,CD74,0.93253267,0.263,0.31668943,0.06813597971570556,-0.5482231633556499,0.0030525152,0.88000643,1.0,0.7180322167482405
Plasmacytoid DC,Monocyte classical,FAM3C,LAMP1,0.20475546,0.04,0.03428788,0.048482086222815,0.07382799713057223,0.0029175042,0.70701414,1.0,0.7189308127504521
CD4 T naive,NK,CD48,CD244,0.6755737,0.0,0.25616807,0.5649362206252561,0.6099798671093827,0.034073975,0.8683499,0.05789331968041655,0.7189321068350221
Erythroid early,CD8 T memory,LGALS9,CD44,0.71592164,0.0,0.47155562,0.41188186735354887,0.30585883741791897,0.007246705,0.89948803,0.150403317498963,0.7191390619777929
HSPC,CD8 T memory,LGALS9,CD47,0.40238383,0.0,0.16151348,0.24461319502809192,0.15675097939646948,0.0032004449,0.83967674,1.0,0.7199164752005829
HSPC,Pre-B large,FAM3C,HLA-C,0.9483617,1.0,0.25654098,-0.16858082783296066,-0.6199853286220729,0.0031594036,0.868433,1.0,0.7199164752005829
T activated,Monocyte non-classical,CCL5,CCR1,0.78712136,0.0,0.31653863,0.5884120379688178,0.3205873931875369,0.028738137,0.8799813,0.0824098240575926,0.7202464318318061
Erythroid early,T activated,MIF,CD74,0.71510726,1.0,0.4852517,-0.1462727966096907,-1.4375427140568635,0.00095629145,0.9007749,1.0,0.7202464318318061
CD4 T memory,HSPC,MIF,TNFRSF14,0.44620028,0.0,0.119816646,0.04335778334979581,-0.10493506288868809,0.0023483017,0.81854373,1.0,0.7209019490382051
Monocyte classical,T activated,HBEGF,CD44,0.73274785,0.0,0.25678426,0.56098635693285,0.6340875597324219,0.022340378,0.8684872,0.05789331968041655,0.7209019490382051
T activated,Plasmacytoid DC,AREG,ICAM1,0.1896708,0.0,0.034302324,0.3414239846392997,0.1899480811672987,0.012338939,0.7070578,0.24077925761765182,0.7210547246866066
Dendritic cell,T proliferating,SELL,SELPLG,0.7148136,0.0,0.3566092,0.5382903791326743,0.31133002675077937,0.015904188,0.8861345,0.08874865667980505,0.7213543254912116
Plasmacytoid DC,Monocyte non-classical,HLA-F,LILRB2,0.40707776,0.0,0.119700246,0.6810951599591967,0.3386966053140974,0.015117206,0.8184715,0.07031789615139299,0.7218881142574582
Erythroid early,CD8 T memory,CD58,CD2,0.5277952,0.0,0.2570513,0.6567949195279436,0.5569979425369458,0.020558713,0.86854655,0.05789331968041655,0.7218881142574582
Erythroid early,CD4 T naive,LGALS9,CD47,0.40172857,0.0,0.14890054,0.2720212234462491,-0.0010950797036262672,0.0029505154,0.83412784,1.0,0.7228751784234205
Erythroid early,CD8 T cytotoxic,MIF,TNFRSF14,0.58506304,0.0,0.2572205,0.23970414665103412,0.2180937986227145,0.005041297,0.8685841,0.41761594549183023,0.7228751784234205
Monocyte classical,T proliferating,HLA-E,KLRC1_KLRD1,0.71434563,1.0,0.32079017,0.17126037928087398,-0.04161898869953129,0.01082712,0.8806841,1.0,0.7230172629559088
Monocyte classical,T proliferating,HLA-E,KLRC1,0.71434563,1.0,0.32079017,0.17126037928087398,-0.04161898869953129,0.01082712,0.8806841,1.0,0.7230172629559088
Erythroid early,NK,GRN,TNFRSF1B,0.18935752,0.998,0.034368318,-0.032206423311035765,-0.22220106454094624,0.0015214632,0.7072568,1.0,0.7231773178252465
HSPC,Plasmacytoid DC,FAM3C,HLA-C,1.1521311,0.968,0.3162793,0.0031262228499166766,-0.29604177789153163,0.0038951044,0.879938,1.0,0.7235717976095429
CD4 T naive,Monocyte non-classical,HLA-F,LILRB2,0.51816624,0.0,0.2578014,0.830063100493558,0.6526511856827389,0.032558303,0.8687128,0.05789331968041655,0.7238631419456265
T proliferating,Dendritic cell,LGALS9,CD47,0.40168953,0.003,0.12152241,0.1752391499714323,-0.06377605219248775,0.002408008,0.8195911,1.0,0.7238631419456265
T proliferating,CD4 T memory,ITGAL_ITGB2,ICAM3,0.5608973,0.0,0.25790033,0.4176158021112003,0.3586385708954781,0.014029182,0.86873466,0.07973104461892036,0.7248520052336098
Monocyte non-classical,Granulocyte precursor,SELL,SELPLG,0.18677709,1.0,0.034606732,-0.1370630095528062,-0.4011594360760694,0.0015434037,0.707972,1.0,0.7252985925759386
CD8 T cytotoxic,CD8 T cytotoxic,MIF,CD74,0.71327686,1.0,0.47288173,-0.2549703734483052,-1.1813583240181968,0.0009319138,0.89961493,1.0,0.7257912385704932
Monocyte classical,T proliferating,SELL,SELPLG,0.56183577,0.0,0.25810966,0.37065934642504444,0.40989075229098193,0.01151127,0.8687809,0.12779935160992154,0.7258417686969056
Plasmacytoid DC,Plasmacytoid DC,LGALS9,CD44,0.4182842,0.967,0.119101636,-0.052545424080637726,-0.23809465926183065,0.0018303131,0.8180988,1.0,0.7258417686969056
Erythroid late,Dendritic cell,LGALS9,CD47,0.4014504,0.0,0.12123483,0.17476426387745642,0.08696709706163613,0.0024023096,0.8194159,1.0,0.726832432745048
Granulocyte precursor,CD8 T memory,GRN,TNFRSF1B,0.63803196,0.0,0.2582021,0.6401036114529717,0.788786535155557,0.0114304405,0.8688013,0.05789331968041655,0.726832432745048
Erythroid early,T proliferating,NECTIN1,CD96,0.4260494,0.0,0.11903848,1.269138363757262,0.5405642771656474,0.09969319,0.81805927,0.04254649293137745,0.726832432745048
Erythroid early,Monocyte non-classical,GAL,HLA-DPA1,1.2099143,0.0,0.3146598,1.6503482365120488,0.9019047238562113,0.074091524,0.87966657,0.017668095735618315,0.7269017390254464
Plasmacytoid DC,NK,SELL,SELPLG,0.7121817,0.0,0.31716737,0.5063019738239569,0.6244965167425612,0.014145147,0.880086,0.05789331968041655,0.7269017390254464
Monocyte non-classical,T activated,ALOX5,ALOX5AP,0.18631244,0.773,0.034658805,0.13872248346378746,-0.12447320118221356,0.0062996875,0.7081274,1.0,0.7274185493482492
Dendritic cell,B naive,LGALS9,CD47,0.5395036,0.0,0.2587164,0.5239689200143782,0.3795635595872766,0.005126554,0.86891466,0.3751995691864499,0.7278239977875713
T proliferating,NK,CD58,CD2,0.40101263,0.0,0.14863332,0.4139273040527538,0.35718002320718434,0.011887549,0.8340036,0.08216354907373409,0.7278239977875713
T proliferating,Erythroid early,FAM3C,HLA-C,0.52114815,1.0,0.11894019,-0.5435170716950019,-1.3483473165240698,0.0014647956,0.81799775,1.0,0.7278239977875713
Dendritic cell,CD4 T naive,CD58,CD2,0.40078276,0.0,0.12176709,0.3376902349541273,0.3451227195169557,0.009738813,0.81973976,0.17242392838872084,0.72881646423401
T proliferating,CD8 T memory,APP,CD74,0.8734993,0.875,0.11879498,-0.04743723313454677,-0.7444728820123064,0.0008312921,0.81790686,1.0,0.72881646423401
T proliferating,T activated,MIF,TNFRSF14,0.6520172,0.0,0.25913158,0.30628164348101355,0.12919102339252292,0.0050787525,0.869006,0.3829433712507693,0.72881646423401
Granulocyte precursor,Erythroid early,MIF,CD74,0.71069443,1.0,0.34876794,-0.07882523128747743,-1.4992146397846366,0.0006873212,0.885008,1.0,0.7291244127216755
Erythroid early,Platelet,FAM3C,LAMP1,0.198439,0.357,0.03469097,0.04568652372578997,0.10385330589505368,0.0029518022,0.7082233,1.0,0.729537132863775
Dendritic cell,CD8 T memory,FAM3C,HLA-C,1.6708442,0.0,0.30766946,0.3922602540626446,0.4380830196767928,0.0037890708,0.87847245,0.7199373566623188,0.729537132863775
CD8 T cytotoxic,CD4 T naive,ITGAL_ITGB2,ICAM3,0.40049663,0.0,0.13659936,0.18100851051439057,0.23504660292200222,0.0074306903,0.8280766,0.6423711577129666,0.7298098324938982
B naive,Monocyte classical,FCER2,ITGAM_ITGB2,0.5268851,0.0,0.25975817,1.0671280428826175,1.4380976613779275,0.2692989,0.86914337,0.005322924699179268,0.7298098324938982
CD4 T memory,CD8 T cytotoxic,CLEC2D,KLRB1,0.7087642,0.0,0.49088526,0.28590834746972843,0.3977862959851838,0.010527402,0.9012895,0.28172726127823355,0.7302364674464624
Erythroid early,Erythroid early,FAM3C,HLA-C,0.5209181,1.0,0.11852059,-0.5441368574321991,-1.3803454126419215,0.0014596278,0.8177346,1.0,0.7308043122156904
B naive,Granulocyte precursor,FAM3C,HLA-C,0.69738036,1.0,0.25994352,-0.3106730600410381,-0.5983587192139175,0.003201307,0.8691839,1.0,0.7308043122156904
Monocyte classical,Dendritic cell,CD99,PILRA,0.40027583,0.0,0.13561022,0.212229565995935,0.017102300928867886,0.0061820927,0.82755864,0.6896284971319152,0.7308043122156904
T proliferating,Pre-B small,MIF,TNFRSF14,0.7086332,0.0,0.37909433,0.40172618021577455,0.39376007922260153,0.007429918,0.889183,0.1391211714428117,0.7313490386048511
Monocyte non-classical,Erythroid early,MIF,TNFRSF14,0.30098888,1.0,0.03474783,-0.1531810890390166,-0.3651898036236865,0.0006810272,0.7083924,1.0,0.7316544549426497
Plasmacytoid DC,Pre-B large,MIF,TNFRSF14,0.4002607,0.418,0.12150973,-0.0009477041398595829,-0.17198297965422948,0.0023814847,0.8195835,1.0,0.731799485520992
HSPC,CD8 T memory,MIF,TNFRSF14,0.7117983,0.0,0.2599495,0.369291508176346,0.3099985296663066,0.0050947834,0.8691852,0.3821636446086914,0.731799485520992
Monocyte classical,Pre-B large,LGALS9,CD47,0.7083797,0.0,0.3898606,0.6470352407803843,0.7096088243939873,0.0077252216,0.8905552,0.12474351058909397,0.7324621253777723
Pre-B large,CD8 T memory,COPA,CD74,0.9310416,0.317,0.31169102,0.06465302050672017,-0.6362404655367666,0.0030043363,0.8791639,1.0,0.7324621253777723
Monocyte classical,Pre-B large,PTPRC,CD22,0.5924307,0.0,0.25999594,0.25164139991931034,0.12505159371013463,0.013784502,0.8691954,0.3837242904390722,0.732795561868433
Granulocyte precursor,CD4 T memory,LGALS9,CD44,0.7072233,0.0,0.3516875,0.3109963991119745,0.3151805919253059,0.0054046125,0.88543147,0.33398170804378774,0.7335758440957914
T proliferating,Monocyte non-classical,SEMA4D,PLXNB2,0.19269885,0.0,0.034793902,0.4423976726005667,0.2271712543052987,0.016335074,0.70852923,0.18027500775707975,0.7337704602718323
CD4 T memory,Pre-B small,MIF,TNFRSF14,0.5427942,0.0,0.2604118,0.20619802415714608,0.3376371360955968,0.0051038438,0.86928624,0.5388701925416863,0.7337925416675467
CD4 T naive,NK,MIF,TNFRSF14,0.3999524,0.249,0.15037024,0.023642304208735594,0.06176019387408388,0.0029471251,0.83480626,1.0,0.7337925416675467
CD4 T memory,Erythroid early,LTB,LTBR,1.3421009,0.0,0.09925816,0.560638515346107,0.7005367309552973,0.011994965,0.804143,0.05789331968041655,0.734689959694586
Monocyte non-classical,Monocyte classical,TNFSF13B,HLA-DPB1,0.7071259,0.0,0.47223586,0.3178367219811056,0.15213311082175995,0.00570984,0.8995532,0.31267986482157806,0.734689959694586
Erythroid early,Monocyte non-classical,GRN,TNFRSF1B,0.46639508,0.0,0.11791374,0.4808166329015078,0.2376531854533127,0.005219965,0.8173517,0.3578348163215306,0.7347904253278681
CD8 T cytotoxic,CD8 T cytotoxic,CLEC2B,KLRF1,0.5389595,0.0,0.26041365,0.38709403138642284,0.631318024558419,0.011505753,0.8692866,0.11043146224735861,0.7352897062339615
CD8 T cytotoxic,CD8 T cytotoxic,KLRF1,CLEC2B,0.5389595,0.0,0.26041365,0.38709403138642284,0.631318024558419,0.011505753,0.8692866,0.11043146224735861,0.7352897062339615
CD8 T cytotoxic,B naive,MIF,TNFRSF14,0.3995694,0.318,0.14420976,0.016418033221370355,0.08079989309889035,0.0028263854,0.8319016,1.0,0.7357892132589315
Granulocyte precursor,Platelet,MIF,CD74,0.706996,1.0,0.3405865,-0.08092922024667104,-1.0923106307126367,0.000671198,0.88379455,1.0,0.7358045884506208
T proliferating,Platelet,FAM3C,LAMP1,0.19866908,0.375,0.034813788,0.04630630946298713,0.13585140201290535,0.0029622528,0.70858824,1.0,0.7358851492608895
T proliferating,HSPC,LGALS9,CD47,0.39918494,0.002,0.120510004,0.1718218090668229,-0.07337965435051011,0.0023879472,0.8189719,1.0,0.7367889058702716
Pre-B small,Plasmacytoid DC,LGALS9,CD44,0.5263311,0.025,0.26056346,0.1620102358115954,0.16110430311454105,0.00400425,0.8693193,1.0,0.7367889058702716
Granulocyte precursor,Dendritic cell,LGALS9,CD44,0.7063012,0.0,0.35109386,0.3100511163241523,0.14454156714727195,0.0053954897,0.88534576,0.3382271849730684,0.7369197295448274
Erythroid late,HSPC,LGALS9,CD47,0.3989458,0.0,0.12022482,0.171346922972847,0.07736349490361377,0.002382296,0.81879616,1.0,0.7377895035714221
Dendritic cell,Dendritic cell,GAS6,AXL,0.19198084,0.0,0.034965903,1.684858810644247,0.43435030564917515,0.15162802,0.70903814,0.009720485789362172,0.7379985223193878
HSPC,Pre-B small,FAM3C,HLA-C,1.1352149,1.0,0.31132004,-0.011128297032716408,-0.16744767446400585,0.0038340292,0.8791006,1.0,0.738035382158137
CD8 T cytotoxic,CD8 T cytotoxic,CLEC2D,KLRB1,0.7062994,0.0,0.48686355,0.28283281147737765,0.4986454139149996,0.010441154,0.900923,0.28797721241812285,0.738035382158137
Granulocyte precursor,CD4 T naive,MIF,TNFRSF14,0.6713933,0.0,0.2618286,0.32713168952778254,0.4267965455587731,0.005131612,0.8695942,0.373665012630845,0.7387910067719178
NK,Pre-B large,MIF,TNFRSF14,0.39892265,0.415,0.12096504,-0.0025250449891862543,-0.004745771896155437,0.0023708092,0.819251,1.0,0.7387910067719178
Granulocyte precursor,Dendritic cell,TNFSF13B,TFRC,0.4496771,0.0,0.11751964,0.5639392393294187,0.5201021450891342,0.010416448,0.8171017,0.05789331968041655,0.7397934158812928
B naive,T proliferating,CLEC2D,KLRB1,0.5130089,0.145,0.2623692,0.08704131953334363,-0.23216528183467822,0.0056267036,0.8697111,1.0,0.7397934158812928
T proliferating,T activated,ITGAL_ITGB2,ICAM3,0.3986714,0.018,0.1531776,0.224623038648763,0.08437928668946956,0.008332508,0.83607775,1.0,0.7397934158812928
Dendritic cell,Plasmacytoid DC,ITGAL_ITGB2,ICAM3,0.19796386,1.0,0.03502097,-0.12743338082488118,-0.44007941597103156,0.0019050601,0.70920044,1.0,0.7401105243419484
Granulocyte precursor,T proliferating,LGALS9,CD47,0.7059385,0.0,0.35086036,0.6275788292495756,0.4715263904415371,0.0069524185,0.88531196,0.16859597913504157,0.7402683361382223
Granulocyte precursor,Dendritic cell,SELL,SELPLG,0.39866102,0.0,0.121499665,0.11748455699103232,-0.06004395983529881,0.005418687,0.8195773,0.9787245148114225,0.7407969424510294
NK,T proliferating,CCL5,CCR5,1.4931495,0.0,0.26320112,1.262245927478534,1.245812983136756,0.08987942,0.86989033,0.0020419387107863418,0.7407969424510294
Pre-B large,Erythroid early,FAM3C,HLA-C,0.60031164,1.0,0.26331213,-0.3302815838822665,-1.1755562533758641,0.003242793,0.8699142,1.0,0.7418011647975391
Platelet,CD4 T naive,MIF,CD74,0.39837956,1.0,0.158694,-0.47345854749152516,-1.9966583189283682,0.0003127402,0.83848786,1.0,0.7418011647975391
B naive,Erythroid early,CD72,SEMA4D,0.19868195,0.0,0.035040732,0.32401521398398175,0.2746531869409903,0.010954429,0.7092587,0.19162035964400773,0.7422212668026021
Pre-B large,CD8 T memory,LGALS9,CD44,0.70528805,0.0,0.4520243,0.3907657641845447,0.38687161155781,0.006946554,0.8975596,0.1698648049932931,0.7425032090003705
NK,CD8 T cytotoxic,CLEC2D,KLRB1,0.56940544,0.0,0.26350126,0.1120332782242299,0.2081465849988876,0.005650982,0.8699548,0.9661668648265064,0.7428062942816175
Monocyte non-classical,Monocyte non-classical,ITGAL_ITGB2,ICAM3,0.3981861,0.0,0.13215598,0.17197046090791882,0.1491201507329478,0.0071889814,0.8257099,0.6799750536937671,0.7428062942816175
Pre-B small,T proliferating,LGALS9,CD44,0.70496976,0.002,0.40277082,0.3452339837082215,0.3425277174534096,0.0061896434,0.8921328,1.0,0.7436214069764886
HSPC,CD8 T cytotoxic,APP,CD74,0.5975188,1.0,0.26389164,0.008508048685379799,-1.0328537914084563,0.0018466356,0.87003857,1.0,0.743812331312799
CD8 T memory,T activated,MIF,TNFRSF14,0.3977305,0.436,0.13473831,0.006471878670441463,0.005100802769834545,0.0026407533,0.82709795,1.0,0.743812331312799
T activated,Erythroid early,MIF,TNFRSF14,0.3032976,1.0,0.035046443,-0.15045897813469133,-0.37140136857051137,0.00068687974,0.7092755,1.0,0.7443306945613865
Granulocyte precursor,NK,MIF,TNFRSF14,0.70404065,0.0,0.33404878,0.3821691110258021,0.5867674398212503,0.0065470645,0.8827956,0.19963539485228554,0.7447402292431216
CD8 T cytotoxic,Monocyte non-classical,ANXA1,FPR1,0.65780133,0.0,0.2639233,0.42681552696114483,0.43560440330829475,0.022056282,0.8700453,0.07365916088350546,0.7448192763006175
NK,Monocyte classical,ITGAL_ITGB2,ICAM3,0.39745027,0.0,0.15437521,0.23199560540741826,0.3490041965463465,0.008397656,0.8366108,0.44055777736283175,0.7448192763006175
T activated,HSPC,LTB,LTBR,0.69993305,0.006,0.11695578,0.20839562517639051,-0.16792901157252882,0.014133655,0.81674206,1.0,0.7458271296546083
Monocyte classical,CD4 T memory,LGALS9,CD47,0.39707404,0.0,0.15712628,0.22228128594596042,0.34354746515651746,0.003113511,0.8378144,1.0,0.7458271296546083
Dendritic cell,CD8 T cytotoxic,APP,CD74,0.59753805,1.0,0.26392636,0.00855590877029691,-1.040896941802056,0.0018468787,0.870046,1.0,0.7458271296546083
Monocyte non-classical,Plasmacytoid DC,ITGAL_ITGB2,ICAM1,0.1922447,0.0,0.035068173,0.46151977889003837,0.3328146481686034,0.027326604,0.70933926,0.07411349514794073,0.7464388080278677
Plasmacytoid DC,Erythroid early,TNFSF13B,TFRC,0.66270703,0.0,0.26399,1.2179038533940343,0.7461015504807373,0.023398971,0.8700596,0.051016644813626534,0.7468358917843048
HSPC,NK,CLEC2D,KLRB1,1.4558791,0.0,0.26402187,0.8869556096717184,0.9819718228847627,0.0056621465,0.8700664,0.26493359884901213,0.7478455630992422
Granulocyte precursor,CD8 T memory,COPA,CD74,0.93018055,0.305,0.3088046,0.06264181196918002,-0.5658437315470336,0.0029765149,0.87866884,1.0,0.7480993745814281
HSPC,Erythroid early,TNFSF13B,HLA-DPB1,0.22726466,1.0,0.035377864,-0.15542070208383024,-1.2122278336555454,0.00042775646,0.7102449,1.0,0.7485455522348929
Monocyte non-classical,CD4 T memory,APP,CD74,0.44060978,1.0,0.116775356,-0.2056285196911981,-1.3562159556951117,0.00081715937,0.8166264,1.0,0.7488561440089544
T activated,Pre-B large,PTPRC,CD22,0.60025555,0.0,0.26454693,0.2590653430704304,0.05110702864272598,0.014025786,0.8701787,0.5814097077486192,0.7488561440089544
T proliferating,CD4 T naive,FAM3C,HLA-C,1.2486962,0.114,0.3087386,0.06955342697876324,-0.1741781174921389,0.0038022376,0.87865746,1.0,0.7492200974427751
Monocyte non-classical,T activated,HBEGF,CD44,0.73586553,0.0,0.2646534,0.5728215906614071,0.5778079913281913,0.023024995,0.8702014,0.05789331968041655,0.7498676349229756
Monocyte classical,Erythroid early,LGALS9,CD44,0.39609057,1.0,0.15639104,0.01679635313378086,-0.2654627020481911,0.0024033638,0.8374955,1.0,0.7498676349229756
Erythroid late,Erythroid early,MIF,TNFRSF14,0.30588374,1.0,0.035380933,-0.14740986068405512,-0.18171365875081885,0.00069343543,0.71025383,1.0,0.7506510383799985
Erythroid early,NK,MIF,TNFRSF14,0.58938,0.0,0.2647903,0.24698196774538375,0.2553116853869833,0.005189658,0.8702306,0.39558201171056995,0.7508802493044305
B naive,Pre-B large,FAM3C,CLEC2D,0.39601564,0.0,0.12639698,0.2752575083652814,0.2571575412975453,0.011225825,0.8224805,0.3194366142448447,0.7508802493044305
CD4 T naive,CD8 T cytotoxic,MIF,CD74,0.70029604,1.0,0.44944617,-0.27027510866138565,-1.2726167307688594,0.00088572904,0.8972963,1.0,0.7514631678774644
Dendritic cell,B naive,MIF,TNFRSF14,0.6185966,0.0,0.26480076,0.2746559848438531,0.2071163596370872,0.005189864,0.8702329,0.3638048200617038,0.7518935616473077
HSPC,Dendritic cell,ANXA1,FPR1,0.5567043,0.0,0.11651621,0.198993007802338,-0.10236540723493595,0.009737354,0.81646,1.0,0.7518935616473077
CD8 T memory,CD8 T cytotoxic,CLEC2D,KLRB1,0.70028377,0.0,0.4770482,0.2753273121392362,0.4939431033269127,0.010230656,0.9000103,0.3180765880142841,0.752585395861765
HSPC,HSPC,LGALS9,SLC1A5,0.25314713,0.0,0.03544853,0.3888606814907061,0.16228338986835888,0.0055204714,0.7104502,0.3201182605520794,0.7527552114614902
Erythroid late,T activated,MIF,TNFRSF14,0.39584488,0.506,0.1338159,0.00424860661619968,0.11644957413884133,0.0026226747,0.82660615,1.0,0.7529077852231829
Monocyte non-classical,Monocyte non-classical,HLA-F,LILRB2,0.5240576,0.0,0.2651254,0.8379635755441477,0.6154049009302318,0.033483263,0.870302,0.05789331968041655,0.7529077852231829
NK,Dendritic cell,ITGAL_ITGB2,ICAM3,0.5616002,0.0,0.26518336,0.4272772376365629,0.39319391239464174,0.014425363,0.87031436,0.0732069187144058,0.7539229204415911
Monocyte classical,Pre-B small,MIF,TNFRSF14,0.3957069,0.491,0.15514888,0.032778470318797784,0.15235608107342619,0.0030407824,0.8369521,1.0,0.7539229204415911
Granulocyte precursor,CD8 T cytotoxic,MIF,TNFRSF14,0.6997236,0.0,0.32449904,0.37489128993145243,0.5495495530569815,0.006359898,0.8812867,0.21590893357922147,0.7548313511669443
Platelet,Dendritic cell,LTB,LTBR,0.20020083,1.0,0.035472356,-0.0591624479883055,-0.6711668075594157,0.004286697,0.71051925,1.0,0.7548580718889353
CD4 T naive,CD8 T cytotoxic,MIF,TNFRSF14,0.39563543,0.498,0.14607146,0.016364483114385958,0.024542307109815087,0.0028628733,0.83279663,1.0,0.7549389677120666
Monocyte non-classical,CD4 T memory,GRN,TNFRSF1B,0.43456906,0.0,0.11619229,0.3213956921500768,0.3214525749357721,0.005143758,0.81625134,0.37137200985952196,0.7549389677120666
Dendritic cell,Monocyte non-classical,HBEGF,CD44,0.68828446,0.0,0.2657082,0.5551585867598927,0.3975649230890579,0.023116766,0.8704259,0.05789331968041655,0.7549389677120666
Erythroid early,CD4 T naive,FAM3C,HLA-C,1.2484661,0.0,0.3076494,0.06893364124156606,-0.20617621360999058,0.0037888235,0.87846893,1.0,0.7559550768496857
HSPC,Monocyte classical,CD99,PILRA,0.69909644,0.0,0.33251894,0.5862961263890953,0.5532210199287159,0.015158612,0.88255787,0.05789331968041655,0.7559550768496857
Monocyte non-classical,CD4 T naive,ITGAL_ITGB2,ICAM3,0.3952402,0.0,0.13076718,0.16846619826278753,0.14548430494309703,0.0071134334,0.8249483,0.706768912053308,0.7559559274441434
Monocyte non-classical,Monocyte non-classical,CD99,PILRA,0.5375148,0.0,0.26599038,0.795262802078399,0.3801623266115143,0.012125762,0.8704857,0.05789331968041655,0.7559559274441434
Pre-B large,Monocyte non-classical,MDK,SORL1,0.18910873,0.0,0.03549914,0.48826089177848114,0.16758185124146432,0.011981553,0.71059686,0.28172726127823355,0.7569596200718998
Plasmacytoid DC,Plasmacytoid DC,LGALS9,CD47,0.4098406,0.0,0.11602923,0.1800936044820922,0.15143831042251205,0.002299159,0.816146,1.0,0.7569738000473565
Plasmacytoid DC,CD8 T memory,GRN,TNFRSF1B,0.6541208,0.0,0.26631665,0.6640537182011537,0.7280920284860721,0.011789666,0.87055486,0.05789331968041655,0.7569738000473565
Granulocyte precursor,CD4 T memory,MIF,TNFRSF14,0.6987136,0.0,0.32226473,0.3731886095897413,0.46557874320952203,0.006316107,0.8809248,0.22051482879304302,0.7570794183929661
Monocyte non-classical,Erythroid late,LGALS9,CD47,0.5226621,0.0,0.26633015,0.4655866774571877,0.5933132329705637,0.005277423,0.87055767,0.3512067201759255,0.7579925859312397
CD4 T memory,Pre-B small,PTPRC,CD22,0.75127715,0.0,0.3065514,0.3628184635304047,0.4318114921881435,0.016252786,0.87827796,0.13658269601503076,0.7582041384981959
Monocyte non-classical,CD8 T cytotoxic,TNFSF13B,HLA-DPB1,0.6981057,0.0,0.46248642,0.3107061680922121,0.02050630145863097,0.0055919588,0.8986067,0.6799750536937671,0.7582041384981959
Erythroid early,T proliferating,TNFSF13B,HLA-DPB1,0.89896053,0.0,0.1017353,0.22559301408367696,-0.17497328542226803,0.0012300893,0.8060769,1.0,0.7582041384981959
HSPC,Dendritic cell,CD99,PILRA,0.6688689,0.0,0.26636046,0.49496875909111815,0.2736621433301212,0.012142632,0.8705641,0.12075470152586439,0.7590122855053274
Erythroid early,Monocyte non-classical,GRN,TNFRSF1A,0.19344404,0.005,0.035600685,0.19970016993692136,-0.06725853744095461,0.0034523844,0.71089053,1.0,0.7590598012157707
Platelet,NK,APP,CD74,0.6975827,1.0,0.35140634,0.1015220010097363,-0.43752085038311894,0.0024590376,0.8853909,1.0,0.7593293545598782
HSPC,CD8 T memory,COPA,CD74,0.92940855,0.314,0.30621663,0.06083851326346717,-0.6508774690448507,0.0029515696,0.87821954,1.0,0.7593293545598782
Monocyte non-classical,Monocyte non-classical,ANXA1,FPR1,0.6638215,0.0,0.26689693,0.4323923336662585,0.4222392242329539,0.022304794,0.8706774,0.07031789615139299,0.7600328991791543
CD4 T naive,CD4 T memory,MIF,TNFRSF14,0.39462537,0.559,0.14506571,0.014661802772674828,-0.059428502737644384,0.0028431609,0.832315,1.0,0.7600328991791543
NK,Dendritic cell,ANXA1,FPR1,0.55431515,0.0,0.1159575,0.19678007391165114,0.14014027880094668,0.009690662,0.81609964,0.580343145850425,0.7600328991791543
T activated,Erythroid early,CCL5,ACKR1,0.69751084,0.0,0.07681353,0.8020146280490938,0.04366096993841546,0.043229282,0.78316736,0.3998690983290234,0.7604550657589442
B naive,Plasmacytoid DC,LGALS9,CD44,0.41587776,0.987,0.11595097,-0.0573241090799595,-0.19667251072696673,0.0017818948,0.8160954,1.0,0.7610546423361022
B naive,Pre-B small,MIF,TNFRSF14,0.39425498,0.531,0.1541098,0.031066721747264325,0.12421297610945142,0.0030204174,0.83649313,1.0,0.7610546423361022
Erythroid early,Platelet,FAM3C,HLA-C,1.0922585,0.983,0.26704264,-0.0626942381765441,0.009827697779024286,0.0032887354,0.87070817,1.0,0.7610546423361022
CD8 T memory,Erythroid early,MIF,TNFRSF14,0.30776936,1.0,0.03562482,-0.14518658862981335,-0.29306243011982563,0.00069821544,0.71096015,1.0,0.7611587261729509
Pre-B small,NK,LGALS9,CD44,0.394208,1.0,0.15538533,0.026495888298455228,0.0824390536859565,0.0023879085,0.83705604,1.0,0.7620770856305052
T proliferating,CD4 T memory,CD58,CD2,0.60492456,0.0,0.2671712,0.6775709172107743,0.5846998956568785,0.021368094,0.8707352,0.05789331968041655,0.7620770856305052
Granulocyte precursor,T proliferating,MIF,TNFRSF14,0.69658214,0.0,0.31754965,0.3695954556979247,0.3502587374023956,0.006223696,0.8801496,0.23101371830685624,0.7627080888189854
HSPC,T activated,CLEC2D,KLRB1,0.66517407,0.0,0.11586126,0.16192735721098805,0.11668901903532047,0.0024847314,0.81603736,1.0,0.7631004442533371
CD8 T memory,CD4 T naive,MIF,TNFRSF14,0.39379454,0.549,0.13040191,-0.0001633190190497083,0.018949824707649388,0.0025557636,0.82474625,1.0,0.7631004442533371
T proliferating,CD4 T naive,LCK,CD8A_CD8B,0.73442554,0.0,0.2673115,0.5637520849989047,0.4246199917815093,0.014634147,0.8707648,0.05789331968041655,0.7631004442533371
Monocyte classical,T proliferating,HLA-F,KIR3DL2,0.19262668,0.49,0.03565654,0.2289131280710356,-0.013828916539064429,0.012145314,0.71105164,1.0,0.76325634011434
Dendritic cell,Monocyte non-classical,SELL,SELPLG,0.69651085,0.0,0.31606174,0.4949166253352176,0.37419389831262373,0.014095838,0.87990165,0.05789331968041655,0.7638352805675646
T proliferating,Dendritic cell,FAM3C,HLA-C,1.2329817,0.296,0.30463907,0.05631239610135835,-0.31387219345285616,0.0037517506,0.8779431,1.0,0.7638352805675646
Erythroid early,Granulocyte precursor,LGALS9,CD47,0.39353535,0.0,0.14048663,0.2608422040913896,-0.03873117070710902,0.002783791,0.8300648,1.0,0.764124718614132
HSPC,NK,SELL,SELPLG,0.62207615,0.0,0.26738384,0.4075656746577735,0.4274423191170501,0.011924884,0.87078,0.0900590613476358,0.764124718614132
T proliferating,Monocyte non-classical,MIF,TNFRSF14,0.6963428,0.0,0.35305253,0.38100684753702696,0.220471519995535,0.006919522,0.8856278,0.19162035964400773,0.7649629641771667
T activated,T activated,MIF,TNFRSF14,0.39325875,0.504,0.1325508,0.0011994891655634707,-0.07323813568085119,0.00259788,0.8259244,1.0,0.765149909122423
Pre-B large,B naive,LGALS9,CD44,0.51804996,0.002,0.26770747,0.19872147837291665,-0.0024784416511614005,0.0041140364,0.87084806,1.0,0.765149909122423
T proliferating,Plasmacytoid DC,CD70,TNFRSF17,0.19060192,0.0,0.035667244,1.7081847818832578,0.5310315815093318,0.3916849,0.71108246,0.009194986952572645,0.7653526434495046
T proliferating,Platelet,FAM3C,HLA-C,1.0924885,0.967,0.26798806,-0.06207445243934694,0.04182579389687596,0.003300379,0.87090695,1.0,0.7661760161877458
Monocyte classical,NK,CD48,CD244,0.3931752,1.0,0.12733726,0.2813189653426943,0.11500062460852856,0.016937656,0.8230209,1.0,0.7661760161877458
HSPC,B naive,FAM3C,HLA-C,1.111095,1.0,0.30424887,-0.03145291679570737,-0.28357497376850715,0.0037469452,0.8778744,1.0,0.7672198037031638
HSPC,Monocyte classical,ANXA1,FPR1,0.6947831,0.0,0.39170206,0.6118227632471638,0.4827771060889816,0.03273486,0.8907846,0.05789331968041655,0.7672198037031638
HSPC,T activated,FAM3C,LAMP1,0.1952146,0.239,0.035743713,0.049986935402120895,-0.06161643324845131,0.003041379,0.71130234,1.0,0.7674476365880116
NK,CD8 T cytotoxic,CLEC2B,KLRF1,0.5506458,0.0,0.26895797,0.4022001907474747,0.6693146701211008,0.0118832635,0.8711099,0.0955840273226527,0.7677168962260201
CD8 T cytotoxic,NK,KLRF1,CLEC2B,0.5506458,0.0,0.26895797,0.4022001907474747,0.6693146701211008,0.0118832635,0.8711099,0.0955840273226527,0.7677168962260201
T proliferating,Platelet,LGALS9,CD47,0.39249617,0.018,0.11780626,0.1626954459455864,0.3951730216982128,0.0023343712,0.81728363,1.0,0.7682309816276227
CD4 T naive,T proliferating,MIF,TNFRSF14,0.3924939,0.511,0.14294323,0.0110686488808582,-0.1747485085447708,0.0028015624,0.8312839,1.0,0.7692598408212459
HSPC,Plasmacytoid DC,LGALS9,CD47,0.530055,0.0,0.26936132,0.4188111452948808,0.2872092243402444,0.005337487,0.871194,0.3432312538841842,0.7692598408212459
HSPC,Erythroid early,LGALS9,CD47,0.6938574,0.0,0.40773034,0.6423076769337513,0.33008186480774687,0.0080793165,0.8927202,0.1090561001431624,0.7694787196798192
HSPC,Erythroid late,FAM3C,LAMP1,0.19541065,0.223,0.035801195,0.05029416618662253,0.010992678500632874,0.0030462698,0.71146727,1.0,0.7695412649075182
Pre-B large,Monocyte non-classical,HLA-F,LILRB2,0.403663,0.0,0.11545515,0.6765159905801439,0.2880404109434632,0.014581082,0.81577367,0.10545125274594468,0.7702896182100378
NK,CD4 T memory,ITGAL_ITGB2,ICAM3,0.5682737,0.0,0.26968825,0.4352164704967202,0.552217058192083,0.014670419,0.871262,0.06794086469126293,0.7702896182100378
Pre-B large,Dendritic cell,LGALS9,HAVCR2,0.39234695,0.0,0.14396568,0.8866382380379119,0.4617971424550176,0.03611369,0.8317831,0.05789331968041655,0.7702896182100378
T activated,B naive,PTPRC,CD22,0.6937145,0.0,0.43458736,0.5038062653644302,0.5535350225451354,0.023041015,0.8957369,0.05789331968041655,0.7706088503597612
Erythroid early,Dendritic cell,FAM3C,HLA-C,1.2327516,0.257,0.30356434,0.05569261036416119,-0.34587028957070787,0.0037385146,0.8777536,1.0,0.7706088503597612
Erythroid late,Platelet,LGALS9,CD47,0.392257,0.004,0.11752747,0.16222055985161052,0.5459161709523366,0.002328847,0.81710666,1.0,0.7713205311062521
T activated,Monocyte non-classical,CD52,SIGLEC10,0.6518907,1.0,0.2696992,0.3073436133059401,-0.435903230612013,0.019617852,0.8712643,1.0,0.7713205311062521
T activated,Dendritic cell,HLA-F,LILRB2,0.19513622,0.938,0.03581379,0.0279991180125628,-0.14851553814699173,0.0045230016,0.71150345,1.0,0.7716336389158318
Erythroid early,B naive,FAM3C,HLA-C,1.1027918,1.0,0.2697808,-0.053818245915605044,-0.32770966638849985,0.0033224572,0.87128127,1.0,0.7723521463073417
Erythroid late,CD4 T naive,MIF,TNFRSF14,0.3919089,0.609,0.12950918,-0.0023865910732914913,0.13029859607665617,0.0025382668,0.8242493,1.0,0.7723521463073417
Pre-B large,CD8 T cytotoxic,CLEC2D,KLRB1,0.693142,0.0,0.46539536,0.2664167098784319,0.28249533664462145,0.009980752,0.89889205,0.3468394358135106,0.7728705717401492
Erythroid early,Platelet,MIF,CD74,0.5923354,1.0,0.26997253,-0.21611636352708938,-1.4237663851469038,0.00053203816,0.8713211,1.0,0.7733846809322891
CD4 T memory,Erythroid early,CCL5,ACKR1,0.3417803,0.999,0.035956744,0.5604069782385028,-0.48065672645707064,0.020235814,0.7119121,1.0,0.7737247039561771
Monocyte classical,T proliferating,LGALS9,CD44,0.6928562,0.002,0.37825513,0.32117903019899885,0.30154705105340107,0.005812895,0.8890737,1.0,0.7740022798423682
Granulocyte precursor,CD8 T cytotoxic,GRN,TNFRSF1B,0.6439741,0.0,0.2703703,0.6511075293339289,0.8126915214452941,0.011969119,0.87140363,0.05789331968041655,0.774418135390629
NK,Monocyte classical,ANXA1,FPR1,0.69239396,0.0,0.3898238,0.6096098293564769,0.7252827921248642,0.03257789,0.8905506,0.05789331968041655,0.7751343534449077
Dendritic cell,Dendritic cell,GRN,TNFRSF1A,0.8055654,0.0,0.27039194,1.0707874321913688,0.7837208987822856,0.026221318,0.8714081,0.036810229122767935,0.7754525100918959
Plasmacytoid DC,Monocyte non-classical,FAM3C,LAMP1,0.21211985,0.031,0.03601654,0.06002303669331334,0.027823102186348675,0.003064593,0.71208245,1.0,0.7758144604381205
Pre-B large,CD4 T naive,MIF,CD74,0.6923626,1.0,0.39498836,-0.12684581162483674,-1.6590158152622603,0.0007784084,0.8911904,1.0,0.77626691071761
Pre-B large,CD4 T naive,LGALS9,CD47,0.39109498,0.0,0.14273325,0.2509051202772449,0.07991769443626479,0.0028283081,0.8311808,1.0,0.7764878054456237
Granulocyte precursor,T activated,MIF,TNFRSF14,0.67532927,0.0,0.2705355,0.3337668872172737,0.41294752362095827,0.0053022597,0.87143785,0.34901795475708414,0.7764878054456237
HSPC,Platelet,FAM3C,HLA-C,1.1005616,0.973,0.30116084,-0.040328909056646434,0.053962390399016985,0.003708915,0.8773265,1.0,0.7773999508414068
Dendritic cell,NK,SELL,SELPLG,0.691969,0.0,0.3059998,0.4841534339967633,0.4705320140884456,0.013647092,0.87818164,0.05789331968041655,0.7773999508414068
HSPC,B naive,LGALS9,CD47,0.3910073,0.0,0.15190335,0.2290907036291982,0.12482615834928684,0.0030100169,0.83550453,1.0,0.7775240218613468
Pre-B large,B naive,MIF,TNFRSF14,0.6290643,0.0,0.270564,0.2869976432757355,0.3424877885539789,0.0053028185,0.87144375,0.34829064486132855,0.7775240218613468
Dendritic cell,Dendritic cell,ITGAX_ITGB2,ICAM1,0.20277888,0.0,0.03612637,0.6776115877918155,0.3081917464183749,0.05564014,0.71239454,0.09032287387363046,0.777902908771229
CD8 T cytotoxic,B naive,ITGAL_ITGB2,ICAM3,0.39097813,0.0,0.13191187,0.16968408611761732,0.261790484253418,0.007175702,0.8255767,0.6993843633111525,0.7785611597486001
T proliferating,B naive,FAM3C,HLA-C,1.1030219,1.0,0.27073592,-0.05319846017840788,-0.29571157027064815,0.0033342203,0.87147933,1.0,0.7785611597486001
Monocyte non-classical,T activated,MIF,TNFRSF14,0.39095002,0.606,0.13142142,-0.001522621738761788,-0.06702657073402635,0.0025757449,0.82530844,1.0,0.7795992195169176
Granulocyte precursor,B naive,MIF,TNFRSF14,0.6906768,0.0,0.30448633,0.35964010482535635,0.5145487322953943,0.005967667,0.8779162,0.2577391455510728,0.7796675956596275
Erythroid early,CD4 T naive,NECTIN1,CD96,0.19093037,0.0,0.03623417,0.8085766620304293,0.2075282964290292,0.03034565,0.71269965,0.21037792939937996,0.7799899945051612
CD8 T cytotoxic,CD8 T memory,KLRF1,CLEC2B,0.5535959,0.0,0.2711149,0.4060137587818411,0.6676113462160038,0.011978562,0.87155765,0.0917842181749961,0.7801185952344549
CD8 T memory,CD8 T cytotoxic,CLEC2B,KLRF1,0.5535959,0.0,0.2711149,0.4060137587818411,0.6676113462160038,0.011978562,0.87155765,0.0917842181749961,0.7801185952344549
Granulocyte precursor,CD8 T cytotoxic,LGALS9,CD47,0.3908415,0.0,0.14800356,0.19765165584019007,0.2725685635818125,0.0029327415,0.83370954,1.0,0.7806382015758337
B naive,Dendritic cell,LTB,LTBR,1.1998265,0.0,0.30001017,0.6761532690183688,0.6787668265322673,0.036255073,0.8771203,0.05789331968041655,0.7808020794727775
Pre-B small,Monocyte classical,CD99,PILRA,0.39079458,0.068,0.14516167,0.261756695320305,0.44216052245560533,0.0066175167,0.83236116,1.0,0.7816783251750896
T proliferating,T proliferating,ITGAL_ITGB2,ICAM3,0.58193237,0.0,0.27147922,0.4426402025773588,0.22861636280335237,0.014767844,0.87163275,0.1780678099181494,0.7816783251750896
HSPC,Dendritic cell,LGALS9,SLC1A5,0.2541385,0.0,0.036285978,0.39407021120242813,0.1693060983350872,0.005650888,0.7128459,0.3007884982691415,0.7820758278036675
Monocyte classical,CD8 T memory,GRN,TNFRSF1B,0.6644044,0.0,0.27150324,0.679361712235726,1.0767905195993135,0.012019273,0.87163776,0.05789331968041655,0.7827191532380242
HSPC,Pre-B large,PTPRC,CD22,0.3907073,1.0,0.14267167,0.06026606743178242,-0.4720391637393082,0.0075641875,0.83115053,1.0,0.7827191532380242
Monocyte non-classical,Granulocyte precursor,TNFSF13B,HLA-DPB1,0.68752027,0.0,0.4510453,0.3023383966932175,-0.07206497433368886,0.0054536234,0.89745986,1.0,0.7830724850042086
Dendritic cell,HSPC,ITGAL_ITGB2,ICAM3,0.4906426,0.0,0.113106616,0.22075309885602548,0.009647541253062386,0.0061527393,0.8142243,0.7204589535738956,0.7837609048202467
T activated,Monocyte classical,CCL5,CCR1,0.7705473,0.0,0.2721998,0.5235181620210392,0.33988581121047523,0.024712674,0.871781,0.06944642229119986,0.7837609048202467
Dendritic cell,CD8 T cytotoxic,FAM3C,LAMP1,0.23892438,0.0,0.036300626,0.0892943360164999,0.10209975651022228,0.0030887655,0.7128872,1.0,0.784160354182028
T proliferating,Erythroid early,MIF,CD74,0.68738234,1.0,0.33406627,-0.10631047502373758,-1.782971140013072,0.00065834844,0.88279825,1.0,0.7842084050843523
Pre-B large,NK,LGALS9,CD47,0.52263695,0.0,0.2722229,0.43038479095419124,0.4919682342306032,0.00539419,0.87178576,0.3368075555145968,0.7848035803312914
Pre-B small,CD8 T memory,LGALS9,CD47,0.39021635,0.0,0.15220775,0.22045131410753646,0.42017902785510886,0.0030160488,0.8356421,1.0,0.7848035803312914
Dendritic cell,Plasmacytoid DC,LGALS9,CD44,0.6869949,0.0,0.47091457,0.4810503331173309,0.15241365589389144,0.0072368537,0.8994265,0.3113414831573624,0.7853449218271964
Monocyte non-classical,CD8 T memory,APP,CD74,0.919297,0.326,0.27232018,0.06669082676573608,-0.5431850117990175,0.001905616,0.8718057,1.0,0.7858471801806928
B naive,Plasmacytoid DC,LGALS9,CD47,0.40743417,0.0,0.11295985,0.17531491948277042,0.19286045895737597,0.002238338,0.8141261,1.0,0.7858471801806928
Dendritic cell,Plasmacytoid DC,LILRB4,LAIR1,0.390194,0.0,0.15119901,1.2133248244773447,0.7072157690039629,0.04708847,0.8351849,0.05265697314903713,0.7858471801806928
HSPC,Dendritic cell,LTB,LTBR,0.20359865,1.0,0.03637154,-0.05666307592893566,-0.8564539517364455,0.00439536,0.7130869,1.0,0.7862435740498093
Plasmacytoid DC,Dendritic cell,LTB,LTBR,0.4920142,1.0,0.112696946,0.15549295910679464,-0.304555006732077,0.013618991,0.8139497,1.0,0.786891704777985
Granulocyte precursor,Dendritic cell,GRN,TNFRSF1B,0.6449521,0.0,0.272373,0.6529185067843303,0.6383381571914475,0.012057776,0.8718165,0.05789331968041655,0.786891704777985
T proliferating,Monocyte classical,ITGAL_ITGB2,ICAM3,0.39007384,0.023,0.14762755,0.21439493702189832,0.1554257092497416,0.008030598,0.8335331,1.0,0.786891704777985
Monocyte classical,Granulocyte precursor,LGALS9,CD44,0.55221856,0.0,0.27311343,0.17693160292906818,0.2395758070591134,0.0041971137,0.87196815,0.6527854295568613,0.787937154532703
Monocyte non-classical,Monocyte classical,SELL,SELPLG,0.19118905,1.0,0.036402218,-0.12660756513064944,-0.31140216462154713,0.0016234795,0.7131731,1.0,0.7883254878165782
Pre-B small,NK,MIF,CD74,0.6860455,1.0,0.32682514,-0.33667930028085735,-1.2681036048412335,0.00064407836,0.8816598,1.0,0.7887569680845804
T proliferating,HSPC,ITGAL_ITGB2,ICAM3,0.5853276,0.0,0.273671,0.4466794332177705,0.25170263470810117,0.01488707,0.87208194,0.1477116034953918,0.7889835298543801
T activated,CD4 T naive,MIF,TNFRSF14,0.3893228,0.598,0.1282848,-0.005435708523927701,-0.05938911374303635,0.0025142701,0.82356024,1.0,0.7889835298543801
Monocyte classical,B naive,PTPRC,CD22,0.68588966,0.0,0.42711115,0.4963823222133102,0.6274795876125441,0.02264464,0.8949238,0.05789331968041655,0.7898952656114655
Plasmacytoid DC,Dendritic cell,FAM3C,HLA-C,1.2264463,0.323,0.2741114,0.03870832730440594,-0.28910027180071696,0.00337579,0.87217164,1.0,0.7900308311525515
Pre-B large,Dendritic cell,SELL,SELPLG,0.19168484,1.0,0.03656068,-0.1093169006750279,-0.5461850860532795,0.0016305466,0.71361715,1.0,0.7904060412037257
Dendritic cell,T proliferating,ITGAL_ITGB2,ICAM3,0.48724735,0.006,0.112200774,0.2167138682156138,-0.013438730651686381,0.0061034635,0.81361544,1.0,0.7910790588367509
Dendritic cell,CD4 T memory,FAM3C,HLA-C,1.4977559,0.0,0.27486682,0.24640649967053813,0.14477344461837832,0.003385093,0.87232494,0.9398834098393756,0.7910790588367509
Erythroid early,Plasmacytoid DC,GAL,HLA-DPA1,1.0661702,0.0,0.27501762,1.5283739773376444,0.6370887444478744,0.06475715,0.8723555,0.03287634554483584,0.792128434102822
NK,Pre-B small,PTPRC,CD22,0.7319129,0.0,0.2971221,0.344446984738629,0.5108422280931451,0.015752861,0.87659806,0.16276852355958982,0.7921733987566542
T proliferating,Platelet,MIF,CD74,0.68368393,1.0,0.32622972,-0.1084144639829312,-1.3760671309410721,0.0006429049,0.8815647,1.0,0.7921733987566542
T proliferating,T proliferating,CCL5,CCR5,1.6147751,0.0,0.28531343,1.3448520916748845,1.0707367303900202,0.097430475,0.8743878,0.006113680784262384,0.7924853440314836
Erythroid early,Granulocyte precursor,FAM3C,LAMP1,0.2058288,0.044,0.036611974,0.05726725951080614,-0.07167981774087093,0.003115258,0.71376044,1.0,0.7924853440314836
Dendritic cell,CD8 T memory,LGALS9,CD47,0.55088013,0.0,0.27508402,0.539491411413272,0.41148838063445925,0.0054508843,0.87236893,0.3276885885436304,0.7931785159827613
Erythroid early,Monocyte non-classical,CD99,PILRA,0.6832326,0.0,0.46677414,0.9486550314193298,0.38006037239608537,0.021278935,0.8990264,0.05789331968041655,0.7933131129421597
Dendritic cell,Monocyte classical,CD99,PILRA,0.60468763,0.0,0.275146,0.48691505087928394,0.3457325525027003,0.012543141,0.87238145,0.06500331997846505,0.7942295254774183
Dendritic cell,B naive,HBEGF,CD44,0.38804257,0.99,0.12628527,0.24720995432394655,-0.03494329060119383,0.010986891,0.82241595,1.0,0.7942295254774183
Monocyte non-classical,CD4 T naive,CD58,CD2,0.39266482,0.0,0.112059474,0.31302354246983405,0.40981283529592477,0.008962408,0.8135198,0.213381493034691,0.7942295254774183
Granulocyte precursor,Pre-B large,LGALS9,CD47,0.68242574,0.0,0.335723,0.5954971648333371,0.5048635441042245,0.006652467,0.88305396,0.18977008606937207,0.7944532976924703
CD8 T cytotoxic,Plasmacytoid DC,ITGAL_ITGB2,ICAM1,0.19750115,0.0,0.036632203,0.47406209114164144,0.4223769461475086,0.028545363,0.7138168,0.05789331968041655,0.7945633419869187
T proliferating,CD8 T memory,SIRPG,CD47,0.3879143,0.0,0.15044712,0.6318796638029414,0.3667390499130803,0.018991323,0.8348415,0.05789331968041655,0.7952814629963273
CD4 T naive,T activated,MIF,CD74,0.52567965,1.0,0.2755668,-0.36961246014633886,-1.631094205569763,0.0005430628,0.8724665,1.0,0.7952814629963273
Dendritic cell,T proliferating,FAM3C,HLA-C,1.6109264,0.0,0.2963142,0.34176861512270557,0.2172529646657106,0.0036492264,0.8764507,0.7919161354954879,0.7955939521885174
Monocyte classical,T proliferating,GRN,TNFRSF1B,0.6824213,0.0,0.31029835,0.7127257758553209,0.9310981313433142,0.013736707,0.87892586,0.05789331968041655,0.7955939521885174
Erythroid early,Pre-B small,FAM3C,HLA-C,1.1269118,1.0,0.2760509,-0.03349362615261408,-0.21158236708399855,0.0033996755,0.87256414,1.0,0.7963343289490227
Pre-B small,Pre-B large,PTPRC,CD22,0.38766146,1.0,0.1409002,0.05737647358387629,-0.17956426421706562,0.0074702664,0.830272,1.0,0.7963343289490227
T proliferating,Plasmacytoid DC,TNF,VSIR,0.21710134,0.584,0.03664898,0.12031419836111866,-0.12807665918718314,0.007229273,0.7138636,1.0,0.7966400354795968
Monocyte non-classical,CD4 T naive,MIF,TNFRSF14,0.38701406,0.732,0.12719175,-0.00815781942825296,-0.053177548796211505,0.0024928474,0.82293767,1.0,0.7973881237450389
Dendritic cell,T proliferating,MIF,TNFRSF14,0.62450194,0.0,0.27616143,0.28461133571642144,0.04282636474408846,0.0054125227,0.8725864,0.5964964791897375,0.7973881237450389
Dendritic cell,CD4 T naive,MIF,CD74,0.68189496,1.0,0.38657477,-0.1391874700567191,-1.794387244179152,0.0007618276,0.8901421,1.0,0.7978767872325567
HSPC,Monocyte non-classical,SELL,SELPLG,0.626618,0.0,0.27617604,0.41832886599622776,0.33110420334122825,0.012317001,0.87258935,0.07853524959996085,0.7984428477939101
Plasmacytoid DC,Plasmacytoid DC,AREG,ICAM1,0.19766176,0.0,0.03667999,0.3551010344515401,0.24939874419514554,0.013194213,0.7139499,0.14963053390746794,0.7987154249190851
Pre-B small,Erythroid early,LGALS9,CD47,0.6816899,0.0,0.38423863,0.618145796013196,0.5935099132663862,0.00761382,0.8898453,0.13126020813280598,0.7990188461005041
Plasmacytoid DC,NK,BAG6,NCR3,0.40279973,0.0,0.111599565,0.6960145644374316,0.8279409532216142,0.024781078,0.8132076,0.05789331968041655,0.7994985015051705
Erythroid early,Erythroid early,MIF,CD74,0.5960339,1.0,0.27645773,-0.21401237456789576,-1.8306703942189038,0.0005448185,0.872646,1.0,0.7994985015051705
T proliferating,NK,MIF,TNFRSF14,0.68072855,0.0,0.31996757,0.35468386728954193,0.30301093959281494,0.0062710852,0.8805491,0.22519402567341326,0.8001613714378265
Pre-B large,B naive,FAM3C,CLEC2D,0.3866654,0.0,0.13992546,0.31217049882770714,0.2625313803012309,0.012427343,0.82978237,0.21540165877074544,0.800555085288355
HSPC,Plasmacytoid DC,LGALS9,CD44,0.5384986,0.011,0.27649388,0.18617211673215087,-0.10232374534409833,0.0042490633,0.87265325,1.0,0.800555085288355
T proliferating,Granulocyte precursor,FAM3C,LAMP1,0.20605889,0.232,0.036741596,0.057887045248003303,-0.03968172162301925,0.0031262871,0.7141213,1.0,0.8007894561982376
T proliferating,Erythroid early,SIRPG,CD47,0.67938787,0.0,0.37979403,1.029574145708601,0.5400699353243577,0.04794237,0.8892738,0.05789331968041655,0.8013043624254556
CD4 T naive,B naive,MIF,TNFRSF14,0.38658863,0.96,0.13706286,0.0011132980082898605,-0.010458513651772083,0.0026863124,0.82831764,1.0,0.8016125995529975
Monocyte classical,CD8 T cytotoxic,LGALS9,CD44,0.55721855,0.0,0.27685148,0.18205997131066723,0.33418487573588607,0.004254558,0.87272507,0.6354978767727142,0.8016125995529975
Dendritic cell,NK,APP,CD74,0.67883635,1.0,0.31146532,0.054805992887420885,-0.9312477902471623,0.002179542,0.8791255,1.0,0.8024479385312373
Plasmacytoid DC,Dendritic cell,CD99,PILRA,0.7289601,0.0,0.29561266,0.5582249939780248,0.43923665759177255,0.013476159,0.8763223,0.05789331968041655,0.8024479385312373
Pre-B small,CD8 T cytotoxic,MIF,CD74,0.60474724,1.0,0.27694184,-0.3829293843979813,-1.3777527563961272,0.00054577267,0.8727432,1.0,0.8026712674496582
Dendritic cell,Granulocyte precursor,FAM3C,HLA-C,0.633974,1.0,0.111168064,-0.4814649748503421,-0.9208592238930965,0.0013690785,0.8129133,1.0,0.8026712674496582
T proliferating,HSPC,TIGIT,NECTIN2,0.2325273,0.0,0.036752116,0.8752232323062299,0.3681392550036003,0.100398034,0.71415055,0.05789331968041655,0.8028622387943065
HSPC,T activated,MIF,TNFRSF14,0.7265436,0.0,0.2955888,0.3941496205042751,0.28826365622355904,0.005793282,0.876318,0.28296903245007415,0.8035918584110324
HSPC,NK,APP,CD74,0.67881715,1.0,0.31142431,0.05475813280250377,-0.9232046398535627,0.0021792552,0.87911844,1.0,0.8035918584110324
Monocyte non-classical,B naive,ITGAL_ITGB2,ICAM3,0.38572168,0.0,0.12627983,0.15714177386601427,0.17222818627451283,0.006869332,0.82241285,0.745858343738705,0.8037306441017618
T proliferating,Pre-B small,FAM3C,HLA-C,1.1271418,0.999,0.2770282,-0.03287384041541692,-0.17958427096614688,0.003411712,0.8727605,1.0,0.8037306441017618
Monocyte non-classical,CD4 T naive,LGALS9,CD44,0.6787417,0.0,0.4553113,0.4178798381147061,0.3849687261473018,0.0069970675,0.8978922,0.16566303423119047,0.8047362414838417
Plasmacytoid DC,CD4 T naive,FAM3C,HLA-C,1.2421608,0.011,0.27780008,0.05194935818181082,-0.14940619583999973,0.0034212177,0.8729149,1.0,0.8047909524640122
Monocyte non-classical,Monocyte classical,HLA-F,LILRB2,0.3855226,0.0,0.14694582,0.4365770438402842,0.4946067137228991,0.01855811,0.83321166,0.06709161431462753,0.8058521929459448
Monocyte classical,HSPC,LGALS9,CD44,0.5588962,0.0,0.27810568,0.1837803825422988,0.09464085372291042,0.004273833,0.8729759,0.6264194814617368,0.8058521929459448
Dendritic cell,Plasmacytoid DC,LGALS9,CD47,0.6785513,0.0,0.45876664,0.7136893616800608,0.5419466255782341,0.009090618,0.89823824,0.07434144882869911,0.8058810869305968
Erythroid early,T proliferating,HLA-E,KLRC1_KLRD1,0.20538965,1.0,0.036761977,-0.27679087692050447,-1.1497756406380972,0.0012407686,0.7141779,1.0,0.8059689428049197
Erythroid early,T proliferating,HLA-E,KLRC1,0.20538965,1.0,0.036761977,-0.27679087692050447,-1.1497756406380972,0.0012407686,0.7141779,1.0,0.8059689428049197
Monocyte classical,B naive,TNFSF13B,CD40,0.5911994,0.0,0.27818677,1.053699832665043,1.411184870904992,0.11479044,0.87299204,0.005976899078002608,0.8069143659570934
HSPC,T proliferating,FAM3C,CLEC2D,0.4509073,0.001,0.11070417,0.2895318280959389,0.059865711844861697,0.009832082,0.81259507,0.9572610593235005,0.8079774719069925
Monocyte non-classical,CD8 T cytotoxic,LGALS9,CD47,0.53259355,0.0,0.27835512,0.4791375084899387,0.5836829926775783,0.005515702,0.8730256,0.32080099720238947,0.8079774719069925
Monocyte classical,HSPC,GRN,TNFRSF1A,0.67740804,0.0,0.2995035,0.9570128205430404,1.1258897814360338,0.02904442,0.8770292,0.024395101146026808,0.8081722821995223
CD4 T naive,Dendritic cell,LTB,LTBR,1.1195481,0.0,0.27876556,0.6171012489641866,0.6019001631005965,0.03368774,0.8731072,0.05789331968041655,0.8090415112051768
Monocyte non-classical,T activated,TNFSF13B,HLA-DPB1,0.38448066,1.0,0.12350862,0.06278344991098428,-0.6181889146484475,0.0014933522,0.8207866,1.0,0.8090415112051768
Monocyte non-classical,Dendritic cell,CD58,CD2,0.19241548,0.971,0.036998738,0.05411586141527333,-0.21945603412670361,0.002959123,0.71483266,1.0,0.80907271689404
Plasmacytoid DC,CD8 T cytotoxic,GRN,TNFRSF1B,0.66006297,0.0,0.27886724,0.6750576360821109,0.7519970147758093,0.012345272,0.8731274,0.05789331968041655,0.8101064842611803
Dendritic cell,T activated,HBEGF,CD44,0.7471051,0.0,0.2930227,0.6154892158531127,0.48915429518286857,0.02549314,0.87584466,0.05789331968041655,0.8104651967021214
Erythroid early,NK,GAL,HLA-DPA1,0.20413508,1.0,0.03728292,0.7968985336119081,-0.6252623856482005,0.008778841,0.71561193,1.0,0.8111402906837235
HSPC,CD4 T memory,CLEC2D,KLRB1,0.6358767,0.0,0.11037159,0.13506388528179097,0.024089011937102,0.0023670013,0.8123659,1.0,0.8111723914845371
Dendritic cell,Monocyte classical,HBEGF,CD44,0.71672577,0.0,0.27891546,0.5843289410211416,0.6146669401899812,0.024265805,0.873137,0.05789331968041655,0.8111723914845371
CD8 T cytotoxic,T activated,MIF,TNFRSF14,0.38422182,0.765,0.12813008,-0.009455184386712265,-0.02080131557554571,0.0025112375,0.82347244,1.0,0.8122392332847821
Erythroid early,B naive,LGALS9,CD44,0.52868354,0.0,0.27927473,0.21983758154192085,-0.08349121579105245,0.0042917985,0.8732083,1.0,0.8122392332847821
T proliferating,CD8 T cytotoxic,MIF,TNFRSF14,0.6764115,0.0,0.3108204,0.3474060461951923,0.26579305282854615,0.0060918084,0.87901527,0.24465936324431897,0.812759944318783
Dendritic cell,Monocyte classical,CCL3,CCR1,0.19345164,0.0,0.03732258,0.3525084281273571,0.15777582648768484,0.016950818,0.71572006,0.299488495855891,0.8132065632871623
Dendritic cell,CD4 T memory,MIF,TNFRSF14,0.6266334,0.0,0.28026196,0.2882044896082381,0.1581463705512149,0.00549289,0.8734035,0.3235428704857232,0.8133072347758065
Monocyte classical,Monocyte non-classical,MIF,TNFRSF14,0.38341653,0.854,0.14449096,0.012059137640050177,-0.020932478153640355,0.0028318968,0.8320378,1.0,0.8143759471552332
Erythroid early,Plasmacytoid DC,FAM3C,HLA-C,1.1438279,0.985,0.28044832,-0.019239106269980995,-0.34017647051152433,0.0034538317,0.8734402,1.0,0.8143759471552332
T proliferating,CD4 T memory,MIF,TNFRSF14,0.6754015,0.0,0.30868024,0.34570336585348116,0.18182224298108668,0.0060498635,0.8786474,0.25485214913661564,0.8150566393154959
CD4 T memory,Monocyte non-classical,SEMA4D,PLXNB2,0.19802053,0.0,0.037359606,0.4545999565051304,0.30795717699120895,0.017539622,0.71582097,0.09058726557066432,0.8152715351139229
Dendritic cell,NK,LGALS9,CD44,0.55487174,0.0,0.28082684,0.34553598560419074,0.07374840646530689,0.0043156506,0.8735148,0.5562146915231553,0.8154455953402369
Monocyte non-classical,Monocyte non-classical,TNFSF13B,TFRC,0.38300818,0.0,0.1219171,0.46334376731322324,0.495715631924193,0.0108062215,0.8198307,0.05789331968041655,0.8154455953402369
Plasmacytoid DC,Dendritic cell,GRN,TNFRSF1B,0.66104096,0.0,0.28093284,0.6768686135325123,0.5776436505219626,0.012436715,0.87353563,0.05789331968041655,0.8165161797403524
CD8 T memory,CD8 T memory,MIF,TNFRSF14,0.38298517,0.919,0.11849285,-0.018386233657487667,0.026835676212582094,0.0023223564,0.81771713,1.0,0.8165161797403524
CD8 T cytotoxic,Dendritic cell,SPN,ICAM1,0.20745827,0.0,0.03736284,0.341880786220876,0.2590408473421096,0.011078999,0.71582973,0.16691528466897246,0.8173352065735721
Monocyte non-classical,Dendritic cell,ALOX5,ALOX5AP,0.39633682,0.0,0.109846026,0.4119681282616381,0.24231530981662813,0.019965943,0.8120019,0.15510306812881244,0.8175877007651137
Monocyte classical,CD4 T naive,LGALS9,CD44,0.56294364,0.0,0.28113157,0.18793206141200475,0.2785995773412988,0.0043203337,0.8735747,0.6118749737769458,0.8175877007651137
Pre-B large,Granulocyte precursor,LGALS9,CD47,0.38290173,0.0,0.13466783,0.2397261009223854,0.04228160343278203,0.0026684892,0.8270605,1.0,0.8175877007651137
Monocyte non-classical,HSPC,LGALS9,CD44,0.6746943,0.0,0.45041066,0.4137281592450001,0.20101000252891343,0.0069217565,0.8973951,0.22154828843586635,0.8185049111950681
Pre-B large,Pre-B large,PTPRC,CD22,0.3828305,1.0,0.13809046,0.05279334808747746,-0.45025207884006924,0.0073213,0.82884806,1.0,0.8186601588240554
T proliferating,Plasmacytoid DC,FAM3C,HLA-C,1.144058,0.965,0.28144118,-0.018619320532783833,-0.3081783743936726,0.0034660597,0.8736354,1.0,0.8186601588240554
Plasmacytoid DC,Plasmacytoid DC,MIF,TNFRSF14,0.39043966,0.566,0.10978381,-0.017504120559583038,-0.16858497161324532,0.0021516671,0.8119586,1.0,0.8186601588240554
Dendritic cell,Erythroid early,SEMA4A,PLXND1,0.21785322,0.0,0.037379615,0.8712385814442039,0.30419055387933447,0.0482434,0.7158754,0.09407744844962851,0.8193975238669189
T activated,Erythroid early,LTB,LTBR,0.67406625,0.044,0.049152058,0.0692380759272958,-0.23181968472920722,0.005939836,0.7428796,1.0,0.8196553623461867
Plasmacytoid DC,Monocyte non-classical,CD52,SIGLEC10,0.6944344,1.0,0.2916396,0.3389096777135789,-0.3998366507481335,0.021213792,0.8755872,1.0,0.8196553623461867
Pre-B large,T proliferating,MIF,TNFRSF14,0.6349696,0.0,0.28217193,0.29695299414830384,0.17819779366098015,0.0055303234,0.8737785,0.3180765880142841,0.8197335543267119
Plasmacytoid DC,Monocyte non-classical,FAM3C,HLA-C,1.298948,0.0,0.29112986,0.09980210985641855,-0.03664932028689208,0.0035853793,0.8754919,1.0,0.8208061442613792
CD8 T memory,Dendritic cell,CD99,PILRA,0.7013855,0.0,0.28218943,0.5291978528584251,0.5463820519925077,0.012864231,0.8737819,0.05789331968041655,0.820807887682617
Monocyte classical,NK,LGALS9,CD44,0.3820944,1.0,0.1459274,0.002440934789232574,0.04145838728594797,0.0022425621,0.8327279,1.0,0.820807887682617
Dendritic cell,CD8 T cytotoxic,MIF,TNFRSF14,0.6276434,0.0,0.28220508,0.2899071699499492,0.24211718039867436,0.0055309734,0.87378496,0.3173982057698474,0.8218831593013058
B naive,Monocyte non-classical,MIF,TNFRSF14,0.38196462,0.897,0.14352326,0.010347389068516719,-0.04907558311761512,0.0028129308,0.83156776,1.0,0.8218831593013058
T proliferating,T proliferating,MIF,TNFRSF14,0.67327005,0.0,0.30416393,0.3421102119616645,0.06650223717396025,0.0059613474,0.8778594,0.5328465513403785,0.8219573770832966
Erythroid early,NK,HLA-E,KLRC2,0.20775203,1.0,0.03738446,-0.1733267367968871,-0.8861628146538008,0.0021499232,0.7158886,1.0,0.8224886717256061
Erythroid early,NK,HLA-E,KLRC2_KLRD1,0.20775203,1.0,0.03738446,-0.1733267367968871,-0.8861628146538008,0.0021499232,0.7158886,1.0,0.8224886717256061
HSPC,CD8 T memory,TNFSF13B,HLA-DPB1,0.57619345,0.01,0.28299442,0.12041005415607421,-0.3108799434906523,0.0034217073,0.8739389,1.0,0.8229593695923123
Monocyte non-classical,Erythroid late,TNFSF13B,TFRC,0.38176122,0.0,0.120569356,0.4603662640274879,0.5494899858963778,0.010686764,0.8190083,0.05789331968041655,0.8229593695923123
Plasmacytoid DC,Dendritic cell,LGALS9,CD47,0.3916031,0.0,0.10939308,0.15520988916787554,-0.0032920220036766756,0.0021676614,0.8116862,1.0,0.824036745641475
T proliferating,CD8 T memory,COPA,CD74,0.9225156,0.464,0.2831097,0.044737760933969986,-0.6650607278547931,0.002728846,0.8739613,1.0,0.824036745641475
Dendritic cell,T activated,COPA,CD74,0.38150853,1.0,0.1159781,-0.227130497564075,-1.520296134761874,0.0011178931,0.816113,1.0,0.824036745641475
Monocyte non-classical,CD8 T cytotoxic,LGALS9,CD44,0.67301667,0.0,0.4483794,0.41200774801336854,0.4405540245418891,0.0068905405,0.8971868,0.17457852805144697,0.8242611921710311
HSPC,B naive,TNFSF13B,TNFRSF13C,0.57699203,0.0,0.28356114,0.8815749544004282,0.9809405315774088,0.069467135,0.87404907,0.023559598557655062,0.8251148347033843
Erythroid early,T activated,COPA,CD74,0.38145912,1.0,0.11592341,-0.22724583665183967,-1.5676053010379432,0.0011173659,0.81607753,1.0,0.8251148347033843
Plasmacytoid DC,T activated,FAM3C,HLA-C,1.2908363,0.0,0.2892258,0.09296782969056044,-0.08050407861820633,0.00356193,0.8751338,1.0,0.825413894044462
Erythroid early,CD4 T memory,FAM3C,LAMP1,0.20887984,0.002,0.037405103,0.06204855001821115,-0.08381498224698761,0.003182744,0.7159447,1.0,0.8255768428260889
T proliferating,Dendritic cell,TNF,VSIR,0.53401875,0.0,0.1093561,0.5159635270470864,0.28110700153194773,0.021571271,0.81166035,0.11306481653544428,0.8261938636663008
T proliferating,T proliferating,SELL,SELPLG,0.38122362,0.345,0.14181697,0.17274710122753476,-0.1080219588703466,0.0063248053,0.83072853,1.0,0.8261938636663008
Platelet,CD4 T memory,MIF,CD74,0.55681205,1.0,0.28381598,-0.38332794395271036,-1.5264313588696496,0.0005593196,0.87409854,1.0,0.8261938636663008
Plasmacytoid DC,T proliferating,GRN,TNFRSF1B,0.67213774,0.0,0.30437064,0.6974177818207488,0.5823996402300726,0.013474292,0.87789583,0.05789331968041655,0.8265669223496278
NK,T proliferating,ITGAL_ITGB2,ICAM3,0.5893088,0.0,0.2838878,0.4602408709628787,0.4221948500999573,0.015442844,0.8741124,0.05789331968041655,0.8272738329397584
T activated,T proliferating,HLA-F,KIR3DL2,0.19864447,0.462,0.03751685,0.23698300220863,-0.0006280178464330155,0.012778971,0.716248,1.0,0.8276340186278119
NK,Monocyte non-classical,CD52,SIGLEC10,0.6862852,1.0,0.28743693,0.33286340027090444,-0.17310238541428663,0.020908091,0.8747944,1.0,0.8277203974660883
Erythroid early,NK,LGALS9,CD47,0.53327054,0.0,0.28398526,0.45150089412319544,0.41095546009071215,0.0056272657,0.8741313,0.3047139080175401,0.828354742933292
NK,Plasmacytoid DC,MIF,TNFRSF14,0.38910162,0.631,0.10929169,-0.01908146140890971,-0.001347763855171269,0.0021420217,0.81161535,1.0,0.828354742933292
Erythroid late,CD8 T memory,MIF,TNFRSF14,0.38109955,0.787,0.117681645,-0.02060950571172945,0.13818444758158888,0.0023064576,0.81720465,1.0,0.828354742933292
Granulocyte precursor,Erythroid late,LGALS9,CD47,0.3809101,0.0,0.1416098,0.18410082480743906,0.2821988038747979,0.0028060467,0.83062565,1.0,0.8294365940564353
CD4 T memory,NK,CD48,CD244,0.7366018,0.0,0.28400922,0.6262275420750277,0.5906522712006614,0.037777245,0.874136,0.05789331968041655,0.8294365940564353
T proliferating,CD4 T memory,FAM3C,LAMP1,0.20910993,0.195,0.03753753,0.06266833575540831,-0.05181688612913593,0.0031940122,0.716304,1.0,0.829689842481765
Monocyte classical,Dendritic cell,GRN,TNFRSF1B,0.67132455,0.0,0.2864041,0.6921766075670845,0.9263421416352041,0.012678924,0.8745972,0.05789331968041655,0.8300286848566203
HSPC,CD8 T memory,LGALS9,CD44,0.67037135,0.0,0.38789093,0.3214296050087817,0.28542120852248104,0.0059609744,0.89030814,0.25890078493109714,0.8300286848566203
Dendritic cell,NK,ALOX5,ALOX5AP,0.5037586,0.0,0.10909683,0.48758980832923293,0.6287962521299681,0.019829767,0.8114789,0.05789331968041655,0.8305193867187233
HSPC,Erythroid early,LGALS9,SLC1A5,0.3809071,0.0,0.14337139,1.0602248668203158,0.36724264647330385,0.022327516,0.8314936,0.05789331968041655,0.8305193867187233
Monocyte classical,CD8 T cytotoxic,GRN,TNFRSF1B,0.67034656,0.0,0.28429827,0.6903656301166832,1.1006955058890509,0.0125857005,0.87419194,0.05789331968041655,0.8305193867187233
CD4 T memory,Monocyte classical,CD99,PILRA,0.62037,0.0,0.28467628,0.5034235056324683,0.5453486315538434,0.012977599,0.87426496,0.05789331968041655,0.83160312132969
Erythroid early,B naive,PTPRC,CD22,0.27832973,1.0,0.03770988,0.10972906661078075,-0.3863304968707175,0.001999308,0.7167691,1.0,0.8317444229077202
Pre-B large,Pre-B small,MIF,TNFRSF14,0.67033273,0.0,0.35168463,0.35656896240241387,0.5054556357096214,0.0068927114,0.88543105,0.1741460017108374,0.8323388711901891
Granulocyte precursor,HSPC,GRN,TNFRSF1A,0.6510356,0.0,0.28483063,0.9177547197602862,0.8378857969922772,0.027621515,0.87429476,0.030976460617882052,0.8326877982988697
HSPC,CD4 T naive,MIF,TNFRSF14,0.7226076,0.0,0.2860756,0.38751442281478393,0.3021126781613739,0.0056068315,0.8745342,0.3086776141105401,0.8334945681236134
Monocyte non-classical,B naive,TNFSF13B,TNFRSF13C,0.66978955,0.0,0.43188134,1.04885583674573,1.3016152161233485,0.10580279,0.8954448,0.006464534809513639,0.8334945681236134
CD8 T cytotoxic,CD4 T naive,MIF,TNFRSF14,0.38028586,0.949,0.124006346,-0.016090382076203436,-0.006952293637730866,0.0024304162,0.82108223,1.0,0.8337734180357973
B naive,Dendritic cell,FAM3C,LAMP1,0.19603202,0.222,0.03777638,0.09350405574484559,0.032626149054743286,0.0032143355,0.71694803,1.0,0.833797706243076
Monocyte classical,Erythroid early,LGALS9,CD47,0.66957635,0.0,0.36085096,0.5940908425039733,0.5525292468663777,0.0071503855,0.88672966,0.155896940177396,0.8346507069538345
Monocyte non-classical,Dendritic cell,PTPRC,CD22,0.5701683,0.002,0.108731456,0.07539431055582425,-0.054903129711436266,0.0057647405,0.81122214,1.0,0.8348602096068722
Granulocyte precursor,NK,TNFSF13B,HLA-DPB1,0.56308407,0.089,0.28551894,0.30532274129016745,-0.18519822945760334,0.0034522316,0.8744273,1.0,0.8348602096068722
Monocyte non-classical,CD8 T memory,TNFSF13B,HLA-DPB1,0.66899097,0.0,0.4310182,0.2876909365013759,0.009794741055287548,0.005211474,0.8953511,0.7179551889427539,0.8358072868617832
Pre-B large,Dendritic cell,GRN,TNFRSF1A,0.19445507,0.052,0.037795562,0.16107513737923324,-0.14419775372957394,0.0036652333,0.7169994,1.0,0.8358496928973985
Pre-B large,T proliferating,FAM3C,LAMP1,0.37997234,0.0,0.13606003,0.4196065428932718,0.1857065649161159,0.011577143,0.82779485,0.2474594419149567,0.8370361670024117
NK,HSPC,ITGAL_ITGB2,ICAM3,0.59270406,0.0,0.28617975,0.46428010160329036,0.44528112200470604,0.01556752,0.8745542,0.05789331968041655,0.8370361670024117
Plasmacytoid DC,HSPC,LGALS9,CD47,0.38909853,0.0,0.108481735,0.15179254826326613,-0.012895624161699037,0.0021496026,0.81104606,1.0,0.8370361670024117
Plasmacytoid DC,NK,FAM3C,CLEC2D,0.22017726,0.998,0.037907872,-0.01946791198316357,-0.0782433721435464,0.0033667507,0.7173005,1.0,0.8379003832802548
Monocyte classical,CD8 T cytotoxic,MIF,CD74,0.6681459,1.0,0.39140207,-0.3081812554775561,-1.2727699831993036,0.00077134086,0.89074737,1.0,0.8381218883930113
Pre-B large,CD4 T memory,MIF,TNFRSF14,0.63710105,0.0,0.28636172,0.3005461480401205,0.2935177994681066,0.0056124395,0.874589,0.3073521082877916,0.8381255621043711
Erythroid early,Monocyte non-classical,LGALS9,LRP1,0.3797106,0.0,0.12628958,0.736096509444071,0.43873504957964027,0.03887955,0.8224184,0.05789331968041655,0.8381255621043711
CD8 T memory,T proliferating,CCL4,CCR5,0.6415983,0.0,0.108383425,1.1240183367777536,1.4493163144607195,0.12349365,0.8109765,0.003452777347637476,0.8392159020218357
Monocyte non-classical,Granulocyte precursor,LGALS9,CD44,0.6680167,0.0,0.4423254,0.4068793796317695,0.3459449558651164,0.0067975046,0.8965581,0.17850761905716006,0.8392797866658197
Erythroid early,Monocyte classical,FAM3C,LAMP1,0.21106088,0.0,0.037972074,0.06546636928257026,0.01705797936058137,0.0032309864,0.71747196,1.0,0.8399497239336037
CD4 T naive,Monocyte classical,HLA-F,LILRB2,0.37963122,0.0,0.14288652,0.4286765687896945,0.5318529984754062,0.01804545,0.83125615,0.0723086849430679,0.8403071871643406
Erythroid early,T proliferating,HLA-B,KIR3DL2,0.4277938,1.0,0.10835495,-0.6788179374329015,-1.488506955469638,0.0041727396,0.8109564,1.0,0.8403071871643406
Pre-B large,Platelet,LGALS9,CD47,0.5375408,0.0,0.28689426,0.45071988513058125,0.6928783688400851,0.0056849075,0.8746909,0.2943305798954437,0.8403071871643406
Granulocyte precursor,NK,HLA-E,KLRC1,0.66798174,1.0,0.44523957,0.5263862799315981,0.23374941833511154,0.0150274625,0.8968622,0.9894639234302645,0.841017454696636
Granulocyte precursor,NK,HLA-E,KLRC1_KLRD1,0.66798174,1.0,0.44523957,0.5263862799315981,0.23374941833511154,0.0150274625,0.8968622,0.9894639234302645,0.841017454696636
Erythroid early,CD8 T memory,GRN,TNFRSF1B,0.20148116,0.947,0.038024414,-0.009755638270644823,-0.22256302416481194,0.0016833162,0.7176115,1.0,0.841997823036283
Monocyte non-classical,Granulocyte precursor,ALOX5,ALOX5AP,0.391752,0.0,0.10820469,0.40600330563883225,0.3915127636118409,0.01966761,0.8108501,0.09218582582285878,0.8424925947626069
Pre-B large,CD8 T cytotoxic,MIF,TNFRSF14,0.6381111,0.0,0.28834713,0.3022488283818316,0.37748860931556605,0.0056513515,0.87496746,0.299488495855891,0.8424925947626069
Granulocyte precursor,T activated,APP,CD74,0.37912032,1.0,0.113334514,-0.19993457418915103,-1.4379041839851368,0.0007930814,0.8143765,1.0,0.8424925947626069
T proliferating,B naive,MIF,TNFRSF14,0.6673647,0.0,0.29165128,0.3321548610890962,0.23079223206695898,0.005716111,0.8755894,0.2898723124431486,0.8427562269584352
Pre-B small,B naive,LGALS9,CD47,0.37883982,0.0,0.14315131,0.20492882270864274,0.3882542068079262,0.0028365923,0.8313859,1.0,0.8435867180374372
Plasmacytoid DC,HSPC,GRN,TNFRSF1A,0.66712445,0.0,0.293782,0.9417048265084682,0.7771912903227923,0.028489577,0.8759853,0.03339799259611905,0.8439158715680422
T proliferating,Monocyte classical,FAM3C,LAMP1,0.21129096,0.162,0.03810651,0.06608615501976742,0.04905607547843305,0.0032424256,0.71783,1.0,0.8440446270961858
CD8 T cytotoxic,T activated,MIF,CD74,0.5386604,1.0,0.2899357,-0.35430772493325835,-1.5398357988191005,0.00057137985,0.8752677,1.0,0.8446817881754451
CD4 T naive,Dendritic cell,PTPRC,CD22,0.56686133,0.0,0.10803684,0.07225664273198995,-0.018103139185636413,0.0057279128,0.81073093,1.0,0.8446817881754451
T activated,CD8 T memory,MIF,TNFRSF14,0.37851343,0.807,0.11656909,-0.02365862316236566,-0.05150326223810364,0.0022846523,0.8164941,1.0,0.8446817881754451
Granulocyte precursor,T proliferating,LGALS9,CD44,0.66690224,0.006,0.32572913,0.26964095425195156,0.09680177076363827,0.0050056935,0.88148445,1.0,0.845075950702655
Dendritic cell,NK,MIF,TNFRSF14,0.6319604,0.0,0.29051015,0.29718499104429885,0.27933506716294315,0.005693745,0.8753757,0.2924136435502516,0.8457778055861644
Plasmacytoid DC,CD8 T memory,FAM3C,LAMP1,0.221408,0.003,0.03819676,0.0745786328871827,0.09369416479126422,0.003250105,0.71806955,1.0,0.8460901365228781
B naive,CD8 T cytotoxic,MIF,CD74,0.6666939,1.0,0.38878077,-0.3098930040490896,-1.3009130881632784,0.000766175,0.89041996,1.0,0.8462364635432049
Pre-B small,Granulocyte precursor,LGALS9,CD44,0.5643321,0.0,0.29081464,0.20098655643829083,0.28055647345912194,0.0044691395,0.87543285,0.5551829928598022,0.8468750015245592
Monocyte non-classical,HSPC,TNFSF13B,TFRC,0.37821838,0.0,0.1167401,0.45190649170707337,0.37835738284703513,0.010347354,0.81660384,0.058076135880275076,0.8468750015245592
T proliferating,CD4 T naive,CD70,CD27,0.37813967,0.0,0.11680667,1.1346717239310524,0.7265385904481012,0.12828836,0.8166465,0.04809427408456873,0.8479729149087785
CD4 T memory,Dendritic cell,MIF,TNFRSF14,0.43793193,0.003,0.10778183,0.02941880344736962,-0.1099830115739795,0.0021124296,0.81054956,1.0,0.8479729149087785
Dendritic cell,CD8 T cytotoxic,ALOX5,ALOX5AP,0.21662031,0.029,0.03823354,0.11401734809091338,-0.023015709452380212,0.0069494434,0.7181669,1.0,0.8481343517259267
Monocyte classical,CD8 T memory,LGALS9,CD47,0.37810278,0.0,0.14294323,0.1963963605983138,0.37919836145510033,0.002832469,0.831284,1.0,0.8490717767943985
CD4 T memory,Monocyte classical,SELL,SELPLG,0.38992688,0.0,0.10751035,0.09116662620982077,0.11983126370267302,0.0047947867,0.81035584,1.0,0.8501715875909541
B naive,T proliferating,CD72,SEMA4D,0.2048024,0.0,0.03828786,0.3380491122742064,0.3224895976090072,0.011969547,0.71831065,0.1715676970025987,0.8501772194174609
Plasmacytoid DC,T activated,COPA,CD74,0.37760073,1.0,0.111652404,-0.23625845091094866,-1.454455969022985,0.0010761984,0.8132436,1.0,0.8512723477079791
HSPC,CD4 T memory,GRN,TNFRSF1B,0.19882607,0.948,0.038388796,-0.029536358092394317,-0.2993418409175019,0.0016994473,0.71857685,1.0,0.852218847435924
T proliferating,NK,LGALS9,CD47,0.37759227,0.012,0.11178182,0.14236035176919642,0.19426288708873082,0.0022149952,0.81333154,1.0,0.8523740575550083
Monocyte non-classical,CD8 T cytotoxic,CLEC2B,KLRF1,0.5821119,0.0,0.2919641,0.4428745298439579,0.5905418177249763,0.012899735,0.8756478,0.06286347720533965,0.852925268755254
CD8 T cytotoxic,Monocyte non-classical,KLRF1,CLEC2B,0.5821119,0.0,0.2919641,0.4428745298439579,0.5905418177249763,0.012899735,0.8756478,0.06286347720533965,0.852925268755254
Plasmacytoid DC,Pre-B large,PTPRC,CD22,0.3773909,1.0,0.13492672,0.04763267184492925,-0.39654641671306046,0.007153564,0.82719785,1.0,0.8534767175415758
Plasmacytoid DC,Erythroid early,FAM3C,HLA-C,0.5146126,1.0,0.10702127,-0.5611211404919543,-1.3235753948719307,0.0013180092,0.81000525,1.0,0.8534767175415758
NK,Erythroid early,MIF,TNFRSF14,0.3294876,1.0,0.03843387,-0.11958012029630623,-0.21019977391402517,0.0007532703,0.7186955,1.0,0.8542591824594328
Monocyte non-classical,Pre-B large,PTPRC,CD22,0.66305935,0.0,0.3010742,0.31864767596344584,0.14102561036896755,0.015962396,0.877311,0.34467113131666116,0.8543723731831859
Erythroid late,NK,LGALS9,CD47,0.37735313,0.0,0.11151729,0.1418854656752205,0.3450060363428547,0.0022097533,0.81315166,1.0,0.8545803280772164
HSPC,CD8 T memory,CLEC2D,KLRB1,0.61744165,0.0,0.10691726,0.11815890738935853,0.2880623288558286,0.0022929208,0.80993044,1.0,0.8545803280772164
T activated,CD8 T cytotoxic,CLEC2D,KLRB1,0.586868,0.0,0.29199395,0.13382092932311548,0.17238175599790873,0.006262029,0.8756533,0.8642429587572495,0.8545803280772164
Erythroid early,Monocyte non-classical,MIF,TNFRSF14,0.60499436,0.0,0.29216987,0.27330494799286875,0.17277226578970334,0.005726274,0.8756861,0.3235428704857232,0.8556848895714639
Erythroid early,Dendritic cell,SPN,ICAM1,0.47023025,0.0,0.10679687,0.8321345267136863,0.43545543994714525,0.031667896,0.80984366,0.05789331968041655,0.8556848895714639
CD8 T memory,Pre-B large,MIF,TNFRSF14,0.37720442,0.846,0.112123966,-0.02813151332269337,-0.0876084281019559,0.0021975318,0.81356347,1.0,0.8556848895714639
HSPC,Pre-B small,FAM3C,LAMP1,0.2044302,0.051,0.03844542,0.06442875169459651,0.02058671017924682,0.0032712629,0.7187258,1.0,0.8562982248975539
CD4 T memory,CD4 T naive,MIF,CD74,0.5648241,1.0,0.2924769,-0.2772167498701045,-1.826834314876285,0.00057638774,0.87574327,1.0,0.8567904024338527
Pre-B large,NK,FAM3C,LAMP1,0.37699282,0.0,0.13433927,0.41493722732378246,0.435321682330962,0.011430727,0.82688576,0.08142803516965506,0.8578970999179993
Dendritic cell,CD4 T memory,ITGAL_ITGB2,ICAM3,0.46621227,0.0,0.106588684,0.1916894677494553,0.11658347744043934,0.0057981787,0.80969346,0.5986754594946452,0.8578970999179993
T proliferating,CD4 T naive,TNF,VSIR,0.22551668,0.435,0.038579628,0.13082002982407112,-0.11954821638039831,0.007610107,0.71907794,1.0,0.8583359751598536
Monocyte non-classical,B naive,HBEGF,CD44,0.376803,1.0,0.11405884,0.20454232913224096,0.053710405544128814,0.009923183,0.81485754,1.0,0.8590045169456091
Pre-B large,HSPC,LGALS9,CD47,0.5442296,0.0,0.2934787,0.45984624825181775,0.22432569279136227,0.0058153807,0.8759292,0.27864071397763124,0.8590045169456091
B naive,Dendritic cell,LGALS9,CD47,0.38919666,0.0,0.10649925,0.15043120416855377,0.03813012653118725,0.0021103192,0.80962867,1.0,0.8601128865700496
T proliferating,B naive,SIRPG,CD47,0.37653774,0.0,0.14149545,0.6163571724040476,0.3348142288658977,0.01786133,0.8305689,0.07186268050601556,0.8601128865700496
Plasmacytoid DC,Erythroid early,MIF,TNFRSF14,0.33082563,0.996,0.03860693,-0.11800277944697957,-0.3774369816720992,0.0007566622,0.7191495,1.0,0.8603723801283631
Dendritic cell,T activated,CD58,CD2,0.3765034,0.0,0.11187791,0.3062988160277844,0.22164972257656665,0.0089478865,0.81339675,0.22994729784376738,0.8612222092008551
Dendritic cell,Pre-B large,PTPRC,CD22,0.65160584,0.0,0.29441273,0.30778150365425216,-0.06114624348592146,0.015609216,0.87610173,0.9834650486978456,0.8612222092008551
Dendritic cell,Dendritic cell,PTPRC,CD22,0.5587148,0.031,0.1063257,0.0645281382466306,-0.2570749835663253,0.0056371912,0.80950296,1.0,0.8612222092008551
Platelet,Pre-B small,MIF,TNFRSF14,0.3763497,0.661,0.14129591,0.009956226535725421,0.1678131320435135,0.0027692763,0.8304695,1.0,0.8623324852475602
Pre-B small,CD8 T cytotoxic,LGALS9,CD44,0.5693321,0.0,0.29479495,0.20611492481988988,0.3751655421358946,0.004530307,0.8761721,0.5398790763144231,0.8623324852475602
T proliferating,Monocyte non-classical,FASLG,TNFRSF1A,0.19998842,0.0,0.038691,0.856442700396689,0.43696255682436425,0.07655947,0.71936905,0.05789331968041655,0.8624075473016689
Granulocyte precursor,T proliferating,GRN,TNFRSF1B,0.6560489,0.0,0.29509664,0.6734676750725668,0.6430941468995575,0.013063737,0.8762276,0.05789331968041655,0.863443715119699
T proliferating,CD4 T memory,CD70,CD27,0.3763236,0.0,0.11602094,1.1317308621227469,0.559114022337461,0.1274254,0.81614065,0.05789331968041655,0.863443715119699
Dendritic cell,Dendritic cell,LGALS9,CD47,0.6603138,0.0,0.43252805,0.6888056463658442,0.3872162931520454,0.008570692,0.89551485,0.09165064101949105,0.86369601215461
Plasmacytoid DC,Dendritic cell,TNFSF13B,TFRC,0.20140558,0.002,0.038737185,0.11639403107108381,-0.012817192961424612,0.0034335018,0.71948946,1.0,0.8644414235278426
Plasmacytoid DC,Platelet,LGALS9,CD47,0.38240972,0.007,0.106047854,0.14266618514202964,0.4556570518870238,0.0021013746,0.8093012,1.0,0.8645558992268061
Granulocyte precursor,Monocyte classical,SELL,SELPLG,0.38551557,0.01,0.10593199,0.08633257516548254,0.06762148389788045,0.0047243945,0.80921686,1.0,0.8656690379784155
Monocyte non-classical,CD8 T memory,MIF,TNFRSF14,0.3762047,0.911,0.115575865,-0.02638073406669092,-0.0452916972912788,0.002265186,0.8158521,1.0,0.8656690379784155
T proliferating,Dendritic cell,SPN,ICAM1,0.2128002,0.012,0.038774375,0.35184719430248584,0.06984602137218654,0.011497554,0.71958625,1.0,0.8664740092164513
Dendritic cell,Plasmacytoid DC,TNFSF13B,TNFRSF17,0.40292704,0.0,0.10568172,1.2413336260425376,0.562673970699838,0.10575451,0.8090341,0.04753296299554058,0.8667831317840617
Granulocyte precursor,CD8 T memory,LGALS9,CD44,0.6201364,0.0,0.29562163,0.22167469463195627,0.3031233102913491,0.0045430115,0.876324,0.49680901412363115,0.8667831317840617
Dendritic cell,Pre-B small,MIF,TNFRSF14,0.6598651,0.0,0.34419346,0.3442273039705315,0.37008420679272974,0.006745891,0.88433444,0.18250266139180363,0.8671994161892125
B naive,HSPC,LGALS9,CD47,0.38669208,0.0,0.105612,0.14701386326394436,0.028526524373164885,0.0020927382,0.8089832,1.0,0.8678981810532795
Pre-B large,Dendritic cell,LGALS9,CD47,0.5467342,0.0,0.2959442,0.4632635891564271,0.23392929494938464,0.005864236,0.87638307,0.2719396313438483,0.8678981810532795
CD4 T naive,Pre-B large,PTPRC,CD22,0.65975237,0.0,0.29915082,0.31551000813961155,0.1778256008947674,0.015860422,0.87696564,0.26654744021341553,0.8683680139952458
Pre-B small,Dendritic cell,HLA-F,LILRB2,0.20532921,0.888,0.038821768,0.041667783709012085,-0.042427256297976584,0.0049028858,0.71970946,1.0,0.8685053047770616
Pre-B small,HSPC,LGALS9,CD44,0.57100976,0.0,0.29613042,0.20783533605152146,0.13562152012291895,0.004550831,0.87641716,0.5298537393522226,0.8690144210469524
Erythroid late,Pre-B large,MIF,TNFRSF14,0.3753188,0.804,0.11135637,-0.030354785376935152,0.02374034326705088,0.0021824876,0.813042,1.0,0.8690144210469524
CD8 T memory,Dendritic cell,ANXA1,FPR1,0.5096799,0.0,0.10551931,0.15543429269012213,0.18771735614835403,0.008818334,0.8089153,0.7523117635979167,0.8690144210469524
Platelet,Monocyte classical,CD99,PILRA,0.6595186,0.0,0.30846718,0.5446337688218017,1.103464040531966,0.014062162,0.87861055,0.05789331968041655,0.869537029125497
Monocyte non-classical,CD4 T memory,TNFSF13B,HLA-DPB1,0.37527883,1.0,0.11356295,0.05550936599676509,-0.6836668186394746,0.0013730983,0.81452864,1.0,0.8701313826731121
HSPC,Granulocyte precursor,TNFSF13B,HLA-DPB1,0.5947227,0.004,0.29614368,0.13505751434791582,-0.3927396588796287,0.0035806957,0.87641954,1.0,0.8701313826731121
Granulocyte precursor,T proliferating,LGALS9,SLC1A5,0.22142558,0.0,0.038935035,0.38639172267942334,0.23024466282857103,0.0060634315,0.72000325,0.24858617631233185,0.8705352572613362
Dendritic cell,Platelet,MIF,CD74,0.63491577,1.0,0.29619575,-0.16591334022817428,-1.399743003370944,0.0005837166,0.8764291,1.0,0.8712493009915322
CD8 T cytotoxic,Plasmacytoid DC,KLRF1,CLEC2B,0.37515694,0.0,0.14065082,0.17535648487215388,0.15680750745039268,0.0062143197,0.8301472,0.6603852246926025,0.8718086190383193
Plasmacytoid DC,CD8 T cytotoxic,CLEC2B,KLRF1,0.37515694,0.0,0.14065082,0.17535648487215388,0.15680750745039268,0.0062143197,0.8301472,0.6603852246926025,0.8718086190383193
Pre-B small,CD8 T memory,LGALS9,CD44,0.65820384,0.0,0.3655423,0.2972677240882262,0.5488492569811204,0.0056175278,0.8873767,0.3060308759885623,0.8718764311424234
Dendritic cell,Plasmacytoid DC,LGALS9,SLC1A5,0.43276474,0.0,0.10514948,0.8472779568268062,0.5524655125754083,0.016375141,0.8086438,0.05789331968041655,0.8723681764117472
Pre-B large,Plasmacytoid DC,MDK,SORL1,0.19772908,0.0,0.03903909,0.5044275392548616,0.2048196014562623,0.013176345,0.72027224,0.21438979130607466,0.8725639738285436
Pre-B large,Monocyte non-classical,MIF,TNFRSF14,0.65804243,0.0,0.32752573,0.3358496297236662,0.3321670764825549,0.0064192186,0.8817715,0.21137557046952857,0.873046693374506
Pre-B large,CD4 T memory,CD72,SEMA4D,0.4161389,0.0,0.10496737,0.9708310962490159,0.5770829718446819,0.03281489,0.80850965,0.05789331968041655,0.8734880093432913
Monocyte non-classical,Pre-B small,LGALS9,CD47,0.54762423,0.0,0.2965543,0.4996457690009731,0.6551322250756837,0.005876325,0.8764946,0.270133229855191,0.8734880093432913
T activated,CD8 T cytotoxic,LCK,CD8A_CD8B,0.37479427,0.001,0.105236515,0.11869154115286487,0.11061666333770515,0.00643468,0.80870783,0.9572610593235005,0.8734880093432913
Plasmacytoid DC,CD4 T memory,MIF,CD74,0.65786517,1.0,0.42907968,-0.26418394590039956,-1.5089491838655236,0.0008455926,0.89513975,1.0,0.8742173696544454
HSPC,Platelet,FAM3C,LAMP1,0.20674214,0.263,0.0391232,0.06805185284568764,0.14798799851504638,0.003328934,0.72048897,1.0,0.8745914014964414
Pre-B large,NK,MIF,TNFRSF14,0.64242804,0.0,0.29683292,0.30952664947618125,0.41470649607983484,0.005817666,0.8765454,0.27802646077714194,0.8746088001956993
Dendritic cell,HSPC,LGALS9,CD47,0.6578092,0.0,0.42892465,0.6853883054612347,0.37761269099402306,0.008499289,0.8951228,0.09380545022216853,0.8753884591631729
B naive,Erythroid early,FAM3C,LAMP1,0.37471986,0.0,0.11695999,0.37352872345319366,0.2701846453362796,0.00995195,0.81674474,0.12474351058909397,0.8757305493785048
HSPC,Monocyte classical,HLA-F,LILRB2,0.22909838,0.257,0.03916576,0.22681415063187094,0.0595875119738597,0.0049463296,0.72059846,1.0,0.8766175406745969
Monocyte non-classical,T activated,MIF,CD74,0.5453886,1.0,0.29738343,-0.3463751622853079,-1.586061053977581,0.00058605714,0.8766456,1.0,0.8768532573012429
Dendritic cell,Dendritic cell,ITGAL_ITGB2,ICAM3,0.4595388,0.0,0.104808226,0.18375023488929795,-0.042439668357001914,0.005701326,0.8083922,0.9126422267702164,0.8768532573012429
Monocyte classical,Erythroid early,MIF,CD74,0.37445605,1.0,0.1367206,-0.47525818492071437,-2.0243751381622475,0.00026943695,0.8281398,1.0,0.8768532573012429
NK,CD8 T cytotoxic,LCK,CD8A_CD8B,0.65778273,0.0,0.42359972,0.4809559687621875,0.8113857834475974,0.02590098,0.894535,0.05789331968041655,0.8777319978678573
Dendritic cell,Plasmacytoid DC,TNFSF13B,TFRC,0.40216148,0.0,0.1047003,0.47965554422878426,0.33335603308650097,0.009280196,0.80831236,0.07365916088350546,0.8779769243734479
Platelet,CD8 T cytotoxic,APP,CD74,0.6162845,1.0,0.29777122,0.05527191689261232,-0.5471700019380126,0.0020837148,0.8767161,1.0,0.8779769243734479
T proliferating,T activated,APP,CD74,0.31217226,1.0,0.03922707,-0.36676948638435225,-1.646862874068871,0.00027449944,0.7207559,1.0,0.8786423385501849
NK,CD4 T memory,MIF,CD74,0.65652716,1.0,0.42715627,-0.2657612867497262,-1.3417119761074496,0.000841802,0.89492875,1.0,0.878904322191696
Monocyte non-classical,Monocyte non-classical,LGALS9,CD47,0.5489847,0.0,0.29820156,0.5015019173974312,0.5123003846403604,0.005908966,0.8767941,0.26654744021341553,0.8791015510046535
Erythroid early,CD8 T cytotoxic,CD58,CD2,0.58297163,0.0,0.29910788,0.7281340712270101,0.6420017895731779,0.02392236,0.8769579,0.05789331968041655,0.8802273744716268
Monocyte classical,B naive,HBEGF,CD44,0.37368536,1.0,0.11066744,0.19270709540368391,0.10998997394835952,0.00962813,0.8125698,1.0,0.8802273744716268
Monocyte non-classical,HSPC,LILRB4,LAIR1,0.20310652,0.0,0.03923262,0.5234510031270856,0.322336470136932,0.01221836,0.72077006,0.08094044351467075,0.8806659020114063
Monocyte classical,Platelet,THBS1,ITGA2B_ITGB3,0.37342337,0.0,0.1380946,4.092893741966255,1.379136836447184,0.36567593,0.82885015,0.0003757198425638872,0.8813539216514956
Erythroid early,Platelet,LGALS9,CD47,0.5481744,0.0,0.29929054,0.4718359882995854,0.6118655947001941,0.0059305443,0.87699085,0.26417682733351844,0.8824814296190547
Pre-B large,T activated,APP,CD74,0.37302446,1.0,0.106586754,-0.21512561990431472,-1.50790641218026,0.00074586255,0.809692,1.0,0.8824814296190547
Pre-B large,CD8 T cytotoxic,LCK,CD8A_CD8B,0.31614828,0.435,0.039259497,0.04361651350146381,-0.08697427631936516,0.0024005196,0.720839,1.0,0.8826881782115743
T proliferating,CD8 T cytotoxic,CLEC2B,KLRF1,0.6562495,0.0,0.3461692,0.5387076402742063,0.5787703806363306,0.015294657,0.88462687,0.05789331968041655,0.8830106803253552
CD8 T cytotoxic,T proliferating,KLRF1,CLEC2B,0.6562495,0.0,0.3461692,0.5387076402742063,0.5787703806363306,0.015294657,0.88462687,0.05789331968041655,0.8830106803253552
HSPC,CD8 T memory,CD58,CD2,0.41452354,0.0,0.104252316,0.3126121644588662,0.3847847368619913,0.008337999,0.80798,0.21489527836367237,0.8836098987838383
Pre-B small,CD4 T naive,LGALS9,CD44,0.5750572,0.0,0.29935244,0.2119870149212274,0.31958024374130733,0.004600345,0.877002,0.518008385286588,0.8836098987838383
T proliferating,B naive,LGALS9,CD44,0.37300527,1.0,0.10992767,-0.08930296081207817,-0.30018378879303376,0.0016893307,0.81205857,1.0,0.8836098987838383
B naive,Monocyte classical,LGALS9,LRP1,0.20003155,0.0,0.03948787,0.35789730870576625,0.39263725571604907,0.012156749,0.72142226,0.1454333180948231,0.8847091675602554
B naive,Erythroid early,MIF,CD74,0.37300414,1.0,0.13580495,-0.4769699334922478,-2.0525182431262223,0.00026763245,0.827661,1.0,0.8847393295553814
T activated,T activated,MIF,CD74,0.5476973,1.0,0.29993904,-0.3436530513809826,-1.5922726189244059,0.00059109356,0.87710756,1.0,0.8858697223432176
Monocyte classical,Plasmacytoid DC,SELL,SELPLG,0.65600264,0.0,0.4091027,0.593815129822022,0.6990983251782821,0.018245313,0.89288104,0.05789331968041655,0.8859469720457425
Dendritic cell,T proliferating,CLEC2B,KLRF1,0.37293234,0.026,0.111113295,0.14044887807532314,-0.021030503372057807,0.004909275,0.8128758,1.0,0.886435279621225
T proliferating,Dendritic cell,KLRF1,CLEC2B,0.37293234,0.026,0.111113295,0.14044887807532314,-0.021030503372057807,0.004909275,0.8128758,1.0,0.886435279621225
Dendritic cell,Pre-B small,FAM3C,CLEC2D,0.2565175,0.448,0.039634768,0.009527454441664364,0.004411053354601499,0.0035201232,0.72179514,1.0,0.8867288704670164
Monocyte non-classical,Granulocyte precursor,TNFSF13B,TFRC,0.3728796,0.0,0.11096974,0.4391583758723098,0.4583763017434215,0.009835893,0.81277746,0.06541702317611904,0.8881333956059072
Dendritic cell,Erythroid early,LGALS9,CD44,0.5688679,0.0,0.30096337,0.35989140394873903,-0.2331726828688322,0.0046251016,0.87729114,1.0,0.8881333956059072
Plasmacytoid DC,T proliferating,TGFB1,TGFBR3,0.20281208,0.035,0.039738175,0.22901769152498838,0.01427542522143127,0.008385573,0.72205675,1.0,0.8887472342881808
Erythroid late,B naive,LGALS9,CD44,0.37276614,1.0,0.109667525,-0.08977784690605407,-0.1494406395389099,0.0016853329,0.81187767,1.0,0.8904009218481828
Pre-B large,CD8 T cytotoxic,CD58,CD2,0.45846215,0.0,0.10366959,0.34980450416631226,0.45866109199564586,0.0082913935,0.8075447,0.155896940177396,0.8904009218481828
Dendritic cell,Erythroid late,FAM3C,HLA-C,0.25723812,1.0,0.039771337,-0.7989233076692785,-1.4249866618635276,0.0004897997,0.72214043,1.0,0.8907643655735992
T activated,Pre-B large,MIF,TNFRSF14,0.37273267,0.82,0.1103036,-0.03340390282757136,-0.16594736655264164,0.0021618544,0.81231886,1.0,0.8915363697522312
Granulocyte precursor,Plasmacytoid DC,SELL,SELPLG,0.551203,0.0,0.30214962,0.4789770485596009,0.34623593872708774,0.013475382,0.87750274,0.06397764667609761,0.8915363697522312
Dendritic cell,CD4 T memory,LGALS9,CD47,0.5698514,0.0,0.30237827,0.5653763367609186,0.3758374843358764,0.0059917294,0.8775434,0.25427767283826924,0.8926725434409682
T activated,CD4 T naive,LCK,CD8A_CD8B,0.19995464,1.0,0.039816268,-0.12044463874052956,-0.3582864398375522,0.0021797682,0.7222536,1.0,0.8927802116457868
Granulocyte precursor,Pre-B large,PTPRC,CD22,0.37193424,1.0,0.13175307,0.04245600586619,-0.36060636820295067,0.0069853035,0.82549,1.0,0.8938096820128254
Pre-B large,Platelet,MIF,CD74,0.6453835,1.0,0.3026423,-0.1535716817962919,-1.2643715744540522,0.00059642084,0.8775903,1.0,0.8938096820128254
Erythroid early,CD8 T cytotoxic,GRN,TNFRSF1B,0.20742333,0.824,0.039816376,0.0012482796103123611,-0.1986580378750747,0.0017626452,0.722254,1.0,0.8947947729143104
Erythroid late,T activated,MIF,CD74,0.55028343,1.0,0.30280173,-0.34060393393034644,-1.4025849091047133,0.0005967351,0.87761855,1.0,0.8949477858773376
B naive,Platelet,LGALS9,CD47,0.38000327,0.007,0.10324251,0.13788750014270787,0.49707920042188775,0.0020457858,0.8072238,1.0,0.8949477858773376
CD4 T naive,T activated,MIF,TNFRSF14,0.37124103,0.98,0.121780075,-0.02475991959979276,-0.11205972232620814,0.002386783,0.8197477,1.0,0.896086855444038
Dendritic cell,Erythroid early,MIF,CD74,0.63861424,1.0,0.30331084,-0.16380935126898066,-1.806647012442944,0.00059773837,0.8777088,1.0,0.896086855444038
B naive,Monocyte classical,LGALS9,CD47,0.20111221,1.0,0.03987069,-0.10619641034260441,-0.15900359317328944,0.0007900515,0.72239065,1.0,0.8968080497887361
T activated,T activated,COPA,CD74,0.37120563,1.0,0.10457343,-0.2511962735340999,-1.4506131554122146,0.0010079654,0.8082184,1.0,0.8972268911224619
Dendritic cell,Platelet,LGALS9,CD47,0.6511204,0.0,0.41930136,0.6762619423399983,0.8461653670427459,0.0083086,0.8940529,0.10021247518487306,0.8977170799338893
HSPC,CD8 T cytotoxic,TNFSF13B,HLA-DPB1,0.6053081,0.0,0.3036556,0.14342528574691038,-0.30016838308730887,0.0036715227,0.8777697,1.0,0.8983678933221435
Plasmacytoid DC,Plasmacytoid DC,TNFSF13B,TFRC,0.20374689,0.001,0.03988044,0.12198463594510581,0.06511631281271527,0.003534835,0.7224152,0.9572610593235005,0.8988199897942665
NK,T proliferating,SELL,SELPLG,0.37117934,0.248,0.13534965,0.1617407583533445,0.09012847819132364,0.006036374,0.8274214,1.0,0.8995098624526163
Granulocyte precursor,CD4 T memory,LGALS9,CD47,0.3711201,0.0,0.1353071,0.17074320999891313,0.13880218486675466,0.0026811566,0.8273989,1.0,0.9006527989234158
Erythroid early,Monocyte non-classical,FAM3C,LAMP1,0.21842527,0.0,0.039886475,0.0770073197530686,-0.02894691558364218,0.0033938799,0.72243035,1.0,0.9008306991429409
B naive,CD8 T cytotoxic,CLEC2D,KLRB1,0.6501946,0.0,0.39532045,0.21283213242541282,0.40090219594759835,0.008477943,0.8912311,0.5131318987548541,0.9024363059783771
T proliferating,NK,TNF,VSIR,0.23141906,0.321,0.03993375,0.1381887660003302,-0.003824401435541358,0.007877218,0.7225491,1.0,0.9028401253262075
Monocyte classical,Platelet,MIF,CD74,0.3707576,1.0,0.13351339,-0.477362173879908,-1.6174711290902475,0.0002631165,0.826444,1.0,0.902941816448973
Erythroid early,CD4 T memory,CD58,CD2,0.65014994,0.0,0.3503126,0.814991110943579,0.6381897772199522,0.02801766,0.8852326,0.05789331968041655,0.9036170674641514
CD4 T memory,Granulocyte precursor,SELL,SELPLG,0.38551491,0.0,0.102207564,0.08071118178766401,0.030073992248150744,0.004558291,0.8064386,1.0,0.904087657601738
Monocyte non-classical,Pre-B large,MIF,TNFRSF14,0.37042394,0.889,0.109363765,-0.03612601373189662,-0.1597358016058168,0.0021434342,0.8116657,1.0,0.904087657601738
Pre-B large,Erythroid early,MIF,CD74,0.6490819,1.0,0.30991223,-0.1514676928370983,-1.6712755835260522,0.0006107478,0.8788596,1.0,0.9047982217015644
T proliferating,Platelet,TNF,VSIR,0.23160249,0.432,0.039975833,0.1384178182526136,0.1279220588983208,0.0078855185,0.72265464,1.0,0.9048482687536323
CD8 T memory,T activated,MIF,CD74,0.5521691,1.0,0.304889,-0.3383806618761046,-1.5139336804737202,0.00060084846,0.877987,1.0,0.905234467733053
Platelet,CD8 T cytotoxic,MIF,CD74,0.6487887,1.0,0.3564545,-0.33100349926062844,-1.2573129322292163,0.0007024692,0.8861126,1.0,0.905979767871548
HSPC,NK,TNFSF13B,HLA-DPB1,0.37014985,1.0,0.13677602,-0.042468934672239195,-0.6996347122148469,0.0016537694,0.82816863,1.0,0.9063822472524525
T proliferating,Monocyte non-classical,FAM3C,LAMP1,0.21865535,0.116,0.040027685,0.07762710549026576,0.0030511805342094966,0.0034058958,0.7227846,1.0,0.906855129834782
T proliferating,T proliferating,CLEC2D,KLRB1,0.64834124,0.019,0.40892082,0.2558925932316103,-0.2741764836449827,0.008769614,0.89285976,1.0,0.9071617051550331
Granulocyte precursor,Erythroid early,LGALS9,CD44,0.37013668,1.0,0.13467397,-0.03474172281326643,-0.4702079823379539,0.0020696232,0.8270638,1.0,0.9075309965694701
Erythroid early,HSPC,LGALS9,CD47,0.5548632,0.0,0.3061595,0.4809623514208219,0.14331291865147122,0.0060666553,0.87820953,0.3396512974678019,0.9075309965694701
Pre-B large,T activated,COPA,CD74,0.36971456,1.0,0.10292291,-0.2546792327430853,-1.5386304575933312,0.0009920563,0.80698246,1.0,0.9086807160936411
Erythroid early,Dendritic cell,GRN,TNFRSF1B,0.20840132,0.725,0.040111303,0.0030592570607137076,-0.37301140212892137,0.0017757013,0.72299355,1.0,0.9088606562634682
CD8 T cytotoxic,CD8 T memory,MIF,TNFRSF14,0.3694765,0.994,0.11268137,-0.034313296714641395,0.0009335578672018396,0.0022084564,0.8139393,1.0,0.9098314062344994
CD8 T memory,Monocyte classical,ANXA1,FPR1,0.6477587,0.0,0.35473287,0.5682640481349479,0.7728598694722716,0.029645314,0.8858681,0.05789331968041655,0.9107099799488807
Dendritic cell,HSPC,FAM3C,LAMP1,0.2591979,0.0,0.04014274,0.12106521440216766,-0.08699281298284213,0.0034156854,0.723072,1.0,0.910864953914458
CD4 T memory,Plasmacytoid DC,SELL,SELPLG,0.55561435,0.0,0.3066516,0.4838110996039391,0.3984457185318803,0.013676162,0.8782954,0.05789331968041655,0.9109830674015789
Dendritic cell,Monocyte non-classical,MIF,TNFRSF14,0.6475747,0.0,0.32054916,0.3235079712917839,0.1967956475656632,0.006282484,0.88064456,0.2278255376478844,0.9118934735364326
Dendritic cell,Dendritic cell,TNFSF13B,TFRC,0.3998202,0.0,0.10169885,0.47406493935476224,0.25542252731236104,0.00901416,0.806049,0.1420654329092139,0.9121357000044148
B naive,Platelet,MIF,CD74,0.36930567,1.0,0.13261923,-0.4790739224514414,-1.6456142340542224,0.00026135432,0.8259615,1.0,0.9121357000044148
Dendritic cell,Dendritic cell,CD58,CD2,0.2005334,0.918,0.040203907,0.07878255389956657,-0.28414614990567266,0.0032154694,0.7232244,1.0,0.9128679704478619
Erythroid early,Monocyte classical,LGALS9,CD47,0.36928335,0.0,0.11558147,0.22775207781427315,-0.0442171988949831,0.0022902866,0.81585574,1.0,0.913289304452541
HSPC,T activated,LGALS9,CD47,0.36921644,0.0,0.13349593,0.19935860146725567,0.020421575523583313,0.0026452676,0.8264346,1.0,0.9144441241220613
Plasmacytoid DC,Plasmacytoid DC,TNFSF13B,TNFRSF17,0.20451245,0.0,0.04025426,0.8836627177588592,0.2944342504260523,0.04028199,0.72334963,0.10021247518487306,0.9148697062732474
Pre-B large,Monocyte non-classical,LGALS9,LRP1,0.36907703,0.0,0.1210588,0.7149804062750669,0.5197478237195313,0.0372692,0.8193084,0.05789331968041655,0.9155996736940135
HSPC,Granulocyte precursor,LGALS9,CD44,0.57649964,0.0,0.30859455,0.2251484373588463,0.01712842500048256,0.004742375,0.8786326,0.6884162302358449,0.9155996736940135
Monocyte non-classical,T proliferating,ALOX5,ALOX5AP,0.3728422,0.003,0.10143512,0.38140133060687154,0.2312959932618041,0.018437153,0.8058459,1.0,0.9155996736940135
Granulocyte precursor,T activated,COPA,CD74,0.36885354,1.0,0.1019698,-0.25669044128062546,-1.468233723603598,0.0009828694,0.8062568,1.0,0.9167561963399458
Plasmacytoid DC,CD8 T memory,BAG6,NCR3,0.20235461,0.0,0.04034193,0.23982620394675813,0.3308451076309719,0.008958068,0.7235673,0.4159529671857789,0.9168701618001802
CD4 T naive,Plasmacytoid DC,SELL,SELPLG,0.6463624,0.0,0.39926437,0.5832517894472851,0.6127236115272845,0.01780654,0.89171135,0.05789331968041655,0.9178168550601621
Erythroid early,Dendritic cell,LGALS9,CD47,0.5573678,0.0,0.30873153,0.4843796923254313,0.15291652080949358,0.0061176214,0.87865627,0.30934197246947753,0.9179136924693916
Pre-B small,Erythroid early,LGALS9,SLC1A5,0.3687396,0.0,0.13511093,1.0360629858997603,0.6306706949319433,0.021041097,0.8272953,0.05789331968041655,0.9179136924693916
NK,T proliferating,HLA-F,KIR3DL2,0.4050581,0.0,0.10132654,0.5137814890430598,0.52693367796766,0.034513798,0.80576205,0.05789331968041655,0.9179136924693916
Monocyte non-classical,Erythroid early,CXCL8,ACKR1,0.3802971,0.0,0.04038052,0.9692157727083857,0.7724432805956554,0.17081141,0.7236629,0.034652765502968155,0.918869284890812
Monocyte classical,CD8 T cytotoxic,TGFB1,TGFBR3,0.3686838,0.0,0.112464376,0.5431978385118812,0.6929387316676746,0.023732297,0.8137933,0.05789331968041655,0.9190721624918858
Monocyte classical,CD8 T memory,LGALS9,CD44,0.64609027,0.0,0.34329262,0.27321277057900356,0.5078685905811119,0.0052756025,0.88420033,0.3519385911863956,0.9201889688407472
Plasmacytoid DC,Monocyte classical,LGALS9,LRP1,0.202438,0.0,0.04056085,0.362675993705088,0.35121510718118515,0.012487076,0.72410816,0.1369431912226268,0.920867181083176
Monocyte non-classical,T activated,CD58,CD2,0.36838546,0.0,0.10295869,0.2816321235434912,0.2863398383555357,0.008234536,0.8070095,0.2924136435502516,0.9213920258541575
Pre-B large,T proliferating,CLEC2D,KLRB1,0.55595636,0.077,0.30887705,0.1406258969863627,-0.3505721411376551,0.0066241,0.87868136,1.0,0.9213920258541575
Monocyte non-classical,Erythroid early,GRN,TNFRSF1B,0.42360425,0.0,0.10075123,0.30109085203047303,0.1890221290583406,0.004460192,0.8053161,0.5160536388416223,0.9213920258541575
B naive,CD4 T memory,MIF,CD74,0.57471734,1.0,0.30955482,-0.36221744874117145,-1.5700315148037118,0.0006100434,0.8787981,1.0,0.9225534200130032
Erythroid early,Monocyte classical,LGALS9,LRP1,0.3682027,0.0,0.114471704,0.6918457968626438,0.5074236499943554,0.0352413,0.8151299,0.05789331968041655,0.9225534200130032
Monocyte non-classical,Monocyte classical,ALOX5,ALOX5AP,0.3708297,0.0,0.10071466,0.3787828466358478,0.5139637905428627,0.018306198,0.80528766,0.12075470152586439,0.9225534200130032
Dendritic cell,Dendritic cell,HLA-F,LILRB2,0.21134716,0.689,0.040597674,0.04973787770494986,-0.24429185571943715,0.0051271687,0.7241988,1.0,0.922863798205777
HSPC,T activated,COPA,CD74,0.3680815,1.0,0.10111523,-0.2584937399863383,-1.5532674611014152,0.0009746324,0.8055986,1.0,0.9237157897030348
Granulocyte precursor,Granulocyte precursor,SELL,SELPLG,0.3811036,0.025,0.100707054,0.07587713074332578,-0.022135787556641834,0.00449137,0.8052817,1.0,0.9237157897030348
Pre-B small,T proliferating,HLA-F,KIR3DL2,0.20883748,0.251,0.040667865,0.2506516679050793,0.10546026400258213,0.013852269,0.7243714,1.0,0.9248591366681814
HSPC,Monocyte classical,TNFSF13B,HLA-DPB1,0.6143284,0.0,0.31005678,0.1505558396358039,-0.16854157372417988,0.0037489203,0.87888443,1.0,0.9248791353337863
Monocyte non-classical,CD8 T cytotoxic,TGFB1,TGFBR3,0.36800158,0.0,0.11217034,0.5421419595406719,0.5315834695315856,0.023670249,0.8135949,0.05789331968041655,0.9248791353337863
Monocyte classical,NK,MIF,TNFRSF14,0.3678022,1.0,0.13095054,-0.014263842607434837,0.061606941443639596,0.0025665164,0.82504946,1.0,0.9260437023317041
Dendritic cell,Plasmacytoid DC,ITGAX_ITGB2,ICAM1,0.21110582,0.0,0.0406802,0.7180086581354435,0.39137730282297845,0.06265373,0.7244016,0.05789331968041655,0.9268531968799565
Monocyte non-classical,Monocyte classical,GRN,TNFRSF1B,0.5726694,0.0,0.31067082,0.5771321172345326,0.8137298654654574,0.013753197,0.87898964,0.05789331968041655,0.9272090012780031
Granulocyte precursor,Erythroid early,LGALS9,CD47,0.6436224,0.0,0.31074175,0.542552766556926,0.3477839665766149,0.0061574546,0.8790018,0.23640156703065454,0.9283752773937113
Plasmacytoid DC,Plasmacytoid DC,FAM3C,LAMP1,0.2320497,0.015,0.040694714,0.09125537183487359,0.0019176944966772524,0.003462652,0.7244372,1.0,0.9288459268713238
Plasmacytoid DC,NK,LGALS9,CD47,0.36750585,0.0,0.10062472,0.12233109096563964,0.2547469172775419,0.0019939134,0.8052176,1.0,0.9295425310883634
HSPC,T proliferating,SELL,SELPLG,0.6449208,0.0,0.31160656,0.46170261979368443,0.2682403317793839,0.013897145,0.87914956,0.12609481591749852,0.929692236123947
CD8 T memory,Plasmacytoid DC,MIF,TNFRSF14,0.3673834,0.943,0.10130379,-0.044687929742416824,-0.08421042006097174,0.0019854659,0.8057445,1.0,0.9307107627714938
Plasmacytoid DC,Pre-B large,FAM3C,LAMP1,0.23205848,0.011,0.040696774,0.09126918356543948,-0.05977669377118941,0.003462827,0.7244423,1.0,0.930837431844121
CD4 T naive,CD4 T naive,MIF,TNFRSF14,0.36730507,1.0,0.11786072,-0.03139511728928393,-0.0982107003883933,0.002309967,0.8173182,1.0,0.9318799728526366
Monocyte non-classical,Granulocyte precursor,GRN,TNFRSF1B,0.42269123,0.0,0.09946545,0.29940018119330114,0.30210320535194607,0.004403271,0.8043073,0.5288589426504171,0.9318799728526366
Plasmacytoid DC,Monocyte classical,LGALS9,CD47,0.20351866,1.0,0.040954072,-0.10141772534328264,-0.20042574170815336,0.00081151904,0.72507083,1.0,0.932827659794978
HSPC,Pre-B small,PTPRC,CD22,0.367041,1.0,0.11944982,-0.0017088342770984477,-0.33772848705694614,0.0063330075,0.81831586,1.0,0.9330501617413265
Monocyte classical,B naive,LGALS9,CD47,0.36672622,0.0,0.13443804,0.18087386919942008,0.3472735404079177,0.0026639358,0.82693833,1.0,0.9342213298470973
T proliferating,Monocyte classical,GRN,TNFRSF1B,0.26701957,0.184,0.04095426,0.12213522555316786,0.08007388417978756,0.0018130186,0.7250714,1.0,0.934816611133461
Monocyte classical,CD4 T memory,MIF,CD74,0.57616925,1.0,0.31164193,-0.360505700169638,-1.541888409839737,0.0006141566,0.8791556,1.0,0.9353934775794841
B naive,NK,MIF,TNFRSF14,0.3663503,0.999,0.13007353,-0.015975591178968296,0.03346383647966483,0.0025493277,0.82456404,1.0,0.9365666053480207
T proliferating,Dendritic cell,FLT3LG,FLT3,0.20610893,0.003,0.04100911,0.8120555460575113,0.15970011289992792,0.028084671,0.7252047,0.38571013626922196,0.9368042340240554
HSPC,CD8 T cytotoxic,LGALS9,CD44,0.58149964,0.0,0.3128182,0.23027680574044535,0.11173749367725522,0.0048072827,0.87935555,0.44665687962701767,0.9377409606381096
CD8 T memory,CD8 T cytotoxic,LCK,CD8A_CD8B,0.6418891,0.0,0.4057193,0.46060974830919754,0.7854132909361565,0.024807682,0.89248323,0.05789331968041655,0.9380274243064339
Granulocyte precursor,Pre-B large,LGALS9,SLC1A5,0.22465217,0.0,0.04101229,0.4033470467622592,0.24798226960202682,0.0063869264,0.72521245,0.21438979130607466,0.9387906334000299
Erythroid early,Pre-B small,MIF,TNFRSF14,0.6172847,0.0,0.31372085,0.29402428067161634,0.3460608250167699,0.0061486545,0.8795083,0.2629974683376002,0.9389160499139144
CD4 T memory,CD8 T cytotoxic,LCK,CD8A_CD8B,0.6417737,0.0,0.4055895,0.460462241896632,0.6661192957865432,0.024799746,0.8924679,0.05789331968041655,0.9392196122790802
Platelet,CD4 T naive,APP,CD74,0.36587536,1.0,0.13256812,-0.08718313133828437,-1.2865153886371645,0.0009276725,0.8259338,1.0,0.9400921204545586
Pre-B large,Plasmacytoid DC,LGALS9,CD47,0.5649717,0.0,0.31389716,0.4881473044706438,0.38865962737557336,0.00621998,0.87953806,0.2331576827708009,0.9400921204545586
B naive,Erythroid early,SELL,SELPLG,0.4096407,0.0,0.04108244,0.03299017401937171,0.05951413655380747,0.0018322101,0.7253827,1.0,0.9407757573923192
HSPC,HSPC,LGALS9,CD44,0.58317727,0.0,0.31423536,0.23199721697207693,-0.12780652833572043,0.004829061,0.8795951,1.0,0.9412691726695763
CD4 T memory,T activated,MIF,CD74,0.6406168,1.0,0.40279526,-0.234099053124161,-1.4459664029780366,0.00079379353,0.89213574,1.0,0.9416050919424861
T proliferating,T proliferating,FAM3C,CLEC2D,0.44283426,0.003,0.09851013,0.26778628471323845,0.047729115342720674,0.008749082,0.80354667,1.0,0.942447206968502
B naive,CD4 T memory,CD72,SEMA4D,0.21012408,0.0,0.04111121,0.3502513961787701,0.4032755202949174,0.012852182,0.7254524,0.154707271027387,0.9427596064104912
Erythroid late,Plasmacytoid DC,MIF,TNFRSF14,0.36549777,0.897,0.10061027,-0.04691120179665861,0.027138351308035047,0.0019718735,0.80520636,1.0,0.9436262237608698
Erythroid early,CD4 T naive,MIF,CD74,0.6393146,1.0,0.35235003,-0.1893904933556342,-1.8184106259551118,0.00069438043,0.8855269,1.0,0.9439921633310455
Erythroid early,Monocyte non-classical,ANXA1,FPR1,0.2068396,1.0,0.041171875,0.009087467264349003,-0.6348014228871736,0.0034407668,0.7255992,1.0,0.9447421808641121
Plasmacytoid DC,HSPC,MIF,TNFRSF14,0.38080886,0.725,0.09828499,-0.03374001621931405,-0.2572768919366453,0.0019263,0.803366,1.0,0.9459872064640702
T activated,Plasmacytoid DC,FLT3LG,FLT3,0.2066015,0.0,0.041195355,0.6149444406737404,0.2993724619215604,0.028212218,0.72565603,0.09683008185575612,0.9467234290852525
Erythroid early,T proliferating,FAM3C,CLEC2D,0.44260418,0.001,0.09816261,0.2671664989760413,0.015731019224868997,0.008718215,0.80326754,0.9572610593235005,0.9471691731939709
Plasmacytoid DC,Plasmacytoid DC,LILRB4,LAIR1,0.58561957,0.0,0.31638604,2.0710965434279767,1.1800095027875241,0.09853328,0.8799558,0.003087004646337143,0.9471691731939709
Monocyte classical,NK,TGFB1,TGFBR3,0.36474353,0.0,0.10835186,0.5280638607231585,0.7025090763347721,0.02286447,0.8109542,0.05789331968041655,0.9471691731939709
NK,Monocyte non-classical,HLA-F,LILRB2,0.6385653,0.0,0.4074772,0.9915174729054698,0.9706535882680114,0.051461186,0.89269054,0.01205792838249291,0.9475753169096583
HSPC,Plasmacytoid DC,SPN,ICAM1,0.4042106,0.0,0.09813748,0.7338230186536945,0.4810976561157574,0.029100174,0.8032473,0.05789331968041655,0.9483521240554518
Monocyte non-classical,NK,TGFB1,TGFBR3,0.36406133,0.0,0.10806856,0.5270079817519492,0.5411538141986831,0.02280469,0.81075346,0.05789331968041655,0.9483521240554518
Dendritic cell,Erythroid late,LGALS9,CD47,0.57964134,0.0,0.31646326,0.5787339515694445,0.5192341033439196,0.006270828,0.8799687,0.22571849479797096,0.9483521240554518
Erythroid early,T activated,NECTIN1,CD96,0.20524314,0.0,0.04127485,0.8366132064147934,0.2118474193276763,0.03456715,0.72584784,0.20203988923127536,0.9487034556719557
Platelet,Monocyte non-classical,MIF,TNFRSF14,0.36405933,0.771,0.13158962,-0.010763106143022186,-0.005475427183553039,0.0025790418,0.8254006,1.0,0.9495363086014867
HSPC,Granulocyte precursor,FAM3C,LAMP1,0.21413192,0.011,0.04128964,0.07963258863070381,-0.027545125120878228,0.0035132733,0.7258835,1.0,0.9506822089227969
Pre-B small,Pre-B small,PTPRC,CD22,0.36399513,1.0,0.11796667,-0.004598428125004578,-0.04525358753470354,0.0062543736,0.81738526,1.0,0.9507212291619567
CD8 T memory,T proliferating,CLEC2D,KLRB1,0.5630981,0.066,0.31661087,0.149536499247167,-0.13912437445536385,0.006789957,0.8799933,1.0,0.9507212291619567
B naive,Plasmacytoid DC,SELL,SELPLG,0.6379484,0.0,0.39067748,0.574031370775709,0.6455982034765289,0.01742358,0.8906572,0.05789331968041655,0.9511618582878956
Pre-B large,HSPC,LGALS9,SLC1A5,0.28806382,0.0,0.041309543,0.45819684066646904,0.26373379290368787,0.0064332187,0.7259314,0.2108763074562848,0.9526596892473427
CD8 T cytotoxic,Pre-B large,MIF,TNFRSF14,0.36369574,0.952,0.10662485,-0.0440585763798471,-0.11351054644733616,0.0020897537,0.80971956,1.0,0.9530940267732384
B naive,NK,LGALS9,CD47,0.3650994,0.0,0.09796284,0.11755240596631787,0.2961690658124058,0.0019411674,0.80310655,1.0,0.9542819046431188
T proliferating,CD8 T memory,TNF,VSIR,0.2374821,0.205,0.04132473,0.14575799913809476,0.004607673589038519,0.008151598,0.725968,1.0,0.9546358970551598
Monocyte classical,CD8 T cytotoxic,MIF,TNFRSF14,0.36348522,1.0,0.12720695,-0.021541663701784473,0.024389054679370803,0.0024931452,0.82294637,1.0,0.9554707691018707
NK,HSPC,MIF,TNFRSF14,0.37947083,0.896,0.09784441,-0.035317357068640726,-0.09003968417857128,0.0019176649,0.80301094,1.0,0.9566606205590296
HSPC,CD4 T naive,LGALS9,CD44,0.58722466,0.0,0.31765434,0.23614889584178286,0.05615219528266796,0.0048816027,0.88016695,0.5655648155053248,0.9566606205590296
Granulocyte precursor,T proliferating,CLEC2B,KLRF1,0.20402835,0.951,0.04162476,-0.07788293523072612,-0.2651254476531768,0.0018390904,0.726687,1.0,0.9575977977472157
T proliferating,Granulocyte precursor,KLRF1,CLEC2B,0.20402835,0.951,0.04162476,-0.07788293523072612,-0.2651254476531768,0.0018390904,0.726687,1.0,0.9575977977472157
NK,CD8 T cytotoxic,TGFB1,TGFBR3,0.363221,0.0,0.11010984,0.5347404889139077,0.6623948489156142,0.023235442,0.8121849,0.05789331968041655,0.9578514594241292
Pre-B large,T proliferating,CD72,SEMA4D,0.4108172,0.0,0.09775864,0.9586288123444523,0.4962970491587716,0.030561298,0.8029415,0.05789331968041655,0.9578514594241292
HSPC,Erythroid early,MIF,TNFRSF14,0.6365825,0.0,0.0781537,0.24249115320402032,-0.00989957666610114,0.0015317443,0.78463244,1.0,0.9583445132743167
Monocyte non-classical,Plasmacytoid DC,GRN,TNFRSF1B,0.42093152,0.0,0.09698739,0.29614154797652054,0.27710628765725936,0.0042935694,0.80231416,0.5613947701263853,0.9602361010162883
Granulocyte precursor,Pre-B large,LGALS9,CD44,0.2257953,1.0,0.041748226,-0.1827880133451894,-0.6544958297167464,0.00064157235,0.726981,1.0,0.9605568376305793
Dendritic cell,NK,LGALS9,CD47,0.6362165,0.0,0.39785892,0.6559268481636082,0.645255232433264,0.007883711,0.891541,0.11814916655494319,0.9607415389994118
HSPC,Plasmacytoid DC,AREG,ICAM1,0.4001423,0.0,0.09692699,0.7016590955754737,0.758919474542228,0.034865748,0.8022647,0.05789331968041655,0.9614301557820433
Monocyte non-classical,Dendritic cell,SELL,SELPLG,0.2043345,1.0,0.041751854,-0.09545558330509966,-0.4390676083547264,0.0018620646,0.7269896,1.0,0.9625279595005584
T proliferating,Monocyte non-classical,SELL,SELPLG,0.36292088,0.409,0.12569198,0.12937334743007808,-0.045158087308502265,0.005605657,0.8220718,1.0,0.9626249485823379
Plasmacytoid DC,B naive,LGALS9,CD44,0.36291885,1.0,0.09895563,-0.10933222161563495,-0.2396997586042227,0.0015207162,0.8039025,1.0,0.9638207308383314
Dendritic cell,Dendritic cell,SPN,ICAM1,0.22421317,0.0,0.041790098,0.3731403473747448,0.11212226519282653,0.012391792,0.72708046,0.41429496041015457,0.9644978109016309
NK,Dendritic cell,HLA-F,LILRB2,0.40154982,0.0,0.096726865,0.30479760484699253,0.37904615766710126,0.012215847,0.8021008,0.23640156703065454,0.965017502959558
T activated,Plasmacytoid DC,MIF,TNFRSF14,0.36291164,0.91,0.0996591,-0.04996031924729481,-0.16254935851165747,0.0019532314,0.80446035,1.0,0.965017502959558
Monocyte classical,CD4 T memory,MIF,TNFRSF14,0.36247522,1.0,0.12633108,-0.023244344043495603,-0.05958175516808867,0.0024759788,0.8224425,1.0,0.9662152653555521
HSPC,CD4 T naive,FAM3C,CLEC2D,0.40303892,0.0,0.096670784,0.2298064456865328,0.28418958682813555,0.008585721,0.80205476,0.4475333216096541,0.9662152653555521
CD8 T memory,T proliferating,CCL3,CCR5,0.2757662,0.0,0.041872714,0.7883877477452789,0.7214086641602182,0.07153042,0.7272763,0.048617495609016834,0.9664663405002343
B naive,CD8 T cytotoxic,MIF,TNFRSF14,0.3620333,1.0,0.126355,-0.023253412273317932,-0.0037540502846039603,0.002476448,0.82245624,1.0,0.967414018435848
CD4 T memory,T proliferating,TGFB1,TGFBR3,0.20939651,0.011,0.041917205,0.23921245338241248,0.03489560135158043,0.008845393,0.72738177,1.0,0.9684336522255724
Pre-B large,Plasmacytoid DC,LGALS9,CD44,0.5734153,0.001,0.32220903,0.25550827590791386,-0.0008733423087693426,0.0049515977,0.8809157,0.9572610593235005,0.9686137626099806
Erythroid early,HSPC,GRN,TNFRSF1A,0.21448484,0.0,0.04194589,0.26789547003666964,-0.1734637623280917,0.0040677125,0.72744954,1.0,0.9703996947106935
B naive,CD4 T memory,MIF,TNFRSF14,0.36102328,1.0,0.125485,-0.02495609261502906,-0.08772486013206343,0.0024593964,0.82195127,1.0,0.9710162258778913
CD8 T memory,CD4 T memory,MIF,CD74,0.6348089,1.0,0.39593634,-0.2913677550832333,-1.42457463231325,0.00078027655,0.8913066,1.0,0.9715458080631493
Monocyte non-classical,Plasmacytoid DC,MIF,TNFRSF14,0.36060292,0.956,0.09880996,-0.05268243015162007,-0.15633779356483263,0.001936589,0.80378646,1.0,0.9722189457907384
Erythroid early,NK,FAM3C,CLEC2D,0.22648269,0.999,0.04198103,-0.0024836289234083167,-0.13501338991353726,0.003728504,0.7275325,1.0,0.9723644683651644
T activated,Dendritic cell,PTPRC,CD22,0.5073645,0.589,0.09553981,0.015811977662808792,-0.14482171143767783,0.0050653433,0.80111885,1.0,0.9734229117399875
Pre-B small,Dendritic cell,CD99,PILRA,0.360567,0.667,0.11628008,0.1704293280223278,0.16260164585701065,0.0053008855,0.81630796,1.0,0.9734229117399875
CD8 T cytotoxic,T proliferating,CLEC2D,KLRB1,0.56911373,0.058,0.3231252,0.15704199858530843,-0.13442206386727695,0.0069296625,0.8810646,1.0,0.9734229117399875
CD4 T naive,Erythroid early,SELL,SELPLG,0.4180547,0.0,0.041985415,0.042210592690947776,0.02663954460456311,0.0018724811,0.7275428,1.0,0.9743279735985518
T proliferating,Dendritic cell,CD28,CD86,0.3693893,0.0,0.095314935,0.8882153918869035,0.4906555003091331,0.08538269,0.8009311,0.05789331968041655,0.9746276177352663
B naive,B naive,LGALS9,CD44,0.3605124,1.0,0.09633791,-0.11411090661495672,-0.1982776100693588,0.001480488,0.8017807,1.0,0.9746276177352663
CD8 T cytotoxic,T activated,ITGAL_ITGB2,ICAM3,0.3604023,0.004,0.1168545,0.13330965900530892,0.13931923517604053,0.006356615,0.8166772,1.0,0.9758333172816736
Plasmacytoid DC,T activated,FAM3C,CLEC2D,0.23763983,0.797,0.042006895,0.0023197391157220165,-0.11400820114452528,0.0037308014,0.72759354,1.0,0.9762901592440711
Monocyte classical,T proliferating,MIF,TNFRSF14,0.36034375,0.795,0.12448271,-0.026837497935312232,-0.1749017609752151,0.0024397525,0.8213637,1.0,0.9770400107887436
CD8 T cytotoxic,Plasmacytoid DC,SPN,ICAM1,0.21578522,0.0,0.04207253,0.3822778565645039,0.3422264037467132,0.012475539,0.7277483,0.11622286178244873,0.9782511288973151
Erythroid late,CD4 T memory,MIF,CD74,0.63292325,1.0,0.39322576,-0.29359102713747515,-1.313225860944243,0.0007749348,0.8909734,1.0,0.9787642223513521
Monocyte non-classical,CD8 T memory,ALOX5,ALOX5AP,0.3600877,0.0,0.096869096,0.36480750850976384,0.3775089333755907,0.017607218,0.8022173,0.1347908843073451,0.97945638132301
Erythroid early,CD4 T naive,LGALS9,CD44,0.63277495,0.0,0.3861696,0.32660115818655006,0.07658982417810589,0.0059345225,0.89009076,0.5063627602256314,0.9799685958035913
B naive,B naive,FAM3C,LAMP1,0.20583636,0.0,0.042121068,0.10886852772322567,0.14791261305545023,0.0035840182,0.7278625,0.9850490468448849,0.9802108313581646
NK,NK,TGFB1,TGFBR3,0.35928074,0.0,0.106083415,0.5196065111251849,0.6719651935827118,0.022385785,0.80932707,0.05789331968041655,0.9818767326143407
T proliferating,NK,FAM3C,CLEC2D,0.22671276,0.838,0.04212966,-0.0018638431862111546,-0.10301529379568558,0.0037417046,0.7278827,1.0,0.9821692670361869
Dendritic cell,B naive,LGALS9,CD44,0.6316295,0.0,0.39125952,0.4242635355823337,0.15080855655149938,0.0060127424,0.89072967,0.3194366142448447,0.9823781096028891
Pre-B large,Pre-B small,PTPRC,CD22,0.35916418,1.0,0.11561426,-0.00918155362140341,-0.31594140215770716,0.0061296537,0.8158771,1.0,0.9830884020677413
HSPC,CD4 T memory,FAM3C,LAMP1,0.21718296,0.0,0.0421841,0.08441387913810881,-0.03968028962699491,0.0035893817,0.7280106,1.0,0.9841264363409481
B naive,T proliferating,MIF,TNFRSF14,0.35889181,0.794,0.12364902,-0.02854924650684569,-0.20304486593918986,0.0024234129,0.8208702,1.0,0.9843010679390107
Granulocyte precursor,Monocyte non-classical,CD99,PILRA,0.6305257,0.0,0.3941496,0.8931724755862,0.5203294188808688,0.017968185,0.8910873,0.05789331968041655,0.9847889781701191
Pre-B large,Monocyte classical,LGALS9,CD47,0.35864973,0.0,0.11079421,0.20663597464526895,0.03679557524490795,0.0021954253,0.812657,1.0,0.9855147306376837
T activated,CD4 T memory,MIF,CD74,0.6303371,1.0,0.38950822,-0.29664014458811133,-1.5029135707639356,0.0007676085,0.89051116,1.0,0.9859950452960089
Plasmacytoid DC,T proliferating,VEGFB,ADRB2,0.2588862,0.0,0.04219907,1.0188467882607768,0.5286448967632628,0.067419596,0.72804564,0.05789331968041655,0.9860822882721731
CD4 T memory,T proliferating,CLEC2D,KLRB1,0.5715785,0.053,0.32579434,0.1601175345776592,-0.2352811817970928,0.006986904,0.88149494,1.0,0.98672964618095
Monocyte non-classical,Plasmacytoid DC,LGALS9,CD44,0.6300156,0.0,0.39631376,0.3679030590050741,0.22649278552053553,0.006090414,0.8913527,0.2452174682090066,0.9872013218400237
T proliferating,Monocyte non-classical,CTLA4,CD86,0.31587172,0.0,0.042226236,0.8985296528513321,0.6133145952277865,0.113814086,0.72810936,0.05789331968041655,0.9880369260923819
T proliferating,NK,SELL,SELPLG,0.358379,0.428,0.12169053,0.11861015609162381,0.051180028467319616,0.005427199,0.81969327,1.0,0.9891619598210033
Pre-B large,Dendritic cell,LGALS9,SLC1A5,0.2890552,0.0,0.042285454,0.46340637037819116,0.2707565013704162,0.006585199,0.7282481,0.19442109803171026,0.9899902987680194
Monocyte classical,Dendritic cell,PTPRC,CD22,0.49953967,0.901,0.09389624,0.008388034511688746,-0.07087714637026918,0.0049782046,0.79973286,1.0,0.9903796141347034
CD4 T naive,CD8 T cytotoxic,LCK,CD8A_CD8B,0.62908983,0.0,0.39132014,0.4442247143369213,0.7860809136655775,0.023927247,0.8907372,0.06216207846195652,0.9908221606895267
Dendritic cell,NK,ITGAL_ITGB2,ICAM3,0.41855046,0.0,0.09387269,0.13498839214008326,0.16142257289938605,0.005106458,0.79971284,0.8570812574687889,0.9915982673235648
Erythroid early,CD8 T memory,FAM3C,LAMP1,0.22771342,0.0,0.042300962,0.09156291594693795,0.03692414702127336,0.003599325,0.72828436,1.0,0.9919423553985858
T proliferating,CD8 T memory,FAM3C,LAMP1,0.22794351,0.062,0.042450722,0.09218270168413512,0.06892224313912504,0.0036120682,0.7286338,1.0,0.9938932503238455
Erythroid early,Plasmacytoid DC,LGALS9,CD47,0.5756053,0.0,0.3274602,0.509263407639648,0.3076468532356823,0.0064887363,0.8817611,0.2044660390566878,0.9940385719649101
Erythroid early,HSPC,LGALS9,CD44,0.62872756,0.0,0.38201317,0.3224494793168441,-0.1073688994402825,0.0058706477,0.88956034,1.0,0.9944461232621804
T proliferating,T activated,COPA,CD74,0.36118856,1.0,0.093485124,-0.2745944923158355,-1.5674507199113576,0.0009010872,0.7993813,1.0,0.9952602242364619
Monocyte non-classical,CD4 T memory,MIF,CD74,0.6280284,1.0,0.3861894,-0.2993622554924366,-1.4967020058171108,0.00076106814,0.89009327,1.0,0.995654730549824
Dendritic cell,T proliferating,HLA-F,KIR3DL2,0.21485542,0.203,0.042528223,0.25872176190101703,-0.09640433541887844,0.014485942,0.7288142,1.0,0.9958427787795663
Pre-B large,Monocyte classical,LGALS9,LRP1,0.3575691,0.0,0.10973041,0.6707296936936396,0.5884364241342465,0.03378164,0.8119214,0.05789331968041655,0.9964828770213129
CD8 T cytotoxic,T proliferating,HLA-F,KIR3DL2,0.3796686,0.0,0.093477756,0.4797340683809037,0.4365680219347551,0.03184035,0.7993749,0.05789331968041655,0.9964828770213129
CD4 T memory,Monocyte non-classical,HLA-F,LILRB2,0.5746267,0.0,0.32799098,0.9057762405395602,0.718773660381574,0.0414227,0.8818455,0.049409075525250375,0.9977065307289974
Dendritic cell,NK,CD58,CD2,0.3575099,0.0,0.104141705,0.28174165463742984,0.2931868592032636,0.008329152,0.8078976,0.29177675047089857,0.9977065307289974
T proliferating,HSPC,FLT3LG,FLT3,0.21089047,0.003,0.042613275,0.8461172451220847,0.18205092439680443,0.029183265,0.72901154,0.3363576383780191,0.9977911462161848
HSPC,Dendritic cell,LGALS9,HAVCR2,0.35743025,0.0,0.12353977,0.8173020788621488,0.3603467394196886,0.030989867,0.8208052,0.05789331968041655,0.9989314434795977
NK,T activated,MIF,CD74,0.57388735,1.0,0.32892978,-0.3127741935425975,-1.4310710242679199,0.0006482259,0.8819943,1.0,0.9989314434795977
Erythroid early,Monocyte classical,GAL,HLA-DPA1,0.4074623,0.002,0.09335712,0.9694309243038349,-0.1369618351037161,0.021982381,0.7992714,0.5228006975799565,0.9989314434795977
Granulocyte precursor,HSPC,SELL,SELPLG,0.33205748,0.784,0.04262351,-0.04035183739895609,-0.20589914447476448,0.001900939,0.72903526,1.0,0.9997381481352834
T proliferating,T proliferating,TGFB1,TGFBR3,0.29263407,0.006,0.06946355,0.36809098731249495,0.11941921062488298,0.01465824,0.7745059,1.0,1.0
T proliferating,T proliferating,HLA-F,KIR3DL2,0.3460584,0.004,0.08308767,0.4346633637889204,0.13618735013678407,0.028301282,0.7897599,1.0,1.0
B naive,CD4 T naive,LGALS9,CD47,0.23355746,1.0,0.051364355,-0.06192726471062846,-0.1158814739819326,0.0010178024,0.7470618,1.0,1.0
B naive,CD4 T naive,FAM3C,LAMP1,0.22240376,0.0,0.049462736,0.1348316064621112,0.155247584562557,0.00420871,0.743481,0.8599405752785462,1.0
B naive,CD4 T memory,LGALS9,CD47,0.29873425,0.006,0.07445311,0.027001894563628174,0.026751317715018208,0.001475314,0.78050566,1.0,1.0
B naive,CD4 T memory,FAM3C,LAMP1,0.25467622,0.0,0.06376394,0.18540625565269886,0.23400719731836112,0.0054255775,0.76694214,0.6174387022539566,1.0
B naive,B naive,PTPRC,CD22,0.588681,0.0,0.33423355,0.4041603977095559,0.4200563872969322,0.017720442,0.8828242,0.09299299350835888,1.0
B naive,B naive,MIF,TNFRSF14,0.3529865,1.0,0.11856237,-0.03850459737941403,-0.03875487104619113,0.002323719,0.8177608,1.0,1.0
Pre-B large,CD8 T cytotoxic,MDK,SORL1,0.23190454,0.0,0.05307325,0.5685205170114355,0.3606124153027239,0.017913109,0.75014144,0.05789331968041655,1.0
Pre-B large,CD8 T cytotoxic,LGALS9,CD44,0.61641634,0.0,0.36453915,0.2996129649162083,0.2131878967125842,0.0056021125,0.88723934,0.3113414831573624,1.0
Pre-B large,CD8 T cytotoxic,GRN,TNFRSF1B,0.23133346,0.232,0.052443936,0.03684145457616569,-0.09055386883489128,0.0023216591,0.74902195,1.0,1.0
Pre-B large,CD8 T cytotoxic,FAM3C,LAMP1,0.3359279,0.0,0.110623114,0.3505838187412487,0.3115672408901099,0.009412754,0.8125393,0.15431223191568433,1.0
Pre-B large,CD8 T cytotoxic,CLEC2B,KLRF1,0.30507457,0.063,0.08941072,0.08476532134217557,-0.04703499122573801,0.003950399,0.79578424,1.0,1.0
Pre-B large,CD8 T memory,LCK,CD8A_CD8B,0.43561932,0.0,0.055936314,0.2246063613744426,0.13684955508231567,0.0034202226,0.7550329,0.9141398957505963,1.0
Pre-B large,CD8 T memory,GRN,TNFRSF1B,0.2253913,0.361,0.050083663,0.025837536695208503,-0.11445885512462853,0.0022171715,0.7446688,1.0,1.0
Pre-B large,CD8 T memory,FAM3C,LAMP1,0.307107,0.0,0.09397824,0.30541818949687044,0.24171330628733076,0.007996468,0.7998028,0.23369599754317416,1.0
Pre-B large,CD8 T memory,CD58,CD2,0.40328574,0.0,0.08909295,0.2784653524672457,0.37365724495941377,0.007125567,0.7954948,0.3047139080175401,1.0
Pre-B large,CD8 T memory,BAG6,NCR3,0.2702509,0.0,0.07116151,0.4164905333289556,0.3875414325586909,0.015801663,0.7766079,0.08045504492148371,1.0
Pre-B large,CD4 T naive,MDK,SORL1,0.20951307,0.0,0.043878186,0.5265274310860376,0.26637027759187426,0.0148096215,0.7318912,0.12745707031124073,1.0
Pre-B large,CD4 T naive,LGALS9,CD44,0.62214136,0.0,0.37017488,0.30548505501754586,0.15760259831799694,0.005688721,0.8880045,0.30013796917861196,1.0
Pre-B large,CD4 T naive,FAM3C,LAMP1,0.25600094,0.0,0.064463064,0.225329174377556,0.04221456426326567,0.0054850657,0.7679152,0.5986754594946452,1.0
Pre-B large,CD4 T naive,COPA,CD74,0.2939219,1.0,0.07473418,-0.2977969294890288,-1.9194983694915795,0.00072034996,0.78082824,1.0,1.0
Pre-B large,CD4 T naive,CD58,CD2,0.36500138,0.0,0.07897889,0.22896651104155802,0.2792650675064181,0.006316655,0.7855186,0.4501703878185803,1.0
Pre-B large,CD4 T naive,APP,CD74,0.29723176,1.0,0.07739457,-0.25824331665025824,-1.8887743240785082,0.0005415842,0.78380656,1.0,1.0
Pre-B large,CD4 T memory,MDK,SORL1,0.24102841,0.0,0.05681997,0.5856313239424408,0.3017991988338753,0.01917769,0.7564795,0.09572188059368411,1.0
Pre-B large,CD4 T memory,FAM3C,LAMP1,0.28827342,0.0,0.083101325,0.27590382356814364,0.12097417701906979,0.007070967,0.7897736,0.391599340044242,1.0
Pre-B large,B naive,FAM3C,LAMP1,0.23943354,0.0,0.054894928,0.19936609563867047,0.0348795927561589,0.004670927,0.7532908,0.623040287646643,1.0
Platelet,T proliferating,SELP,SELPLG,0.31857762,0.0,0.10148039,2.6867741457928185,0.765427155331013,0.10782467,0.8058808,0.006781350364676309,1.0
Platelet,T proliferating,MIF,TNFRSF14,0.34098655,0.823,0.11336787,-0.049659741718384595,-0.15944471000512778,0.0022219112,0.8143987,1.0,1.0
Platelet,T activated,MIF,TNFRSF14,0.31973368,0.962,0.096583426,-0.08548831019903555,-0.09675592378656511,0.0018929509,0.8019829,1.0,1.0
Pre-B large,Dendritic cell,PTPRC,CD22,0.2899395,1.0,0.049870685,-0.19046001732014411,-0.6461808189204731,0.0026440513,0.7442634,1.0,1.0
Pre-B large,Dendritic cell,LTB,LTBR,0.37833,1.0,0.0826119,0.07186782624532098,-0.43619798690649025,0.00998333,0.7892828,1.0,1.0
Pre-B large,Dendritic cell,GRN,TNFRSF1B,0.23231143,0.253,0.0528324,0.038652432026567034,-0.264907233088738,0.002338856,0.74971503,1.0,1.0
Pre-B large,Dendritic cell,FAM3C,LAMP1,0.2296292,0.005,0.049232647,0.18400162366029038,-0.08040687124454804,0.0041891322,0.74303603,1.0,1.0
Platelet,Pre-B large,MIF,TNFRSF14,0.29920757,0.984,0.08037296,-0.12009170219217039,-0.18946515465835556,0.0015752398,0.78698885,1.0,1.0
Platelet,Platelet,THBS1,ITGA2B_ITGB3,0.30006665,0.0,0.077917,3.874533049363189,1.0379268374761024,0.206325,0.7843761,0.0011931012443092545,1.0
Platelet,Platelet,MIF,CD74,0.3514004,1.0,0.12159222,-0.5001844176629804,-1.6020140781201602,0.00023962327,0.81963354,1.0,1.0
Platelet,Platelet,APP,CD74,0.31889617,1.0,0.101574436,-0.11390900150973954,-0.8918711478289565,0.00071078783,0.80595326,1.0,1.0
Platelet,Plasmacytoid DC,MIF,TNFRSF14,0.28938657,0.994,0.072616816,-0.13664811861189385,-0.1860671466173714,0.0014232263,0.778359,1.0,1.0
Platelet,NK,SELP,SELPLG,0.29573298,0.0,0.08707845,2.6326372006569074,0.9246291426686792,0.09252236,0.7936281,0.01138191497143477,1.0
Platelet,NK,MIF,TNFRSF14,0.348445,0.863,0.1192582,-0.0370860863905072,0.07706399241372691,0.0023373566,0.8181965,1.0,1.0
Platelet,Monocyte non-classical,SELP,SELPLG,0.30027485,0.0,0.089941785,2.6434003919953617,0.8282910268928574,0.0955647,0.796265,0.010813983648634826,1.0
Platelet,Monocyte non-classical,CD52,SIGLEC10,0.28760037,1.0,0.081829324,0.03705034328451251,-0.9041033742445124,0.005952245,0.7884901,1.0,1.0
Pre-B large,Erythroid late,FAM3C,LAMP1,0.2665011,0.0,0.0705272,0.24178411061665736,0.17164714514669757,0.006001054,0.77583015,0.41181725017277987,1.0
Pre-B large,Erythroid late,FAM3C,HLA-C,0.3542416,1.0,0.12119981,-0.5376338249445296,-1.21551917748364,0.0014926236,0.81939447,1.0,1.0
Pre-B large,Erythroid early,MIF,TNFRSF14,0.5237556,0.0,0.063560605,0.10946595836739806,-0.05727665301011736,0.0012457324,0.7666566,1.0,1.0
Pre-B large,Erythroid early,COPA,CD74,0.25064117,1.0,0.05863727,-0.32241881070129036,-1.9317581377553714,0.0005651946,0.7593676,1.0,1.0
Pre-B large,Erythroid early,CD72,SEMA4D,0.40469673,0.0,0.089467905,0.9445949140542276,0.44846063849075474,0.027969446,0.7958362,0.05789331968041655,1.0
Pre-B large,Erythroid early,APP,CD74,0.25395104,1.0,0.06072463,-0.2828651978625198,-1.9010340923423001,0.00042493298,0.7625489,1.0,1.0
Platelet,Monocyte classical,SELP,SELPLG,0.24705705,0.0,0.056391712,2.517285455795678,0.7760202733891058,0.05991717,0.755782,0.03360506976232211,1.0
Platelet,Monocyte classical,HLA-F,LILRB2,0.28095523,0.052,0.07489637,0.2963535545334715,0.40855229287605505,0.009458827,0.78101367,1.0,1.0
Platelet,HSPC,MIF,TNFRSF14,0.27975574,1.0,0.06501089,-0.15288401427162485,-0.2747590669407714,0.0012741566,0.7686685,1.0,1.0
Platelet,Granulocyte precursor,SELP,SELPLG,0.24264508,0.0,0.053610276,2.506830011373521,0.6862630019345836,0.056961842,0.75108385,0.04696617295612505,1.0
Platelet,Erythroid early,MIF,CD74,0.35509884,1.0,0.12451306,-0.4980804287037867,-2.00891808719216,0.0002453794,0.82138157,1.0,1.0
Platelet,Erythroid early,APP,CD74,0.32259464,1.0,0.10401442,-0.11180501255054592,-1.2987751569009565,0.00072786206,0.80780274,1.0,1.0
Platelet,Dendritic cell,SELP,SELPLG,0.2602025,0.0,0.06467899,2.5484374376212275,0.6483548296559265,0.068722546,0.76821315,0.02826140661803076,1.0
Platelet,Dendritic cell,PROS1,AXL,0.23967654,0.0,0.049131352,4.10413975581463,0.8693318672513953,0.6087818,0.7428394,0.0003240852142972383,1.0
Platelet,Dendritic cell,MIF,TNFRSF14,0.27148739,0.999,0.058480956,-0.16682299417405105,-0.2798070156260628,0.0011461757,0.7591237,1.0,1.0
Pre-B large,HSPC,CD72,SEMA4D,0.38611656,0.0,0.064299285,0.9019917242018357,0.43311883302592064,0.020101236,0.7676885,0.05789331968041655,1.0
Pre-B large,Granulocyte precursor,LGALS9,CD44,0.61141634,0.0,0.35961717,0.2944845965346093,0.11857882803581155,0.0055264733,0.8865575,0.3995949850537951,1.0
Pre-B large,Granulocyte precursor,FAM3C,LAMP1,0.28522238,0.0,0.08133926,0.27112253306073864,0.13310934152518647,0.006921036,0.7879888,0.36606271752428143,1.0
Platelet,CD8 T memory,MIF,TNFRSF14,0.30498832,0.986,0.08493832,-0.11034642252696468,-0.07502105034381756,0.0016647169,0.7915829,1.0,1.0
Platelet,CD8 T cytotoxic,MIF,TNFRSF14,0.344128,0.88,0.11584887,-0.044363907484856836,0.03984610564945812,0.0022705367,0.8160293,1.0,1.0
Platelet,CD4 T naive,MIF,TNFRSF14,0.3157977,0.971,0.093475,-0.09212350788852672,-0.08290690184875027,0.0018320284,0.7993726,1.0,1.0
Platelet,CD4 T memory,TNFSF4,TNFRSF4,0.29632986,0.0,0.08236759,2.7957475051815353,1.1587939796132445,0.4290966,0.7890364,0.0013905775777639782,1.0
Platelet,CD4 T memory,MIF,TNFRSF14,0.343118,0.882,0.115051195,-0.046066587826567966,-0.04412470419800135,0.0022549029,0.8155101,1.0,1.0
Platelet,B naive,MIF,TNFRSF14,0.33508122,0.916,0.108704165,-0.059615092590952934,0.004845284887870949,0.0021305068,0.81120294,1.0,1.0
Plasmacytoid DC,T proliferating,FAM3C,LAMP1,0.29427335,0.016,0.055300593,0.18876698628358407,0.037687423420049354,0.0047054444,0.7539743,1.0,1.0
Plasmacytoid DC,T proliferating,FAM3C,CLEC2D,0.43629876,0.002,0.08863849,0.25018221591628603,0.07250103699485985,0.007872341,0.7950784,1.0,1.0
Plasmacytoid DC,T proliferating,CLEC2B,KLRF1,0.29522377,0.314,0.07914333,0.039999768394501575,-0.08818816999798479,0.0034967584,0.78569376,1.0,1.0
Plasmacytoid DC,T proliferating,BAG6,NCR3,0.25533268,0.0,0.059175473,0.3603975858336882,0.2656828925969313,0.013140122,0.76020145,0.14132502831948612,1.0
Plasmacytoid DC,T activated,TNFSF13B,HLA-DPB1,0.23634583,1.0,0.055798452,-0.2042509647302456,-0.9573464544877026,0.00067466334,0.7548046,1.0,1.0
Plasmacytoid DC,T activated,MIF,CD74,0.57522535,1.0,0.3304109,-0.31119685269327085,-1.5983082320259938,0.00065114483,0.8822279,1.0,1.0
Plasmacytoid DC,T activated,LGALS9,CD47,0.24900204,0.931,0.057504285,-0.039358939345532924,-0.11534933839414901,0.0011394671,0.7575805,1.0,1.0
Pre-B large,Monocyte classical,FAM3C,LAMP1,0.29045445,0.0,0.084360935,0.27932164283250277,0.22184713862663877,0.0071781455,0.7910197,0.3007884982691415,1.0
Pre-B large,HSPC,MDK,SORL1,0.23227072,0.0,0.05322362,0.5692071400954897,0.1791070212837099,0.017963862,0.7504065,0.26476799203080187,1.0
Pre-B large,HSPC,LTB,LTBR,0.35678893,1.0,0.05571394,-0.04401804505371973,-0.4818009029024065,0.0067328145,0.75466436,1.0,1.0
Pre-B large,HSPC,LGALS9,CD44,0.61809397,0.0,0.3661906,0.3013333761478399,-0.026356125300391442,0.0056274915,0.88746524,0.8556542754555484,1.0
Pre-B large,HSPC,GRN,TNFRSF1A,0.23839495,0.0,0.055248816,0.3034886450025229,-0.06535959328790827,0.0053577665,0.7538874,1.0,1.0
Pre-B large,HSPC,FAM3C,LAMP1,0.3562014,0.0,0.122331634,0.3823546971269165,0.12247467139704551,0.010409015,0.8200813,0.3876468171322976,1.0
Plasmacytoid DC,Pre-B small,PTPRC,CD22,0.35372457,1.0,0.112965465,-0.014342229863951617,-0.2622357400306984,0.005989219,0.8141299,1.0,1.0
Plasmacytoid DC,Pre-B small,LGALS9,CD47,0.3358928,0.001,0.08912156,0.07919728591526125,0.1905447802933175,0.0017659743,0.7955209,1.0,1.0
Plasmacytoid DC,Pre-B small,FAM3C,CLEC2D,0.267822,0.203,0.049091615,0.039977380556725436,0.0658593962384226,0.004360024,0.7427621,1.0,1.0
Plasmacytoid DC,Pre-B large,FAM3C,CLEC2D,0.34391385,0.0,0.0669528,0.13491551967103843,-0.0038946204978125565,0.005946348,0.771275,0.858510023580975,1.0
Plasmacytoid DC,Platelet,COPA,CD74,0.25482887,1.0,0.06211845,-0.30610201782834734,-1.4406796401130253,0.00059874915,0.76459736,1.0,1.0
Plasmacytoid DC,Plasmacytoid DC,SPN,ICAM1,0.25869963,0.0,0.054841477,0.46234341912938776,0.348952356151641,0.016261846,0.7532003,0.06176392391537347,1.0
Plasmacytoid DC,NK,TNFSF13B,HLA-DPB1,0.31481254,1.0,0.09411363,-0.14222246696816737,-0.7181175675081621,0.0011379352,0.79991806,1.0,1.0
Plasmacytoid DC,NK,TGFB1,TGFBR3,0.22389081,0.0,0.049862545,0.3099791253443918,0.2371755702819917,0.010522023,0.744248,0.22051482879304302,1.0
Plasmacytoid DC,NK,LGALS9,CD44,0.28616107,1.0,0.07102549,-0.1880597715937779,-0.3167599086904152,0.0010914953,0.77644175,1.0,1.0
Plasmacytoid DC,NK,FAM3C,LAMP1,0.29129383,0.0,0.054601204,0.18409767071409472,0.2873025408348955,0.004645935,0.75279194,0.6241651626258785,1.0
Pre-B large,Monocyte non-classical,GRN,TNFRSF1A,0.21735418,0.0,0.046891257,0.23529334490277468,0.0408456315992288,0.0045472905,0.73835695,0.6052482300631291,1.0
Pre-B large,Monocyte non-classical,FAM3C,LAMP1,0.29781884,0.0,0.08861408,0.2908625933030011,0.17584224368241522,0.007540039,0.795056,0.270133229855191,1.0
Pre-B large,Monocyte classical,MDK,LRP1,0.2141321,0.0,0.045774993,0.8455773247221389,0.569796786288323,0.062478926,0.736023,0.05789331968041655,1.0
Pre-B large,Monocyte classical,HLA-F,LILRB2,0.26512802,0.017,0.06399105,0.27512945887628026,0.1672422237361305,0.008081569,0.7672597,1.0,1.0
Pre-B large,Monocyte classical,GRN,TNFRSF1B,0.31991103,0.0,0.08762763,0.20087064066793073,0.1900448734372128,0.0038792184,0.79414254,0.6872055622846425,1.0
Plasmacytoid DC,NK,CD48,CD244,0.2619808,1.0,0.0674861,0.14955868495333363,-0.23200567920606474,0.008976605,0.771974,1.0,1.0
Plasmacytoid DC,Monocyte non-classical,TNFSF13B,TFRC,0.23487332,0.0,0.055079438,0.19630935267199334,0.1565580920849379,0.0048820106,0.75360245,0.5824777390774143,1.0
Plasmacytoid DC,Monocyte non-classical,LGALS9,LRP1,0.21394593,0.0,0.044748284,0.4069267062865152,0.28252650676647,0.013776221,0.7338134,0.11151014984760156,1.0
Plasmacytoid DC,Monocyte non-classical,LGALS9,CD47,0.33725327,0.003,0.089616604,0.08105343431171942,0.04771293985799424,0.0017757837,0.79597104,1.0,1.0
Plasmacytoid DC,Monocyte classical,HLA-F,LILRB2,0.26854277,0.015,0.066343896,0.2797086282553331,0.2178984181067647,0.008378716,0.77046806,1.0,1.0
Plasmacytoid DC,HSPC,TNFSF13B,TFRC,0.23008353,0.0,0.052740585,0.18487207706584347,0.03919984300777998,0.0046747047,0.7495518,0.6185559853020375,1.0
Plasmacytoid DC,HSPC,SELL,SELPLG,0.61004764,0.0,0.08264472,0.2642658163982885,0.20236701909034288,0.00368582,0.78931576,0.7772173954297694,1.0
Plasmacytoid DC,HSPC,LTB,LTBR,0.47047314,1.0,0.07600346,0.03960708780775393,-0.3501579227279933,0.009184725,0.7822659,1.0,1.0
Plasmacytoid DC,HSPC,FAM3C,LAMP1,0.2705024,0.0,0.049720787,0.15151514051722875,-0.025544470099021027,0.0042306674,0.74397683,0.854229076055433,1.0
Plasmacytoid DC,Granulocyte precursor,TNFSF13B,TFRC,0.22474474,0.0,0.050133664,0.17212396123107995,0.11921876190416633,0.004443638,0.7447637,0.6751865155962522,1.0
Plasmacytoid DC,Granulocyte precursor,LGALS9,CD47,0.22777066,0.997,0.04977874,-0.06832759906616621,-0.19493971352027928,0.0009863828,0.74408776,1.0,1.0
Pre-B large,NK,CD58,CD2,0.32172853,0.0,0.067546956,0.17301793072486057,0.22732920719272595,0.00540234,0.7720533,0.6716117437470019,1.0
Pre-B large,NK,CD48,CD244,0.25746518,1.0,0.065426074,0.1450236034913252,-0.3238201962217372,0.008702593,0.769234,1.0,1.0
Pre-B large,Monocyte non-classical,SELL,SELPLG,0.2317572,1.0,0.050840817,-0.014353946300893539,-0.36624888881634865,0.0022674175,0.7460927,1.0,1.0
Pre-B large,Monocyte non-classical,MDK,LRP1,0.22564003,0.0,0.050500732,0.8898280373035661,0.5011081858736078,0.06892915,0.7454564,0.05789331968041655,1.0
Plasmacytoid DC,Erythroid late,TNFSF13B,TFRC,0.2336264,0.0,0.054470558,0.19333184938625803,0.21033244605712265,0.0048280424,0.752569,0.5921563682077293,1.0
Plasmacytoid DC,Erythroid late,LGALS9,CD47,0.31093067,0.062,0.080038495,0.04513819437147587,0.12872578818819752,0.0015859902,0.7866391,1.0,1.0
Plasmacytoid DC,Erythroid late,FAM3C,HLA-C,0.26854262,1.0,0.049260765,-0.7684733815542174,-1.3635383189797066,0.0006066658,0.74309057,1.0,1.0
Plasmacytoid DC,Erythroid early,SELL,SELPLG,0.6008855,0.0,0.06160641,0.2425535056005081,0.16841803536947367,0.0027475455,0.76385164,1.0,1.0
Plasmacytoid DC,Erythroid early,LGALS9,SLC1A5,0.26069272,0.0,0.061758213,0.8215073260075272,0.23147173255557155,0.009617731,0.76407355,0.17371427957140925,1.0
Plasmacytoid DC,Erythroid early,LGALS9,CD44,0.30015725,1.0,0.07611833,-0.17370435324922961,-0.6236809980245543,0.0011697602,0.78239447,1.0,1.0
Plasmacytoid DC,Erythroid early,GRN,TNFRSF1A,0.5614962,0.0,0.07068182,0.5993534573259711,0.5491645884181503,0.0068543847,0.7760205,0.177190630255587,1.0
Plasmacytoid DC,Erythroid early,FAM3C,LAMP1,0.32261807,0.0,0.061954,0.2331867347589507,0.009132483540921749,0.005271573,0.7643587,0.722969261139837,1.0
Plasmacytoid DC,Erythroid early,COPA,CD74,0.2585273,1.0,0.063610636,-0.3039980288691537,-1.8475836491850253,0.000613132,0.7667269,1.0,1.0
Plasmacytoid DC,Dendritic cell,SPN,ICAM1,0.25037268,0.0,0.048702404,0.4219463487857598,0.2657667997470374,0.014441459,0.742001,0.1298675391929969,1.0
Plasmacytoid DC,Dendritic cell,PTPRC,CD22,0.28449985,1.0,0.048728116,-0.19562069356269232,-0.5924751567934643,0.0025834744,0.7420515,1.0,1.0
Plasmacytoid DC,Dendritic cell,MIF,TNFRSF14,0.3725405,0.803,0.08841289,-0.04767899612174024,-0.26232484062193673,0.0017328154,0.7948708,1.0,1.0
Plasmacytoid DC,Dendritic cell,LILRB4,LAIR1,0.4148476,0.0,0.060704447,1.5783977594319931,0.7288325334092292,0.018905412,0.7625189,0.05789331968041655,1.0
Plasmacytoid DC,Dendritic cell,LGALS9,HAVCR2,0.23721586,0.0,0.053215604,0.5785845380493603,0.22457582550195626,0.013349098,0.75039244,0.18384912475353984,1.0
Plasmacytoid DC,Dendritic cell,GAS6,AXL,0.36625534,0.0,0.08672481,2.788925650529751,0.8850864250318144,0.37607816,0.79329467,0.0014949233386779813,1.0
Plasmacytoid DC,CD8 T memory,LGALS9,CD47,0.28216946,0.454,0.06957304,0.005895654215303334,0.020980065478737153,0.0013786136,0.7746434,1.0,1.0
Pre-B large,NK,SELL,SELPLG,0.22721532,1.0,0.04922228,-0.02511713763934781,-0.2699107730405268,0.0021952335,0.74301594,1.0,1.0
Pre-B large,NK,MDK,SORL1,0.29681814,0.0,0.07973003,0.6902598823262683,0.5470974668258423,0.026910216,0.7863149,0.05789331968041655,1.0
Pre-B large,NK,GRN,TNFRSF1B,0.21326762,0.614,0.045268055,0.0033867516548175616,-0.11409689550076282,0.0020039876,0.7349398,1.0,1.0
Pre-B large,NK,FAM3C,CLEC2D,0.30587626,0.0,0.09326746,0.2113716446265242,0.06977576935252014,0.00828346,0.7991942,0.5219345326612951,1.0
Plasmacytoid DC,CD8 T memory,FAM3C,CLEC2D,0.35105562,0.0,0.068629205,0.14382612193184274,0.2075531461844787,0.0060952357,0.773449,0.8150412208260829,1.0
Plasmacytoid DC,CD8 T cytotoxic,TGFB1,TGFBR3,0.22783107,0.0,0.051755093,0.3251131031331146,0.2276052256148942,0.010921389,0.7477771,0.18930961898129361,1.0
Plasmacytoid DC,CD8 T cytotoxic,LGALS9,CD47,0.3208621,0.009,0.08365228,0.05868902540422687,0.1190955478952121,0.0016575987,0.7903216,1.0,1.0
Plasmacytoid DC,CD8 T cytotoxic,FAM3C,LAMP1,0.25022888,0.0,0.044961948,0.11974426213156097,0.16354809939404338,0.0038257444,0.7342783,0.9322560732243318,1.0
Plasmacytoid DC,CD8 T cytotoxic,FAM3C,CLEC2D,0.35707125,0.0,0.07004126,0.15133162126998417,0.2122554567725656,0.006220647,0.7752283,0.7679708073739706,1.0
Plasmacytoid DC,CD4 T naive,LGALS9,CD47,0.2359639,1.0,0.052760046,-0.057148579711306685,-0.15730362251679653,0.0010454585,0.7495864,1.0,1.0
Plasmacytoid DC,CD4 T naive,FAM3C,CLEC2D,0.3884304,0.0,0.07740226,0.19045683350687986,0.29682491197813377,0.006874406,0.78381497,0.6074511330833542,1.0
Plasmacytoid DC,CD4 T naive,COPA,CD74,0.30180803,1.0,0.08107282,-0.27937614765689217,-1.8353238809212333,0.00078144704,0.78771466,1.0,1.0
Plasmacytoid DC,CD4 T memory,TNFSF13B,HLA-DPB1,0.227144,1.0,0.05130522,-0.21152504864446478,-1.0228243584787298,0.00062033534,0.746953,1.0,1.0
Pre-B large,Platelet,APP,CD74,0.2502526,1.0,0.059300147,-0.2849691868217134,-1.4941300832703002,0.0004149649,0.76039314,1.0,1.0
Pre-B large,Plasmacytoid DC,SELL,SELPLG,0.34422687,0.559,0.09092038,0.25217559089354064,-0.13990518749089292,0.0040549007,0.7971413,1.0,1.0
Pre-B large,Plasmacytoid DC,LGALS9,SLC1A5,0.31918517,0.0,0.07194535,0.6217358996173892,0.3991785143727476,0.011204193,0.77755666,0.05789331968041655,1.0
Pre-B large,Plasmacytoid DC,FAM3C,LAMP1,0.31774873,0.0,0.10012413,0.32209492844456133,0.1499368359927438,0.008519412,0.80482614,0.32216974618126576,1.0
Plasmacytoid DC,CD4 T memory,LGALS9,CD47,0.3011407,0.084,0.07647618,0.031780579562949954,-0.014670830819845715,0.0015154018,0.7827935,1.0,1.0
Plasmacytoid DC,CD4 T memory,FAM3C,CLEC2D,0.35953605,0.0,0.07061984,0.15440715726233495,0.11139633884274977,0.006272032,0.77594423,0.7575045779065565,1.0
Plasmacytoid DC,B naive,TNFSF13B,CD40,0.284136,0.0,0.07913434,0.5001738545304647,0.48384731082156157,0.03265384,0.78568417,0.05789331968041655,1.0
Plasmacytoid DC,B naive,LGALS9,CD47,0.2707929,0.746,0.06543341,-0.009626837183590397,-0.010944755568445486,0.0012965854,0.7692439,1.0,1.0
Plasmacytoid DC,B naive,FAM3C,CLEC2D,0.3009664,0.0,0.056871668,0.08133094221801937,0.11451223880516434,0.005051002,0.7565633,1.0,1.0
NK,T proliferating,TGFB1,TGFBR3,0.338202,0.0,0.084543645,0.4386450773057814,0.4490650485221513,0.017840449,0.7911985,0.06583269794960972,1.0
NK,T proliferating,CCL3,CCR5,0.41188484,0.0,0.06661999,1.0104900077758137,1.0516552056300335,0.11380574,0.77083516,0.00876016074322195,1.0
NK,Pre-B large,ITGAL_ITGB2,ICAM3,0.2741859,0.974,0.07116656,0.08535363590721243,-0.08178166144650145,0.0038712968,0.77661395,1.0,1.0
NK,Plasmacytoid DC,SPN,ICAM1,0.3020482,0.0,0.06773961,0.5432190763883673,0.5774931947748037,0.020086458,0.77230394,0.05789331968041655,1.0
NK,Plasmacytoid DC,ITGAL_ITGB2,ICAM3,0.3000253,0.823,0.088609256,0.11609362192238373,-0.004445835219387906,0.004820139,0.79505163,1.0,1.0
NK,Plasmacytoid DC,ITGAL_ITGB2,ICAM1,0.2431467,0.0,0.05021379,0.5829761391706154,0.5610154849575425,0.039128713,0.74491537,0.05789331968041655,1.0
NK,Plasmacytoid DC,AREG,ICAM1,0.27676404,0.0,0.060216445,0.49048939809035164,0.5912665408959501,0.021660546,0.7617873,0.05789331968041655,1.0
NK,NK,SELL,SELPLG,0.34833473,0.424,0.11614104,0.10760381321743356,0.24933046552898985,0.0051797014,0.8162183,1.0,1.0
NK,Monocyte non-classical,SELL,SELPLG,0.3528766,0.303,0.11996001,0.11836700455588783,0.15299234975316797,0.005350021,0.8186325,1.0,1.0
Pre-B large,Pre-B large,LGALS9,SLC1A5,0.30980384,0.0,0.062710404,0.5724381163148475,0.3317305708684878,0.009766017,0.7654498,0.07479893331829303,1.0
Pre-B large,Pre-B large,LGALS9,CD44,0.31094697,1.0,0.063835695,-0.013696943792601002,-0.5707475284502854,0.0009810049,0.76704264,1.0,1.0
Pre-B large,Pre-B large,FAM3C,LAMP1,0.3177575,0.0,0.1001292,0.32210874017512725,0.08824244772487713,0.008519843,0.8048302,0.47626708277624424,1.0
Pre-B large,Platelet,FAM3C,LAMP1,0.27783257,0.006,0.07707145,0.25954179727572246,0.30864246516111105,0.0065578935,0.78345186,1.0,1.0
Pre-B large,Platelet,COPA,CD74,0.24694273,1.0,0.05726175,-0.324522799660484,-1.5248541286833714,0.0005519362,0.7571922,1.0,1.0
NK,Monocyte classical,SELL,SELPLG,0.29965878,1.0,0.075212546,-0.0077479316437963075,0.10072159624941643,0.003354357,0.7813737,1.0,1.0
NK,Granulocyte precursor,SELL,SELPLG,0.2952468,1.0,0.0715028,-0.01820337606595307,0.010964324794894148,0.0031889083,0.77702254,1.0,1.0
NK,Granulocyte precursor,ITGAL_ITGB2,ICAM3,0.2922176,0.973,0.08333873,0.10680513953903839,0.0215384186629059,0.0045334348,0.7900103,1.0,1.0
NK,Dendritic cell,SPN,ICAM1,0.29372126,0.0,0.06015669,0.5028220060447395,0.4943076383702001,0.017837938,0.7616972,0.05789331968041655,1.0
NK,Dendritic cell,SELL,SELPLG,0.31280422,0.993,0.08626572,0.02340405018175347,-0.02694384748376283,0.0038473103,0.7928592,1.0,1.0
NK,Dendritic cell,MIF,TNFRSF14,0.37120247,0.92,0.08801656,-0.049256336971066905,-0.09508763286386268,0.0017250476,0.7945042,1.0,1.0
NK,Dendritic cell,ITGAL_ITGB2,ICAM1,0.23481975,0.0,0.04459275,0.5425790688269876,0.47782992855293893,0.034748558,0.7334732,0.05789331968041655,1.0
NK,Dendritic cell,AREG,ICAM1,0.2684371,0.0,0.053475685,0.4500923277467237,0.5080809844913465,0.019235818,0.75084877,0.059608152883205666,1.0
Monocyte non-classical,T proliferating,TGFB1,TGFBR3,0.3429826,0.0,0.08612572,0.4460465479325457,0.3182536691381227,0.018174298,0.7927258,0.08364951383552796,1.0
Monocyte non-classical,T proliferating,SELL,SELPLG,0.26270962,1.0,0.065508045,0.04288112486649137,-0.32199528267963995,0.0029215522,0.76934516,1.0,1.0
Monocyte non-classical,T proliferating,LGALS9,SLC1A5,0.3631776,0.0,0.073226385,0.667877575329172,0.5413590919243368,0.011403693,0.77907926,0.05789331968041655,1.0
Monocyte non-classical,T proliferating,HLA-F,KIR3DL2,0.2905504,0.0,0.0659282,0.3602275916817377,0.1716849906298804,0.02245643,0.7699119,0.27497041436999037,1.0
Pre-B large,T activated,FAM3C,CLEC2D,0.32333884,0.001,0.103352584,0.23315929572540978,0.03401094035154126,0.009179159,0.8073067,0.9572610593235005,1.0
Pre-B large,T activated,CD58,CD2,0.34072202,0.0,0.072564706,0.19757509211521518,0.15579207056602903,0.005803655,0.778297,0.577152263258434,1.0
Pre-B large,Pre-B small,FAM3C,LAMP1,0.27552065,0.0,0.07573625,0.25591869612463136,0.18124117682531152,0.0064442833,0.78196573,0.3721351681178616,1.0
Pre-B large,Pre-B small,FAM3C,CLEC2D,0.353521,0.0,0.120783634,0.2708169371664132,0.21387853773448914,0.010727281,0.81913984,0.3311736798291026,1.0
Monocyte non-classical,T activated,ITGAL_ITGB2,ICAM3,0.3551458,0.03,0.111865334,0.12076734675370587,0.04975693719713534,0.0060852165,0.8133882,1.0,1.0
Monocyte non-classical,T activated,APP,CD74,0.35796997,1.0,0.08992234,-0.2526414264840694,-1.445575003855582,0.00062924996,0.7962475,1.0,1.0
Monocyte non-classical,Pre-B large,LGALS9,SLC1A5,0.3664042,0.0,0.07713314,0.6848328994120079,0.5590966986977927,0.0120121,0.7835198,0.05789331968041655,1.0
Monocyte non-classical,Pre-B large,LGALS9,CD44,0.36754733,1.0,0.07851724,0.09869783930455922,-0.34338140062098055,0.001206626,0.78502434,1.0,1.0
Monocyte non-classical,Pre-B large,ITGAL_ITGB2,ICAM3,0.22328389,1.0,0.049701113,-0.03610272437336465,-0.30998249823544055,0.002703626,0.7439391,1.0,1.0
Monocyte non-classical,Platelet,LGALS9,CD47,0.5941411,0.0,0.35287696,0.5631146682277415,0.92024449666939,0.006992378,0.8856026,0.16607966535970278,1.0
Monocyte non-classical,Platelet,APP,CD74,0.23519811,1.0,0.050028805,-0.3224849934014681,-1.4317986749456222,0.00035008678,0.74456453,1.0,1.0
Monocyte non-classical,Plasmacytoid DC,TNFSF13B,TNFRSF17,0.3526473,0.0,0.0891019,1.1506971324000892,0.6335917902653074,0.08916327,0.7955029,0.05789331968041655,1.0
Pre-B large,T proliferating,CLEC2B,KLRF1,0.2251414,0.842,0.05031085,-0.05059139513547675,-0.2920306686741155,0.0022228644,0.74509877,1.0,1.0
Pre-B large,T proliferating,BAG6,NCR3,0.32322896,0.0,0.1043831,0.5370619152158856,0.32237921752465026,0.023178637,0.8080772,0.08069747049719499,1.0
Pre-B large,T activated,FAM3C,LAMP1,0.26630503,0.0,0.07041397,0.24147687983215574,0.09903803339761338,0.0059914193,0.7756904,0.4545913749278845,1.0
Monocyte non-classical,Plasmacytoid DC,TNFSF13B,TFRC,0.35188174,0.0,0.08827446,0.3890190505863357,0.40427385265197036,0.007824278,0.794743,0.1217428016753116,1.0
Monocyte non-classical,Plasmacytoid DC,SPN,ICAM1,0.29715016,0.0,0.06628223,0.5340806817361006,0.45869841100470266,0.01965431,0.7703859,0.05789331968041655,1.0
Monocyte non-classical,Plasmacytoid DC,SELL,SELPLG,0.35687652,0.291,0.10382998,0.2660369082634689,-0.03278770979233986,0.0046306476,0.8076648,1.0,1.0
Monocyte non-classical,Plasmacytoid DC,LILRB4,LAIR1,0.2904001,0.0,0.06684638,0.7753039604222047,0.5888419790585295,0.020818217,0.7711347,0.05789331968041655,1.0
Monocyte non-classical,Plasmacytoid DC,LGALS9,SLC1A5,0.3757855,0.0,0.08849203,0.7341306827145493,0.6265446422020524,0.013781042,0.79494375,0.05789331968041655,1.0
Monocyte non-classical,Plasmacytoid DC,LGALS9,CD47,0.621572,0.0,0.38609028,0.600542087567804,0.6160257552048782,0.007650511,0.89008075,0.1298675391929969,1.0
Monocyte non-classical,Plasmacytoid DC,ITGAX_ITGB2,ICAM1,0.2631617,0.0,0.05616914,0.9069388182596745,0.5969228795057246,0.08650907,0.7554168,0.05789331968041655,1.0
Monocyte non-classical,Plasmacytoid DC,ITGAL_ITGB2,ICAM3,0.2491233,0.999,0.061882693,-0.005362738358193342,-0.23264667200832703,0.003366276,0.76425505,1.0,1.0
Monocyte non-classical,NK,SELL,SELPLG,0.23986498,1.0,0.056211248,-0.01125582026941957,-0.16279329534197373,0.0025069301,0.7554861,1.0,1.0
Monocyte non-classical,NK,LGALS9,CD47,0.5792373,0.0,0.33483136,0.5427795740513515,0.7193343620599081,0.0066347984,0.88291657,0.19069353977181439,1.0
Monocyte non-classical,NK,HBEGF,CD44,0.30004522,1.0,0.081865825,0.125814779154098,-0.023349744542063677,0.007122373,0.78852737,1.0,1.0
Monocyte non-classical,NK,CD58,CD2,0.34939197,0.0,0.09583923,0.2570749621531366,0.35787697498223264,0.007665129,0.801368,0.3698492153089025,1.0
Monocyte non-classical,Monocyte non-classical,SELL,SELPLG,0.24440685,1.0,0.0580596,-0.0004926289309652998,-0.2591314111177956,0.0025893634,0.7584619,1.0,1.0
Monocyte non-classical,Monocyte non-classical,CCL3,CCR1,0.27715886,0.0,0.07517587,0.526942082051655,0.6086898879813685,0.03414266,0.781332,0.05789331968041655,1.0
Monocyte non-classical,Monocyte classical,ITGAL_ITGB2,ICAM3,0.34654826,0.002,0.107812144,0.11053924512684118,0.12080335975740739,0.0058647324,0.8105712,1.0,1.0
Pre-B small,B naive,MIF,TNFRSF14,0.2910398,1.0,0.084456034,-0.11154097772830579,-0.11559453927903995,0.0016552646,0.7911127,1.0,1.0
Pre-B large,T proliferating,SELL,SELPLG,0.25005996,0.998,0.05736317,0.029019807496563133,-0.429112760378193,0.002558304,0.75735486,1.0,1.0
Pre-B large,T proliferating,LGALS9,SLC1A5,0.30657727,0.0,0.059534147,0.5554827922320118,0.31399296409503197,0.009271372,0.7607517,0.08719510721337136,1.0
Pre-B large,T proliferating,LCK,CD8A_CD8B,0.45164973,0.008,0.05817398,0.24889134804300714,-0.18478495811835383,0.0035570445,0.75864214,1.0,1.0
Pre-B large,T proliferating,GRN,TNFRSF1B,0.2434082,0.274,0.05724012,0.0592016003148035,-0.2601512433806279,0.0025339832,0.7571575,1.0,1.0
Monocyte non-classical,Monocyte classical,CD99,PILRA,0.34496796,0.922,0.1173125,0.21351635686870396,0.0916514464257685,0.0053479504,0.8169698,1.0,1.0
Monocyte non-classical,Monocyte classical,CCL3,CCR1,0.26058477,0.0,0.064645685,0.4620482061038764,0.6279883060043069,0.029360168,0.7681672,0.05789331968041655,1.0
Monocyte non-classical,HSPC,MIF,TNFRSF14,0.35097212,0.993,0.08846054,-0.06891832581135109,-0.24502971388823264,0.0017337494,0.79491466,1.0,1.0
Monocyte non-classical,HSPC,LGALS9,SLC1A5,0.34466416,0.0,0.05081031,0.5705916237636293,0.49109992073299275,0.007912792,0.74603575,0.1159041156915506,1.0
Monocyte non-classical,HSPC,LGALS9,CD47,0.60082996,0.0,0.36097574,0.572241031348978,0.45169182062066715,0.0071528587,0.886747,0.15549962418894694,1.0
Monocyte non-classical,Granulocyte precursor,ITGAL_ITGB2,ICAM3,0.2413156,1.0,0.058201876,-0.014651220741538684,-0.20666241812603323,0.0031660479,0.75868607,1.0,1.0
Monocyte non-classical,Granulocyte precursor,GRN,TNFRSF1A,0.41297525,0.0,0.08578302,0.42636757730427666,0.4547616824220437,0.008318828,0.792398,0.09935869964084904,1.0
Monocyte non-classical,Erythroid early,TNFSF13B,HLA-DPB1,0.3200622,1.0,0.053882692,0.011860180261471454,-0.8915531491096057,0.00065149984,0.7515573,1.0,1.0
Pre-B small,CD8 T cytotoxic,CLEC2D,KLRB1,0.6170502,0.0,0.34124053,0.1714785707641189,0.3522493533808566,0.0073181586,0.883893,0.6823788518059345,1.0
Pre-B small,CD8 T cytotoxic,CLEC2B,KLRF1,0.30272838,0.015,0.08769533,0.08173253493964416,0.14030069717622412,0.0038746083,0.7942056,1.0,1.0
Pre-B small,CD4 T naive,MIF,TNFRSF14,0.27175626,1.0,0.07262397,-0.14404939302587957,-0.20334672601566117,0.0014233664,0.77836746,1.0,1.0
Pre-B small,CD4 T naive,MIF,CD74,0.3543381,1.0,0.12329486,-0.525384432628878,-2.117098143095279,0.00024297868,0.8206592,1.0,1.0
Pre-B small,CD4 T naive,LGALS9,CD47,0.34401083,0.0,0.11542529,0.15740708018092645,0.24189533985957518,0.0022871916,0.81575423,1.0,1.0
Pre-B small,CD4 T memory,MIF,TNFRSF14,0.29907656,1.0,0.08938726,-0.09799247296392083,-0.16456452836491225,0.0017519123,0.7957629,1.0,1.0
Pre-B small,CD4 T memory,CD72,SEMA4D,0.32269022,0.0,0.07600211,0.6893347590969211,0.7066831695008029,0.023759771,0.7822644,0.05789331968041655,1.0
Monocyte non-classical,Erythroid early,HBEGF,CD44,0.3140414,1.0,0.08773596,0.1401701974986463,-0.33027083387620276,0.0076330784,0.7942435,1.0,1.0
Monocyte non-classical,Erythroid early,GRN,TNFRSF1A,0.38552502,0.0,0.04712647,0.3373987523866278,0.33029869683569435,0.0045701,0.7388399,0.48926387896372586,1.0
Monocyte non-classical,Erythroid early,APP,CD74,0.23889655,1.0,0.051230576,-0.32038100444227446,-1.8387026840176222,0.0003584964,0.74681526,1.0,1.0
Monocyte non-classical,Dendritic cell,TNFSF13B,TFRC,0.3495404,0.0,0.08574389,0.38342844571231366,0.32634034687783053,0.007599979,0.7923604,0.13266404814755595,1.0
Monocyte non-classical,Dendritic cell,SPN,ICAM1,0.28882322,0.0,0.05886245,0.4936836113924726,0.3755128546000991,0.017454164,0.7597177,0.05789331968041655,1.0
Monocyte non-classical,Dendritic cell,MIF,TNFRSF14,0.34270376,0.995,0.07957524,-0.08285730571377728,-0.25007766257352404,0.0015596052,0.7861515,1.0,1.0
Monocyte non-classical,Dendritic cell,LTB,LTBR,0.25040224,1.0,0.048757505,-0.02223471363944518,-0.9165017041818926,0.0058921557,0.7421091,1.0,1.0
Monocyte non-classical,Dendritic cell,LGALS9,SLC1A5,0.34565553,0.0,0.05201067,0.5758011534753513,0.49812262919972106,0.008099726,0.7482414,0.10784437744954035,1.0
Monocyte non-classical,Dendritic cell,LGALS9,CD47,0.60333455,0.0,0.3640083,0.5756583722535873,0.4612954227786895,0.0072129495,0.88716644,0.15273963600803694,1.0
Monocyte non-classical,Dendritic cell,ITGAX_ITGB2,ICAM1,0.25483474,0.0,0.049881447,0.8665417479160465,0.5137373231011211,0.07682506,0.744284,0.05789331968041655,1.0
Monocyte non-classical,Dendritic cell,HLA-F,LILRB2,0.28704214,0.0,0.06293541,0.15124370748567048,0.023797470329321696,0.0079482505,0.7657712,0.7706042239298262,1.0
Monocyte non-classical,Dendritic cell,CD99,PILRA,0.31474036,1.0,0.093971826,0.12218898957072677,-0.18790743017282618,0.0042839143,0.7997973,1.0,1.0
Pre-B small,Dendritic cell,PTPRC,CD22,0.29477045,1.0,0.050885405,-0.18587689182374528,-0.37549300429746946,0.0026978499,0.7461757,1.0,1.0
Pre-B small,Dendritic cell,MIF,TNFRSF14,0.22744596,1.0,0.045435883,-0.2187488793114039,-0.4002468397929737,0.0008905036,0.7353,1.0,1.0
Pre-B small,Dendritic cell,LTB,LTBR,0.337374,1.0,0.07177344,0.04174096641262326,-0.49835315822232173,0.008673543,0.77734965,1.0,1.0
Pre-B small,Dendritic cell,LGALS9,HAVCR2,0.34526277,0.0,0.11642193,0.7931401979415933,0.623774787878328,0.029204361,0.81639946,0.05789331968041655,1.0
Pre-B small,CD8 T memory,MIF,TNFRSF14,0.2609469,1.0,0.06599152,-0.16227230766431755,-0.19546087451072847,0.0012933762,0.7699969,1.0,1.0
Pre-B small,CD8 T cytotoxic,MIF,TNFRSF14,0.3000866,1.0,0.090007,-0.09628979262220969,-0.08059371851745278,0.0017640587,0.7963238,1.0,1.0
Monocyte non-classical,CD8 T cytotoxic,ALOX5,ALOX5AP,0.24442065,0.0,0.055461127,0.21432241463358406,0.0927242330713483,0.010080781,0.7542431,0.5102225827723434,1.0
Monocyte non-classical,CD4 T naive,APP,CD74,0.28217727,1.0,0.065294236,-0.2957591232300129,-1.8264429157538302,0.0004569097,0.7690549,1.0,1.0
Monocyte non-classical,CD4 T memory,ALOX5,ALOX5AP,0.32956856,0.0,0.08594347,0.3251014041343239,0.20893369048295746,0.015621343,0.79255164,0.2078992768591177,1.0
Monocyte non-classical,B naive,LGALS9,CD44,0.5746503,0.0,0.32927743,0.31111626147007687,0.22488768617814348,0.0050602225,0.88204926,0.3860742154377596,1.0
Monocyte non-classical,B naive,ALOX5,ALOX5AP,0.2215721,0.0,0.047281504,0.18459587380838993,-0.004886508464668704,0.008594029,0.7391567,0.7653441460509905,1.0
Monocyte classical,T proliferating,TGFB1,TGFBR3,0.3436648,0.0,0.086351484,0.447102426903755,0.47960893127421167,0.01822194,0.7929408,0.06058093007855336,1.0
Monocyte classical,T proliferating,LGALS9,SLC1A5,0.2473795,0.0,0.04521357,0.43792979862647063,0.43498994311833383,0.0070412,0.7348224,0.16235813984040312,1.0
Monocyte classical,T proliferating,CLEC2B,KLRF1,0.26059377,0.562,0.064896256,-0.004764372643315265,-0.05051947056617878,0.0028672856,0.76851153,1.0,1.0
Monocyte classical,T activated,MIF,TNFRSF14,0.33909088,1.0,0.10605268,-0.06266606641596319,-0.11221297475665243,0.00207854,0.80930465,1.0,1.0
Monocyte classical,T activated,LGALS9,CD47,0.34493536,0.0,0.11814704,0.15114176703747756,0.24286895758221416,0.0023411242,0.8174992,1.0,1.0
Pre-B small,HSPC,LTB,LTBR,0.31583294,1.0,0.048404418,-0.07414490488641745,-0.543956074218238,0.005849487,0.74141306,1.0,1.0
Pre-B small,HSPC,CD72,SEMA4D,0.29266793,0.0,0.046556193,0.6204953870497409,0.5627190306820417,0.014554393,0.7376636,0.05789331968041655,1.0
Pre-B small,Granulocyte precursor,LGALS9,CD47,0.33581758,0.0,0.10890296,0.14622806082606693,0.20425924885609242,0.0021579496,0.81134284,1.0,1.0
Pre-B small,Erythroid early,MIF,CD74,0.3110574,1.0,0.09673852,-0.5500063138411395,-2.129357911359071,0.00019064377,0.8021103,1.0,1.0
Pre-B small,Erythroid early,CD72,SEMA4D,0.3112481,0.0,0.06477965,0.6630985769021328,0.5780608361468756,0.020251406,0.7683515,0.05789331968041655,1.0
Monocyte classical,Pre-B large,MIF,TNFRSF14,0.31856477,1.0,0.0882529,-0.09726945840909802,-0.20492220562844288,0.0017296799,0.79472315,1.0,1.0
Monocyte classical,Pre-B large,LGALS9,SLC1A5,0.2506061,0.0,0.047625795,0.4548851227093065,0.45272754989178965,0.0074168607,0.73985547,0.1405875215909618,1.0
Monocyte classical,Pre-B large,LGALS9,CD44,0.25174922,1.0,0.048480406,-0.1312499373981421,-0.44975054942698356,0.0007450302,0.7415634,1.0,1.0
Monocyte classical,Plasmacytoid DC,MIF,TNFRSF14,0.30874377,1.0,0.07973634,-0.11382587482882148,-0.2015241975874587,0.0015627627,0.78632146,1.0,1.0
Monocyte classical,Plasmacytoid DC,LGALS9,SLC1A5,0.2599874,0.0,0.05463933,0.504182906011848,0.5201754933960494,0.008509093,0.7528569,0.09326322360570251,1.0
Monocyte classical,Plasmacytoid DC,ITGAM_ITGB2,ICAM1,0.27102727,0.0,0.0585095,0.7088983072029726,0.7401272790302257,0.08294183,0.7591683,0.05789331968041655,1.0
Monocyte classical,NK,TNFSF13B,HLA-DPB1,0.6218759,0.0,0.33084458,0.41130351116641084,0.20921999257526813,0.0040002675,0.882296,0.6435221023879961,1.0
Monocyte classical,NK,HBEGF,CD44,0.29692757,1.0,0.079431646,0.11397954542554095,0.03292982386216703,0.0069105984,0.78599966,1.0,1.0
Monocyte classical,Monocyte non-classical,LGALS9,LRP1,0.30987927,0.0,0.09193884,0.5974274126695257,0.6407448027428332,0.02830432,0.79804057,0.05789331968041655,1.0
Monocyte classical,Monocyte non-classical,CD99,PILRA,0.6230503,0.0,0.38384923,0.8853033785036072,0.5851720577132083,0.017498618,0.8897956,0.05789331968041655,1.0
Monocyte classical,Monocyte non-classical,CCL3,CCR1,0.28586218,0.0,0.079295106,0.54114324810674,0.6335607751324857,0.0360135,0.785855,0.05789331968041655,1.0
Pre-B small,Monocyte non-classical,LGALS9,LRP1,0.32199284,0.0,0.097897634,0.6214823661787483,0.6817254691428417,0.030138796,0.8030539,0.05789331968041655,1.0
Pre-B small,Monocyte non-classical,CD99,PILRA,0.5833414,0.0,0.32913464,0.84350314053,0.7306714026413511,0.015004333,0.8820267,0.05789331968041655,1.0
Pre-B small,Monocyte classical,LGALS9,LRP1,0.31048492,0.0,0.08873661,0.5772316535973212,0.7504140695575569,0.027318481,0.7951685,0.05789331968041655,1.0
Pre-B small,Monocyte classical,LGALS9,CD47,0.31156558,0.0,0.08959688,0.11313793454895049,0.19877322066821834,0.001775393,0.79595315,1.0,1.0
Pre-B small,Monocyte classical,HLA-F,LILRB2,0.3038097,0.0,0.09064366,0.3270011200636258,0.4283819870956008,0.011447586,0.7968948,0.18520302483581694,1.0
Pre-B small,HSPC,MIF,TNFRSF14,0.23571432,1.0,0.05050921,-0.2048098994089777,-0.3951988911076823,0.0009899364,0.74547225,1.0,1.0
Monocyte classical,Monocyte classical,LGALS9,LRP1,0.29837132,0.0,0.08333542,0.5531767000880985,0.7094334031575483,0.025655672,0.790007,0.05789331968041655,1.0
Monocyte classical,Monocyte classical,LGALS9,CD47,0.299452,0.001,0.08414333,0.08908298103972784,0.15779255426820982,0.0016673291,0.7908061,1.0,1.0
Monocyte classical,Monocyte classical,HLA-F,LILRB2,0.2875989,0.0,0.07947403,0.3052625802295821,0.30909280655395427,0.01003695,0.7860446,0.23477542298855633,1.0
Monocyte classical,Monocyte classical,CCL3,CCR1,0.2692881,0.0,0.06818792,0.47624937215896135,0.652859193155424,0.03096895,0.7728833,0.05789331968041655,1.0
Monocyte classical,HSPC,SELL,SELPLG,0.43685707,0.0,0.057711117,0.074486243863465,0.1469632419764298,0.0025738217,0.7579101,1.0,1.0
Monocyte classical,HSPC,MIF,TNFRSF14,0.29911295,1.0,0.0713847,-0.1300617704885525,-0.2902161179108587,0.0013990778,0.7768794,1.0,1.0
Monocyte classical,Granulocyte precursor,LGALS9,CD47,0.323704,0.001,0.102274306,0.12217310731684426,0.1632785824560839,0.0020266003,0.8064896,1.0,1.0
Monocyte classical,Erythroid early,TNFSF13B,HLA-DPB1,0.4789907,0.999,0.08557476,0.2983517437548198,-0.30337312886543055,0.001034691,0.79219806,1.0,1.0
Pre-B small,NK,MIF,TNFRSF14,0.30440357,1.0,0.09265583,-0.08901197152786006,-0.04337583175318399,0.0018159733,0.79866576,1.0,1.0
Pre-B small,NK,CD48,CD244,0.21338487,1.0,0.04531654,0.10075303497108068,-0.2604539086803862,0.0060277404,0.735044,1.0,1.0
Pre-B small,Monocyte non-classical,MIF,TNFRSF14,0.3200179,1.0,0.10223653,-0.06268899128037504,-0.12591525135046394,0.0020037468,0.80646074,1.0,1.0
Monocyte classical,Erythroid early,SELL,SELPLG,0.42769495,0.0,0.043019984,0.05277393306568462,0.11301425825556058,0.0019186212,0.72994876,1.0,1.0
Monocyte classical,Erythroid early,LGALS9,SLC1A5,0.35662603,0.0,0.12688705,1.0120080323905376,0.5896900285319348,0.019760378,0.8227628,0.05789331968041655,1.0
Monocyte classical,Erythroid early,HBEGF,CD44,0.31092376,1.0,0.08512724,0.12833496377008924,-0.27399126547197206,0.0074061183,0.7917661,1.0,1.0
Monocyte classical,Erythroid early,GRN,TNFRSF1A,0.5717798,0.0,0.072058365,0.6146614513605434,0.8978630795313918,0.0069878763,0.7776924,0.16649708184352427,1.0
Monocyte classical,Erythroid early,CXCL8,ACKR1,0.6022878,0.0,0.065876864,1.2763282099893307,1.6956109613395525,0.2786621,0.7698428,0.0012131940399899882,1.0
Monocyte classical,Dendritic cell,MIF,TNFRSF14,0.2908446,1.0,0.06421456,-0.14400075039097868,-0.2952640665961501,0.0012585493,0.76757085,1.0,1.0
Monocyte classical,Dendritic cell,LGALS9,HAVCR2,0.3331492,0.0,0.10933561,0.7690852444323707,0.5827941214783194,0.027426763,0.81164604,0.05789331968041655,1.0
Monocyte classical,Dendritic cell,ITGAM_ITGB2,ICAM1,0.26270032,0.0,0.051959816,0.6685012368593448,0.6569417226256221,0.07365714,0.7481493,0.05789331968041655,1.0
Monocyte classical,CD8 T memory,MIF,TNFRSF14,0.32434553,1.0,0.09326586,-0.08752417874389232,-0.09047810131390488,0.0018279295,0.79919297,1.0,1.0
Monocyte classical,CD8 T cytotoxic,CLEC2B,KLRF1,0.34052694,0.0,0.115331404,0.13059234383433704,0.1944762068821987,0.0050956416,0.815693,0.8794285403302593,1.0
Monocyte classical,CD4 T naive,MIF,TNFRSF14,0.3351549,1.0,0.1026395,-0.06930126410545437,-0.09836395281883759,0.0020116447,0.8067676,1.0,1.0
Monocyte classical,CD4 T naive,LGALS9,CD47,0.33189723,0.0,0.10839963,0.1333521266717038,0.20091467345956665,0.0021479758,0.810988,1.0,1.0
Monocyte classical,B naive,MIF,TNFRSF14,0.35443842,1.0,0.119361766,-0.03679284880788057,-0.010611766082216367,0.0023393866,0.8182611,1.0,1.0
Pre-B small,Pre-B small,MIF,TNFRSF14,0.33230823,1.0,0.10977769,-0.041969658601627435,0.0473733078766026,0.0021515468,0.81195426,1.0,1.0
Pre-B small,Pre-B large,MIF,TNFRSF14,0.25516614,1.0,0.062444538,-0.17201758732952324,-0.30990497882526646,0.0012238584,0.7650683,1.0,1.0
Pre-B small,Pre-B large,LGALS9,SLC1A5,0.2627197,0.0,0.050712544,0.47894007621852913,0.4937082162917982,0.007897567,0.7458533,0.11686232581361176,1.0
Pre-B small,Pre-B large,LGALS9,CD44,0.26386282,1.0,0.051622543,-0.10719498388891946,-0.40876988302697503,0.0007933175,0.7475353,1.0,1.0
Pre-B small,Platelet,MIF,CD74,0.30735898,1.0,0.09446921,-0.5521103028003331,-1.722453902287071,0.00018617163,0.8002196,1.0,1.0
Pre-B small,Plasmacytoid DC,MIF,TNFRSF14,0.24534512,1.0,0.056418523,-0.1885740037492467,-0.3065069707842823,0.0011057538,0.7558258,1.0,1.0
Pre-B small,Plasmacytoid DC,LGALS9,SLC1A5,0.27210099,0.0,0.058180645,0.5282378595210706,0.5611561597960579,0.009060589,0.7586526,0.07502846574138378,1.0
HSPC,T proliferating,TGFB1,TGFBR3,0.22282967,0.002,0.046362728,0.2600113364846531,-0.04574240818983044,0.00978349,0.7372605,1.0,1.0
HSPC,T proliferating,LGALS9,SLC1A5,0.27166057,0.0,0.051087417,0.4861466330562488,0.21254256105970298,0.007955947,0.7465507,0.20059460223079614,1.0
HSPC,T proliferating,GRN,TNFRSF1B,0.26042357,0.14,0.0670482,0.08453102663893428,-0.25726066720565727,0.0029681807,0.7714006,1.0,1.0
HSPC,T proliferating,FAM3C,LAMP1,0.3088819,0.007,0.06906713,0.22811659846323698,0.0250520982700512,0.005876818,0.7740058,1.0,1.0
HSPC,T proliferating,CLEC2D,KLRB1,0.31756994,0.938,0.050727956,-0.15680382822649902,-0.8692293913910688,0.001087899,0.74588203,1.0,1.0
HSPC,T proliferating,CLEC2B,KLRF1,0.3431756,0.08,0.09887112,0.10198418701074657,-0.09730074478480683,0.004368384,0.80383515,1.0,1.0
HSPC,T proliferating,BAG6,NCR3,0.26990464,0.0,0.06887797,0.3983134288349466,0.19954455024644058,0.015294597,0.77376586,0.22467047105448193,1.0
HSPC,T activated,TNFSF13B,HLA-DPB1,0.29168314,1.0,0.08109229,-0.10449743243431742,-0.9388635991943873,0.000980493,0.7877347,1.0,1.0
HSPC,T activated,FAM3C,CLEC2D,0.25224838,0.544,0.052464094,0.04166935129537494,-0.12664352629452344,0.0046595475,0.749058,1.0,1.0
HSPC,T activated,CD58,CD2,0.35195982,0.0,0.084911756,0.23172190410683569,0.16691956246860665,0.0067911595,0.7915571,0.4414252302676928,1.0
HSPC,Pre-B small,FAM3C,CLEC2D,0.28243056,0.02,0.061312485,0.07932699273637836,0.053224071088424446,0.0054454086,0.76342005,1.0,1.0
Pre-B small,T proliferating,LGALS9,SLC1A5,0.25949308,0.0,0.048143975,0.46198475213569334,0.47597060951834236,0.0074975584,0.7408956,0.1362229130137116,1.0
Pre-B small,T proliferating,CLEC2B,KLRF1,0.22279522,0.868,0.049345613,-0.05362418153800816,-0.10469498027215335,0.0021802178,0.7432549,1.0,1.0
Pre-B small,T proliferating,CD72,SEMA4D,0.31736854,0.0,0.070782594,0.6771324751923575,0.6258972468148926,0.02212805,0.7761443,0.05789331968041655,1.0
Pre-B small,T activated,MIF,TNFRSF14,0.27569222,1.0,0.075039014,-0.1374141953363884,-0.21719574795347601,0.0014706991,0.7811763,1.0,1.0
Pre-B small,T activated,LGALS9,CD47,0.35704896,0.0,0.12580445,0.1751967205467002,0.2838496239822227,0.0024928583,0.8221372,1.0,1.0
HSPC,Pre-B large,MDK,SORL1,0.26473576,0.0,0.044682812,1.014344112573581,0.2520383083947013,0.015081196,0.73367035,0.14656914076529903,1.0
HSPC,Pre-B large,LGALS9,SLC1A5,0.27488714,0.0,0.053813025,0.5031019571390846,0.23028016783315877,0.00838041,0.7514365,0.17631669539653552,1.0
HSPC,Pre-B large,LGALS9,CD44,0.27603027,1.0,0.05477866,-0.083033102968364,-0.6721979314856144,0.0008418196,0.7530937,1.0,1.0
HSPC,Pre-B large,FAM3C,LAMP1,0.24666703,0.001,0.05082783,0.1306187957450924,-0.07241201892118757,0.0043248637,0.7460684,1.0,1.0
HSPC,Pre-B large,FAM3C,CLEC2D,0.3585224,0.0,0.08362004,0.17426513185069137,-0.016529945647810712,0.0074266326,0.7902896,0.8150412208260829,1.0
HSPC,Platelet,COPA,CD74,0.24530968,1.0,0.056256033,-0.32833730690373697,-1.5394911321914555,0.00054224225,0.7555596,1.0,1.0
HSPC,Platelet,APP,CD74,0.30013055,1.0,0.09001759,-0.16067286971697206,-1.3775549372994003,0.0006299164,0.7963333,1.0,1.0
HSPC,Plasmacytoid DC,TNFSF13B,TNFRSF17,0.25984976,0.0,0.058501806,0.9834162500547874,0.3129171057193676,0.0585421,0.7591562,0.0874526045862562,1.0
HSPC,Plasmacytoid DC,TNFSF13B,TFRC,0.2590842,0.0,0.057958525,0.22173816824103398,0.08359916810603055,0.005137201,0.7583023,0.4911420490856914,1.0
HSPC,Plasmacytoid DC,MDK,SORL1,0.30712473,0.0,0.08063855,1.0938407519877544,0.43773201659877614,0.02721686,0.7872652,0.05789331968041655,1.0
HSPC,Plasmacytoid DC,LGALS9,SLC1A5,0.28426847,0.0,0.061737712,0.5523997404416261,0.2977281113374186,0.009614538,0.7640436,0.09851039115525927,1.0
HSPC,Plasmacytoid DC,FAM3C,LAMP1,0.24665827,0.0,0.050825257,0.13060498401452653,-0.010717630653320903,0.004324645,0.7460636,0.8772470132182499,1.0
HSPC,NK,TGFB1,TGFBR3,0.2439084,0.0,0.058174882,0.34097277030405654,0.17715773687073,0.012276097,0.7586436,0.26773871183439524,1.0
T activated,CD4 T naive,COPA,CD74,0.29541296,1.0,0.07593265,-0.2943139702800434,-1.831481067310463,0.00073190185,0.7821865,1.0,1.0
Pre-B small,T proliferating,MIF,TNFRSF14,0.2969451,0.993,0.08807943,-0.10158562685573745,-0.2798845341720387,0.0017262799,0.7945625,1.0,1.0
HSPC,NK,GRN,TNFRSF1B,0.23028299,0.135,0.053024724,0.02871617797894834,-0.11120631932579217,0.0023473704,0.75005573,1.0,1.0
HSPC,NK,FAM3C,LAMP1,0.3059024,0.0,0.06819363,0.22344728289374766,0.2746672156848974,0.005802494,0.7728906,0.4726017446677057,1.0
HSPC,NK,FAM3C,CLEC2D,0.23478583,0.969,0.04734466,0.019881700196489355,-0.09087869729354456,0.00420487,0.7392854,1.0,1.0
HSPC,NK,CD58,CD2,0.33296633,0.0,0.07904022,0.20716474271648108,0.23845669909530356,0.00632156,0.7855839,0.5318475423788126,1.0
HSPC,NK,CD48,CD244,0.2122258,1.0,0.04478777,0.09958897407261175,-0.4143246457172568,0.005957406,0.73389953,1.0,1.0
HSPC,Monocyte non-classical,TNFSF13B,TFRC,0.29021063,0.0,0.08004734,0.29606288496792155,0.17504094737825318,0.007095061,0.78664833,0.26953310072310743,1.0
HSPC,Monocyte non-classical,MDK,SORL1,0.2985044,0.0,0.07332648,1.077674104511374,0.40049426638397817,0.024748914,0.7791968,0.05789331968041655,1.0
HSPC,Monocyte non-classical,MDK,LRP1,0.3350357,0.0,0.104313545,1.479241250036459,0.7340206010161217,0.142379,0.80802554,0.01891639555680259,1.0
HSPC,Monocyte non-classical,LGALS9,LRP1,0.33416033,0.0,0.10388293,0.6456442470993038,0.41829742068420234,0.03198143,0.8077045,0.05789331968041655,1.0
HSPC,Monocyte non-classical,HLA-F,LILRB2,0.36763337,0.0,0.0706644,0.6282006823357345,0.1803856991811924,0.00892436,0.7759991,0.26065060096560083,1.0
HSPC,Monocyte non-classical,GRN,TNFRSF1A,0.23436952,0.0,0.054926064,0.26062277122690547,0.043736207774199454,0.005326468,0.7533435,0.59432345237881,1.0
HSPC,Monocyte non-classical,FAM3C,LAMP1,0.22672841,0.0,0.044982497,0.09937264887296626,0.01518777703635052,0.003827493,0.73432297,1.0,1.0
T activated,Dendritic cell,FLT3LG,FLT3,0.2448297,0.0,0.059941456,0.8872687704212752,0.31247970269649245,0.041050293,0.7613718,0.08796930985526759,1.0
T activated,Dendritic cell,ANXA1,FPR1,0.3578405,0.973,0.07001085,0.014784621735047021,-0.21065828217783136,0.0058508636,0.7751906,1.0,1.0
T activated,CD8 T cytotoxic,TGFB1,TGFBR3,0.3437185,0.0,0.101704024,0.5045440782461668,0.5334761864138754,0.021461641,0.8060529,0.05789331968041655,1.0
HSPC,Monocyte classical,MDK,LRP1,0.32352775,0.0,0.09455213,1.4349905374550316,0.8027092014308368,0.12905551,0.80028975,0.0235693801645453,1.0
HSPC,Monocyte classical,LGALS9,LRP1,0.3226524,0.0,0.094161816,0.6013935345178766,0.4869860210989175,0.028988687,0.799959,0.05789331968041655,1.0
HSPC,Monocyte classical,LGALS9,CD47,0.32373303,0.0,0.09507468,0.13729981546950595,-0.06465482779042103,0.0018839375,0.8007298,1.0,1.0
HSPC,Monocyte classical,GRN,TNFRSF1B,0.3369264,0.0,0.102642596,0.2262000669920615,0.19293544961218345,0.0045439214,0.80676997,0.4949146063116335,1.0
HSPC,Monocyte classical,FAM3C,LAMP1,0.21936402,0.0,0.04282351,0.08783169840246793,0.06119267198057407,0.003643788,0.72949743,1.0,1.0
HSPC,HSPC,TNFSF13B,TFRC,0.28542084,0.0,0.07664827,0.28462560936177167,0.057682698301095264,0.0067937816,0.7829845,0.5613947701263853,1.0
HSPC,HSPC,SELL,SELPLG,0.51994216,0.0,0.06967257,0.16552951723210496,0.005312821464831766,0.0031072833,0.77476823,1.0,1.0
HSPC,HSPC,MDK,SORL1,0.3416664,0.0,0.109937906,1.1586203528283825,0.41201943642622374,0.037105877,0.81206566,0.05789331968041655,1.0
HSPC,HSPC,GRN,TNFRSF1A,0.2554103,0.0,0.06471568,0.32881807132665375,-0.06246901711293762,0.0062758187,0.76826364,0.9945932553913044,1.0
HSPC,HSPC,FAM3C,LAMP1,0.28511095,0.0,0.062098287,0.19086475269688166,-0.03817979524901918,0.00528385,0.76456815,0.8933395139529692,1.0
HSPC,Granulocyte precursor,TNFSF13B,TFRC,0.28008205,0.0,0.07285961,0.27187749352700813,0.1377016171974816,0.006457971,0.7786468,0.35340576414871444,1.0
HSPC,Granulocyte precursor,MDK,SORL1,0.28179604,0.0,0.05915392,1.0463391417362706,0.34754852428475913,0.019965434,0.7601682,0.06296415943095335,1.0
HSPC,Granulocyte precursor,LGALS9,CD47,0.34798503,0.0,0.11556111,0.17038994174662236,-0.05916879960254695,0.0022898829,0.8158425,1.0,1.0
HSPC,Erythroid late,TNFSF13B,TFRC,0.2889637,0.0,0.07916245,0.29308538168218623,0.22881530135043793,0.0070166285,0.78571403,0.2659532973621885,1.0
T activated,HSPC,MIF,TNFRSF14,0.35328084,0.981,0.08922075,-0.06619621490702583,-0.2512412788350575,0.0017486487,0.7956113,1.0,1.0
T activated,HSPC,FLT3LG,FLT3,0.24961126,0.0,0.062286202,0.9213304694858486,0.33483051419336896,0.042656064,0.76483995,0.07164045359690226,1.0
T activated,Erythroid early,COPA,CD74,0.25213224,1.0,0.0595776,-0.31893585149230497,-1.8437408355742548,0.0005742583,0.7608182,1.0,1.0
T activated,Dendritic cell,MIF,TNFRSF14,0.3450125,0.991,0.080259085,-0.08013519480945201,-0.2562892275203489,0.001573008,0.78686994,1.0,1.0
HSPC,Erythroid late,FAM3C,HLA-C,0.28315118,1.0,0.061523747,-0.7291237693745645,-1.3761736441297048,0.00075768924,0.7637305,1.0,1.0
HSPC,Erythroid early,SELL,SELPLG,0.51078004,0.0,0.05193649,0.14381720643432458,-0.028636162256037462,0.0023162828,0.74810696,1.0,1.0
HSPC,Erythroid early,FAM3C,LAMP1,0.3372266,0.0,0.077376835,0.2725363469386036,-0.003502841609076407,0.006583879,0.7837872,0.7549048219918477,1.0
HSPC,Erythroid early,COPA,CD74,0.24900812,1.0,0.057607394,-0.32623331794454336,-1.9463951412634555,0.0005552678,0.75774497,1.0,1.0
HSPC,Erythroid early,APP,CD74,0.303829,1.0,0.092179954,-0.15856888075777845,-1.7844589463714002,0.000645048,0.79825145,1.0,1.0
HSPC,Dendritic cell,TNFSF13B,TFRC,0.2567429,0.0,0.056297027,0.216147563367012,0.00566566233189067,0.0049899328,0.75562686,0.7280095506416897,1.0
HSPC,Dendritic cell,SPN,ICAM1,0.39588365,0.0,0.08715176,0.6934259483100664,0.39791209971115377,0.025842639,0.793697,0.05789331968041655,1.0
HSPC,Dendritic cell,PTPRC,CD22,0.29781628,1.0,0.05152517,-0.18298729797583915,-0.667967903819712,0.0027317689,0.7473571,1.0,1.0
HSPC,Dendritic cell,GRN,TNFRSF1B,0.2493268,0.021,0.061885215,0.0639818583506978,-0.2620166569137673,0.0027396183,0.7642587,1.0,1.0
HSPC,Dendritic cell,GRN,TNFRSF1A,0.21147043,0.0,0.044271823,0.186404563703364,-0.14130717755460329,0.00429327,0.7327665,1.0,1.0
HSPC,Dendritic cell,AREG,ICAM1,0.39181536,0.0,0.086076766,0.6612620252318457,0.6757339181376244,0.030962802,0.792679,0.05789331968041655,1.0
HSPC,CD8 T memory,GRN,TNFRSF1B,0.24240664,0.016,0.058665488,0.05116696301933928,-0.11156827894965787,0.002597083,0.7594116,1.0,1.0
HSPC,CD8 T memory,FAM3C,LAMP1,0.23601654,0.0,0.047705468,0.11392824506683563,0.08105883964126606,0.0040591867,0.74001634,0.9599335505499319,1.0
T activated,Monocyte classical,HLA-F,LILRB2,0.2936167,0.0,0.08362044,0.3133324543671765,0.3222937052465857,0.010560608,0.79029,0.21287867972014496,1.0
HSPC,CD8 T memory,FAM3C,CLEC2D,0.36566415,0.0,0.08571377,0.18317573411149568,0.19491782103448055,0.007612584,0.7923316,0.62981240251581,1.0
HSPC,CD8 T memory,BAG6,NCR3,0.21692657,0.0,0.046956453,0.2777420469480165,0.2647067652804812,0.010426845,0.7384911,0.3060308759885623,1.0
HSPC,CD8 T cytotoxic,TGFB1,TGFBR3,0.24784866,0.0,0.06038293,0.3561067480927793,0.1675873922036325,0.01274204,0.76203763,0.2811079105669666,1.0
HSPC,CD8 T cytotoxic,MDK,SORL1,0.3413002,0.0,0.1096273,1.1579337297443284,0.5935248304452378,0.037001044,0.8118496,0.05789331968041655,1.0
HSPC,CD8 T cytotoxic,GRN,TNFRSF1B,0.2483488,0.002,0.061430193,0.06217088090029647,-0.08766329265992062,0.002719475,0.7635932,1.0,1.0
HSPC,CD8 T cytotoxic,FAM3C,LAMP1,0.26483744,0.0,0.05615478,0.1590938743112139,0.15091277424404523,0.0047781253,0.7553932,0.7420062751243262,1.0
HSPC,CD8 T cytotoxic,FAM3C,CLEC2D,0.37167978,0.0,0.08747734,0.1906812334496371,0.19962013162256745,0.0077692154,0.7940022,0.6041490281126872,1.0
HSPC,CD8 T cytotoxic,CLEC2D,KLRB1,0.4547556,0.063,0.07643351,-0.031013015334429822,-0.23616191360879224,0.0016391738,0.782746,1.0,1.0
HSPC,CD4 T naive,MDK,SORL1,0.31890875,0.0,0.090634115,1.1159406438189303,0.4992826927343881,0.030590529,0.79688627,0.05789331968041655,1.0
HSPC,CD4 T naive,LGALS9,CD47,0.35617828,0.0,0.122482195,0.1815689611014819,-0.0215327085990642,0.0024270269,0.820172,1.0,1.0
HSPC,CD4 T naive,COPA,CD74,0.29228884,1.0,0.07342159,-0.3016114367322818,-1.9341353729996635,0.0007076981,0.77930826,1.0,1.0
HSPC,CD4 T naive,CD58,CD2,0.37623918,0.0,0.09241732,0.2631133230331785,0.29039255940899567,0.0073914477,0.79845846,0.3519385911863956,1.0
HSPC,CD4 T naive,APP,CD74,0.34710974,1.0,0.1174849,-0.1339469995455169,-1.7721991781076083,0.0008221245,0.8170796,1.0,1.0
HSPC,CD4 T memory,TNFSF13B,HLA-DPB1,0.2824813,1.0,0.07456224,-0.1117715163485366,-1.0043415031854144,0.0009015377,0.7806311,1.0,1.0
HSPC,CD4 T memory,MDK,SORL1,0.35042408,0.0,0.11736647,1.1750445366753337,0.5347116139763892,0.039613143,0.81700426,0.05789331968041655,1.0
HSPC,CD4 T memory,FAM3C,CLEC2D,0.37414458,0.0,0.08819994,0.19375676944198789,0.09876101369275161,0.007833392,0.79467404,0.5899952158322666,1.0
T activated,Platelet,COPA,CD74,0.2484338,1.0,0.058180023,-0.3210398404514986,-1.4368368265022549,0.0005607873,0.75865173,1.0,1.0
T activated,NK,TGFB1,TGFBR3,0.33977824,0.0,0.09798498,0.48941010045744404,0.5430465310809729,0.020676846,0.8031244,0.05789331968041655,1.0
HSPC,B naive,TNFSF13B,CD40,0.3394733,0.0,0.1150065,0.5999273868263929,0.5023301661148769,0.047456056,0.8154809,0.05789331968041655,1.0
HSPC,B naive,FAM3C,CLEC2D,0.31557497,0.0,0.071029305,0.12068055439767228,0.10187691365516618,0.0063083987,0.7764464,0.926187705594584,1.0
Granulocyte precursor,T proliferating,TGFB1,TGFBR3,0.21835318,0.009,0.044881295,0.25308036961754715,0.09306963166720228,0.009470877,0.73410314,1.0,1.0
Granulocyte precursor,T proliferating,BAG6,NCR3,0.23946321,0.001,0.04860905,0.3191055711309706,0.2091216559334652,0.010793812,0.74181724,0.9572610593235005,1.0
Granulocyte precursor,T activated,LGALS9,CD47,0.31898147,0.016,0.10174067,0.09960369109043027,0.03812367729245136,0.0020160265,0.8060811,1.0,1.0
Granulocyte precursor,Pre-B small,PTPRC,CD22,0.3482679,1.0,0.11030837,-0.01951889584269087,-0.2262956915205886,0.0058483453,0.8123222,1.0,1.0
Granulocyte precursor,Platelet,COPA,CD74,0.2460817,1.0,0.056731477,-0.32653400819802414,-1.4544573946936383,0.000546825,0.756336,1.0,1.0
Granulocyte precursor,Platelet,APP,CD74,0.2563485,1.0,0.0630543,-0.26977814110654974,-1.424127855075177,0.00044123534,0.7659405,1.0,1.0
Granulocyte precursor,Plasmacytoid DC,SPN,ICAM1,0.3176927,0.0,0.07239454,0.5724069889089929,0.4788447586411668,0.021466762,0.7780944,0.05789331968041655,1.0
Granulocyte precursor,Plasmacytoid DC,LGALS9,SLC1A5,0.2340335,0.0,0.047051895,0.4526448300648007,0.31543021310628666,0.0073274868,0.7386871,0.14581118945952853,1.0
Granulocyte precursor,Plasmacytoid DC,AREG,ICAM1,0.3629868,0.0,0.08587156,0.6380650228542288,0.713339772931287,0.030888986,0.7924829,0.05789331968041655,1.0
Granulocyte precursor,NK,TGFB1,TGFBR3,0.23943192,0.0,0.056316014,0.3340418034369506,0.3159697767277627,0.011883838,0.755658,0.1776288139853016,1.0
Granulocyte precursor,NK,LGALS9,CD44,0.3561405,1.0,0.12566335,-0.04909714115781472,-0.16328689300381483,0.0019311513,0.8220551,1.0,1.0
Granulocyte precursor,NK,CD48,CD244,0.23814699,1.0,0.05661307,0.12562203515576487,-0.28337262236484195,0.0075303386,0.75614333,1.0,1.0
Granulocyte precursor,NK,BAG6,NCR3,0.38693026,0.0,0.09167226,0.654722549734714,0.7713797165581482,0.020356148,0.7978064,0.05789331968041655,1.0
Granulocyte precursor,Monocyte non-classical,LGALS9,LRP1,0.28392535,0.0,0.07917185,0.5458893367224784,0.4359995224530704,0.024373872,0.785724,0.05789331968041655,1.0
Granulocyte precursor,Monocyte non-classical,CD52,SIGLEC10,0.32934523,1.0,0.10335775,0.06802383966243841,-0.9714452205611159,0.007518217,0.8073106,1.0,1.0
Granulocyte precursor,Monocyte classical,LGALS9,LRP1,0.27241743,0.0,0.07176314,0.5016386241410512,0.5046881228677855,0.022093024,0.7773373,0.05789331968041655,1.0
Granulocyte precursor,Monocyte classical,LGALS9,CD47,0.27349806,0.755,0.07245886,0.03754490509268055,-0.04695272602155298,0.0014357972,0.7781711,1.0,1.0
Granulocyte precursor,Granulocyte precursor,LGALS9,CD47,0.29775006,0.102,0.08807209,0.07063503136979697,-0.0414666978336789,0.0017451787,0.7945558,1.0,1.0
Granulocyte precursor,Erythroid early,TNFSF13B,HLA-DPB1,0.4201989,1.0,0.073851034,0.19237097387857643,-0.697791350898302,0.0008929385,0.7798093,1.0,1.0
Granulocyte precursor,Erythroid early,MIF,TNFRSF14,0.58536816,0.0,0.071529604,0.18210841991701893,0.11478429073129809,0.0014019179,0.777055,1.0,1.0
Granulocyte precursor,Erythroid early,LGALS9,SLC1A5,0.33067212,0.0,0.109267026,0.9604699564434903,0.38494474824217195,0.017016374,0.81159806,0.05789331968041655,1.0
Granulocyte precursor,Erythroid early,GRN,TNFRSF1A,0.54540735,0.0,0.068528175,0.5754033505777891,0.6098590950876351,0.0066455356,0.7733199,0.19023139265963182,1.0
Granulocyte precursor,Erythroid early,COPA,CD74,0.24978013,1.0,0.05809426,-0.3244300192388305,-1.8613614037656383,0.0005599606,0.7585166,1.0,1.0
Granulocyte precursor,Erythroid early,APP,CD74,0.26004693,1.0,0.06456897,-0.2676741521473561,-1.831031864147177,0.00045183452,0.7680615,1.0,1.0
Granulocyte precursor,Dendritic cell,SPN,ICAM1,0.30936575,0.0,0.06429054,0.5320099185653651,0.39565920223656326,0.019063726,0.7676764,0.05789331968041655,1.0
Granulocyte precursor,Dendritic cell,PTPRC,CD22,0.2790432,1.0,0.047581967,-0.20079735954143157,-0.5565351082833545,0.002522708,0.7397669,1.0,1.0
T proliferating,B naive,KLRF1,CLEC2B,0.23740318,0.766,0.055355452,-0.03474130099022393,-0.10809908923385692,0.002445748,0.7540663,1.0,1.0
T proliferating,B naive,FAM3C,CLEC2D,0.3075019,0.037,0.06320544,0.09893501101497178,0.08974031715302516,0.00561353,0.766155,1.0,1.0
T activated,T proliferating,TGFB1,TGFBR3,0.3186995,0.0,0.07808956,0.4084486666380406,0.32014638602041245,0.016478503,0.78456306,0.08927109033466511,1.0
Granulocyte precursor,Dendritic cell,LGALS9,HAVCR2,0.30719528,0.0,0.09415283,0.7175471684853234,0.37804884118855664,0.023618175,0.7999514,0.05789331968041655,1.0
Granulocyte precursor,Dendritic cell,AREG,ICAM1,0.35465986,0.0,0.07625891,0.597667952510601,0.6301542165266835,0.027431207,0.78255147,0.05789331968041655,1.0
Granulocyte precursor,CD8 T memory,LGALS9,CD47,0.35214886,0.0,0.12309357,0.14485828465126652,0.17445308116533753,0.0024391413,0.82053894,1.0,1.0
Granulocyte precursor,CD8 T cytotoxic,TGFB1,TGFBR3,0.24337217,0.0,0.058453504,0.3491757812256734,0.3063994320606652,0.012334892,0.75908077,0.15709345741796754,1.0
Granulocyte precursor,CD8 T cytotoxic,CLEC2B,KLRF1,0.2839615,0.188,0.0739741,0.0574737812469262,-0.020129770204799335,0.0032683685,0.7799523,1.0,1.0
Granulocyte precursor,CD4 T naive,LGALS9,CD47,0.3059433,0.002,0.09334683,0.0818140507246565,-0.0038306068301961482,0.0018496995,0.7992625,1.0,1.0
Granulocyte precursor,CD4 T naive,COPA,CD74,0.29306084,1.0,0.07404211,-0.29980813802656897,-1.8491016355018464,0.0007136792,0.7800311,1.0,1.0
Granulocyte precursor,CD4 T naive,APP,CD74,0.30332765,1.0,0.08229423,-0.24305227093509454,-1.818772095883385,0.0005758707,0.78896224,1.0,1.0
Granulocyte precursor,B naive,LGALS9,CD47,0.34077233,0.0,0.115769446,0.1293357932523728,0.1425282601181549,0.0022940112,0.81597775,1.0,1.0
Erythroid late,T proliferating,HLA-B,KIR3DL2,0.25998312,1.0,0.05647878,-0.8346067668521453,-1.5261423216101158,0.0021749928,0.75592434,1.0,1.0
Erythroid late,T activated,LGALS9,CD47,0.25884932,0.877,0.06372909,-0.019804564635952048,-0.025090219328836205,0.0012628138,0.7668932,1.0,1.0
Erythroid late,Pre-B small,LGALS9,CD47,0.34574008,0.0,0.09876892,0.09875166062484213,0.2808038993586303,0.00195714,0.8037537,1.0,1.0
T proliferating,CD4 T memory,FAM3C,CLEC2D,0.36607155,0.002,0.07848474,0.17201122605928737,0.08662441719061059,0.006970546,0.7849894,1.0,1.0
T proliferating,CD4 T memory,APP,CD74,0.39481208,1.0,0.050941233,-0.31975657959148096,-1.5575038259084009,0.00035647166,0.7462794,1.0,1.0
T proliferating,B naive,LGALS9,CD47,0.28087932,0.481,0.07268856,0.010402423619966381,-0.07142878575725656,0.0014403487,0.7784441,1.0,1.0
Erythroid late,NK,LGALS9,CD44,0.29600835,1.0,0.07871395,-0.16850539688419702,-0.2265007896251024,0.001209649,0.78523535,1.0,1.0
Erythroid late,Monocyte non-classical,LGALS9,LRP1,0.22379321,0.0,0.04959226,0.4264810809960961,0.3727856258317828,0.015267489,0.74373025,0.07388606610140293,1.0
Erythroid late,Monocyte non-classical,LGALS9,CD47,0.34710056,0.0,0.09931755,0.1006078090213003,0.13797205892330705,0.0019680113,0.8041901,1.0,1.0
Erythroid late,Monocyte classical,LGALS9,LRP1,0.21228528,0.0,0.044951536,0.3822303684146689,0.44147422624649796,0.013838795,0.73425573,0.11654226485575636,1.0
Erythroid late,Monocyte classical,LGALS9,CD47,0.21336594,1.0,0.045387328,-0.08186335063370176,-0.11016662264284055,0.00089936546,0.73519593,1.0,1.0
Erythroid late,Monocyte classical,CD99,PILRA,0.29665458,0.999,0.08795211,0.16265851642065018,0.029183970336961573,0.0040094918,0.79444444,1.0,1.0
Erythroid late,HSPC,MIF,TNFRSF14,0.35586697,0.984,0.09007229,-0.06314709745638962,-0.06155356901536496,0.0017653382,0.79638255,1.0,1.0
Erythroid late,Granulocyte precursor,LGALS9,CD47,0.23761794,0.999,0.05516726,-0.048773224356585335,-0.10468059445496647,0.0010931581,0.7537503,1.0,1.0
Erythroid late,Erythroid late,LGALS9,CD47,0.32077795,0.009,0.08870261,0.06469256908105675,0.21898490725351033,0.0017576728,0.7951374,1.0,1.0
Erythroid late,Erythroid early,LGALS9,SLC1A5,0.27054,0.0,0.0684435,0.841061700717108,0.32173085162088433,0.010658844,0.7732115,0.08167265545608071,1.0
Erythroid late,Erythroid early,LGALS9,CD44,0.31000453,1.0,0.084358096,-0.15414997853964874,-0.5334218789592415,0.0012963861,0.79101694,1.0,1.0
Erythroid late,Dendritic cell,MIF,TNFRSF14,0.3475986,0.985,0.0810251,-0.07708607735881581,-0.06660151770065637,0.0015880212,0.78766537,1.0,1.0
T proliferating,CD4 T naive,FAM3C,CLEC2D,0.3949659,0.001,0.08602252,0.20806090230383228,0.27205299032599456,0.0076400065,0.7926272,0.9572610593235005,1.0
T proliferating,CD4 T naive,COPA,CD74,0.28539586,1.0,0.067881234,-0.317712189061779,-1.948318631809606,0.0006542956,0.77248746,1.0,1.0
T proliferating,CD4 T memory,TNF,VSIR,0.25854313,0.047,0.046156548,0.17205142971327747,-0.04517056594209362,0.009104708,0.7368286,1.0,1.0
T proliferating,CD4 T memory,LGALS9,CD47,0.31122714,0.211,0.08495573,0.05180984036650673,-0.07515486100865679,0.0016834269,0.79159975,1.0,1.0
T proliferating,CD4 T memory,KLRF1,CLEC2B,0.34096918,0.081,0.097963385,0.09913205194527852,0.05388938088996087,0.0043282774,0.80310696,1.0,1.0
Erythroid late,Dendritic cell,LGALS9,HAVCR2,0.24706315,0.0,0.058976162,0.598138912758941,0.31483494456726907,0.014794129,0.7598937,0.08693817889519666,1.0
Erythroid late,Dendritic cell,CD99,PILRA,0.26642698,1.0,0.07045302,0.071331149122673,-0.2503749062616331,0.0032117572,0.7757386,1.0,1.0
Erythroid late,CD8 T memory,LGALS9,CD47,0.29201674,0.151,0.07710428,0.02545002892488421,0.11123918454404996,0.0015278477,0.78348804,1.0,1.0
Erythroid late,CD8 T cytotoxic,LGALS9,CD47,0.3307094,0.0,0.09270759,0.07824340011380775,0.2093546669605249,0.0018370327,0.79871076,1.0,1.0
Erythroid late,CD4 T naive,LGALS9,CD47,0.24581118,0.999,0.058471292,-0.037594205001725806,-0.06704450345148372,0.0011586286,0.75910854,1.0,1.0
Erythroid late,CD4 T memory,LGALS9,CD47,0.31098798,0.005,0.08475468,0.051334954272530826,0.0755882882454671,0.001679443,0.7914043,1.0,1.0
Erythroid late,B naive,LGALS9,CD47,0.28064018,0.488,0.07251654,0.009927537525990477,0.07931436349686732,0.00143694,0.7782398,1.0,1.0
Erythroid early,T proliferating,LGALS9,SLC1A5,0.31721085,0.0,0.06210653,0.5765988954010159,0.23298018995514092,0.009671976,0.76458013,0.1719954130856209,1.0
Erythroid early,T proliferating,GRN,TNFRSF1B,0.2194981,0.471,0.043457724,0.023608425348950177,-0.36825541242081133,0.0019238454,0.73094547,1.0,1.0
Erythroid early,T proliferating,FAM3C,LAMP1,0.30057877,0.012,0.06124258,0.20575126934333932,-0.0190825943499415,0.005211039,0.76331705,1.0,1.0
Erythroid early,T proliferating,CDH1,KLRG1,0.28446865,0.0,0.060802344,1.5041203395146976,0.38145944870893345,0.13765831,0.7626647,0.01712269308053387,1.0
Erythroid early,T proliferating,CDH1,ITGAE_ITGB7,0.2873839,0.0,0.06163392,1.4121109502691824,0.25398269736655454,0.059494823,0.7638919,0.04254649293137745,1.0
T proliferating,CD8 T cytotoxic,FAM3C,LAMP1,0.25676438,0.015,0.04996934,0.1373483309285134,0.1387761777419042,0.0042518163,0.7444515,1.0,1.0
T proliferating,CD8 T cytotoxic,FAM3C,CLEC2D,0.36360675,0.003,0.07784174,0.1689356900669366,0.18748353512042643,0.0069134384,0.78429437,1.0,1.0
T proliferating,CD8 T cytotoxic,APP,CD74,0.4867887,1.0,0.06397889,-0.26743213489939904,-1.2883853992679675,0.00044770533,0.76724267,1.0,1.0
T proliferating,CD4 T naive,SIRPG,CD47,0.34170875,0.0,0.11409013,0.5688354298763314,0.18845536191754664,0.0144018885,0.8148782,0.24354601186081176,1.0
T proliferating,CD4 T naive,LGALS9,CD47,0.24605033,0.82,0.058609992,-0.0371193189077499,-0.2177876527056076,0.0011613771,0.75932515,1.0,1.0
T proliferating,CD4 T naive,KLRF1,CLEC2B,0.24622783,0.707,0.058985982,-0.023334273433568392,-0.18075392283834896,0.0026061542,0.759909,1.0,1.0
Erythroid early,T proliferating,BAG6,NCR3,0.31363004,0.0,0.097991824,0.5120857803811125,0.23394237193583295,0.02175943,0.80313,0.16901812848504658,1.0
Erythroid early,T activated,FAM3C,CLEC2D,0.24394526,0.722,0.046520486,0.01930402217547727,-0.17077821891451614,0.0041316715,0.73758936,1.0,1.0
Erythroid early,Pre-B small,FAM3C,CLEC2D,0.27412742,0.072,0.054366454,0.05696166361648069,0.009089378468431747,0.0048285034,0.7523908,1.0,1.0
Erythroid early,Pre-B large,LGALS9,SLC1A5,0.32043746,0.0,0.065420024,0.5935542194838518,0.25071779672859673,0.010187993,0.76922584,0.1488607321134936,1.0
Erythroid early,Pre-B large,LGALS9,CD44,0.3215806,1.0,0.066593945,0.007419159376403195,-0.6517603025901765,0.0010233928,0.77080053,1.0,1.0
Erythroid early,Pre-B large,FAM3C,LAMP1,0.2383639,0.006,0.045069594,0.10825346662519472,-0.11654671154118026,0.003834904,0.73451155,1.0,1.0
Erythroid early,Pre-B large,FAM3C,CLEC2D,0.35021925,0.0,0.07414681,0.15189980273079368,-0.06066463826780341,0.006585276,0.78015226,0.9803027842186183,1.0
Erythroid early,Platelet,COPA,CD74,0.25868726,1.0,0.06449465,-0.29708940356923835,-1.5538289721279834,0.0006216529,0.7679589,1.0,1.0
T proliferating,CD8 T memory,CD70,CD27,0.27916127,0.0,0.07398302,0.9744002480542379,0.42122125110072917,0.081255294,0.7799626,0.05789331968041655,1.0
T proliferating,CD8 T memory,BAG6,NCR3,0.23918328,0.0,0.057059254,0.33565336052559364,0.30318165003402553,0.012670208,0.7568664,0.1754459973291395,1.0
T proliferating,CD8 T cytotoxic,TNF,VSIR,0.25487006,0.069,0.045313872,0.16746584958318023,0.028061342013124435,0.008938485,0.7350382,1.0,1.0
T proliferating,CD8 T cytotoxic,TGFB1,TGFBR3,0.31765306,0.0,0.090469494,0.4641863989206212,0.3327490110183459,0.019090924,0.7967391,0.07434144882869911,1.0
T proliferating,CD8 T cytotoxic,LGALS9,CD47,0.33094853,0.104,0.09292751,0.07871828620778365,0.05861151770640102,0.0018413904,0.79890114,1.0,1.0
Erythroid early,Plasmacytoid DC,LGALS9,SLC1A5,0.32981876,0.0,0.075054,0.6428520027863933,0.31816574023285654,0.011688311,0.78119344,0.08389912056654897,1.0
Erythroid early,Plasmacytoid DC,LGALS9,CD44,0.58404887,0.0,0.33613122,0.27662437907691806,-0.0818861164486604,0.0051655495,0.88311666,1.0,1.0
Erythroid early,Plasmacytoid DC,FAM3C,LAMP1,0.23835513,0.003,0.045067314,0.10823965489462883,-0.0548523232733136,0.0038347098,0.7345066,1.0,1.0
Erythroid early,NK,NECTIN1,CD96,0.23032942,0.0,0.050109744,0.8857533916204897,0.35329769159730184,0.041966263,0.74471825,0.0594150120037811,1.0
Erythroid early,NK,HLA-E,KLRC1_KLRD1,0.3843728,1.0,0.08392371,0.2767158384763101,-0.47837227399682036,0.0028325436,0.79058987,1.0,1.0
Erythroid early,NK,HLA-E,KLRC1,0.3843728,1.0,0.08392371,0.2767158384763101,-0.47837227399682036,0.0028325436,0.79058987,1.0,1.0
Erythroid early,NK,FAM3C,LAMP1,0.29759926,0.0,0.060468044,0.20108195377385,0.23053252306490465,0.005145135,0.76216537,0.5541527301024731,1.0
Erythroid early,NK,CDH1,KLRG1,0.2512504,0.0,0.051326945,1.4315568979804971,0.5348547188628379,0.11620572,0.74699295,0.023979148939320887,1.0
Erythroid early,Monocyte non-classical,CSF1,CSF1R,0.28497037,0.0,0.06871758,1.5689997262587378,0.6600289939843014,0.19003062,0.7735617,0.014756249985591526,1.0
Erythroid early,Monocyte classical,TNFSF13B,HLA-DPB1,0.4661602,1.0,0.051108394,-0.11653869644519022,-0.4883465565954727,0.0006179555,0.7465895,1.0,1.0
Erythroid early,Monocyte classical,GRN,TNFRSF1B,0.29600093,0.0,0.06652846,0.1652774657020774,0.08194070439702938,0.002945172,0.7707136,1.0,1.0
Erythroid early,Monocyte classical,ANXA1,FPR1,0.27989542,1.0,0.06552949,0.2275102854265173,-0.285541253616444,0.0054763523,0.76937413,1.0,1.0
Erythroid early,HSPC,LGALS9,SLC1A5,0.2986974,0.0,0.04309447,0.47931294383547324,0.18272101876379682,0.006711189,0.7301192,0.25256007015874093,1.0
Erythroid early,HSPC,FAM3C,LAMP1,0.2768078,0.0,0.05506323,0.168499423576984,-0.08231448786901188,0.0046852473,0.7535751,1.0,1.0
T proliferating,CD8 T memory,LGALS9,CD47,0.29225588,0.362,0.07728718,0.025924915018860115,-0.03950396471007392,0.001531472,0.7836889,1.0,1.0
T proliferating,CD8 T memory,FAM3C,CLEC2D,0.35759112,0.003,0.07627241,0.16143019072879516,0.18278122453233953,0.0067740604,0.78256655,1.0,1.0
Erythroid early,Granulocyte precursor,TNFSF13B,HLA-DPB1,0.44655454,1.0,0.048815016,-0.1320370217330783,-0.7125446417509216,0.0005902261,0.74222195,1.0,1.0
Erythroid early,Granulocyte precursor,LGALS9,CD44,0.6220499,0.0,0.37515572,0.3156006997036135,0.03756605389592049,0.0057652644,0.8886674,0.6163229334812655,1.0
Erythroid early,Granulocyte precursor,GAL,HLA-DPA1,0.33897397,0.989,0.0744692,0.9113154815683935,-0.4059786141161075,0.017534928,0.7805241,0.8192934618414458,1.0
Erythroid early,Erythroid late,FAM3C,HLA-C,0.27484804,1.0,0.05455378,-0.7514890984944622,-1.4203083367496974,0.00067185133,0.7527111,1.0,1.0
Erythroid early,Erythroid early,TNFSF13B,TFRC,0.5698762,0.0,0.06324059,1.0505628496089683,0.4447794229027598,0.005605381,0.7662047,0.31067390584037974,1.0
Erythroid early,Erythroid early,MIF,TNFRSF14,0.47070754,0.0,0.05669934,0.04692127663660059,-0.21667146370296891,0.0011112576,0.75628376,1.0,1.0
Erythroid early,Erythroid early,FAM3C,LAMP1,0.32892346,0.0,0.06861089,0.25017101781870593,-0.047637534229069106,0.0058379974,0.77342564,0.9322560732243318,1.0
Erythroid early,Erythroid early,COPA,CD74,0.26238573,1.0,0.06604391,-0.29498541461004474,-1.9607329811999834,0.00063658593,0.7700672,1.0,1.0
Erythroid early,Dendritic cell,LGALS9,SLC1A5,0.2996888,0.0,0.04411255,0.48452247354719535,0.18974372723052513,0.006869736,0.7324136,0.24133071289176344,1.0
Erythroid early,Dendritic cell,CDH1,ITGAE_ITGB7,0.27763224,0.0,0.058852285,1.392969550022689,0.2513451625822455,0.05680973,0.7597019,0.04753296299554058,1.0
Erythroid early,Dendritic cell,CD58,CD2,0.2892615,0.0,0.07523602,0.34838839704769514,-0.16666310433867823,0.0060173045,0.7814003,1.0,1.0
Erythroid early,CD8 T memory,TNFSF13B,HLA-DPB1,0.4280253,1.0,0.046647552,-0.1466844819249199,-0.6306849263619452,0.00056401914,0.7378533,1.0,1.0
Erythroid early,CD8 T memory,NECTIN1,CD96,0.2969616,0.0,0.073576294,1.0162754993331204,0.5299776803192865,0.061619192,0.7794892,0.05789331968041655,1.0
Erythroid early,CD8 T memory,GAL,HLA-DPA1,0.38014832,0.671,0.08582439,0.9462538649559149,-0.23663326747402105,0.020208683,0.7924377,0.6263947750759007,1.0
T proliferating,Dendritic cell,ITGAL_ITGB2,ICAM1,0.22744332,0.0,0.042643625,0.5249784004414676,0.28425144125633406,0.033229716,0.72908187,0.10966577636736835,1.0
T proliferating,Dendritic cell,HLA-F,LILRB2,0.34255013,0.014,0.07931594,0.22567947959285317,-0.011700170163774642,0.010016983,0.7858771,1.0,1.0
T proliferating,Dendritic cell,CTLA4,CD86,0.32409093,0.0,0.043475203,0.9212863455146715,0.4576173893513099,0.117180474,0.730985,0.05789331968041655,1.0
T proliferating,Dendritic cell,CD58,CD2,0.24403614,0.256,0.057379894,0.21096820331489052,-0.22015298590175192,0.0045891884,0.75738156,1.0,1.0
Erythroid early,CD8 T memory,FAM3C,CLEC2D,0.35736102,0.0,0.076003335,0.16081040499159802,0.15078312841448785,0.0067501618,0.7822657,0.734346919602397,1.0
Erythroid early,CD8 T memory,CDH1,KLRG1,0.3223709,0.0,0.07161384,1.5869158262407186,0.6984239824785903,0.16213585,0.77715695,0.013170032938304571,1.0
Erythroid early,CD8 T memory,BAG6,NCR3,0.26065198,0.0,0.06680436,0.3915143984941824,0.2991045869698736,0.014834142,0.7710791,0.10426973775791569,1.0
Erythroid early,CD8 T cytotoxic,TNFSF13B,HLA-DPB1,0.45713997,1.0,0.050053246,-0.12366925033408374,-0.6199733659586018,0.0006051976,0.7446111,1.0,1.0
Erythroid early,CD8 T cytotoxic,NECTIN1,CD96,0.21903524,0.0,0.046132155,0.8636297771023799,0.29994829681152896,0.038635083,0.7367773,0.09655213418604705,1.0
Erythroid early,CD8 T cytotoxic,LGALS9,CD44,0.6270499,0.0,0.38029036,0.3207290680852125,0.13217512257269315,0.0058441716,0.8893381,0.3683311086799213,1.0
Erythroid early,CD8 T cytotoxic,GAL,HLA-DPA1,0.35113502,1.0,0.07782301,0.9216345700624742,-0.3088971513861516,0.018324634,0.784274,0.7586157038707441,1.0
Erythroid early,CD8 T cytotoxic,FAM3C,LAMP1,0.2565343,0.0,0.049793057,0.13672854519131622,0.10677808162405253,0.004236816,0.7441152,0.8499641586849217,1.0
Erythroid early,CD8 T cytotoxic,FAM3C,CLEC2D,0.36337668,0.0,0.07756712,0.16831590432973945,0.15548543900257475,0.006889048,0.7839953,0.7080053323344664,1.0
Erythroid early,CD8 T cytotoxic,CDH1,KLRG1,0.34221542,0.0,0.07727443,1.630265364604584,0.7027718543079311,0.1749516,0.78367496,0.010535307242162126,1.0
Erythroid early,CD4 T naive,FAM3C,CLEC2D,0.3947358,0.0,0.08571904,0.20744111656663514,0.24005489420814288,0.0076130526,0.7923367,0.530849938822327,1.0
T proliferating,Dendritic cell,SELL,SELPLG,0.3228485,0.621,0.090387695,0.03441039305594372,-0.22509428454543307,0.0040311436,0.7966658,1.0,1.0
T proliferating,Dendritic cell,LTB,LTBR,0.23755506,1.0,0.04535766,-0.0316850037596248,-1.0099428554694745,0.005481298,0.7351323,1.0,1.0
T proliferating,Dendritic cell,LGALS9,HAVCR2,0.2473023,0.0,0.05911606,0.598613798852917,0.1640917953131452,0.014829223,0.76010984,0.28860787675895905,1.0
Erythroid early,CD4 T naive,COPA,CD74,0.30566645,1.0,0.08417408,-0.2703635333977832,-1.9484732129361915,0.0008113395,0.79083633,1.0,1.0
Erythroid early,CD4 T memory,NECTIN1,CD96,0.24151343,0.0,0.05404853,0.9076611743405347,0.29213022798846017,0.04526495,0.7518441,0.10193652125266611,1.0
Erythroid early,CD4 T memory,FAM3C,CLEC2D,0.36584145,0.0,0.07820786,0.17139144032209022,0.054626321072758915,0.006945954,0.784691,0.6835831380374071,1.0
Erythroid early,B naive,TNFSF13B,TNFRSF13C,0.4288239,0.0,0.046740968,0.6144804183194341,0.6611355487061159,0.011450657,0.73804677,0.05789331968041655,1.0
Erythroid early,B naive,FAM3C,CLEC2D,0.30727184,0.0,0.06298246,0.09831522527777461,0.057742221035173485,0.005593726,0.7658382,1.0,1.0
Dendritic cell,T proliferating,TGFB1,TGFBR3,0.25365844,0.0,0.0565651,0.3077442921038997,0.021125292468142487,0.0119364,0.7560652,0.6763812713592691,1.0
Dendritic cell,T proliferating,LGALS9,SLC1A5,0.42015684,0.0,0.08701028,0.7810248494414288,0.46727996229769275,0.013550286,0.79356396,0.05789331968041655,1.0
Dendritic cell,T proliferating,FAM3C,LAMP1,0.28296885,0.028,0.044647668,0.15831706016852298,-0.02376091946377175,0.003799003,0.73359346,1.0,1.0
Dendritic cell,T proliferating,FAM3C,CLEC2D,0.42499426,0.002,0.07156347,0.21973228980122494,0.01105269411103875,0.0063558393,0.77709603,1.0,1.0
Dendritic cell,T proliferating,BAG6,NCR3,0.26913068,0.0,0.06836265,0.3962996097114719,0.20162307846139127,0.015180168,0.7731078,0.2194849889697181,1.0
Dendritic cell,T proliferating,ALOX5,ALOX5AP,0.34504184,0.005,0.06992688,0.28109626406420085,0.1155560507380756,0.0127101205,0.7750859,1.0,1.0
Dendritic cell,T activated,ITGAL_ITGB2,ICAM3,0.3039864,0.822,0.063307405,-0.001303295712981968,-0.1576758067655692,0.0034437769,0.7662993,1.0,1.0
Dendritic cell,Pre-B small,LGALS9,CD47,0.60460347,0.0,0.3523767,0.6127930431132299,0.5810530954490396,0.0069824653,0.8855307,0.16775405329311274,1.0
T proliferating,Erythroid early,LGALS9,SLC1A5,0.27077913,0.0,0.06860586,0.8415365868110839,0.17098770236676047,0.010684128,0.77341914,0.27618979349570205,1.0
T proliferating,Erythroid early,LGALS9,CD44,0.31024367,1.0,0.084558204,-0.15367509244567285,-0.6841650282133653,0.0012994613,0.7912127,1.0,1.0
T proliferating,Erythroid early,FAM3C,LAMP1,0.32915357,0.001,0.068853796,0.2507908035559031,-0.01563943811121743,0.0058586663,0.77373517,0.9572610593235005,1.0
T proliferating,Erythroid early,COPA,CD74,0.24211514,1.0,0.053260367,-0.34233407027404056,-1.960578400073398,0.0005133676,0.7504712,1.0,1.0
Dendritic cell,Pre-B large,LILRB4,LAIR1,0.27537516,0.0,0.069045216,0.8820578564718483,0.3860731504805145,0.021503009,0.773978,0.05789331968041655,1.0
Dendritic cell,Pre-B large,LGALS9,SLC1A5,0.42338344,0.0,0.09165244,0.7979801735242646,0.48501756907114857,0.014273219,0.7977889,0.05789331968041655,1.0
Dendritic cell,Pre-B large,LGALS9,CD44,0.42452657,0.952,0.09329707,0.21184511341681606,-0.41746053024762464,0.0014337574,0.7992198,1.0,1.0
Dendritic cell,Pre-B large,FAM3C,CLEC2D,0.33260936,0.001,0.054055236,0.10446559355597736,-0.06534296338163366,0.004800863,0.7518557,1.0,1.0
Dendritic cell,Platelet,GHRL,TBXA2R,0.28256643,0.0,0.0471059,2.3941796474406547,0.9753392817336394,0.14191103,0.7387978,0.0028881323265079317,1.0
Dendritic cell,Platelet,COPA,CD74,0.25873667,1.0,0.064525075,-0.2969740644814737,-1.5065198058519143,0.0006219462,0.76800096,1.0,1.0
Dendritic cell,Platelet,APP,CD74,0.3001498,1.0,0.09002943,-0.16062500963205495,-1.3855980876929999,0.0006299993,0.796344,1.0,1.0
Dendritic cell,Plasmacytoid DC,SPN,ICAM1,0.23254012,0.0,0.04705786,0.4135374177183727,0.19530782159743013,0.0139538115,0.7386993,0.23048004548703857,1.0
Dendritic cell,NK,TGFB1,TGFBR3,0.2747372,0.0,0.070976585,0.38870572592330316,0.24402543752870293,0.014977519,0.776382,0.1539179498253369,1.0
Dendritic cell,NK,HBEGF,CD44,0.3112848,1.0,0.09064136,0.16848240434580358,-0.11200344068738632,0.00788585,0.7968927,1.0,1.0
Dendritic cell,NK,FAM3C,LAMP1,0.27998933,0.0,0.04408301,0.15364774459903366,0.22585419795107442,0.003750957,0.7323479,0.7588069710346314,1.0
Dendritic cell,Monocyte non-classical,LGALS9,CD47,0.60596395,0.0,0.35433406,0.6146491915096881,0.43822125501371634,0.0070212507,0.88581115,0.16276852355958982,1.0
Dendritic cell,Monocyte non-classical,ITGAL_ITGB2,ICAM3,0.34702668,0.055,0.074790396,0.04989981844123099,-0.05831259322975674,0.0040684254,0.78089255,1.0,1.0
Dendritic cell,Monocyte non-classical,CCL3,CCR1,0.21002573,0.0,0.04340208,0.4174023040751357,0.1384774084647465,0.019711947,0.73081946,0.3512067201759255,1.0
T proliferating,Erythroid late,LGALS9,CD47,0.3210171,0.166,0.08891303,0.06516745517503265,0.06824175799938645,0.0017618422,0.7953303,1.0,1.0
T proliferating,Erythroid late,FAM3C,HLA-C,0.27507812,1.0,0.054746922,-0.750869312757265,-1.3883102406318457,0.00067423,0.7530398,1.0,1.0
T proliferating,Erythroid early,MIF,TNFRSF14,0.56205606,0.007,0.06851441,0.15462317618075877,-0.16897220949713726,0.0013428227,0.7733023,1.0,1.0
Dendritic cell,Monocyte classical,ITGAL_ITGB2,ICAM3,0.29538882,0.997,0.0610136,-0.011531397339846663,-0.08662938420529714,0.0033189994,0.7629785,1.0,1.0
Dendritic cell,Monocyte classical,HLA-F,LILRB2,0.30982763,0.0,0.09479016,0.3350712140595635,0.22651738767414026,0.011971257,0.80049056,0.1807188979940076,1.0
Dendritic cell,Monocyte classical,CD1D,LILRB2,0.27395076,0.0,0.070070125,0.9117424391418165,0.6886103935650929,0.1158022,0.77526426,0.05789331968041655,1.0
Dendritic cell,Monocyte classical,ALOX5,ALOX5AP,0.34302935,0.0,0.06943022,0.27847778009317714,0.39822384801913424,0.012619845,0.774464,0.30405702028427917,1.0
Dendritic cell,HSPC,SELL,SELPLG,0.5898349,0.0,0.07973477,0.2421172765710948,0.04840251643622724,0.003556041,0.7863199,0.8247090474742093,1.0
Dendritic cell,HSPC,LILRB4,LAIR1,0.30290046,0.0,0.08873978,0.9614718671822255,0.44071026008236536,0.02763656,0.7951715,0.05789331968041655,1.0
Dendritic cell,HSPC,LGALS9,SLC1A5,0.4016434,0.0,0.060374677,0.683738897875886,0.41702079110634865,0.009402271,0.7620253,0.06772780059903816,1.0
Dendritic cell,Granulocyte precursor,LILRB4,LAIR1,0.28579488,0.0,0.07650061,0.9121201231867967,0.4804884996635639,0.023824869,0.78282064,0.05789331968041655,1.0
T proliferating,HSPC,FAM3C,LAMP1,0.2770379,0.006,0.055258173,0.16911920931418115,-0.050316391751160205,0.004701835,0.75390315,1.0,1.0
T proliferating,Granulocyte precursor,TNF,VSIR,0.34899223,0.0,0.06690736,0.2849705969201556,0.18577045296680755,0.013197955,0.771215,0.28234763486407444,1.0
T proliferating,Granulocyte precursor,SIRPG,CD47,0.33351552,0.0,0.107643254,0.5576564105214719,0.15081927091406389,0.013588082,0.81045073,0.31875605711920146,1.0
T proliferating,Granulocyte precursor,SELL,SELPLG,0.3052911,0.718,0.074919365,-0.007197033191762819,-0.1871861122667761,0.0033412816,0.78103995,1.0,1.0
T proliferating,Granulocyte precursor,LGALS9,CD47,0.23785709,0.881,0.055298124,-0.04829833826260943,-0.2554237437090904,0.0010957513,0.75397015,1.0,1.0
T proliferating,Granulocyte precursor,ITGAL_ITGB2,ICAM3,0.28484118,0.864,0.07969604,0.08920447115351846,-0.172040068633699,0.0043352805,0.7862791,1.0,1.0
Dendritic cell,Granulocyte precursor,ALOX5,ALOX5AP,0.36395165,0.0,0.07459366,0.30569823909616156,0.2757728210881124,0.013558368,0.7806671,0.23208384375873478,1.0
Dendritic cell,Erythroid early,TNFSF13B,HLA-DPB1,0.37034196,1.0,0.063909024,0.10249667390392003,-0.9624709686750752,0.00077272893,0.7671452,1.0,1.0
Dendritic cell,Erythroid early,SELL,SELPLG,0.5806728,0.0,0.059437227,0.22040496577331442,0.014453532715358014,0.0026508034,0.7606035,1.0,1.0
Dendritic cell,Erythroid early,MIF,TNFRSF14,0.5132879,0.0,0.062206708,0.09712429993551569,-0.19264808192700905,0.0012191973,0.76472515,1.0,1.0
Dendritic cell,Erythroid early,HBEGF,CD44,0.32528096,1.0,0.09714074,0.18283782269035187,-0.4189245300215254,0.0084513,0.80243945,1.0,1.0
Dendritic cell,Erythroid early,FAM3C,LAMP1,0.31131357,0.0,0.050019387,0.20273680864388963,-0.052315859342899354,0.004256075,0.74454665,0.9521843788564477,1.0
Dendritic cell,Erythroid early,FAM3C,HLA-C,0.5033081,1.0,0.08640505,-0.5915710666070153,-1.3850237377557517,0.0010641123,0.79299164,1.0,1.0
Dendritic cell,Erythroid early,COPA,CD74,0.2624351,1.0,0.06607507,-0.29487007552228006,-1.9134238149239142,0.0006368863,0.77010894,1.0,1.0
Dendritic cell,Erythroid early,APP,CD74,0.30384824,1.0,0.09219208,-0.15852102067286133,-1.7925020967649998,0.0006451329,0.7982621,1.0,1.0
Dendritic cell,Dendritic cell,LGALS9,SLC1A5,0.40263477,0.0,0.06180099,0.6889484275876082,0.42404349957307697,0.009624393,0.7641359,0.06236187606218895,1.0
Dendritic cell,Dendritic cell,ALOX5,ALOX5AP,0.36853647,0.0,0.07572516,0.3116630617189674,0.12657536729289962,0.013764032,0.78195333,0.37751026024625295,1.0
Dendritic cell,CD8 T memory,ITGAL_ITGB2,ICAM3,0.39704517,0.0,0.08813515,0.10940460024229987,0.09936782032857766,0.004794349,0.7946142,0.9818829616683611,1.0
Dendritic cell,CD8 T memory,FAM3C,CLEC2D,0.33975112,0.0,0.0554087,0.11337619581678168,0.14610480330065762,0.00492107,0.7541554,0.9630464253393862,1.0
Dendritic cell,CD8 T memory,BAG6,NCR3,0.21615262,0.0,0.04660514,0.2757282278245418,0.2667852934954319,0.010348836,0.7377653,0.31672090922626545,1.0
Dendritic cell,CD8 T memory,ALOX5,ALOX5AP,0.33228734,0.0,0.06677918,0.26450244196709316,0.2617689908518622,0.012137985,0.7710459,0.34901795475708414,1.0
T proliferating,HSPC,KLRF1,CLEC2B,0.3431756,0.08,0.09887112,0.10198418701074657,-0.09730074478480683,0.004368384,0.80383515,1.0,1.0
T proliferating,HSPC,FASLG,TNFRSF1A,0.22102922,0.0,0.045587003,0.9246380004964372,0.3307573319372271,0.09020487,0.73562306,0.07572023342236027,1.0
Dendritic cell,CD8 T cytotoxic,TGFB1,TGFBR3,0.27867746,0.0,0.07367052,0.40383970371202593,0.23445509286160543,0.015545994,0.7795992,0.16775405329311274,1.0
Dendritic cell,CD8 T cytotoxic,LGALS9,CD47,0.5895728,0.0,0.33075178,0.5922847826021955,0.5096038630509342,0.00655396,0.8822814,0.1991570832494975,1.0
Dendritic cell,CD8 T cytotoxic,ITGAL_ITGB2,ICAM3,0.37477764,0.0,0.082194254,0.0829135982925164,0.057895195076949124,0.004471178,0.788861,1.0,1.0
Dendritic cell,CD8 T cytotoxic,FAM3C,CLEC2D,0.34576675,0.0,0.05654875,0.12088169515492311,0.15080711388874452,0.005022322,0.75603855,0.9216559088043292,1.0
Dendritic cell,CD4 T naive,ITGAL_ITGB2,ICAM3,0.34408075,0.01,0.074004434,0.04639555579609968,-0.061948439019607504,0.0040256707,0.77998745,1.0,1.0
Dendritic cell,CD4 T naive,FAM3C,CLEC2D,0.3771259,0.0,0.062491745,0.1600069073918188,0.23537656909431265,0.005550143,0.7651361,0.7381691466388631,1.0
Dendritic cell,CD4 T naive,COPA,CD74,0.30571583,1.0,0.08421379,-0.2702481943100185,-1.9011640466601223,0.0008117223,0.7908753,1.0,1.0
Dendritic cell,CD4 T naive,APP,CD74,0.34712896,1.0,0.11750036,-0.13389913946059978,-1.780242328501208,0.00082223275,0.81708944,1.0,1.0
Dendritic cell,CD4 T memory,FAM3C,CLEC2D,0.34823155,0.0,0.057015862,0.12395723114727389,0.04994799595892867,0.0050638085,0.7567964,0.9036948214768726,1.0
Dendritic cell,CD4 T memory,ALOX5,ALOX5AP,0.3017682,0.0,0.05924732,0.22479633759165324,0.09319374795922894,0.0107689705,0.76031196,0.4671434564174416,1.0
Dendritic cell,B naive,ITGAL_ITGB2,ICAM3,0.33456224,0.103,0.071464926,0.035071131399326445,-0.035204557688191696,0.0038875274,0.7769767,1.0,1.0
Dendritic cell,B naive,FAM3C,CLEC2D,0.2896619,0.0,0.0459161,0.05088101610295829,0.05306389592134324,0.0040779933,0.73632187,1.0,1.0
CD8 T memory,T proliferating,TGFB1,TGFBR3,0.2454345,0.0,0.05384349,0.2950108969383605,0.20751668398090517,0.011362084,0.75148934,0.25890078493109714,1.0
CD8 T memory,T proliferating,HLA-F,KIR3DL2,0.37782526,0.0,0.09290792,0.47726216225454804,0.45910294934299145,0.03164625,0.7988842,0.05789331968041655,1.0
T proliferating,Monocyte classical,LGALS9,LRP1,0.21252443,0.005,0.04505817,0.3827052545086448,0.2907310769923741,0.013871622,0.7344869,0.7732667367027258,1.0
T proliferating,Monocyte classical,LGALS9,CD47,0.21360509,0.983,0.045494992,-0.08138846453972585,-0.2609097718969644,0.0009014989,0.73542655,1.0,1.0
T proliferating,Monocyte classical,KLRF1,CLEC2B,0.26059377,0.562,0.064896256,-0.004764372643315265,-0.05051947056617878,0.0028672856,0.76851153,1.0,1.0
T proliferating,Monocyte classical,CD28,CD86,0.24377629,0.0,0.05346689,0.5404314832421445,0.5182137992415419,0.047895398,0.75083333,0.05789331968041655,1.0
CD8 T memory,NK,TGFB1,TGFBR3,0.26651323,0.0,0.06756157,0.375972330757764,0.4304168290414656,0.014256881,0.7720723,0.12240489560394327,1.0
CD8 T memory,Monocyte non-classical,HLA-F,LILRB2,0.6113325,0.0,0.37362236,0.9549981461169581,0.9028228596433429,0.04718558,0.8884646,0.017531175077944775,1.0
CD8 T memory,Monocyte non-classical,CCL3,CCR1,0.34863833,0.0,0.10900675,0.6435737251143447,0.957596278784629,0.049507655,0.8114157,0.05789331968041655,1.0
CD8 T memory,Monocyte classical,CCL3,CCR1,0.33206424,0.0,0.093737744,0.5786798491665662,0.9768946968075675,0.042572927,0.79959756,0.05789331968041655,1.0
CD8 T memory,HSPC,MIF,TNFRSF14,0.3577526,1.0,0.090693176,-0.06092382540214784,-0.17290234038437174,0.001777507,0.796939,1.0,1.0
CD8 T memory,HSPC,LTB,LTBR,0.38357264,1.0,0.0604941,-0.02431616307275089,-0.45260114669413654,0.0073104785,0.7622044,1.0,1.0
CD8 T memory,Dendritic cell,MIF,TNFRSF14,0.34948424,1.0,0.08158362,-0.07486280530457402,-0.17795028906966315,0.0015989677,0.7882393,1.0,1.0
CD8 T memory,Dendritic cell,LTB,LTBR,0.4051137,1.0,0.089699864,0.09156970822628982,-0.4069982306982203,0.010839882,0.7960465,1.0,1.0
CD8 T memory,Dendritic cell,HLA-F,LILRB2,0.374317,0.0,0.08869041,0.2682782780584808,0.3112154290424327,0.011200905,0.7951262,0.3403650377996438,1.0
CD8 T memory,CD8 T cytotoxic,TGFB1,TGFBR3,0.27045348,0.0,0.070125885,0.39110630854648676,0.4208464843743681,0.014798004,0.7753336,0.10485924717478066,1.0
CD8 T cytotoxic,T proliferating,TGFB1,TGFBR3,0.3036215,0.0,0.073099695,0.3851028455530034,0.34871969162713023,0.01542554,0.77893007,0.11306481653544428,1.0
CD8 T cytotoxic,T proliferating,CCL4,CCR5,0.49004886,0.0,0.08083072,0.9361343398319857,0.5264225813648662,0.0920997,0.7874645,0.05789331968041655,1.0
CD8 T cytotoxic,Pre-B small,KLRF1,CLEC2B,0.30272838,0.015,0.08769533,0.08173253493964416,0.14030069717622412,0.0038746083,0.7942056,1.0,1.0
T proliferating,Monocyte non-classical,CD28,CD86,0.36117008,0.0,0.0925767,0.8654586992235641,0.6463527061856097,0.08292979,0.7985971,0.05789331968041655,1.0
T proliferating,Monocyte classical,SIRPG,CD47,0.30926353,0.001,0.08856049,0.5245662842443555,0.1453332427261898,0.011179217,0.7950067,0.9572610593235005,1.0
T proliferating,Monocyte classical,SELL,SELPLG,0.30970305,0.694,0.07880638,0.0032584112303939428,-0.09742884081225381,0.0035146358,0.78533435,1.0,1.0
CD8 T cytotoxic,Pre-B large,KLRF1,CLEC2B,0.30507457,0.063,0.08941072,0.08476532134217557,-0.04703499122573801,0.003950399,0.79578424,1.0,1.0
CD8 T cytotoxic,Pre-B large,ITGAL_ITGB2,ICAM3,0.22854036,1.0,0.05191777,-0.023560412121761604,-0.2204202002565354,0.0028242068,0.748073,1.0,1.0
CD8 T cytotoxic,Plasmacytoid DC,MIF,TNFRSF14,0.3538747,0.993,0.09633535,-0.060614992799570555,-0.11011253840635199,0.0018880888,0.8017787,1.0,1.0
CD8 T cytotoxic,Plasmacytoid DC,ITGAL_ITGB2,ICAM3,0.25437975,1.0,0.064642645,0.007179573893409702,-0.14308437402942184,0.003516411,0.7681631,1.0,1.0
CD8 T cytotoxic,NK,TGFB1,TGFBR3,0.32470024,0.0,0.091723815,0.46606427937240685,0.5716198366876907,0.019355612,0.7978518,0.05789331968041655,1.0
CD8 T cytotoxic,Monocyte non-classical,HLA-F,LILRB2,0.6131758,0.0,0.37591392,0.9574700522433137,0.8802879322351065,0.047474988,0.88876724,0.01965795754231783,1.0
CD8 T cytotoxic,Monocyte non-classical,CCL3,CCR1,0.24465233,0.0,0.05979069,0.4739017862465892,0.44548464202723914,0.027155168,0.7611429,0.05789331968041655,1.0
CD8 T cytotoxic,Monocyte classical,KLRF1,CLEC2B,0.34052694,0.0,0.115331404,0.13059234383433704,0.1944762068821987,0.0050956416,0.815693,0.8794285403302593,1.0
CD8 T cytotoxic,Monocyte classical,ITGAL_ITGB2,ICAM3,0.35180473,0.0,0.11262054,0.12308155737844423,0.21036565773631258,0.006126298,0.8138983,0.9051814669723579,1.0
CD8 T cytotoxic,Monocyte classical,CCL3,CCR1,0.22807826,0.0,0.051415574,0.4090079102988107,0.4647830600501775,0.023351438,0.7471559,0.08822851943249735,1.0
CD8 T cytotoxic,HSPC,MIF,TNFRSF14,0.3442439,1.0,0.08624513,-0.07685088845930156,-0.198804458729752,0.0016903292,0.7928395,1.0,1.0
T proliferating,Monocyte non-classical,LGALS9,LRP1,0.22403237,0.002,0.0497099,0.426955967090072,0.22204247657765894,0.015303706,0.743956,1.0,1.0
T proliferating,Monocyte non-classical,LGALS9,CD47,0.34733972,0.058,0.099553145,0.1010826951152762,-0.012771090330816831,0.0019726795,0.80437666,1.0,1.0
T proliferating,Monocyte non-classical,HLA-F,LILRB2,0.57956564,0.0,0.3341309,0.9123993476513305,0.5799072604371355,0.042198125,0.88280827,0.05789331968041655,1.0
T proliferating,Monocyte non-classical,GRN,TNFRSF1B,0.43741375,0.0,0.07258652,0.43767439275259823,0.23578636523607088,0.0032133583,0.778323,0.9673646415120998,1.0
CD8 T cytotoxic,Granulocyte precursor,KLRF1,CLEC2B,0.2839615,0.188,0.0739741,0.0574737812469262,-0.020129770204799335,0.0032683685,0.7799523,1.0,1.0
CD8 T cytotoxic,Granulocyte precursor,ITGAL_ITGB2,ICAM3,0.24657206,1.0,0.060797665,-0.0021089084899356403,-0.11710012014712803,0.0033072527,0.76265776,1.0,1.0
CD8 T cytotoxic,Dendritic cell,MIF,TNFRSF14,0.33597556,1.0,0.07758235,-0.09078986836172775,-0.2038524074150434,0.0015205463,0.7840118,1.0,1.0
CD8 T cytotoxic,Dendritic cell,HLA-F,LILRB2,0.37616032,0.0,0.089234374,0.27075018418483654,0.28868050163419634,0.011269605,0.7956238,0.331874020435491,1.0
CD8 T cytotoxic,CD8 T cytotoxic,TGFB1,TGFBR3,0.3286405,0.0,0.09520522,0.48119825716112963,0.5620494920205932,0.020090258,0.80083925,0.05789331968041655,1.0
CD8 T cytotoxic,CD8 T cytotoxic,LCK,CD8A_CD8B,0.60365754,0.0,0.36270866,0.4116682318811549,0.7025899814359788,0.0221778,0.88698727,0.08566204378149189,1.0
CD8 T cytotoxic,CD4 T naive,KLRF1,CLEC2B,0.32616097,0.0,0.10482787,0.11202244304408393,0.06424175461002851,0.004631568,0.8084067,0.9685121661407877,1.0
CD8 T cytotoxic,CD4 T memory,MIF,CD74,0.6213002,1.0,0.37651762,-0.30729481814038706,-1.4504767506586302,0.00074200786,0.8888465,1.0,1.0
CD8 T cytotoxic,B naive,KLRF1,CLEC2B,0.31733635,0.0,0.09837582,0.10061541548742839,0.13689658821452055,0.0043464997,0.80343896,1.0,1.0
CD4 T naive,T proliferating,HLA-F,KIR3DL2,0.28465903,0.0,0.06410696,0.352327116631148,0.20893127538238754,0.021836082,0.7674213,0.2083932458172997,1.0
CD4 T naive,T proliferating,CLEC2D,KLRB1,0.60047287,0.027,0.3570841,0.19616721082220412,-0.04985260866170882,0.0076579354,0.8862016,1.0,1.0
CD4 T naive,T proliferating,CLEC2B,KLRF1,0.24622783,0.707,0.058985982,-0.023334273433568392,-0.18075392283834896,0.0026061542,0.759909,1.0,1.0
CD4 T naive,Pre-B large,MIF,TNFRSF14,0.35071495,0.995,0.10134062,-0.05936331159292759,-0.2047689531979986,0.0019861876,0.8057729,1.0,1.0
CD4 T naive,Plasmacytoid DC,MIF,TNFRSF14,0.34089395,1.0,0.091561064,-0.07591972801265104,-0.20137094515701442,0.0017945169,0.7977085,1.0,1.0
CD4 T naive,Plasmacytoid DC,FLT3LG,FLT3,0.27048218,0.0,0.06266134,0.7390295485796683,0.5908111554607091,0.042912982,0.7653796,0.05789331968041655,1.0
T proliferating,NK,FAM3C,LAMP1,0.29782933,0.003,0.06068212,0.20170173951104714,0.26253061918275633,0.0051633506,0.76248556,1.0,1.0
T proliferating,NK,APP,CD74,0.568087,1.0,0.075502895,-0.2211820507822751,-1.1787362477130738,0.0005283469,0.7817026,1.0,1.0
CD4 T naive,Monocyte non-classical,ANXA1,FPR1,0.33278388,1.0,0.10338172,0.12575015014291585,-0.23988465191324948,0.008639694,0.8073286,1.0,1.0
CD4 T naive,Monocyte classical,CD99,PILRA,0.33121878,1.0,0.10895704,0.19904320385191393,-0.021750923712615555,0.004967048,0.8113808,1.0,1.0
CD4 T naive,HSPC,SELL,SELPLG,0.42721683,0.0,0.056323245,0.06392290348872816,0.060588528325432336,0.002511925,0.75566983,1.0,1.0
CD4 T naive,HSPC,MIF,TNFRSF14,0.33126312,1.0,0.0819709,-0.09215562367238206,-0.29006286548041443,0.001606558,0.78863424,1.0,1.0
CD4 T naive,HSPC,FLT3LG,FLT3,0.31349194,0.0,0.094742164,1.0454155773917764,0.6262692077325176,0.064883195,0.8004501,0.05789331968041655,1.0
CD4 T naive,Dendritic cell,MIF,TNFRSF14,0.32299477,1.0,0.07373744,-0.10609460357480824,-0.29511081416570584,0.0014451895,0.77967715,1.0,1.0
CD4 T naive,Dendritic cell,HLA-F,LILRB2,0.28115076,0.0,0.061196856,0.14334323243508082,0.06104375508182883,0.007728684,0.7632496,0.8191741069669921,1.0
CD4 T naive,Dendritic cell,FLT3LG,FLT3,0.3087104,0.0,0.091175616,1.011353878327203,0.6039183962356411,0.062440693,0.7973679,0.05789331968041655,1.0
CD4 T naive,Dendritic cell,CD99,PILRA,0.3009912,1.0,0.087278776,0.10771583655393674,-0.30130980031121024,0.003978797,0.79381627,1.0,1.0
CD4 T naive,Dendritic cell,ANXA1,FPR1,0.26776084,1.0,0.048945233,-0.06865678713974162,-0.47576699596643746,0.0040903925,0.7424767,1.0,1.0
CD4 T naive,CD8 T memory,MIF,TNFRSF14,0.35649574,1.0,0.107096985,-0.04961803192772189,-0.0903248488834606,0.0020990074,0.8100597,1.0,1.0
T proliferating,Plasmacytoid DC,FAM3C,LAMP1,0.2385852,0.057,0.04522687,0.10885944063182601,-0.022854227155461926,0.0038482863,0.73485106,1.0,1.0
T proliferating,NK,TGFB1,TGFBR3,0.3137128,0.0,0.087161265,0.4490524211318984,0.3423193556854434,0.018392822,0.79370594,0.06836850060041112,1.0
T proliferating,NK,LGALS9,CD44,0.2962475,1.0,0.07890068,-0.16803051079022113,-0.37724393887922625,0.0012125184,0.7854351,1.0,1.0
CD4 T naive,CD8 T cytotoxic,CLEC2B,KLRF1,0.32616097,0.0,0.10482787,0.11202244304408393,0.06424175461002851,0.004631568,0.8084067,0.9685121661407877,1.0
CD4 T naive,CD4 T memory,MIF,CD74,0.60831946,1.0,0.3578578,-0.32259955335346757,-1.5417351574092928,0.00070523465,0.8863107,1.0,1.0
CD4 T memory,T proliferating,HLA-F,KIR3DL2,0.34111944,0.0,0.08156086,0.4280402566771501,0.27505375008122257,0.027781222,0.788216,0.11912124919554559,1.0
CD4 T memory,T proliferating,CLEC2B,KLRF1,0.34096918,0.081,0.097963385,0.09913205194527852,0.05388938088996087,0.0043282774,0.80310696,1.0,1.0
CD4 T memory,T proliferating,CCL5,CCR5,0.3585187,0.963,0.056917667,0.4916184107891609,-0.4399179178323601,0.019436572,0.7566377,1.0,1.0
CD4 T memory,Platelet,CD40LG,ITGA2B_ITGB3,0.29437155,0.0,0.07324504,3.9072026429906934,0.9774653423267878,0.2704328,0.77910113,0.001099979312490238,1.0
CD4 T memory,Plasmacytoid DC,FLT3LG,FLT3,0.2965523,0.0,0.07142175,0.7896695664982082,0.509867221003378,0.048912454,0.7769243,0.05789331968041655,1.0
CD4 T memory,NK,TGFB1,TGFBR3,0.23047525,0.0,0.052596744,0.32017388720181594,0.25779574641214087,0.011098995,0.74929535,0.19963539485228554,1.0
CD4 T memory,Monocyte non-classical,CD28,CD86,0.3549043,0.0,0.08561209,0.8435786567069177,0.7132667417617968,0.07669093,0.7922339,0.05074644854961885,1.0
CD4 T memory,Monocyte classical,CD28,CD86,0.2375105,0.0,0.049444538,0.5185514407254981,0.5851278348177289,0.044292193,0.7434459,0.05789331968041655,1.0
CD4 T memory,HSPC,SELL,SELPLG,0.3364688,0.838,0.04325859,-0.03551778635461785,-0.1536893646699719,0.0019292627,0.73049366,1.0,1.0
CD4 T memory,HSPC,FLT3LG,FLT3,0.33956206,0.0,0.107987635,1.0960555953103164,0.5453252732751865,0.073954225,0.810696,0.05789331968041655,1.0
CD4 T memory,Erythroid early,MIF,TNFRSF14,0.39621705,0.471,0.047064696,-0.0409049798778697,-0.22509515262414198,0.000922427,0.73871344,1.0,1.0
T proliferating,Plasmacytoid DC,SPN,ICAM1,0.22112715,0.008,0.043661993,0.3922442646461138,0.15303157777679013,0.012946853,0.73140633,1.0,1.0
T proliferating,Plasmacytoid DC,KLRF1,CLEC2B,0.29522377,0.314,0.07914333,0.039999768394501575,-0.08818816999798479,0.0034967584,0.78569376,1.0,1.0
T proliferating,Plasmacytoid DC,ITGAL_ITGB2,ICAM3,0.29264888,0.788,0.08473619,0.0984929535368638,-0.1980243225159928,0.0046094535,0.79138625,1.0,1.0
T proliferating,Plasmacytoid DC,ITGAL_ITGB2,ICAM1,0.23577027,0.0,0.048018973,0.5653754707850955,0.3674369976609376,0.037418414,0.74064595,0.05789331968041655,1.0
CD4 T memory,Dendritic cell,HLA-F,LILRB2,0.33761117,0.0,0.07785844,0.21905637248108295,0.12716622978066386,0.009832913,0.7843125,0.49586113170493457,1.0
CD4 T memory,Dendritic cell,FLT3LG,FLT3,0.33478048,0.0,0.10392247,1.061993896245743,0.5229744617783101,0.07117025,0.8077341,0.05789331968041655,1.0
CD4 T memory,Dendritic cell,CD28,CD86,0.3631235,0.0,0.088144325,0.866335349370257,0.5575695358853201,0.07895929,0.7946226,0.05789331968041655,1.0
CD4 T memory,CD8 T cytotoxic,TGFB1,TGFBR3,0.2344155,0.0,0.054593068,0.3353078649905387,0.24822540174504337,0.011520259,0.7527781,0.17631669539653552,1.0
CD4 T memory,B naive,CD40LG,CD40,0.2513473,0.0,0.057879206,0.6712825414120085,0.6705437911305284,0.14005534,0.75817674,0.05789331968041655,1.0
B naive,T proliferating,HLA-F,KIR3DL2,0.22501726,0.061,0.045669604,0.27234860656324034,0.06706349864377775,0.015555959,0.735799,1.0,1.0
B naive,T proliferating,FAM3C,LAMP1,0.34637517,0.0,0.10439933,0.329108974977827,0.2987395852154072,0.008883183,0.80808926,0.1829506578952265,1.0
T proliferating,Pre-B large,KLRF1,CLEC2B,0.2251414,0.842,0.05031085,-0.05059139513547675,-0.2920306686741155,0.0022228644,0.74509877,1.0,1.0
T proliferating,Pre-B large,ITGAL_ITGB2,ICAM3,0.26680946,0.922,0.06805591,0.06775296752169249,-0.2753601487431063,0.0037020843,0.7727132,1.0,1.0
T proliferating,Pre-B large,FAM3C,LAMP1,0.238594,0.058,0.045229156,0.10887325236239188,-0.08454861542332859,0.003848481,0.734856,1.0,1.0
T proliferating,Pre-B large,FAM3C,CLEC2D,0.35044935,0.008,0.07440931,0.15251958846799085,-0.028666542149951735,0.006608591,0.7804552,1.0,1.0
T proliferating,Platelet,COPA,CD74,0.2384167,1.0,0.052010983,-0.3444380592332342,-1.553674391001398,0.00050132495,0.74824196,1.0,1.0
B naive,T proliferating,CLEC2B,KLRF1,0.23740318,0.766,0.055355452,-0.03474130099022393,-0.10809908923385692,0.002445748,0.7540663,1.0,1.0
B naive,T activated,MIF,TNFRSF14,0.33763894,1.0,0.105342425,-0.06437781498749665,-0.1403560797206272,0.0020646194,0.8087856,1.0,1.0
B naive,T activated,LGALS9,CD47,0.24659559,0.99,0.055983093,-0.0441376243448547,-0.07392718985928509,0.0011093243,0.7551102,1.0,1.0
B naive,T activated,FAM3C,LAMP1,0.23270786,0.0,0.054028887,0.15097931191671093,0.2120710536969047,0.004597237,0.7518102,0.7745670401419933,1.0
B naive,T activated,FAM3C,CLEC2D,0.28974164,0.016,0.0793028,0.14266172780996497,0.14704396065083258,0.007043201,0.7858631,1.0,1.0
B naive,Pre-B small,LGALS9,CD47,0.33348635,0.0,0.08676398,0.07441860091593948,0.23196692882818143,0.001719258,0.7933317,1.0,1.0
B naive,Pre-B small,FAM3C,LAMP1,0.24192347,0.0,0.058112685,0.16542112820918653,0.29427419712460284,0.004944721,0.75854564,0.716705756671404,1.0
B naive,Pre-B small,FAM3C,CLEC2D,0.31992382,0.0,0.092677705,0.1803193692509684,0.32691155803378047,0.008231079,0.79868484,0.6469842175252276,1.0
B naive,Pre-B large,MIF,TNFRSF14,0.31711286,1.0,0.087661855,-0.09898120698063148,-0.23306531059241764,0.0017180957,0.79417443,1.0,1.0
B naive,Pre-B large,FAM3C,LAMP1,0.28416032,0.0,0.076829486,0.23161117225968242,0.20127546802416846,0.006537305,0.78318506,0.4422939635455864,1.0
B naive,Platelet,FAM3C,LAMP1,0.2442354,0.036,0.05913719,0.1690442293602777,0.4216754854604024,0.0050318944,0.7601424,1.0,1.0
B naive,Platelet,CD24,SELP,0.33877328,0.0,0.114212334,2.6976323533563558,0.9795337485053606,0.082285024,0.81495893,0.01122001080671901,1.0
B naive,Plasmacytoid DC,MIF,TNFRSF14,0.30729184,1.0,0.079202324,-0.11553762340035494,-0.22966730255143347,0.0015522963,0.7857564,1.0,1.0
B naive,Plasmacytoid DC,FAM3C,LAMP1,0.28415152,0.0,0.0768256,0.23159736052911656,0.2629698562920351,0.0065369746,0.7831807,0.44316397845579386,1.0
B naive,NK,LGALS9,CD44,0.28375465,1.0,0.06914661,-0.19283845659309967,-0.2753377601555513,0.0010626214,0.7741063,1.0,1.0
T proliferating,Pre-B small,LGALS9,CD47,0.3459792,0.055,0.09900321,0.09922654671881803,0.13006075010450643,0.0019617826,0.8039405,1.0,1.0
T proliferating,Pre-B small,KLRF1,CLEC2B,0.22279522,0.868,0.049345613,-0.05362418153800816,-0.10469498027215335,0.0021802178,0.7432549,1.0,1.0
T proliferating,Pre-B small,FAM3C,CLEC2D,0.2743575,0.242,0.05455893,0.05758144935367785,0.04108747458628342,0.0048455982,0.7527198,1.0,1.0
B naive,NK,FAM3C,LAMP1,0.34339565,0.0,0.10307899,0.3244396594083377,0.5483547026302533,0.0087708365,0.80710036,0.19069353977181439,1.0
B naive,NK,FAM3C,CLEC2D,0.27227908,0.021,0.07156445,0.12087407671107939,0.18280878965181147,0.0063559273,0.7770973,1.0,1.0
B naive,Monocyte non-classical,LGALS9,LRP1,0.21153949,0.0,0.043564532,0.40214802128719346,0.32394865530133393,0.013411792,0.7311868,0.09599803441536947,1.0
B naive,Monocyte non-classical,LGALS9,CD47,0.33484685,0.0,0.087245926,0.07627474931239765,0.08913508839285816,0.0017288079,0.7937854,1.0,1.0
B naive,Monocyte non-classical,FAM3C,LAMP1,0.26422167,0.0,0.067993894,0.2003650253875563,0.28887526398170654,0.0057854983,0.7726331,0.5582824019027741,1.0
B naive,Monocyte classical,HLA-F,LILRB2,0.3199895,0.0,0.10179192,0.34869805872178683,0.38998522173679645,0.012855524,0.80612046,0.15789495302387205,1.0
B naive,Monocyte classical,FAM3C,LAMP1,0.25685728,0.0,0.06473044,0.18882407491705797,0.3348801589259301,0.005507816,0.76828384,0.6096600440167755,1.0
B naive,Monocyte classical,CD99,PILRA,0.30041057,1.0,0.09023467,0.16661234035636047,-0.03121483653816043,0.0041135475,0.7965285,1.0,1.0
B naive,HSPC,SELL,SELPLG,0.41880283,0.0,0.055111915,0.05470248481715209,0.0934631202746767,0.0024579016,0.75365716,1.0,1.0
B naive,HSPC,MIF,TNFRSF14,0.29766104,1.0,0.07090662,-0.13177351906008594,-0.3183592228748335,0.0013897078,0.7762964,1.0,1.0
B naive,HSPC,FAM3C,LAMP1,0.3226042,0.0,0.09386549,0.29185712921147167,0.23550769169633684,0.007986873,0.7997067,0.26773871183439524,1.0
B naive,Granulocyte precursor,LGALS9,CD47,0.22536421,1.0,0.048461914,-0.07310628406548798,-0.15351756498541536,0.0009602895,0.7415269,1.0,1.0
T proliferating,T activated,SIRPG,CD47,0.35474688,0.0,0.12434924,0.5866250702421051,0.23040964604019415,0.01569692,0.821285,0.17588094226423473,1.0
T proliferating,T activated,LGALS9,CD47,0.25908846,0.686,0.063880265,-0.019329678541976144,-0.1758333685829601,0.0012658094,0.7671049,1.0,1.0
T proliferating,T activated,FAM3C,CLEC2D,0.24417534,0.587,0.046685185,0.01992380791267443,-0.13878012279666446,0.0041462993,0.73793125,1.0,1.0
B naive,Granulocyte precursor,FAM3C,LAMP1,0.25162518,0.0,0.0624119,0.18062496514529383,0.2461423618244778,0.005310535,0.76502126,0.6446745929924848,1.0
B naive,Erythroid late,LGALS9,CD47,0.30852422,0.03,0.07792119,0.040359509372154094,0.17014793672306144,0.0015440352,0.7843806,1.0,1.0
B naive,Erythroid late,FAM3C,LAMP1,0.23290393,0.001,0.05411577,0.15128654270121256,0.2846801654459889,0.0046046297,0.75196004,0.9572610593235005,1.0
B naive,Erythroid late,FAM3C,HLA-C,0.32064444,1.0,0.09299704,-0.6281313928599744,-1.1024861571843487,0.0011452952,0.7989612,1.0,1.0
B naive,Erythroid early,LGALS9,SLC1A5,0.25828627,0.0,0.060124487,0.8167286410082053,0.27289388109043544,0.009363308,0.7616486,0.12141276377173765,1.0
B naive,Erythroid early,LGALS9,CD44,0.2977508,1.0,0.07410473,-0.17848303824855138,-0.5822588494896903,0.001138816,0.7801036,1.0,1.0
B naive,Dendritic cell,PTPRC,CD22,0.40233096,1.0,0.073478,-0.08383388999206551,-0.2783003466858811,0.0038956674,0.7793743,1.0,1.0
B naive,Dendritic cell,MIF,TNFRSF14,0.28939268,1.0,0.0637845,-0.14571249896251215,-0.3234071715601249,0.0012501205,0.76697093,1.0,1.0
B naive,Dendritic cell,LGALS9,HAVCR2,0.23480943,0.0,0.05180786,0.5738058530500384,0.2659979740368202,0.012995967,0.7478732,0.1288303327550066,1.0
B naive,Dendritic cell,HLA-F,LILRB2,0.22150901,0.459,0.043596454,0.06336472236717314,-0.08082402165678096,0.0055058915,0.73125875,1.0,1.0
B naive,Dendritic cell,CD99,PILRA,0.270183,1.0,0.072281435,0.07528497305838328,-0.3107737131367551,0.0032951098,0.77795935,1.0,1.0
B naive,CD8 T memory,MIF,TNFRSF14,0.32289362,1.0,0.092641234,-0.08923592731542578,-0.11862120627787964,0.0018156873,0.7986531,1.0,1.0
B naive,CD8 T memory,LGALS9,CD47,0.279763,0.516,0.06773258,0.001116969215981557,0.062402214013601076,0.0013421444,0.77229476,1.0,1.0
T proliferating,T proliferating,FAM3C,LAMP1,0.30080885,0.021,0.0614594,0.20637105508053646,0.012915501767910176,0.005229488,0.7636361,1.0,1.0
T proliferating,T proliferating,CCL3,CCR5,0.53804296,0.0,0.08955638,1.2163394822381632,1.0950605537629832,0.15298757,0.79591644,0.005260230417696404,1.0
T proliferating,T proliferating,BAG6,NCR3,0.29216135,0.0,0.08369724,0.4562247424125237,0.23801943499998493,0.018585268,0.7903661,0.16153970094082148,1.0
B naive,CD8 T memory,FAM3C,LAMP1,0.2735098,0.0,0.07210983,0.21492062158142566,0.3547463265866221,0.0061357175,0.777754,0.5073256556234197,1.0
B naive,CD8 T cytotoxic,LGALS9,CD47,0.31845567,0.0,0.08143938,0.0539103404049051,0.16051769643007602,0.0016137493,0.7880916,1.0,1.0
B naive,CD8 T cytotoxic,FAM3C,LAMP1,0.3023307,0.0,0.0848815,0.26008625082580394,0.42460026118940125,0.007222439,0.79152775,0.36230536890768816,1.0
B naive,CD8 T cytotoxic,CLEC2B,KLRF1,0.31733635,0.0,0.09837582,0.10061541548742839,0.13689658821452055,0.0043464997,0.80343896,1.0,1.0
B naive,CD4 T naive,MIF,TNFRSF14,0.33370298,1.0,0.1019521,-0.07101301267698781,-0.12650705778281235,0.001998172,0.8062433,1.0,1.0
T proliferating,T proliferating,TNF,VSIR,0.266766,0.248,0.048043042,0.18231707110680723,-0.12163483896712918,0.009476833,0.74069405,1.0,1.0
B naive,B naive,LGALS9,CD47,0.26838645,0.976,0.063702464,-0.014405522182912175,0.030477392966418437,0.0012622862,0.7668559,1.0,1.0
B naive,B naive,FAM3C,CLEC2D,0.35306823,0.0,0.107365295,0.2216729309122623,0.3755644006005222,0.009535544,0.81025213,0.48087868878952905,1.0
