program,library,Term,Overlap,P-value,Adjusted P-value,Odds Ratio,Combined Score,Genes
program_01,GO_BP,Cytoplasmic Translation (GO:0002181),5/7,5.495280232842563e-06,0.004423700587438263,43.735078534031416,529.7026944557578,RPS26;RPL37A;RPL7A;RPLP0;RPS2
program_01,Reactome,rRNA Processing,11/27,1.8913941725357608e-08,9.097605969897009e-06,14.675300490942949,260.9762475593755,MT-CO3;RPS26;TRMT112;RPL37A;MT-CO2;MT-ND4;MT-ND1;RPL7A;RPLP0;RPS2;MT-ND5
program_01,Reactome,Eukaryotic Translation Elongation,7/10,6.745143790584553e-08,1.6222070816355846e-05,43.48739495798319,718.0576875712,EEF1B2;EEF1A1;RPS26;RPL37A;RPL7A;RPLP0;RPS2
program_01,Reactome,Peptide Chain Elongation,6/9,1.002935539879655e-06,0.00016080399822737134,37.290249433106574,515.0745280965156,EEF1A1;RPS26;RPL37A;RPL7A;RPLP0;RPS2
program_01,Reactome,FASTK Family Proteins Regulate Processing and Stability of Mitochondrial RNAs,5/6,1.634908447001823e-06,0.00019659774075196922,72.93019197207678,971.7163169744807,MT-CO3;MT-CO2;MT-ND4;MT-ND1;MT-ND5
program_01,Reactome,Eukaryotic Translation Termination,6/11,5.08004790993938e-06,0.00037760425599961037,23.705146705146706,288.97023912119107,RPS26;TRMT112;RPL37A;RPL7A;RPLP0;RPS2
program_01,Reactome,SRP-dependent Cotranslational Protein Targeting to Membrane,6/11,5.08004790993938e-06,0.00037760425599961037,23.705146705146706,288.97023912119107,RPS26;RPL37A;RPL7A;RPLP0;RPS2;SSR4
program_01,Reactome,tRNA Processing in the Mitochondrion,5/7,5.495280232842563e-06,0.00037760425599961037,43.735078534031416,529.7026944557578,MT-CO3;MT-CO2;MT-ND4;MT-ND1;MT-ND5
program_01,Reactome,Metabolism of RNA,14/76,1.2832894490133756e-05,0.0005641109383997437,4.931005780346821,55.540377697112774,MT-CO3;ACTB;RPS26;TRMT112;HNRNPA1;RPL37A;MT-CO2;MT-ND4;HSPA8;MT-ND1;RPL7A;RPLP0;RPS2;MT-ND5
program_01,Reactome,Mitochondrial RNA Degradation,5/8,1.407345376465057e-05,0.0005641109383997437,31.222887060583396,348.7977480958761,MT-CO3;MT-CO2;MT-ND4;MT-ND1;MT-ND5
program_01,Reactome,Selenocysteine Synthesis,5/8,1.407345376465057e-05,0.0005641109383997437,31.222887060583396,348.7977480958761,RPS26;RPL37A;RPL7A;RPLP0;RPS2
program_01,Reactome,Viral mRNA Translation,5/8,1.407345376465057e-05,0.0005641109383997437,31.222887060583396,348.7977480958761,RPS26;RPL37A;RPL7A;RPLP0;RPS2
program_01,Reactome,rRNA Processing in the Mitochondrion,5/8,1.407345376465057e-05,0.0005641109383997437,31.222887060583396,348.7977480958761,MT-CO3;MT-CO2;MT-ND4;MT-ND1;MT-ND5
program_01,Reactome,Cellular Responses to Stimuli,19/134,1.7854679895247783e-05,0.0006134357878295845,3.698749103657079,40.43932979278737,MT-CO3;RPS26;SOD1;HSPA8;MT1E;RPS2;DNAJB1;RPL37A;MT-CO2;PTGES3;RPL7A;XBP1;HSPE1;TUBA4A;RPLP0;EEF1A1;MT2A;ATP6V0E1;HSP90AB1
program_01,Reactome,tRNA Processing,6/13,1.7378409080056256e-05,0.0006134357878295845,17.36543209876543,190.3300325020268,MT-CO3;TRMT112;MT-CO2;MT-ND4;MT-ND1;MT-ND5
program_01,Reactome,Cellular Response to Starvation,6/14,2.9187370435385203e-05,0.0008126655746355795,15.314347961406785,159.90896743931458,RPS26;RPL37A;ATP6V0E1;RPL7A;RPLP0;RPS2
program_01,Reactome,Formation of a Pool of Free 40S Subunits,5/9,3.0411601545614204e-05,0.0008126655746355795,24.271669575334496,252.442023476998,RPS26;RPL37A;RPL7A;RPLP0;RPS2
program_01,Reactome,Nonsense Mediated Decay (NMD) Independent of the Exon Junction Complex (EJC),5/9,3.0411601545614204e-05,0.0008126655746355795,24.271669575334496,252.442023476998,RPS26;RPL37A;RPL7A;RPLP0;RPS2
program_01,Reactome,SARS-CoV-1 Modulates Host Translation Machinery,4/5,2.8362621436468606e-05,0.0008126655746355795,59.05181347150259,618.298376913657,RPS26;EEF1A1;HNRNPA1;RPS2
program_01,Reactome,Translation,10/44,3.728633224685543e-05,0.0009439329374072348,6.276963728080711,64.00546928858655,EEF1B2;EEF1A1;PPA1;TRMT112;RPS26;RPL37A;RPL7A;RPLP0;RPS2;SSR4
program_01,Reactome,Cellular Responses to Stress,17/118,4.287649805240986e-05,0.0010311797781604572,3.7156721040677265,37.36920811523156,MT-CO3;EEF1A1;TUBA4A;RPS26;SOD1;RPL37A;MT-CO2;XBP1;HSPA8;ATP6V0E1;PTGES3;HSP90AB1;RPS2;RPL7A;RPLP0;DNAJB1;HSPE1
program_01,Reactome,Axon Guidance,13/74,4.596395594044606e-05,0.0010527934670168835,4.614773519163763,46.09075674514082,CFL1;TUBA4A;ACTB;RPS26;MYL6;RPL37A;HSPA8;PFN1;HSP90AB1;RPL7A;RPLP0;RPS2;ACTG1
program_01,Reactome,Nonsense Mediated Decay (NMD) Enhanced by the Exon Junction Complex (EJC),5/10,5.8417041398388034e-05,0.001221678126635854,19.848167539267017,193.47801003340456,RPS26;RPL37A;RPL7A;RPLP0;RPS2
program_01,Reactome,Nonsense-Mediated Decay (NMD),5/10,5.8417041398388034e-05,0.001221678126635854,19.848167539267017,193.47801003340456,RPS26;RPL37A;RPL7A;RPLP0;RPS2
program_01,Reactome,Nervous System Development,13/77,7.113608695658811e-05,0.0014256857427549531,4.39295681063123,41.95676060164086,RPL7A;CFL1;TUBA4A;ACTB;RPS26;RPL37A;HSPA8;PFN1;HSP90AB1;RPLP0;MYL6;RPS2;ACTG1
program_01,Reactome,Aerobic Respiration and Respiratory Electron Transport,9/39,8.252313931910726e-05,0.0015877452004996236,6.367374361730717,59.86880335541861,MT-CO3;PKM;LDHA;ATP5F1A;MT-CO2;MT-ND4;LDHB;MT-ND1;MT-ND5
program_01,Reactome,GTP Hydrolysis and Joining of the 60S Ribosomal Subunit,5/11,0.00010286453597209529,0.0017061324759509596,16.78574305275876,154.12833133611247,RPS26;RPL37A;RPL7A;RPLP0;RPS2
program_01,Reactome,L13a-mediated Translational Silencing of Ceruloplasmin Expression,5/11,0.00010286453597209529,0.0017061324759509596,16.78574305275876,154.12833133611247,RPS26;RPL37A;RPL7A;RPLP0;RPS2
program_01,Reactome,Response of EIF2AK4 (GCN2) to Amino Acid Deficiency,5/11,0.00010286453597209529,0.0017061324759509596,16.78574305275876,154.12833133611247,RPS26;RPL37A;RPL7A;RPLP0;RPS2
program_01,Reactome,Selenoamino Acid Metabolism,5/11,0.00010286453597209529,0.0017061324759509596,16.78574305275876,154.12833133611247,RPS26;RPL37A;RPL7A;RPLP0;RPS2
program_01,Reactome,Protein Methylation,3/3,0.00012145712495887582,0.0019473625701739755,136.44615384615383,1230.1915968597166,HSPA8;EEF1A1;RPS2
program_01,Reactome,Influenza Viral RNA Transcription and Replication,5/12,0.00016937456268678434,0.002628037569430428,14.53996509598604,126.25630308220902,RPS26;RPL37A;RPL7A;RPLP0;RPS2
program_01,Reactome,rRNA Processing in the Nucleus and Cytosol,6/19,0.00021478163745807506,0.0032284364880416907,9.616892024299432,81.22319953941766,RPS26;TRMT112;RPL37A;RPL7A;RPLP0;RPS2
program_01,Reactome,Cap-dependent Translation Initiation,5/13,0.00026437215869098935,0.0037400884803048787,12.82260548198337,105.63458268395748,RPS26;RPL37A;RPL7A;RPLP0;RPS2
program_01,Reactome,Eukaryotic Translation Initiation,5/13,0.00026437215869098935,0.0037400884803048787,12.82260548198337,105.63458268395748,RPS26;RPL37A;RPL7A;RPLP0;RPS2
program_01,Reactome,Major Pathway of rRNA Processing in the Nucleolus and Cytosol,5/15,0.0005692018548707801,0.007822459776938436,10.369234604836699,77.47140776234725,RPS26;RPL37A;RPL7A;RPLP0;RPS2
program_01,Reactome,Chaperone Mediated Autophagy,4/9,0.0006112327551588716,0.008166748756428257,16.071125765426284,118.92685667197536,VIM;HSPA8;EEF1A1;HSP90AB1
program_01,Reactome,Cellular Response to Heat Stress,5/16,0.0007953416062640162,0.010067350331920836,9.462554063282495,67.53177712973077,EEF1A1;HSPA8;PTGES3;HSP90AB1;DNAJB1
program_01,Reactome,SARS-CoV-1-host Interactions,5/16,0.0007953416062640162,0.010067350331920836,9.462554063282495,67.53177712973077,NPM1;EEF1A1;RPS26;HNRNPA1;RPS2
program_01,Reactome,Viral Infection Pathways,14/111,0.0009016174047975765,0.011119947992503442,3.1007262487031273,21.740184864616285,NPM1;EEF1A1;TUBA4A;CD8B;RPS26;DAD1;HNRNPA1;RPL37A;HSPA8;PTGES3;HSP90AB1;RPL7A;RPLP0;RPS2
program_01,Reactome,RHOBTB GTPase Cycle,4/10,0.000979776564332527,0.011781813186098637,13.591470705460344,94.16423716799501,ACTN1;VIM;HSP90AB1;ACTG1
program_01,Reactome,Infectious Disease,16/142,0.0013385761779799602,0.01567564903468957,2.739130434782609,18.122494494417,NPM1;EEF1A1;TUBA4A;CD8B;ACTB;RPS26;DAD1;HNRNPA1;RPL37A;HSPA8;PTGES3;HSP90AB1;RPL7A;RPLP0;RPS2;ACTG1
program_01,Reactome,Signaling by ROBO Receptors,6/26,0.0013687676911787153,0.01567564903468957,6.309588333978578,41.60444395103973,RPS26;RPL37A;PFN1;RPL7A;RPLP0;RPS2
program_01,Reactome,Attenuation Phase,4/11,0.0014808691519670604,0.015828845824359023,11.773056994818653,76.70295088884967,HSPA8;PTGES3;DNAJB1;HSP90AB1
program_01,Reactome,HSF1-dependent Transactivation,4/11,0.0014808691519670604,0.015828845824359023,11.773056994818653,76.70295088884967,HSPA8;PTGES3;DNAJB1;HSP90AB1
program_01,Reactome,HSP90 Chaperone Cycle for Steroid Hormone Receptors (SHR) in the Presence of Ligand,5/18,0.0014398534086455697,0.015828845824359023,8.052162109753732,52.687019606274696,TUBA4A;HSPA8;PTGES3;HSP90AB1;DNAJB1
program_01,Reactome,Developmental Biology,16/144,0.0015586900710742792,0.01629847661275496,2.693458890705224,17.410274534366845,KRT1;RPL7A;CFL1;TUBA4A;ACTB;RPS26;CCND3;RPL37A;ATP6V0E1;HSPA8;PFN1;HSP90AB1;RPLP0;MYL6;RPS2;ACTG1
program_01,Reactome,Influenza Infection,5/19,0.0018773790412125332,0.018428965690269968,7.492868748871637,47.039320385042586,RPS26;RPL37A;RPL7A;RPLP0;RPS2
program_01,Reactome,Respiratory Electron Transport,5/19,0.0018773790412125332,0.018428965690269968,7.492868748871637,47.039320385042586,MT-CO3;MT-CO2;MT-ND4;MT-ND1;MT-ND5
program_01,Reactome,SARS-CoV-1 Infection,5/19,0.0018773790412125332,0.018428965690269968,7.492868748871637,47.039320385042586,NPM1;EEF1A1;RPS26;HNRNPA1;RPS2
program_01,Reactome,Signaling by Rho GTPases,13/107,0.001981392446107346,0.019060995331552668,2.9493877551020407,18.356857921256513,ACTN1;CENPK;CFL1;TUBA4A;ACTB;IL32;VIM;PFN1;C1QBP;HSP90AB1;MYL6;HSPE1;ACTG1
program_01,Reactome,Complex I Biogenesis,3/6,0.00217374378984872,0.020501387508181063,19.46153846153846,119.32461541103696,MT-ND4;MT-ND1;MT-ND5
program_01,Reactome,Aryl Hydrocarbon Receptor Signalling,2/2,0.0024762381190595296,0.021655827913956975,96.47208121827411,578.9303831181006,PTGES3;HSP90AB1
program_01,Reactome,Regulation of Expression of SLITs and ROBOs,5/20,0.0024050012359762723,0.021655827913956975,7.0057422732646515,42.24606111469227,RPS26;RPL37A;RPL7A;RPLP0;RPS2
program_01,Reactome,"Signaling by Rho GTPases, Miro GTPases and RHOBTB3",13/109,0.002350594563606997,0.021655827913956975,2.8850629163582533,17.463536766938873,ACTN1;CENPK;CFL1;TUBA4A;ACTB;IL32;VIM;PFN1;C1QBP;HSP90AB1;MYL6;HSPE1;ACTG1
program_01,Reactome,TP53 Regulates Transcription of Additional Cell Cycle Genes With Uncertain Roles in the P53 Pathway,2/2,0.0024762381190595296,0.021655827913956975,96.47208121827411,578.9303831181006,NPM1;RGCC
program_01,Reactome,HSF1 Activation,4/13,0.002968725019014401,0.025499227395462978,9.284701390782656,54.033459021685815,PTGES3;EEF1A1;DNAJB1;HSP90AB1
program_01,Reactome,RHO GTPase Cycle,8/52,0.0035590164680974457,0.030033103879910022,3.833647130276344,21.61514161251519,ACTN1;ACTB;IL32;VIM;C1QBP;HSP90AB1;HSPE1;ACTG1
program_01,Reactome,Cytokine Signaling in Immune System,15/144,0.004202440769969876,0.03485127604061224,2.4799160062317958,13.570323049772423,MIF;NPM1;SOCS3;CFL1;GRAP2;TUBA4A;LTB;MT2A;SOD1;IL32;S100B;VIM;HSPA8;GBP1;RPLP0
program_01,Reactome,Autophagy,5/23,0.004630403178493227,0.037749558116190546,5.860336776567143,31.499962635153448,EEF1A1;TUBA4A;VIM;HSPA8;HSP90AB1
program_01,Reactome,EPH-Ephrin Signaling,4/15,0.005245112339408003,0.042048317254254154,7.661860779454832,40.228282966931154,ACTB;MYL6;CFL1;ACTG1
program_01,Reactome,Cell-extracellular Matrix Interactions,3/8,0.0056543305150540514,0.04386666093130643,12.37156177156177,64.02695888245289,ACTN1;ACTG1;ACTB
program_01,Reactome,RHOBTB2 GTPase Cycle,3/8,0.0056543305150540514,0.04386666093130643,12.37156177156177,64.02695888245289,ACTN1;HSP90AB1;ACTG1
program_01,Reactome,MAPK Family Signaling Cascades,7/45,0.005985004068972092,0.045695031066278986,3.8804778109590945,19.862218923792543,ACTB;CCND3;LAT;PEBP1;DUSP2;DNAJB1;ACTG1
program_02,GO_BP,Positive Regulation Of Response To External Stimulus (GO:0032103),11/26,1.168877206804731e-08,1.3453776650322455e-05,15.630383852946476,285.48328893605236,LGALS2;THBS1;S100A8;S100A12;MGST2;GRN;EREG;NRG1;LGALS1;S100A9;IL1B
program_02,GO_BP,Negative Regulation Of Peptidase Activity (GO:0010466),9/17,2.3846339534725305e-08,1.3723568402234414e-05,23.116361298617807,405.7299385847043,GAPDH;NRG1;TIMP1;SERPINB10;SERPINA1;CSTA;CST3;SERPINB1;SERPINB2
program_02,GO_BP,Positive Regulation Of Defense Response (GO:0031349),9/20,1.4524838704402208e-07,5.57269644958898e-05,17.058921358992635,268.5896555050576,LGALS2;S100A8;S100A12;MGST2;GRN;EREG;LGALS1;S100A9;IL1B
program_02,GO_BP,Negative Regulation Of Endopeptidase Activity (GO:0010951),8/16,2.735714492038433e-07,7.872018450840591e-05,20.45945945945946,309.1772750753771,GAPDH;NRG1;TIMP1;SERPINB10;SERPINA1;CST3;SERPINB1;SERPINB2
program_02,GO_BP,Regulation Of Endopeptidase Activity (GO:0052548),7/13,8.512696449172058e-07,0.00019596227225994077,23.379267791032497,326.7611990235619,GAPDH;TIMP1;SERPINB10;SERPINA1;NRG1;SERPINB1;SERPINB2
program_02,GO_BP,Response To Lipopolysaccharide (GO:0032496),10/33,2.2091714571402374e-06,0.0004237927245280688,9.269425179264136,120.71473245719032,TRIB1;GSTP1;CD68;S100A8;CD14;VIM;CXCL8;LILRB2;S100A9;IL1B
program_02,GO_BP,Positive Regulation Of Inflammatory Response (GO:0050729),8/21,3.5083885773751074e-06,0.0005768793217941069,12.847847847847849,161.37351351828815,LGALS2;S100A8;S100A12;MGST2;GRN;LGALS1;S100A9;IL1B
program_02,GO_BP,Cellular Response To Low-Density Lipoprotein Particle Stimulus (GO:0071404),4/5,2.8362621436468606e-05,0.003119393920097035,59.05181347150259,618.298376913657,CES1;CD36;CD68;FCER1G
program_02,GO_BP,Defense Response To Fungus (GO:0050832),5/9,3.0411601545614204e-05,0.003119393920097035,24.271669575334496,252.442023476998,S100A8;GAPDH;S100A12;NRG1;S100A9
program_02,GO_BP,Inflammatory Response (GO:0006954),11/52,3.0633973994514846e-05,0.003119393920097035,5.757353436090732,59.838482405191314,FOS;THBS1;S100A8;ADM;LYZ;CD14;CXCL8;C5AR1;HP;S100A9;IL1B
program_02,GO_BP,Regulation Of Inflammatory Response (GO:0050727),9/35,3.2521917498839635e-05,0.003119393920097035,7.344159191669244,75.89157633295642,LGALS2;S100A8;S100A12;MGST2;PTGS2;GRN;LGALS1;S100A9;IL1B
program_02,GO_BP,Regulation Of Interleukin-1 Beta Production (GO:0032651),6/14,2.9187370435385203e-05,0.003119393920097035,15.314347961406785,159.90896743931458,GSTP1;MNDA;CD36;SERPINB1;LILRB4;TYROBP
program_02,GO_BP,Response To Molecule Of Bacterial Origin (GO:0002237),6/16,7.169440180566134e-05,0.006347712036793554,12.384227765180146,118.18389787289433,TRIB1;S100A8;CD14;CXCL8;S100A9;IL1B
program_02,GO_BP,Leukocyte Aggregation (GO:0070486),3/3,0.00012145712495887582,0.009319810055177739,136.44615384615383,1230.1915968597166,S100A8;S100A9;IL1B
program_02,GO_BP,Negative Regulation Of Interleukin-1 Beta Production (GO:0032691),3/3,0.00012145712495887582,0.009319810055177739,136.44615384615383,1230.1915968597166,SERPINB1;GSTP1;LILRB4
program_02,GO_BP,Cellular Response To Molecule Of Bacterial Origin (GO:0071219),7/25,0.00014482896104560543,0.009812506048878535,8.162306691718456,72.15444091666254,GSTP1;CD68;CD14;VIM;CXCL8;LILRB2;IL1B
program_02,GO_BP,Defense Response To Bacterium (GO:0042742),8/33,0.00014492841253773683,0.009812506048878535,6.758558558558558,59.740728263051835,S100A8;LYZ;S100A12;CFP;FCER1G;RNASE2;S100A9;IL1B
program_02,GO_BP,Negative Regulation Of Lymphocyte Proliferation (GO:0050672),5/12,0.00016937456268678434,0.010260532718552042,14.53996509598604,126.25630308220902,MNDA;LST1;LILRB2;LILRB4;TYROBP
program_02,GO_BP,Receptor Internalization (GO:0031623),5/12,0.00016937456268678434,0.010260532718552042,14.53996509598604,126.25630308220902,ADM;FCER1G;CD36;CXCL8;LILRB4
program_02,GO_BP,Positive Regulation Of Cytokine Production (GO:0001819),10/53,0.00020067737186999296,0.011548982751118094,4.954277005143837,42.179783288009105,CYP1B1;GAPDH;CD14;FCER1G;PTGS2;FCN1;EREG;LILRB2;TYROBP;IL1B
program_02,GO_BP,Regulation Of I-kappaB kinase/NF-kappaB Signaling (GO:0043122),7/27,0.0002462620974757288,0.01349750829497923,7.358158340941698,61.13977760568426,GSTP1;GAPDH;S100A12;S100A4;LGALS1;LILRB4;IL1B
program_02,GO_BP,Pattern Recognition Receptor Signaling Pathway (GO:0002221),3/4,0.00046812994031470557,0.023426850491401134,45.45811965811966,348.51670486576245,FCN1;CTSS;CD14
program_02,GO_BP,Regulation Of Dendritic Cell Differentiation (GO:2001198),3/4,0.00046812994031470557,0.023426850491401134,45.45811965811966,348.51670486576245,LGALS1;LGALS3;LILRB2
program_02,GO_BP,Regulation Of MAP Kinase Activity (GO:0043405),6/22,0.0005223653036489837,0.02505176935416584,7.855860189193523,59.3678619755204,THBS1;TRIB1;RGS2;GSTP1;S100A12;IL1B
program_02,GO_BP,Cellular Response To Lipopolysaccharide (GO:0071222),7/32,0.0007588502419471406,0.03493746513924636,5.899653979238754,42.38138033591685,GSTP1;CD68;CD14;VIM;CXCL8;LILRB2;IL1B
program_02,GO_BP,Antimicrobial Humoral Immune Response Mediated By Antimicrobial Peptide (GO:0061844),5/17,0.0010824235890474993,0.04187341410791943,8.700942408376964,59.41484367141285,GAPDH;S100A12;CXCL8;NRG1;S100A9
program_02,GO_BP,Cellular Response To Lipid (GO:0071396),8/43,0.0009973304717822455,0.04187341410791943,4.828854206318995,33.36945113450847,GSTP1;CD68;CD14;VIM;CXCL8;LILRB2;MGST1;IL1B
program_02,GO_BP,Epithelial Cell Migration (GO:0010631),3/5,0.0011277809186320611,0.04187341410791943,27.26051282051282,185.03082252376865,S100A12;CYP1B1;S100A9
program_02,GO_BP,Negative Regulation Of Interleukin-1 Production (GO:0032692),3/5,0.0011277809186320611,0.04187341410791943,27.26051282051282,185.03082252376865,SERPINB1;GSTP1;LILRB4
program_02,GO_BP,Positive Regulation Of Apoptotic Signaling Pathway (GO:2001235),4/10,0.000979776564332527,0.04187341410791943,13.591470705460344,94.16423716799501,S100A9;G0S2;CTSS;S100A8
program_02,GO_BP,Regulation Of Fibrinolysis (GO:0051917),3/5,0.0011277809186320611,0.04187341410791943,27.26051282051282,185.03082252376865,THBS1;NRG1;PLAUR
program_02,KEGG,Chemical carcinogenesis,7/30,0.0004985839792108615,0.022853482034643036,6.408578905449994,48.72915827502143,FOS;CYP1B1;GSTP1;MGST2;EIF4EBP1;PTGS2;MGST1
program_02,KEGG,Complement and coagulation cascades,6/22,0.0005223653036489837,0.022853482034643036,7.855860189193523,59.3678619755204,F13A1;SERPINA1;C5AR1;SERPINB2;CFD;PLAUR
program_02,KEGG,IL-17 signaling pathway,6/21,0.0003957732821790001,0.022853482034643036,8.367127496159755,65.55367466766991,FOS;S100A8;PTGS2;CXCL8;S100A9;IL1B
program_02,KEGG,Osteoclast differentiation,6/19,0.00021478163745807506,0.022853482034643036,9.616892024299432,81.22319953941766,FOS;LILRA5;LILRB2;LILRB4;TYROBP;IL1B
program_02,Reactome,Neutrophil Degranulation,37/109,8.015385685644745e-24,3.478677387569819e-21,14.894108064078198,792.0787848095877,GSTP1;CD68;S100A12;SERPINB10;FTL;CD36;CREG1;LILRB2;S100A9;LGALS3;CLEC12A;RNASE2;RETN;SERPINA1;CST3;MGST1;PLAUR;TYROBP;FOLR3;LYZ;ANXA2;CD14;FCN1;CTSS;C5AR1;HP;SERPINB1;PSAP;FGL2;MNDA;S100A8;CFP;COTL1;FCER1G;S100A11;GRN;CFD
program_02,Reactome,Innate Immune System,40/182,5.2577728540232046e-18,1.1409367093230354e-15,8.260896041757286,328.6748181231799,GSTP1;CD68;S100A12;SERPINB10;FTL;CD36;CREG1;LILRB2;S100A9;IL1B;FOS;LGALS3;ACTB;CLEC12A;RNASE2;RETN;SERPINA1;CST3;MGST1;PLAUR;TYROBP;FOLR3;LYZ;ANXA2;CD14;FCN1;CTSS;C5AR1;HP;SERPINB1;PSAP;FGL2;MNDA;S100A8;CFP;COTL1;FCER1G;S100A11;GRN;CFD
program_02,Reactome,Diseases Associated With the TLR Signaling Cascade,4/5,2.8362621436468606e-05,0.0011190343366752158,59.05181347150259,618.298376913657,CD14;S100A9;CD36;S100A8
program_02,Reactome,Diseases of Immune System,4/5,2.8362621436468606e-05,0.0011190343366752158,59.05181347150259,618.298376913657,CD14;S100A9;CD36;S100A8
program_02,Reactome,IRAK4 Deficiency (TLR2 4),4/5,2.8362621436468606e-05,0.0011190343366752158,59.05181347150259,618.298376913657,CD14;S100A9;CD36;S100A8
program_02,Reactome,MyD88 Deficiency (TLR2 4),4/5,2.8362621436468606e-05,0.0011190343366752158,59.05181347150259,618.298376913657,CD14;S100A9;CD36;S100A8
program_02,Reactome,MyD88 MAL(TIRAP) Cascade Initiated on Plasma Membrane,6/13,1.7378409080056256e-05,0.0011190343366752158,17.36543209876543,190.3300325020268,FOS;S100A8;S100A12;CD14;CD36;S100A9
program_02,Reactome,Regulation of TLR by Endogenous Ligand,4/5,2.8362621436468606e-05,0.0011190343366752158,59.05181347150259,618.298376913657,CD14;S100A9;CD36;S100A8
program_02,Reactome,Toll Like Receptor 2 (TLR2) Cascade,6/13,1.7378409080056256e-05,0.0011190343366752158,17.36543209876543,190.3300325020268,FOS;S100A8;S100A12;CD14;CD36;S100A9
program_02,Reactome,Toll Like Receptor TLR1 TLR2 Cascade,6/13,1.7378409080056256e-05,0.0011190343366752158,17.36543209876543,190.3300325020268,FOS;S100A8;S100A12;CD14;CD36;S100A9
program_02,Reactome,Toll Like Receptor TLR6 TLR2 Cascade,6/13,1.7378409080056256e-05,0.0011190343366752158,17.36543209876543,190.3300325020268,FOS;S100A8;S100A12;CD14;CD36;S100A9
program_02,Reactome,Toll-like Receptor Cascades,7/21,4.13603937770939e-05,0.0014958675749382293,10.436105476673427,105.33356211452497,FOS;S100A8;S100A12;CD14;CD36;CTSS;S100A9
program_02,Reactome,Toll Like Receptor 4 (TLR4) Cascade,6/16,7.169440180566134e-05,0.002393490029512079,12.384227765180146,118.18389787289433,FOS;S100A8;S100A12;CD14;CD36;S100A9
program_02,Reactome,Interleukin-4 and Interleukin-13 Signaling,8/32,0.00011447788979903046,0.0035488145837699442,7.038168781025924,63.87228859673878,F13A1;FOS;TIMP1;VIM;PTGS2;CD36;CXCL8;IL1B
program_02,Reactome,Antigen processing-Cross Presentation,5/17,0.0010824235890474993,0.03131812250977431,8.700942408376964,59.41484367141285,S100A8;CD14;CD36;CTSS;S100A9
program_02,Reactome,Signaling by Interleukins,12/89,0.0011888783711941477,0.03224832581864125,3.3233096409695646,22.381642860186183,F13A1;FOS;TALDO1;TIMP1;S100A12;ANXA2;VIM;PTGS2;CD36;CXCL8;SERPINB2;IL1B
program_02,Reactome,Alternative Complement Activation,2/2,0.0024762381190595296,0.03838169084542271,96.47208121827411,578.9303831181006,CFD;CFP
program_02,Reactome,Dissolution of Fibrin Clot,3/6,0.00217374378984872,0.03838169084542271,19.46153846153846,119.32461541103696,SERPINB2;ANXA2;PLAUR
program_02,Reactome,ERBB2 Activates PTK6 Signaling,2/2,0.0024762381190595296,0.03838169084542271,96.47208121827411,578.9303831181006,NRG1;EREG
program_02,Reactome,ERBB2 Regulates Cell Motility,2/2,0.0024762381190595296,0.03838169084542271,96.47208121827411,578.9303831181006,NRG1;EREG
program_02,Reactome,GRB2 Events in ERBB2 Signaling,2/2,0.0024762381190595296,0.03838169084542271,96.47208121827411,578.9303831181006,NRG1;EREG
program_02,Reactome,NFE2L2 Regulates Pentose Phosphate Pathway Genes,2/2,0.0024762381190595296,0.03838169084542271,96.47208121827411,578.9303831181006,TKT;TALDO1
program_02,Reactome,NPAS4 Regulates Expression of Target Genes,2/2,0.0024762381190595296,0.03838169084542271,96.47208121827411,578.9303831181006,FOS;NAMPT
program_02,Reactome,PI3K Events in ERBB4 Signaling,2/2,0.0024762381190595296,0.03838169084542271,96.47208121827411,578.9303831181006,NRG1;EREG
program_02,Reactome,Pentose Phosphate Pathway,2/2,0.0024762381190595296,0.03838169084542271,96.47208121827411,578.9303831181006,TKT;TALDO1
program_02,Reactome,SHC1 Events in ERBB2 Signaling,2/2,0.0024762381190595296,0.03838169084542271,96.47208121827411,578.9303831181006,NRG1;EREG
program_02,Reactome,SHC1 Events in ERBB4 Signaling,2/2,0.0024762381190595296,0.03838169084542271,96.47208121827411,578.9303831181006,NRG1;EREG
program_02,Reactome,Transcriptional Regulation by NPAS4,2/2,0.0024762381190595296,0.03838169084542271,96.47208121827411,578.9303831181006,FOS;NAMPT
program_03,GO_BP,Antigen Receptor-Mediated Signaling Pathway (GO:0050851),12/32,1.24260712467201e-08,4.554155111922917e-06,12.956455835744798,235.8524428249254,HLA-DRB1;BLNK;IGKC;CD79A;IGLC3;IGHM;LAT2;IGHD;HLA-DPA1;MS4A1;CD79B;IGHE
program_03,GO_BP,B Cell Receptor Signaling Pathway (GO:0050853),10/20,7.616250397784586e-09,4.554155111922917e-06,20.88950276243094,390.487092069291,BLNK;IGKC;CD79A;IGLC3;IGHM;LAT2;IGHD;MS4A1;CD79B;IGHE
program_03,GO_BP,Immunoglobulin Production Involved In Immunoglobulin-Mediated Immune Response (GO:0002381),5/5,2.8374444121519247e-07,4.159693508214721e-05,218.90575916230367,3300.0463183622437,HLA-DRB1;HLA-DRB5;HLA-DRA;HLA-DQA1;HLA-DPA1
program_03,GO_BP,MHC Class II Protein Complex Assembly (GO:0002399),5/5,2.8374444121519247e-07,4.159693508214721e-05,218.90575916230367,3300.0463183622437,HLA-DRB1;HLA-DRB5;HLA-DRA;HLA-DQA1;HLA-DPA1
program_03,GO_BP,Peptide Antigen Assembly With MHC Class II Protein Complex (GO:0002503),5/5,2.8374444121519247e-07,4.159693508214721e-05,218.90575916230367,3300.0463183622437,HLA-DRB1;HLA-DRB5;HLA-DRA;HLA-DQA1;HLA-DPA1
program_03,GO_BP,Immunoglobulin Mediated Immune Response (GO:0016064),6/8,3.483761137577591e-07,4.255994856407291e-05,52.233862433862434,776.7166544672597,HLA-DRB1;CD74;HLA-DRB5;HLA-DRA;HLA-DQA1;HLA-DPA1
program_03,GO_BP,Peptide Antigen Assembly With MHC Protein Complex (GO:0002501),5/6,1.634908447001823e-06,0.00017119827023604804,72.93019197207678,971.7163169744807,HLA-DRB1;HLA-DRB5;HLA-DRA;HLA-DQA1;HLA-DPA1
program_03,GO_BP,B Cell Activation (GO:0042113),6/17,0.0001063448475836571,0.009743846659852583,11.301357257878998,103.39412246976381,BLNK;CD79A;LAT2;LYL1;MS4A1;CD79B
program_03,GO_BP,Antigen Processing And Presentation Of Exogenous Peptide Antigen (GO:0002478),5/12,0.00016937456268678434,0.01034596287078441,14.53996509598604,126.25630308220902,HLA-DRB1;HLA-DRB5;HLA-DRA;HLA-DQA1;HLA-DPA1
program_03,GO_BP,Antigen Processing And Presentation Of Exogenous Peptide Antigen Via MHC Class II (GO:0019886),5/12,0.00016937456268678434,0.01034596287078441,14.53996509598604,126.25630308220902,HLA-DRB1;HLA-DRB5;HLA-DRA;HLA-DQA1;HLA-DPA1
program_03,GO_BP,Antigen Processing And Presentation Of Peptide Antigen Via MHC Class II (GO:0002495),5/12,0.00016937456268678434,0.01034596287078441,14.53996509598604,126.25630308220902,HLA-DRB1;HLA-DRB5;HLA-DRA;HLA-DQA1;HLA-DPA1
program_03,GO_BP,Positive Regulation Of Leukocyte Cell-Cell Adhesion (GO:1903039),5/12,0.00016937456268678434,0.01034596287078441,14.53996509598604,126.25630308220902,HLA-DRB1;HLA-DRB5;HLA-DRA;HLA-DQA1;HLA-DPA1
program_03,GO_BP,B Cell Differentiation (GO:0030183),5/13,0.00026437215869098935,0.01384177088003537,12.82260548198337,105.63458268395748,BLNK;CD79A;LYL1;MS4A1;CD79B
program_03,GO_BP,Positive Regulation Of Lymphocyte Activation (GO:0051251),5/13,0.00026437215869098935,0.01384177088003537,12.82260548198337,105.63458268395748,HLA-DRB1;HLA-DRB5;HLA-DRA;HLA-DQA1;HLA-DPA1
program_03,GO_BP,Regulation Of T-helper Cell Differentiation (GO:0045622),3/4,0.00046812994031470557,0.022875949750045275,45.45811965811966,348.51670486576245,HLA-DRB1;HLA-DRA;IRF4
program_03,GO_BP,Regulation Of T Cell Activation (GO:0050863),5/15,0.0005692018548707801,0.026076559976267615,10.369234604836699,77.47140776234725,HLA-DRB1;HLA-DRB5;HLA-DRA;HLA-DQA1;HLA-DPA1
program_03,GO_BP,Lymphocyte Differentiation (GO:0030098),5/17,0.0010824235890474993,0.041333170667865037,8.700942408376964,59.41484367141285,BLNK;CD79A;LYL1;MS4A1;CD79B
program_03,GO_BP,Positive Regulation Of Alpha-Beta T Cell Activation (GO:0046635),3/5,0.0011277809186320611,0.041333170667865037,27.26051282051282,185.03082252376865,HLA-DRB1;EBI3;HLA-DRA
program_03,GO_BP,Positive Regulation Of T Cell Mediated Cytotoxicity (GO:0001916),3/5,0.0011277809186320611,0.041333170667865037,27.26051282051282,185.03082252376865,HLA-DRB1;HLA-DRA;CD1C
program_03,GO_BP,"Regulation Of CD4-positive, Alpha-Beta T Cell Differentiation (GO:0043370)",3/5,0.0011277809186320611,0.041333170667865037,27.26051282051282,185.03082252376865,HLA-DRB1;HLA-DRA;IRF4
program_03,KEGG,Autoimmune thyroid disease,7/10,6.745143790584553e-08,7.217303855925472e-06,43.48739495798319,718.0576875712,HLA-DRB1;HLA-DRB5;HLA-DQB1;HLA-DRA;HLA-DQA1;HLA-DPA1;HLA-DPB1
program_03,KEGG,Intestinal immune network for IgA production,8/15,1.4263735364794203e-07,7.6310984201649e-06,23.19963963963964,365.6950013103956,HLA-DRB1;HLA-DRB5;HLA-DQB1;HLA-DRA;HLA-DQA1;HLA-DPA1;TNFRSF13B;HLA-DPB1
program_03,KEGG,Allograft rejection,7/12,4.0959724834822317e-07,1.0956726393314971e-05,27.644628099173552,406.5997190448354,HLA-DRB1;HLA-DRB5;HLA-DQB1;HLA-DRA;HLA-DQA1;HLA-DPA1;HLA-DPB1
program_03,KEGG,Th1 and Th2 cell differentiation,7/12,4.0959724834822317e-07,1.0956726393314971e-05,27.644628099173552,406.5997190448354,HLA-DRB1;HLA-DQB1;HLA-DRB5;HLA-DRA;HLA-DQA1;HLA-DPA1;HLA-DPB1
program_03,KEGG,Th17 cell differentiation,8/18,8.554042289549157e-07,1.8305650499635198e-05,16.544916344916345,231.16047032933056,HLA-DRB1;HLA-DQB1;HLA-DRB5;HLA-DRA;HLA-DQA1;IRF4;HLA-DPA1;HLA-DPB1
program_03,KEGG,Asthma,7/14,1.6331272729509604e-06,2.18430772757191e-05,20.25133689839572,269.84934381965417,HLA-DRB1;HLA-DRB5;HLA-DQB1;HLA-DRA;HLA-DQA1;HLA-DPA1;HLA-DPB1
program_03,KEGG,Inflammatory bowel disease,7/14,1.6331272729509604e-06,2.18430772757191e-05,20.25133689839572,269.84934381965417,HLA-DRB1;HLA-DRB5;HLA-DQB1;HLA-DRA;HLA-DQA1;HLA-DPA1;HLA-DPB1
program_03,KEGG,Leishmaniasis,8/19,1.4169244496106978e-06,2.18430772757191e-05,15.098237367802586,203.3282935224272,HLA-DRB1;MARCKSL1;HLA-DQB1;HLA-DRB5;HLA-DRA;HLA-DQA1;HLA-DPA1;HLA-DPB1
program_03,KEGG,Graft-versus-host disease,7/15,2.9373059523411e-06,2.8571976081863428e-05,17.859389745202893,227.49322339020787,HLA-DRB1;HLA-DRB5;HLA-DQB1;HLA-DRA;HLA-DQA1;HLA-DPA1;HLA-DPB1
program_03,KEGG,Type I diabetes mellitus,7/15,2.9373059523411e-06,2.8571976081863428e-05,17.859389745202893,227.49322339020787,HLA-DRB1;HLA-DRB5;HLA-DQB1;HLA-DRA;HLA-DQA1;HLA-DPA1;HLA-DPB1
program_03,KEGG,Viral myocarditis,7/15,2.9373059523411e-06,2.8571976081863428e-05,17.859389745202893,227.49322339020787,HLA-DRB1;HLA-DRB5;HLA-DQB1;HLA-DRA;HLA-DQA1;HLA-DPA1;HLA-DPB1
program_03,KEGG,Hematopoietic cell lineage,10/38,9.143120530319038e-06,8.152615806201143e-05,7.622855481244548,88.44424792477663,HLA-DRB1;CD24;CD1C;HLA-DQB1;HLA-DRB5;HLA-DRA;HLA-DQA1;HLA-DPA1;MS4A1;HLA-DPB1
program_03,KEGG,Staphylococcus aureus infection,7/20,2.8743058710520992e-05,0.00022759569386657588,11.215092097445039,117.27749945484948,HLA-DRB1;HLA-DRB5;HLA-DQB1;HLA-DRA;HLA-DQA1;HLA-DPA1;HLA-DPB1
program_03,KEGG,Tuberculosis,8/27,2.9778875833009926e-05,0.00022759569386657588,8.866389466389466,92.40295111900336,HLA-DRB1;CD74;HLA-DQB1;HLA-DRB5;HLA-DRA;HLA-DQA1;HLA-DPA1;HLA-DPB1
program_03,KEGG,Antigen processing and presentation,8/28,3.9983102702129434e-05,0.000278066325396034,8.429400131839156,85.3649871663266,HLA-DRB1;CD74;HLA-DQB1;HLA-DRB5;HLA-DRA;HLA-DQA1;HLA-DPA1;HLA-DPB1
program_03,KEGG,Epstein-Barr virus infection,9/36,4.1580011274173305e-05,0.000278066325396034,7.073323397913562,71.35491547695568,HLA-DRB1;BLNK;HES1;HLA-DQB1;HLA-DRB5;HLA-DRA;HLA-DQA1;HLA-DPA1;HLA-DPB1
program_03,KEGG,Herpes simplex virus 1 infection,8/29,5.295399284002309e-05,0.00031478206854902615,8.033060967944689,79.09421781749641,HLA-DRB1;CD74;HLA-DQB1;HLA-DRB5;HLA-DRA;HLA-DQA1;HLA-DPA1;HLA-DPB1
program_03,KEGG,Rheumatoid arthritis,8/29,5.295399284002309e-05,0.00031478206854902615,8.033060967944689,79.09421781749641,HLA-DRB1;LTB;HLA-DQB1;HLA-DRB5;HLA-DRA;HLA-DQA1;HLA-DPA1;HLA-DPB1
program_03,KEGG,Systemic lupus erythematosus,7/23,8.025322866685712e-05,0.0004293547733676856,9.161400097228974,86.39496721754708,HLA-DRB1;HLA-DRB5;HLA-DQB1;HLA-DRA;HLA-DQA1;HLA-DPA1;HLA-DPB1
program_03,KEGG,Toxoplasmosis,7/23,8.025322866685712e-05,0.0004293547733676856,9.161400097228974,86.39496721754708,HLA-DRB1;HLA-DRB5;HLA-DQB1;HLA-DRA;HLA-DQA1;HLA-DPA1;HLA-DPB1
program_03,KEGG,Cell adhesion molecules,7/24,0.00010869341748864166,0.0005538188414897456,8.633307868601987,78.79602240023752,HLA-DRB1;HLA-DRB5;HLA-DQB1;HLA-DRA;HLA-DQA1;HLA-DPA1;HLA-DPB1
program_03,KEGG,Phagosome,8/32,0.00011447788979903046,0.0005567788276589209,7.038168781025924,63.87228859673878,HLA-DRB1;HLA-DQB1;HLA-DRB5;HLA-DRA;HLA-DQA1;TUBB6;HLA-DPA1;HLA-DPB1
program_03,KEGG,Influenza A,7/32,0.0007588502419471406,0.0035303032994932195,5.899653979238754,42.38138033591685,HLA-DRB1;HLA-DRB5;HLA-DQB1;HLA-DRA;HLA-DQA1;HLA-DPA1;HLA-DPB1
program_03,KEGG,B cell receptor signaling pathway,4/12,0.0021366164466071974,0.009525748324457088,10.382505333739713,63.83716421773965,CD79B;BLNK;CD79A;CD72
program_03,KEGG,Human T-cell leukemia virus 1 infection,7/44,0.005266183363215972,0.02253926479456436,3.986096256684492,20.912852307472576,HLA-DRB1;HLA-DRB5;HLA-DQB1;HLA-DRA;HLA-DQA1;HLA-DPA1;HLA-DPB1
program_03,KEGG,Primary immunodeficiency,3/10,0.011259923465288401,0.046338915799456114,9.062905982905983,40.660777115391404,BLNK;TNFRSF13B;CD79A
program_03,Reactome,Interferon Gamma Signaling,9/19,8.33139255532152e-08,9.275617044924626e-06,18.693468644288316,304.7156920537232,HLA-DRB1;HLA-DQB1;HLA-DRB5;HLA-DRA;IRF8;HLA-DQA1;HLA-DPA1;IRF4;HLA-DPB1
program_03,Reactome,PD-1 Signaling,7/10,6.745143790584553e-08,9.275617044924626e-06,43.48739495798319,718.0576875712,HLA-DRB1;HLA-DRB5;HLA-DQB1;HLA-DRA;HLA-DQA1;HLA-DPA1;HLA-DPB1
program_03,Reactome,Translocation of ZAP-70 to Immunological Synapse,7/10,6.745143790584553e-08,9.275617044924626e-06,43.48739495798319,718.0576875712,HLA-DRB1;HLA-DRB5;HLA-DQB1;HLA-DRA;HLA-DQA1;HLA-DPA1;HLA-DPB1
program_03,Reactome,Phosphorylation of CD3 and TCR Zeta Chains,7/11,1.779231785911949e-07,1.4856585412364775e-05,33.805704099821746,525.4053445023592,HLA-DRB1;HLA-DRB5;HLA-DQB1;HLA-DRA;HLA-DQA1;HLA-DPA1;HLA-DPB1
program_03,Reactome,Costimulation by the CD28 Family,7/13,8.512696449172058e-07,5.686481228046935e-05,23.379267791032497,326.7611990235619,HLA-DRB1;HLA-DQB1;HLA-DRB5;HLA-DRA;HLA-DQA1;HLA-DPA1;HLA-DPB1
program_03,Reactome,Antigen Activates B Cell Receptor (BCR) Leading to Generation of Second Messengers,8/19,1.4169244496106978e-06,7.887546102832885e-05,15.098237367802586,203.3282935224272,BLNK;IGKC;CD79A;IGLC3;IGHM;IGHD;IGLC2;CD79B
program_03,Reactome,CD22 Mediated BCR Regulation,7/16,5.009099454781189e-06,0.00020912990223711462,15.971010413734872,194.91427425112616,IGKC;CD79A;IGLC3;IGHM;IGHD;IGLC2;CD79B
program_03,Reactome,Generation of Second Messenger Molecules,7/16,5.009099454781189e-06,0.00020912990223711462,15.971010413734872,194.91427425112616,HLA-DRB1;HLA-DRB5;HLA-DQB1;HLA-DRA;HLA-DQA1;HLA-DPA1;HLA-DPB1
program_03,Reactome,Adaptive Immune System,19/128,8.963769681747357e-06,0.00033265545263373524,3.914530632826288,45.495926474677894,HLA-DRB1;IGHM;CD1C;HLA-DQB1;HLA-DRA;TUBB6;IGKC;CD79A;IGLC3;IGHD;CD79B;HLA-DPB1;RASGRP2;CD74;BLNK;HLA-DRB5;HLA-DQA1;IGLC2;HLA-DPA1
program_03,Reactome,Downstream TCR Signaling,7/18,1.2822426565941588e-05,0.000428269047302449,13.179493141129969,148.45796023483388,HLA-DRB1;HLA-DQB1;HLA-DRB5;HLA-DRA;HLA-DQA1;HLA-DPA1;HLA-DPB1
program_03,Reactome,Signaling by the B Cell Receptor (BCR),8/28,3.9983102702129434e-05,0.0012140323911373845,8.429400131839156,85.3649871663266,BLNK;IGKC;CD79A;IGLC3;IGHM;IGHD;IGLC2;CD79B
program_03,Reactome,MHC Class II Antigen Presentation,9/38,6.619998925920676e-05,0.0018425663677145883,6.586737056589794,63.38305264482693,HLA-DRB1;CD74;HLA-DQB1;HLA-DRB5;HLA-DRA;HLA-DQA1;TUBB6;HLA-DPA1;HLA-DPB1
program_03,Reactome,Potential Therapeutics for SARS,8/31,8.95217710832729e-05,0.0023000208878317806,7.341575618171363,68.43103711315202,BLNK;IGKC;CD79A;IGLC3;IGHM;IGHD;IGLC2;CD79B
program_03,Reactome,Interferon Signaling,10/50,0.00011993485059990965,0.00286130286431213,5.329854716595048,48.12092308969909,HLA-DRB1;HLA-DQB1;HLA-DRB5;HLA-DRA;IRF8;HLA-DQA1;TUBB6;HLA-DPA1;IRF4;HLA-DPB1
program_03,Reactome,TCR Signaling,7/25,0.00014482896104560543,0.003224858199282148,8.162306691718456,72.15444091666254,HLA-DRB1;HLA-DRB5;HLA-DQB1;HLA-DRA;HLA-DQA1;HLA-DPA1;HLA-DPB1
program_03,Reactome,Role of LAT2 NTAL LAB on Calcium Mobilization,5/17,0.0010824235890474993,0.022595592421366547,8.700942408376964,59.41484367141285,IGKC;IGLC3;LAT2;IGLC2;IGHE
program_03,Reactome,Cytokine Signaling in Immune System,16/144,0.0015586900710742792,0.030623675514047603,2.693458890705224,17.410274534366845,HLA-DRB1;HLA-DPB1;BLNK;LTB;HLA-DRB5;HLA-DQB1;EBI3;TNFRSF13B;HLA-DRA;IRF8;HLA-DQA1;TUBB6;HLA-DPA1;IRF4;IGHE;HCK
program_04,GO_BP,Cellular Defense Response (GO:0006968),7/14,1.6331272729509604e-06,0.0006632278600004062,20.25133689839572,269.84934381965417,KLRC2;KIR3DL2;CXCR2;GNLY;PRF1;SPN;TYROBP
program_04,GO_BP,Granulocyte Chemotaxis (GO:0071621),10/29,5.65625482549946e-07,0.0006632278600004062,11.194645133871653,161.03870556088376,CCL4;XCL2;CCL3;CXCR2;BSG;FCER1G;CCL3L1;CCL5;XCL1;PPIB
program_04,GO_BP,Positive Regulation Of Lymphocyte Chemotaxis (GO:0140131),5/6,1.634908447001823e-06,0.0006632278600004062,72.93019197207678,971.7163169744807,CCL4;XCL2;CCL3;CCL5;XCL1
program_04,GO_BP,Eosinophil Chemotaxis (GO:0048245),6/11,5.08004790993938e-06,0.0008832026151994609,23.705146705146706,288.97023912119107,CCL4;XCL2;CCL3;CCL3L1;CCL5;XCL1
program_04,GO_BP,Eosinophil Migration (GO:0072677),6/11,5.08004790993938e-06,0.0008832026151994609,23.705146705146706,288.97023912119107,CCL4;XCL2;CCL3;CCL3L1;CCL5;XCL1
program_04,GO_BP,Lymphocyte Migration (GO:0072676),6/11,5.08004790993938e-06,0.0008832026151994609,23.705146705146706,288.97023912119107,CCL4;XCL2;CCL3;CCL3L1;CCL5;XCL1
program_04,GO_BP,Neutrophil Chemotaxis (GO:0030593),9/28,4.2683086602110805e-06,0.0008832026151994609,10.017794591565083,123.86294661730628,CCL4;XCL2;CCL3;CXCR2;FCER1G;CCL3L1;CCL5;XCL1;PPIB
program_04,GO_BP,Regulation Of Natural Killer Cell Activation (GO:0032814),4/4,5.899519840265875e-06,0.0008974644557004463,177.24870466321244,2134.18777124145,KLRC1;ZNF683;TYROBP;KLRC2
program_04,GO_BP,Cellular Response To Type II Interferon (GO:0071346),7/17,8.168584546002323e-06,0.0009941167392484827,14.442322383498855,169.1949105840811,CCL4;XCL2;CCL3;IFNG;CCL3L1;CCL5;XCL1
program_04,GO_BP,Neutrophil Migration (GO:1990266),9/30,8.129235451390215e-06,0.0009941167392484827,9.076248570339306,106.37402968807109,CCL4;XCL2;CCL3;CXCR2;FCER1G;CCL3L1;CCL5;XCL1;PPIB
program_04,GO_BP,Regulation Of Natural Killer Cell Chemotaxis (GO:2000501),4/5,2.8362621436468606e-05,0.0031379372989256632,59.05181347150259,618.298376913657,XCL1;CCL4;CCL5;CCL3
program_04,GO_BP,Positive Regulation Of Hydrolase Activity (GO:0051345),9/35,3.2521917498839635e-05,0.003298264466340653,7.344159191669244,75.89157633295642,CCL4;RGS9;F2R;XCL2;CCL3;RHOC;CCL3L1;CCL5;XCL1
program_04,GO_BP,Cellular Response To Interleukin-1 (GO:0071347),6/16,7.169440180566134e-05,0.006711698999806911,12.384227765180146,118.18389787289433,CCL4;XCL2;CCL3;CCL3L1;CCL5;XCL1
program_04,GO_BP,Natural Killer Cell Mediated Immunity (GO:0002228),4/6,8.181804741540218e-05,0.007112325978896032,35.41243523316062,333.2668780762956,GZMB;KLRC2;NKG7;FCGR3A
program_04,GO_BP,Positive Regulation Of GTPase Activity (GO:0043547),8/31,8.95217710832729e-05,0.007263199693889542,7.341575618171363,68.43103711315202,RGS9;CCL4;F2R;XCL2;CCL3;CCL3L1;CCL5;XCL1
program_04,GO_BP,Cellular Response To Tumor Necrosis Factor (GO:0071356),7/24,0.00010869341748864166,0.0073488827268709395,8.633307868601987,78.79602240023752,CCL4;XCL2;CCL3;CCL3L1;CCL5;TMSB4X;XCL1
program_04,GO_BP,Lymphocyte Chemotaxis (GO:0048247),6/17,0.0001063448475836571,0.0073488827268709395,11.301357257878998,103.39412246976381,CCL4;XCL2;CCL3;CCL3L1;CCL5;XCL1
program_04,GO_BP,Monocyte Chemotaxis (GO:0002548),6/17,0.0001063448475836571,0.0073488827268709395,11.301357257878998,103.39412246976381,CCL4;XCL2;CCL3;CCL3L1;CCL5;XCL1
program_04,GO_BP,Positive Regulation Of T Cell Chemotaxis (GO:0010820),3/3,0.00012145712495887582,0.007779648477629046,136.44615384615383,1230.1915968597166,XCL2;XCL1;CCL5
program_04,GO_BP,Positive Regulation Of ERK1 And ERK2 Cascade (GO:0070374),8/33,0.00014492841253773683,0.008818893902921286,6.758558558558558,59.740728263051835,TGFB1;CCL4;F2R;XCL2;CCL3;CCL3L1;CCL5;XCL1
program_04,GO_BP,Response To Interleukin-1 (GO:0070555),6/18,0.0001531060580925149,0.008872860604694792,10.391746031746031,91.28504274926426,CCL4;XCL2;CCL3;CCL3L1;CCL5;XCL1
program_04,GO_BP,Inflammatory Response (GO:0006954),10/52,0.00016980691212123983,0.00930912391331019,5.073578160545987,44.04296375774857,TGFB1;CCL4;F2R;XCL2;CCL3;CXCR2;IFNG;CCL3L1;CCL5;XCL1
program_04,GO_BP,Neutrophil Activation (GO:0042119),4/7,0.00018358173699214837,0.00930912391331019,25.281273131014064,217.4910146228038,CXCR2;TYROBP;FCER1G;CCL5
program_04,GO_BP,Positive Regulation Of T Cell Migration (GO:2000406),4/7,0.00018358173699214837,0.00930912391331019,25.281273131014064,217.4910146228038,XCL1;SPN;XCL2;CCL5
program_04,GO_BP,Response To Type II Interferon (GO:0034341),6/19,0.00021478163745807506,0.010455570111459093,9.616892024299432,81.22319953941766,CCL4;XCL2;CCL3;CCL3L1;CCL5;XCL1
program_04,GO_BP,Regulation Of ERK1 And ERK2 Cascade (GO:0070372),9/44,0.0002238297334295587,0.010476953291683574,5.45593781266836,45.855110868299064,TGFB1;GSTP1;CCL4;F2R;XCL2;CCL3;CCL3L1;CCL5;XCL1
program_04,GO_BP,Regulation Of GTPase Activity (GO:0043087),8/36,0.00027867983545243417,0.012561235546133793,6.037458511142722,49.41929652637901,RGS9;CCL4;F2R;XCL2;CCL3;CCL3L1;CCL5;XCL1
program_04,GO_BP,Cellular Response To Chemokine (GO:1990869),6/21,0.0003957732821790001,0.014992477299026228,8.367127496159755,65.55367466766991,CCL4;XCL2;CCL3;CCL3L1;CCL5;XCL1
program_04,GO_BP,Chemokine-Mediated Signaling Pathway (GO:0070098),6/21,0.0003957732821790001,0.014992477299026228,8.367127496159755,65.55367466766991,CCL4;XCL2;CCL3;CCL3L1;CCL5;XCL1
program_04,GO_BP,Gamma-Delta T Cell Activation (GO:0046629),3/4,0.00046812994031470557,0.014992477299026228,45.45811965811966,348.51670486576245,TRGC1;TRDC;TRGC2
program_04,GO_BP,Modulation By Host Of Symbiont Process (GO:0051851),3/4,0.00046812994031470557,0.014992477299026228,45.45811965811966,348.51670486576245,CCL4;CCL5;CCL3
program_04,GO_BP,Positive Regulation Of Superoxide Anion Generation (GO:0032930),3/4,0.00046812994031470557,0.014992477299026228,45.45811965811966,348.51670486576245,TGFB1;GSTP1;TYROBP
program_04,GO_BP,Regulation Of Interleukin-1 Beta Production (GO:0032651),5/14,0.00039503037438854744,0.014992477299026228,11.466795260402314,89.86009030425846,GSTP1;F2R;CCL3;IFNG;TYROBP
program_04,GO_BP,Regulation Of Natural Killer Cell Mediated Cytotoxicity (GO:0042269),3/4,0.00046812994031470557,0.014992477299026228,45.45811965811966,348.51670486576245,KLRC1;KLRC2;KLRB1
program_04,GO_BP,Regulation Of Superoxide Anion Generation (GO:0032928),3/4,0.00046812994031470557,0.014992477299026228,45.45811965811966,348.51670486576245,TGFB1;GSTP1;TYROBP
program_04,GO_BP,Regulation Of T Cell Chemotaxis (GO:0010819),3/4,0.00046812994031470557,0.014992477299026228,45.45811965811966,348.51670486576245,XCL2;XCL1;CCL5
program_04,GO_BP,Regulation Of Tumor Necrosis Factor Production (GO:0032680),6/21,0.0003957732821790001,0.014992477299026228,8.367127496159755,65.55367466766991,GSTP1;FCGR3A;CCL3;IFNG;SPN;TYROBP
program_04,GO_BP,Response To Tumor Necrosis Factor (GO:0034612),6/21,0.0003957732821790001,0.014992477299026228,8.367127496159755,65.55367466766991,CCL4;XCL2;CCL3;CCL3L1;CCL5;XCL1
program_04,GO_BP,Positive Regulation Of Cytoskeleton Organization (GO:0051495),4/9,0.0006112327551588716,0.019073596487906328,16.071125765426284,118.92685667197536,PLEK;VASP;PFN1;GSN
program_04,GO_BP,Positive Regulation Of Tumor Necrosis Factor Production (GO:0032760),5/16,0.0007953416062640162,0.023608066703007503,9.462554063282495,67.53177712973077,FCGR3A;CCL3;IFNG;SPN;TYROBP
program_04,GO_BP,Positive Regulation Of Tumor Necrosis Factor Superfamily Cytokine Production (GO:1903557),5/16,0.0007953416062640162,0.023608066703007503,9.462554063282495,67.53177712973077,FCGR3A;CCL3;IFNG;SPN;TYROBP
program_04,GO_BP,Cytokine-Mediated Signaling Pathway (GO:0019221),9/53,0.0009594939350398284,0.02592147997375403,4.331491373488058,30.09998647024729,CCL4;XCL2;CCL3;CXCR2;FCER1G;CCL3L1;CCL5;TMSB4X;XCL1
program_04,GO_BP,Positive Regulation Of Calcium Ion Transport (GO:0051928),4/10,0.000979776564332527,0.02592147997375403,13.591470705460344,94.16423716799501,F2R;CCL4;CCL5;CCL3
program_04,GO_BP,Positive Regulation Of Monoatomic Ion Transport (GO:0043270),4/10,0.000979776564332527,0.02592147997375403,13.591470705460344,94.16423716799501,F2R;CCL4;CCL5;CCL3
program_04,GO_BP,Regulation Of Calcium Ion Transport (GO:0051924),4/10,0.000979776564332527,0.02592147997375403,13.591470705460344,94.16423716799501,F2R;CCL4;CCL5;CCL3
program_04,GO_BP,Regulation Of G Protein-Coupled Receptor Signaling Pathway (GO:0008277),4/10,0.000979776564332527,0.02592147997375403,13.591470705460344,94.16423716799501,RGS3;PLEK;RGS9;CCL5
program_04,GO_BP,Natural Killer Cell Mediated Cytotoxicity (GO:0042267),3/5,0.0011277809186320611,0.028593945374483717,27.26051282051282,185.03082252376865,GZMB;FCGR3A;NKG7
program_04,GO_BP,Positive Regulation Of Natural Killer Cell Activation (GO:0032816),3/5,0.0011277809186320611,0.028593945374483717,27.26051282051282,185.03082252376865,KLRC2;TYROBP;FCGR3A
program_04,GO_BP,Positive Regulation Of Cellular Component Biogenesis (GO:0044089),5/19,0.0018773790412125332,0.04662796516644189,7.492868748871637,47.039320385042586,TGFB1;IFNG;RHOC;PLEK;PFN1
program_04,GO_BP,Inhibition Of Cysteine-Type Endopeptidase Activity (GO:0097340),2/2,0.0024762381190595296,0.04783463160151504,96.47208121827411,578.9303831181006,CST7;CAST
program_04,GO_BP,Myeloid Cell Activation Involved In Immune Response (GO:0002275),3/6,0.00217374378984872,0.04783463160151504,19.46153846153846,119.32461541103696,FCER1G;TYROBP;IFNG
program_04,GO_BP,Natural Killer Cell Activation Involved In Immune Response (GO:0002323),2/2,0.0024762381190595296,0.04783463160151504,96.47208121827411,578.9303831181006,FCGR3A;NKG7
program_04,GO_BP,Natural Killer Cell Degranulation (GO:0043320),2/2,0.0024762381190595296,0.04783463160151504,96.47208121827411,578.9303831181006,NKG7;FCGR3A
program_04,GO_BP,Negative Regulation Of Actin Filament Polymerization (GO:0030837),3/6,0.00217374378984872,0.04783463160151504,19.46153846153846,119.32461541103696,PFN1;GSN;TMSB4X
program_04,GO_BP,Negative Regulation Of Natural Killer Cell Mediated Cytotoxicity (GO:0045953),2/2,0.0024762381190595296,0.04783463160151504,96.47208121827411,578.9303831181006,TGFB1;KLRC1
program_04,GO_BP,Positive Regulation Of Cell Killing (GO:0031343),2/2,0.0024762381190595296,0.04783463160151504,96.47208121827411,578.9303831181006,IFNG;PRF1
program_04,GO_BP,Positive Regulation Of Cell Migration (GO:0030335),8/49,0.0024161343554123193,0.04783463160151504,4.117421035493325,24.809876152429013,TGFB1;F2R;HSPA5;CCL3;IFNG;RHOC;PFN1;CCL5
program_04,GO_BP,Positive Regulation Of Killing Of Cells Of Another Organism (GO:0051712),2/2,0.0024762381190595296,0.04783463160151504,96.47208121827411,578.9303831181006,IFNG;PRF1
program_04,GO_BP,Positive Regulation Of Protein Import Into Nucleus (GO:0042307),3/6,0.00217374378984872,0.04783463160151504,19.46153846153846,119.32461541103696,TGFB1;FLNA;IFNG
program_04,GO_BP,Regulation Of Protein Import Into Nucleus (GO:0042306),3/6,0.00217374378984872,0.04783463160151504,19.46153846153846,119.32461541103696,TGFB1;FLNA;IFNG
program_04,GO_BP,Regulation Of Protein-Containing Complex Assembly (GO:0043254),5/20,0.0024050012359762723,0.04783463160151504,7.0057422732646515,42.24606111469227,TGFB1;HSPA5;IFNG;RHOC;GSN
program_04,GO_BP,Response To Sterol (GO:0036314),2/2,0.0024762381190595296,0.04783463160151504,96.47208121827411,578.9303831181006,TGFB1;CCL3
program_04,GO_BP,Zymogen Inhibition (GO:0097341),2/2,0.0024762381190595296,0.04783463160151504,96.47208121827411,578.9303831181006,CST7;CAST
program_04,KEGG,Natural killer cell mediated cytotoxicity,10/17,9.094079207659318e-10,1.3641118811488976e-07,29.29171270718232,609.8015350394298,GZMB;KLRC2;FCGR3A;KLRC1;SH2D1A;KIR3DL2;IFNG;FCER1G;PRF1;TYROBP
program_04,KEGG,Cytokine-cytokine receptor interaction,11/55,5.3484348143759885e-05,0.004011326110781991,5.3605548929759586,52.72706926113891,TGFB1;CCL4;CCL4L2;IL32;XCL2;CCL3;CXCR2;IFNG;CCL3L1;CCL5;XCL1
program_04,KEGG,Viral protein interaction with cytokine and cytokine receptor,8/31,8.95217710832729e-05,0.004476088554163645,7.341575618171363,68.43103711315202,CCL4;CCL4L2;XCL2;CCL3;CXCR2;CCL3L1;CCL5;XCL1
program_04,KEGG,Chemokine signaling pathway,9/41,0.00012544755312811898,0.004704283242304461,5.9691467002942415,53.62456233421346,CCL4;CCL4L2;XCL2;CCL3;CXCR2;CCL3L1;CCL5;RAP1B;XCL1
program_04,KEGG,Chagas disease,6/20,0.0002945124569213125,0.008835373707639375,8.948914431673053,72.75636797619467,TGFB1;CCL3;IFNG;CCL3L1;CCL5;CALR
program_04,KEGG,Graft-versus-host disease,5/15,0.0005692018548707801,0.014230046371769504,10.369234604836699,77.47140776234725,GZMB;KLRC1;KIR3DL2;IFNG;PRF1
program_04,KEGG,Human cytomegalovirus infection,7/34,0.0011166025115806242,0.02392719667672766,5.464754496840058,37.146475654077896,CCL4;CCL4L2;CCL3;CXCR2;CCL3L1;CCL5;CALR
program_04,KEGG,Toll-like receptor signaling pathway,5/18,0.0014398534086455697,0.02699725141210443,8.052162109753732,52.687019606274696,CCL4;CCL4L2;CCL3;CCL3L1;CCL5
program_04,KEGG,Antigen processing and presentation,6/28,0.002064336796737561,0.03440561327895935,5.742621987066432,35.50632318324179,KLRC2;KLRC1;KIR3DL2;HSPA5;IFNG;CALR
program_04,KEGG,Fc gamma R-mediated phagocytosis,4/13,0.002968725019014401,0.044530875285216015,9.284701390782656,54.033459021685815,VASP;CFL1;GSN;FCGR3A
program_04,Reactome,Chemokine Receptors Bind Chemokines,7/24,0.00010869341748864166,0.019863722046049265,8.633307868601987,78.79602240023752,CCL4;XCL2;CCL3;CXCR2;CCL3L1;CCL5;XCL1
program_04,Reactome,"Platelet Activation, Signaling and Aggregation",13/71,2.8948042279395105e-05,0.019863722046049265,4.859340659340659,50.78014866974954,TGFB1;FLNA;CFL1;TUBA4A;F2R;HSPA5;FCER1G;PLEK;PFN1;TMSB4X;RAP1B;RAB27B;MANF
program_04,Reactome,Platelet Degranulation,10/48,8.306843875588783e-05,0.019863722046049265,5.612757408337519,52.73660270962279,TGFB1;FLNA;CFL1;TUBA4A;HSPA5;PLEK;PFN1;TMSB4X;RAB27B;MANF
program_04,Reactome,Response to Elevated Platelet Cytosolic Ca2+,10/48,8.306843875588783e-05,0.019863722046049265,5.612757408337519,52.73660270962279,TGFB1;FLNA;CFL1;TUBA4A;HSPA5;PLEK;PFN1;TMSB4X;RAB27B;MANF
program_05,GO_BP,Heme Biosynthetic Process (GO:0006783),5/9,3.0411601545614204e-05,0.012286287024428138,24.271669575334496,252.442023476998,ATP5IF1;UROD;ALAS2;HMBS;FECH
program_05,GO_BP,Porphyrin-Containing Compound Biosynthetic Process (GO:0006779),5/9,3.0411601545614204e-05,0.012286287024428138,24.271669575334496,252.442023476998,ATP5IF1;UROD;ALAS2;HMBS;FECH
program_05,KEGG,Porphyrin and chlorophyll metabolism,5/13,0.00026437215869098935,0.026965960186480915,12.82260548198337,105.63458268395748,UROD;ALAS2;HMBS;BLVRB;FECH
program_05,Reactome,Erythrocytes Take up Carbon Dioxide and Release Oxygen,5/7,5.495280232842563e-06,0.0007839933132188724,43.735078534031416,529.7026944557578,CA1;HBB;RHAG;HBA1;CA2
program_05,Reactome,Erythrocytes Take up Oxygen and Release Carbon Dioxide,5/7,5.495280232842563e-06,0.0007839933132188724,43.735078534031416,529.7026944557578,CA1;HBB;RHAG;HBA1;CA2
program_05,Reactome,O2 CO2 Exchange in Erythrocytes,5/7,5.495280232842563e-06,0.0007839933132188724,43.735078534031416,529.7026944557578,CA1;HBB;RHAG;HBA1;CA2
program_05,Reactome,Metabolism of Porphyrins,5/11,0.00010286453597209529,0.011006505349014198,16.78574305275876,154.12833133611247,UROD;ALAS2;HMBS;BLVRB;FECH
program_05,Reactome,Heme Biosynthesis,4/8,0.0003530900202196461,0.030224505730801706,19.65284974093264,156.21632672869652,UROD;FECH;ALAS2;HMBS
program_06,KEGG,Sulfur metabolism,3/3,0.00012145712495887582,0.016153797619530483,136.44615384615383,1230.1915968597166,TST;MPST;SELENBP1
program_07,GO_BP,Immunoglobulin Mediated Immune Response (GO:0016064),7/8,4.887605634783236e-09,4.892493240418019e-06,101.57754010695187,1943.8450259741471,HLA-DRB1;CD74;HLA-DRB5;HLA-DRA;HLA-DQA1;HLA-DPA1;FCER1A
program_07,GO_BP,Antigen Processing And Presentation Of Exogenous Peptide Antigen (GO:0002478),7/12,4.0959724834822317e-07,5.857240651379591e-05,27.644628099173552,406.5997190448354,HLA-DRB1;IFI30;CTSV;HLA-DRB5;HLA-DRA;HLA-DQA1;HLA-DPA1
program_07,GO_BP,Antigen Processing And Presentation Of Exogenous Peptide Antigen Via MHC Class II (GO:0019886),7/12,4.0959724834822317e-07,5.857240651379591e-05,27.644628099173552,406.5997190448354,HLA-DRB1;IFI30;CTSV;HLA-DRB5;HLA-DRA;HLA-DQA1;HLA-DPA1
program_07,GO_BP,Antigen Processing And Presentation Of Peptide Antigen Via MHC Class II (GO:0002495),7/12,4.0959724834822317e-07,5.857240651379591e-05,27.644628099173552,406.5997190448354,HLA-DRB1;IFI30;CTSV;HLA-DRB5;HLA-DRA;HLA-DQA1;HLA-DPA1
program_07,GO_BP,Immunoglobulin Production Involved In Immunoglobulin-Mediated Immune Response (GO:0002381),5/5,2.8374444121519247e-07,5.857240651379591e-05,218.90575916230367,3300.0463183622437,HLA-DRB1;HLA-DRB5;HLA-DRA;HLA-DQA1;HLA-DPA1
program_07,GO_BP,MHC Class II Protein Complex Assembly (GO:0002399),5/5,2.8374444121519247e-07,5.857240651379591e-05,218.90575916230367,3300.0463183622437,HLA-DRB1;HLA-DRB5;HLA-DRA;HLA-DQA1;HLA-DPA1
program_07,GO_BP,Peptide Antigen Assembly With MHC Class II Protein Complex (GO:0002503),5/5,2.8374444121519247e-07,5.857240651379591e-05,218.90575916230367,3300.0463183622437,HLA-DRB1;HLA-DRB5;HLA-DRA;HLA-DQA1;HLA-DPA1
program_07,GO_BP,Peptide Antigen Assembly With MHC Protein Complex (GO:0002501),5/6,1.634908447001823e-06,0.00020456791943110312,72.93019197207678,971.7163169744807,HLA-DRB1;HLA-DRB5;HLA-DRA;HLA-DQA1;HLA-DPA1
program_07,GO_BP,Glycolytic Process (GO:0006096),5/8,1.407345376465057e-05,0.0015652808020461355,31.222887060583396,348.7977480958761,PKM;TPI1;GAPDH;LDHA;ENO1
program_07,GO_BP,Carbohydrate Catabolic Process (GO:0016052),5/9,3.0411601545614204e-05,0.0027674557406508924,24.271669575334496,252.442023476998,PKM;TPI1;GAPDH;LDHA;ENO1
program_07,GO_BP,Positive Regulation Of T Cell Mediated Cytotoxicity (GO:0001916),4/5,2.8362621436468606e-05,0.0027674557406508924,59.05181347150259,618.298376913657,HLA-DRB1;CD1E;HLA-DRA;CD1C
program_07,GO_BP,Regulation Of Viral Entry Into Host Cell (GO:0046596),5/10,5.8417041398388034e-05,0.004872954869982202,19.848167539267017,193.47801003340456,HLA-DRB1;CD74;SNX3;GSN;LGALS1
program_07,GO_BP,Positive Regulation Of Protein Processing (GO:0010954),3/3,0.00012145712495887582,0.009352198621833438,136.44615384615383,1230.1915968597166,ENO1;ANXA2;GSN
program_07,GO_BP,Positive Regulation Of Leukocyte Cell-Cell Adhesion (GO:1903039),5/12,0.00016937456268678434,0.011302929149964742,14.53996509598604,126.25630308220902,HLA-DRB1;HLA-DRB5;HLA-DRA;HLA-DQA1;HLA-DPA1
program_07,GO_BP,Pyruvate Metabolic Process (GO:0006090),5/12,0.00016937456268678434,0.011302929149964742,14.53996509598604,126.25630308220902,PKM;TPI1;GAPDH;LDHA;ENO1
program_07,GO_BP,Regulation Of T Cell Mediated Cytotoxicity (GO:0001914),4/7,0.00018358173699214837,0.011485332420571282,25.281273131014064,217.4910146228038,HLA-DRB1;CD1E;HLA-DRA;CD1C
program_07,GO_BP,Positive Regulation Of Lymphocyte Activation (GO:0051251),5/13,0.00026437215869098935,0.015566854755863549,12.82260548198337,105.63458268395748,HLA-DRB1;HLA-DRB5;HLA-DRA;HLA-DQA1;HLA-DPA1
program_07,GO_BP,Positive Regulation Of T Cell Activation (GO:0050870),6/20,0.0002945124569213125,0.016378164965457433,8.948914431673053,72.75636797619467,HLA-DRB1;ACTB;HLA-DRB5;HLA-DRA;HLA-DQA1;HLA-DPA1
program_07,GO_BP,Positive Regulation By Symbiont Of Entry Into Host (GO:0075294),3/4,0.00046812994031470557,0.023429903512751014,45.45811965811966,348.51670486576245,HLA-DRB1;CD74;LGALS1
program_07,GO_BP,Positive Regulation Of Viral Entry Into Host Cell (GO:0046598),3/4,0.00046812994031470557,0.023429903512751014,45.45811965811966,348.51670486576245,HLA-DRB1;CD74;LGALS1
program_07,GO_BP,Positive Regulation Of Leukocyte Mediated Cytotoxicity (GO:0001912),4/9,0.0006112327551588716,0.026601912518001324,16.071125765426284,118.92685667197536,HLA-DRB1;CD1E;HLA-DRA;CD1C
program_07,GO_BP,Positive Regulation Of T Cell Mediated Immunity (GO:0002711),4/9,0.0006112327551588716,0.026601912518001324,16.071125765426284,118.92685667197536,HLA-DRB1;CD1E;HLA-DRA;CD1C
program_07,GO_BP,Regulation Of T Cell Activation (GO:0050863),5/15,0.0005692018548707801,0.026601912518001324,10.369234604836699,77.47140776234725,HLA-DRB1;HLA-DRB5;HLA-DRA;HLA-DQA1;HLA-DPA1
program_07,GO_BP,Negative Regulation Of Viral Life Cycle (GO:1903901),3/5,0.0011277809186320611,0.04341956536733435,27.26051282051282,185.03082252376865,PPIA;GSN;SNX3
program_07,GO_BP,Positive Regulation Of Regulatory T Cell Differentiation (GO:0045591),3/5,0.0011277809186320611,0.04341956536733435,27.26051282051282,185.03082252376865,HLA-DRB1;HLA-DRA;LILRB4
program_07,GO_BP,Positive Regulation Of Viral Life Cycle (GO:1903902),3/5,0.0011277809186320611,0.04341956536733435,27.26051282051282,185.03082252376865,HLA-DRB1;CD74;LGALS1
program_07,KEGG,Viral myocarditis,9/15,5.3398472145222304e-09,7.20879373960501e-07,30.261034047919292,576.4142583797275,HLA-DRB1;HLA-DPB1;ACTB;HLA-DRB5;HLA-DQB1;HLA-DRA;HLA-DQA1;HLA-DPA1;ACTG1
program_07,KEGG,Asthma,8/14,6.941201688345149e-08,3.123540759755317e-06,26.782952182952183,441.46891357958054,HLA-DRB1;HLA-DRB5;HLA-DQB1;HLA-DRA;HLA-DQA1;HLA-DPA1;FCER1A;HLA-DPB1
program_07,KEGG,Autoimmune thyroid disease,7/10,6.745143790584553e-08,3.123540759755317e-06,43.48739495798319,718.0576875712,HLA-DRB1;HLA-DRB5;HLA-DQB1;HLA-DRA;HLA-DQA1;HLA-DPA1;HLA-DPB1
program_07,KEGG,Phagosome,11/32,1.5172529189198812e-07,5.120728601354599e-06,11.232558139534884,176.36457717669757,HLA-DRB1;TUBA1B;ACTG1;ACTB;TUBA1C;HLA-DQB1;HLA-DRB5;HLA-DRA;HLA-DQA1;HLA-DPA1;HLA-DPB1
program_07,KEGG,Allograft rejection,7/12,4.0959724834822317e-07,9.215938087835021e-06,27.644628099173552,406.5997190448354,HLA-DRB1;HLA-DRB5;HLA-DQB1;HLA-DRA;HLA-DQA1;HLA-DPA1;HLA-DPB1
program_07,KEGG,Th1 and Th2 cell differentiation,7/12,4.0959724834822317e-07,9.215938087835021e-06,27.644628099173552,406.5997190448354,HLA-DRB1;HLA-DQB1;HLA-DRB5;HLA-DRA;HLA-DQA1;HLA-DPA1;HLA-DPB1
program_07,KEGG,Hematopoietic cell lineage,11/38,1.0996869525661095e-06,2.1208248370917828e-05,8.753783646521077,120.10615727870835,HLA-DRB1;CD1C;FLT3;HLA-DQB1;HLA-DRB5;HLA-DRA;CD1E;HLA-DQA1;HLA-DPA1;IL1R2;HLA-DPB1
program_07,KEGG,Inflammatory bowel disease,7/14,1.6331272729509604e-06,2.4496909094264407e-05,20.25133689839572,269.84934381965417,HLA-DRB1;HLA-DRB5;HLA-DQB1;HLA-DRA;HLA-DQA1;HLA-DPA1;HLA-DPB1
program_07,KEGG,Influenza A,10/32,1.6058543785167577e-06,2.4496909094264407e-05,9.686556169429098,129.23662418052754,HLA-DRB1;ACTG1;ACTB;HLA-DQB1;HLA-DRB5;SLC25A5;HLA-DRA;HLA-DQA1;HLA-DPA1;HLA-DPB1
program_07,KEGG,Graft-versus-host disease,7/15,2.9373059523411e-06,3.3044691963837375e-05,17.859389745202893,227.49322339020787,HLA-DRB1;HLA-DRB5;HLA-DQB1;HLA-DRA;HLA-DQA1;HLA-DPA1;HLA-DPB1
program_07,KEGG,Intestinal immune network for IgA production,7/15,2.9373059523411e-06,3.3044691963837375e-05,17.859389745202893,227.49322339020787,HLA-DRB1;HLA-DRB5;HLA-DQB1;HLA-DRA;HLA-DQA1;HLA-DPA1;HLA-DPB1
program_07,KEGG,Type I diabetes mellitus,7/15,2.9373059523411e-06,3.3044691963837375e-05,17.859389745202893,227.49322339020787,HLA-DRB1;HLA-DRB5;HLA-DQB1;HLA-DRA;HLA-DQA1;HLA-DPA1;HLA-DPB1
program_07,KEGG,Antigen processing and presentation,9/28,4.2683086602110805e-06,4.4324743779115064e-05,10.017794591565083,123.86294661730628,HLA-DRB1;CD74;IFI30;HLA-DQB1;HLA-DRB5;HLA-DRA;HLA-DQA1;HLA-DPA1;HLA-DPB1
program_07,KEGG,Herpes simplex virus 1 infection,9/29,5.9345160901585885e-06,5.722569086938639e-05,9.524057043849128,114.61940805621754,HLA-DRB1;CD74;HLA-DQB1;HLA-DRB5;CFP;HLA-DRA;HLA-DQA1;HLA-DPA1;HLA-DPB1
program_07,KEGG,Glycolysis / Gluconeogenesis,6/12,9.750498571530533e-06,8.775448714377481e-05,20.047619047619047,231.3132804952975,PKM;TPI1;ALDH2;GAPDH;LDHA;ENO1
program_07,KEGG,Th17 cell differentiation,7/18,1.2822426565941588e-05,0.00010818922415013215,13.179493141129969,148.45796023483388,HLA-DRB1;HLA-DQB1;HLA-DRB5;HLA-DRA;HLA-DQA1;HLA-DPA1;HLA-DPB1
program_07,KEGG,Leishmaniasis,7/19,1.947563613380128e-05,0.00015465946341548076,12.118716577540107,131.44379674327303,HLA-DRB1;HLA-DRB5;HLA-DQB1;HLA-DRA;HLA-DQA1;HLA-DPA1;HLA-DPB1
program_07,KEGG,Staphylococcus aureus infection,7/20,2.8743058710520992e-05,0.00021158674933980734,11.215092097445039,117.27749945484948,HLA-DRB1;HLA-DRB5;HLA-DQB1;HLA-DRA;HLA-DQA1;HLA-DPA1;HLA-DPB1
program_07,KEGG,Tuberculosis,8/27,2.9778875833009926e-05,0.00021158674933980734,8.866389466389466,92.40295111900336,HLA-DRB1;CD74;HLA-DQB1;HLA-DRB5;HLA-DRA;HLA-DQA1;HLA-DPA1;HLA-DPB1
program_07,KEGG,Systemic lupus erythematosus,7/23,8.025322866685712e-05,0.0005159136128583671,9.161400097228974,86.39496721754708,HLA-DRB1;HLA-DRB5;HLA-DQB1;HLA-DRA;HLA-DQA1;HLA-DPA1;HLA-DPB1
program_07,KEGG,Toxoplasmosis,7/23,8.025322866685712e-05,0.0005159136128583671,9.161400097228974,86.39496721754708,HLA-DRB1;HLA-DRB5;HLA-DQB1;HLA-DRA;HLA-DQA1;HLA-DPA1;HLA-DPB1
program_07,KEGG,Cell adhesion molecules,7/24,0.00010869341748864166,0.000666982334589392,8.633307868601987,78.79602240023752,HLA-DRB1;HLA-DRB5;HLA-DQB1;HLA-DRA;HLA-DQA1;HLA-DPA1;HLA-DPB1
program_07,KEGG,Amyotrophic lateral sclerosis,10/52,0.00016980691212123983,0.0009966927450594512,5.073578160545987,44.04296375774857,TUBA1B;COX5A;PSMA4;GPX3;ACTB;TUBA1C;ATP5F1B;PFN1;ATP5MC3;ACTG1
program_07,KEGG,Human T-cell leukemia virus 1 infection,9/44,0.0002238297334295587,0.0012590422505412676,5.45593781266836,45.855110868299064,HLA-DRB1;HLA-DRB5;HLA-DQB1;SLC25A5;HLA-DRA;HLA-DQA1;HLA-DPA1;IL1R2;HLA-DPB1
program_07,KEGG,Epstein-Barr virus infection,8/36,0.00027867983545243417,0.0015048711114431445,6.037458511142722,49.41929652637901,HLA-DRB1;HLA-DRB5;HLA-DQB1;VIM;HLA-DRA;HLA-DQA1;HLA-DPA1;HLA-DPB1
program_07,KEGG,Rheumatoid arthritis,7/29,0.00039840696180579226,0.0020686515324531522,6.696969696969697,52.42412361565932,HLA-DRB1;HLA-DRB5;HLA-DQB1;HLA-DRA;HLA-DQA1;HLA-DPA1;HLA-DPB1
program_07,KEGG,Huntington disease,8/40,0.000599387359506571,0.0029969367975328553,5.283076923076923,39.19833070326426,TUBA1B;COX5A;PSMA4;GPX3;TUBA1C;ATP5F1B;SLC25A5;ATP5MC3
program_07,KEGG,Hippo signaling pathway,5/16,0.0007953416062640162,0.003834682744487221,9.462554063282495,67.53177712973077,ACTB;YWHAE;YWHAH;AREG;ACTG1
program_07,KEGG,Oxidative phosphorylation,5/17,0.0010824235890474993,0.005038868431772842,8.700942408376964,59.41484367141285,COX5A;PPA1;ATP5F1B;ATP5MF;ATP5MC3
program_07,KEGG,Thermogenesis,6/26,0.0013687676911787153,0.005960762526100857,6.309588333978578,41.60444395103973,COX5A;ACTB;ATP5F1B;ATP5MF;ATP5MC3;ACTG1
program_07,KEGG,Tight junction,6/26,0.0013687676911787153,0.005960762526100857,6.309588333978578,41.60444395103973,TUBA1B;CD1C;ACTB;TUBA1C;CD1E;ACTG1
program_07,KEGG,Salmonella infection,7/37,0.0018879108895867751,0.007964624065444207,4.919347768913825,30.855548321695203,TUBA1B;GAPDH;ACTB;TUBA1C;ANXA2;PFN1;ACTG1
program_07,KEGG,Apoptosis,6/28,0.002064336796737561,0.00844501416847184,5.742621987066432,35.50632318324179,TUBA1B;CTSV;ACTB;TUBA1C;LMNA;ACTG1
program_07,KEGG,Alzheimer disease,8/49,0.0024161343554123193,0.009593474646490092,4.117421035493325,24.809876152429013,TUBA1B;COX5A;PSMA4;GAPDH;TUBA1C;ATP5F1B;SLC25A5;ATP5MC3
program_07,KEGG,Regulation of actin cytoskeleton,6/33,0.004951582430248676,0.019098960802387748,4.686002886002886,24.8735285779238,CFL1;ACTB;TMSB4X;PFN1;GSN;ACTG1
program_07,KEGG,Arrhythmogenic right ventricular cardiomyopathy,4/16,0.006728369250455996,0.02471943893299204,7.045181347150259,35.23592833128189,ACTB;CACNA2D3;ACTG1;LMNA
program_07,KEGG,Parkinson disease,7/46,0.006774957337190412,0.02471943893299204,3.7802071346375143,18.88032848981428,TUBA1B;COX5A;PSMA4;TUBA1C;ATP5F1B;SLC25A5;ATP5MC3
program_07,KEGG,Pyruvate metabolism,3/10,0.011259923465288401,0.04000235967931406,9.062905982905983,40.660777115391404,LDHA;PKM;ALDH2
program_07,KEGG,Pathways of neurodegeneration,8/63,0.01160734854011057,0.040179283408075056,3.0556123691258827,13.616165876983557,TUBA1B;COX5A;PSMA4;GPX3;TUBA1C;ATP5F1B;SLC25A5;ATP5MC3
program_07,KEGG,Pathogenic Escherichia coli infection,5/29,0.012874391571163806,0.04345107155267785,4.411048188909072,19.199153805639096,TUBA1B;GAPDH;ACTB;TUBA1C;ACTG1
program_07,KEGG,beta-Alanine metabolism,2/4,0.013903470274206967,0.04577971919555953,19.274111675126903,82.4087158758063,SMOX;ALDH2
program_07,KEGG,Dilated cardiomyopathy,4/20,0.015355103281935255,0.049355689120506176,5.325953838907207,22.242820423298372,ACTB;CACNA2D3;ACTG1;LMNA
program_07,Reactome,MHC Class II Antigen Presentation,13/38,1.0749161010122198e-08,5.5680654032432984e-06,11.347563025210084,208.2100581055597,HLA-DRB1;TUBA1B;CD74;IFI30;CTSV;TUBA1C;HLA-DQB1;HLA-DRB5;AP1S2;HLA-DRA;HLA-DQA1;HLA-DPA1;HLA-DPB1
program_07,Reactome,Interferon Gamma Signaling,9/19,8.33139255532152e-08,1.0789153359141368e-05,18.693468644288316,304.7156920537232,HLA-DRB1;IFI30;HLA-DQB1;HLA-DRB5;HLA-DRA;HLA-DQA1;HLA-DPA1;YBX1;HLA-DPB1
program_07,Reactome,PD-1 Signaling,7/10,6.745143790584553e-08,1.0789153359141368e-05,43.48739495798319,718.0576875712,HLA-DRB1;HLA-DRB5;HLA-DQB1;HLA-DRA;HLA-DQA1;HLA-DPA1;HLA-DPB1
program_07,Reactome,Translocation of ZAP-70 to Immunological Synapse,7/10,6.745143790584553e-08,1.0789153359141368e-05,43.48739495798319,718.0576875712,HLA-DRB1;HLA-DRB5;HLA-DQB1;HLA-DRA;HLA-DQA1;HLA-DPA1;HLA-DPB1
program_07,Reactome,Phosphorylation of CD3 and TCR Zeta Chains,7/11,1.779231785911949e-07,1.8432841302047795e-05,33.805704099821746,525.4053445023592,HLA-DRB1;HLA-DRB5;HLA-DQB1;HLA-DRA;HLA-DQA1;HLA-DPA1;HLA-DPB1
program_07,Reactome,Costimulation by the CD28 Family,7/13,8.512696449172058e-07,6.329991294266376e-05,23.379267791032497,326.7611990235619,HLA-DRB1;HLA-DQB1;HLA-DRB5;HLA-DRA;HLA-DQA1;HLA-DPA1;HLA-DPB1
program_07,Reactome,Downstream TCR Signaling,8/18,8.554042289549157e-07,6.329991294266376e-05,16.544916344916345,231.16047032933056,HLA-DRB1;PSMA4;HLA-DQB1;HLA-DRB5;HLA-DRA;HLA-DQA1;HLA-DPA1;HLA-DPB1
program_07,Reactome,Generation of Second Messenger Molecules,7/16,5.009099454781189e-06,0.000324339189697082,15.971010413734872,194.91427425112616,HLA-DRB1;HLA-DRB5;HLA-DQB1;HLA-DRA;HLA-DQA1;HLA-DPA1;HLA-DPB1
program_07,Reactome,TCR Signaling,8/25,1.5773448342163338e-05,0.0009078495823600677,9.89019305019305,109.35766967646539,HLA-DRB1;PSMA4;HLA-DQB1;HLA-DRB5;HLA-DRA;HLA-DQA1;HLA-DPA1;HLA-DPB1
program_07,Reactome,Interferon Signaling,11/50,2.060757130249293e-05,0.0010674721934691338,6.055370907290857,65.33655595980068,HLA-DRB1;TUBA1B;IFI30;TUBA1C;HLA-DQB1;HLA-DRB5;HLA-DRA;HLA-DQA1;HLA-DPA1;YBX1;HLA-DPB1
program_07,Reactome,EPHB-mediated Forward Signaling,5/9,3.0411601545614204e-05,0.001432109963693469,24.271669575334496,252.442023476998,CFL1;EFNB1;ACTG1;ACTB;EPHB3
program_07,Reactome,Translocation of SLC2A4 (GLUT4) to the Plasma Membrane,6/15,4.668741342408126e-05,0.0020153400128061745,13.695071010860485,136.56774045048053,TUBA1B;ACTB;TUBA1C;YWHAE;YWHAH;ACTG1
program_07,Reactome,Adaptive Immune System,17/128,0.00012435651283724836,0.004955128742284204,3.363631481431755,30.246978508323853,TUBA1B;HLA-DRB1;CD74;IFI30;CTSV;PSMA4;CD1C;TUBA1C;HLA-DRB5;HLA-DQB1;AP1S2;HLA-DRA;HLA-DQA1;HLA-DPA1;PPIA;LILRB4;HLA-DPB1
program_07,Reactome,Cytokine Signaling in Immune System,18/144,0.00017149751104953386,0.005283074431218492,3.145598275242544,27.275299584316617,TUBA1B;HLA-DRB1;IFI30;CFL1;PSMA4;FLT3;HLA-DRB5;HLA-DQB1;ANXA2;TUBA1C;VIM;HLA-DRA;HLA-DQA1;HLA-DPA1;YBX1;PPIA;IL1R2;HLA-DPB1
program_07,Reactome,Glycolysis,4/7,0.00018358173699214837,0.005283074431218492,25.281273131014064,217.4910146228038,PKM;GAPDH;ENO1;TPI1
program_07,Reactome,Innate Immune System,21/182,0.00014831634129038106,0.005283074431218492,2.912884319566953,25.68046332301221,PKM;GSTP1;PLAU;PSMA4;CSTB;CFL1;ACTB;RNASE2;GSN;CST3;PPIA;FCER1A;CTSV;LYZ;ANXA2;FABP5;CLEC10A;CFP;COTL1;GRN;ACTG1
program_07,Reactome,Sensory Processing of Sound,4/7,0.00018358173699214837,0.005283074431218492,25.281273131014064,217.4910146228038,KCNMB1;ACTB;ACTG1;GSN
program_07,Reactome,Sensory Processing of Sound by Outer Hair Cells of the Cochlea,4/7,0.00018358173699214837,0.005283074431218492,25.281273131014064,217.4910146228038,KCNMB1;ACTB;ACTG1;GSN
program_07,Reactome,EPH-Ephrin Signaling,5/15,0.0005692018548707801,0.015077074627252164,10.369234604836699,77.47140776234725,CFL1;EFNB1;ACTG1;ACTB;EPHB3
program_07,Reactome,EPH-ephrin Mediated Repulsion of Cells,4/9,0.0006112327551588716,0.015077074627252164,16.071125765426284,118.92685667197536,EPHB3;ACTB;EFNB1;ACTG1
program_07,Reactome,Glucose Metabolism,4/9,0.0006112327551588716,0.015077074627252164,16.071125765426284,118.92685667197536,PKM;GAPDH;ENO1;TPI1
program_07,Reactome,Neutrophil Degranulation,14/109,0.0007480863446032904,0.01761403302293202,3.169173501195412,22.811685992118193,PKM;GSTP1;PLAU;FABP5;LYZ;CFP;ANXA2;COTL1;CSTB;RNASE2;GRN;GSN;CST3;PPIA
program_07,Reactome,RHO GTPases Activate IQGAPs,4/10,0.000979776564332527,0.022066272188010824,13.591470705460344,94.16423716799501,TUBA1B;ACTB;TUBA1C;ACTG1
program_07,Reactome,Formation of ATP by Chemiosmotic Coupling,3/5,0.0011277809186320611,0.022468865994284912,27.26051282051282,185.03082252376865,ATP5MC3;ATP5MF;ATP5F1B
program_07,Reactome,Gluconeogenesis,3/5,0.0011277809186320611,0.022468865994284912,27.26051282051282,185.03082252376865,GAPDH;ENO1;TPI1
program_07,Reactome,Sensory Processing of Sound by Inner Hair Cells of the Cochlea,3/5,0.0011277809186320611,0.022468865994284912,27.26051282051282,185.03082252376865,KCNMB1;ACTB;ACTG1
program_07,Reactome,Amyloid Fiber Formation,4/11,0.0014808691519670604,0.028410748915516194,11.773056994818653,76.70295088884967,CST3;TGFBI;LYZ;GSN
program_07,Reactome,Gap Junction Trafficking,4/12,0.0021366164466071974,0.03952740426223315,10.382505333739713,63.83716421773965,TUBA1B;ACTB;TUBA1C;ACTG1
program_07,Reactome,Apoptosis,6/29,0.002498927188458891,0.044636009780058813,5.495328154902623,32.92742250153156,PSMA4;LMNA;VIM;YWHAE;GSN;YWHAH
program_08,GO_BP,Cytoskeleton-Dependent Cytokinesis (GO:0061640),6/16,7.169440180566134e-05,0.010297385681852761,12.384227765180146,118.18389787289433,NUSAP1;CDCA8;BIRC5;CEP55;STMN1;AURKB
program_08,GO_BP,DNA Conformation Change (GO:0071103),4/6,8.181804741540218e-05,0.010297385681852761,35.41243523316062,333.2668780762956,HMGB1;TOP2A;HMGB2;HMGB3
program_08,GO_BP,DNA Geometric Change (GO:0032392),4/5,2.8362621436468606e-05,0.010297385681852761,59.05181347150259,618.298376913657,HMGB1;HNRNPA2B1;HMGB2;HMGB3
program_08,GO_BP,Mitotic Cytokinesis (GO:0000281),6/16,7.169440180566134e-05,0.010297385681852761,12.384227765180146,118.18389787289433,NUSAP1;CDCA8;BIRC5;CEP55;STMN1;AURKB
program_08,GO_BP,Negative Regulation Of DNA-templated Transcription (GO:0045892),15/94,3.750444386162415e-05,0.010297385681852761,4.153628305564751,42.329838433005705,TFDP2;BCL7A;PARP1;MYB;SOX4;BIRC5;HMGB2;UHRF1;AKR1B1;AURKB;HMGB1;CENPF;HMGA1;YWHAQ;ENO1
program_08,GO_BP,Negative Regulation Of Nucleic Acid-Templated Transcription (GO:1903507),10/45,4.5964987414353396e-05,0.010297385681852761,6.096879620263015,60.89338142606599,TFDP2;BCL7A;MYB;PARP1;BIRC5;HMGB2;CENPF;HMGA1;YWHAQ;ENO1
program_08,GO_BP,Positive Regulation Of Mitotic Sister Chromatid Separation (GO:1901970),4/6,8.181804741540218e-05,0.010297385681852761,35.41243523316062,333.2668780762956,BIRC5;AURKB;UBE2C;CDCA8
program_08,GO_BP,Regulation Of Mitotic Cytokinesis (GO:1902412),3/3,0.00012145712495887582,0.0133754658860962,136.44615384615383,1230.1915968597166,BIRC5;AURKB;CDCA8
program_08,GO_BP,Chromosome Condensation (GO:0030261),4/9,0.0006112327551588716,0.045363702409573915,16.071125765426284,118.92685667197536,SMC4;CDCA5;NUSAP1;TOP2A
program_08,GO_BP,Microtubule Cytoskeleton Organization Involved In Mitosis (GO:1902850),6/22,0.0005223653036489837,0.045363702409573915,7.855860189193523,59.3678619755204,SPC25;NUSAP1;CDCA8;BIRC5;STMN1;AURKB
program_08,GO_BP,Mitotic Sister Chromatid Segregation (GO:0000070),7/31,0.0006178937899147411,0.045363702409573915,6.143730219360472,45.39721432863886,NUSAP1;CDCA8;TPX2;SMC4;CEP55;ZWINT;CDCA5
program_08,GO_BP,Regulation Of Mitotic Sister Chromatid Separation (GO:0010965),3/4,0.00046812994031470557,0.045363702409573915,45.45811965811966,348.51670486576245,BIRC5;AURKB;CDCA8
program_08,KEGG,Necroptosis,5/14,0.00039503037438854744,0.0466135841778486,11.466795260402314,89.86009030425846,VDAC1;HSP90AA1;PARP1;SLC25A5;HMGB1
program_08,Reactome,Cell Cycle,27/163,5.72483364273671e-09,2.0580776945638474e-06,4.836535346739429,91.78995559767225,TFDP2;UBB;HSP90AA1;MYBL2;CDCA8;TPX2;TYMS;GINS2;TOP2A;TUBA1B;PCNA;PTTG1;CENPF;CDT1;CCNB2;MCM7;BIRC5;SMC4;AURKB;YWHAQ;CLSPN;SPC25;TUBB;RRM2;ZWINT;CDCA5;UBE2C
program_08,Reactome,"Cell Cycle, Mitotic",25/139,4.112436620817111e-09,2.0580776945638474e-06,5.269759102345354,101.75509664428364,TFDP2;UBB;HSP90AA1;MYBL2;CDCA8;TPX2;TYMS;GINS2;TOP2A;TUBA1B;PCNA;PTTG1;CENPF;CDT1;CCNB2;MCM7;BIRC5;SMC4;AURKB;SPC25;TUBB;RRM2;ZWINT;CDCA5;UBE2C
program_08,Reactome,M Phase,15/77,2.896323954484953e-06,0.0006941523077582271,5.332725146198831,68.00327489995517,TUBA1B;CCNB2;UBB;HSP90AA1;SPC25;TUBB;CDCA8;SMC4;BIRC5;AURKB;ZWINT;PTTG1;CDCA5;CENPF;UBE2C
program_08,Reactome,Mitotic Prometaphase,12/55,9.197407470347702e-06,0.0016532339927949997,6.031235794532113,69.94176213041283,TUBA1B;CCNB2;HSP90AA1;SPC25;TUBB;CDCA8;BIRC5;SMC4;AURKB;ZWINT;CDCA5;CENPF
program_08,Reactome,Mitotic Anaphase,12/60,2.377334063330231e-05,0.002753228412757022,5.394897780884151,57.43918398137553,TUBA1B;CCNB2;UBB;SPC25;CDCA8;BIRC5;AURKB;ZWINT;PTTG1;CDCA5;CENPF;UBE2C
program_08,Reactome,Mitotic Metaphase and Anaphase,12/61,2.837630024351609e-05,0.002753228412757022,5.283056554242995,55.3133710401948,TUBA1B;CCNB2;UBB;SPC25;CDCA8;BIRC5;AURKB;ZWINT;PTTG1;CDCA5;CENPF;UBE2C
program_08,Reactome,SUMOylation of DNA Replication Proteins,5/9,3.0411601545614204e-05,0.002753228412757022,24.271669575334496,252.442023476998,CDCA8;BIRC5;PCNA;AURKB;TOP2A
program_08,Reactome,Separation of Sister Chromatids,11/52,3.0633973994514846e-05,0.002753228412757022,5.757353436090732,59.838482405191314,TUBA1B;UBB;SPC25;CDCA8;BIRC5;AURKB;ZWINT;PTTG1;CDCA5;CENPF;UBE2C
program_08,Reactome,SUMO E3 Ligases SUMOylate Target Proteins,6/16,7.169440180566134e-05,0.00515482748982705,12.384227765180146,118.18389787289433,CDCA8;PARP1;BIRC5;AURKB;PCNA;TOP2A
program_08,Reactome,SUMOylation,6/16,7.169440180566134e-05,0.00515482748982705,12.384227765180146,118.18389787289433,CDCA8;PARP1;BIRC5;AURKB;PCNA;TOP2A
program_08,Reactome,Resolution of Sister Chromatid Cohesion,9/43,0.00018567312864218758,0.012136270863066624,5.617090361922863,48.25935993172337,TUBA1B;CCNB2;SPC25;CDCA8;BIRC5;AURKB;ZWINT;CDCA5;CENPF
program_08,Reactome,Cell Cycle Checkpoints,12/76,0.000268727147710462,0.016101234933651846,4.021591556081111,33.0647778140212,CCNB2;UBB;CLSPN;MCM7;SPC25;CDCA8;BIRC5;AURKB;ZWINT;UBE2C;CENPF;YWHAQ
program_08,Reactome,Gene Expression (Transcription),18/153,0.0003754270346121123,0.020764002914316054,2.9217712177121773,23.045313933898008,TFDP2;UBB;HSP90AA1;MYBL2;MYB;PARP1;TPX2;BIRC5;EIF4A3;UHRF1;HSPD1;PRDX1;AURKB;RRM2;PCNA;YWHAQ;UBE2C;BCL7A
program_08,Reactome,Programmed Cell Death,7/32,0.0007588502419471406,0.038972380282856725,5.899653979238754,42.38138033591685,TFDP2;UBB;HSP90AA1;CLSPN;HMGB1;YWHAQ;HMGB2
program_08,Reactome,G1 S-Specific Transcription,5/17,0.0010824235890474993,0.04424572833131034,8.700942408376964,59.41484367141285,TFDP2;TYMS;PCNA;RRM2;CDT1
program_08,Reactome,G2 M Transition,8/43,0.0009973304717822455,0.04424572833131034,4.828854206318995,33.36945113450847,TUBA1B;CCNB2;UBB;HSP90AA1;TUBB;MYBL2;TPX2;CENPF
program_08,Reactome,Mitotic G2-G2 M Phases,8/43,0.0009973304717822455,0.04424572833131034,4.828854206318995,33.36945113450847,TUBA1B;CCNB2;UBB;HSP90AA1;TUBB;MYBL2;TPX2;CENPF
program_08,Reactome,Mitotic Spindle Checkpoint,7/34,0.0011166025115806242,0.04424572833131034,5.464754496840058,37.146475654077896,SPC25;CDCA8;BIRC5;AURKB;ZWINT;CENPF;UBE2C
program_08,Reactome,RHO GTPases Activate Formins,8/44,0.0011692195247495082,0.04424572833131034,4.694039244724176,31.691424925068564,TUBA1B;SPC25;CDCA8;BIRC5;AURKB;ZWINT;CENPF;ACTG1
program_09,GO_BP,Cellular Response To Lipopolysaccharide (GO:0071222),12/32,1.24260712467201e-08,5.438477182314497e-06,12.956455835744798,235.8524428249254,GSTP1;CD68;IL10;CD14;CCL3;CXCL2;VIM;CXCL9;CXCL8;LILRB2;CXCL3;IL1B
program_09,GO_BP,Cellular Response To Molecule Of Bacterial Origin (GO:0071219),11/25,7.032584382748623e-09,5.438477182314497e-06,16.717202851088423,313.827227492129,GSTP1;CD68;IL10;CD14;CXCL2;VIM;CXCL9;CXCL8;LILRB2;CXCL3;IL1B
program_09,GO_BP,Cellular Response To Oxygen-Containing Compound (GO:1901701),16/59,8.607689082572537e-09,5.438477182314497e-06,8.33809426647623,154.84349638048715,FOS;GSTP1;EGR1;CD68;IL10;ZFP36L1;CD14;NRIP1;CXCL2;VIM;CXCL9;CXCL8;LILRB2;CXCL3;PPIF;IL1B
program_09,GO_BP,Response To Lipopolysaccharide (GO:0032496),12/33,1.8725680310454273e-08,6.146704561906615e-06,12.347260543949547,219.69937505518755,TRIB1;GSTP1;CD68;IL10;CD14;CXCL2;VIM;CXCL9;CXCL8;LILRB2;CXCL3;IL1B
program_09,GO_BP,Inflammatory Response (GO:0006954),14/52,9.004878663702377e-08,2.364681137088244e-05,8.109376172959989,131.5577141917236,FOS;THBS1;ADM;LYZ;CD14;CCL3;CXCL2;CCL7;CXCL9;CCL3L1;CXCL8;C5AR1;CXCL3;IL1B
program_09,GO_BP,Positive Regulation Of Cytokine Production (GO:0001819),14/53,1.1737864821116277e-07,2.5686360850209452e-05,7.8998317114216725,126.06441493830486,IL10;EGR1;GAPDH;CD14;FCER1G;PTGS2;FCN1;HMOX1;HPSE;EREG;LILRB2;HLA-DPA1;TYROBP;IL1B
program_09,GO_BP,Antigen Processing And Presentation Of Exogenous Peptide Antigen (GO:0002478),7/12,4.0959724834822317e-07,5.975568745346856e-05,27.644628099173552,406.5997190448354,IFI30;HLA-DRB5;CTSL;FCER1G;HLA-DRA;CTSS;HLA-DPA1
program_09,GO_BP,Antigen Processing And Presentation Of Exogenous Peptide Antigen Via MHC Class II (GO:0019886),7/12,4.0959724834822317e-07,5.975568745346856e-05,27.644628099173552,406.5997190448354,IFI30;HLA-DRB5;CTSL;FCER1G;HLA-DRA;CTSS;HLA-DPA1
program_09,GO_BP,Antigen Processing And Presentation Of Peptide Antigen Via MHC Class II (GO:0002495),7/12,4.0959724834822317e-07,5.975568745346856e-05,27.644628099173552,406.5997190448354,IFI30;HLA-DRB5;CTSL;FCER1G;HLA-DRA;CTSS;HLA-DPA1
program_09,GO_BP,Cellular Response To Lipid (GO:0071396),12/43,5.322763822072514e-07,6.988788898381212e-05,8.382656264012196,121.09671552755013,GSTP1;CD68;IL10;CD14;NRIP1;CXCL2;VIM;CXCL9;CXCL8;LILRB2;CXCL3;IL1B
program_09,GO_BP,Cytokine-Mediated Signaling Pathway (GO:0019221),13/53,8.919838886255437e-07,0.00010647044052412171,7.0876190476190475,98.7292417324767,EGR1;SRC;CCL3;FCER1G;CXCL2;CCL7;CXCL9;CCL3L1;EREG;LILRB2;CXCL8;CXCL3;IL1B
program_09,GO_BP,Neutrophil Chemotaxis (GO:0030593),9/28,4.2683086602110805e-06,0.00046702410590476236,10.017794591565083,123.86294661730628,LGALS3;CCL3;FCER1G;CCL7;CXCL9;CCL3L1;CXCL8;CXCL3;CXCL2
program_09,GO_BP,Granulocyte Chemotaxis (GO:0071621),9/29,5.9345160901585885e-06,0.0005993861251060174,9.524057043849128,114.61940805621754,LGALS3;CCL3;FCER1G;CCL7;CXCL9;CCL3L1;CXCL8;CXCL3;CXCL2
program_09,GO_BP,Neutrophil Migration (GO:1990266),9/30,8.129235451390215e-06,0.0007624061534053823,9.076248570339306,106.37402968807109,LGALS3;CCL3;FCER1G;CCL7;CXCL9;CCL3L1;CXCL8;CXCL3;CXCL2
program_09,GO_BP,Negative Regulation Of Cell Population Proliferation (GO:0008285),12/58,1.6479947657326244e-05,0.0014425447516046238,5.633011360184679,62.038416972669786,THBS1;TRIB1;GSTP1;IL10;FTH1;S100A11;HMOX1;CCL3L1;EREG;CXCL8;NRG1;IL1B
program_09,GO_BP,Cellular Response To Chemokine (GO:1990869),7/21,4.13603937770939e-05,0.0031944821781955467,10.436105476673427,105.33356211452497,CCL3;CCL7;CXCL9;CCL3L1;CXCL8;CXCL3;CXCL2
program_09,GO_BP,Chemokine-Mediated Signaling Pathway (GO:0070098),7/21,4.13603937770939e-05,0.0031944821781955467,10.436105476673427,105.33356211452497,CCL3;CCL7;CXCL9;CCL3L1;CXCL8;CXCL3;CXCL2
program_09,GO_BP,Positive Regulation Of Immune Effector Process (GO:0002699),5/10,5.8417041398388034e-05,0.004261198630893527,19.848167539267017,193.47801003340456,IL10;CFP;FCN1;HLA-DRA;IL1B
program_09,GO_BP,Cellular Response To Cytokine Stimulus (GO:0071345),11/56,6.381467868690055e-05,0.004409930163994759,5.239916508072933,50.615116667466694,EGR1;GAPDH;ZFP36L1;CCL3;CCL7;CCL3L1;EREG;CXCL8;LILRB2;HLA-DPA1;IL1B
program_09,GO_BP,Cellular Response To Interleukin-1 (GO:0071347),6/16,7.169440180566134e-05,0.004482607122420635,12.384227765180146,118.18389787289433,EGR1;CCL3;CCL7;CCL3L1;CXCL8;IL1B
program_09,GO_BP,Response To Molecule Of Bacterial Origin (GO:0002237),6/16,7.169440180566134e-05,0.004482607122420635,12.384227765180146,118.18389787289433,TRIB1;IL10;CD14;IL1B;CXCL8;CXCL2
program_09,GO_BP,Antimicrobial Humoral Immune Response Mediated By Antimicrobial Peptide (GO:0061844),6/17,0.0001063448475836571,0.00581794936988924,11.301357257878998,103.39412246976381,GAPDH;CXCL9;CXCL8;CXCL3;NRG1;CXCL2
program_09,GO_BP,Negative Regulation Of Peptidase Activity (GO:0010466),6/17,0.0001063448475836571,0.00581794936988924,11.301357257878998,103.39412246976381,GAPDH;NRG1;TIMP1;CSTA;SERPINA1;CST3
program_09,GO_BP,Regulation Of Extrinsic Apoptotic Signaling Pathway (GO:2001236),5/11,0.00010286453597209529,0.00581794936988924,16.78574305275876,154.12833133611247,THBS1;G0S2;GSTP1;LGALS3;SRC
program_09,GO_BP,ERBB2 Signaling Pathway (GO:0038128),3/3,0.00012145712495887582,0.006378928202840159,136.44615384615383,1230.1915968597166,NRG1;SRC;EREG
program_09,GO_BP,Negative Regulation Of Extrinsic Apoptotic Signaling Pathway (GO:2001237),6/18,0.0001531060580925149,0.007445490899091557,10.391746031746031,91.28504274926426,THBS1;GSTP1;LGALS3;SRC;HMOX1;IL1B
program_09,GO_BP,Response To Interleukin-1 (GO:0070555),6/18,0.0001531060580925149,0.007445490899091557,10.391746031746031,91.28504274926426,SRC;CCL3;CCL7;CCL3L1;CXCL8;IL1B
program_09,GO_BP,Regulation Of Peptidase Activity (GO:0052547),4/7,0.00018358173699214837,0.008608672166810386,25.281273131014064,217.4910146228038,CTSS;CST3;CSTA;CTSL
program_09,GO_BP,Negative Regulation Of Apoptotic Signaling Pathway (GO:2001234),6/19,0.00021478163745807506,0.009400276332748418,9.616892024299432,81.22319953941766,THBS1;GSTP1;LGALS3;SRC;PPIF;PLAUR
program_09,GO_BP,Response To Type II Interferon (GO:0034341),6/19,0.00021478163745807506,0.009400276332748418,9.616892024299432,81.22319953941766,CXCL16;GAPDH;CCL3;CCL7;CCL3L1;HLA-DPA1
program_09,GO_BP,Regulation Of ERK1 And ERK2 Cascade (GO:0070372),9/44,0.0002238297334295587,0.00948027225783905,5.45593781266836,45.855110868299064,GSTP1;CCL3;CCL7;CD36;CCL3L1;C5AR1;NRG1;GPR183;IL1B
program_09,GO_BP,Positive Regulation Of Gene Expression (GO:0010628),12/75,0.0002360332019854491,0.009684737318965459,4.087148004804484,34.13397218623191,THBS1;IL10;EGR1;GAPDH;OLFM1;CCL3;VIM;CD36;EREG;CXCL8;TYROBP;IL1B
program_09,GO_BP,Positive Regulation Of Immune Response (GO:0050778),5/13,0.00026437215869098935,0.010518807404886941,12.82260548198337,105.63458268395748,IL10;CFP;EREG;HLA-DRA;NRG1
program_09,GO_BP,Antimicrobial Humoral Response (GO:0019730),7/28,0.00031502176240026176,0.012165399236221874,7.0121875388633255,56.53834836905141,GAPDH;LYZ;CXCL9;CXCL8;CXCL3;NRG1;CXCL2
program_09,GO_BP,Immunoglobulin Mediated Immune Response (GO:0016064),4/8,0.0003530900202196461,0.012529924231037711,19.65284974093264,156.21632672869652,FCER1G;HLA-DPA1;HLA-DRB5;HLA-DRA
program_09,GO_BP,Negative Regulation Of Signal Transduction (GO:0009968),8/37,0.00034102281892904124,0.012529924231037711,5.8296839212093445,46.541638158986146,THBS1;TRIB1;RGS2;IL10;PLEK;CXCL8;NRG1;IL1B
program_09,GO_BP,Wound Healing (GO:0042060),4/8,0.0003530900202196461,0.012529924231037711,19.65284974093264,156.21632672869652,EREG;NRG1;HMOX1;HPSE
program_09,GO_BP,Positive Regulation Of Cellular Biosynthetic Process (GO:0031328),7/29,0.00039840696180579226,0.012758740020756224,6.696969696969697,52.42412361565932,THBS1;EGR1;VIM;PTGS2;CD36;CXCL8;IL1B
program_09,GO_BP,Regulation Of Interleukin-1 Beta Production (GO:0032651),5/14,0.00039503037438854744,0.012758740020756224,11.466795260402314,89.86009030425846,GSTP1;EGR1;CCL3;CD36;TYROBP
program_09,GO_BP,Regulation Of Tumor Necrosis Factor Production (GO:0032680),6/21,0.0003957732821790001,0.012758740020756224,8.367127496159755,65.55367466766991,THBS1;GSTP1;IL10;CD14;CCL3;TYROBP
program_09,GO_BP,Response To Tumor Necrosis Factor (GO:0034612),6/21,0.0003957732821790001,0.012758740020756224,8.367127496159755,65.55367466766991,CXCL16;ZFP36L1;CCL3;CCL7;CCL3L1;CXCL8
program_09,GO_BP,Pattern Recognition Receptor Signaling Pathway (GO:0002221),3/4,0.00046812994031470557,0.013969422991663828,45.45811965811966,348.51670486576245,FCN1;CTSS;CD14
program_09,GO_BP,Regulation Of Cell Migration Involved In Sprouting Angiogenesis (GO:0090049),3/4,0.00046812994031470557,0.013969422991663828,45.45811965811966,348.51670486576245,THBS1;PTGS2;HMOX1
program_09,GO_BP,Response To Fibroblast Growth Factor (GO:0071774),3/4,0.00046812994031470557,0.013969422991663828,45.45811965811966,348.51670486576245,ZFP36L1;CXCL8;EGR3
program_09,GO_BP,Receptor-Mediated Endocytosis (GO:0006898),6/22,0.0005223653036489837,0.015241458748691457,7.855860189193523,59.3678619755204,CXCL16;ADM;CTSL;FCER1G;CD36;CXCL8
program_09,GO_BP,Negative Regulation Of Cellular Process (GO:0048523),11/72,0.0006603262080352216,0.01884800676413578,3.8432574828541584,28.14331592651067,THBS1;APOBEC3A;TGFBI;IL10;FTH1;S100A11;CCL3L1;EREG;CXCL8;NRG1;IL1B
program_09,GO_BP,Negative Regulation Of Intracellular Signal Transduction (GO:1902532),6/23,0.000678404859525028,0.01895203362885876,7.40302343159486,54.01072894657113,THBS1;GSTP1;SRC;PLEK;PPIF;PLAUR
program_09,GO_BP,Negative Regulation Of Endopeptidase Activity (GO:0010951),5/16,0.0007953416062640162,0.021755906854680273,9.462554063282495,67.53177712973077,NRG1;GAPDH;TIMP1;SERPINA1;CST3
program_09,GO_BP,Positive Regulation Of MAPK Cascade (GO:0043410),9/52,0.0008306382922374037,0.022257715871585943,4.4334526725708185,31.44788133589922,THBS1;CCL3;CCL7;CD36;CCL3L1;C5AR1;NRG1;GPR183;IL1B
program_09,GO_BP,Cellular Response To Low-Density Lipoprotein Particle Stimulus (GO:0071404),3/5,0.0011277809186320611,0.02313713040881088,27.26051282051282,185.03082252376865,FCER1G;CD36;CD68
program_09,GO_BP,Cellular Response To Peptide (GO:1901653),4/10,0.000979776564332527,0.02313713040881088,13.591470705460344,94.16423716799501,VIM;ZFP36L1;SRC;CD36
program_09,GO_BP,Cellular Response To Type II Interferon (GO:0071346),5/17,0.0010824235890474993,0.02313713040881088,8.700942408376964,59.41484367141285,GAPDH;CCL3;CCL7;CCL3L1;HLA-DPA1
program_09,GO_BP,Immunoglobulin Production Involved In Immunoglobulin-Mediated Immune Response (GO:0002381),3/5,0.0011277809186320611,0.02313713040881088,27.26051282051282,185.03082252376865,HLA-DPA1;HLA-DRB5;HLA-DRA
program_09,GO_BP,Lymphocyte Chemotaxis (GO:0048247),5/17,0.0010824235890474993,0.02313713040881088,8.700942408376964,59.41484367141285,CXCL16;CCL3;CCL7;CCL3L1;GPR183
program_09,GO_BP,MHC Class II Protein Complex Assembly (GO:0002399),3/5,0.0011277809186320611,0.02313713040881088,27.26051282051282,185.03082252376865,HLA-DPA1;HLA-DRB5;HLA-DRA
program_09,GO_BP,Negative Regulation Of Proteolysis (GO:0045861),4/10,0.000979776564332527,0.02313713040881088,13.591470705460344,94.16423716799501,TIMP1;CST3;IL10;CSTA
program_09,GO_BP,Peptide Antigen Assembly With MHC Class II Protein Complex (GO:0002503),3/5,0.0011277809186320611,0.02313713040881088,27.26051282051282,185.03082252376865,HLA-DPA1;HLA-DRB5;HLA-DRA
program_09,GO_BP,Positive Regulation Of ERK1 And ERK2 Cascade (GO:0070374),7/33,0.0009241368883265951,0.02313713040881088,5.67399858742811,39.64224421536822,CCL3;CCL7;CCL3L1;CD36;C5AR1;NRG1;GPR183
program_09,GO_BP,Positive Regulation Of Interleukin-1 Beta Production (GO:0032731),4/10,0.000979776564332527,0.02313713040881088,13.591470705460344,94.16423716799501,CD36;EGR1;TYROBP;CCL3
program_09,GO_BP,Regulation Of Fibrinolysis (GO:0051917),3/5,0.0011277809186320611,0.02313713040881088,27.26051282051282,185.03082252376865,THBS1;NRG1;PLAUR
program_09,GO_BP,Regulation Of Heterotypic Cell-Cell Adhesion (GO:0034114),3/5,0.0011277809186320611,0.02313713040881088,27.26051282051282,185.03082252376865,IL1RN;IL10;IL1B
program_09,GO_BP,Response To Glucocorticoid (GO:0051384),3/5,0.0011277809186320611,0.02313713040881088,27.26051282051282,185.03082252376865,IL1RN;ZFP36L1;IL10
program_09,GO_BP,T Cell Chemotaxis (GO:0010818),3/5,0.0011277809186320611,0.02313713040881088,27.26051282051282,185.03082252376865,CXCL16;GPR183;CCL3
program_09,GO_BP,T Cell Migration (GO:0072678),3/5,0.0011277809186320611,0.02313713040881088,27.26051282051282,185.03082252376865,CXCL16;GPR183;CCL3
program_09,GO_BP,Positive Regulation Of Response To External Stimulus (GO:0032103),6/26,0.0013687676911787153,0.027649107361810046,6.309588333978578,41.60444395103973,LGALS2;THBS1;CCL3;EREG;NRG1;IL1B
program_09,GO_BP,Eosinophil Chemotaxis (GO:0048245),4/11,0.0014808691519670604,0.028593841125481623,11.773056994818653,76.70295088884967,CCL7;CCL3L1;LGALS3;CCL3
program_09,GO_BP,Eosinophil Migration (GO:0072677),4/11,0.0014808691519670604,0.028593841125481623,11.773056994818653,76.70295088884967,CCL7;CCL3L1;LGALS3;CCL3
program_09,GO_BP,Positive Regulation Of Lymphocyte Proliferation (GO:0050671),4/11,0.0014808691519670604,0.028593841125481623,11.773056994818653,76.70295088884967,HLA-DPA1;GPR183;IL1B;LILRB2
program_09,GO_BP,Regulation Of T Cell Proliferation (GO:0042129),5/19,0.0018773790412125332,0.03572461856684139,7.492868748871637,47.039320385042586,IL10;LGALS3;LILRB2;HLA-DPA1;IL1B
program_09,GO_BP,Antigen Processing And Presentation Of Exogenous Peptide Antigen Via MHC Class I (GO:0042590),2/2,0.0024762381190595296,0.03572857857500178,96.47208121827411,578.9303831181006,FCER1G;IFI30
program_09,GO_BP,Cellular Response To Fibroblast Growth Factor Stimulus (GO:0044344),3/6,0.00217374378984872,0.03572857857500178,19.46153846153846,119.32461541103696,ZFP36L1;CXCL8;EGR3
program_09,GO_BP,Cellular Response To Oxidised Low-Density Lipoprotein Particle Stimulus (GO:0140052),2/2,0.0024762381190595296,0.03572857857500178,96.47208121827411,578.9303831181006,CD36;CD68
program_09,GO_BP,Innate Immune Response Activating Cell Surface Receptor Signaling Pathway (GO:0002220),3/6,0.00217374378984872,0.03572857857500178,19.46153846153846,119.32461541103696,FCN1;SRC;TYROBP
program_09,GO_BP,Negative Regulation Of G Protein-Coupled Receptor Signaling Pathway (GO:0045744),3/6,0.00217374378984872,0.03572857857500178,19.46153846153846,119.32461541103696,PLEK;RGS2;CXCL8
program_09,GO_BP,Negative Regulation Of Heterotypic Cell-Cell Adhesion (GO:0034115),2/2,0.0024762381190595296,0.03572857857500178,96.47208121827411,578.9303831181006,IL1RN;IL10
program_09,GO_BP,Negative Regulation Of Interleukin-12 Production (GO:0032695),2/2,0.0024762381190595296,0.03572857857500178,96.47208121827411,578.9303831181006,THBS1;IL10
program_09,GO_BP,Negative Regulation Of Lymphocyte Proliferation (GO:0050672),4/12,0.0021366164466071974,0.03572857857500178,10.382505333739713,63.83716421773965,LST1;IL10;TYROBP;LILRB2
program_09,GO_BP,Negative Regulation Of Transmembrane Transport (GO:0034763),2/2,0.0024762381190595296,0.03572857857500178,96.47208121827411,578.9303831181006,THBS1;IL1B
program_09,GO_BP,Negative Regulation Of Transport (GO:0051051),3/6,0.00217374378984872,0.03572857857500178,19.46153846153846,119.32461541103696,NRG1;LGALS3;HAMP
program_09,GO_BP,Peptide Antigen Assembly With MHC Protein Complex (GO:0002501),3/6,0.00217374378984872,0.03572857857500178,19.46153846153846,119.32461541103696,HLA-DPA1;HLA-DRB5;HLA-DRA
program_09,GO_BP,Positive Regulation Of Interleukin-1 Production (GO:0032732),4/12,0.0021366164466071974,0.03572857857500178,10.382505333739713,63.83716421773965,CD36;EGR1;TYROBP;CCL3
program_09,GO_BP,Positive Regulation Of T Cell Activation (GO:0050870),5/20,0.0024050012359762723,0.03572857857500178,7.0057422732646515,42.24606111469227,HLA-DRB5;HLA-DRA;LILRB2;HLA-DPA1;IL1B
program_09,GO_BP,Receptor Internalization (GO:0031623),4/12,0.0021366164466071974,0.03572857857500178,10.382505333739713,63.83716421773965,FCER1G;ADM;CD36;CXCL8
program_09,GO_BP,Regulation Of Cell Adhesion Molecule Production (GO:0060353),2/2,0.0024762381190595296,0.03572857857500178,96.47208121827411,578.9303831181006,CXCL8;IL1B
program_09,GO_BP,Regulation Of Cell-Cell Adhesion Involved In Gastrulation (GO:0070587),2/2,0.0024762381190595296,0.03572857857500178,96.47208121827411,578.9303831181006,IL1RN;IL10
program_09,GO_BP,Regulation Of Dendritic Cell Antigen Processing And Presentation (GO:0002604),2/2,0.0024762381190595296,0.03572857857500178,96.47208121827411,578.9303831181006,THBS1;CD68
program_09,GO_BP,Regulation Of Interleukin-6 Production (GO:0032675),5/20,0.0024050012359762723,0.03572857857500178,7.0057422732646515,42.24606111469227,IL10;EREG;LILRB2;TYROBP;IL1B
program_09,GO_BP,Regulation Of Lipopolysaccharide-Mediated Signaling Pathway (GO:0031664),2/2,0.0024762381190595296,0.03572857857500178,96.47208121827411,578.9303831181006,TRIB1;CD36
program_09,GO_BP,Regulation Of Opsonization (GO:1903027),2/2,0.0024762381190595296,0.03572857857500178,96.47208121827411,578.9303831181006,FCN1;CFP
program_09,GO_BP,Regulation Of RNA Biosynthetic Process (GO:2001141),2/2,0.0024762381190595296,0.03572857857500178,96.47208121827411,578.9303831181006,CXCL8;IL1B
program_09,GO_BP,Sensory Perception Of Chemical Stimulus (GO:0007606),2/2,0.0024762381190595296,0.03572857857500178,96.47208121827411,578.9303831181006,CD36;C5AR1
program_09,GO_BP,Intracellular Iron Ion Homeostasis (GO:0006879),4/13,0.002968725019014401,0.04018065364165498,9.284701390782656,54.033459021685815,FTL;HMOX1;FTH1;HAMP
program_09,GO_BP,Intracellular Monoatomic Cation Homeostasis (GO:0030003),6/30,0.0029990129907708973,0.04018065364165498,5.2682215743440235,30.605585976313332,FTH1;CCL3;FTL;CCL7;HMOX1;HAMP
program_09,GO_BP,Positive Regulation Of Lymphocyte Activation (GO:0051251),4/13,0.002968725019014401,0.04018065364165498,9.284701390782656,54.033459021685815,HLA-DPA1;HLA-DRB5;HLA-DRA;TYROBP
program_09,GO_BP,Positive Regulation Of Reactive Oxygen Species Metabolic Process (GO:2000379),4/13,0.002968725019014401,0.04018065364165498,9.284701390782656,54.033459021685815,THBS1;GSTP1;CD36;TYROBP
program_09,GO_BP,Positive Regulation Of Smooth Muscle Cell Proliferation (GO:0048661),4/13,0.002968725019014401,0.04018065364165498,9.284701390782656,54.033459021685815,THBS1;EREG;IL10;HMOX1
program_09,GO_BP,Regulation Of Blood Coagulation (GO:0030193),4/13,0.002968725019014401,0.04018065364165498,9.284701390782656,54.033459021685815,THBS1;NRG1;HPSE;PLAUR
program_09,GO_BP,Regulation Of Endopeptidase Activity (GO:0052548),4/13,0.002968725019014401,0.04018065364165498,9.284701390782656,54.033459021685815,NRG1;TIMP1;SERPINA1;GAPDH
program_09,GO_BP,Apoptotic Cell Clearance (GO:0043277),3/7,0.0036663653294911483,0.045414506392659225,15.128774928774929,84.85055842026019,THBS1;FCN1;TYROBP
program_09,GO_BP,Negative Regulation Of MAP Kinase Activity (GO:0043407),3/7,0.0036663653294911483,0.045414506392659225,15.128774928774929,84.85055842026019,RGS2;GSTP1;IL1B
program_09,GO_BP,Negative Regulation Of Metabolic Process (GO:0009892),3/7,0.0036663653294911483,0.045414506392659225,15.128774928774929,84.85055842026019,ID1;GSTP1;IL1B
program_09,GO_BP,Neutrophil Activation (GO:0042119),3/7,0.0036663653294911483,0.045414506392659225,15.128774928774929,84.85055842026019,FCER1G;CXCL8;TYROBP
program_09,GO_BP,Osteoclast Differentiation (GO:0030316),3/7,0.0036663653294911483,0.045414506392659225,15.128774928774929,84.85055842026019,GPR183;SRC;TYROBP
program_09,GO_BP,Positive Regulation Of Vascular Endothelial Growth Factor Production (GO:0010575),3/7,0.0036663653294911483,0.045414506392659225,15.128774928774929,84.85055842026019,PTGS2;HPSE;IL1B
program_09,GO_BP,Regulation Of Type I Interferon Production (GO:0032479),3/7,0.0036663653294911483,0.045414506392659225,15.128774928774929,84.85055842026019,TYROBP;CD14;GAPDH
program_09,GO_BP,Regulation Of Vascular Endothelial Growth Factor Production (GO:0010574),3/7,0.0036663653294911483,0.045414506392659225,15.128774928774929,84.85055842026019,PTGS2;HPSE;IL1B
program_09,GO_BP,Positive Regulation Of Protein-Containing Complex Assembly (GO:0031334),5/22,0.003771273109152314,0.0458489036325647,6.19850411368736,34.58977680854121,LGALS3;SRC;PLEK;CD36;NRG1
program_09,GO_BP,Regulation Of MAP Kinase Activity (GO:0043405),5/22,0.003771273109152314,0.0458489036325647,6.19850411368736,34.58977680854121,THBS1;TRIB1;RGS2;GSTP1;IL1B
program_09,GO_BP,Cellular Defense Response (GO:0006968),4/14,0.0039982028768647425,0.04729405745336403,8.3960029607698,46.36197522457131,LILRB2;CXCL9;TYROBP;C5AR1
program_09,GO_BP,Cellular Response To Transforming Growth Factor Beta Stimulus (GO:0071560),4/14,0.0039982028768647425,0.04729405745336403,8.3960029607698,46.36197522457131,ID1;FOS;ZFP36L1;SRC
program_09,GO_BP,Positive Regulation Of Phagocytosis (GO:0050766),4/14,0.0039982028768647425,0.04729405745336403,8.3960029607698,46.36197522457131,FCER1G;FCN1;CFP;IL1B
program_09,KEGG,Rheumatoid arthritis,12/29,3.238244150310678e-09,5.63454482154058e-07,15.201775625504439,297.167876004811,FOS;HLA-DPB1;HLA-DPA1;HLA-DRB5;CTSL;CCL3;CXCL2;CCL3L1;HLA-DRA;CXCL8;CXCL3;IL1B
program_09,KEGG,Tuberculosis,10/27,2.59129582331933e-07,2.254427366287817e-05,12.487292817679558,189.38150344708177,IL10;SRC;HLA-DRB5;CD14;FCER1G;IL1B;HLA-DRA;CTSS;HLA-DPA1;HLA-DPB1
program_09,KEGG,C-type lectin receptor signaling pathway,7/14,1.6331272729509604e-06,7.104103637336677e-05,20.25133689839572,269.84934381965417,IL10;EGR3;SRC;EGR2;FCER1G;PTGS2;IL1B
program_09,KEGG,Leishmaniasis,8/19,1.4169244496106978e-06,7.104103637336677e-05,15.098237367802586,203.3282935224272,FOS;IL10;HLA-DRB5;PTGS2;IL1B;HLA-DRA;HLA-DPA1;HLA-DPB1
program_09,KEGG,Lipid and atherosclerosis,10/36,5.347636172838558e-06,0.00018609773881478182,8.206921713749608,99.62264032469645,FOS;SRC;CD14;CCL3;CXCL2;CD36;CCL3L1;CXCL8;CXCL3;IL1B
program_09,KEGG,Phagosome,9/32,1.4653414936000358e-05,0.00036424202840915174,8.294965701662598,92.3299123753734,THBS1;HLA-DRB5;CTSL;CD14;CD36;HLA-DRA;CTSS;HLA-DPA1;HLA-DPB1
program_09,KEGG,Toll-like receptor signaling pathway,7/18,1.2822426565941588e-05,0.00036424202840915174,13.179493141129969,148.45796023483388,FOS;CD14;CCL3;CXCL9;CXCL8;CCL3L1;IL1B
program_09,KEGG,Asthma,6/14,2.9187370435385203e-05,0.00046169113234154774,15.314347961406785,159.90896743931458,IL10;HLA-DRB5;FCER1G;HLA-DRA;HLA-DPA1;HLA-DPB1
program_09,KEGG,Chagas disease,7/20,2.8743058710520992e-05,0.00046169113234154774,11.215092097445039,117.27749945484948,FOS;IL10;GNA15;CCL3;CCL3L1;CXCL8;IL1B
program_09,KEGG,Inflammatory bowel disease,6/14,2.9187370435385203e-05,0.00046169113234154774,15.314347961406785,159.90896743931458,IL10;HLA-DRB5;IL1B;HLA-DRA;HLA-DPA1;HLA-DPB1
program_09,KEGG,Staphylococcus aureus infection,7/20,2.8743058710520992e-05,0.00046169113234154774,11.215092097445039,117.27749945484948,IL10;HLA-DRB5;HLA-DRA;C5AR1;HLA-DPA1;CFD;HLA-DPB1
program_09,KEGG,IL-17 signaling pathway,7/21,4.13603937770939e-05,0.0005997257097678616,10.436105476673427,105.33356211452497,FOS;CXCL2;PTGS2;CCL7;CXCL8;CXCL3;IL1B
program_09,KEGG,Cytokine-cytokine receptor interaction,11/55,5.3484348143759885e-05,0.0007158674290010938,5.3605548929759586,52.72706926113891,CXCL16;IL10;IL1RN;CCL3;CXCL2;CCL7;CXCL9;CCL3L1;CXCL8;CXCL3;IL1B
program_09,KEGG,Autoimmune thyroid disease,5/10,5.8417041398388034e-05,0.0007260403716656798,19.848167539267017,193.47801003340456,IL10;HLA-DRB5;HLA-DRA;HLA-DPA1;HLA-DPB1
program_09,KEGG,Viral protein interaction with cytokine and cytokine receptor,8/31,8.95217710832729e-05,0.0010384525445659655,7.341575618171363,68.43103711315202,IL10;CCL3;CCL7;CXCL9;CCL3L1;CXCL8;CXCL3;CXCL2
program_09,KEGG,Chemokine signaling pathway,9/41,0.00012544755312811898,0.001364242140268294,5.9691467002942415,53.62456233421346,CXCL16;SRC;CCL3;CCL7;CXCL9;CCL3L1;CXCL8;CXCL3;CXCL2
program_09,KEGG,Allograft rejection,5/12,0.00016937456268678434,0.0015511144161842354,14.53996509598604,126.25630308220902,IL10;HLA-DRB5;HLA-DRA;HLA-DPA1;HLA-DPB1
program_09,KEGG,Th1 and Th2 cell differentiation,5/12,0.00016937456268678434,0.0015511144161842354,14.53996509598604,126.25630308220902,FOS;HLA-DRB5;HLA-DRA;HLA-DPA1;HLA-DPB1
program_09,KEGG,Th17 cell differentiation,6/18,0.0001531060580925149,0.0015511144161842354,10.391746031746031,91.28504274926426,FOS;HLA-DPB1;HLA-DRB5;HLA-DRA;HLA-DPA1;IL1B
program_09,KEGG,Amoebiasis,7/28,0.00031502176240026176,0.0026101803170307403,7.0121875388633255,56.53834836905141,IL10;GNA15;CD14;CXCL2;CXCL8;CXCL3;IL1B
program_09,KEGG,Antigen processing and presentation,7/28,0.00031502176240026176,0.0026101803170307403,7.0121875388633255,56.53834836905141,IFI30;HLA-DRB5;CTSL;CTSS;HLA-DRA;HLA-DPA1;HLA-DPB1
program_09,KEGG,Herpes simplex virus 1 infection,7/29,0.00039840696180579226,0.0030140352762699067,6.696969696969697,52.42412361565932,SRC;HLA-DRB5;CFP;IL1B;HLA-DRA;HLA-DPA1;HLA-DPB1
program_09,KEGG,NF-kappa B signaling pathway,6/21,0.0003957732821790001,0.0030140352762699067,8.367127496159755,65.55367466766991,CD14;CXCL2;PTGS2;CXCL8;CXCL3;IL1B
program_09,KEGG,Graft-versus-host disease,5/15,0.0005692018548707801,0.0038092739518275284,10.369234604836699,77.47140776234725,HLA-DPB1;HLA-DRB5;HLA-DRA;HLA-DPA1;IL1B
program_09,KEGG,Intestinal immune network for IgA production,5/15,0.0005692018548707801,0.0038092739518275284,10.369234604836699,77.47140776234725,IL10;HLA-DRB5;HLA-DRA;HLA-DPA1;HLA-DPB1
program_09,KEGG,Type I diabetes mellitus,5/15,0.0005692018548707801,0.0038092739518275284,10.369234604836699,77.47140776234725,HLA-DPB1;HLA-DRB5;HLA-DRA;HLA-DPA1;IL1B
program_09,KEGG,Bladder cancer,4/9,0.0006112327551588716,0.003939055533246061,16.071125765426284,118.92685667197536,THBS1;SRC;CXCL8;TYMP
program_09,KEGG,Toxoplasmosis,6/23,0.000678404859525028,0.004215801627048389,7.40302343159486,54.01072894657113,IL10;HLA-DRB5;HLA-DRA;HLA-DPA1;PPIF;HLA-DPB1
program_09,KEGG,Legionellosis,5/16,0.0007953416062640162,0.004772049637584097,9.462554063282495,67.53177712973077,CD14;CXCL2;CXCL8;CXCL3;IL1B
program_09,KEGG,Lysosome,5/17,0.0010824235890474993,0.0062780568164754955,8.700942408376964,59.41484367141285,PSAP;CD68;CTSL;AP1S2;CTSS
program_09,KEGG,Human T-cell leukemia virus 1 infection,8/44,0.0011692195247495082,0.0065627160421424,4.694039244724176,31.691424925068564,FOS;EGR1;ETS2;HLA-DRB5;EGR2;HLA-DRA;HLA-DPA1;HLA-DPB1
program_09,KEGG,Kaposi sarcoma-associated herpesvirus infection,6/26,0.0013687676911787153,0.007442674320784264,6.309588333978578,41.60444395103973,FOS;SRC;PTGS2;CXCL8;CXCL3;CXCL2
program_09,KEGG,Epithelial cell signaling in Helicobacter pylori infection,4/11,0.0014808691519670604,0.00757856566006672,11.773056994818653,76.70295088884967,CXCL3;SRC;CXCL8;CXCL2
program_09,KEGG,Pertussis,5/18,0.0014398534086455697,0.00757856566006672,8.052162109753732,52.687019606274696,FOS;IL10;CD14;CXCL8;IL1B
program_09,KEGG,TNF signaling pathway,5/19,0.0018773790412125332,0.009073998699193911,7.492868748871637,47.039320385042586,FOS;PTGS2;IL1B;CXCL3;CXCL2
program_09,KEGG,Yersinia infection,5/19,0.0018773790412125332,0.009073998699193911,7.492868748871637,47.039320385042586,FOS;IL10;SRC;CXCL8;IL1B
program_09,KEGG,Hematopoietic cell lineage,7/38,0.0022206597244003377,0.010443102487720507,4.760631525337407,29.08722513031498,HLA-DRB5;CD14;CD36;HLA-DRA;IL1B;HLA-DPA1;HLA-DPB1
program_09,KEGG,Fluid shear stress and atherosclerosis,6/31,0.0035704815989763736,0.016349047321628656,5.058927274613549,28.507332374183704,FOS;GSTP1;SRC;CTSL;HMOX1;IL1B
program_09,KEGG,Malaria,5/22,0.003771273109152314,0.016405038024812565,6.19850411368736,34.58977680854121,THBS1;IL10;CD36;CXCL8;IL1B
program_09,KEGG,NOD-like receptor signaling pathway,5/22,0.003771273109152314,0.016405038024812565,6.19850411368736,34.58977680854121,NAMPT;IL1B;CXCL8;CXCL3;CXCL2
program_09,KEGG,Necroptosis,4/14,0.0039982028768647425,0.016967982940840617,8.3960029607698,46.36197522457131,FTL;IL1B;FTH1;GLUL
program_09,KEGG,Influenza A,6/32,0.004219319604444661,0.01748003836127074,4.865428771089149,26.604560542413857,HLA-DRB5;IL1B;CXCL8;HLA-DRA;HLA-DPA1;HLA-DPB1
program_09,KEGG,Systemic lupus erythematosus,5/23,0.004630403178493227,0.018736980303670266,5.860336776567143,31.499962635153448,IL10;HLA-DRB5;HLA-DRA;HLA-DPA1;HLA-DPB1
program_09,KEGG,Ferroptosis,4/15,0.005245112339408003,0.020281101045710945,7.661860779454832,40.228282966931154,FTL;SAT1;HMOX1;FTH1
program_09,KEGG,Viral myocarditis,4/15,0.005245112339408003,0.020281101045710945,7.661860779454832,40.228282966931154,HLA-DPA1;HLA-DRB5;HLA-DRA;HLA-DPB1
program_09,KEGG,Hepatitis B,5/24,0.005620428048218508,0.021259880008478706,5.5568532688951535,28.791987530448388,FOS;EGR3;SRC;EGR2;CXCL8
program_09,KEGG,Human cytomegalovirus infection,6/34,0.005773363841391828,0.02137372996600379,4.519168291098116,23.294054674762275,SRC;CCL3;PTGS2;CCL3L1;CXCL8;IL1B
program_09,KEGG,"Parathyroid hormone synthesis, secretion and action",3/9,0.008175879395001641,0.02963756280688095,10.462721893491125,50.28977374922062,FOS;MAFB;EGR1
program_09,KEGG,ErbB signaling pathway,3/10,0.011259923465288401,0.03998421801959555,9.062905982905983,40.660777115391404,NRG1;SRC;EREG
program_09,KEGG,Coronavirus disease,5/29,0.012874391571163806,0.042266870441179286,4.411048188909072,19.199153805639096,FOS;CXCL8;C5AR1;CFD;IL1B
program_09,KEGG,Osteoclast differentiation,4/19,0.01276508287274346,0.042266870441179286,5.672572288149758,24.738324499804985,FOS;IL1B;TYROBP;LILRB2
program_09,KEGG,Pathogenic Escherichia coli infection,5/29,0.012874391571163806,0.042266870441179286,4.411048188909072,19.199153805639096,FOS;GAPDH;SRC;CXCL8;IL1B
program_09,KEGG,Proteoglycans in cancer,5/29,0.012874391571163806,0.042266870441179286,4.411048188909072,19.199153805639096,THBS1;SRC;CTSL;HPSE;PLAUR
program_09,KEGG,Mineral absorption,3/11,0.014927068832783899,0.048098332905637003,7.992458521870287,33.604923371703116,FTL;HMOX1;FTH1
program_09,Reactome,Neutrophil Degranulation,26/109,2.0072485762959407e-12,9.494285765879798e-10,7.742434593899449,208.5367169570718,PTX3;GSTP1;CD68;FTH1;FTL;CD36;CREG1;LILRB2;LGALS3;CLEC12A;SERPINA1;CST3;TYROBP;PLAUR;LYZ;CD14;FCN1;HPSE;CTSS;C5AR1;PSAP;CFP;COTL1;FCER1G;S100A11;CFD
program_09,Reactome,Innate Immune System,32/182,2.4778701261991552e-11,5.860162848461002e-09,5.5184664257826705,134.76667084596414,PTX3;GSTP1;CD68;FTH1;CTSL;FTL;HMOX1;CD36;CREG1;LILRB2;IL1B;FOS;LGALS3;CLEC12A;SERPINA1;CST3;PLAUR;TYROBP;LYZ;CD14;FCN1;HPSE;CTSS;C5AR1;PSAP;CLEC10A;SRC;CFP;COTL1;FCER1G;S100A11;CFD
program_09,Reactome,Interleukin-10 Signaling,9/18,4.573069385323824e-08,7.210206064193895e-06,20.672131147540984,349.36927238691436,IL10;IL1RN;TIMP1;CCL3;PTGS2;CCL3L1;CXCL8;IL1B;CXCL2
program_09,Reactome,NGF-stimulated Transcription,6/9,1.002935539879655e-06,0.0001185971275907692,37.290249433106574,515.0745280965156,FOS;TRIB1;EGR1;EGR3;EGR2;ID1
program_09,Reactome,Nuclear Events (Kinase and Transcription Factor Activation),6/11,5.08004790993938e-06,0.00034326609448590386,23.705146705146706,288.97023912119107,FOS;TRIB1;EGR1;EGR3;EGR2;ID1
program_09,Reactome,Signaling by GPCR,15/80,4.807037072837758e-06,0.00034326609448590386,5.080174992187849,62.20892551117936,CXCL16;RGS2;PSAP;ADM;GNA15;SRC;CCL3;CCL7;CXCL9;CXCL8;CCL3L1;C5AR1;CXCL3;GPR183;CXCL2
program_09,Reactome,Signaling by NTRK1 (TRKA),7/16,5.009099454781189e-06,0.00034326609448590386,15.971010413734872,194.91427425112616,FOS;TRIB1;EGR1;EGR3;SRC;EGR2;ID1
program_09,Reactome,Class A 1 (Rhodopsin-like Receptors),11/46,8.708919131373029e-06,0.00048337485927494033,6.752144149815091,78.67033121077732,CXCL16;PSAP;CCL3;CCL7;CXCL9;CCL3L1;CXCL8;C5AR1;CXCL3;GPR183;CXCL2
program_09,Reactome,GPCR Ligand Binding,12/55,9.197407470347702e-06,0.00048337485927494033,6.031235794532113,69.94176213041283,CXCL16;PSAP;ADM;CCL3;CCL7;CXCL9;CCL3L1;CXCL8;C5AR1;CXCL3;GPR183;CXCL2
program_09,Reactome,Chemokine Receptors Bind Chemokines,8/24,1.1184198671094565e-05,0.0005092141201196483,10.495167895167896,119.65549952322282,CXCL16;CCL3;CCL7;CXCL9;CCL3L1;CXCL8;CXCL3;CXCL2
program_09,Reactome,Cytokine Signaling in Immune System,20/144,1.4209475044913856e-05,0.0005092141201196483,3.633739928658734,40.55835725340737,IL10;EGR1;TIMP1;HMOX1;HLA-DRA;CD36;IL1B;FOS;IL1RN;CCL3;HLA-DPB1;IFI30;PTGS2;CCL3L1;SRC;HLA-DRB5;VIM;CXCL8;HLA-DPA1;CXCL2
program_09,Reactome,Interleukin-4 and Interleukin-13 Signaling,9/32,1.4653414936000358e-05,0.0005092141201196483,8.294965701662598,92.3299123753734,FOS;IL10;TIMP1;VIM;PTGS2;CD36;HMOX1;CXCL8;IL1B
program_09,Reactome,Peptide Ligand-Binding Receptors,10/40,1.5071876705444134e-05,0.0005092141201196483,7.115388098904085,78.99987728405492,CXCL16;PSAP;CCL3;CCL7;CXCL9;CCL3L1;CXCL8;C5AR1;CXCL3;CXCL2
program_09,Reactome,Signaling by NTRKs,7/18,1.2822426565941588e-05,0.0005092141201196483,13.179493141129969,148.45796023483388,FOS;TRIB1;EGR1;EGR3;SRC;EGR2;ID1
program_09,Reactome,G Alpha (I) Signalling Events,10/46,5.631389527073677e-05,0.0017757648308705663,5.926663134791493,57.98984583782998,CXCL16;PSAP;GNA15;SRC;CXCL9;CXCL8;C5AR1;CXCL3;GPR183;CXCL2
program_09,Reactome,GPCR Downstream Signalling,12/71,0.00013690012716754537,0.00404711000939056,4.3714095807814655,38.88919137441779,CXCL16;RGS2;PSAP;ADM;GNA15;SRC;CXCL9;CXCL8;C5AR1;CXCL3;GPR183;CXCL2
program_09,Reactome,Costimulation by the CD28 Family,5/13,0.00026437215869098935,0.007355766532990469,12.82260548198337,105.63458268395748,SRC;HLA-DRB5;HLA-DRA;HLA-DPA1;HLA-DPB1
program_09,Reactome,Signaling by Interleukins,13/89,0.0003284796124871873,0.008631714261468866,3.6796638655462184,29.51471554014457,FOS;IL10;IL1RN;TIMP1;CCL3;VIM;PTGS2;HMOX1;CXCL8;CD36;IL1B;CCL3L1;CXCL2
program_09,Reactome,MHC Class II Antigen Presentation,8/38,0.0004143089068409969,0.010314111207146924,5.635533894550288,43.89460268470369,IFI30;HLA-DRB5;CTSL;AP1S2;HLA-DRA;CTSS;HLA-DPA1;HLA-DPB1
program_09,Reactome,PD-1 Signaling,4/10,0.000979776564332527,0.022068300710918344,13.591470705460344,94.16423716799501,HLA-DPA1;HLA-DRB5;HLA-DRA;HLA-DPB1
program_09,Reactome,Translocation of ZAP-70 to Immunological Synapse,4/10,0.000979776564332527,0.022068300710918344,13.591470705460344,94.16423716799501,HLA-DPA1;HLA-DRB5;HLA-DRA;HLA-DPB1
program_09,Reactome,Alternative Complement Activation,2/2,0.0024762381190595296,0.030032323854234804,96.47208121827411,578.9303831181006,CFD;CFP
program_09,Reactome,ERBB2 Activates PTK6 Signaling,2/2,0.0024762381190595296,0.030032323854234804,96.47208121827411,578.9303831181006,NRG1;EREG
program_09,Reactome,ERBB2 Regulates Cell Motility,2/2,0.0024762381190595296,0.030032323854234804,96.47208121827411,578.9303831181006,NRG1;EREG
program_09,Reactome,Free Fatty Acids Regulate Insulin Secretion,2/2,0.0024762381190595296,0.030032323854234804,96.47208121827411,578.9303831181006,GNA15;CD36
program_09,Reactome,GRB2 Events in ERBB2 Signaling,2/2,0.0024762381190595296,0.030032323854234804,96.47208121827411,578.9303831181006,NRG1;EREG
program_09,Reactome,Interferon Gamma Signaling,5/19,0.0018773790412125332,0.030032323854234804,7.492868748871637,47.039320385042586,IFI30;HLA-DRB5;HLA-DRA;HLA-DPA1;HLA-DPB1
program_09,Reactome,NPAS4 Regulates Expression of Target Genes,2/2,0.0024762381190595296,0.030032323854234804,96.47208121827411,578.9303831181006,FOS;NAMPT
program_09,Reactome,PI3K Events in ERBB4 Signaling,2/2,0.0024762381190595296,0.030032323854234804,96.47208121827411,578.9303831181006,NRG1;EREG
program_09,Reactome,PPARA Activates Gene Expression,3/6,0.00217374378984872,0.030032323854234804,19.46153846153846,119.32461541103696,CD36;G0S2;PLIN2
program_09,Reactome,Phosphorylation of CD3 and TCR Zeta Chains,4/11,0.0014808691519670604,0.030032323854234804,11.773056994818653,76.70295088884967,HLA-DPA1;HLA-DRB5;HLA-DRA;HLA-DPB1
program_09,Reactome,"Platelet Activation, Signaling and Aggregation",10/71,0.002230011096006023,0.030032323854234804,3.4702870233122223,21.18870054276113,THBS1;PSAP;GNA15;TIMP1;SRC;FCER1G;PLEK;CD36;SERPINA1;CFD
program_09,Reactome,Regulation of Lipid Metabolism by PPARalpha,3/6,0.00217374378984872,0.030032323854234804,19.46153846153846,119.32461541103696,CD36;G0S2;PLIN2
program_09,Reactome,SHC1 Events in ERBB2 Signaling,2/2,0.0024762381190595296,0.030032323854234804,96.47208121827411,578.9303831181006,NRG1;EREG
program_09,Reactome,SHC1 Events in ERBB4 Signaling,2/2,0.0024762381190595296,0.030032323854234804,96.47208121827411,578.9303831181006,NRG1;EREG
program_09,Reactome,Signal Regulatory Protein Family Interactions,2/2,0.0024762381190595296,0.030032323854234804,96.47208121827411,578.9303831181006,SRC;TYROBP
program_09,Reactome,Signaling by ERBB2,3/6,0.00217374378984872,0.030032323854234804,19.46153846153846,119.32461541103696,NRG1;SRC;EREG
program_09,Reactome,Signaling by Receptor Tyrosine Kinases,10/71,0.002230011096006023,0.030032323854234804,3.4702870233122223,21.18870054276113,THBS1;FOS;TRIB1;EGR1;EGR3;SRC;EGR2;ID1;EREG;NRG1
program_09,Reactome,Transcriptional Regulation by NPAS4,2/2,0.0024762381190595296,0.030032323854234804,96.47208121827411,578.9303831181006,FOS;NAMPT
program_09,Reactome,Toll-like Receptor Cascades,5/21,0.0030328849715379204,0.03586386478843591,6.5776614310645725,38.13886604002072,FOS;CTSL;CD14;CD36;CTSS
program_11,KEGG,Lysosome,7/17,8.168584546002323e-06,0.0012171190973543462,14.442322383498855,169.1949105840811,PSAP;SORT1;CD68;CTSL;TCIRG1;AP1S2;CTSS
program_11,Reactome,Innate Immune System,33/182,4.328273669033191e-12,1.6187743522184133e-09,5.814467979685371,152.14051061633384,GSTP1;CD68;FTH1;FCGR3A;CTSL;CSTB;FTL;HMOX1;LILRB2;HCK;P2RX1;C1QA;LGALS3;ACTB;CLEC12A;SERPINA1;ISG15;CST3;MAP2K3;PLAUR;TYROBP;ANXA2;TCIRG1;FCN1;CTSS;C5AR1;PSAP;FGL2;CFP;COTL1;FCER1G;S100A11;CFD
program_11,Reactome,Neutrophil Degranulation,25/109,1.51915639256238e-11,2.8408224540916506e-09,7.260590148516791,180.86333971481758,GSTP1;CD68;FTH1;CSTB;FTL;LILRB2;P2RX1;LGALS3;CLEC12A;SERPINA1;CST3;TYROBP;PLAUR;TCIRG1;ANXA2;FCN1;CTSS;C5AR1;PSAP;FGL2;CFP;COTL1;FCER1G;S100A11;CFD
program_11,Reactome,Golgi Associated Vesicle Biogenesis,4/8,0.0003530900202196461,0.03301391689053691,19.65284974093264,156.21632672869652,FTL;AP1S2;SORT1;FTH1
program_11,Reactome,trans-Golgi Network Vesicle Budding,4/8,0.0003530900202196461,0.03301391689053691,19.65284974093264,156.21632672869652,FTL;AP1S2;SORT1;FTH1
program_12,Reactome,Erythrocytes Take up Carbon Dioxide and Release Oxygen,4/7,0.00018358173699214837,0.025762637091231486,25.281273131014064,217.4910146228038,CA2;CA1;HBB;RHAG
program_12,Reactome,Erythrocytes Take up Oxygen and Release Carbon Dioxide,4/7,0.00018358173699214837,0.025762637091231486,25.281273131014064,217.4910146228038,CA2;CA1;HBB;RHAG
program_12,Reactome,O2 CO2 Exchange in Erythrocytes,4/7,0.00018358173699214837,0.025762637091231486,25.281273131014064,217.4910146228038,CA2;CA1;HBB;RHAG
program_13,GO_BP,DNA Metabolic Process (GO:0006259),24/63,1.209187647341694e-16,7.085839613422327e-14,15.092827004219409,553.1734316371145,RRM1;RMI2;CDC45;TYMS;MCM10;MCM5;UNG;MCM2;TOP2A;UBE2T;DUT;PCLAF;MCM7;RAD51AP1;RFC3;MCM6;ORC6;HMGB1;RPA3;HMGB2;MCM3;FEN1;MCM4;CDK1
program_13,GO_BP,Double-Strand Break Repair Via Homologous Recombination (GO:0000724),12/19,4.776587348935775e-12,1.399540093238182e-09,35.65913370998117,929.5371495946563,MCM7;FEN1;RMI2;CDC45;RAD51AP1;MCM4;MCM5;GINS2;MCM6;MCM2;RPA3;MCM3
program_13,GO_BP,DNA-templated DNA Replication (GO:0006261),12/21,2.562952820421464e-11,4.3543570895902845e-09,28.12221231043711,685.8241528860774,RRM1;MCM7;CDC45;RFC3;MCM10;MCM4;MCM5;GINS2;MCM6;MCM2;ORC6;MCM3
program_13,GO_BP,Regulation Of DNA-templated DNA Replication (GO:0090329),8/8,2.972257399037737e-11,4.3543570895902845e-09,349.2810810810811,8466.264044290749,MCM7;GMNN;MCM4;MCM5;MCM6;MCM2;MCM3;CDT1
program_13,GO_BP,DNA Unwinding Involved In DNA Replication (GO:0006268),8/9,2.565213313466705e-10,3.006430003382978e-08,116.36576576576577,2569.7993792457364,MCM7;CDC45;MCM4;MCM5;GINS2;MCM6;MCM2;MCM3
program_13,GO_BP,Positive Regulation Of Cell Cycle Process (GO:0090068),12/25,3.836130062435862e-10,3.7466203609790256e-08,19.7478551998326,428.1608883958705,RRM1;CDC6;KIF23;NUSAP1;FEN1;RANBP1;BIRC5;MAD2L1;AURKB;NCAPG;SMC2;NCAPH
program_13,GO_BP,Double-Strand Break Repair Via Break-Induced Replication (GO:0000727),7/7,6.369579565894848e-10,4.665717032017976e-08,304.89304812834223,6455.902193864495,MCM7;MCM4;GINS2;MCM5;MCM6;MCM2;MCM3
program_13,GO_BP,Regulation Of DNA-templated DNA Replication Initiation (GO:0030174),7/7,6.369579565894848e-10,4.665717032017976e-08,304.89304812834223,6455.902193864495,MCM7;GMNN;MCM4;MCM5;MCM6;MCM2;MCM3
program_13,GO_BP,DNA Duplex Unwinding (GO:0032508),8/10,1.2299561786536532e-09,7.207543206910408e-08,69.78270270270271,1431.6819768916866,MCM7;CDC45;MCM4;MCM5;GINS2;MCM6;MCM2;MCM3
program_13,GO_BP,Regulation Of Chromosome Segregation (GO:0051983),8/10,1.2299561786536532e-09,7.207543206910408e-08,69.78270270270271,1431.6819768916866,CDC6;RMI2;KIF2C;CDCA2;NCAPG;SMC2;NCAPH;MKI67
program_13,GO_BP,DNA Replication (GO:0006260),11/23,2.3199776361961147e-09,1.235915358919021e-07,19.412513966480446,385.95393987430083,DUT;PCLAF;MCM7;FEN1;RFC3;MCM4;MCM5;MCM6;MCM2;CDK1;RPA3
program_13,GO_BP,Mitotic Sister Chromatid Segregation (GO:0000070),12/31,8.098440871287825e-09,3.954738625478888e-07,13.628132695929306,253.91383916850123,KIF11;KIF23;TUBG1;NUSAP1;KIF2C;CEP55;NCAPH;NCAPG;SMC2;ZWINT;KIFC1;CDCA5
program_13,GO_BP,Microtubule Cytoskeleton Organization Involved In Mitosis (GO:1902850),10/22,2.4508002815047042e-08,1.1047453576628898e-06,17.528618784530387,307.1761804227092,CENPH;KIF11;SPC25;TUBG1;NUSAP1;BIRC5;NUF2;STMN1;AURKB;CDK1
program_13,GO_BP,DNA Damage Response (GO:0006974),14/49,3.894894635653124e-08,1.6302916117805216e-06,8.808841488235773,150.28776897794506,RRM1;PCLAF;MCM7;FEN1;RMI2;RAD51AP1;RFC3;MCM10;UNG;CDK1;UBE2T;RPA3;FBXO5;TOP2A
program_13,GO_BP,DNA Replication Initiation (GO:0006270),7/10,6.745143790584553e-08,2.635102840855032e-06,43.48739495798319,718.0576875712,MCM7;CDC45;MCM10;MCM5;MCM2;ORC6;MCM3
program_13,GO_BP,Mitotic Spindle Organization (GO:0007052),10/26,1.7016082655171985e-07,6.232140272456739e-06,13.25113008538423,206.53902806402675,CENPH;KIF11;SPC25;TUBG1;KIF23;BIRC5;NUF2;STMN1;AURKB;KIFC1
program_13,GO_BP,DNA Repair (GO:0006281),12/41,2.9808741237025676e-07,1.0275248449939439e-05,8.960547735325099,134.64010661239058,RRM1;FANCI;FEN1;RMI2;RAD51AP1;RFC3;UNG;PCNA;CDCA5;CDK1;UBE2T;RPA3
program_13,GO_BP,Chromosome Condensation (GO:0030261),6/9,1.002935539879655e-06,3.093264349313041e-05,37.290249433106574,515.0745280965156,NUSAP1;NCAPG;SMC2;NCAPH;CDCA5;TOP2A
program_13,GO_BP,Positive Regulation Of Chromosome Organization (GO:2001252),6/9,1.002935539879655e-06,3.093264349313041e-05,37.290249433106574,515.0745280965156,FEN1;AURKB;NCAPG;SMC2;CDK1;NCAPH
program_13,GO_BP,Regulation Of DNA Replication (GO:0006275),7/15,2.9373059523411e-06,8.606306440359423e-05,17.859389745202893,227.49322339020787,CDC6;GMNN;PCNA;ESCO2;CCNA2;FBXO5;CDT1
program_13,GO_BP,Mitotic DNA Replication (GO:1902969),5/7,5.495280232842563e-06,0.0001533444864974163,43.735078534031416,529.7026944557578,MCM4;TK1;MCM6;MCM2;MCM3
program_13,GO_BP,Mitotic Chromosome Condensation (GO:0007076),5/8,1.407345376465057e-05,0.0003585671263515319,31.222887060583396,348.7977480958761,NUSAP1;NCAPG;SMC2;NCAPH;CDCA5
program_13,GO_BP,Positive Regulation Of Chromosome Segregation (GO:0051984),5/8,1.407345376465057e-05,0.0003585671263515319,31.222887060583396,348.7977480958761,CDC6;NCAPG;SMC2;CDK1;NCAPH
program_13,GO_BP,Regulation Of Cell Cycle Process (GO:0010564),8/25,1.5773448342163338e-05,0.0003851350303544882,9.89019305019305,109.35766967646539,PKMYT1;KIF11;KIF2C;CDCA2;AURKB;MCM2;MKI67;FBXO5
program_13,GO_BP,Mitotic Metaphase Plate Congression (GO:0007080),6/13,1.7378409080056256e-05,0.0004073499088365186,17.36543209876543,190.3300325020268,CEP55;KIFC1;NUF2;KIF2C;CDCA5;CDT1
program_13,GO_BP,DNA Integrity Checkpoint Signaling (GO:0031570),4/5,2.8362621436468606e-05,0.0005897861750046803,59.05181347150259,618.298376913657,CDC6;CLSPN;CDC45;CDT1
program_13,GO_BP,DNA Replication Checkpoint Signaling (GO:0000076),4/5,2.8362621436468606e-05,0.0005897861750046803,59.05181347150259,618.298376913657,CLSPN;CDC45;CDC6;CDT1
program_13,GO_BP,DNA Synthesis Involved In DNA Repair (GO:0000731),4/5,2.8362621436468606e-05,0.0005897861750046803,59.05181347150259,618.298376913657,RRM1;PCLAF;RFC3;PCNA
program_13,GO_BP,Negative Regulation Of Mitotic Metaphase/Anaphase Transition (GO:0045841),6/14,2.9187370435385203e-05,0.0005897861750046803,15.314347961406785,159.90896743931458,SPC25;MAD2L1;NUF2;SPC24;ZWINT;FBXO5
program_13,GO_BP,DNA Strand Elongation Involved In DNA Replication (GO:0006271),5/9,3.0411601545614204e-05,0.0005940399501909975,24.271669575334496,252.442023476998,MCM7;RFC3;MCM4;PCNA;MCM3
program_13,GO_BP,Cytoskeleton-Dependent Cytokinesis (GO:0061640),6/16,7.169440180566134e-05,0.0012731187714581074,12.384227765180146,118.18389787289433,KIF23;NUSAP1;BIRC5;CEP55;STMN1;AURKB
program_13,GO_BP,Mitotic Cytokinesis (GO:0000281),6/16,7.169440180566134e-05,0.0012731187714581074,12.384227765180146,118.18389787289433,KIF23;NUSAP1;BIRC5;CEP55;STMN1;AURKB
program_13,GO_BP,Positive Regulation Of Mitotic Cell Cycle Phase Transition (GO:1901992),6/16,7.169440180566134e-05,0.0012731187714581074,12.384227765180146,118.18389787289433,RRM1;RRM2;UBE2C;CDK1;CDCA5;FBXO5
program_13,GO_BP,Double-Strand Break Repair (GO:0006302),7/23,8.025322866685712e-05,0.0013318159940396022,9.161400097228974,86.39496721754708,FEN1;RMI2;RAD51AP1;CDCA5;HMGB1;RPA3;HMGB2
program_13,GO_BP,Positive Regulation Of Chromosome Separation (GO:1905820),4/6,8.181804741540218e-05,0.0013318159940396022,35.41243523316062,333.2668780762956,NCAPH;BIRC5;NCAPG;SMC2
program_13,GO_BP,Regulation Of Nuclear Division (GO:0051783),4/6,8.181804741540218e-05,0.0013318159940396022,35.41243523316062,333.2668780762956,FBXO5;MKI67;PKMYT1;CDCA2
program_13,GO_BP,Cell Cycle G2/M Phase Transition (GO:0044839),5/11,0.00010286453597209529,0.0016291518399904822,16.78574305275876,154.12833133611247,PKMYT1;MELK;AURKB;CCNA2;CDK1
program_13,GO_BP,Negative Regulation Of DNA-templated DNA Replication (GO:2000104),3/3,0.00012145712495887582,0.0018729967164710852,136.44615384615383,1230.1915968597166,GMNN;FBXO5;CDT1
program_13,GO_BP,Mitotic Spindle Assembly (GO:0090307),5/12,0.00016937456268678434,0.0025449613778065544,14.53996509598604,126.25630308220902,KIF11;KIF23;BIRC5;AURKB;KIFC1
program_13,GO_BP,Regulation Of Mitotic Cell Cycle (GO:0007346),7/26,0.00019013681779057946,0.002785504380631989,7.739613327848622,66.31120096439274,PKMYT1;GMNN;MAD2L1;CDCA2;CKS1B;MKI67;FBXO5
program_13,GO_BP,Mitotic Spindle Assembly Checkpoint Signaling (GO:0007094),5/13,0.00026437215869098935,0.003602839185881855,12.82260548198337,105.63458268395748,SPC25;MAD2L1;NUF2;SPC24;ZWINT
program_13,GO_BP,Mitotic Spindle Checkpoint Signaling (GO:0071174),5/13,0.00026437215869098935,0.003602839185881855,12.82260548198337,105.63458268395748,SPC25;MAD2L1;NUF2;SPC24;ZWINT
program_13,GO_BP,Spindle Assembly Checkpoint Signaling (GO:0071173),5/13,0.00026437215869098935,0.003602839185881855,12.82260548198337,105.63458268395748,SPC25;MAD2L1;NUF2;SPC24;ZWINT
program_13,GO_BP,DNA Strand Elongation (GO:0022616),4/8,0.0003530900202196461,0.004598016707749168,19.65284974093264,156.21632672869652,RFC3;MCM3;MCM7;MCM4
program_13,GO_BP,"Negative Regulation Of Gene Expression, Epigenetic (GO:0045814)",4/8,0.0003530900202196461,0.004598016707749168,19.65284974093264,156.21632672869652,HELLS;HMGB1;LMNB1;UHRF1
program_13,GO_BP,Mitotic Cell Cycle Phase Transition (GO:0044772),7/29,0.00039840696180579226,0.0048638849920457135,6.696969696969697,52.42412361565932,PKMYT1;MELK;CCNE2;CCNE1;CCNA2;CDK1;UBE2C
program_13,GO_BP,Mitotic Nuclear Division (GO:0140014),5/14,0.00039503037438854744,0.0048638849920457135,11.466795260402314,89.86009030425846,TUBG1;NUSAP1;ZWINT;KIFC1;UBE2C
program_13,GO_BP,Sister Chromatid Segregation (GO:0000819),5/14,0.00039503037438854744,0.0048638849920457135,11.466795260402314,89.86009030425846,TUBG1;NUSAP1;ZWINT;KIFC1;TOP2A
program_13,GO_BP,Negative Regulation Of DNA Replication (GO:0008156),3/4,0.00046812994031470557,0.005275464327392643,45.45811965811966,348.51670486576245,GMNN;CDC6;CDT1
program_13,GO_BP,Positive Regulation Of Chromosome Condensation (GO:1905821),3/4,0.00046812994031470557,0.005275464327392643,45.45811965811966,348.51670486576245,NCAPH;NCAPG;SMC2
program_13,GO_BP,Regulation Of Chromosome Condensation (GO:0060623),3/4,0.00046812994031470557,0.005275464327392643,45.45811965811966,348.51670486576245,NCAPH;NCAPG;SMC2
program_13,GO_BP,Regulation Of Chromosome Separation (GO:1905818),3/4,0.00046812994031470557,0.005275464327392643,45.45811965811966,348.51670486576245,NCAPH;NCAPG;SMC2
program_13,GO_BP,Regulation Of Mitotic Nuclear Division (GO:0007088),5/15,0.0005692018548707801,0.006293439376495796,10.369234604836699,77.47140776234725,PKMYT1;NUSAP1;CDCA2;MKI67;FBXO5
program_13,GO_BP,Chromosome Organization (GO:0051276),4/9,0.0006112327551588716,0.0066330073059833105,16.071125765426284,118.92685667197536,CENPH;CENPW;TOP2A;NUF2
program_13,GO_BP,Attachment Of Mitotic Spindle Microtubules To Kinetochore (GO:0051315),3/5,0.0011277809186320611,0.01032624403622481,27.26051282051282,185.03082252376865,KIF2C;CDT1;NUF2
program_13,GO_BP,Base-Excision Repair (GO:0006284),3/5,0.0011277809186320611,0.01032624403622481,27.26051282051282,185.03082252376865,RPA3;UNG;FEN1
program_13,GO_BP,CENP-A Containing Chromatin Assembly (GO:0034080),3/5,0.0011277809186320611,0.01032624403622481,27.26051282051282,185.03082252376865,HJURP;CENPW;NASP
program_13,GO_BP,Chromatin Remodeling At Centromere (GO:0031055),3/5,0.0011277809186320611,0.01032624403622481,27.26051282051282,185.03082252376865,HJURP;CENPW;NASP
program_13,GO_BP,DNA Topological Change (GO:0006265),3/5,0.0011277809186320611,0.01032624403622481,27.26051282051282,185.03082252376865,HMGB1;HMGB2;TOP2A
program_13,GO_BP,G2/M Transition Of Mitotic Cell Cycle (GO:0000086),4/10,0.000979776564332527,0.01032624403622481,13.591470705460344,94.16423716799501,PKMYT1;MELK;CCNA2;CDK1
program_13,GO_BP,Positive Regulation Of Binding (GO:0051099),5/17,0.0010824235890474993,0.01032624403622481,8.700942408376964,59.41484367141285,GMNN;STMN1;HMGB1;HMGB2;CDT1
program_13,GO_BP,Positive Regulation Of DNA-directed DNA Polymerase Activity (GO:1900264),3/5,0.0011277809186320611,0.01032624403622481,27.26051282051282,185.03082252376865,RFC3;GINS2;PCNA
program_13,GO_BP,Regulation Of Cyclin-Dependent Protein Kinase Activity (GO:1904029),5/17,0.0010824235890474993,0.01032624403622481,8.700942408376964,59.41484367141285,PKMYT1;CDC6;CCNE2;CCNE1;CCNA2
program_13,GO_BP,Regulation Of DNA-directed DNA Polymerase Activity (GO:1900262),3/5,0.0011277809186320611,0.01032624403622481,27.26051282051282,185.03082252376865,RFC3;GINS2;PCNA
program_13,GO_BP,Recombinational Repair (GO:0000725),4/11,0.0014808691519670604,0.012952079448547723,11.773056994818653,76.70295088884967,RAD51AP1;RPA3;FEN1;RMI2
program_13,GO_BP,Regulation Of Cyclin-Dependent Protein Serine/Threonine Kinase Activity (GO:0000079),5/18,0.0014398534086455697,0.012952079448547723,8.052162109753732,52.687019606274696,PKMYT1;CDC6;CCNE2;CCNE1;CCNA2
program_13,GO_BP,Regulation Of DNA Binding (GO:0051101),4/11,0.0014808691519670604,0.012952079448547723,11.773056994818653,76.70295088884967,HMGB1;HJURP;HMGB2;CDT1
program_13,GO_BP,DNA Biosynthetic Process (GO:0071897),3/6,0.00217374378984872,0.016984184811351333,19.46153846153846,119.32461541103696,RRM1;TYMS;RFC3
program_13,GO_BP,DNA Conformation Change (GO:0071103),3/6,0.00217374378984872,0.016984184811351333,19.46153846153846,119.32461541103696,HMGB1;HMGB2;TOP2A
program_13,GO_BP,Heterochromatin Formation (GO:0031507),3/6,0.00217374378984872,0.016984184811351333,19.46153846153846,119.32461541103696,HMGB1;LMNB1;UHRF1
program_13,GO_BP,Kinetochore Organization (GO:0051383),3/6,0.00217374378984872,0.016984184811351333,19.46153846153846,119.32461541103696,CENPH;CENPW;NUF2
program_13,GO_BP,Positive Regulation Of G1/S Transition Of Mitotic Cell Cycle (GO:1900087),3/6,0.00217374378984872,0.016984184811351333,19.46153846153846,119.32461541103696,RRM2;RRM1;CDC6
program_13,GO_BP,Positive Regulation Of Mitotic Sister Chromatid Separation (GO:1901970),3/6,0.00217374378984872,0.016984184811351333,19.46153846153846,119.32461541103696,BIRC5;AURKB;UBE2C
program_13,GO_BP,Regulation Of Mitotic Cell Cycle Spindle Assembly Checkpoint (GO:0090266),3/6,0.00217374378984872,0.016984184811351333,19.46153846153846,119.32461541103696,BIRC5;MAD2L1;AURKB
program_13,GO_BP,Regulation Of Ubiquitin Protein Ligase Activity (GO:1904666),3/6,0.00217374378984872,0.016984184811351333,19.46153846153846,119.32461541103696,UBE2C;MAD2L1;FBXO5
program_13,GO_BP,Microtubule Depolymerization (GO:0007019),2/2,0.0024762381190595296,0.01748283780444439,96.47208121827411,578.9303831181006,STMN1;KIF2C
program_13,GO_BP,Microtubule Polymerization Or Depolymerization (GO:0031109),2/2,0.0024762381190595296,0.01748283780444439,96.47208121827411,578.9303831181006,STMN1;KIF2C
program_13,GO_BP,Negative Regulation Of Gene Expression Via CpG Island Methylation (GO:0044027),2/2,0.0024762381190595296,0.01748283780444439,96.47208121827411,578.9303831181006,HELLS;UHRF1
program_13,GO_BP,Negative Regulation Of Ubiquitin Protein Ligase Activity (GO:1904667),2/2,0.0024762381190595296,0.01748283780444439,96.47208121827411,578.9303831181006,MAD2L1;FBXO5
program_13,GO_BP,Nucleoside Diphosphate Metabolic Process (GO:0009132),2/2,0.0024762381190595296,0.01748283780444439,96.47208121827411,578.9303831181006,RRM1;RRM2
program_13,GO_BP,Postreplication Repair (GO:0006301),2/2,0.0024762381190595296,0.01748283780444439,96.47208121827411,578.9303831181006,PCNA;PCLAF
program_13,GO_BP,Pyrimidine Deoxyribonucleotide Catabolic Process (GO:0009223),2/2,0.0024762381190595296,0.01748283780444439,96.47208121827411,578.9303831181006,DUT;UNG
program_13,GO_BP,Regulation Of Chromatin Binding (GO:0035561),2/2,0.0024762381190595296,0.01748283780444439,96.47208121827411,578.9303831181006,GMNN;CDT1
program_13,GO_BP,Metaphase Plate Congression (GO:0051310),4/13,0.002968725019014401,0.020710391204076653,9.284701390782656,54.033459021685815,KIF2C;CDCA5;CEP55;KIFC1
program_13,GO_BP,Positive Regulation Of Cytokinesis (GO:0032467),3/7,0.0036663653294911483,0.02498244282653271,15.128774928774929,84.85055842026019,KIF23;BIRC5;CDC6
program_13,GO_BP,Positive Regulation Of G2/M Transition Of Mitotic Cell Cycle (GO:0010971),3/7,0.0036663653294911483,0.02498244282653271,15.128774928774929,84.85055842026019,RRM1;FBXO5;CDK1
program_13,GO_BP,Heterochromatin Organization (GO:0070828),3/8,0.0056543305150540514,0.036815974242463044,12.37156177156177,64.02695888245289,HMGB1;LMNB1;UHRF1
program_13,GO_BP,Mitotic G2/M Transition Checkpoint (GO:0044818),3/8,0.0056543305150540514,0.036815974242463044,12.37156177156177,64.02695888245289,CLSPN;CDC6;CDK1
program_13,GO_BP,Positive Regulation Of Cell Cycle G2/M Phase Transition (GO:1902751),3/8,0.0056543305150540514,0.036815974242463044,12.37156177156177,64.02695888245289,RRM1;FBXO5;CDK1
program_13,GO_BP,Post-Translational Protein Modification (GO:0043687),3/8,0.0056543305150540514,0.036815974242463044,12.37156177156177,64.02695888245289,ESCO2;AURKB;CCNA2
program_13,GO_BP,Negative Regulation Of DNA Metabolic Process (GO:0051053),2/3,0.007185800107260837,0.042108788628548506,32.1404399323181,158.63391117301023,GMNN;CDC6
program_13,GO_BP,Negative Regulation Of Ubiquitin-Protein Transferase Activity (GO:0051444),2/3,0.007185800107260837,0.042108788628548506,32.1404399323181,158.63391117301023,MAD2L1;FBXO5
program_13,GO_BP,Nucleus Organization (GO:0006997),2/3,0.007185800107260837,0.042108788628548506,32.1404399323181,158.63391117301023,LMNB1;CEP55
program_13,GO_BP,Protein Depolymerization (GO:0051261),2/3,0.007185800107260837,0.042108788628548506,32.1404399323181,158.63391117301023,STMN1;KIF2C
program_13,GO_BP,Protein Monoubiquitination (GO:0006513),2/3,0.007185800107260837,0.042108788628548506,32.1404399323181,158.63391117301023,UBE2T;UHRF1
program_13,GO_BP,Regulation Of Microtubule Cytoskeleton Organization (GO:0070507),2/3,0.007185800107260837,0.042108788628548506,32.1404399323181,158.63391117301023,STMN1;SKA3
program_13,GO_BP,Regulation Of Mitotic Cytokinesis (GO:1902412),2/3,0.007185800107260837,0.042108788628548506,32.1404399323181,158.63391117301023,BIRC5;AURKB
program_13,GO_BP,Regulation Of Mitotic Sister Chromatid Segregation (GO:0033047),2/3,0.007185800107260837,0.042108788628548506,32.1404399323181,158.63391117301023,AURKB;CDK1
program_13,GO_BP,Response To Organophosphorus (GO:0046683),2/3,0.007185800107260837,0.042108788628548506,32.1404399323181,158.63391117301023,RFC3;TYMS
program_13,GO_BP,Response To UV (GO:0009411),4/16,0.006728369250455996,0.042108788628548506,7.045181347150259,35.23592833128189,PCLAF;PCNA;FEN1;AURKB
program_13,GO_BP,Centromere Complex Assembly (GO:0034508),3/9,0.008175879395001641,0.04743629035119764,10.462721893491125,50.28977374922062,HJURP;CENPW;NASP
program_13,KEGG,Cell cycle,16/49,3.964510640645603e-10,2.378706384387362e-08,10.88536606906297,235.6515044813747,PKMYT1;CDC6;MCM7;CDC45;MAD2L1;CCNE1;MCM4;CCNE2;MCM5;MCM6;PCNA;CCNA2;MCM2;CDK1;ORC6;MCM3
program_13,KEGG,DNA replication,10/19,3.971547519930519e-09,1.1914642559791556e-07,23.10061064262867,446.8607536775742,MCM7;FEN1;RFC3;MCM4;MCM5;MCM6;PCNA;MCM2;RPA3;MCM3
program_13,KEGG,Pyrimidine metabolism,5/12,0.00016937456268678434,0.003387491253735687,14.53996509598604,126.25630308220902,RRM1;DUT;TYMS;TK1;RRM2
program_13,KEGG,Fanconi anemia pathway,4/9,0.0006112327551588716,0.009168491327383075,16.071125765426284,118.92685667197536,UBE2T;RPA3;FANCI;RMI2
program_13,KEGG,Base excision repair,4/10,0.000979776564332527,0.011757318771990325,13.591470705460344,94.16423716799501,HMGB1;UNG;PCNA;FEN1
program_13,KEGG,Oocyte meiosis,6/26,0.0013687676911787153,0.013687676911787152,6.309588333978578,41.60444395103973,PKMYT1;MAD2L1;CCNE2;CCNE1;CDK1;FBXO5
program_13,KEGG,Mismatch repair,3/7,0.0036663653294911483,0.031425988538495556,15.128774928774929,84.85055842026019,RFC3;RPA3;PCNA
program_13,KEGG,Hepatitis B,5/24,0.005620428048218508,0.04215321036163881,5.5568532688951535,28.791987530448388,BIRC5;CCNE2;CCNE1;PCNA;CCNA2
program_13,Reactome,Cell Cycle,58/163,4.1230307633770944e-41,1.5585056285565418e-38,23.42609422916086,2178.3784536859757,CENPN;PKMYT1;CDC6;MND1;RMI2;CDC45;TYMS;HJURP;MCM10;CCNE1;NUF2;MCM5;GINS2;SPC24;MCM2;ESCO2;LMNB1;TUBB4B;TOP2A;TUBA1B;CENPH;CENPW;TK1;PCNA;CCNA2;CKS1B;DHFR;CENPU;FBXO5;CDT1;MCM7;RFC3;GMNN;BIRC5;MCM6;AURKB;NCAPG;SMC2;ORC6;CENPM;NCAPH;RPA3;MCM3;CLSPN;SPC25;TUBG1;KIF23;TUBB;FEN1;MAD2L1;MCM4;CCNE2;RRM2;ZWINT;CDK1;KIF2C;CDCA5;UBE2C
program_13,Reactome,"Cell Cycle, Mitotic",53/139,9.061219944275109e-39,1.7125705694679956e-36,23.626589595375723,2069.6139946560006,CENPN;PKMYT1;CDC6;CDC45;TYMS;MCM10;CCNE1;NUF2;MCM5;GINS2;SPC24;MCM2;ESCO2;LMNB1;TUBB4B;TOP2A;TUBA1B;CENPH;TK1;PCNA;CCNA2;CKS1B;DHFR;CENPU;FBXO5;CDT1;MCM7;RFC3;GMNN;BIRC5;MCM6;AURKB;NCAPG;SMC2;ORC6;CENPM;NCAPH;RPA3;MCM3;SPC25;TUBG1;KIF23;TUBB;FEN1;MAD2L1;MCM4;CCNE2;RRM2;ZWINT;CDK1;KIF2C;CDCA5;UBE2C
program_13,Reactome,Cell Cycle Checkpoints,32/76,6.662673165550374e-24,8.394968188593472e-22,19.793734109735095,1056.3029422408479,CENPN;PKMYT1;CDC6;RMI2;CDC45;MCM10;CCNE1;NUF2;MCM5;SPC24;MCM2;CENPH;CCNA2;CENPU;MCM7;RFC3;BIRC5;MCM6;AURKB;CENPM;ORC6;RPA3;MCM3;CLSPN;SPC25;MAD2L1;MCM4;CCNE2;ZWINT;CDK1;KIF2C;UBE2C
program_13,Reactome,G1 S Transition,24/49,8.321069235154404e-20,7.863410427220913e-18,23.554914776368065,1034.8359768256366,CDC6;CDC45;TYMS;MCM10;CCNE1;MCM5;MCM2;TK1;PCNA;CCNA2;CKS1B;DHFR;CDT1;MCM7;GMNN;MCM6;ORC6;RPA3;MCM3;MCM4;CCNE2;RRM2;CDK1;FBXO5
program_13,Reactome,Mitotic G1 Phase and G1 S Transition,25/56,2.2758872901222956e-19,1.7205707913324555e-17,20.045096184169033,860.4707679359452,CDC6;CDC45;TYMS;MCM10;CCNE1;MCM5;MCM2;TOP2A;TK1;PCNA;CCNA2;CKS1B;DHFR;CDT1;MCM7;GMNN;MCM6;ORC6;RPA3;MCM3;MCM4;CCNE2;RRM2;CDK1;FBXO5
program_13,Reactome,S Phase,23/54,2.883625248367351e-17,1.816683906471431e-15,17.99621095750128,685.3838643094475,CDC6;CDC45;CCNE1;MCM5;GINS2;ESCO2;MCM2;PCNA;CCNA2;CKS1B;CDT1;MCM7;RFC3;GMNN;MCM6;ORC6;RPA3;MCM3;FEN1;MCM4;CCNE2;CDCA5;UBE2C
program_13,Reactome,DNA Replication,21/44,4.533688096864134e-17,2.4481915723066326e-15,21.60644988625719,813.102798551066,CDC6;CDC45;MCM10;CCNE1;MCM5;GINS2;MCM2;PCNA;CCNA2;CDT1;MCM7;RFC3;GMNN;MCM6;ORC6;RPA3;MCM3;FEN1;MCM4;CCNE2;UBE2C
program_13,Reactome,Synthesis of DNA,20/41,1.6096480058127002e-16,7.60558682746501e-15,22.261880687563195,809.5609929845062,CDC6;CDC45;CCNE1;MCM5;GINS2;MCM2;PCNA;CCNA2;CDT1;MCM7;RFC3;GMNN;MCM6;ORC6;RPA3;MCM3;FEN1;MCM4;CCNE2;UBE2C
program_13,Reactome,M Phase,25/77,2.138806433816854e-15,8.982987022030788e-14,11.891958372753075,401.6928543710394,CENPN;NUF2;SPC24;TUBB4B;LMNB1;TUBA1B;CENPH;CENPU;BIRC5;AURKB;NCAPG;SMC2;CENPM;UBE2C;NCAPH;SPC25;TUBG1;KIF23;TUBB;MAD2L1;ZWINT;CDK1;KIF2C;CDCA5;FBXO5
program_13,Reactome,Mitotic Prometaphase,21/55,1.2306908819842799e-14,4.652011533900578e-13,14.631209552456475,468.6173864828659,CENPN;NUF2;SPC24;TUBB4B;TUBA1B;CENPH;CENPU;BIRC5;AURKB;NCAPG;SMC2;CENPM;NCAPH;SPC25;TUBG1;TUBB;MAD2L1;ZWINT;CDK1;KIF2C;CDCA5
program_13,Reactome,Activation of ATR in Response to Replication Stress,13/19,1.1885625507301316e-13,4.084333128872634e-12,44.96835164835165,1338.2968885505595,CDC6;MCM7;CLSPN;CDC45;RFC3;MCM10;MCM4;MCM5;MCM6;MCM2;ORC6;RPA3;MCM3
program_13,Reactome,Activation of the Pre-Replicative Complex,13/20,3.2576202804622036e-13,1.0261503883455943e-11,38.952,1119.971635717277,CDC6;MCM7;CDC45;GMNN;MCM10;MCM4;MCM5;MCM6;MCM2;ORC6;RPA3;MCM3;CDT1
program_13,Reactome,DNA Strand Elongation,12/18,1.8348624475487697e-12,5.3352154244110387e-11,41.166883963494136,1112.495996345812,FEN1;MCM7;RFC3;CDC45;MCM4;GINS2;MCM5;PCNA;MCM6;MCM2;RPA3;MCM3
program_13,Reactome,Switching of Origins to a Post-Replicative State,14/27,2.8844330939201714e-12,7.787969353584463e-11,23.43716548918861,622.7651599936487,CDC6;MCM7;GMNN;CCNE1;MCM4;CCNE2;MCM5;MCM6;CCNA2;MCM2;ORC6;UBE2C;MCM3;CDT1
program_13,Reactome,G2 M Checkpoints,16/39,6.730740177645695e-12,1.6961465247667153e-10,15.60052876746821,401.3132437374147,PKMYT1;CDC6;MCM7;CLSPN;RMI2;CDC45;RFC3;MCM10;MCM4;MCM5;MCM6;CDK1;MCM2;ORC6;RPA3;MCM3
program_13,Reactome,Mitotic Metaphase and Anaphase,19/61,1.857215353283101e-11,4.387671272131327e-10,10.462865391555395,258.5306843524858,CENPN;NUF2;SPC24;LMNB1;TUBB4B;TUBA1B;CENPH;CENPU;BIRC5;AURKB;UBE2C;CENPM;SPC25;MAD2L1;ZWINT;CDK1;KIF2C;CDCA5;FBXO5
program_13,Reactome,G1 S-Specific Transcription,11/17,2.7311448765803064e-11,6.0727809608668e-10,37.45036527718092,910.9320166265982,CDC6;CDC45;TYMS;CCNE1;TK1;PCNA;RRM2;CDK1;DHFR;FBXO5;CDT1
program_13,Reactome,Unwinding of DNA,8/8,2.972257399037737e-11,6.241740537979248e-10,349.2810810810811,8466.264044290749,MCM7;CDC45;MCM4;MCM5;GINS2;MCM6;MCM2;MCM3
program_13,Reactome,Resolution of Sister Chromatid Cohesion,16/43,4.0171986731278324e-11,7.992111044433267e-10,13.302958579881658,318.4442431472492,TUBA1B;CENPN;CENPH;SPC25;BIRC5;MAD2L1;NUF2;CDCA5;AURKB;SPC24;ZWINT;CENPM;CDK1;KIF2C;TUBB4B;CENPU
program_13,Reactome,DNA Replication Pre-Initiation,14/32,5.510926182866937e-11,1.0415650485618512e-09,17.05749101702859,402.92699223269295,CDC6;MCM7;CDC45;GMNN;MCM10;MCM4;MCM5;MCM6;MCM2;ORC6;RPA3;UBE2C;MCM3;CDT1
program_13,Reactome,Mitotic Anaphase,18/60,1.3774992874615088e-10,2.479498717430716e-09,9.805989304812835,222.65068626128732,TUBA1B;CENPN;CENPH;LMNB1;SPC25;BIRC5;MAD2L1;NUF2;CDCA5;AURKB;SPC24;ZWINT;CENPM;CDK1;UBE2C;KIF2C;TUBB4B;CENPU
program_13,Reactome,EML4 and NUDC in Mitotic Spindle Formation,14/38,8.812348294209343e-10,1.5141216614596054e-08,12.839094019110535,267.6912197549938,TUBA1B;CENPN;CENPH;SPC25;BIRC5;MAD2L1;NUF2;AURKB;SPC24;ZWINT;CENPM;KIF2C;TUBB4B;CENPU
program_13,Reactome,Separation of Sister Chromatids,16/52,1.084709568602649e-09,1.782696595355658e-08,9.974629164302504,205.89583203257556,TUBA1B;CENPN;CENPH;SPC25;BIRC5;MAD2L1;NUF2;CDCA5;AURKB;SPC24;ZWINT;CENPM;UBE2C;KIF2C;TUBB4B;CENPU
program_13,Reactome,Mitotic Spindle Checkpoint,13/34,2.1767962562700326e-09,3.428454103625301e-08,13.487441860465117,269.0125799893934,CENPN;CENPH;SPC25;BIRC5;MAD2L1;NUF2;AURKB;SPC24;ZWINT;CENPM;UBE2C;KIF2C;CENPU
program_13,Reactome,Assembly of the Pre-Replicative Complex,11/23,2.3199776361961147e-09,3.507806185928526e-08,19.412513966480446,385.95393987430083,CDC6;MCM7;GMNN;MCM4;MCM5;MCM6;MCM2;ORC6;UBE2C;MCM3;CDT1
program_13,Reactome,Amplification of Signal From Unattached Kinetochores via a MAD2 Inhibitory Signal,12/31,8.098440871287825e-09,1.1022055049623309e-07,13.628132695929306,253.91383916850123,CENPN;CENPH;SPC25;BIRC5;MAD2L1;NUF2;AURKB;SPC24;ZWINT;CENPM;KIF2C;CENPU
program_13,Reactome,Amplification of Signal From the Kinetochores,12/31,8.098440871287825e-09,1.1022055049623309e-07,13.628132695929306,253.91383916850123,CENPN;CENPH;SPC25;BIRC5;MAD2L1;NUF2;AURKB;SPC24;ZWINT;CENPM;KIF2C;CENPU
program_13,Reactome,RHO GTPases Activate Formins,14/44,8.164485221943191e-09,1.1022055049623309e-07,10.280394200701222,191.45663518468385,TUBA1B;CENPN;CENPH;SPC25;BIRC5;MAD2L1;NUF2;AURKB;SPC24;ZWINT;CENPM;KIF2C;TUBB4B;CENPU
program_13,Reactome,Orc1 Removal From Chromatin,10/21,1.3941767789101557e-08,1.8172373187173753e-07,19.062935383137162,344.8175547980408,CDC6;MCM7;MCM4;MCM5;MCM6;CCNA2;MCM2;ORC6;MCM3;CDT1
program_13,Reactome,DNA Repair,12/42,4.0017737409885026e-07,5.042234913645513e-06,8.662128368991386,127.60491363740574,PCLAF;FANCI;CLSPN;FEN1;RMI2;RAD51AP1;RFC3;UNG;PCNA;CCNA2;UBE2T;RPA3
program_13,Reactome,Chromosome Maintenance,11/36,5.972121800968588e-07,7.2821356153746006e-06,9.450432687041298,135.4340882397372,CENPN;CENPH;FEN1;RFC3;HJURP;CENPW;PCNA;CCNA2;CENPM;RPA3;CENPU
program_13,Reactome,RHO GTPase Effectors,14/65,1.8046826248805188e-06,2.131781350640113e-05,6.020034794320669,79.61571755190695,TUBA1B;CENPN;CENPH;SPC25;BIRC5;MAD2L1;NUF2;AURKB;SPC24;ZWINT;CENPM;KIF2C;TUBB4B;CENPU
program_13,Reactome,G0 and Early G1,7/15,2.9373059523411e-06,3.364550454499805e-05,17.859389745202893,227.49322339020787,CDC6;CCNE2;CCNE1;PCNA;CCNA2;CDK1;TOP2A
program_13,Reactome,Homology Directed Repair,8/21,3.5083885773751074e-06,3.900502594846443e-05,12.847847847847849,161.37351351828815,CLSPN;FEN1;RMI2;RAD51AP1;RFC3;PCNA;CCNA2;RPA3
program_13,Reactome,Transcriptional Regulation by TP53,12/54,7.49938368146943e-06,8.099334375986986e-05,6.176470588235294,72.88661295548728,FANCI;RMI2;RFC3;BIRC5;CCNE1;CCNE2;PRDX2;PCNA;CCNA2;AURKB;CDK1;RPA3
program_13,Reactome,DNA Double-Strand Break Repair,8/24,1.1184198671094565e-05,0.00011743408604649294,10.495167895167896,119.65549952322282,CLSPN;FEN1;RMI2;RAD51AP1;RFC3;PCNA;CCNA2;RPA3
program_13,Reactome,Kinesins,7/18,1.2822426565941588e-05,0.00013099668221421408,13.179493141129969,148.45796023483388,TUBA1B;KIF11;KIF23;KIFC1;KIF15;KIF2C;TUBB4B
program_13,Reactome,COPI-dependent Golgi-to-ER Retrograde Traffic,7/19,1.947563613380128e-05,0.0001887638579122278,12.118716577540107,131.44379674327303,TUBA1B;KIF11;KIF23;KIF2C;KIF15;KIFC1;TUBB4B
program_13,Reactome,HDR Through Homologous Recombination (HRR) or Single Strand Annealing (SSA),7/19,1.947563613380128e-05,0.0001887638579122278,12.118716577540107,131.44379674327303,CLSPN;RMI2;RAD51AP1;RFC3;PCNA;CCNA2;RPA3
program_13,Reactome,Golgi-to-ER Retrograde Transport,7/22,5.8194558259043985e-05,0.000541241919400016,9.757633258582025,95.1536947964647,TUBA1B;KIF11;KIF23;KIF2C;KIF15;KIFC1;TUBB4B
program_13,Reactome,"Signaling by Rho GTPases, Miro GTPases and RHOBTB3",16/109,5.870613411481655e-05,0.000541241919400016,3.7747998607727116,36.77774797313532,TUBA1B;CENPN;CENPH;LMNB1;SPC25;BIRC5;MAD2L1;CCNE1;NUF2;AURKB;SPC24;ZWINT;CENPM;KIF2C;TUBB4B;CENPU
program_13,Reactome,Deposition of New CENPA-containing Nucleosomes at the Centromere,6/16,7.169440180566134e-05,0.0006302438112218603,12.384227765180146,118.18389787289433,CENPN;CENPH;HJURP;CENPW;CENPM;CENPU
program_13,Reactome,Nucleosome Assembly,6/16,7.169440180566134e-05,0.0006302438112218603,12.384227765180146,118.18389787289433,CENPN;CENPH;HJURP;CENPW;CENPM;CENPU
program_13,Reactome,Intra-Golgi and Retrograde Golgi-to-ER Traffic,7/24,0.00010869341748864166,0.0009337752684251489,8.633307868601987,78.79602240023752,TUBA1B;KIF11;KIF23;KIF2C;KIF15;KIFC1;TUBB4B
program_13,Reactome,Condensation of Prometaphase Chromosomes,4/7,0.00018358173699214837,0.0014162019710822875,25.281273131014064,217.4910146228038,NCAPH;NCAPG;SMC2;CDK1
program_13,Reactome,DNA Damage Telomere Stress Induced Senescence,4/7,0.00018358173699214837,0.0014162019710822875,25.281273131014064,217.4910146228038,CCNE2;LMNB1;CCNA2;CCNE1
program_13,Reactome,Factors Involved in Megakaryocyte Development and Platelet Production,8/34,0.00018176948434676774,0.0014162019710822875,6.500050994390617,55.98345228374197,TUBA1B;KIF11;KIF23;KIF2C;HBB;KIF15;KIFC1;TUBB4B
program_13,Reactome,Processing of DNA Double-Strand Break Ends,5/12,0.00016937456268678434,0.0014162019710822875,14.53996509598604,126.25630308220902,CLSPN;RMI2;RFC3;CCNA2;RPA3
program_13,Reactome,Signaling by Rho GTPases,15/107,0.00017642648878000565,0.0014162019710822875,3.544397028607555,30.632827956276056,TUBA1B;CENPN;CENPH;LMNB1;SPC25;BIRC5;MAD2L1;NUF2;AURKB;SPC24;ZWINT;CENPM;KIF2C;TUBB4B;CENPU
program_13,Reactome,Resolution of Abasic Sites (AP Sites),5/13,0.00026437215869098935,0.0019986535197038797,12.82260548198337,105.63458268395748,FEN1;RFC3;UNG;PCNA;RPA3
program_13,Reactome,Base Excision Repair,5/14,0.00039503037438854744,0.002927872186644528,11.466795260402314,89.86009030425846,FEN1;RFC3;UNG;PCNA;RPA3
program_13,Reactome,Removal of the Flap Intermediate From the C-strand,3/4,0.00046812994031470557,0.0033387380648860136,45.45811965811966,348.51670486576245,RPA3;PCNA;FEN1
program_13,Reactome,TP53 Regulates Transcription of Genes Involved in G1 Cell Cycle Arrest,3/4,0.00046812994031470557,0.0033387380648860136,45.45811965811966,348.51670486576245,CCNE2;CCNA2;CCNE1
program_13,Reactome,HDR Through Homologous Recombination (HRR),5/15,0.0005692018548707801,0.003911969111657362,10.369234604836699,77.47140776234725,RMI2;RAD51AP1;RFC3;PCNA;RPA3
program_13,Reactome,TP53 Regulates Transcription of Cell Cycle Genes,5/15,0.0005692018548707801,0.003911969111657362,10.369234604836699,77.47140776234725,CCNE2;CCNE1;PCNA;CCNA2;CDK1
program_13,Reactome,Defective Homologous Recombination Repair (HRR) Due to BRCA2 Loss of Function,4/9,0.0006112327551588716,0.003916033583899211,16.071125765426284,118.92685667197536,RAD51AP1;RPA3;RFC3;RMI2
program_13,Reactome,Diseases of DNA Double-Strand Break Repair,4/9,0.0006112327551588716,0.003916033583899211,16.071125765426284,118.92685667197536,RAD51AP1;RPA3;RFC3;RMI2
program_13,Reactome,Diseases of DNA Repair,4/9,0.0006112327551588716,0.003916033583899211,16.071125765426284,118.92685667197536,RAD51AP1;RPA3;RFC3;RMI2
program_13,Reactome,SUMOylation of DNA Replication Proteins,4/9,0.0006112327551588716,0.003916033583899211,16.071125765426284,118.92685667197536,BIRC5;PCNA;AURKB;TOP2A
program_13,Reactome,APC C-mediated Degradation of Cell Cycle Proteins,6/23,0.000678404859525028,0.00413608124033001,7.40302343159486,54.01072894657113,MAD2L1;AURKB;CCNA2;UBE2C;CDK1;FBXO5
program_13,Reactome,Regulation of Mitotic Cell Cycle,6/23,0.000678404859525028,0.00413608124033001,7.40302343159486,54.01072894657113,MAD2L1;AURKB;CCNA2;UBE2C;CDK1;FBXO5
program_13,Reactome,Regulation of TP53 Activity,6/23,0.000678404859525028,0.00413608124033001,7.40302343159486,54.01072894657113,RMI2;RFC3;AURKB;CCNA2;CDK1;RPA3
program_13,Reactome,CDK-mediated Phosphorylation and Removal of Cdc6,5/16,0.0007953416062640162,0.004772049637584097,9.462554063282495,67.53177712973077,CDC6;CCNE2;CCNE1;CCNA2;UBE2C
program_13,Reactome,Apoptotic Execution Phase,4/10,0.000979776564332527,0.005446405019377871,13.591470705460344,94.16423716799501,HMGB1;LMNB1;CLSPN;HMGB2
program_13,Reactome,Homologous DNA Pairing and Strand Exchange,4/10,0.000979776564332527,0.005446405019377871,13.591470705460344,94.16423716799501,RAD51AP1;RPA3;RFC3;RMI2
program_13,Reactome,Lagging Strand Synthesis,4/10,0.000979776564332527,0.005446405019377871,13.591470705460344,94.16423716799501,RFC3;RPA3;PCNA;FEN1
program_13,Reactome,Maternal to Zygotic Transition (MZT),4/10,0.000979776564332527,0.005446405019377871,13.591470705460344,94.16423716799501,BIRC5;TUBB4B;UHRF1;UNG
program_13,Reactome,Telomere C-strand (Lagging Strand) Synthesis,4/10,0.000979776564332527,0.005446405019377871,13.591470705460344,94.16423716799501,RFC3;RPA3;PCNA;FEN1
program_13,Reactome,Fanconi Anemia Pathway,3/5,0.0011277809186320611,0.006090016960613131,27.26051282051282,185.03082252376865,UBE2T;RPA3;FANCI
program_13,Reactome,Processive Synthesis on the C-strand of the Telomere,3/5,0.0011277809186320611,0.006090016960613131,27.26051282051282,185.03082252376865,RPA3;PCNA;FEN1
program_13,Reactome,Recruitment of NuMA to Mitotic Centrosomes,5/18,0.0014398534086455697,0.007559230395389241,8.052162109753732,52.687019606274696,TUBA1B;TUBB;TUBG1;CDK1;TUBB4B
program_13,Reactome,Regulation of TP53 Activity Through Phosphorylation,5/18,0.0014398534086455697,0.007559230395389241,8.052162109753732,52.687019606274696,RMI2;RFC3;AURKB;CCNA2;RPA3
program_13,Reactome,PCNA-Dependent Long Patch Base Excision Repair,4/11,0.0014808691519670604,0.007668062184158203,11.773056994818653,76.70295088884967,RFC3;RPA3;PCNA;FEN1
program_13,Reactome,Regulation of APC C Activators Between G1 S and Early Anaphase,5/19,0.0018773790412125332,0.009589855102409967,7.492868748871637,47.039320385042586,MAD2L1;CCNA2;UBE2C;CDK1;FBXO5
program_13,Reactome,HDR Through Single Strand Annealing (SSA),3/6,0.00217374378984872,0.00978184705431924,19.46153846153846,119.32461541103696,RFC3;RPA3;RMI2
program_13,Reactome,Interconversion of Nucleotide Di- and Triphosphates,4/12,0.0021366164466071974,0.00978184705431924,10.382505333739713,63.83716421773965,RRM1;DUT;TYMS;RRM2
program_13,Reactome,Removal of the Flap Intermediate,3/6,0.00217374378984872,0.00978184705431924,19.46153846153846,119.32461541103696,RPA3;PCNA;FEN1
program_13,Reactome,Resolution of AP Sites via the Multiple-Nucleotide Patch Replacement Pathway,4/12,0.0021366164466071974,0.00978184705431924,10.382505333739713,63.83716421773965,RFC3;RPA3;PCNA;FEN1
program_13,Reactome,Termination of Translesion DNA Synthesis,4/12,0.0021366164466071974,0.00978184705431924,10.382505333739713,63.83716421773965,RFC3;RPA3;PCLAF;PCNA
program_13,Reactome,Translesion Synthesis by POLH,3/6,0.00217374378984872,0.00978184705431924,19.46153846153846,119.32461541103696,RFC3;RPA3;PCNA
program_13,Reactome,Translesion Synthesis by POLI,3/6,0.00217374378984872,0.00978184705431924,19.46153846153846,119.32461541103696,RFC3;RPA3;PCNA
program_13,Reactome,Translesion Synthesis by POLK,3/6,0.00217374378984872,0.00978184705431924,19.46153846153846,119.32461541103696,RFC3;RPA3;PCNA
program_13,Reactome,Translesion Synthesis by REV1,3/6,0.00217374378984872,0.00978184705431924,19.46153846153846,119.32461541103696,RFC3;RPA3;PCNA
program_13,Reactome,Translesion Synthesis by Y Family DNA Polymerases Bypasses Lesions on DNA Template,4/12,0.0021366164466071974,0.00978184705431924,10.382505333739713,63.83716421773965,RFC3;RPA3;PCLAF;PCNA
program_13,Reactome,Extension of Telomeres,5/20,0.0024050012359762723,0.010695181967047423,7.0057422732646515,42.24606111469227,FEN1;RFC3;PCNA;CCNA2;RPA3
program_13,Reactome,Generic Transcription Pathway,14/124,0.0026961521402162542,0.011850529174438885,2.7162137420552925,16.068929427826678,FANCI;RMI2;RFC3;BIRC5;CCNE1;CCNE2;PRDX2;AURKB;RRM2;PCNA;CCNA2;CDK1;RPA3;UBE2C
program_13,Reactome,Anchoring of the Basal Body to the Plasma Membrane,4/13,0.002968725019014401,0.01233162700205982,9.284701390782656,54.033459021685815,TUBB;TUBB4B;TUBG1;CDK1
program_13,Reactome,Centrosome Maturation,4/13,0.002968725019014401,0.01233162700205982,9.284701390782656,54.033459021685815,TUBB;TUBB4B;TUBG1;CDK1
program_13,Reactome,Loss of Nlp From Mitotic Centrosomes,4/13,0.002968725019014401,0.01233162700205982,9.284701390782656,54.033459021685815,TUBG1;TUBB4B;TUBB;CDK1
program_13,Reactome,Loss of Proteins Required for Interphase Microtubule Organization From the Centrosome,4/13,0.002968725019014401,0.01233162700205982,9.284701390782656,54.033459021685815,TUBG1;TUBB4B;TUBB;CDK1
program_13,Reactome,Recruitment of Mitotic Centrosome Proteins and Complexes,4/13,0.002968725019014401,0.01233162700205982,9.284701390782656,54.033459021685815,TUBB;TUBB4B;TUBG1;CDK1
program_13,Reactome,Impaired BRCA2 Binding to RAD51,3/7,0.0036663653294911483,0.014743469090932491,15.128774928774929,84.85055842026019,RFC3;RPA3;RMI2
program_13,Reactome,Processive Synthesis on the Lagging Strand,3/7,0.0036663653294911483,0.014743469090932491,15.128774928774929,84.85055842026019,RPA3;PCNA;FEN1
program_13,Reactome,Protein Ubiquitination,3/7,0.0036663653294911483,0.014743469090932491,15.128774928774929,84.85055842026019,UBE2T;PCNA;UBE2C
program_13,Reactome,Telomere Maintenance,5/22,0.003771273109152314,0.01500569721325868,6.19850411368736,34.58977680854121,FEN1;RFC3;PCNA;CCNA2;RPA3
program_13,Reactome,DNA Damage Bypass,4/14,0.0039982028768647425,0.015580625643864665,8.3960029607698,46.36197522457131,RFC3;RPA3;PCLAF;PCNA
program_13,Reactome,G2 M DNA Damage Checkpoint,4/14,0.0039982028768647425,0.015580625643864665,8.3960029607698,46.36197522457131,RFC3;RPA3;CDK1;RMI2
program_13,Reactome,G2 M Transition,7/43,0.004614393661641764,0.0175029240147044,4.097502014504432,22.038721094219362,TUBA1B;PKMYT1;TUBG1;TUBB;CCNA2;CDK1;TUBB4B
program_13,Reactome,Metabolism of Nucleotides,5/23,0.004630403178493227,0.0175029240147044,5.860336776567143,31.499962635153448,RRM1;DUT;TYMS;TK1;RRM2
program_13,Reactome,Mitotic G2-G2 M Phases,7/43,0.004614393661641764,0.0175029240147044,4.097502014504432,22.038721094219362,TUBA1B;PKMYT1;TUBG1;TUBB;CCNA2;CDK1;TUBB4B
program_13,Reactome,Cdc20 Phospho-APC C Mediated Degradation of Cyclin A,4/15,0.005245112339408003,0.01943776925780613,7.661860779454832,40.228282966931154,MAD2L1;CCNA2;UBE2C;CDK1
program_13,Reactome,SCF(Skp2)-mediated Degradation of P27 P21,4/15,0.005245112339408003,0.01943776925780613,7.661860779454832,40.228282966931154,CKS1B;CCNE2;CCNA2;CCNE1
program_13,Reactome,RNA Polymerase II Transcription,14/135,0.005939089613037711,0.021795882269206354,2.4551250029734293,12.585460369098305,FANCI;RMI2;RFC3;BIRC5;CCNE1;CCNE2;PRDX2;AURKB;RRM2;PCNA;CCNA2;CDK1;RPA3;UBE2C
program_13,Reactome,APC Cdc20 Mediated Degradation of Cell Cycle Proteins Prior to Satisfation of the Checkpoint,4/16,0.006728369250455996,0.023549292376595986,7.045181347150259,35.23592833128189,MAD2L1;CCNA2;UBE2C;CDK1
program_13,Reactome,AURKA Activation by TPX2,4/16,0.006728369250455996,0.023549292376595986,7.045181347150259,35.23592833128189,TUBG1;TUBB4B;TUBB;CDK1
program_13,Reactome,Nuclear Envelope (NE) Reassembly,4/16,0.006728369250455996,0.023549292376595986,7.045181347150259,35.23592833128189,TUBA1B;TUBB4B;LMNB1;CDK1
program_13,Reactome,SUMO E3 Ligases SUMOylate Target Proteins,4/16,0.006728369250455996,0.023549292376595986,7.045181347150259,35.23592833128189,BIRC5;AURKB;PCNA;TOP2A
program_13,Reactome,SUMOylation,4/16,0.006728369250455996,0.023549292376595986,7.045181347150259,35.23592833128189,BIRC5;AURKB;PCNA;TOP2A
program_13,Reactome,Apoptosis Induced DNA Fragmentation,2/3,0.007185800107260837,0.024252075362005326,32.1404399323181,158.63391117301023,HMGB1;HMGB2
program_13,Reactome,CDC6 Association With the ORC Origin Complex,2/3,0.007185800107260837,0.024252075362005326,32.1404399323181,158.63391117301023,CDC6;ORC6
program_13,Reactome,Chromatin Modifications During the Maternal to Zygotic Transition (MZT),2/3,0.007185800107260837,0.024252075362005326,32.1404399323181,158.63391117301023,UNG;UHRF1
program_13,Reactome,Establishment of Sister Chromatid Cohesion,2/3,0.007185800107260837,0.024252075362005326,32.1404399323181,158.63391117301023,CDCA5;ESCO2
program_13,Reactome,Gene Expression (Transcription),15/153,0.007468729082477147,0.024983890205100542,2.306985876242954,11.29738003875726,FANCI;RMI2;RFC3;BIRC5;UHRF1;CCNE1;CCNE2;PRDX2;AURKB;RRM2;PCNA;CCNA2;CDK1;RPA3;UBE2C
program_13,Reactome,Cilium Assembly,5/26,0.008032906163268027,0.026414379583851455,5.034579325459637,24.2878624060732,TUBA1B;TUBB;TUBG1;CDK1;TUBB4B
program_13,Reactome,Cyclin A B1 B2 Associated Events During G2 M Transition,3/9,0.008175879395001641,0.026414379583851455,10.462721893491125,50.28977374922062,PKMYT1;CCNA2;CDK1
program_13,Reactome,Presynaptic Phase of Homologous DNA Pairing and Strand Exchange,3/9,0.008175879395001641,0.026414379583851455,10.462721893491125,50.28977374922062,RFC3;RPA3;RMI2
program_13,Reactome,Transcription of E2F Targets Under Negative Control by DREAM Complex,3/9,0.008175879395001641,0.026414379583851455,10.462721893491125,50.28977374922062,PCNA;CDC6;TOP2A
program_13,Reactome,Regulation of PLK1 Activity at G2 M Transition,4/17,0.008465583300120153,0.02711856345292727,6.51986183074266,31.111126948714876,TUBB;TUBB4B;TUBG1;CDK1
program_13,Reactome,Cellular Senescence,5/27,0.009474593115125786,0.03009576636569367,4.80826061663758,22.402366446825614,CCNE2;CCNE1;CCNA2;LMNB1;UBE2C
program_13,Reactome,MHC Class II Antigen Presentation,6/38,0.010077204852767639,0.031743195286218065,3.9544973544973545,18.180719931459407,TUBA1B;KIF11;KIF23;KIF15;KIF2C;TUBB4B
program_13,Reactome,APC C Cdc20 Mediated Degradation of Mitotic Proteins,4/18,0.010472934697684316,0.03271710178284853,6.0670001786671435,27.659217186444035,MAD2L1;CCNA2;UBE2C;CDK1
program_13,Reactome,Gap-filling DNA Repair Synthesis and Ligation in GG-NER,3/10,0.011259923465288401,0.03488730385146734,9.062905982905983,40.660777115391404,RFC3;RPA3;PCNA
program_13,Reactome,Activation of APC C and APC C Cdc20 Mediated Degradation of Mitotic Proteins,4/19,0.01276508287274346,0.039229279072333555,5.672572288149758,24.738324499804985,MAD2L1;CCNA2;UBE2C;CDK1
program_13,Reactome,E2F-enabled Inhibition of Pre-Replication Complex Formation,2/4,0.013903470274206967,0.040427013566540264,19.274111675126903,82.4087158758063,ORC6;CDK1
program_13,Reactome,Mismatch Repair,2/4,0.013903470274206967,0.040427013566540264,19.274111675126903,82.4087158758063,RPA3;PCNA
program_13,Reactome,Mismatch Repair (MMR) Directed by MSH2 MSH3 (MutSbeta),2/4,0.013903470274206967,0.040427013566540264,19.274111675126903,82.4087158758063,RPA3;PCNA
program_13,Reactome,Mismatch Repair (MMR) Directed by MSH2 MSH6 (MutSalpha),2/4,0.013903470274206967,0.040427013566540264,19.274111675126903,82.4087158758063,RPA3;PCNA
program_13,Reactome,Regulation of TP53 Degradation,2/4,0.013903470274206967,0.040427013566540264,19.274111675126903,82.4087158758063,CCNA2;CDK1
program_13,Reactome,Regulation of TP53 Expression and Degradation,2/4,0.013903470274206967,0.040427013566540264,19.274111675126903,82.4087158758063,CCNA2;CDK1
program_13,Reactome,Synthesis of Active Ubiquitin Roles of E1 and E2 Enzymes,2/4,0.013903470274206967,0.040427013566540264,19.274111675126903,82.4087158758063,UBE2T;UBE2C
program_13,Reactome,Dual Incision in GG-NER,3/11,0.014927068832783899,0.04274569711206298,7.992458521870287,33.604923371703116,RFC3;RPA3;PCNA
program_13,Reactome,Recognition of DNA Damage by PCNA-containing Replication Complex,3/11,0.014927068832783899,0.04274569711206298,7.992458521870287,33.604923371703116,RFC3;RPA3;PCNA
program_14,GO_BP,Defense Response To Gram-negative Bacterium (GO:0050829),8/15,1.4263735364794203e-07,0.00010783383935784418,23.19963963963964,365.6950013103956,CTSG;AZU1;ELANE;LYZ;DEFA4;RNASE2;DEFB1;RNASE3
program_14,GO_BP,Antimicrobial Humoral Response (GO:0019730),10/28,3.86495142748158e-07,0.00014609516395880373,11.806032551888906,174.3296066732012,HMGN2;CTSG;PRTN3;GAPDH;AZU1;LYZ;DEFA4;SLPI;DEFB1;RNASE3
program_14,GO_BP,Antibacterial Humoral Response (GO:0019731),6/10,2.406161692840369e-06,0.0004547645599468297,28.98824221046443,375.03473828085674,CTSG;DEFA4;RNASE2;SLPI;DEFB1;RNASE3
program_14,GO_BP,Defense Response To Bacterium (GO:0042742),10/33,2.2091714571402374e-06,0.0004547645599468297,9.269425179264136,120.71473245719032,CTSG;MPO;AZU1;ELANE;LYZ;DEFA4;RNASE2;SLPI;DEFB1;RNASE3
program_14,GO_BP,Defense Response To Gram-positive Bacterium (GO:0050830),6/11,5.08004790993938e-06,0.0006371481427487146,23.705146705146706,288.97023912119107,CTSG;LYZ;DEFA4;RNASE2;DEFB1;RNASE3
program_14,GO_BP,Innate Immune Response In Mucosa (GO:0002227),4/4,5.899519840265875e-06,0.0006371481427487146,177.24870466321244,2134.18777124145,DEFA4;RNASE2;DEFB1;RNASE3
program_14,GO_BP,Mucosal Immune Response (GO:0002385),4/4,5.899519840265875e-06,0.0006371481427487146,177.24870466321244,2134.18777124145,DEFA4;RNASE2;DEFB1;RNASE3
program_14,GO_BP,Ubiquitin-Dependent ERAD Pathway (GO:0030433),4/8,0.0003530900202196461,0.03336700691075656,19.65284974093264,156.21632672869652,HSP90B1;CANX;HSPA5;CALR
program_14,GO_BP,ERAD Pathway (GO:0036503),4/9,0.0006112327551588716,0.0462091962900107,16.071125765426284,118.92685667197536,HSP90B1;CANX;HSPA5;CALR
program_14,GO_BP,Proteolysis (GO:0006508),8/40,0.000599387359506571,0.0462091962900107,5.283076923076923,39.19833070326426,CTSG;PRTN3;AZU1;ELANE;PRSS21;PRSS57;CPA3;CPXM1
program_14,KEGG,Drug metabolism,7/21,4.13603937770939e-05,0.00488052646569708,10.436105476673427,105.33356211452497,DUT;GSTP1;MPO;NME1;TK1;MGST2;MGST1
program_14,Reactome,Neutrophil Degranulation,24/109,1.0784913619489383e-10,4.389459843132179e-08,6.800405152314337,156.07125507882319,ATP8B4;CTSG;GSTP1;PLAC8;AZU1;ELANE;SERPINB10;MIF;GGH;RNASE2;RETN;CAT;PPIA;MGST1;LYZ;SLPI;SERPINB1;RNASE3;PRTN3;MPO;FABP5;DEFA4;MS4A3;CFD
program_14,Reactome,Innate Immune System,27/182,6.913243712444907e-08,1.4068450954825385e-05,4.199860008312006,69.24410745541834,ATP8B4;CTSG;GSTP1;PLAC8;AZU1;ELANE;SERPINB10;DEFB1;MIF;GGH;RNASE2;RETN;CAT;PPIA;MGST1;LYZ;SLPI;SERPINB1;TXN;RNASE3;HSP90B1;PRTN3;MPO;FABP5;DEFA4;MS4A3;CFD
program_14,Reactome,Antimicrobial Peptides,7/13,8.512696449172058e-07,0.00011548891516043425,23.379267791032497,326.7611990235619,CTSG;PRTN3;ELANE;LYZ;DEFA4;DEFB1;RNASE3
program_14,Reactome,"Antigen Presentation Folding, Assembly and Peptide Loading of Class I MHC",3/3,0.00012145712495887582,0.012358262464565615,136.44615384615383,1230.1915968597166,CANX;HSPA5;CALR
program_14,Reactome,ATF6 (ATF6-alpha) Activates Chaperone Genes,3/4,0.00046812994031470557,0.03175481428468086,45.45811965811966,348.51670486576245,CALR;HSPA5;HSP90B1
program_14,Reactome,ATF6 (ATF6-alpha) Activates Chaperones,3/4,0.00046812994031470557,0.03175481428468086,45.45811965811966,348.51670486576245,CALR;HSPA5;HSP90B1
program_15,GO_BP,Response To Unfolded Protein (GO:0006986),9/9,1.3727293208407216e-12,1.409793012503421e-09,394.6393442622951,10779.265930177991,HSP90AA1;HSPD1;HSPA6;HERPUD1;HSPA1A;HSPA8;HSP90AB1;DNAJB1;HSPE1
program_15,GO_BP,Chaperone Cofactor-Dependent Protein Refolding (GO:0051085),7/8,4.887605634783236e-09,2.5097854934611915e-06,101.57754010695187,1943.8450259741471,DNAJB1;HSPA5;HSPA6;HSPA1A;HSPA8;HSPA1B;HSPE1
program_15,GO_BP,'De Novo' Post-Translational Protein Folding (GO:0051084),7/10,6.745143790584553e-08,2.3090875576434453e-05,43.48739495798319,718.0576875712,DNAJB1;HSPA5;HSPA6;HSPA1A;HSPA8;HSPA1B;HSPE1
program_15,GO_BP,Cellular Response To Heat (GO:0034605),6/10,2.406161692840369e-06,0.0006177820146367647,28.98824221046443,375.03473828085674,DNAJB1;HSP90AA1;HSPA6;HSPA1A;HSP90AB1;HSPA1B
program_15,GO_BP,Regulation Of Protein Modification By Small Protein Conjugation Or Removal (GO:1903320),5/9,3.0411601545614204e-05,0.006246542957469157,24.271669575334496,252.442023476998,HSP90AA1;EGR1;HSPA1A;HSP90AB1;HSPA1B
program_15,GO_BP,Cellular Heat Acclimation (GO:0070370),3/3,0.00012145712495887582,0.013859607481418384,136.44615384615383,1230.1915968597166,HSPA1A;HSPA1B;HSPA6
program_15,GO_BP,Heat Acclimation (GO:0010286),3/3,0.00012145712495887582,0.013859607481418384,136.44615384615383,1230.1915968597166,HSPA1A;HSPA1B;HSPA6
program_15,GO_BP,Negative Regulation Of Inclusion Body Assembly (GO:0090084),3/3,0.00012145712495887582,0.013859607481418384,136.44615384615383,1230.1915968597166,HSPA1A;HSPA1B;DNAJB1
program_15,GO_BP,Positive Regulation Of Tau-Protein Kinase Activity (GO:1902949),3/3,0.00012145712495887582,0.013859607481418384,136.44615384615383,1230.1915968597166,HSP90AA1;EGR1;HSP90AB1
program_15,GO_BP,Negative Regulation Of Cellular Component Organization (GO:0051129),5/13,0.00026437215869098935,0.027151020697564605,12.82260548198337,105.63458268395748,DNAJB1;HSPA5;HSPA1A;HSPA8;HSPA1B
program_15,GO_BP,Cellular Response To Hormone Stimulus (GO:0032870),6/20,0.0002945124569213125,0.027496753932562543,8.948914431673053,72.75636797619467,GATA1;CRHBP;HSPA1A;HSPA8;LMO2;HSPA1B
program_15,GO_BP,Negative Regulation Of Extrinsic Apoptotic Signaling Pathway In Absence Of Ligand (GO:2001240),4/8,0.0003530900202196461,0.027894111597352042,19.65284974093264,156.21632672869652,GATA1;HSPA1A;HSPA1B;IL1B
program_15,GO_BP,Negative Regulation Of Signal Transduction In Absence Of Ligand (GO:1901099),4/8,0.0003530900202196461,0.027894111597352042,19.65284974093264,156.21632672869652,GATA1;HSPA1A;HSPA1B;IL1B
program_15,GO_BP,Regulation Of Protein Ubiquitination (GO:0031396),5/14,0.00039503037438854744,0.028978299606931303,11.466795260402314,89.86009030425846,HSP90AA1;ANGPT1;HSPA1A;HSP90AB1;HSPA1B
program_15,GO_BP,Regulation Of Inclusion Body Assembly (GO:0090083),3/4,0.00046812994031470557,0.03205129658021351,45.45811965811966,348.51670486576245,HSPA1A;HSPA1B;DNAJB1
program_15,GO_BP,Regulation Of Mitotic Nuclear Division (GO:0007088),5/15,0.0005692018548707801,0.0365356440595182,10.369234604836699,77.47140776234725,CDCA2;AURKA;EREG;FBXO5;IL1B
program_15,GO_BP,Regulation Of Extrinsic Apoptotic Signaling Pathway In Absence Of Ligand (GO:2001239),4/9,0.0006112327551588716,0.03692564938518595,16.071125765426284,118.92685667197536,GATA1;HSPA1A;HSPA1B;IL1B
program_15,GO_BP,Cellular Response To Organic Cyclic Compound (GO:0071407),7/33,0.0009241368883265951,0.04831263675516654,5.67399858742811,39.64224421536822,EGR1;CRHBP;CCL3;HSPA1A;HSPA8;HSPA1B;IL1B
program_15,GO_BP,Chaperone-Mediated Protein Complex Assembly (GO:0051131),4/10,0.000979776564332527,0.04831263675516654,13.591470705460344,94.16423716799501,HSPA1A;HSP90AA1;HSPD1;HSP90AB1
program_15,GO_BP,Positive Regulation Of NF-kappaB Transcription Factor Activity (GO:0051092),6/24,0.0008683086735371574,0.04831263675516654,6.999141999141999,49.336695026367416,PLCG2;S100A8;TRIM58;HSPA1A;HSPA1B;IL1B
program_15,GO_BP,Regulation Of Gene Expression (GO:0010468),14/112,0.0009878922802906498,0.04831263675516654,3.067544966403568,21.227217587652866,PLCG2;YBX3;EGR1;MYB;ANGPT1;ERMAP;AURKA;CCL3;HSPA1A;KLF1;LYL1;PRKAB1;HSPA1B;IL1B
program_15,KEGG,Lipid and atherosclerosis,11/36,5.972121800968588e-07,7.742168000503068e-05,9.450432687041298,135.4340882397372,FOS;HSP90AA1;HSPA5;HSPD1;HSPA6;CCL3;HSPA1A;HSPA8;HSP90AB1;HSPA1B;IL1B
program_15,KEGG,Protein processing in endoplasmic reticulum,9/24,9.558232099386504e-07,7.742168000503068e-05,12.629825489159176,175.0581320796335,HSP90AA1;HSPA5;HSPA6;HERPUD1;HSPA1A;HSPA8;HSPA1B;HSP90AB1;DNAJB1
program_15,KEGG,Estrogen signaling pathway,7/16,5.009099454781189e-06,0.0002704913705581842,15.971010413734872,194.91427425112616,FOS;HSP90AA1;HSPA6;HSPA1A;HSPA8;HSP90AB1;HSPA1B
program_15,KEGG,Measles,7/19,1.947563613380128e-05,0.0007887632634189518,12.118716577540107,131.44379674327303,FOS;HSPA6;HSPA1A;HSPA8;CCND1;HSPA1B;IL1B
program_15,KEGG,Legionellosis,6/16,7.169440180566134e-05,0.0023228986185034276,12.384227765180146,118.18389787289433,HSPD1;HSPA6;HSPA1A;HSPA8;HSPA1B;IL1B
program_15,KEGG,Longevity regulating pathway,5/11,0.00010286453597209529,0.002777342471246573,16.78574305275876,154.12833133611247,HSPA6;HSPA1A;HSPA8;PRKAB1;HSPA1B
program_15,KEGG,Antigen processing and presentation,7/28,0.00031502176240026176,0.007290503644120344,7.0121875388633255,56.53834836905141,HSP90AA1;HSPA5;HSPA6;HSPA1A;HSPA8;HSP90AB1;HSPA1B
program_15,KEGG,MAPK signaling pathway,8/41,0.0007142818580225593,0.014464207624956827,5.122630092779347,37.109525526338096,FOS;ANGPT1;HSPA6;HSPA1A;HSPA8;EREG;HSPA1B;IL1B
program_15,KEGG,Hedgehog signaling pathway,2/2,0.0024762381190595296,0.044572286143071536,96.47208121827411,578.9303831181006,CCND1;PTCH2
program_15,KEGG,IL-17 signaling pathway,5/21,0.0030328849715379204,0.04913273653891431,6.5776614310645725,38.13886604002072,FOS;HSP90AA1;S100A8;HSP90AB1;IL1B
program_15,Reactome,Attenuation Phase,7/11,1.779231785911949e-07,3.923206087935848e-05,33.805704099821746,525.4053445023592,DNAJB1;HSP90AA1;HSPA6;HSPA1A;HSPA8;HSP90AB1;HSPA1B
program_15,Reactome,HSF1-dependent Transactivation,7/11,1.779231785911949e-07,3.923206087935848e-05,33.805704099821746,525.4053445023592,DNAJB1;HSP90AA1;HSPA6;HSPA1A;HSPA8;HSP90AB1;HSPA1B
program_15,Reactome,Cellular Response to Heat Stress,8/16,2.735714492038433e-07,4.0215003032964966e-05,20.45945945945946,309.1772750753771,HSP90AA1;HSPA5;HSPA6;HSPA1A;HSPA8;HSPA1B;HSP90AB1;DNAJB1
program_15,Reactome,Regulation of HSF1-mediated Heat Shock Response,6/12,9.750498571530533e-06,0.0010749924675112412,20.047619047619047,231.3132804952975,HSPA5;HSPA6;HSPA1A;HSPA8;HSPA1B;DNAJB1
program_15,Reactome,HSP90 Chaperone Cycle for Steroid Hormone Receptors (SHR) in the Presence of Ligand,7/18,1.2822426565941588e-05,0.001130938023116048,13.179493141129969,148.45796023483388,DNAJB1;HSP90AA1;HSPA1A;HSPA8;HSP90AB1;DYNLL1;HSPA1B
program_15,Reactome,HSF1 Activation,6/13,1.7378409080056256e-05,0.001277313067384135,17.36543209876543,190.3300325020268,DNAJB1;HSP90AA1;HSPA6;HSPA1A;HSP90AB1;HSPA1B
program_15,Reactome,Mitochondrial Unfolded Protein Response (UPRmt),4/6,8.181804741540218e-05,0.005154536987170338,35.41243523316062,333.2668780762956,HSPA1A;HSPA1B;HSPD1;HSPE1
program_15,Reactome,Dectin-2 Family,3/4,0.00046812994031470557,0.022938367075420574,45.45811965811966,348.51670486576245,CLEC4C;PLCG2;CLEC10A
program_15,Reactome,"Respiratory Syncytial Virus (RSV) Genome Replication, Transcription and Translation",3/4,0.00046812994031470557,0.022938367075420574,45.45811965811966,348.51670486576245,HSPA8;HSP90AA1;HSP90AB1
program_15,Reactome,Estrogen-dependent Gene Expression,5/15,0.0005692018548707801,0.025101801799801406,10.369234604836699,77.47140776234725,FOS;HSP90AA1;MYB;HSP90AB1;CCND1
program_15,Reactome,ESR-mediated Signaling,6/24,0.0008683086735371574,0.034811284093626035,6.999141999141999,49.336695026367416,FOS;HSP90AA1;MYB;EREG;HSP90AB1;CCND1
program_15,Reactome,Estrogen-dependent Nuclear Events Downstream of ESR-membrane Signaling,3/5,0.0011277809186320611,0.04144594875972825,27.26051282051282,185.03082252376865,CCND1;FOS;EREG
program_16,GO_BP,One-Carbon Compound Transport (GO:0019755),7/10,6.745143790584553e-08,4.377598320089375e-05,43.48739495798319,718.0576875712,SLC4A1;HBZ;HBD;HBB;RHAG;HBA1;CA2
program_16,GO_BP,Carbon Dioxide Transport (GO:0015670),6/8,3.483761137577591e-07,7.536536594292854e-05,52.233862433862434,776.7166544672597,HBZ;HBD;HBB;RHAG;HBA1;CA2
program_16,GO_BP,Hydrogen Peroxide Catabolic Process (GO:0042744),8/16,2.735714492038433e-07,7.536536594292854e-05,20.45945945945946,309.1772750753771,HBZ;HBD;HBB;PRDX2;CAT;HBQ1;HBA1;HBM
program_16,GO_BP,Gas Transport (GO:0015669),6/9,1.002935539879655e-06,0.00010848419423031601,37.290249433106574,515.0745280965156,HBZ;HBD;HBB;RHAG;HBA1;CA2
program_16,GO_BP,Heme Biosynthetic Process (GO:0006783),6/9,1.002935539879655e-06,0.00010848419423031601,37.290249433106574,515.0745280965156,HMBS;CPOX;UROD;ALAS2;ALAD;FECH
program_16,GO_BP,Porphyrin-Containing Compound Biosynthetic Process (GO:0006779),6/9,1.002935539879655e-06,0.00010848419423031601,37.290249433106574,515.0745280965156,HMBS;CPOX;UROD;ALAS2;ALAD;FECH
program_16,GO_BP,Erythrocyte Differentiation (GO:0030218),7/15,2.9373059523411e-06,0.0002723302232956248,17.859389745202893,227.49322339020787,GATA1;TSPO2;AHSP;DMTN;ALAS2;KLF1;TAL1
program_16,GO_BP,Oxygen Transport (GO:0015671),4/6,8.181804741540218e-05,0.006637489096574502,35.41243523316062,333.2668780762956,HBA1;HBZ;HBD;HBB
program_16,GO_BP,Ammonium Homeostasis (GO:0097272),3/3,0.00012145712495887582,0.007165970372573673,136.44615384615383,1230.1915968597166,RHD;RHCE;RHAG
program_16,GO_BP,Ammonium Transmembrane Transport (GO:0072488),3/3,0.00012145712495887582,0.007165970372573673,136.44615384615383,1230.1915968597166,RHD;RHCE;RHAG
program_16,GO_BP,Nitrogen Compound Transport (GO:0071705),7/24,0.00010869341748864166,0.007165970372573673,8.633307868601987,78.79602240023752,RHD;RHCE;HBB;AQP1;SLC29A1;RHAG;HBA1
program_16,GO_BP,Regulation Of Cell Death (GO:0010941),5/12,0.00016937456268678434,0.009160340931976919,14.53996509598604,126.25630308220902,HBZ;HBD;HBB;SNCA;HBA1
program_16,GO_BP,Myeloid Cell Differentiation (GO:0030099),5/14,0.00039503037438854744,0.01831247949844052,11.466795260402314,89.86009030425846,GATA1;AHSP;ALAS2;KLF1;TAL1
program_16,GO_BP,Positive Regulation Of Cell Death (GO:0010942),5/14,0.00039503037438854744,0.01831247949844052,11.466795260402314,89.86009030425846,HBZ;HBD;HBB;SNCA;HBA1
program_16,GO_BP,Erythrocyte Development (GO:0048821),3/4,0.00046812994031470557,0.02025442208428293,45.45811965811966,348.51670486576245,DMTN;GATA1;ALAS2
program_16,KEGG,Porphyrin and chlorophyll metabolism,7/13,8.512696449172058e-07,6.980411088321087e-05,23.379267791032497,326.7611990235619,HMBS;CPOX;UROD;ALAS2;ALAD;BLVRB;FECH
program_16,KEGG,Malaria,8/22,5.287184172915209e-06,0.00021677455108952355,11.955452003727865,145.26142878849666,CR1L;HBB;HBA2;GYPA;CD36;GYPB;ACKR1;HBA1
program_16,KEGG,Nitrogen metabolism,3/4,0.00046812994031470557,0.012795551701935286,45.45811965811966,348.51670486576245,CA1;CA2;CA3
program_16,Reactome,Erythrocytes Take up Carbon Dioxide and Release Oxygen,7/7,6.369579565894848e-10,5.944940928168525e-08,304.89304812834223,6455.902193864495,SLC4A1;CA1;HBB;AQP1;RHAG;HBA1;CA2
program_16,Reactome,Erythrocytes Take up Oxygen and Release Carbon Dioxide,7/7,6.369579565894848e-10,5.944940928168525e-08,304.89304812834223,6455.902193864495,SLC4A1;CA1;HBB;AQP1;RHAG;HBA1;CA2
program_16,Reactome,O2 CO2 Exchange in Erythrocytes,7/7,6.369579565894848e-10,5.944940928168525e-08,304.89304812834223,6455.902193864495,SLC4A1;CA1;HBB;AQP1;RHAG;HBA1;CA2
program_16,Reactome,Metabolism of Porphyrins,7/11,1.779231785911949e-07,1.2454622501383644e-05,33.805704099821746,525.4053445023592,HMBS;CPOX;UROD;ALAS2;ALAD;BLVRB;FECH
program_16,Reactome,Heme Biosynthesis,6/8,3.483761137577591e-07,1.950906237043451e-05,52.233862433862434,776.7166544672597,HMBS;CPOX;UROD;ALAS2;ALAD;FECH
program_16,Reactome,Reversible Hydration of Carbon Dioxide,3/3,0.00012145712495887582,0.0056679991647475385,136.44615384615383,1230.1915968597166,CA1;CA2;CA3
program_16,Reactome,Transport of Small Molecules,13/100,0.0010449202804759042,0.04179681121903617,3.1976816326530613,21.948294142087306,SLC4A1;DMTN;STEAP3;CA1;HBB;SLC29A1;AQP1;SLC22A16;RHAG;ALAD;HBA1;CA2;ADD2
program_18,GO_BP,Platelet Aggregation (GO:0070527),8/15,1.4263735364794203e-07,0.00012979999181962724,23.19963963963964,365.6950013103956,GP1BA;ACTN1;GATA1;FERMT3;PLEK;MYL9;ILK;TLN1
program_18,GO_BP,Homotypic Cell-Cell Adhesion (GO:0034109),8/17,4.955493244652811e-07,0.00015031662842113525,18.29615931721195,265.61630316994166,GP1BA;ACTN1;GATA1;FERMT3;PLEK;MYL9;ILK;TLN1
program_18,GO_BP,Regulation Of Platelet Aggregation (GO:0090330),7/12,4.0959724834822317e-07,0.00015031662842113525,27.644628099173552,406.5997190448354,EMILIN1;GP6;ALOX12;MFSD2B;MMRN1;PRKG1;CD9
program_18,GO_BP,Positive Regulation Of Platelet Activation (GO:0010572),4/4,5.899519840265875e-06,0.0013421407636604865,177.24870466321244,2134.18777124145,GP1BA;PLEK;GP9;SELP
program_18,GO_BP,Positive Regulation Of Cell Activation (GO:0050867),4/5,2.8362621436468606e-05,0.005161997101437286,59.05181347150259,618.298376913657,GP1BA;PLEK;GP9;SELP
program_18,GO_BP,Megakaryocyte Differentiation (GO:0030219),4/6,8.181804741540218e-05,0.010636346164002282,35.41243523316062,333.2668780762956,GP1BA;GATA1;GP9;MPIG6B
program_18,GO_BP,Positive Regulation Of Platelet Aggregation (GO:1901731),4/6,8.181804741540218e-05,0.010636346164002282,35.41243523316062,333.2668780762956,MMRN1;MFSD2B;EMILIN1;GP6
program_18,GO_BP,Megakaryocyte Development (GO:0035855),3/3,0.00012145712495887582,0.013815747964072124,136.44615384615383,1230.1915968597166,GP1BA;GP9;MPIG6B
program_18,GO_BP,Cell-Matrix Adhesion (GO:0007160),7/25,0.00014482896104560543,0.014643817172388994,8.162306691718456,72.15444091666254,ZYX;EMILIN1;FERMT3;CTTN;HPSE;ILK;ITGA2B
program_18,GO_BP,Actin Filament Polymerization (GO:0030041),3/4,0.00046812994031470557,0.0425998245686382,45.45811965811966,348.51670486576245,ARHGAP6;WASF3;GSN
program_18,GO_BP,Integrin-Mediated Signaling Pathway (GO:0007229),6/22,0.0005223653036489837,0.0432138569382341,7.855860189193523,59.3678619755204,ZYX;FERMT3;MPIG6B;PLEK;ILK;ITGA2B
program_18,KEGG,Platelet activation,12/30,5.175800474372608e-09,6.417992588222034e-07,14.372423270728355,274.2153704196282,GP1BA;ADCY6;FERMT3;GP6;ACTB;GP9;GUCY1B1;PRKG1;VWF;ITGA2B;MYLK;TLN1
program_18,KEGG,Focal adhesion,10/40,1.5071876705444134e-05,0.0006229709038250242,7.115388098904085,78.99987728405492,ACTN1;ZYX;ACTB;PARVB;MYL9;ILK;ITGA2B;VWF;MYLK;TLN1
program_18,KEGG,Vascular smooth muscle contraction,7/18,1.2822426565941588e-05,0.0006229709038250242,13.179493141129969,148.45796023483388,ADCY6;CALD1;GUCY1B1;PRKG1;MYL9;MYL6;MYLK
program_18,KEGG,Tight junction,8/26,2.185049273781908e-05,0.0006773652748723914,9.350620891161432,100.34419721303685,ACTN1;ACTB;TUBA1C;CTTN;PARD3;MYL9;MYL6;CLDN5
program_18,KEGG,Oxytocin signaling pathway,6/21,0.0003957732821790001,0.009815177398039202,8.367127496159755,65.55367466766991,ADCY6;ACTB;GUCY1B1;MYL9;MYL6;MYLK
program_18,KEGG,Adherens junction,4/10,0.000979776564332527,0.013499143775248149,13.591470705460344,94.16423716799501,ACTN1;PARD3;WASF3;ACTB
program_18,KEGG,Leukocyte transendothelial migration,5/16,0.0007953416062640162,0.013499143775248149,9.462554063282495,67.53177712973077,ACTN1;ESAM;ACTB;MYL9;CLDN5
program_18,KEGG,Regulation of actin cytoskeleton,7/33,0.0009241368883265951,0.013499143775248149,5.67399858742811,39.64224421536822,ACTN1;ACTB;GSN;MYL9;TMSB4Y;ITGA2B;MYLK
program_18,KEGG,cGMP-PKG signaling pathway,6/23,0.000678404859525028,0.013499143775248149,7.40302343159486,54.01072894657113,ADCY6;PDE5A;GUCY1B1;PRKG1;MYL9;MYLK
program_18,KEGG,Shigellosis,6/25,0.0010967759511660677,0.01360002179445924,6.63668430335097,45.23152783214645,ACTN1;ACTB;CTTN;MYL9;ILK;TLN1
program_18,KEGG,Gap junction,5/18,0.0014398534086455697,0.01623107478836824,8.052162109753732,52.687019606274696,TUBB1;ADCY6;TUBA1C;PRKG1;GUCY1B1
program_18,KEGG,Dilated cardiomyopathy,5/20,0.0024050012359762723,0.02213335509777875,7.0057422732646515,42.24606111469227,ADCY6;TPM1;ACTB;TPM4;ITGA2B
program_18,KEGG,Pathogenic Escherichia coli infection,6/29,0.002498927188458891,0.02213335509777875,5.495328154902623,32.92742250153156,TUBB1;ACTB;TUBA1C;WASF3;CTTN;CLDN5
program_18,KEGG,Regulation of lipolysis in adipocytes,3/6,0.00217374378984872,0.02213335509777875,19.46153846153846,119.32461541103696,MGLL;ADCY6;PRKG1
program_18,KEGG,Circadian entrainment,4/13,0.002968725019014401,0.024541460157185713,9.284701390782656,54.033459021685815,GUCY1B1;GNG11;ADCY6;PRKG1
program_18,KEGG,Neutrophil extracellular trap formation,5/24,0.005620428048218508,0.04355831737369344,5.5568532688951535,28.791987530448388,GP1BA;ACTB;SELP;VWF;ITGA2B
program_18,KEGG,Adrenergic signaling in cardiomyocytes,4/16,0.006728369250455996,0.046509238499317804,7.045181347150259,35.23592833128189,TPM4;SCN1B;ADCY6;TPM1
program_18,KEGG,ECM-receptor interaction,5/25,0.006751341072481617,0.046509238499317804,5.282977908313114,26.404398162519644,GP1BA;GP6;GP9;VWF;ITGA2B
program_18,Reactome,"Platelet Activation, Signaling and Aggregation",21/71,4.253072624720385e-12,1.6374329605173483e-09,9.909894763061212,259.4745346300412,F13A1;GP9;SPARC;PLEK;CD9;ACTN1;MGLL;PF4;GP1BA;CLEC1B;GNG11;FERMT3;GP6;SELP;LY6G6F;ITGA2B;TLN1;PPBP;MMRN1;VWF;CLU
program_18,Reactome,Hemostasis,30/162,3.197475054724064e-11,6.155139480343823e-09,5.774307507025291,139.5423458048131,F13A1;PRKAR2B;TUBB1;GP9;SPARC;PLEK;ESAM;ACTN1;MGLL;PF4;ACTB;TUBA1C;GP1BA;CLEC1B;GNG11;FERMT3;GP6;CLU;SELP;LY6G6F;ITGA2B;EHD3;TLN1;GATA1;PPBP;PDE5A;MMRN1;PRKG1;VWF;CD9
program_18,Reactome,Platelet Degranulation,15/48,2.9938588114187667e-09,2.881589105990563e-07,10.106048703849176,198.34841347550423,F13A1;ACTN1;PF4;FERMT3;PPBP;SELP;LY6G6F;SPARC;PLEK;MMRN1;CD9;VWF;ITGA2B;CLU;TLN1
program_18,Reactome,Response to Elevated Platelet Cytosolic Ca2+,15/48,2.9938588114187667e-09,2.881589105990563e-07,10.106048703849176,198.34841347550423,F13A1;ACTN1;PF4;FERMT3;PPBP;SELP;LY6G6F;SPARC;PLEK;MMRN1;CD9;VWF;ITGA2B;CLU;TLN1
program_18,Reactome,Smooth Muscle Contraction,8/13,3.102090843195246e-08,2.3886099492603393e-06,31.669287469287468,547.5177825047356,TPM1;PDE5A;TPM4;CALD1;MYL9;MYL6;MYLK;TLN1
program_18,Reactome,Cell Junction Organization,7/18,1.2822426565941588e-05,0.0007740399570557814,13.179493141129969,148.45796023483388,ACTN1;ACTB;PARVB;PARD3;RSU1;ILK;CLDN5
program_18,Reactome,Cell-extracellular Matrix Interactions,5/8,1.407345376465057e-05,0.0007740399570557814,31.222887060583396,348.7977480958761,ACTN1;ACTB;PARVB;RSU1;ILK
program_18,Reactome,Muscle Contraction,9/34,2.5194929158386356e-05,0.0012125059657473434,7.636237008464588,80.85910422989534,SCN1B;TPM1;TPM4;PDE5A;CALD1;MYL9;MYL6;MYLK;TLN1
program_18,Reactome,Cell-Cell Communication,7/20,2.8743058710520992e-05,0.0012295641781722869,11.215092097445039,117.27749945484948,ACTN1;ACTB;PARVB;PARD3;RSU1;ILK;CLDN5
program_18,Reactome,RUNX1 Regulates Genes Involved in Megakaryocyte Differentiation and Platelet Function,5/10,5.8417041398388034e-05,0.0022490560938379393,19.848167539267017,193.47801003340456,GP1BA;GATA1;PF4;MYL9;ITGA2B
program_18,Reactome,Regulation of Cytoskeletal Remodeling and Cell Spreading by IPP Complex Components,3/3,0.00012145712495887582,0.004250999373560654,136.44615384615383,1230.1915968597166,ACTN1;PARVB;RSU1
program_18,Reactome,Formation of Fibrin Clot (Clotting Cascade),5/12,0.00016937456268678434,0.005434100552867665,14.53996509598604,126.25630308220902,F13A1;GP1BA;PF4;GP9;VWF
program_18,Reactome,RHO GTPases Activate PAKs,4/7,0.00018358173699214837,0.005436843749382856,25.281273131014064,217.4910146228038,MYL9;MYL6;MYLK;CTTN
program_18,Reactome,Platelet Aggregation (Plug Formation),5/13,0.00026437215869098935,0.007270234364002207,12.82260548198337,105.63458268395748,GP1BA;GP9;VWF;ITGA2B;TLN1
program_18,Reactome,Defects of Contact Activation System (CAS) and Kallikrein Kinin System (KKS),3/4,0.00046812994031470557,0.01201533513474411,45.45811965811966,348.51670486576245,VWF;GP1BA;GP9
program_18,Reactome,Platelet Adhesion to Exposed Collagen,4/9,0.0006112327551588716,0.014707788171010348,16.071125765426284,118.92685667197536,VWF;GP1BA;GP9;GP6
program_18,Reactome,Neurotransmitter Receptors and Postsynaptic Signal Transmission,6/23,0.000678404859525028,0.015363874759831517,7.40302343159486,54.01072894657113,PRKAR2B;GNG11;TUBB1;ADCY6;TUBA1C;NRGN
program_18,Reactome,Defective Binding of VWF Variant to GPIb IX V,3/5,0.0011277809186320611,0.020675983508254454,27.26051282051282,185.03082252376865,VWF;GP1BA;GP9
program_18,Reactome,Defects of Platelet Adhesion to Exposed Collagen,3/5,0.0011277809186320611,0.020675983508254454,27.26051282051282,185.03082252376865,VWF;GP1BA;GP9
program_18,Reactome,Enhanced Binding of GP1BA Variant to VWF Multimer Collagen,3/5,0.0011277809186320611,0.020675983508254454,27.26051282051282,185.03082252376865,VWF;GP1BA;GP9
program_18,Reactome,Signaling by RAF1 Mutants,4/10,0.000979776564332527,0.020675983508254454,13.591470705460344,94.16423716799501,VWF;ACTB;ITGA2B;TLN1
program_18,Reactome,High Laminar Flow Shear Stress Activates Signaling by PIEZO1 and PECAM1 CDH5 KDR in Endothelial Cell,4/11,0.0014808691519670604,0.023755609312804928,11.773056994818653,76.70295088884967,PRKAR2B;GNG11;ADCY6;TLN1
program_18,Reactome,MAP2K and MAPK Activation,4/11,0.0014808691519670604,0.023755609312804928,11.773056994818653,76.70295088884967,VWF;ACTB;ITGA2B;TLN1
program_18,Reactome,Signaling by High-Kinase Activity BRAF Mutants,4/11,0.0014808691519670604,0.023755609312804928,11.773056994818653,76.70295088884967,VWF;ACTB;ITGA2B;TLN1
program_18,Reactome,Diseases of Hemostasis,3/6,0.00217374378984872,0.025360344214901732,19.46153846153846,119.32461541103696,VWF;GP1BA;GP9
program_18,Reactome,GRB2 SOS Provides Linkage to MAPK Signaling for Integrins,3/6,0.00217374378984872,0.025360344214901732,19.46153846153846,119.32461541103696,VWF;ITGA2B;TLN1
program_18,Reactome,Glucagon Signaling in Metabolic Regulation,3/6,0.00217374378984872,0.025360344214901732,19.46153846153846,119.32461541103696,PRKAR2B;GNG11;ADCY6
program_18,Reactome,Paradoxical Activation of RAF Signaling by Kinase Inactive BRAF,4/12,0.0021366164466071974,0.025360344214901732,10.382505333739713,63.83716421773965,VWF;ACTB;ITGA2B;TLN1
program_18,Reactome,Signaling Downstream of RAS Mutants,4/12,0.0021366164466071974,0.025360344214901732,10.382505333739713,63.83716421773965,VWF;ACTB;ITGA2B;TLN1
program_18,Reactome,Signaling by BRAF and RAF1 Fusions,4/12,0.0021366164466071974,0.025360344214901732,10.382505333739713,63.83716421773965,VWF;ACTB;ITGA2B;TLN1
program_18,Reactome,Signaling by Moderate Kinase Activity BRAF Mutants,4/12,0.0021366164466071974,0.025360344214901732,10.382505333739713,63.83716421773965,VWF;ACTB;ITGA2B;TLN1
program_18,Reactome,Signaling by RAS Mutants,4/12,0.0021366164466071974,0.025360344214901732,10.382505333739713,63.83716421773965,VWF;ACTB;ITGA2B;TLN1
program_18,Reactome,Signaling by Rho GTPases,13/107,0.001981392446107346,0.025360344214901732,2.9493877551020407,18.356857921256513,ACTN1;TUBB1;DAAM1;ACTB;TPM4;TUBA1C;ARHGAP6;WASF3;PDE5A;CTTN;MYL9;MYL6;MYLK
program_18,Reactome,Defective F9 Activation,2/2,0.0024762381190595296,0.026481990995497747,96.47208121827411,578.9303831181006,GP1BA;GP9
program_18,Reactome,Defective Factor IX Causes Hemophilia B,2/2,0.0024762381190595296,0.026481990995497747,96.47208121827411,578.9303831181006,GP1BA;GP9
program_18,Reactome,"Signaling by Rho GTPases, Miro GTPases and RHOBTB3",13/109,0.002350594563606997,0.026481990995497747,2.8850629163582533,17.463536766938873,ACTN1;TUBB1;DAAM1;ACTB;TPM4;TUBA1C;ARHGAP6;WASF3;PDE5A;CTTN;MYL9;MYL6;MYLK
program_18,Reactome,Cellular Responses to Mechanical Stimuli,4/13,0.002968725019014401,0.029306644418475494,9.284701390782656,54.033459021685815,PRKAR2B;GNG11;ADCY6;TLN1
program_18,Reactome,Oncogenic MAPK Signaling,4/13,0.002968725019014401,0.029306644418475494,9.284701390782656,54.033459021685815,VWF;ACTB;ITGA2B;TLN1
program_18,Reactome,Response of Endothelial Cells to Shear Stress,4/13,0.002968725019014401,0.029306644418475494,9.284701390782656,54.033459021685815,PRKAR2B;GNG11;ADCY6;TLN1
program_18,Reactome,GP1b-IX-V Activation Signalling,3/7,0.0036663653294911483,0.032826759345444004,15.128774928774929,84.85055842026019,VWF;GP1BA;GP9
program_18,Reactome,Glucagon-like Peptide-1 (GLP1) Regulates Insulin Secretion,3/7,0.0036663653294911483,0.032826759345444004,15.128774928774929,84.85055842026019,PRKAR2B;GNG11;ADCY6
program_18,Reactome,Intrinsic Pathway of Fibrin Clot Formation,3/7,0.0036663653294911483,0.032826759345444004,15.128774928774929,84.85055842026019,VWF;GP1BA;GP9
program_18,Reactome,p130Cas Linkage to MAPK Signaling for Integrins,3/7,0.0036663653294911483,0.032826759345444004,15.128774928774929,84.85055842026019,VWF;ITGA2B;TLN1
program_18,Reactome,RHO GTPase Effectors,9/65,0.0041891791674626006,0.03665531771529776,3.389477247449103,18.55823688195818,TUBB1;DAAM1;ACTB;TUBA1C;WASF3;CTTN;MYL9;MYL6;MYLK
program_18,Reactome,Post NMDA Receptor Activation Events,4/15,0.005245112339408003,0.04487485001493514,7.661860779454832,40.228282966931154,PRKAR2B;TUBB1;TUBA1C;NRGN
program_18,Reactome,ADORA2B Mediated Anti-Inflammatory Cytokines Production,3/8,0.0056543305150540514,0.04536214446807865,12.37156177156177,64.02695888245289,PRKAR2B;GNG11;ADCY6
program_18,Reactome,Factors Involved in Megakaryocyte Development and Platelet Production,6/34,0.005773363841391828,0.04536214446807865,4.519168291098116,23.294054674762275,PRKAR2B;GATA1;TUBB1;ACTB;TUBA1C;EHD3
program_18,Reactome,Integrin Signaling,3/8,0.0056543305150540514,0.04536214446807865,12.37156177156177,64.02695888245289,VWF;ITGA2B;TLN1
program_18,Reactome,Transmission Across Chemical Synapses,6/34,0.005773363841391828,0.04536214446807865,4.519168291098116,23.294054674762275,PRKAR2B;GNG11;TUBB1;ADCY6;TUBA1C;NRGN
program_19,GO_BP,B Cell Activation (GO:0042113),6/17,0.0001063448475836571,0.02528348751301448,11.301357257878998,103.39412246976381,RAG2;BLNK;SLC25A5;LAT2;TOP2B;CD79B
program_19,GO_BP,DNA Conformation Change (GO:0071103),4/6,8.181804741540218e-05,0.02528348751301448,35.41243523316062,333.2668780762956,HMGB1;TOP2B;HMGB2;TOP2A
program_19,GO_BP,DNA Topological Change (GO:0006265),4/5,2.8362621436468606e-05,0.02528348751301448,59.05181347150259,618.298376913657,HMGB1;TOP2B;HMGB2;TOP2A
program_19,GO_BP,Lymphocyte Differentiation (GO:0030098),6/17,0.0001063448475836571,0.02528348751301448,11.301357257878998,103.39412246976381,RAG2;BLNK;SLC25A5;TOP2B;SOX4;CD79B
program_20,KEGG,Platelet activation,9/30,8.129235451390215e-06,0.0011787391404515812,9.076248570339306,106.37402968807109,ADCY6;FERMT3;ITGA2B;ITGA2;GP9;GUCY1B1;PRKG1;VWF;RAP1B
program_20,Reactome,"Platelet Activation, Signaling and Aggregation",16/71,1.5302506690660508e-07,6.212817716408166e-05,6.493043339197185,101.89314806320044,MGLL;CLEC1B;PF4;FERMT3;ITGA2B;GP9;SELP;CD9;PLEK;MMRN1;TAGLN2;VWF;RAP1B;ADRA2A;RAB27B;CLU
program_20,Reactome,Hemostasis,23/162,1.8619738161771142e-06,0.00037798068468395416,3.8289050757312983,50.51808898837784,PRKAR2B;GATA2;ANGPT1;GP9;PLEK;RAB27B;MGLL;PF4;ITGA2;TUBA1C;CLEC1B;FERMT3;CLU;SELP;RAP1B;ADRA2A;ITGA2B;PDE5A;MMRN1;PRKG1;TAGLN2;VWF;CD9
program_20,Reactome,Platelet Degranulation,11/48,1.355991151684669e-05,0.001376331018959939,6.385176908752328,71.56757089576378,PF4;FERMT3;ITGA2B;SELP;CD9;PLEK;MMRN1;TAGLN2;VWF;RAB27B;CLU
program_20,Reactome,Response to Elevated Platelet Cytosolic Ca2+,11/48,1.355991151684669e-05,0.001376331018959939,6.385176908752328,71.56757089576378,PF4;FERMT3;ITGA2B;SELP;CD9;PLEK;MMRN1;TAGLN2;VWF;RAB27B;CLU
program_20,Reactome,Platelet Aggregation (Plug Formation),5/13,0.00026437215869098935,0.021467019285708336,12.82260548198337,105.63458268395748,GP9;RAP1B;ADRA2A;ITGA2B;VWF
program_21,Reactome,Innate Immune System,22/182,4.792330436740227e-05,0.02012778783430895,3.1082207274242513,30.914079420926363,CD68;IGHG3;CSTB;DUSP3;HMOX1;CREG1;CD59;LGALS3;IGHG1;GSN;CST3;IGHV3-7;ANXA2;IGLV2-23;TCIRG1;HSP90B1;LGMN;PSAP;C1QB;EEF1A1;ATP6V0E1;GRN
program_22,GO_BP,B Cell Receptor Signaling Pathway (GO:0050853),10/20,7.616250397784586e-09,5.948291560669762e-06,20.88950276243094,390.487092069291,IGKC;IGLC3;IGHG2;IGHA1;IGHG4;IGHG3;IGHA2;IGLC7;IGHG1;IGHD
program_22,GO_BP,ERAD Pathway (GO:0036503),7/9,2.1096400696811218e-08,8.238144472104781e-06,60.9144385026738,1076.6117391564087,CANX;HSPA5;HERPUD1;CALR;DERL3;XBP1;HSP90B1
program_22,GO_BP,Ubiquitin-Dependent ERAD Pathway (GO:0030433),6/8,3.483761137577591e-07,9.069391494826996e-05,52.233862433862434,776.7166544672597,CANX;HSPA5;HERPUD1;CALR;DERL3;HSP90B1
program_22,GO_BP,Antigen Receptor-Mediated Signaling Pathway (GO:0050851),10/32,1.6058543785167577e-06,0.00031354306740539697,9.686556169429098,129.23662418052754,IGKC;IGLC3;IGHG2;IGHA1;IGHG4;IGHG3;IGHA2;IGLC7;IGHG1;IGHD
program_22,GO_BP,Response To Endoplasmic Reticulum Stress (GO:0034976),6/13,1.7378409080056256e-05,0.0027145074983047873,17.36543209876543,190.3300325020268,PDIA4;HSPA5;HERPUD1;PDIA6;XBP1;HSP90B1
program_22,GO_BP,Glomerular Filtration (GO:0003094),3/3,0.00012145712495887582,0.009485801459288202,136.44615384615383,1230.1915968597166,IGHA1;JCHAIN;IGHA2
program_22,GO_BP,Positive Regulation Of Respiratory Burst (GO:0060267),3/3,0.00012145712495887582,0.009485801459288202,136.44615384615383,1230.1915968597166,IGHA1;JCHAIN;IGHA2
program_22,GO_BP,Regulation Of Respiratory Burst (GO:0060263),3/3,0.00012145712495887582,0.009485801459288202,136.44615384615383,1230.1915968597166,IGHA1;JCHAIN;IGHA2
program_22,GO_BP,Renal Filtration (GO:0097205),3/3,0.00012145712495887582,0.009485801459288202,136.44615384615383,1230.1915968597166,IGHA1;JCHAIN;IGHA2
program_22,GO_BP,Retina Homeostasis (GO:0001895),5/11,0.00010286453597209529,0.009485801459288202,16.78574305275876,154.12833133611247,IGKC;IGHA1;IGHG3;IGHA2;JCHAIN
program_22,GO_BP,Regulation Of Lymphocyte Proliferation (GO:0050670),3/4,0.00046812994031470557,0.03323722576234409,45.45811965811966,348.51670486576245,MZB1;MYDGF;LGALS3
program_22,KEGG,Protein processing in endoplasmic reticulum,12/24,2.0799841514395127e-10,1.6847871626660053e-08,21.338983050847457,475.72041924741393,CANX;PDIA4;DAD1;HSPA5;HERPUD1;PDIA6;CALR;DERL3;HSP90B1;TXNDC5;XBP1;SSR4
program_22,KEGG,Thyroid hormone synthesis,4/9,0.0006112327551588716,0.0247549265839343,16.071125765426284,118.92685667197536,CANX;HSPA5;PDIA4;HSP90B1
program_22,Reactome,FCGR Activation,14/19,2.327851457569106e-15,3.643087531095651e-13,57.771413557540725,1946.5402262032885,IGKC;IGLC3;IGHG2;IGLV6-57;IGHG4;IGHG3;IGLV2-23;IGLV3-21;IGLC7;IGHG1;IGLV3-1;IGLC2;IGHV3-7;IGLV3-25
program_22,Reactome,Role of Phospholipids in Phagocytosis,14/19,2.327851457569106e-15,3.643087531095651e-13,57.771413557540725,1946.5402262032885,IGKC;IGLC3;IGHG2;IGLV6-57;IGHG4;IGHG3;IGLV2-23;IGLV3-21;IGLC7;IGHG1;IGLV3-1;IGLC2;IGHV3-7;IGLV3-25
program_22,Reactome,Binding and Uptake of Ligands by Scavenger Receptors,16/29,1.8233087339465157e-14,1.6770611657546582e-12,27.30111768573307,863.6855587030345,COL1A1;IGKC;IGLC3;IGLV6-57;IGHA1;IGLV2-23;IGLV3-21;IGLC7;IGHA2;JCHAIN;IGLV3-1;CALR;IGLC2;IGHV3-7;IGLV3-25;HSP90B1
program_22,Reactome,Classical Antibody-Mediated Complement Activation,14/21,2.14320915751394e-14,1.6770611657546582e-12,42.32100192678227,1332.0064319409662,IGKC;IGLC3;IGHG2;IGLV6-57;IGHG4;IGHG3;IGLV2-23;IGLV3-21;IGLC7;IGHG1;IGLV3-1;IGLC2;IGHV3-7;IGLV3-25
program_22,Reactome,Scavenging of Heme From Plasma,13/18,3.912629470455145e-14,2.449306048504921e-12,53.172467532467536,1641.53944221915,IGKC;IGLC3;IGLV6-57;IGHA1;IGLV2-23;IGLV3-21;IGLC7;IGHA2;JCHAIN;IGLV3-1;IGLC2;IGHV3-7;IGLV3-25
program_22,Reactome,Creation of C4 and C2 Activators,14/22,5.655152019645477e-14,2.950104303581724e-12,37.32233934036042,1138.466617622408,IGKC;IGLC3;IGHG2;IGLV6-57;IGHG4;IGHG3;IGLV2-23;IGLV3-21;IGLC7;IGHG1;IGLV3-1;IGLC2;IGHV3-7;IGLV3-25
program_22,Reactome,FCGR3A-mediated IL10 Synthesis,14/24,3.193153427620493e-13,9.085972934956494e-12,30.181392788329205,868.3970589947883,IGKC;IGLC3;IGHG2;IGLV6-57;IGHG4;IGHG3;IGLV2-23;IGLV3-21;IGLC7;IGHG1;IGLV3-1;IGLC2;IGHV3-7;IGLV3-25
program_22,Reactome,FCGR3A-mediated Phagocytosis,14/24,3.193153427620493e-13,9.085972934956494e-12,30.181392788329205,868.3970589947883,IGKC;IGLC3;IGHG2;IGLV6-57;IGHG4;IGHG3;IGLV2-23;IGLV3-21;IGLC7;IGHG1;IGLV3-1;IGLC2;IGHV3-7;IGLV3-25
program_22,Reactome,Initial Triggering of Complement,14/24,3.193153427620493e-13,9.085972934956494e-12,30.181392788329205,868.3970589947883,IGKC;IGLC3;IGHG2;IGLV6-57;IGHG4;IGHG3;IGLV2-23;IGLV3-21;IGLC7;IGHG1;IGLV3-1;IGLC2;IGHV3-7;IGLV3-25
program_22,Reactome,Leishmania Phagocytosis,14/24,3.193153427620493e-13,9.085972934956494e-12,30.181392788329205,868.3970589947883,IGKC;IGLC3;IGHG2;IGLV6-57;IGHG4;IGHG3;IGLV2-23;IGLV3-21;IGLC7;IGHG1;IGLV3-1;IGLC2;IGHV3-7;IGLV3-25
program_22,Reactome,Parasite Infection,14/24,3.193153427620493e-13,9.085972934956494e-12,30.181392788329205,868.3970589947883,IGKC;IGLC3;IGHG2;IGLV6-57;IGHG4;IGHG3;IGLV2-23;IGLV3-21;IGLC7;IGHG1;IGLV3-1;IGLC2;IGHV3-7;IGLV3-25
program_22,Reactome,Regulation of Actin Dynamics for Phagocytic Cup Formation,14/25,6.963042519740586e-13,1.8161935905656695e-11,27.5423473234481,770.9926445660393,IGKC;IGLC3;IGHG2;IGLV6-57;IGHG4;IGHG3;IGLV2-23;IGLV3-21;IGLC7;IGHG1;IGLV3-1;IGLC2;IGHV3-7;IGLV3-25
program_22,Reactome,Regulation of Complement Cascade,14/28,5.5348706390826495e-12,1.3326265461791302e-10,21.809248554913296,565.2946957962196,IGKC;IGLC3;IGHG2;IGLV6-57;IGHG4;IGHG3;IGLV2-23;IGLV3-21;IGLC7;IGHG1;IGLV3-1;IGLC2;IGHV3-7;IGLV3-25
program_22,Reactome,CD22 Mediated BCR Regulation,11/16,1.0051967513548852e-11,2.1422954462194848e-10,44.28288471305231,1121.3866811175842,IGKC;IGLC3;IGLV6-57;IGLV2-23;IGLV3-21;IGLC7;IGLV3-1;IGHD;IGHV3-7;IGLC2;IGLV3-25
program_22,Reactome,Fcgamma Receptor (FCGR) Dependent Phagocytosis,14/29,1.0266591595301045e-11,2.1422954462194848e-10,20.391385418608987,515.9454037224898,IGKC;IGLC3;IGHG2;IGLV6-57;IGHG4;IGHG3;IGLV2-23;IGLV3-21;IGLC7;IGHG1;IGLV3-1;IGLC2;IGHV3-7;IGLV3-25
program_22,Reactome,Anti-inflammatory Response Favouring Leishmania Parasite Infection,14/30,1.8468631361653096e-11,3.211489786776344e-10,19.145384480644598,473.1771708720226,IGKC;IGLC3;IGHG2;IGLV6-57;IGHG4;IGHG3;IGLV2-23;IGLV3-21;IGLC7;IGHG1;IGLV3-1;IGLC2;IGHV3-7;IGLV3-25
program_22,Reactome,Complement Cascade,14/30,1.8468631361653096e-11,3.211489786776344e-10,19.145384480644598,473.1771708720226,IGKC;IGLC3;IGHG2;IGLV6-57;IGHG4;IGHG3;IGLV2-23;IGLV3-21;IGLC7;IGHG1;IGLV3-1;IGLC2;IGHV3-7;IGLV3-25
program_22,Reactome,Leishmania Parasite Growth and Survival,14/30,1.8468631361653096e-11,3.211489786776344e-10,19.145384480644598,473.1771708720226,IGKC;IGLC3;IGHG2;IGLV6-57;IGHG4;IGHG3;IGLV2-23;IGLV3-21;IGLC7;IGHG1;IGLV3-1;IGLC2;IGHV3-7;IGLV3-25
program_22,Reactome,Antigen Activates B Cell Receptor (BCR) Leading to Generation of Second Messengers,11/19,1.5337914286605177e-10,2.526719564056537e-09,28.608281301347354,646.4930363185454,IGKC;IGLC3;IGLV6-57;IGLV2-23;IGLV3-21;IGLC7;IGLV3-1;IGHD;IGHV3-7;IGLC2;IGLV3-25
program_22,Reactome,Role of LAT2 NTAL LAB on Calcium Mobilization,10/17,9.094079207659318e-10,1.4232233959986833e-08,29.29171270718232,609.8015350394298,IGKC;IGLC3;IGLV6-57;IGLV2-23;IGLV3-21;IGLC7;IGLV3-1;IGLC2;IGHV3-7;IGLV3-25
program_22,Reactome,Leishmania Infection,14/40,1.9463718383143437e-09,2.7691562972381346e-08,11.857454466135893,237.82850715363938,IGKC;IGLC3;IGHG2;IGLV6-57;IGHG4;IGHG3;IGLV2-23;IGLV3-21;IGLC7;IGHG1;IGLV3-1;IGLC2;IGHV3-7;IGLV3-25
program_22,Reactome,Parasitic Infection Pathways,14/40,1.9463718383143437e-09,2.7691562972381346e-08,11.857454466135893,237.82850715363938,IGKC;IGLC3;IGHG2;IGLV6-57;IGHG4;IGHG3;IGLV2-23;IGLV3-21;IGLC7;IGHG1;IGLV3-1;IGLC2;IGHV3-7;IGLV3-25
program_22,Reactome,Cell Surface Interactions at the Vascular Wall,15/49,4.139773994075036e-09,5.398955250606193e-08,9.807865073311298,189.31753804364914,COL1A1;IGKC;IGLC3;IGLV6-57;IGHA1;IGLV2-23;IGLV3-21;IGLC7;IGHA2;JCHAIN;IGLV3-1;SDC1;IGLC2;IGHV3-7;IGLV3-25
program_22,Reactome,FCERI Mediated Ca+2 Mobilization,10/19,3.971547519930519e-09,5.398955250606193e-08,23.10061064262867,446.8607536775742,IGKC;IGLC3;IGLV6-57;IGLV2-23;IGLV3-21;IGLC7;IGLV3-1;IGLC2;IGHV3-7;IGLV3-25
program_22,Reactome,SARS-CoV Infections,17/65,5.124651174621572e-09,6.416063270626208e-08,8.005123773072413,152.8114357680553,IGKC;CANX;IGLC3;IGLV6-57;DAD1;ST6GALNAC4;IGLV2-23;IGLV3-21;IGLC7;YWHAE;IGLV3-1;SDC1;IGHD;IGHV3-7;IGLC2;IGLV3-25;PPIB
program_22,Reactome,FCERI Mediated MAPK Activation,10/20,7.616250397784586e-09,9.168793748102214e-08,20.88950276243094,390.487092069291,IGKC;IGLC3;IGLV6-57;IGLV2-23;IGLV3-21;IGLC7;IGLV3-1;IGLC2;IGHV3-7;IGLV3-25
program_22,Reactome,Signaling by the B Cell Receptor (BCR),11/28,2.9871573582727987e-08,3.46288982644217e-07,13.829369513168396,239.6126143607437,IGKC;IGLC3;IGLV6-57;IGLV2-23;IGLV3-21;IGLC7;IGLV3-1;IGHD;IGHV3-7;IGLC2;IGLV3-25
program_22,Reactome,Immunoregulatory Interactions Between a Lymphoid and a non-Lymphoid Cell,13/43,5.892160315214735e-08,6.586593495222186e-07,9.462014051522248,157.51469706031372,COL1A1;IGKC;IGLC3;KLRB1;IGLV6-57;IGLV2-23;IGLV3-21;IGLC7;IGLV3-1;IGLC2;IGHV3-7;LILRB4;IGLV3-25
program_22,Reactome,Vesicle-mediated Transport,19/95,7.107971482546568e-08,7.671707151851986e-07,5.7063635270058946,93.92368416311848,CALR;COL1A1;IGKC;IGLC3;IGHA1;JCHAIN;IGHV3-7;TXNDC5;IGLV2-23;IGLC7;HSP90B1;IGLV6-57;IGLV3-21;IGHA2;YWHAE;ANKRD28;IGLV3-1;IGLC2;IGLV3-25
program_22,Reactome,Potential Therapeutics for SARS,11/31,1.0384118479517717e-07,1.0834096946963484e-06,11.786755688785938,189.5357835919547,IGKC;IGLC3;IGLV6-57;IGLV2-23;IGLV3-21;IGLC7;IGLV3-1;IGHD;IGHV3-7;IGLC2;IGLV3-25
program_22,Reactome,FCERI Mediated NF-kB Activation,10/25,1.0921003636569196e-07,1.1026690768535995e-06,14.113527000534663,226.23973718556888,IGKC;IGLC3;IGLV6-57;IGLV2-23;IGLV3-21;IGLC7;IGLV3-1;IGLC2;IGHV3-7;IGLV3-25
program_22,Reactome,Infectious Disease,23/142,1.5704516404287935e-07,1.5360980107944138e-06,4.520475097853962,70.82107369658972,DAD1;IGHG3;SEC11C;CALR;IGKC;IGLC3;IGHG1;IGHD;IGHV3-7;CANX;IGHG2;IGLV2-23;IGLC7;PPIB;IGLV6-57;IGHG4;ST6GALNAC4;IGLV3-21;YWHAE;IGLV3-1;SDC1;IGLC2;IGLV3-25
program_22,Reactome,Fc Epsilon Receptor (FCERI) Signaling,10/30,8.135042472847946e-07,7.715964527276992e-06,10.642905268831694,149.23390972585264,IGKC;IGLC3;IGLV6-57;IGLV2-23;IGLV3-21;IGLC7;IGLV3-1;IGLC2;IGHV3-7;IGLV3-25
program_22,Reactome,Viral Infection Pathways,19/111,9.564322296137025e-07,8.804802584384967e-06,4.6779306914276235,64.83638089375654,DAD1;SEC11C;CALR;IGKC;IGLC3;IGHD;IGHV3-7;CANX;IGLV2-23;IGLC7;PPIB;IGLV6-57;ST6GALNAC4;IGLV3-21;YWHAE;IGLV3-1;SDC1;IGLC2;IGLV3-25
program_22,Reactome,ATF6 (ATF6-alpha) Activates Chaperone Genes,4/4,5.899519840265875e-06,5.129304750008942e-05,177.24870466321244,2134.18777124145,CALR;HSPA5;XBP1;HSP90B1
program_22,Reactome,ATF6 (ATF6-alpha) Activates Chaperones,4/4,5.899519840265875e-06,5.129304750008942e-05,177.24870466321244,2134.18777124145,CALR;HSPA5;XBP1;HSP90B1
program_22,Reactome,Adaptive Immune System,18/128,3.4622383412146556e-05,0.0002928866488649155,3.6335390100095983,37.3201161090456,COL1A1;CANX;IGKC;LGMN;IGLC3;KLRB1;IGLV6-57;HSPA5;IGLV3-25;IGLV2-23;IGLV3-21;IGLC7;IGLV3-1;CALR;IGLC2;IGHV3-7;LILRB4;IGHD
program_22,Reactome,Unfolded Protein Response (UPR),6/15,4.668741342408126e-05,0.00038455685267730093,13.695071010860485,136.56774045048053,HSPA5;HERPUD1;PDIA6;CALR;XBP1;HSP90B1
program_22,Reactome,"Antigen Presentation Folding, Assembly and Peptide Loading of Class I MHC",3/3,0.00012145712495887582,0.0009747712849263624,136.44615384615383,1230.1915968597166,CANX;HSPA5;CALR
program_22,Reactome,Innate Immune System,20/182,0.00043120625760135735,0.0033741889657306215,2.7244529383659817,21.11157883293366,IGHG3;IGKC;IGLC3;LGALS3;IGHG1;IGHV3-7;TXNDC5;IGHG2;ANXA2;IGLV2-23;IGLC7;PRDX4;HSP90B1;LGMN;IGLV6-57;IGHG4;IGLV3-21;IGLV3-1;IGLC2;IGLV3-25
program_22,Reactome,Maturation of Spike Protein 9694548,3/4,0.00046812994031470557,0.003573772471182996,45.45811965811966,348.51670486576245,DAD1;ST6GALNAC4;CANX
program_22,Reactome,Hemostasis,18/162,0.0007654331664368214,0.005704299549874408,2.7258257313620637,19.557986760679608,COL1A1;IGKC;IGLC3;IGLV6-57;IGHA1;HSPA5;ANXA2;IGLV2-23;IGLV3-21;IGLC7;IGHA2;JCHAIN;IGLV3-1;SDC1;IGLC2;IGHV3-7;IGLV3-25;MANF
program_22,Reactome,IRE1alpha Activates Chaperones,3/6,0.00217374378984872,0.01582283270285231,19.46153846153846,119.32461541103696,PDIA6;HSPA5;XBP1
program_22,Reactome,Assembly of Viral Components at the Budding Site,2/2,0.0024762381190595296,0.01722361180590295,96.47208121827411,578.9303831181006,CANX;CALR
program_22,Reactome,Virus Assembly and Release,2/2,0.0024762381190595296,0.01722361180590295,96.47208121827411,578.9303831181006,CANX;CALR
program_22,Reactome,Late SARS-CoV-2 Infection Events,3/7,0.0036663653294911483,0.02441643293895169,15.128774928774929,84.85055842026019,CANX;DAD1;ST6GALNAC4
program_22,Reactome,Translation of Structural Proteins 9694635,3/7,0.0036663653294911483,0.02441643293895169,15.128774928774929,84.85055842026019,CANX;DAD1;ST6GALNAC4
program_22,Reactome,Scavenging by Class A Receptors,3/8,0.0056543305150540514,0.036870946900248294,12.37156177156177,64.02695888245289,COL1A1;HSP90B1;CALR
program_22,Reactome,Translation of Structural Proteins 9683701,2/3,0.007185800107260837,0.04590113129740086,32.1404399323181,158.63391117301023,CANX;ST6GALNAC4
program_23,GO_BP,Mitotic Sister Chromatid Segregation (GO:0000070),21/31,1.6610262878852133e-21,8.936321428822448e-19,48.692123390236596,2329.7647871307427,KIF11;DLGAP5;CDCA8;TPX2;CENPE;SGO1;CCNB1;PRC1;NUSAP1;PLK1;CEP55;NDC80;KIFC1;SMC4;NCAPG;NCAPH;KIF23;KNSTRN;ZWINT;KIF2C;CDCA5
program_23,GO_BP,Mitotic Spindle Organization (GO:0007052),19/26,1.6671693079281605e-20,4.484685438326752e-18,60.40613496932515,2750.9301017170787,KIF11;DLGAP5;CDCA8;TPX2;CENPE;PRC1;CCNB1;NUF2;PLK1;AURKA;STMN1;NDC80;KIFC1;BIRC5;AURKB;TTK;KIF4A;SPC25;KIF23
program_23,GO_BP,Microtubule Cytoskeleton Organization Involved In Mitosis (GO:1902850),16/22,2.6670406346534306e-17,4.782892871478486e-15,56.91260810195721,2171.9545596805847,KIF11;DLGAP5;SPC25;NUSAP1;CDCA8;CENPE;PLK1;BIRC5;CCNB1;NUF2;STMN1;AURKB;CDK1;NDC80;TTK;KIF4A
program_23,GO_BP,Regulation Of Cell Cycle Process (GO:0010564),15/25,2.310977123832748e-14,3.1082642315550464e-12,32.64021164021164,1024.8543663697849,PKMYT1;KIF11;RACGAP1;KIF20A;PLK1;PRC1;CALM2;CDCA2;AURKA;KNSTRN;KIF2C;AURKB;NEK2;BUB1;MKI67
program_23,GO_BP,Cytoskeleton-Dependent Cytokinesis (GO:0061640),12/16,1.9555759141721595e-13,1.2167388881542172e-11,59.52605147520402,1741.9061699531214,KIF23;NUSAP1;CDCA8;RACGAP1;PLK1;KIF20A;BIRC5;CEP55;CENPA;STMN1;AURKB;KIF4A
program_23,GO_BP,Mitotic Cytokinesis (GO:0000281),12/16,1.9555759141721595e-13,1.2167388881542172e-11,59.52605147520402,1741.9061699531214,KIF23;NUSAP1;CDCA8;KIF20A;RACGAP1;PLK1;BIRC5;CEP55;CENPA;STMN1;AURKB;KIF4A
program_23,GO_BP,Mitotic Spindle Assembly Checkpoint Signaling (GO:0007094),11/13,2.035436801744973e-13,1.2167388881542172e-11,97.57653631284916,2851.4689501185985,SPC25;PLK1;MAD2L1;NUF2;CDC20;SPC24;ZWINT;NDC80;BUB1;CENPF;TTK
program_23,GO_BP,Mitotic Spindle Checkpoint Signaling (GO:0071174),11/13,2.035436801744973e-13,1.2167388881542172e-11,97.57653631284916,2851.4689501185985,SPC25;PLK1;MAD2L1;NUF2;CDC20;SPC24;ZWINT;NDC80;BUB1;CENPF;TTK
program_23,GO_BP,Spindle Assembly Checkpoint Signaling (GO:0071173),11/13,2.035436801744973e-13,1.2167388881542172e-11,97.57653631284916,2851.4689501185985,SPC25;PLK1;MAD2L1;NUF2;CDC20;SPC24;ZWINT;NDC80;BUB1;CENPF;TTK
program_23,GO_BP,Negative Regulation Of Mitotic Metaphase/Anaphase Transition (GO:0045841),11/14,9.108967652885182e-13,4.9006245972522273e-11,69.6608140462889,1931.3005686811382,SPC25;PLK1;MAD2L1;NUF2;CDC20;SPC24;ZWINT;NDC80;BUB1;CENPF;TTK
program_23,GO_BP,Mitotic Spindle Assembly (GO:0090307),10/12,3.807416962537471e-12,1.8621730234955995e-10,88.10718232044199,2316.696429947571,KIF11;KIF23;CDCA8;TPX2;RACGAP1;BIRC5;PRC1;AURKB;KIFC1;KIF4A
program_23,GO_BP,Mitotic Nuclear Division (GO:0140014),10/14,5.3093905749894523e-11,2.3803767744536044e-09,48.896869244935544,1156.8490229130925,NUSAP1;SMC4;PLK1;SGO1;KNSTRN;ZWINT;UBE2S;NDC80;KIFC1;UBE2C
program_23,GO_BP,Cell Cycle G2/M Phase Transition (GO:0044839),9/11,6.941639210299161e-11,2.8727706885699604e-09,78.8448087431694,1844.2508853584147,PKMYT1;PLK1;MELK;CCNB1;AURKA;AURKB;CCNA2;CDK1;FOXM1
program_23,GO_BP,Positive Regulation Of Cell Cycle Process (GO:0090068),12/25,3.836130062435862e-10,1.474169981136067e-08,19.7478551998326,428.1608883958705,KIF23;NUSAP1;CDCA8;RACGAP1;BIRC5;SMC4;MAD2L1;AURKA;AURKB;NCAPG;NDC80;NCAPH
program_23,GO_BP,Regulation Of Mitotic Cell Cycle (GO:0007346),12/26,6.832375391595098e-10,2.450545307118775e-08,18.376193259302553,387.8144632256529,PKMYT1;CKS2;DLGAP5;PLK1;MAD2L1;CCNB1;CDCA2;AURKA;CDC20;NEK2;CKS1B;MKI67
program_23,GO_BP,Metaphase Plate Congression (GO:0051310),9/13,8.296950441707191e-10,2.6257407868461583e-08,43.7565270188221,914.9473565663889,CDCA8;CENPE;CCNB1;CEP55;KIFC1;NDC80;KIF2C;CDCA5;CENPF
program_23,GO_BP,Mitotic Metaphase Plate Congression (GO:0007080),9/13,8.296950441707191e-10,2.6257407868461583e-08,43.7565270188221,914.9473565663889,CDCA8;CENPE;CCNB1;CEP55;NUF2;KIFC1;NDC80;KIF2C;CDCA5
program_23,GO_BP,G2/M Transition Of Mitotic Cell Cycle (GO:0000086),8/10,1.2299561786536532e-09,3.676202356198142e-08,69.78270270270271,1431.6819768916866,PKMYT1;PLK1;MELK;CCNB1;AURKA;CCNA2;CDK1;FOXM1
program_23,GO_BP,Sister Chromatid Segregation (GO:0000819),9/14,2.227577093328203e-09,6.30756040110828e-08,35.7819175360159,712.8599330355962,NUSAP1;SMC4;PLK1;SGO1;KNSTRN;ZWINT;NDC80;KIFC1;TOP2A
program_23,GO_BP,Mitotic Cell Cycle Phase Transition (GO:0044772),12/29,3.238244150310678e-09,8.710876764335724e-08,15.201775625504439,297.167876004811,PKMYT1;CCNB2;PLK1;MELK;CCNB1;AURKA;CDK1;CCNA2;UBE2S;CDKN3;UBE2C;FOXM1
program_23,GO_BP,Mitotic Spindle Elongation (GO:0000022),6/6,1.3511640057866308e-08,3.0288593129716975e-07,261.44444444444446,4737.298637739757,KIF23;CDCA8;RACGAP1;BIRC5;PRC1;KIF4A
program_23,GO_BP,Mitotic Spindle Midzone Assembly (GO:0051256),6/6,1.3511640057866308e-08,3.0288593129716975e-07,261.44444444444446,4737.298637739757,KIF23;CDCA8;RACGAP1;BIRC5;PRC1;KIF4A
program_23,GO_BP,Positive Regulation Of Mitotic Sister Chromatid Separation (GO:1901970),6/6,1.3511640057866308e-08,3.0288593129716975e-07,261.44444444444446,4737.298637739757,DLGAP5;CDCA8;BIRC5;CDC20;AURKB;UBE2C
program_23,GO_BP,Regulation Of Mitotic Cell Cycle Spindle Assembly Checkpoint (GO:0090266),6/6,1.3511640057866308e-08,3.0288593129716975e-07,261.44444444444446,4737.298637739757,CDCA8;BIRC5;MAD2L1;CCNB1;AURKB;NDC80
program_23,GO_BP,Chromosome Condensation (GO:0030261),7/9,2.1096400696811218e-08,4.5399454299537744e-07,60.9144385026738,1076.6117391564087,NUSAP1;PLK1;SMC4;NCAPG;NCAPH;CDCA5;TOP2A
program_23,GO_BP,Regulation Of Cytokinesis (GO:0032465),8/13,3.102090843195246e-08,6.418941821688624e-07,31.669287469287468,547.5177825047356,KIF23;RACGAP1;PLK1;KIF20A;PRC1;CALM2;AURKA;AURKB
program_23,GO_BP,Regulation Of Chromosome Segregation (GO:0051983),7/10,6.745143790584553e-08,1.34403235530907e-06,43.48739495798319,718.0576875712,KIF2C;SMC4;CDCA2;NCAPG;NCAPH;MKI67;BUB1
program_23,GO_BP,Mitotic Chromosome Condensation (GO:0007076),6/8,3.483761137577591e-07,6.6937981857740855e-06,52.233862433862434,776.7166544672597,NUSAP1;PLK1;SMC4;NCAPG;NCAPH;CDCA5
program_23,GO_BP,Centromere Complex Assembly (GO:0034508),6/9,1.002935539879655e-06,1.860618346397429e-05,37.290249433106574,515.0745280965156,DLGAP5;HJURP;CENPW;CENPE;OIP5;CENPF
program_23,GO_BP,Kinetochore Organization (GO:0051383),5/6,1.634908447001823e-06,2.7486898265218153e-05,72.93019197207678,971.7163169744807,DLGAP5;CENPE;CENPW;NUF2;CENPF
program_23,GO_BP,Positive Regulation Of Chromosome Separation (GO:1905820),5/6,1.634908447001823e-06,2.7486898265218153e-05,72.93019197207678,971.7163169744807,CDCA8;BIRC5;SMC4;NCAPG;NCAPH
program_23,GO_BP,Regulation Of Ubiquitin Protein Ligase Activity (GO:1904666),5/6,1.634908447001823e-06,2.7486898265218153e-05,72.93019197207678,971.7163169744807,PLK1;MAD2L1;CDC20;UBE2S;UBE2C
program_23,GO_BP,Regulation Of Mitotic Metaphase/Anaphase Transition (GO:0030071),6/10,2.406161692840369e-06,3.922772699236722e-05,28.98824221046443,375.03473828085674,DLGAP5;PLK1;CENPE;CCNB1;CDC20;UBE2C
program_23,GO_BP,Regulation Of Mitotic Nuclear Division (GO:0007088),7/15,2.9373059523411e-06,4.647854712822094e-05,17.859389745202893,227.49322339020787,PKMYT1;NUSAP1;CDCA2;CCNB1;AURKA;NEK2;MKI67
program_23,GO_BP,Positive Regulation Of Mitotic Cell Cycle Phase Transition (GO:1901992),7/16,5.009099454781189e-06,7.699701447635084e-05,15.971010413734872,194.91427425112616,DLGAP5;CCNB1;CDC20;RRM2;CDK1;CDCA5;UBE2C
program_23,GO_BP,Kinetochore Assembly (GO:0051382),4/4,5.899519840265875e-06,7.934854185157602e-05,177.24870466321244,2134.18777124145,CENPE;CENPF;DLGAP5;CENPW
program_23,GO_BP,Positive Regulation Of Mitotic Cell Cycle Spindle Assembly Checkpoint (GO:0090267),4/4,5.899519840265875e-06,7.934854185157602e-05,177.24870466321244,2134.18777124145,NDC80;BIRC5;MAD2L1;CDCA8
program_23,GO_BP,Positive Regulation Of Spindle Checkpoint (GO:0090232),4/4,5.899519840265875e-06,7.934854185157602e-05,177.24870466321244,2134.18777124145,NDC80;BIRC5;MAD2L1;CDCA8
program_23,GO_BP,Positive Regulation Of Ubiquitin Protein Ligase Activity (GO:1904668),4/4,5.899519840265875e-06,7.934854185157602e-05,177.24870466321244,2134.18777124145,CDC20;PLK1;UBE2C;UBE2S
program_23,GO_BP,Regulation Of Mitotic Sister Chromatid Separation (GO:0010965),4/4,5.899519840265875e-06,7.934854185157602e-05,177.24870466321244,2134.18777124145,BIRC5;AURKB;CCNB1;CDCA8
program_23,GO_BP,Regulation Of Cell Division (GO:0051302),6/12,9.750498571530533e-06,0.00012794556662154701,20.047619047619047,231.3132804952975,KIF20A;PLK1;PRC1;CALM2;AURKA;AURKB
program_23,GO_BP,Establishment Of Mitotic Spindle Localization (GO:0040001),5/8,1.407345376465057e-05,0.00017608181686934902,31.222887060583396,348.7977480958761,NUSAP1;PLK1;MAD2L1;CENPA;NDC80
program_23,GO_BP,Positive Regulation Of Chromosome Segregation (GO:0051984),5/8,1.407345376465057e-05,0.00017608181686934902,31.222887060583396,348.7977480958761,SMC4;CCNB1;NCAPG;CDK1;NCAPH
program_23,GO_BP,Non-Membrane-Bounded Organelle Assembly (GO:0140694),6/13,1.7378409080056256e-05,0.00021249054738796058,17.36543209876543,190.3300325020268,DLGAP5;CENPE;CENPW;CENPA;NEK2;CENPF
program_23,GO_BP,Attachment Of Mitotic Spindle Microtubules To Kinetochore (GO:0051315),4/5,2.8362621436468606e-05,0.00033171935506130676,59.05181347150259,618.298376913657,NDC80;KIF2C;CENPE;NUF2
program_23,GO_BP,Regulation Of Attachment Of Spindle Microtubules To Kinetochore (GO:0051988),4/5,2.8362621436468606e-05,0.00033171935506130676,59.05181347150259,618.298376913657,KNSTRN;RACGAP1;CCNB1;NEK2
program_23,GO_BP,Positive Regulation Of Chromosome Organization (GO:2001252),5/9,3.0411601545614204e-05,0.0003481157793944775,24.271669575334496,252.442023476998,SMC4;AURKB;NCAPG;CDK1;NCAPH
program_23,GO_BP,Positive Regulation Of Mitotic Nuclear Division (GO:0045840),5/10,5.8417041398388034e-05,0.0006547576723402659,19.848167539267017,193.47801003340456,DLGAP5;NUSAP1;AURKA;CDC20;UBE2C
program_23,GO_BP,Positive Regulation Of Ubiquitin-Protein Transferase Activity (GO:0051443),4/6,8.181804741540218e-05,0.0008631001864605171,35.41243523316062,333.2668780762956,CDC20;PLK1;UBE2C;UBE2S
program_23,GO_BP,"Protein Localization To Chromosome, Centromeric Region (GO:0071459)",4/6,8.181804741540218e-05,0.0008631001864605171,35.41243523316062,333.2668780762956,CENPA;TTK;KNL1;CDK1
program_23,GO_BP,Regulation Of Nuclear Division (GO:0051783),4/6,8.181804741540218e-05,0.0008631001864605171,35.41243523316062,333.2668780762956,MKI67;PKMYT1;CDCA2;NEK2
program_23,GO_BP,Protein Phosphorylation (GO:0006468),10/49,0.00010006939474042632,0.0010353333532759491,5.4677250157353665,50.35581545762794,CDCA8;PLK1;MELK;BIRC5;AURKA;AURKB;NEK2;CDK1;PBK;TTK
program_23,GO_BP,Positive Regulation Of Metaphase/Anaphase Transition Of Cell Cycle (GO:1902101),3/3,0.00012145712495887582,0.0011668559504977713,136.44615384615383,1230.1915968597166,CDC20;DLGAP5;UBE2C
program_23,GO_BP,Positive Regulation Of Mitotic Metaphase/Anaphase Transition (GO:0045842),3/3,0.00012145712495887582,0.0011668559504977713,136.44615384615383,1230.1915968597166,CDC20;DLGAP5;UBE2C
program_23,GO_BP,Regulation Of Mitotic Cytokinesis (GO:1902412),3/3,0.00012145712495887582,0.0011668559504977713,136.44615384615383,1230.1915968597166,BIRC5;AURKB;CDCA8
program_23,GO_BP,Regulation Of Mitotic Sister Chromatid Segregation (GO:0033047),3/3,0.00012145712495887582,0.0011668559504977713,136.44615384615383,1230.1915968597166,AURKB;CCNB1;CDK1
program_23,GO_BP,Regulation Of Cyclin-Dependent Protein Serine/Threonine Kinase Activity (GO:0000079),6/18,0.0001531060580925149,0.0014451063026977723,10.391746031746031,91.28504274926426,CCNB2;PKMYT1;PLK1;CCNB1;CCNA2;CDKN3
program_23,GO_BP,Establishment Of Mitotic Spindle Orientation (GO:0000132),4/7,0.00018358173699214837,0.001593015717770578,25.281273131014064,217.4910146228038,CENPA;PLK1;MAD2L1;NDC80
program_23,GO_BP,Establishment Of Spindle Orientation (GO:0051294),4/7,0.00018358173699214837,0.001593015717770578,25.281273131014064,217.4910146228038,CENPA;PLK1;MAD2L1;NDC80
program_23,GO_BP,Nuclear Chromosome Segregation (GO:0098813),4/7,0.00018358173699214837,0.001593015717770578,25.281273131014064,217.4910146228038,NDC80;KIF2C;CENPF;TOP2A
program_23,GO_BP,Positive Regulation Of Cytokinesis (GO:0032467),4/7,0.00018358173699214837,0.001593015717770578,25.281273131014064,217.4910146228038,RACGAP1;BIRC5;KIF23;CDCA8
program_23,GO_BP,Spindle Assembly (GO:0051225),4/7,0.00018358173699214837,0.001593015717770578,25.281273131014064,217.4910146228038,TPX2;KIF11;NEK2;KIFC1
program_23,GO_BP,Anaphase-Promoting Complex-Dependent Catabolic Process (GO:0031145),3/4,0.00046812994031470557,0.0037037339395487,45.45811965811966,348.51670486576245,CDC20;UBE2C;UBE2S
program_23,GO_BP,Positive Regulation Of Attachment Of Spindle Microtubules To Kinetochore (GO:0051987),3/4,0.00046812994031470557,0.0037037339395487,45.45811965811966,348.51670486576245,BIRC5;CCNB1;CDCA8
program_23,GO_BP,Positive Regulation Of Chromosome Condensation (GO:1905821),3/4,0.00046812994031470557,0.0037037339395487,45.45811965811966,348.51670486576245,NCAPH;SMC4;NCAPG
program_23,GO_BP,Protein K11-linked Ubiquitination (GO:0070979),3/4,0.00046812994031470557,0.0037037339395487,45.45811965811966,348.51670486576245,UBE2T;UBE2C;UBE2S
program_23,GO_BP,Regulation Of Chromosome Condensation (GO:0060623),3/4,0.00046812994031470557,0.0037037339395487,45.45811965811966,348.51670486576245,NCAPH;SMC4;NCAPG
program_23,GO_BP,Regulation Of Chromosome Separation (GO:1905818),3/4,0.00046812994031470557,0.0037037339395487,45.45811965811966,348.51670486576245,NCAPH;SMC4;NCAPG
program_23,GO_BP,Peptidyl-Serine Modification (GO:0018209),5/15,0.0005692018548707801,0.004313107012964503,10.369234604836699,77.47140776234725,PLK1;AURKA;CDK1;PBK;TTK
program_23,GO_BP,Peptidyl-Serine Phosphorylation (GO:0018105),5/15,0.0005692018548707801,0.004313107012964503,10.369234604836699,77.47140776234725,PLK1;AURKA;CDK1;PBK;TTK
program_23,GO_BP,Regulation Of Mitotic Cell Cycle Phase Transition (GO:1901990),5/15,0.0005692018548707801,0.004313107012964503,10.369234604836699,77.47140776234725,PLK1;CENPE;AURKA;CENPF;UBE2C
program_23,GO_BP,Chromosome Organization (GO:0051276),4/9,0.0006112327551588716,0.004567266976048236,16.071125765426284,118.92685667197536,NUF2;CENPW;TOP2A;CDCA8
program_23,GO_BP,Protein Modification Process (GO:0036211),10/64,0.0009816829788050305,0.007234869076672691,3.930913883116225,27.226461361993422,CDCA8;PLK1;MELK;BIRC5;AURKA;AURKB;CCNA2;NEK2;CDK1;UBE2S
program_23,GO_BP,Phosphorylation (GO:0016310),8/43,0.0009973304717822455,0.007250862078633082,4.828854206318995,33.36945113450847,CDCA8;PLK1;MELK;BIRC5;AURKA;AURKB;NEK2;CDK1
program_23,GO_BP,CENP-A Containing Chromatin Assembly (GO:0034080),3/5,0.0011277809186320611,0.00739934310029328,27.26051282051282,185.03082252376865,HJURP;CENPW;OIP5
program_23,GO_BP,Chromatin Remodeling At Centromere (GO:0031055),3/5,0.0011277809186320611,0.00739934310029328,27.26051282051282,185.03082252376865,HJURP;CENPW;OIP5
program_23,GO_BP,Establishment Of Chromosome Localization (GO:0051303),3/5,0.0011277809186320611,0.00739934310029328,27.26051282051282,185.03082252376865,NDC80;KIF2C;CENPF
program_23,GO_BP,Mitotic Cell Cycle Checkpoint Signaling (GO:0007093),3/5,0.0011277809186320611,0.00739934310029328,27.26051282051282,185.03082252376865,AURKB;ZWINT;DEPDC1B
program_23,GO_BP,Mitotic Sister Chromatid Cohesion (GO:0007064),3/5,0.0011277809186320611,0.00739934310029328,27.26051282051282,185.03082252376865,ESCO2;CDCA5;SGO1
program_23,GO_BP,Protein Localization To Condensed Chromosome (GO:1903083),3/5,0.0011277809186320611,0.00739934310029328,27.26051282051282,185.03082252376865,TTK;KNL1;CDK1
program_23,GO_BP,Protein Localization To Kinetochore (GO:0034501),3/5,0.0011277809186320611,0.00739934310029328,27.26051282051282,185.03082252376865,TTK;KNL1;CDK1
program_23,GO_BP,Regulation Of Cyclin-Dependent Protein Kinase Activity (GO:1904029),5/17,0.0010824235890474993,0.00739934310029328,8.700942408376964,59.41484367141285,CCNB2;PKMYT1;CCNB1;CCNA2;CDKN3
program_23,GO_BP,Regulation Of Cell Cycle (GO:0051726),8/45,0.001364013817682731,0.008841438962810956,4.566414414414415,30.126113534946942,CKS2;DLGAP5;PCLAF;CDKN3;PLK1;CDC20;CKS1B;FOXM1
program_23,GO_BP,Mitotic G2 DNA Damage Checkpoint Signaling (GO:0007095),3/6,0.00217374378984872,0.013598536731844319,19.46153846153846,119.32461541103696,PLK1;DEPDC1B;CDK1
program_23,GO_BP,Regulation Of Metaphase/Anaphase Transition Of Cell Cycle (GO:1902099),3/6,0.00217374378984872,0.013598536731844319,19.46153846153846,119.32461541103696,PLK1;UBE2C;CENPE
program_23,GO_BP,Regulation Of Ubiquitin-Protein Transferase Activity (GO:0051438),3/6,0.00217374378984872,0.013598536731844319,19.46153846153846,119.32461541103696,CDC20;PLK1;MAD2L1
program_23,GO_BP,Exit From Mitosis (GO:0010458),2/2,0.0024762381190595296,0.014151819235693508,96.47208121827411,578.9303831181006,UBE2C;UBE2S
program_23,GO_BP,Free Ubiquitin Chain Polymerization (GO:0010994),2/2,0.0024762381190595296,0.014151819235693508,96.47208121827411,578.9303831181006,UBE2C;UBE2S
program_23,GO_BP,Microtubule Depolymerization (GO:0007019),2/2,0.0024762381190595296,0.014151819235693508,96.47208121827411,578.9303831181006,STMN1;KIF2C
program_23,GO_BP,Microtubule Polymerization Or Depolymerization (GO:0031109),2/2,0.0024762381190595296,0.014151819235693508,96.47208121827411,578.9303831181006,STMN1;KIF2C
program_23,GO_BP,Positive Regulation Of Attachment Of Mitotic Spindle Microtubules To Kinetochore (GO:1902425),2/2,0.0024762381190595296,0.014151819235693508,96.47208121827411,578.9303831181006,BIRC5;CDCA8
program_23,GO_BP,Protein K27-linked Ubiquitination (GO:0044314),2/2,0.0024762381190595296,0.014151819235693508,96.47208121827411,578.9303831181006,UBE2T;UBE2S
program_23,GO_BP,Protein K29-linked Ubiquitination (GO:0035519),2/2,0.0024762381190595296,0.014151819235693508,96.47208121827411,578.9303831181006,UBE2T;UBE2S
program_23,GO_BP,Regulation Of Attachment Of Mitotic Spindle Microtubules To Kinetochore (GO:1902423),2/2,0.0024762381190595296,0.014151819235693508,96.47208121827411,578.9303831181006,BIRC5;CDCA8
program_23,GO_BP,Regulation Of Protein Serine/Threonine Kinase Activity (GO:0071900),6/29,0.002498927188458891,0.014151819235693508,5.495328154902623,32.92742250153156,PKMYT1;CCNB2;CALM2;CCNB1;CCNA2;CDKN3
program_23,GO_BP,Protein Ubiquitination (GO:0016567),5/23,0.004630403178493227,0.025949551146139126,5.860336776567143,31.499962635153448,PLK1;DEPDC1B;UBE2S;UBE2T;UBE2C
program_23,GO_BP,Mitotic G2/M Transition Checkpoint (GO:0044818),3/8,0.0056543305150540514,0.031041120582643668,12.37156177156177,64.02695888245289,PLK1;DEPDC1B;CDK1
program_23,GO_BP,Post-Translational Protein Modification (GO:0043687),3/8,0.0056543305150540514,0.031041120582643668,12.37156177156177,64.02695888245289,ESCO2;AURKB;CCNA2
program_23,GO_BP,Centromeric Sister Chromatid Cohesion (GO:0070601),2/3,0.007185800107260837,0.03546752713492046,32.1404399323181,158.63391117301023,BUB1;SGO1
program_23,GO_BP,Cytoskeleton-Dependent Intracellular Transport (GO:0030705),2/3,0.007185800107260837,0.03546752713492046,32.1404399323181,158.63391117301023,TUBA1B;TUBA1C
program_23,GO_BP,"DNA Damage Response, Signal Transduction By P53 Class Mediator (GO:0030330)",2/3,0.007185800107260837,0.03546752713492046,32.1404399323181,158.63391117301023,GTSE1;FOXM1
program_23,GO_BP,Negative Regulation Of Ubiquitin-Protein Transferase Activity (GO:0051444),2/3,0.007185800107260837,0.03546752713492046,32.1404399323181,158.63391117301023,CDC20;MAD2L1
program_23,GO_BP,Positive Regulation Of Mitotic Cytokinesis (GO:1903490),2/3,0.007185800107260837,0.03546752713492046,32.1404399323181,158.63391117301023,BIRC5;CDCA8
program_23,GO_BP,Protein Autophosphorylation (GO:0046777),4/16,0.006728369250455996,0.03546752713492046,7.045181347150259,35.23592833128189,MELK;NEK2;AURKB;AURKA
program_23,GO_BP,Protein Depolymerization (GO:0051261),2/3,0.007185800107260837,0.03546752713492046,32.1404399323181,158.63391117301023,STMN1;KIF2C
program_23,GO_BP,Protein K6-linked Ubiquitination (GO:0085020),2/3,0.007185800107260837,0.03546752713492046,32.1404399323181,158.63391117301023,UBE2T;UBE2S
program_23,GO_BP,Protein K63-linked Ubiquitination (GO:0070534),2/3,0.007185800107260837,0.03546752713492046,32.1404399323181,158.63391117301023,UBE2T;UBE2S
program_23,GO_BP,Protein Localization To Chromosome (GO:0034502),2/3,0.007185800107260837,0.03546752713492046,32.1404399323181,158.63391117301023,CENPA;PLK1
program_23,GO_BP,Regulation Of Microtubule Cytoskeleton Organization (GO:0070507),2/3,0.007185800107260837,0.03546752713492046,32.1404399323181,158.63391117301023,STMN1;SKA3
program_23,GO_BP,Mitotic DNA Damage Checkpoint Signaling (GO:0044773),3/9,0.008175879395001641,0.03998748285918985,10.462721893491125,50.28977374922062,PLK1;DEPDC1B;CDK1
program_23,GO_BP,Positive Regulation Of Protein Phosphorylation (GO:0001934),8/61,0.009587672365724175,0.04646997957441087,3.173276079818136,14.747093366491278,CDCA8;PLK1;CENPE;BIRC5;CALM2;AURKB;CCNA2;TTK
program_23,KEGG,Oocyte meiosis,12/26,6.832375391595098e-10,5.465900313276078e-08,18.376193259302553,387.8144632256529,PKMYT1;CCNB2;PLK1;MAD2L1;SGO1;CCNB1;CALM2;AURKA;CDC20;CDK1;PTTG1;BUB1
program_23,KEGG,Progesterone-mediated oocyte maturation,9/17,2.3846339534725305e-08,9.538535813890121e-07,23.116361298617807,405.7299385847043,CCNB2;PKMYT1;PLK1;MAD2L1;CCNB1;AURKA;CCNA2;CDK1;BUB1
program_23,KEGG,Cell cycle,11/49,1.6764710416187717e-05,0.0004470589444316725,6.215990713197417,68.35249122950067,PKMYT1;CCNB2;PLK1;MAD2L1;CCNB1;CDC20;CCNA2;CDK1;PTTG1;BUB1;TTK
program_23,KEGG,Gap junction,5/18,0.0014398534086455697,0.028797068172911392,8.052162109753732,52.687019606274696,TUBA1B;TUBB;TUBA1C;CDK1;TUBB4B
program_23,Reactome,"Cell Cycle, Mitotic",52/139,2.0908860750128565e-37,7.610825313046798e-35,22.43505154639175,1894.8209409449491,CENPN;PKMYT1;H2AFX;CDCA8;TPX2;CENPE;KIF20A;SGO1;CCNB1;TYMS;NUF2;GTSE1;SPC24;ESCO2;UBE2S;BUB1;TUBB4B;TOP2A;TUBA1B;PLK1;TUBA1C;AURKA;TK1;CDC20;SGO2;CCNA2;PTTG1;CKS1B;NDC80;CENPF;HMMR;CCNB2;BIRC5;SMC4;CENPA;KNL1;AURKB;NCAPG;CENPM;NCAPH;FOXM1;SPC25;KIF23;TUBB;MAD2L1;RRM2;ZWINT;NEK2;CDK1;KIF2C;CDCA5;UBE2C
program_23,Reactome,Cell Cycle,55/163,4.255974822747677e-37,7.745874177400771e-35,20.151668607889807,1687.6483322265676,CENPN;PKMYT1;H2AFX;CDCA8;TPX2;CENPE;KIF20A;SGO1;CCNB1;HJURP;NUF2;TYMS;GTSE1;CDK1;SPC24;ESCO2;UBE2S;BUB1;TUBB4B;TOP2A;TUBA1B;PLK1;TUBA1C;CENPW;AURKA;TK1;CDC20;SGO2;CCNA2;PTTG1;CKS1B;NDC80;CENPF;HMMR;CCNB2;BIRC5;SMC4;CENPA;KNL1;AURKB;NCAPG;CENPM;NCAPH;FOXM1;SPC25;KIF23;TUBB;MAD2L1;RRM2;OIP5;NEK2;ZWINT;KIF2C;CDCA5;UBE2C
program_23,Reactome,M Phase,39/77,2.0286473467262912e-33,2.461425447361233e-31,31.071164607749974,2338.973228703818,CENPN;H2AFX;CDCA8;KIF20A;CENPE;SGO1;CCNB1;NUF2;SPC24;UBE2S;BUB1;TUBB4B;TUBA1B;PLK1;TUBA1C;CDC20;SGO2;PTTG1;NDC80;CENPF;CCNB2;SMC4;BIRC5;CENPA;KNL1;AURKB;NCAPG;CENPM;NCAPH;SPC25;KIF23;TUBB;MAD2L1;ZWINT;NEK2;CDK1;KIF2C;CDCA5;UBE2C
program_23,Reactome,Mitotic Prometaphase,33/55,2.4030404922804355e-31,2.186766847975196e-29,41.43522633744856,2921.3244639930026,CENPN;CDCA8;CENPE;SGO1;CCNB1;NUF2;SPC24;BUB1;TUBB4B;TUBA1B;PLK1;TUBA1C;CDC20;SGO2;NDC80;CENPF;CCNB2;BIRC5;SMC4;CENPA;KNL1;AURKB;NCAPG;CENPM;NCAPH;SPC25;TUBB;MAD2L1;ZWINT;NEK2;CDK1;KIF2C;CDCA5
program_23,Reactome,Resolution of Sister Chromatid Cohesion,28/43,6.061726573524468e-28,4.412936945525813e-26,47.81913236929922,2996.843576117827,CENPN;CDCA8;CENPE;SGO1;CCNB1;NUF2;SPC24;BUB1;TUBB4B;TUBA1B;PLK1;TUBA1C;CDC20;SGO2;NDC80;CENPF;CCNB2;BIRC5;CENPA;KNL1;AURKB;CENPM;SPC25;MAD2L1;ZWINT;CDK1;KIF2C;CDCA5
program_23,Reactome,Mitotic Anaphase,31/60,1.3397715463875122e-26,8.127947381417574e-25,28.753688574564077,1712.9927533250561,CENPN;CDCA8;CENPE;SGO1;CCNB1;NUF2;SPC24;UBE2S;BUB1;TUBB4B;TUBA1B;PLK1;TUBA1C;CDC20;SGO2;NDC80;PTTG1;CENPF;CCNB2;BIRC5;CENPA;KNL1;AURKB;CENPM;SPC25;MAD2L1;ZWINT;CDK1;KIF2C;CDCA5;UBE2C
program_23,Reactome,Mitotic Metaphase and Anaphase,31/61,2.6304811098957555e-26,1.3678501771457927e-24,27.796084443920275,1637.190642829011,CENPN;CDCA8;CENPE;SGO1;CCNB1;NUF2;SPC24;UBE2S;BUB1;TUBB4B;TUBA1B;PLK1;TUBA1C;CDC20;SGO2;NDC80;PTTG1;CENPF;CCNB2;BIRC5;CENPA;KNL1;AURKB;CENPM;SPC25;MAD2L1;ZWINT;CDK1;KIF2C;CDCA5;UBE2C
program_23,Reactome,Separation of Sister Chromatids,28/52,1.2313990774280964e-24,5.602865802297838e-23,30.108515130190007,1657.5909176032396,CENPN;CDCA8;CENPE;SGO1;NUF2;SPC24;UBE2S;BUB1;TUBB4B;TUBA1B;PLK1;TUBA1C;CDC20;SGO2;NDC80;PTTG1;CENPF;BIRC5;CENPA;KNL1;AURKB;CENPM;SPC25;MAD2L1;ZWINT;KIF2C;CDCA5;UBE2C
program_23,Reactome,Mitotic Spindle Checkpoint,23/34,1.636616413944481e-23,6.619204163064345e-22,49.82131837307153,2613.966451661858,CENPN;CDCA8;CENPE;SGO1;NUF2;SPC24;UBE2S;BUB1;PLK1;CDC20;SGO2;NDC80;CENPF;BIRC5;CENPA;KNL1;AURKB;CENPM;SPC25;MAD2L1;ZWINT;KIF2C;UBE2C
program_23,Reactome,EML4 and NUDC in Mitotic Spindle Formation,24/38,1.9321601572602304e-23,7.0330629724272385e-22,41.66711742168132,2179.2243460802083,CENPN;CDCA8;CENPE;SGO1;NUF2;SPC24;BUB1;TUBB4B;TUBA1B;PLK1;TUBA1C;CDC20;SGO2;NDC80;CENPF;BIRC5;CENPA;KNL1;AURKB;CENPM;SPC25;MAD2L1;ZWINT;KIF2C
program_23,Reactome,Amplification of Signal From Unattached Kinetochores via a MAD2 Inhibitory Signal,21/31,1.6610262878852133e-21,5.038446406585147e-20,48.692123390236596,2329.7647871307427,CENPN;CDCA8;CENPE;SGO1;NUF2;SPC24;BUB1;PLK1;CDC20;SGO2;NDC80;CENPF;BIRC5;CENPA;KNL1;AURKB;CENPM;SPC25;MAD2L1;ZWINT;KIF2C
program_23,Reactome,Amplification of Signal From the Kinetochores,21/31,1.6610262878852133e-21,5.038446406585147e-20,48.692123390236596,2329.7647871307427,CENPN;CDCA8;CENPE;SGO1;NUF2;SPC24;BUB1;PLK1;CDC20;SGO2;NDC80;CENPF;BIRC5;CENPA;KNL1;AURKB;CENPM;SPC25;MAD2L1;ZWINT;KIF2C
program_23,Reactome,Cell Cycle Checkpoints,30/76,2.293113838252955e-21,6.420718747108275e-20,17.253793944940135,819.9757961151946,CENPN;PKMYT1;CDCA8;H2AFX;CENPE;SGO1;CCNB1;NUF2;GTSE1;SPC24;UBE2S;BUB1;PLK1;CDC20;SGO2;CCNA2;NDC80;CENPF;CCNB2;BIRC5;CENPA;KNL1;AURKB;CENPM;SPC25;MAD2L1;ZWINT;CDK1;KIF2C;UBE2C
program_23,Reactome,RHO GTPases Activate Formins,24/44,2.8033025149720608e-21,7.288586538927357e-20,29.378128487167224,1390.27553328428,CENPN;CDCA8;CENPE;SGO1;NUF2;SPC24;BUB1;TUBB4B;TUBA1B;PLK1;TUBA1C;CDC20;SGO2;NDC80;CENPF;BIRC5;CENPA;KNL1;AURKB;CENPM;SPC25;MAD2L1;ZWINT;KIF2C
program_23,Reactome,RHO GTPase Effectors,26/65,1.1685547130419307e-18,2.8356927703150855e-17,16.763146716506668,692.1631345777123,CENPN;CDCA8;H2AFX;CENPE;SGO1;PRC1;NUF2;SPC24;BUB1;TUBB4B;TUBA1B;PLK1;TUBA1C;CDC20;SGO2;NDC80;CENPF;BIRC5;CENPA;KNL1;AURKB;CENPM;SPC25;MAD2L1;ZWINT;KIF2C
program_23,Reactome,Signaling by Rho GTPases,29/107,1.840970356675914e-15,4.188207561437704e-14,9.578860629816043,324.996215733105,CENPN;H2AFX;CDCA8;RACGAP1;CENPE;SGO1;PRC1;NUF2;SPC24;DEPDC1B;BUB1;TUBB4B;TUBA1B;PLK1;TUBA1C;CDC20;SGO2;NDC80;CENPF;BIRC5;CENPA;KNL1;AURKB;CENPM;SPC25;MAD2L1;ARHGAP11A;ZWINT;KIF2C
program_23,Reactome,"Signaling by Rho GTPases, Miro GTPases and RHOBTB3",29/109,3.1861123204033852e-15,6.822028733099012e-14,9.330625895843287,311.45605848147517,CENPN;H2AFX;CDCA8;RACGAP1;CENPE;SGO1;PRC1;NUF2;SPC24;DEPDC1B;BUB1;TUBB4B;TUBA1B;PLK1;TUBA1C;CDC20;SGO2;NDC80;CENPF;BIRC5;CENPA;KNL1;AURKB;CENPM;SPC25;MAD2L1;ARHGAP11A;ZWINT;KIF2C
program_23,Reactome,Kinesins,12/18,1.8348624475487697e-12,3.710499616154179e-11,41.166883963494136,1112.495996345812,TUBA1B;KIF11;KIF23;KIF20A;RACGAP1;CENPE;TUBA1C;KIFC1;KIF15;KIF2C;TUBB4B;KIF4A
program_23,Reactome,G2 M Transition,17/43,2.8380832657552043e-12,5.165311543674472e-11,14.824878544797198,394.1622725979783,TUBA1B;PKMYT1;CCNB2;TUBB;TPX2;PLK1;TUBA1C;CCNB1;GTSE1;AURKA;CCNA2;NEK2;CDK1;TUBB4B;CENPF;HMMR;FOXM1
program_23,Reactome,Mitotic G2-G2 M Phases,17/43,2.8380832657552043e-12,5.165311543674472e-11,14.824878544797198,394.1622725979783,TUBA1B;PKMYT1;CCNB2;TUBB;TPX2;PLK1;TUBA1C;CCNB1;GTSE1;AURKA;CCNA2;NEK2;CDK1;TUBB4B;CENPF;HMMR;FOXM1
program_23,Reactome,COPI-dependent Golgi-to-ER Retrograde Traffic,12/19,4.776587348935775e-12,8.279418071488676e-11,35.65913370998117,929.5371495946563,TUBA1B;KIF11;KIF23;RACGAP1;KIF20A;CENPE;TUBA1C;KIF2C;KIF15;KIFC1;TUBB4B;KIF4A
program_23,Reactome,Golgi-to-ER Retrograde Transport,12/22,5.4076776704831645e-11,8.947248509344872e-10,25.430454667742804,601.191620837665,TUBA1B;KIF11;KIF23;RACGAP1;KIF20A;CENPE;TUBA1C;KIF2C;KIF15;KIFC1;TUBB4B;KIF4A
program_23,Reactome,APC C-mediated Degradation of Cell Cycle Proteins,12/23,1.0844007262613215e-10,1.6446744348296708e-09,23.20682878899533,532.476588737935,PLK1;MAD2L1;CCNB1;AURKA;CDC20;AURKB;CCNA2;CDK1;NEK2;UBE2S;PTTG1;UBE2C
program_23,Reactome,Regulation of Mitotic Cell Cycle,12/23,1.0844007262613215e-10,1.6446744348296708e-09,23.20682878899533,532.476588737935,PLK1;MAD2L1;CCNB1;AURKA;CDC20;AURKB;CCNA2;CDK1;NEK2;UBE2S;PTTG1;UBE2C
program_23,Reactome,Intra-Golgi and Retrograde Golgi-to-ER Traffic,12/24,2.0799841514395127e-10,3.02845692449593e-09,21.338983050847457,475.72041924741393,TUBA1B;KIF11;KIF23;RACGAP1;KIF20A;CENPE;TUBA1C;KIF2C;KIF15;KIFC1;TUBB4B;KIF4A
program_23,Reactome,Activation of APC C and APC C Cdc20 Mediated Degradation of Mitotic Proteins,10/19,3.971547519930519e-09,5.5601665279027264e-08,23.10061064262867,446.8607536775742,PLK1;MAD2L1;CCNB1;CDC20;CDK1;CCNA2;NEK2;UBE2S;PTTG1;UBE2C
program_23,Reactome,Cyclin A B1 B2 Associated Events During G2 M Transition,7/9,2.1096400696811218e-08,2.844107353199735e-07,60.9144385026738,1076.6117391564087,CCNB2;PKMYT1;PLK1;CCNB1;CCNA2;CDK1;FOXM1
program_23,Reactome,Factors Involved in Megakaryocyte Development and Platelet Production,12/34,2.775234434000931e-08,3.6078047642012105e-07,11.792215944758318,205.18391499416742,TUBA1B;KIF11;KIF23;RACGAP1;KIF20A;CENPE;TUBA1C;KIF2C;KIF15;KIFC1;TUBB4B;KIF4A
program_23,Reactome,APC C Cdc20 Mediated Degradation of Mitotic Proteins,9/18,4.573069385323824e-08,5.739990538820248e-07,20.672131147540984,349.36927238691436,MAD2L1;CCNB1;CDC20;CCNA2;NEK2;CDK1;PTTG1;UBE2S;UBE2C
program_23,Reactome,Condensation of Prometaphase Chromosomes,6/7,9.075973266552723e-08,1.1012180896750637e-06,87.10229276895943,1412.3680430376096,CCNB2;SMC4;CCNB1;NCAPG;CDK1;NCAPH
program_23,Reactome,AURKA Activation by TPX2,8/16,2.735714492038433e-07,3.0175759851575445e-06,20.45945945945946,309.1772750753771,TUBB;TPX2;PLK1;AURKA;NEK2;CDK1;TUBB4B;HMMR
program_23,Reactome,Deposition of New CENPA-containing Nucleosomes at the Centromere,8/16,2.735714492038433e-07,3.0175759851575445e-06,20.45945945945946,309.1772750753771,CENPN;H2AFX;HJURP;CENPW;CENPA;KNL1;OIP5;CENPM
program_23,Reactome,Nucleosome Assembly,8/16,2.735714492038433e-07,3.0175759851575445e-06,20.45945945945946,309.1772750753771,CENPN;H2AFX;HJURP;CENPW;CENPA;KNL1;OIP5;CENPM
program_23,Reactome,Regulation of PLK1 Activity at G2 M Transition,8/17,4.955493244652811e-07,5.305292767804774e-06,18.29615931721195,265.61630316994166,CCNB2;TUBB;PLK1;CCNB1;AURKA;NEK2;CDK1;TUBB4B
program_23,Reactome,Polo-like Kinase Mediated Events,6/9,1.002935539879655e-06,1.043052961474841e-05,37.290249433106574,515.0745280965156,CCNB2;PKMYT1;PLK1;CCNB1;CENPF;FOXM1
program_23,Reactome,MHC Class II Antigen Presentation,11/38,1.0996869525661095e-06,1.1119056964835108e-05,8.753783646521077,120.10615727870835,TUBA1B;KIF11;KIF23;RACGAP1;KIF20A;CENPE;TUBA1C;KIF15;KIF2C;TUBB4B;KIF4A
program_23,Reactome,Regulation of APC C Activators Between G1 S and Early Anaphase,8/19,1.4169244496106978e-06,1.3939472963737676e-05,15.098237367802586,203.3282935224272,PLK1;MAD2L1;CCNB1;CDC20;CDK1;CCNA2;UBE2S;UBE2C
program_23,Reactome,Phosphorylation of the APC C,5/6,1.634908447001823e-06,1.566070196601746e-05,72.93019197207678,971.7163169744807,PLK1;CCNB1;CDK1;UBE2S;UBE2C
program_23,Reactome,APC C Cdh1 Mediated Degradation of Cdc20 and Other APC C Cdh1 Targets in Late Mitosis Early G1,7/16,5.009099454781189e-06,4.558280503850882e-05,15.971010413734872,194.91427425112616,PLK1;AURKA;CDC20;AURKB;UBE2S;PTTG1;UBE2C
program_23,Reactome,APC Cdc20 Mediated Degradation of Cell Cycle Proteins Prior to Satisfation of the Checkpoint,7/16,5.009099454781189e-06,4.558280503850882e-05,15.971010413734872,194.91427425112616,MAD2L1;CDC20;CCNA2;NEK2;CDK1;UBE2S;UBE2C
program_23,Reactome,APC C Cdc20 Mediated Degradation of Cyclin B,5/7,5.495280232842563e-06,4.6518186157085885e-05,43.735078534031416,529.7026944557578,CCNB1;CDC20;CDK1;UBE2S;UBE2C
program_23,Reactome,APC-Cdc20 Mediated Degradation of Nek2A,5/7,5.495280232842563e-06,4.6518186157085885e-05,43.735078534031416,529.7026944557578,MAD2L1;CDC20;NEK2;UBE2S;UBE2C
program_23,Reactome,Condensation of Prophase Chromosomes,5/7,5.495280232842563e-06,4.6518186157085885e-05,43.735078534031416,529.7026944557578,H2AFX;PLK1;SMC4;CCNB1;CDK1
program_23,Reactome,"Activation of NIMA Kinases NEK9, NEK6, NEK7",4/4,5.899519840265875e-06,4.772056048570619e-05,177.24870466321244,2134.18777124145,CCNB2;PLK1;CCNB1;CDK1
program_23,Reactome,Golgi Cisternae Pericentriolar Stack Reorganization,4/4,5.899519840265875e-06,4.772056048570619e-05,177.24870466321244,2134.18777124145,CCNB2;PLK1;CCNB1;CDK1
program_23,Reactome,The Role of GTSE1 in G2 M Progression After G2 Checkpoint,8/23,7.774740184042592e-06,6.152185710851095e-05,11.178204010462075,131.50744003009552,TUBA1B;CCNB2;PLK1;TUBA1C;CCNB1;GTSE1;CDK1;TUBB4B
program_23,Reactome,Recruitment of NuMA to Mitotic Centrosomes,7/18,1.2822426565941588e-05,9.930560148941994e-05,13.179493141129969,148.45796023483388,TUBA1B;TUBB;PLK1;TUBA1C;NEK2;CDK1;TUBB4B
program_23,Reactome,Mitotic Prophase,6/13,1.7378409080056256e-05,0.00013178626885709327,17.36543209876543,190.3300325020268,CCNB2;H2AFX;PLK1;SMC4;CCNB1;CDK1
program_23,Reactome,G2 M DNA Replication Checkpoint,4/5,2.8362621436468606e-05,0.00019853835005528026,59.05181347150259,618.298376913657,CCNB2;CDK1;CCNB1;PKMYT1
program_23,Reactome,Inactivation of APC C via Direct Inhibition of the APC C Complex,4/5,2.8362621436468606e-05,0.00019853835005528026,59.05181347150259,618.298376913657,CDC20;MAD2L1;UBE2C;UBE2S
program_23,Reactome,Inhib of Proteolytic Activity of APC C Required for Onset of Anaphase by Mitotic Spindle Checkpoint,4/5,2.8362621436468606e-05,0.00019853835005528026,59.05181347150259,618.298376913657,CDC20;MAD2L1;UBE2C;UBE2S
program_23,Reactome,Phosphorylation of Emi1,4/5,2.8362621436468606e-05,0.00019853835005528026,59.05181347150259,618.298376913657,CDC20;PLK1;CCNB1;CDK1
program_23,Reactome,SUMOylation of DNA Replication Proteins,5/9,3.0411601545614204e-05,0.00020886458420006735,24.271669575334496,252.442023476998,CDCA8;BIRC5;AURKA;AURKB;TOP2A
program_23,Reactome,Chromosome Maintenance,9/36,4.1580011274173305e-05,0.0002802800759962793,7.073323397913562,71.35491547695568,CENPN;H2AFX;HJURP;CENPW;CENPA;KNL1;CCNA2;OIP5;CENPM
program_23,Reactome,Cdc20 Phospho-APC C Mediated Degradation of Cyclin A,6/15,4.668741342408126e-05,0.00030898579066119234,13.695071010860485,136.56774045048053,MAD2L1;CDC20;CCNA2;CDK1;UBE2S;UBE2C
program_23,Reactome,Nuclear Envelope (NE) Reassembly,6/16,7.169440180566134e-05,0.0004660136117367987,12.384227765180146,118.18389787289433,TUBA1B;CCNB2;TUBA1C;CCNB1;CDK1;TUBB4B
program_23,Reactome,Membrane Trafficking,12/68,8.835078619223701e-05,0.0005642050205960399,4.611019449027548,43.04015680997883,TUBA1B;KIF11;KIF23;RACGAP1;KIF20A;CENPE;TUBA1C;KIF2C;KIF15;KIFC1;TUBB4B;KIF4A
program_23,Reactome,Cilium Assembly,7/26,0.00019013681779057946,0.0011932724426857056,7.739613327848622,66.31120096439274,TUBA1B;TUBB;PLK1;TUBA1C;NEK2;CDK1;TUBB4B
program_23,Reactome,Anchoring of the Basal Body to the Plasma Membrane,5/13,0.00026437215869098935,0.0015274835835479385,12.82260548198337,105.63458268395748,TUBB;PLK1;NEK2;CDK1;TUBB4B
program_23,Reactome,Centrosome Maturation,5/13,0.00026437215869098935,0.0015274835835479385,12.82260548198337,105.63458268395748,TUBB;PLK1;NEK2;CDK1;TUBB4B
program_23,Reactome,Loss of Nlp From Mitotic Centrosomes,5/13,0.00026437215869098935,0.0015274835835479385,12.82260548198337,105.63458268395748,TUBB;PLK1;NEK2;CDK1;TUBB4B
program_23,Reactome,Loss of Proteins Required for Interphase Microtubule Organization From the Centrosome,5/13,0.00026437215869098935,0.0015274835835479385,12.82260548198337,105.63458268395748,TUBB;PLK1;NEK2;CDK1;TUBB4B
program_23,Reactome,Recruitment of Mitotic Centrosome Proteins and Complexes,5/13,0.00026437215869098935,0.0015274835835479385,12.82260548198337,105.63458268395748,TUBB;PLK1;NEK2;CDK1;TUBB4B
program_23,Reactome,Conversion From APC C Cdc20 to APC C Cdh1 in Late Anaphase,3/4,0.00046812994031470557,0.002543273108575415,45.45811965811966,348.51670486576245,CDC20;UBE2C;UBE2S
program_23,Reactome,Mitotic Telophase Cytokinesis,3/4,0.00046812994031470557,0.002543273108575415,45.45811965811966,348.51670486576245,KIF20A;PLK1;KIF23
program_23,Reactome,Nuclear Pore Complex (NPC) Disassembly,3/4,0.00046812994031470557,0.002543273108575415,45.45811965811966,348.51670486576245,CCNB2;CCNB1;CDK1
program_23,Reactome,Synthesis of Active Ubiquitin Roles of E1 and E2 Enzymes,3/4,0.00046812994031470557,0.002543273108575415,45.45811965811966,348.51670486576245,UBE2T;UBE2C;UBE2S
program_23,Reactome,Nuclear Envelope Breakdown,4/9,0.0006112327551588716,0.003271892983497489,16.071125765426284,118.92685667197536,PLK1;CCNB2;CCNB1;CDK1
program_23,Reactome,SUMO E3 Ligases SUMOylate Target Proteins,5/16,0.0007953416062640162,0.004135776352572884,9.462554063282495,67.53177712973077,CDCA8;BIRC5;AURKA;AURKB;TOP2A
program_23,Reactome,SUMOylation,5/16,0.0007953416062640162,0.004135776352572884,9.462554063282495,67.53177712973077,CDCA8;BIRC5;AURKA;AURKB;TOP2A
program_23,Reactome,Maternal to Zygotic Transition (MZT),4/10,0.000979776564332527,0.005023079850944223,13.591470705460344,94.16423716799501,BIRC5;KPNA2;TUBB4B;H2AFX
program_23,Reactome,Vesicle-mediated Transport,12/95,0.002125647017879971,0.010746326590393188,3.074359755066139,18.91862319830681,TUBA1B;KIF11;KIF23;RACGAP1;CENPE;KIF20A;KIF2C;TUBA1C;KIF15;KIFC1;TUBB4B;KIF4A
program_23,Reactome,M-decay Degradation of Maternal mRNAs by Maternally Stored Factors,3/6,0.00217374378984872,0.01083894163705389,19.46153846153846,119.32461541103696,BIRC5;TUBB4B;KPNA2
program_23,Reactome,Organelle Biogenesis and Maintenance,7/38,0.0022206597244003377,0.010923245130834093,4.760631525337407,29.08722513031498,TUBA1B;TUBB;PLK1;TUBA1C;NEK2;CDK1;TUBB4B
program_23,Reactome,MASTL Facilitates Mitotic Progression,2/2,0.0024762381190595296,0.01201800900450225,96.47208121827411,578.9303831181006,CCNB1;CDK1
program_23,Reactome,APC C Cdc20 Mediated Degradation of Securin,4/13,0.002968725019014401,0.014218630354226868,9.284701390782656,54.033459021685815,CDC20;PTTG1;UBE2C;UBE2S
program_23,Reactome,Adaptive Immune System,14/128,0.0036406600995659705,0.016681962249184727,2.6154681071257286,14.687397247959824,TUBA1B;KIF11;KIF23;RACGAP1;CENPE;KIF20A;TUBA1C;CDC20;KIF15;UBE2S;KIF2C;TUBB4B;UBE2C;KIF4A
program_23,Reactome,Initiation of Nuclear Envelope (NE) Reformation,3/7,0.0036663653294911483,0.016681962249184727,15.128774928774929,84.85055842026019,CCNB2;CCNB1;CDK1
program_23,Reactome,Protein Ubiquitination,3/7,0.0036663653294911483,0.016681962249184727,15.128774928774929,84.85055842026019,UBE2T;UBE2C;UBE2S
program_23,Reactome,Sealing of the Nuclear Envelope (NE) by ESCRT-III,3/7,0.0036663653294911483,0.016681962249184727,15.128774928774929,84.85055842026019,TUBA1B;TUBB4B;TUBA1C
program_23,Reactome,Recycling Pathway of L1,4/14,0.0039982028768647425,0.017748120087545928,8.3960029607698,46.36197522457131,TUBA1B;TUBB4B;TUBA1C;KIF4A
program_23,Reactome,Senescence-Associated Secretory Phenotype (SASP),4/14,0.0039982028768647425,0.017748120087545928,8.3960029607698,46.36197522457131,UBE2S;CCNA2;UBE2C;H2AFX
program_23,Reactome,Regulation of TP53 Activity,5/23,0.004630403178493227,0.020306828397247408,5.860336776567143,31.499962635153448,TPX2;AURKA;AURKB;CCNA2;CDK1
program_23,Reactome,Post NMDA Receptor Activation Events,4/15,0.005245112339408003,0.02246142225346486,7.661860779454832,40.228282966931154,TUBA1B;KPNA2;TUBA1C;TUBB4B
program_23,Reactome,TP53 Regulates Transcription of Cell Cycle Genes,4/15,0.005245112339408003,0.02246142225346486,7.661860779454832,40.228282966931154,CDK1;CCNA2;CCNB1;AURKA
program_23,Reactome,Activation of AMPK Downstream of NMDARs,3/8,0.0056543305150540514,0.022512398471896997,12.37156177156177,64.02695888245289,TUBA1B;TUBB4B;TUBA1C
program_23,Reactome,Assembly and Cell Surface Presentation of NMDA Receptors,3/8,0.0056543305150540514,0.022512398471896997,12.37156177156177,64.02695888245289,TUBA1B;TUBB4B;TUBA1C
program_23,Reactome,Gap Junction Assembly,3/8,0.0056543305150540514,0.022512398471896997,12.37156177156177,64.02695888245289,TUBA1B;TUBB4B;TUBA1C
program_23,Reactome,Microtubule-dependent Trafficking of Connexons From Golgi to the Plasma Membrane,3/8,0.0056543305150540514,0.022512398471896997,12.37156177156177,64.02695888245289,TUBA1B;TUBB4B;TUBA1C
program_23,Reactome,Mitotic G1 Phase and G1 S Transition,8/56,0.005689946866523417,0.022512398471896997,3.5098913346336027,18.142819137766466,TYMS;CCNB1;TK1;CCNA2;RRM2;CDK1;CKS1B;TOP2A
program_23,Reactome,Post-chaperonin Tubulin Folding Pathway,3/8,0.0056543305150540514,0.022512398471896997,12.37156177156177,64.02695888245289,TUBA1B;TUBB4B;TUBA1C
program_23,Reactome,Transport of Connexons to the Plasma Membrane,3/8,0.0056543305150540514,0.022512398471896997,12.37156177156177,64.02695888245289,TUBA1B;TUBB4B;TUBA1C
program_23,Reactome,Activation of NMDA Receptors and Postsynaptic Events,4/16,0.006728369250455996,0.026334692550171856,7.045181347150259,35.23592833128189,TUBA1B;KPNA2;TUBA1C;TUBB4B
program_23,Reactome,Aberrant Regulation of Mitotic Exit in Cancer Due to RB1 Defects,2/3,0.007185800107260837,0.027532960410978365,32.1404399323181,158.63391117301023,UBE2C;UBE2S
program_23,Reactome,Establishment of Sister Chromatid Cohesion,2/3,0.007185800107260837,0.027532960410978365,32.1404399323181,158.63391117301023,CDCA5;ESCO2
program_23,Reactome,Carboxyterminal Post-Translational Modifications of Tubulin,3/9,0.008175879395001641,0.030367552038577526,10.462721893491125,50.28977374922062,TUBA1B;TUBB4B;TUBA1C
program_23,Reactome,Intraflagellar Transport,3/9,0.008175879395001641,0.030367552038577526,10.462721893491125,50.28977374922062,TUBA1B;TUBB4B;TUBA1C
program_23,Reactome,TP53 Regulates Transcription of Genes Involved in G2 Cell Cycle Arrest,3/9,0.008175879395001641,0.030367552038577526,10.462721893491125,50.28977374922062,CDK1;CCNB1;AURKA
program_23,Reactome,G1 S-Specific Transcription,4/17,0.008465583300120153,0.03112598304286602,6.51986183074266,31.111126948714876,TYMS;CDK1;RRM2;TK1
program_23,Reactome,Antiviral Mechanism by IFN-stimulated Genes,5/27,0.009474593115125786,0.034487518939057854,4.80826061663758,22.402366446825614,TUBA1B;KPNA2;TUBA1C;CDK1;TUBB4B
program_23,Reactome,G1 S Transition,7/49,0.009612866183842864,0.034644389018998044,3.5077068260459265,16.292080507708953,TYMS;CCNB1;TK1;CCNA2;RRM2;CDK1;CKS1B
program_23,Reactome,PKR-mediated Signaling,4/18,0.010472934697684316,0.03701114786366108,6.0670001786671435,27.659217186444035,TUBA1B;TUBB4B;TUBA1C;CDK1
program_23,Reactome,Regulation of TP53 Activity Through Phosphorylation,4/18,0.010472934697684316,0.03701114786366108,6.0670001786671435,27.659217186444035,TPX2;AURKB;CCNA2;AURKA
program_23,Reactome,COPI-independent Golgi-to-ER Retrograde Traffic,3/10,0.011259923465288401,0.039034401346333125,9.062905982905983,40.660777115391404,TUBA1B;TUBB4B;TUBA1C
program_23,Reactome,RHO GTPases Activate IQGAPs,3/10,0.011259923465288401,0.039034401346333125,9.062905982905983,40.660777115391404,TUBA1B;TUBB4B;TUBA1C
program_23,Reactome,G2 M Checkpoints,6/39,0.011437229530720579,0.039275014614927266,3.8343994314143566,17.143145467131912,CCNB2;PKMYT1;H2AFX;CCNB1;GTSE1;CDK1
program_23,Reactome,Post-translational Protein Modification,14/148,0.013231771647408339,0.04501275588464145,2.201624513827707,9.522321917231082,TUBA1B;CDCA8;BIRC5;TUBA1C;AURKA;CDC20;AURKB;CCNA2;CDK1;UBE2S;UBE2T;TUBB4B;UBE2C;TOP2A
program_23,Reactome,DNA Double Strand Break Response,2/4,0.013903470274206967,0.04518627839117264,19.274111675126903,82.4087158758063,KPNA2;H2AFX
program_23,Reactome,E2F-enabled Inhibition of Pre-Replication Complex Formation,2/4,0.013903470274206967,0.04518627839117264,19.274111675126903,82.4087158758063,CCNB1;CDK1
program_23,Reactome,Regulation of MITF-M-dependent Genes Involved in Cell Cycle and Proliferation,2/4,0.013903470274206967,0.04518627839117264,19.274111675126903,82.4087158758063,PLK1;CCNB1
program_23,Reactome,Regulation of TP53 Degradation,2/4,0.013903470274206967,0.04518627839117264,19.274111675126903,82.4087158758063,CCNA2;CDK1
program_23,Reactome,Regulation of TP53 Expression and Degradation,2/4,0.013903470274206967,0.04518627839117264,19.274111675126903,82.4087158758063,CCNA2;CDK1
program_23,Reactome,Aggrephagy,3/11,0.014927068832783899,0.04808365535516229,7.992458521870287,33.604923371703116,TUBA1B;TUBB4B;TUBA1C
program_24,Reactome,"Platelet Activation, Signaling and Aggregation",15/71,9.642620595028936e-07,0.0003471343414210417,5.9182839103658855,81.97949307457237,F13A1;CLEC1B;GNG11;PF4;FERMT3;TUBA4A;PPBP;GP9;SELP;LY6G6F;SPARC;TAGLN2;RAP1B;ITGA2B;CLU
program_24,Reactome,Platelet Degranulation,11/48,1.355991151684669e-05,0.0016271893820216027,6.385176908752328,71.56757089576378,F13A1;PF4;FERMT3;TUBA4A;PPBP;SELP;LY6G6F;SPARC;TAGLN2;ITGA2B;CLU
program_24,Reactome,Response to Elevated Platelet Cytosolic Ca2+,11/48,1.355991151684669e-05,0.0016271893820216027,6.385176908752328,71.56757089576378,F13A1;PF4;FERMT3;TUBA4A;PPBP;SELP;LY6G6F;SPARC;TAGLN2;ITGA2B;CLU
program_24,Reactome,Hemostasis,19/162,0.0002618858015269035,0.023569722137421315,2.9303563412496527,24.16841288309602,F13A1;PRKAR2B;TUBB1;GP9;SPARC;ESAM;PF4;NFE2;GNG11;CLEC1B;FERMT3;TUBA4A;SELP;LY6G6F;RAP1B;ITGA2B;PPBP;TAGLN2;CLU
program_25,GO_BP,Negative Regulation Of Canonical Wnt Signaling Pathway (GO:0090090),6/13,1.7378409080056256e-05,0.0097927335166117,17.36543209876543,190.3300325020268,FRZB;RBMS3;IGFBP2;APOE;MDK;DAB2
program_25,GO_BP,Skeletal System Development (GO:0001501),7/18,1.2822426565941588e-05,0.0097927335166117,13.179493141129969,148.45796023483388,MMP14;DLX5;FRZB;FBN1;COL1A2;CDH11;GJA1
program_25,GO_BP,Negative Regulation Of Wnt Signaling Pathway (GO:0030178),6/14,2.9187370435385203e-05,0.010964722160226375,15.314347961406785,159.90896743931458,FRZB;RBMS3;IGFBP2;APOE;MDK;DAB2
program_25,GO_BP,Regulation Of Epithelial To Mesenchymal Transition (GO:0010717),6/16,7.169440180566134e-05,0.02019989770874508,12.384227765180146,118.18389787289433,FOXC1;IL6;MDK;EFNA1;VASN;DAB2
program_25,GO_BP,Positive Regulation Of Leukocyte Chemotaxis (GO:0002690),6/17,0.0001063448475836571,0.023563232062565016,11.301357257878998,103.39412246976381,IL6;CSF1;RARRES2;MDK;CXCL12;PGF
program_25,GO_BP,Transmembrane Receptor Protein Tyrosine Kinase Signaling Pathway (GO:0007169),9/41,0.00012544755312811898,0.023563232062565016,5.9691467002942415,53.62456233421346,FOXC1;BCAR1;NTRK2;CSF1;RARRES2;EFNA1;PGF;DDR2;EPHB3
program_25,GO_BP,Extracellular Matrix Organization (GO:0030198),7/26,0.00019013681779057946,0.02380935484999812,7.739613327848622,66.31120096439274,MMP14;CYP1B1;ADAMTS1;CCDC80;LUM;COL1A2;DDR2
program_25,GO_BP,Positive Regulation Of Cell Differentiation (GO:0045597),9/42,0.00015310082318952198,0.02380935484999812,5.787863958894055,50.84299248741172,FOXC1;FRZB;IL6;CSF1;RARRES2;GJA1;MDK;DDR2;DAB2
program_25,GO_BP,Positive Regulation Of Leukocyte Migration (GO:0002687),4/7,0.00018358173699214837,0.02380935484999812,25.281273131014064,217.4910146228038,IL6;CSF1;MDK;THY1
program_25,GO_BP,Regulation Of Canonical Wnt Signaling Pathway (GO:0060828),6/20,0.0002945124569213125,0.03017413990457447,8.948914431673053,72.75636797619467,FRZB;RBMS3;IGFBP2;APOE;MDK;DAB2
program_25,GO_BP,Regulation Of Cold-Induced Thermogenesis (GO:0120161),6/20,0.0002945124569213125,0.03017413990457447,8.948914431673053,72.75636797619467,FABP4;EPAS1;LEPR;ID1;LAMA4;GJA1
program_25,GO_BP,Integrin-Mediated Signaling Pathway (GO:0007229),6/22,0.0005223653036489837,0.04592395433760322,7.855860189193523,59.3678619755204,BCAR1;ADAMTS1;FBLN1;PLPP3;THY1;DAB2
program_25,GO_BP,Positive Regulation Of Cell Projection Organization (GO:0031346),4/9,0.0006112327551588716,0.04592395433760322,16.071125765426284,118.92685667197536,MDK;APOE;NTRK2;DDR2
program_25,GO_BP,Positive Regulation Of Neuron Projection Development (GO:0010976),4/9,0.0006112327551588716,0.04592395433760322,16.071125765426284,118.92685667197536,MDK;APOE;NTRK2;DDR2
program_25,GO_BP,Regulation Of Cell Migration (GO:0030334),11/71,0.0005835063929632409,0.04592395433760322,3.9089062283577265,29.107494915265697,MMP14;CYP1B1;BCAR1;LMNA;CSF1;MDK;CXCL12;CDH11;THY1;IGFBP5;DAB2
program_25,GO_BP,Positive Regulation Of Protein Modification Process (GO:0031401),8/41,0.0007142818580225593,0.04735268552890732,5.122630092779347,37.109525526338096,EGR1;NTRK2;RARRES2;LEPR;EFNA1;NNMT;PGF;DAB2
program_25,GO_BP,Regulation Of Protein Phosphorylation (GO:0001932),8/41,0.0007142818580225593,0.04735268552890732,5.122630092779347,37.109525526338096,NTRK2;RARRES2;LEPR;EFNA1;FBLN1;PLPP3;PGF;DAB2
program_25,GO_BP,Negative Regulation Of Neuron Death (GO:1901215),5/16,0.0007953416062640162,0.049797221681085906,9.462554063282495,67.53177712973077,NTRK2;CSF1;APOE;MDK;CCL2
program_25,KEGG,TNF signaling pathway,8/19,1.4169244496106978e-06,0.00021253866744160466,15.098237367802586,203.3282935224272,MMP14;FOS;SOCS3;IL6;CSF1;VCAM1;CCL2;CXCL2
program_25,Reactome,Post-translational Protein Phosphorylation,12/28,1.9794197639670022e-09,4.157680849475762e-07,16.1316555384352,323.2858311651356,CYR61;IL6;CSF1;TIMP1;CHRDL1;CP;APOE;FBN1;VWA1;IGFBP5;TF;FSTL1
program_25,Reactome,Regulation of IGF Transport and Uptake by Insulin-like Growth Factor Binding Proteins (IGFBPs),13/34,2.1767962562700326e-09,4.157680849475762e-07,13.487441860465117,269.0125799893934,CYR61;IL6;IGFBP2;TIMP1;CSF1;CHRDL1;CP;FBN1;VWA1;APOE;IGFBP5;TF;FSTL1
program_25,Reactome,Extracellular Matrix Organization,14/63,1.2026665602343443e-06,0.0001531395420031732,6.270041455012553,85.46674278946934,MMP14;ADAMTS1;DCN;BGN;EFEMP2;TIMP1;FBN1;LUM;FBLN1;PCOLCE;COL1A2;LAMA4;VCAM1;DDR2
program_25,Reactome,Signaling by Receptor Tyrosine Kinases,14/71,5.541743743552945e-06,0.0005292365275093062,5.374365418446846,65.0470267964099,FOS;EGR1;BCAR1;PCSK6;NTRK2;APOE;MDK;EGR2;CXCL12;ID1;COL1A2;LAMA4;PGF;TF
program_25,Reactome,Signaling by NTRKs,7/18,1.2822426565941588e-05,0.0009796333896379373,13.179493141129969,148.45796023483388,FOS;EGR1;NTRK2;PCSK6;EGR2;ID1;TF
program_25,Reactome,NGF-stimulated Transcription,5/9,3.0411601545614204e-05,0.0019362052984041045,24.271669575334496,252.442023476998,FOS;EGR1;EGR2;ID1;TF
program_25,Reactome,Signaling by NTRK1 (TRKA),6/16,7.169440180566134e-05,0.003912465927108948,12.384227765180146,118.18389787289433,FOS;EGR1;NTRK2;EGR2;ID1;TF
program_25,Reactome,Nuclear Events (Kinase and Transcription Factor Activation),5/11,0.00010286453597209529,0.00491178159266755,16.78574305275876,154.12833133611247,FOS;EGR1;EGR2;ID1;TF
program_25,Reactome,Interleukin-6 Family Signaling,3/4,0.00046812994031470557,0.019869515244468613,45.45811965811966,348.51670486576245,SOCS3;IL6;OSMR
program_25,Reactome,Signaling by TGFB Family Members,6/23,0.000678404859525028,0.025915065633856073,7.40302343159486,54.01072894657113,MMP14;CHRDL1;TIMP1;FBN1;COL1A2;FSTL1
program_25,Reactome,Interleukin-4 and Interleukin-13 Signaling,7/32,0.0007588502419471406,0.026352799311255247,5.899653979238754,42.38138033591685,FOS;SOCS3;IL6;TIMP1;COL1A2;VCAM1;CCL2
program_25,Reactome,Plasma Lipoprotein Remodeling,3/5,0.0011277809186320611,0.03590102590978728,27.26051282051282,185.03082252376865,APOE;PCSK6;ANGPTL4
program_25,Reactome,Degradation of the Extracellular Matrix,6/27,0.001689483575093853,0.039774591082970684,6.012919896640827,38.38246623616805,MMP14;DCN;ADAMTS1;TIMP1;FBN1;COL1A2
program_25,Reactome,Diseases Associated With Glycosaminoglycan Metabolism,3/6,0.00217374378984872,0.039774591082970684,19.46153846153846,119.32461541103696,BGN;DCN;LUM
program_25,Reactome,Diseases of Metabolism,6/29,0.002498927188458891,0.039774591082970684,5.495328154902623,32.92742250153156,CYP1B1;FMO3;DCN;ADAMTS1;BGN;LUM
program_25,Reactome,ECM Proteoglycans,5/20,0.0024050012359762723,0.039774591082970684,7.0057422732646515,42.24606111469227,DCN;BGN;LUM;COL1A2;LAMA4
program_25,Reactome,Interleukin-10 Signaling,5/18,0.0014398534086455697,0.039774591082970684,8.052162109753732,52.687019606274696,IL6;CSF1;TIMP1;CCL2;CXCL2
program_25,Reactome,Interleukin-6 Signaling,2/2,0.0024762381190595296,0.039774591082970684,96.47208121827411,578.9303831181006,SOCS3;IL6
program_25,Reactome,Regulation of CDH11 Expression and Function,2/2,0.0024762381190595296,0.039774591082970684,96.47208121827411,578.9303831181006,CDH11;ANGPTL4
program_25,Reactome,Regulation of CDH11 Function,2/2,0.0024762381190595296,0.039774591082970684,96.47208121827411,578.9303831181006,CDH11;ANGPTL4
program_25,Reactome,Regulation of Expression and Function of Type II Classical Cadherins,2/2,0.0024762381190595296,0.039774591082970684,96.47208121827411,578.9303831181006,CDH11;ANGPTL4
program_25,Reactome,Regulation of Homotypic Cell-Cell Adhesion,2/2,0.0024762381190595296,0.039774591082970684,96.47208121827411,578.9303831181006,CDH11;ANGPTL4
program_25,Reactome,Signaling by Leptin,2/2,0.0024762381190595296,0.039774591082970684,96.47208121827411,578.9303831181006,SOCS3;LEPR
program_25,Reactome,TGFBR3 PTM Regulation,2/2,0.0024762381190595296,0.039774591082970684,96.47208121827411,578.9303831181006,MMP14;TIMP1
program_26,GO_BP,Extracellular Matrix Organization (GO:0030198),11/26,1.168877206804731e-08,1.2027746458020682e-05,15.630383852946476,285.48328893605236,COL3A1;COL1A1;CYP1B1;NID1;CCDC80;COL14A1;LUM;COL1A2;GSN;GAS6;DDR2
program_26,GO_BP,Collagen Fibril Organization (GO:0030199),7/10,6.745143790584553e-08,3.4703764802557524e-05,43.48739495798319,718.0576875712,COL3A1;COL1A1;CYP1B1;COL14A1;LUM;COL1A2;DDR2
program_26,GO_BP,Skeletal System Development (GO:0001501),7/18,1.2822426565941588e-05,0.004398092312117964,13.179493141129969,148.45796023483388,ALPL;COL1A1;DLX5;FRZB;FBN1;COL1A2;CDH11
program_26,GO_BP,Supramolecular Fiber Organization (GO:0097435),10/41,1.911273575603225e-05,0.004916751273239297,6.885819521178637,74.81550088650168,COL3A1;COL1A1;TNFAIP6;CYP1B1;EMILIN1;COL14A1;LUM;COL1A2;GSN;DDR2
program_26,GO_BP,Positive Regulation Of Cell Differentiation (GO:0045597),10/42,2.405222956964116e-05,0.0049499488454321505,6.670378240543986,70.94135937211493,KITLG;ADIRF;COL1A1;FOXC1;NID1;FRZB;CSF1;RARRES2;MDK;DDR2
program_26,GO_BP,External Encapsulating Structure Organization (GO:0045229),5/11,0.00010286453597209529,0.015121086787898008,16.78574305275876,154.12833133611247,COL3A1;COL1A1;CCDC80;COL14A1;COL1A2
program_26,GO_BP,Extracellular Structure Organization (GO:0043062),5/11,0.00010286453597209529,0.015121086787898008,16.78574305275876,154.12833133611247,COL3A1;COL1A1;CCDC80;COL14A1;COL1A2
program_26,GO_BP,Negative Regulation Of Canonical Wnt Signaling Pathway (GO:0090090),5/13,0.00026437215869098935,0.0336725909080034,12.82260548198337,105.63458268395748,FRZB;RBMS3;IGFBP2;APOE;MDK
program_26,GO_BP,Regulation Of Canonical Wnt Signaling Pathway (GO:0060828),6/20,0.0002945124569213125,0.0336725909080034,8.948914431673053,72.75636797619467,COL1A1;FRZB;RBMS3;IGFBP2;APOE;MDK
program_26,GO_BP,Negative Regulation Of Wnt Signaling Pathway (GO:0030178),5/14,0.00039503037438854744,0.04064862552458153,11.466795260402314,89.86009030425846,FRZB;RBMS3;IGFBP2;APOE;MDK
program_26,GO_BP,Positive Regulation Of Macromolecule Metabolic Process (GO:0010604),10/58,0.0004351840862521805,0.04070949315940852,4.431565757247822,34.29917308939976,TNC;EMILIN1;EGR1;NTRK2;C1QTNF1;RBMS3;CSF1;ANGPT1;GSN;GAS6
program_26,GO_BP,Negative Regulation Of Cell Motility (GO:2000146),6/22,0.0005223653036489837,0.04479282478790035,7.855860189193523,59.3678619755204,EMILIN1;CYP1B1;FBLN1;CDH11;IGFBP5;THY1
program_26,GO_BP,Positive Regulation Of Cell Projection Organization (GO:0031346),4/9,0.0006112327551588716,0.04492560750417707,16.071125765426284,118.92685667197536,MDK;APOE;NTRK2;DDR2
program_26,GO_BP,Positive Regulation Of Neuron Projection Development (GO:0010976),4/9,0.0006112327551588716,0.04492560750417707,16.071125765426284,118.92685667197536,MDK;APOE;NTRK2;DDR2
program_26,Reactome,Regulation of IGF Transport and Uptake by Insulin-like Growth Factor Binding Proteins (IGFBPs),16/34,4.827061430141396e-13,1.45294549047256e-10,19.869662561970255,563.4910791075492,TNC;SPARCL1;MXRA8;PAPPA;CSF1;IGFBP2;CHRDL1;CP;APOE;FBN1;VWA1;GAS6;IGFBP5;IGFBP7;TF;FSTL1
program_26,Reactome,Post-translational Protein Phosphorylation,14/28,5.5348706390826495e-12,8.329980311819388e-10,21.809248554913296,565.2946957962196,TNC;SPARCL1;MXRA8;CSF1;CHRDL1;CP;APOE;FBN1;VWA1;GAS6;IGFBP5;IGFBP7;TF;FSTL1
program_26,Reactome,Extracellular Matrix Organization,15/63,1.795692403305804e-07,1.801678044650157e-05,6.9243986254295535,107.55464089772401,COL3A1;TNC;COL1A1;EMILIN1;DCN;NID1;BGN;COL14A1;LUM;FBN1;FBLN1;PCOLCE;VCAM1;COL1A2;DDR2
program_26,Reactome,ECM Proteoglycans,7/20,2.8743058710520992e-05,0.0021629151679667044,11.215092097445039,117.27749945484948,COL3A1;TNC;COL1A1;DCN;BGN;LUM;COL1A2
program_26,Reactome,Collagen Biosynthesis and Modifying Enzymes,5/10,5.8417041398388034e-05,0.003516705892182959,19.848167539267017,193.47801003340456,COL3A1;COL1A1;COL14A1;PCOLCE;COL1A2
program_26,Reactome,Integrin Cell Surface Interactions,7/23,8.025322866685712e-05,0.004026036971453999,9.161400097228974,86.39496721754708,COL3A1;TNC;COL1A1;FBN1;LUM;COL1A2;VCAM1
program_26,Reactome,Collagen Chain Trimerization,4/7,0.00018358173699214837,0.00789401469066238,25.281273131014064,217.4910146228038,COL3A1;COL1A1;COL1A2;COL14A1
program_26,Reactome,Degradation of the Extracellular Matrix,7/27,0.0002462620974757288,0.009265611417524296,7.358158340941698,61.13977760568426,COL3A1;COL1A1;DCN;NID1;COL14A1;FBN1;COL1A2
program_26,Reactome,Scavenging by Class A Receptors,4/8,0.0003530900202196461,0.011808899565123718,19.65284974093264,156.21632672869652,COL3A1;COL1A1;APOE;COL1A2
program_26,Reactome,Assembly of Collagen Fibrils and Other Multimeric Structures,5/15,0.0005692018548707801,0.01713297583161048,10.369234604836699,77.47140776234725,COL3A1;COL1A1;COL14A1;PCOLCE;COL1A2
program_26,Reactome,Collagen Formation,5/17,0.0010824235890474993,0.02828850470902087,8.700942408376964,59.41484367141285,COL3A1;COL1A1;COL14A1;PCOLCE;COL1A2
program_26,Reactome,Crosslinking of Collagen Fibrils,3/5,0.0011277809186320611,0.02828850470902087,27.26051282051282,185.03082252376865,COL1A1;PCOLCE;COL1A2
program_26,Reactome,Collagen Degradation,4/11,0.0014808691519670604,0.030087083349045047,11.773056994818653,76.70295088884967,COL3A1;COL1A1;COL1A2;COL14A1
program_26,Reactome,Diseases Associated With Glycosaminoglycan Metabolism,3/6,0.00217374378984872,0.030087083349045047,19.46153846153846,119.32461541103696,BGN;DCN;LUM
program_26,Reactome,Diseases of Hemostasis,3/6,0.00217374378984872,0.030087083349045047,19.46153846153846,119.32461541103696,SERPING1;COL1A1;COL1A2
program_26,Reactome,Diseases of Metabolism,6/29,0.002498927188458891,0.030087083349045047,5.495328154902623,32.92742250153156,CYP1B1;FMO3;DCN;BGN;NOTCH3;LUM
program_26,Reactome,IL-6-type Cytokine Receptor Ligand Interactions,2/2,0.0024762381190595296,0.030087083349045047,96.47208121827411,578.9303831181006,OSMR;LIFR
program_26,Reactome,Non-integrin membrane-ECM Interactions,5/18,0.0014398534086455697,0.030087083349045047,8.052162109753732,52.687019606274696,COL3A1;TNC;COL1A1;COL1A2;DDR2
program_26,Reactome,Post-translational Protein Modification,16/148,0.0020917321768811233,0.030087083349045047,2.606252093334822,16.07995711774696,TNC;ALPL;SPARCL1;MXRA8;FSTL1;CSF1;CHRDL1;CP;APOE;FBN1;VWA1;GAS6;IGFBP5;IGFBP7;TF;THY1
program_26,Reactome,Regulation of CDH11 Expression and Function,2/2,0.0024762381190595296,0.030087083349045047,96.47208121827411,578.9303831181006,CDH11;ANGPTL4
program_26,Reactome,Regulation of CDH11 Function,2/2,0.0024762381190595296,0.030087083349045047,96.47208121827411,578.9303831181006,CDH11;ANGPTL4
program_26,Reactome,Regulation of Expression and Function of Type II Classical Cadherins,2/2,0.0024762381190595296,0.030087083349045047,96.47208121827411,578.9303831181006,CDH11;ANGPTL4
program_26,Reactome,Regulation of Homotypic Cell-Cell Adhesion,2/2,0.0024762381190595296,0.030087083349045047,96.47208121827411,578.9303831181006,CDH11;ANGPTL4
program_26,Reactome,Signaling by Receptor Tyrosine Kinases,10/71,0.002230011096006023,0.030087083349045047,3.4702870233122223,21.18870054276113,KITLG;COL3A1;COL1A1;EGR1;NTRK2;APOE;MDK;CXCL12;COL1A2;TF
program_26,Reactome,Syndecan Interactions,4/12,0.0021366164466071974,0.030087083349045047,10.382505333739713,63.83716421773965,COL3A1;TNC;COL1A1;COL1A2
program_26,Reactome,Diseases of Glycosylation,4/14,0.0039982028768647425,0.044572557997640275,8.3960029607698,46.36197522457131,NOTCH3;BGN;DCN;LUM
program_26,Reactome,Phase I - Functionalization of Compounds,4/14,0.0039982028768647425,0.044572557997640275,8.3960029607698,46.36197522457131,EPHX1;CYP1B1;FMO2;FMO3
program_27,GO_BP,Regulation Of Angiogenesis (GO:0045765),12/39,1.6050371579762792e-07,0.0001948515109783203,9.622496147919877,150.54345901639672,FOXC1;CYP1B1;EMILIN1;DCN;ADAMTS1;IL6;EMP2;SERPINE1;SPARC;HMOX1;CXCL8;ANGPTL4
program_27,GO_BP,Negative Regulation Of Cell Population Proliferation (GO:0008285),14/58,4.0202853454784713e-07,0.0002440313204705432,6.99337533285705,102.98963961674202,APOD;CYP1B1;ADAMTS1;ZNF503;FRZB;IL6;APOE;FBLN1;BMP2;HMOX1;CXCL8;LMNA;IGFBP5;IGFBP7
program_27,GO_BP,Negative Regulation Of Cellular Process (GO:0048523),14/72,6.597393288715347e-06,0.0026697451508334775,5.279630453040857,62.979845515062436,CYP1B1;EMILIN1;ADAMTS1;ZNF503;FRZB;IL6;ANGPT1;MDK;FBLN1;BMP2;CXCL8;LMNA;IGFBP7;GJA1
program_27,GO_BP,Negative Regulation Of Canonical Wnt Signaling Pathway (GO:0090090),6/13,1.7378409080056256e-05,0.0030139126604554704,17.36543209876543,190.3300325020268,FRZB;IGFBP2;APOE;TPBG;MDK;BMP2
program_27,GO_BP,Positive Regulation Of Angiogenesis (GO:0045766),8/24,1.1184198671094565e-05,0.0030139126604554704,10.495167895167896,119.65549952322282,EMILIN1;CYP1B1;MDK;EMP2;SERPINE1;HMOX1;CXCL8;ANGPTL4
program_27,GO_BP,Regulation Of Endothelial Cell Migration (GO:0010594),6/13,1.7378409080056256e-05,0.0030139126604554704,17.36543209876543,190.3300325020268,DCN;APOE;ANGPT1;EMP2;PLPP3;SPARC
program_27,GO_BP,Skeletal System Development (GO:0001501),7/18,1.2822426565941588e-05,0.0030139126604554704,13.179493141129969,148.45796023483388,MMP14;ALPL;FRZB;FBN1;BMP2;CDH11;GJA1
program_27,GO_BP,Negative Regulation Of Transmembrane Receptor Protein Serine/Threonine Kinase Signaling Pathway (GO:0090101),6/14,2.9187370435385203e-05,0.003543346770855764,15.314347961406785,159.90896743931458,TNFAIP6;EMILIN1;CHRDL1;FST;BMP2;VASN
program_27,GO_BP,Negative Regulation Of Wnt Signaling Pathway (GO:0030178),6/14,2.9187370435385203e-05,0.003543346770855764,15.314347961406785,159.90896743931458,FRZB;IGFBP2;APOE;TPBG;MDK;BMP2
program_27,GO_BP,Positive Regulation Of Multicellular Organismal Process (GO:0051240),12/60,2.377334063330231e-05,0.003543346770855764,5.394897780884151,57.43918398137553,ALPL;FOXC1;EPAS1;IL6;LEPR;APOE;MDK;SERPINE1;FST;BMP2;GAS6;GJA1
program_27,GO_BP,Regulation Of ERK1 And ERK2 Cascade (GO:0070372),10/44,3.728633224685543e-05,0.004115055213425681,6.276963728080711,64.00546928858655,EMILIN1;NTRK2;APOE;ANGPT1;FN1;FBLN1;BMP2;CCL2;GAS6;TIMP3
program_27,GO_BP,Positive Regulation Of Vasculature Development (GO:1904018),7/22,5.8194558259043985e-05,0.005887349477206617,9.757633258582025,95.1536947964647,EMILIN1;CYP1B1;EMP2;SERPINE1;HMOX1;CXCL8;ANGPTL4
program_27,GO_BP,Positive Regulation Of Leukocyte Chemotaxis (GO:0002690),6/17,0.0001063448475836571,0.009930972689735362,11.301357257878998,103.39412246976381,IL6;RARRES2;MDK;SERPINE1;CXCL12;GAS6
program_27,GO_BP,Circulatory System Development (GO:0072359),6/18,0.0001531060580925149,0.010326153029128505,10.391746031746031,91.28504274926426,PDLIM4;FOXC1;FN1;FBN1;BMP2;GJA1
program_27,GO_BP,Negative Regulation Of Multicellular Organismal Process (GO:0051241),8/33,0.00014492841253773683,0.010326153029128505,6.758558558558558,59.740728263051835,EMILIN1;ADM;MDK;BMP2;VASN;LAMA4;GAS6;GJA1
program_27,GO_BP,Regulation Of Cell Migration (GO:0030334),12/71,0.00013690012716754537,0.010326153029128505,4.3714095807814655,38.88919137441779,TNC;MMP14;CYP1B1;EMILIN1;MDK;SERPINE1;CXCL12;BMP2;CDH11;LMNA;IGFBP5;ENPP2
program_27,GO_BP,Regulation Of Protein Phosphorylation (GO:0001932),9/41,0.00012544755312811898,0.010326153029128505,5.9691467002942415,53.62456233421346,NTRK2;RARRES2;LEPR;ANGPT1;FN1;FBLN1;BMP2;PLPP3;GAS6
program_27,GO_BP,Regulation Of Smooth Muscle Cell Proliferation (GO:0048660),6/18,0.0001531060580925149,0.010326153029128505,10.391746031746031,91.28504274926426,APOD;IL6;APOE;BMP2;HMOX1;IGFBP5
program_27,GO_BP,Negative Regulation Of Smooth Muscle Cell Proliferation (GO:0048662),5/12,0.00016937456268678434,0.010822143110618748,14.53996509598604,126.25630308220902,APOD;APOE;BMP2;HMOX1;IGFBP5
program_27,GO_BP,Negative Regulation Of Cell Migration (GO:0030336),7/26,0.00019013681779057946,0.011541304839888173,7.739613327848622,66.31120096439274,EMILIN1;CYP1B1;SERPINE1;HMOX1;CDH11;IGFBP5;GJA1
program_27,GO_BP,Positive Regulation Of Developmental Process (GO:0051094),7/27,0.0002462620974757288,0.014236294587406417,7.358158340941698,61.13977760568426,DCN;APOE;MDK;FST;BMP2;ENPP2;GJA1
program_27,GO_BP,Negative Regulation Of Cell Adhesion (GO:0007162),5/13,0.00026437215869098935,0.014588536393220958,12.82260548198337,105.63458268395748,CYP1B1;ANGPT1;MDK;SERPINE1;FBLN1
program_27,GO_BP,Regulation Of Canonical Wnt Signaling Pathway (GO:0060828),6/20,0.0002945124569213125,0.015545135769672756,8.948914431673053,72.75636797619467,FRZB;IGFBP2;TPBG;APOE;MDK;BMP2
program_27,GO_BP,Regulation Of Cell Population Proliferation (GO:0042127),16/125,0.0003138212896508896,0.0158741269015075,3.1946988733079356,25.77063547190498,CYP1B1;EMILIN1;ADAMTS1;ZNF503;FRZB;NTRK2;IL6;AKR1C2;FN1;EMP2;OSMR;BMP2;CXCL8;ESM1;LMNA;IGFBP7
program_27,GO_BP,Negative Regulation Of Signal Transduction (GO:0009968),8/37,0.00034102281892904124,0.016486587867178857,5.8296839212093445,46.541638158986146,MMP14;APOD;EMILIN1;DCN;FRZB;BMP2;CXCL8;IGFBP5
program_27,GO_BP,Regulation Of BMP Signaling Pathway (GO:0030510),4/8,0.0003530900202196461,0.016486587867178857,19.65284974093264,156.21632672869652,FST;CHRDL1;TNFAIP6;FSTL1
program_27,GO_BP,Heart Development (GO:0007507),6/21,0.0003957732821790001,0.01715959873447522,8.367127496159755,65.55367466766991,PDLIM4;FOXC1;FN1;FBN1;BMP2;GJA1
program_27,GO_BP,Positive Regulation Of Epithelial To Mesenchymal Transition (GO:0010718),5/14,0.00039503037438854744,0.01715959873447522,11.466795260402314,89.86009030425846,FOXC1;IL6;MDK;EMP2;BMP2
program_27,GO_BP,Bleb Assembly (GO:0032060),3/4,0.00046812994031470557,0.017759679610689142,45.45811965811966,348.51670486576245,PMP22;EMP1;EMP2
program_27,GO_BP,Endodermal Cell Differentiation (GO:0035987),3/4,0.00046812994031470557,0.017759679610689142,45.45811965811966,348.51670486576245,MMP14;FN1;COL6A1
program_27,GO_BP,Positive Regulation Of Macromolecule Metabolic Process (GO:0010604),10/58,0.0004351840862521805,0.017759679610689142,4.431565757247822,34.29917308939976,TNC;EMILIN1;NTRK2;IL6;FN1;ANGPT1;BMP2;CXCL8;GAS6;GJA1
program_27,GO_BP,Regulation Of Vasculature Development (GO:1901342),3/4,0.00046812994031470557,0.017759679610689142,45.45811965811966,348.51670486576245,IL6;HMOX1;EMP2
program_27,GO_BP,Negative Regulation Of Cell Motility (GO:2000146),6/22,0.0005223653036489837,0.019216711473632308,7.855860189193523,59.3678619755204,EMILIN1;CYP1B1;SERPINE1;FBLN1;CDH11;IGFBP5
program_27,GO_BP,Regulation Of Endothelial Cell Apoptotic Process (GO:2000351),4/9,0.0006112327551588716,0.02182460484596677,16.071125765426284,118.92685667197536,SERPINE1;GAS6;ANGPT1;CCL2
program_27,GO_BP,Regulation Of Epithelial To Mesenchymal Transition (GO:0010717),5/16,0.0007953416062640162,0.027586991714414734,9.462554063282495,67.53177712973077,FOXC1;IL6;MDK;BMP2;VASN
program_27,GO_BP,Inflammatory Response (GO:0006954),9/52,0.0008306382922374037,0.028010969077116893,4.4334526725708185,31.44788133589922,TNFAIP6;CCL2;ADM;IL6;BMP2;VCAM1;CXCL8;GGT5;CXCL2
program_27,GO_BP,Positive Regulation Of Gene Expression (GO:0010628),11/75,0.0009431775336781501,0.030751313545457664,3.65852496643714,25.486221602056933,TNC;EMILIN1;NTRK2;IL6;FN1;ANGPT1;VIM;BMP2;CXCL8;GAS6;GJA1
program_27,GO_BP,Regulation Of Fat Cell Differentiation (GO:0045598),4/10,0.000979776564332527,0.030751313545457664,13.591470705460344,94.16423716799501,FRZB;IL6;BMP2;RARRES2
program_27,GO_BP,Regulation Of Gene Expression (GO:0010468),14/112,0.0009878922802906498,0.030751313545457664,3.067544966403568,21.227217587652866,TNC;FOXC1;EMILIN1;NTRK2;ZNF503;IL6;APOE;ANGPT1;FN1;BMP2;MLF1;CXCL8;GAS6;GJA1
program_27,GO_BP,Cellular Response To Molecule Of Bacterial Origin (GO:0071219),6/25,0.0010967759511660677,0.03184014035393773,6.63668430335097,45.23152783214645,IL6;SERPINE1;VIM;CXCL8;CCL2;CXCL2
program_27,GO_BP,Endoderm Formation (GO:0001706),3/5,0.0011277809186320611,0.03184014035393773,27.26051282051282,185.03082252376865,MMP14;FN1;COL6A1
program_27,GO_BP,Negative Regulation Of Angiogenesis (GO:0016525),5/17,0.0010824235890474993,0.03184014035393773,8.700942408376964,59.41484367141285,FOXC1;EMILIN1;DCN;SERPINE1;SPARC
program_27,GO_BP,Negative Regulation Of BMP Signaling Pathway (GO:0030514),3/5,0.0011277809186320611,0.03184014035393773,27.26051282051282,185.03082252376865,FBN1;CHRDL1;TNFAIP6
program_27,GO_BP,Extracellular Matrix Organization (GO:0030198),6/26,0.0013687676911787153,0.03776554493388547,6.309588333978578,41.60444395103973,MMP14;CYP1B1;ADAMTS1;COL14A1;LUM;GAS6
program_27,GO_BP,Positive Regulation Of Cell Population Proliferation (GO:0008284),12/93,0.0017626033455316857,0.04755112136612148,3.1532702505978993,19.994771215402633,NTRK2;IL6;AKR1C2;FN1;MDK;EMP2;OSMR;BMP2;HMOX1;ESM1;GAS6;GJA1
program_27,GO_BP,Camera-Type Eye Development (GO:0043010),2/2,0.0024762381190595296,0.048622385461536695,96.47208121827411,578.9303831181006,FBN1;CYP1B1
program_27,GO_BP,Eye Development (GO:0001654),3/6,0.00217374378984872,0.048622385461536695,19.46153846153846,119.32461541103696,FBN1;CHRDL1;FOXC1
program_27,GO_BP,Eye Morphogenesis (GO:0048592),2/2,0.0024762381190595296,0.048622385461536695,96.47208121827411,578.9303831181006,FBN1;ALDH1A3
program_27,GO_BP,Negative Regulation Of Dendritic Cell Apoptotic Process (GO:2000669),2/2,0.0024762381190595296,0.048622385461536695,96.47208121827411,578.9303831181006,CXCL12;GAS6
program_27,GO_BP,Negative Regulation Of Epithelial Cell Apoptotic Process (GO:1904036),3/6,0.00217374378984872,0.048622385461536695,19.46153846153846,119.32461541103696,SERPINE1;GAS6;MDK
program_27,GO_BP,Negative Regulation Of Leukocyte Migration (GO:0002686),2/2,0.0024762381190595296,0.048622385461536695,96.47208121827411,578.9303831181006,EMILIN1;HMOX1
program_27,GO_BP,Negative Regulation Of MAPK Cascade (GO:0043409),5/19,0.0018773790412125332,0.048622385461536695,7.492868748871637,47.039320385042586,EMILIN1;APOE;FBLN1;BMP2;TIMP3
program_27,GO_BP,Negative Regulation Of Neuron Apoptotic Process (GO:0043524),4/12,0.0021366164466071974,0.048622385461536695,10.382505333739713,63.83716421773965,MDK;APOE;NTRK2;CCL2
program_27,GO_BP,Negative Regulation Of Transforming Growth Factor Beta Receptor Signaling Pathway (GO:0030512),4/12,0.0021366164466071974,0.048622385461536695,10.382505333739713,63.83716421773965,FBN1;BMP2;VASN;EMILIN1
program_27,GO_BP,Peptide Hormone Secretion (GO:0030072),2/2,0.0024762381190595296,0.048622385461536695,96.47208121827411,578.9303831181006,IL6;GAL
program_27,GO_BP,Positive Regulation Of Intracellular Signal Transduction (GO:1902533),10/72,0.0024831860779368,0.048622385461536695,3.412906077348066,20.471337036065112,DCN;NTRK2;IL6;AKR1C2;FN1;ANGPT1;BMP2;HMOX1;GAS6;GJA1
program_27,GO_BP,Positive Regulation Of Morphogenesis Of An Epithelium (GO:1905332),2/2,0.0024762381190595296,0.048622385461536695,96.47208121827411,578.9303831181006,MDK;GJA1
program_27,GO_BP,Regulation Of Anatomical Structure Morphogenesis (GO:0022603),4/12,0.0021366164466071974,0.048622385461536695,10.382505333739713,63.83716421773965,IL6;SPARC;HMOX1;EMP2
program_27,GO_BP,Regulation Of Cell Adhesion (GO:0030155),6/28,0.002064336796737561,0.048622385461536695,5.742621987066432,35.50632318324179,TNC;ANGPT1;MDK;CXCL12;FBLN1;CXCL8
program_27,GO_BP,Regulation Of Cold-Induced Thermogenesis (GO:0120161),5/20,0.0024050012359762723,0.048622385461536695,7.0057422732646515,42.24606111469227,ALPL;EPAS1;LEPR;LAMA4;GJA1
program_27,GO_BP,Regulation Of Dendritic Cell Apoptotic Process (GO:2000668),2/2,0.0024762381190595296,0.048622385461536695,96.47208121827411,578.9303831181006,CXCL12;GAS6
program_27,GO_BP,Response To Chemokine (GO:1990868),2/2,0.0024762381190595296,0.048622385461536695,96.47208121827411,578.9303831181006,CXCL12;FOXC1
program_27,KEGG,AGE-RAGE signaling pathway in diabetic complications,6/19,0.00021478163745807506,0.027921612869549757,9.616892024299432,81.22319953941766,IL6;FN1;SERPINE1;CXCL8;VCAM1;CCL2
program_27,KEGG,Coronavirus disease,6/29,0.002498927188458891,0.046408647785665114,5.495328154902623,32.92742250153156,C1R;IL6;C1S;CXCL8;CCL2;CFD
program_27,KEGG,Cytokine-cytokine receptor interaction,9/55,0.0012660524819232998,0.046408647785665114,4.140725071978377,27.62630278755059,TNFRSF12A;IL6;LEPR;CXCL12;OSMR;BMP2;CXCL8;CCL2;CXCL2
program_27,KEGG,HIF-1 signaling pathway,5/20,0.0024050012359762723,0.046408647785665114,7.0057422732646515,42.24606111469227,IL6;ANGPT1;SERPINE1;HMOX1;TF
program_27,KEGG,Pertussis,5/18,0.0014398534086455697,0.046408647785665114,8.052162109753732,52.687019606274696,SERPING1;C1R;C1S;IL6;CXCL8
program_27,KEGG,Rheumatoid arthritis,6/29,0.002498927188458891,0.046408647785665114,5.495328154902623,32.92742250153156,IL6;ANGPT1;CXCL12;CXCL8;CCL2;CXCL2
program_27,KEGG,TNF signaling pathway,5/19,0.0018773790412125332,0.046408647785665114,7.492868748871637,47.039320385042586,MMP14;IL6;VCAM1;CCL2;CXCL2
program_27,Reactome,Regulation of IGF Transport and Uptake by Insulin-like Growth Factor Binding Proteins (IGFBPs),16/34,4.827061430141396e-13,1.8922080806154275e-10,19.869662561970255,563.4910791075492,TNC;CYR61;SPARCL1;PAPPA;IL6;IGFBP2;CHRDL1;CP;APOE;FN1;FBN1;GAS6;IGFBP5;IGFBP7;TF;FSTL1
program_27,Reactome,Post-translational Protein Phosphorylation,14/28,5.5348706390826495e-12,1.0848346452601994e-09,21.809248554913296,565.2946957962196,TNC;CYR61;SPARCL1;IL6;CHRDL1;CP;APOE;FN1;FBN1;GAS6;IGFBP5;IGFBP7;TF;FSTL1
program_27,Reactome,Extracellular Matrix Organization,17/63,3.016515727297239e-09,3.9415805503350594e-07,8.358444401519542,163.98568651920664,MMP14;TNC;EMILIN1;ADAMTS1;DCN;FN1;COL14A1;LUM;SPARC;FBN1;SERPINE1;LAMA4;COL6A1;FBLN1;BMP2;VCAM1;PCOLCE
program_27,Reactome,ECM Proteoglycans,8/20,2.2647084913218154e-06,0.00022194143214953794,13.883027027027026,180.4524808735337,TNC;DCN;FN1;SERPINE1;LUM;SPARC;LAMA4;COL6A1
program_27,Reactome,Molecules Associated With Elastic Fibres,5/8,1.407345376465057e-05,0.0011033587751486046,31.222887060583396,348.7977480958761,EMILIN1;FN1;FBN1;FBLN1;BMP2
program_27,Reactome,Elastic Fibre Formation,5/9,3.0411601545614204e-05,0.001986891300980128,24.271669575334496,252.442023476998,EMILIN1;FN1;FBN1;FBLN1;BMP2
program_27,Reactome,Platelet Degranulation,10/48,8.306843875588783e-05,0.0036180919991453367,5.612757408337519,52.73660270962279,CFD;SERPING1;RARRES2;FN1;SERPINE1;SPARC;GAS6;TIMP3;TF;SELENOP
program_27,Reactome,Response to Elevated Platelet Cytosolic Ca2+,10/48,8.306843875588783e-05,0.0036180919991453367,5.612757408337519,52.73660270962279,CFD;SERPING1;RARRES2;FN1;SERPINE1;SPARC;GAS6;TIMP3;TF;SELENOP
program_27,Reactome,Signaling by TGFB Family Members,7/23,8.025322866685712e-05,0.0036180919991453367,9.161400097228974,86.39496721754708,MMP14;CHRDL1;FBN1;SERPINE1;BMP2;FST;FSTL1
program_27,Reactome,Degradation of the Extracellular Matrix,7/27,0.0002462620974757288,0.009653474221048569,7.358158340941698,61.13977760568426,MMP14;DCN;ADAMTS1;FN1;COL14A1;FBN1;COL6A1
program_27,Reactome,Integrin Cell Surface Interactions,6/23,0.000678404859525028,0.02417588226671009,7.40302343159486,54.01072894657113,TNC;FN1;FBN1;LUM;VCAM1;COL6A1
program_27,Reactome,Interleukin-4 and Interleukin-13 Signaling,7/32,0.0007588502419471406,0.024789107903606594,5.899653979238754,42.38138033591685,IL6;FN1;VIM;HMOX1;VCAM1;CXCL8;CCL2
program_27,Reactome,Signaling by BMP,3/5,0.0011277809186320611,0.034006932315674455,27.26051282051282,185.03082252376865,BMP2;CHRDL1;FSTL1
program_27,Reactome,Diseases of Metabolism,6/29,0.002498927188458891,0.04897897289379426,5.495328154902623,32.92742250153156,CYP1B1;FMO3;DCN;ADAMTS1;NOTCH3;LUM
program_27,Reactome,"Platelet Activation, Signaling and Aggregation",10/71,0.002230011096006023,0.04897897289379426,3.4702870233122223,21.18870054276113,CFD;SERPING1;RARRES2;FN1;SERPINE1;SPARC;GAS6;TIMP3;TF;SELENOP
program_27,Reactome,Post-translational Protein Modification,16/148,0.0020917321768811233,0.04897897289379426,2.606252093334822,16.07995711774696,TNC;ALPL;SPARCL1;CYR61;ADAMTS1;IL6;CHRDL1;CP;APOE;FN1;FBN1;GAS6;IGFBP5;IGFBP7;TF;FSTL1
program_27,Reactome,Regulation of CDH11 Expression and Function,2/2,0.0024762381190595296,0.04897897289379426,96.47208121827411,578.9303831181006,CDH11;ANGPTL4
program_27,Reactome,Regulation of CDH11 Function,2/2,0.0024762381190595296,0.04897897289379426,96.47208121827411,578.9303831181006,CDH11;ANGPTL4
program_27,Reactome,Regulation of Expression and Function of Type II Classical Cadherins,2/2,0.0024762381190595296,0.04897897289379426,96.47208121827411,578.9303831181006,CDH11;ANGPTL4
program_27,Reactome,Regulation of Homotypic Cell-Cell Adhesion,2/2,0.0024762381190595296,0.04897897289379426,96.47208121827411,578.9303831181006,CDH11;ANGPTL4
program_29,GO_BP,Extracellular Matrix Organization (GO:0030198),11/26,1.168877206804731e-08,1.2752450326239615e-05,15.630383852946476,285.48328893605236,COL3A1;MMP14;COL1A1;CYP1B1;NID1;CCDC80;LUM;COL1A2;GSN;GAS6;DDR2
program_29,GO_BP,Supramolecular Fiber Organization (GO:0097435),12/41,2.9808741237025676e-07,0.00016260668344797506,8.960547735325099,134.64010661239058,COL3A1;COL1A1;CYP1B1;EMILIN1;TPM1;TPM2;EMP2;LUM;COL1A2;GSN;MYL9;DDR2
program_29,GO_BP,Skeletal System Development (GO:0001501),8/18,8.554042289549157e-07,0.00031108200459660436,16.544916344916345,231.16047032933056,MMP14;ALPL;COL1A1;FRZB;FBN1;COL1A2;CDH11;GJA1
program_29,GO_BP,Collagen Fibril Organization (GO:0030199),6/10,2.406161692840369e-06,0.0005250244813777685,28.98824221046443,375.03473828085674,COL3A1;COL1A1;CYP1B1;LUM;COL1A2;DDR2
program_29,GO_BP,Negative Regulation Of Cell Migration (GO:0030336),9/26,2.1000984519378823e-06,0.0005250244813777685,11.174551131928181,146.09078847666854,COL3A1;LIMCH1;EMILIN1;CYP1B1;TPM1;TIMP1;CDH11;IGFBP5;GJA1
program_29,GO_BP,Positive Regulation Of Macromolecule Metabolic Process (GO:0010604),12/58,1.6479947657326244e-05,0.0029966038156904887,5.633011360184679,62.038416972669786,TNC;EMILIN1;EGR1;C1QTNF1;RBMS3;FN1;HSPA1A;ACTA2;GSN;GAS6;HSPA1B;GJA1
program_29,GO_BP,Negative Regulation Of Cell Motility (GO:2000146),7/22,5.8194558259043985e-05,0.00907003758008814,9.757633258582025,95.1536947964647,LIMCH1;EMILIN1;CYP1B1;TPM1;FBLN1;CDH11;IGFBP5
program_29,GO_BP,External Encapsulating Structure Organization (GO:0045229),5/11,0.00010286453597209529,0.012469467638395107,16.78574305275876,154.12833133611247,COL3A1;MMP14;COL1A1;CCDC80;COL1A2
program_29,GO_BP,Extracellular Structure Organization (GO:0043062),5/11,0.00010286453597209529,0.012469467638395107,16.78574305275876,154.12833133611247,COL3A1;MMP14;COL1A1;CCDC80;COL1A2
program_29,GO_BP,Regulation Of Cell Migration (GO:0030334),12/71,0.00013690012716754537,0.014935803873979199,4.3714095807814655,38.88919137441779,TNC;MMP14;COL1A1;CYP1B1;EMILIN1;LIMCH1;TPM1;SERPINE2;MDK;CXCL12;CDH11;IGFBP5
program_29,GO_BP,Negative Regulation Of Canonical Wnt Signaling Pathway (GO:0090090),5/13,0.00026437215869098935,0.0221869250101438,12.82260548198337,105.63458268395748,FRZB;RBMS3;TPBG;APOE;MDK
program_29,GO_BP,Positive Regulation Of Gene Expression (GO:0010628),12/75,0.0002360332019854491,0.0221869250101438,4.087148004804484,34.13397218623191,TNC;EMILIN1;EGR1;C1QTNF1;RBMS3;FN1;HSPA1A;ACTA2;GSN;GAS6;HSPA1B;GJA1
program_29,GO_BP,Regulation Of Endopeptidase Activity (GO:0052548),5/13,0.00026437215869098935,0.0221869250101438,12.82260548198337,105.63458268395748,SERPING1;SERPINE2;TIMP1;SERPINF1;TIMP3
program_29,GO_BP,Regulation Of Canonical Wnt Signaling Pathway (GO:0060828),6/20,0.0002945124569213125,0.022950935035796566,8.948914431673053,72.75636797619467,COL1A1;FRZB;RBMS3;TPBG;APOE;MDK
program_29,GO_BP,Endothelial Cell Migration (GO:0043542),4/8,0.0003530900202196461,0.025681414137308924,19.65284974093264,156.21632672869652,ID1;CYP1B1;FSTL1;EMP2
program_29,GO_BP,Negative Regulation Of Wnt Signaling Pathway (GO:0030178),5/14,0.00039503037438854744,0.026936133653619077,11.466795260402314,89.86009030425846,FRZB;RBMS3;TPBG;APOE;MDK
program_29,GO_BP,Regulation Of Angiogenesis (GO:0045765),8/39,0.0004999310403950329,0.032083809710057705,5.453710853710854,41.45387646496855,FOXC1;CYP1B1;EMILIN1;DCN;EMP2;SERPINF1;SPARC;PGF
program_29,GO_BP,Negative Regulation Of Blood Vessel Morphogenesis (GO:2000181),5/15,0.0005692018548707801,0.033194319095103966,10.369234604836699,77.47140776234725,FOXC1;EMILIN1;DCN;SERPINF1;SPARC
program_29,GO_BP,Positive Regulation Of Multicellular Organismal Process (GO:0051240),10/60,0.0005780862170549729,0.033194319095103966,4.251463267873748,31.698006842208425,ALPL;COL1A1;FOXC1;EPAS1;LEPR;APOE;MDK;FOXJ1;GAS6;GJA1
program_29,GO_BP,Regulation Of Protein Modification By Small Protein Conjugation Or Removal (GO:1903320),4/9,0.0006112327551588716,0.033342746793916446,16.071125765426284,118.92685667197536,EPAS1;HSPA1A;HSPA1B;EGR1
program_29,GO_BP,Negative Regulation Of Endopeptidase Activity (GO:0010951),5/16,0.0007953416062640162,0.03944171329245644,9.462554063282495,67.53177712973077,SERPING1;SERPINE2;TIMP1;SERPINF1;TIMP3
program_29,GO_BP,Positive Regulation Of Cell Adhesion (GO:0045785),5/16,0.0007953416062640162,0.03944171329245644,9.462554063282495,67.53177712973077,TPM1;NID1;CCDC80;MDK;CXCL12
program_29,GO_BP,Positive Regulation Of Cell Differentiation (GO:0045597),8/42,0.0008463244544538618,0.040145216513441884,4.971484528006267,35.171303000560584,COL1A1;FOXC1;NID1;FRZB;RARRES2;MDK;DDR2;GJA1
program_29,GO_BP,Cell-Matrix Adhesion (GO:0007160),6/25,0.0010967759511660677,0.04101363274091929,6.63668430335097,45.23152783214645,COL3A1;EMILIN1;FN1;ITGA10;EMP2;CDH11
program_29,GO_BP,Negative Regulation Of Angiogenesis (GO:0016525),5/17,0.0010824235890474993,0.04101363274091929,8.700942408376964,59.41484367141285,FOXC1;EMILIN1;DCN;SERPINF1;SPARC
program_29,GO_BP,Negative Regulation Of Peptidase Activity (GO:0010466),5/17,0.0010824235890474993,0.04101363274091929,8.700942408376964,59.41484367141285,SERPING1;SERPINE2;TIMP1;SERPINF1;TIMP3
program_29,GO_BP,Positive Regulation Of Leukocyte Chemotaxis (GO:0002690),5/17,0.0010824235890474993,0.04101363274091929,8.700942408376964,59.41484367141285,RARRES2;MDK;CXCL12;PGF;GAS6
program_29,GO_BP,Regulation Of Gene Expression (GO:0010468),14/112,0.0009878922802906498,0.04101363274091929,3.067544966403568,21.227217587652866,TNC;FOXC1;EMILIN1;EGR1;C1QTNF1;RBMS3;APOE;FN1;HSPA1A;ACTA2;GSN;GAS6;HSPA1B;GJA1
program_29,GO_BP,Regulation Of Tissue Remodeling (GO:0034103),3/5,0.0011277809186320611,0.04101363274091929,27.26051282051282,185.03082252376865,LEPR;MDK;DDR2
program_29,GO_BP,Regulation Of Tumor Necrosis Factor-Mediated Signaling Pathway (GO:0010803),3/5,0.0011277809186320611,0.04101363274091929,27.26051282051282,185.03082252376865,GAS6;HSPA1A;HSPA1B
program_29,GO_BP,Circulatory System Development (GO:0072359),5/18,0.0014398534086455697,0.04909000215100989,8.052162109753732,52.687019606274696,COL3A1;FOXC1;FN1;FBN1;GJA1
program_29,GO_BP,Negative Regulation Of Growth (GO:0045926),5/18,0.0014398534086455697,0.04909000215100989,8.052162109753732,52.687019606274696,FRZB;HSPA1A;MT1E;HSPA1B;GJA1
program_29,Reactome,Post-translational Protein Phosphorylation,14/28,5.5348706390826495e-12,1.8099026989800263e-09,21.809248554913296,565.2946957962196,TNC;CYR61;MXRA8;CHRDL1;TIMP1;APOE;FN1;FBN1;VWA1;GAS6;IGFBP5;IGFBP7;TF;FSTL1
program_29,Reactome,Regulation of IGF Transport and Uptake by Insulin-like Growth Factor Binding Proteins (IGFBPs),14/34,1.4976628574073076e-10,2.448678771860948e-08,15.376991399971804,347.85745574519063,TNC;CYR61;MXRA8;CHRDL1;TIMP1;APOE;FN1;FBN1;VWA1;GAS6;IGFBP5;IGFBP7;TF;FSTL1
program_29,Reactome,Extracellular Matrix Organization,18/63,3.4127732000554825e-10,3.719922788060476e-08,9.144655344655344,199.33817574515575,COL3A1;MMP14;TNC;COL1A1;EMILIN1;DCN;NID1;BGN;TIMP1;FN1;ITGA10;FBN1;LUM;SPARC;FBLN1;PCOLCE;COL1A2;DDR2
program_29,Reactome,ECM Proteoglycans,9/20,1.4524838704402208e-07,1.1874055640848804e-05,17.058921358992635,268.5896555050576,COL3A1;TNC;COL1A1;DCN;BGN;FN1;LUM;SPARC;COL1A2
program_29,Reactome,Degradation of the Extracellular Matrix,9/27,3.0205828867408556e-06,0.00019754612079285195,10.564909171466548,134.28063724332634,COL3A1;MMP14;COL1A1;DCN;NID1;TIMP1;FN1;FBN1;COL1A2
program_29,Reactome,Integrin Cell Surface Interactions,8/23,7.774740184042592e-06,0.0004237233400303212,11.178204010462075,131.50744003009552,COL3A1;TNC;COL1A1;FN1;ITGA10;FBN1;LUM;COL1A2
program_29,Reactome,Signaling by Receptor Tyrosine Kinases,13/71,2.8948042279395105e-05,0.0013522871179088858,4.859340659340659,50.78014866974954,COL3A1;COL1A1;EGR1;FN1;WASF3;MDK;APOE;CXCL12;SPARC;ID1;COL1A2;PGF;TF
program_29,Reactome,Platelet Degranulation,10/48,8.306843875588783e-05,0.003018153274797258,5.612757408337519,52.73660270962279,CFD;SERPING1;RARRES2;TIMP1;FN1;SPARC;GAS6;TIMP3;TF;SELENOP
program_29,Reactome,Response to Elevated Platelet Cytosolic Ca2+,10/48,8.306843875588783e-05,0.003018153274797258,5.612757408337519,52.73660270962279,CFD;SERPING1;RARRES2;TIMP1;FN1;SPARC;GAS6;TIMP3;TF;SELENOP
program_29,Reactome,"Platelet Activation, Signaling and Aggregation",12/71,0.00013690012716754537,0.004476634158378734,4.3714095807814655,38.88919137441779,CFD;SERPING1;COL1A1;RARRES2;TIMP1;FN1;SPARC;COL1A2;GAS6;TIMP3;TF;SELENOP
program_29,Reactome,Non-integrin membrane-ECM Interactions,6/18,0.0001531060580925149,0.004551425545113852,10.391746031746031,91.28504274926426,COL3A1;TNC;COL1A1;FN1;COL1A2;DDR2
program_29,Reactome,Syndecan Interactions,5/12,0.00016937456268678434,0.004615456833214873,14.53996509598604,126.25630308220902,COL3A1;TNC;COL1A1;FN1;COL1A2
program_29,Reactome,Smooth Muscle Contraction,5/13,0.00026437215869098935,0.0066499766070733475,12.82260548198337,105.63458268395748,TPM1;TPM2;CALD1;ACTA2;MYL9
program_29,Reactome,Molecules Associated With Elastic Fibres,4/8,0.0003530900202196461,0.007697362440788284,19.65284974093264,156.21632672869652,FBN1;FN1;FBLN1;EMILIN1
program_29,Reactome,Scavenging by Class A Receptors,4/8,0.0003530900202196461,0.007697362440788284,19.65284974093264,156.21632672869652,COL3A1;COL1A1;APOE;COL1A2
program_29,Reactome,Elastic Fibre Formation,4/9,0.0006112327551588716,0.011757241819820649,16.071125765426284,118.92685667197536,FBN1;FN1;FBLN1;EMILIN1
program_29,Reactome,MET Activates PTK2 Signaling,4/9,0.0006112327551588716,0.011757241819820649,16.071125765426284,118.92685667197536,COL3A1;COL1A1;FN1;COL1A2
program_29,Reactome,Signaling by TGFB Family Members,6/23,0.000678404859525028,0.012324354948038008,7.40302343159486,54.01072894657113,MMP14;CHRDL1;TIMP1;FBN1;COL1A2;FSTL1
program_29,Reactome,Collagen Biosynthesis and Modifying Enzymes,4/10,0.000979776564332527,0.016862470344038753,13.591470705460344,94.16423716799501,COL3A1;COL1A1;PCOLCE;COL1A2
program_29,Reactome,Crosslinking of Collagen Fibrils,3/5,0.0011277809186320611,0.0184392180196342,27.26051282051282,185.03082252376865,COL1A1;PCOLCE;COL1A2
program_29,Reactome,Collagen Degradation,4/11,0.0014808691519670604,0.022011100576964943,11.773056994818653,76.70295088884967,COL3A1;MMP14;COL1A1;COL1A2
program_29,Reactome,MET Promotes Cell Motility,4/11,0.0014808691519670604,0.022011100576964943,11.773056994818653,76.70295088884967,COL3A1;COL1A1;FN1;COL1A2
program_29,Reactome,Diseases Associated With Glycosaminoglycan Metabolism,3/6,0.00217374378984872,0.02961725913668881,19.46153846153846,119.32461541103696,BGN;DCN;LUM
program_29,Reactome,Diseases of Hemostasis,3/6,0.00217374378984872,0.02961725913668881,19.46153846153846,119.32461541103696,SERPING1;COL1A1;COL1A2
program_29,Reactome,TGFBR3 PTM Regulation,2/2,0.0024762381190595296,0.03238919459729865,96.47208121827411,578.9303831181006,MMP14;TIMP1
program_29,Reactome,Collagen Chain Trimerization,3/7,0.0036663653294911483,0.0461115947209079,15.128774928774929,84.85055842026019,COL3A1;COL1A1;COL1A2
program_29,Reactome,Signaling by MET,4/14,0.0039982028768647425,0.04842267928647299,8.3960029607698,46.36197522457131,COL3A1;COL1A1;FN1;COL1A2
program_30,GO_BP,Acylglycerol Homeostasis (GO:0055090),3/3,0.00012145712495887582,0.017784329082112353,136.44615384615383,1230.1915968597166,APOE;CETP;ANGPTL4
program_30,GO_BP,Acylglycerol Metabolic Process (GO:0006639),4/6,8.181804741540218e-05,0.017784329082112353,35.41243523316062,333.2668780762956,APOC1;MGLL;APOE;CETP
program_30,GO_BP,Antigen Processing And Presentation Of Exogenous Peptide Antigen (GO:0002478),5/12,0.00016937456268678434,0.017784329082112353,14.53996509598604,126.25630308220902,LGMN;CTSV;HLA-DRB5;CTSL;FCER1G
program_30,GO_BP,Antigen Processing And Presentation Of Exogenous Peptide Antigen Via MHC Class II (GO:0019886),5/12,0.00016937456268678434,0.017784329082112353,14.53996509598604,126.25630308220902,LGMN;CTSV;HLA-DRB5;CTSL;FCER1G
program_30,GO_BP,Antigen Processing And Presentation Of Peptide Antigen Via MHC Class II (GO:0002495),5/12,0.00016937456268678434,0.017784329082112353,14.53996509598604,126.25630308220902,LGMN;CTSV;HLA-DRB5;CTSL;FCER1G
program_30,GO_BP,Fatty Acid Transport (GO:0015908),4/5,2.8362621436468606e-05,0.017784329082112353,59.05181347150259,618.298376913657,APOE;FABP5;CD36;FABP4
program_30,GO_BP,High-Density Lipoprotein Particle Remodeling (GO:0034375),3/3,0.00012145712495887582,0.017784329082112353,136.44615384615383,1230.1915968597166,APOC1;APOE;CETP
program_30,GO_BP,Lipid Transport (GO:0006869),5/12,0.00016937456268678434,0.017784329082112353,14.53996509598604,126.25630308220902,FABP5;FABP4;APOE;CD36;CETP
program_30,GO_BP,Long-Chain Fatty Acid Transport (GO:0015909),4/6,8.181804741540218e-05,0.017784329082112353,35.41243523316062,333.2668780762956,APOE;FABP5;CD36;FABP4
program_30,GO_BP,Vacuolar Transport (GO:0007034),3/3,0.00012145712495887582,0.017784329082112353,136.44615384615383,1230.1915968597166,HSPA1A;GRN;PSAP
program_30,GO_BP,Cellular Response To Chemokine (GO:1990869),6/21,0.0003957732821790001,0.027307579851691157,8.367127496159755,65.55367466766991,CXCL12;CXCL10;CXCL11;CCL2;CCL8;CCL18
program_30,GO_BP,Chemokine-Mediated Signaling Pathway (GO:0070098),6/21,0.0003957732821790001,0.027307579851691157,8.367127496159755,65.55367466766991,CXCL12;CXCL10;CXCL11;CCL2;CCL8;CCL18
program_30,GO_BP,Cholesterol Transport (GO:0030301),4/8,0.0003530900202196461,0.027307579851691157,19.65284974093264,156.21632672869652,APOC1;APOE;CD36;CETP
program_30,GO_BP,Granulocyte Chemotaxis (GO:0071621),7/29,0.00039840696180579226,0.027307579851691157,6.696969696969697,52.42412361565932,CXADR;FCER1G;CXCL10;CXCL11;CCL2;CCL8;CCL18
program_30,GO_BP,Neutrophil Chemotaxis (GO:0030593),7/28,0.00031502176240026176,0.027307579851691157,7.0121875388633255,56.53834836905141,CXADR;FCER1G;CXCL10;CXCL11;CCL2;CCL8;CCL18
program_30,GO_BP,Nitric Oxide Mediated Signal Transduction (GO:0007263),3/4,0.00046812994031470557,0.027307579851691157,45.45811965811966,348.51670486576245,DDAH2;APOE;CD36
program_30,GO_BP,Positive Regulation Of Peptidase Activity (GO:0010952),3/4,0.00046812994031470557,0.027307579851691157,45.45811965811966,348.51670486576245,GRN;CTSV;CTSL
program_30,GO_BP,Triglyceride Homeostasis (GO:0070328),3/4,0.00046812994031470557,0.027307579851691157,45.45811965811966,348.51670486576245,APOE;CETP;ANGPTL4
program_30,GO_BP,Neutrophil Migration (GO:1990266),7/30,0.0004985839792108615,0.027553325166916033,6.408578905449994,48.72915827502143,CXADR;FCER1G;CXCL10;CXCL11;CCL2;CCL8;CCL18
program_30,KEGG,Cholesterol metabolism,5/9,3.0411601545614204e-05,0.003983919802475461,24.271669575334496,252.442023476998,APOE;CD36;ANGPTL4;APOC1;CETP
program_30,KEGG,Complement and coagulation cascades,6/22,0.0005223653036489837,0.020236021619707775,7.855860189193523,59.3678619755204,SERPING1;VSIG4;C1QA;C1QB;C1QC;CD59
program_30,KEGG,PPAR signaling pathway,4/9,0.0006112327551588716,0.020236021619707775,16.071125765426284,118.92685667197536,ANGPTL4;FABP5;CD36;FABP4
program_30,KEGG,Viral protein interaction with cytokine and cytokine receptor,7/31,0.0006178937899147411,0.020236021619707775,6.143730219360472,45.39721432863886,CXCL12;CXCL10;CXCL11;CCL2;CCL8;CSF1R;CCL18
program_30,KEGG,Cytokine-cytokine receptor interaction,9/55,0.0012660524819232998,0.02764214585532538,4.140725071978377,27.62630278755059,TNFRSF12A;EBI3;CXCL12;CXCL10;CXCL11;CCL2;CCL8;CSF1R;CCL18
program_30,KEGG,Lysosome,5/17,0.0010824235890474993,0.02764214585532538,8.700942408376964,59.41484367141285,LGMN;PSAP;CTSV;CD68;CTSL
program_30,KEGG,Mineral absorption,4/11,0.0014808691519670604,0.02771340841538356,11.773056994818653,76.70295088884967,FTL;HMOX1;SLC40A1;FTH1
program_30,KEGG,Staphylococcus aureus infection,5/20,0.0024050012359762723,0.03938189523911146,7.0057422732646515,42.24606111469227,C1QA;C1QB;FCGR3A;HLA-DRB5;C1QC
program_30,Reactome,Innate Immune System,22/182,4.792330436740227e-05,0.01648561670238638,3.1082207274242513,30.914079420926363,CD68;FTH1;FCGR3A;CTSL;FTL;HSPA1A;C1QC;HMOX1;CD36;CREG1;CD59;SERPING1;C1QA;CST3;CTSV;TXN;LGMN;PSAP;C1QB;FABP5;FCER1G;GRN
program_30,Reactome,Epigenetic Regulation by WDR5-containing Histone Modifying Complexes,4/8,0.0003530900202196461,0.023005242781179814,19.65284974093264,156.21632672869652,ANGPTL4;MGLL;CD36;FABP4
program_30,Reactome,Epigenetic Regulation of Adipogenesis Genes by MLL3 and MLL4 Complexes,4/8,0.0003530900202196461,0.023005242781179814,19.65284974093264,156.21632672869652,ANGPTL4;MGLL;CD36;FABP4
program_30,Reactome,Epigenetic Regulation of Gene Expression by MLL3 and MLL4 Complexes,4/8,0.0003530900202196461,0.023005242781179814,19.65284974093264,156.21632672869652,ANGPTL4;MGLL;CD36;FABP4
program_30,Reactome,MLL4 and MLL3 Complexes Regulate Expression of PPARG Targets in Adipogenesis and Hepatic Steatosis,4/8,0.0003530900202196461,0.023005242781179814,19.65284974093264,156.21632672869652,ANGPTL4;MGLL;CD36;FABP4
program_30,Reactome,NR1H3 & NR1H2 Regulate Gene Expression Linked to Cholesterol Transport and Efflux,3/4,0.00046812994031470557,0.023005242781179814,45.45811965811966,348.51670486576245,APOC1;APOE;CETP
program_30,Reactome,Triglyceride Catabolism,3/4,0.00046812994031470557,0.023005242781179814,45.45811965811966,348.51670486576245,MGLL;FABP5;FABP4
program_30,Reactome,"Plasma Lipoprotein Assembly, Remodeling, and Clearance",4/9,0.0006112327551588716,0.02628300847183148,16.071125765426284,118.92685667197536,APOC1;APOE;CETP;ANGPTL4
program_30,Reactome,NR1H2 and NR1H3-mediated Signaling,3/5,0.0011277809186320611,0.03232971966745242,27.26051282051282,185.03082252376865,APOC1;APOE;CETP
program_30,Reactome,Plasma Lipoprotein Remodeling,3/5,0.0011277809186320611,0.03232971966745242,27.26051282051282,185.03082252376865,APOE;CETP;ANGPTL4
program_30,Reactome,Trafficking and Processing of Endosomal TLR,3/5,0.0011277809186320611,0.03232971966745242,27.26051282051282,185.03082252376865,LGMN;CTSV;CTSL
program_30,Reactome,Triglyceride Metabolism,3/5,0.0011277809186320611,0.03232971966745242,27.26051282051282,185.03082252376865,MGLL;FABP5;FABP4
program_30,Reactome,Amyloid Fiber Formation,4/11,0.0014808691519670604,0.03918607602128221,11.773056994818653,76.70295088884967,CST3;TSPAN15;TGFBI;APOE
