,gene_symbol,stochastic_velocity_gamma,stochastic_velocity_qreg_ratio,stochastic_velocity_r2,stochastic_velocity_genes,fit_alpha,fit_beta,fit_gamma,fit_t_,fit_scaling,fit_std_u,fit_std_s,fit_likelihood,fit_u0,fit_s0,fit_pval_steady,fit_steady_u,fit_steady_s,fit_variance,fit_alignment_scaling,fit_r2
ENSG00000221978.11,CCNL2,0.07073129,0.07073129,-0.07709455490112305,False,,,,,,,,,,,,,,,,-0.07706820964813232
ENSG00000248333.8,CDK11B,0.27311537,0.27311537,-0.19473910331726074,False,,,,,,,,,,,,,,,,-0.14513099193572998
ENSG00000078369.17,GNB1,0.019363072,0.019363072,-0.018932223320007324,False,,,,,,,,,,,,,,,,-0.0021730661392211914
ENSG00000162585.16,FAAP20,1.9755142,1.9755142,-0.6648142337799072,False,,,,,,,,,,,,,,,,-0.652423620223999
ENSG00000142599.17,RERE,0.09781858,0.09781858,-0.08401322364807129,False,,,,,,,,,,,,,,,,-0.019511103630065918
ENSG00000116670.14,MAD2L2,0.01093591,0.01093591,-0.010097861289978027,False,,,,,,,,,,,,,,,,0.02152937650680542
ENSG00000075151.20,EIF4G3,0.2499346,0.2499346,-0.15103459358215332,False,,,,,,,,,,,,,,,,-0.12601208686828613
ENSG00000020633.18,RUNX3,0.04110006,0.04110006,-0.03335678577423096,False,,,,,,,,,,,,,,,,0.0074228644371032715
ENSG00000117616.17,RSRP1,2.456341,2.456341,-1.9285953044891357,False,,,,,,,,,,,,,,,,-1.853489875793457
ENSG00000198746.12,GPATCH3,0.14924735,0.14924735,-0.11265420913696289,False,,,,,,,,,,,,,,,,-0.0751873254776001
ENSG00000158195.10,WASF2,0.012124517,0.012124517,-0.10180342197418213,False,,,,,,,,,,,,,,,,-0.006975889205932617
ENSG00000000938.12,FGR,0.012340571,0.015830299,0.022166967391967773,True,0.6445747228090941,7.994371583626374,0.4656676123788058,1.9012708424603548,0.07126985784620046,0.025531485676765442,0.16926689445972443,3.3268762375032404e-18,0.0,0.0,0.4851786007071482,0.11902828911359188,0.45248129963874817,2.7234595048851693,0.7878348602495812,0.03728175163269043
ENSG00000134644.15,PUM1,0.07012094,0.07012094,-0.17782533168792725,False,,,,,,,,,,,,,,,,-0.044006943702697754
ENSG00000184007.18,PTP4A2,0.301724,0.301724,-0.027220487594604492,False,,,,,,,,,,,,,,,,-0.012828350067138672
ENSG00000134684.10,YARS,0.076656915,0.076656915,-0.07454240322113037,False,,,,,,,,,,,,,,,,-0.06591212749481201
ENSG00000119535.17,CSF3R,0.5726776,1.5388815,0.4946204423904419,True,0.061284745108059646,0.24327287631617658,0.21234891526172792,7.966324406771954,2.366040273507436,0.09671439230442047,0.05245760455727577,0.21071087571320316,0.0,0.0,0.06402076378514415,0.2889525442104315,0.14986540377140045,0.8283265522097855,2.3410622037631854,0.49466556310653687
ENSG00000131238.17,PPT1,0.012799609,0.012799609,-0.04518890380859375,False,,,,,,,,,,,,,,,,-0.014576435089111328
ENSG00000010803.16,SCMH1,0.32954523,0.32954523,-0.08486819267272949,False,,,,,,,,,,,,,,,,-0.08330738544464111
ENSG00000126107.14,HECTD3,0.23077875,0.23077875,-0.20473456382751465,False,,,,,,,,,,,,,,,,-0.18710863590240479
ENSG00000159658.10,EFCAB14,0.075475074,0.075475074,-0.10085165500640869,False,,,,,,,,,,,,,,,,-0.04058837890625
ENSG00000085832.16,EPS15,0.098632485,0.098632485,-0.05879330635070801,False,,,,,,,,,,,,,,,,-0.055408596992492676
ENSG00000134744.13,ZCCHC11,0.7541883,0.7541883,-0.4202481508255005,False,,,,,,,,,,,,,,,,-0.41357851028442383
ENSG00000157216.15,SSBP3,0.3197765,0.3197765,-0.1325230598449707,False,,,,,,,,,,,,,,,,-0.12182188034057617
ENSG00000162402.13,USP24,0.40823066,0.40823066,-0.26771223545074463,False,,,,,,,,,,,,,,,,-0.26554083824157715
ENSG00000162434.11,JAK1,0.018457191,0.018457191,-0.0252225399017334,False,,,,,,,,,,,,,,,,0.01285642385482788
ENSG00000116704.7,SLC35D1,0.49893108,0.49893108,-0.0591355562210083,False,,,,,,,,,,,,,,,,-0.04365956783294678
ENSG00000132485.13,ZRANB2,0.14682975,0.14682975,-0.42378783226013184,False,,,,,,,,,,,,,,,,-0.0674666166305542
ENSG00000077254.14,USP33,0.20162097,0.20162097,-0.13805997371673584,False,,,,,,,,,,,,,,,,-0.1327049732208252
ENSG00000117155.16,SSX2IP,0.082321316,0.082321316,-0.006632566452026367,False,,,,,,,,,,,,,,,,-0.0005393028259277344
ENSG00000142867.12,BCL10,0.04993042,0.04993042,-0.05887711048126221,False,,,,,,,,,,,,,,,,-0.027469158172607422
ENSG00000162645.12,GBP2,0.0749748,0.0749748,-0.03345847129821777,False,,,,,,,,,,,,,,,,-0.015963435173034668
ENSG00000069702.10,TGFBR3,0.11675655,0.35588592,0.2592124938964844,True,0.09465694363188847,1.2234771940132,0.34139120038152654,5.55419228668204,0.6240831568837164,0.031714700162410736,0.07203461229801178,0.17181020166805316,0.0,0.0,0.19102322658290644,0.09355982384426476,0.1799270510673523,1.1669080490268877,1.8564563660378701,0.28004807233810425
ENSG00000117500.12,TMED5,0.06667073,0.06667073,-0.036171793937683105,False,,,,,,,,,,,,,,,,0.014947295188903809
ENSG00000223745.7,CCDC18-AS1,2.2471483,2.2471483,-1.0948429107666016,False,,,,,,,,,,,,,,,,-1.090210199356079
ENSG00000188641.12,DPYD,0.046444498,0.16785672,0.010221242904663086,True,0.19091045133093068,2.2914908244972514,0.5069482372312896,2.801725658483316,0.1731188055127859,0.019564105197787285,0.05339708551764488,2.947885184128291e-40,0.0,0.0,0.4370451795494839,0.08927442826766052,0.14101095497608185,2.801348873402992,1.0400645306827734,0.015745103359222412
ENSG00000134215.15,VAV3,0.5136054,0.5136054,-0.09104156494140625,False,,,,,,,,,,,,,,,,-0.07660067081451416
ENSG00000156171.14,DRAM2,0.062076055,0.062076055,-0.12659680843353271,False,,,,,,,,,,,,,,,,0.020766913890838623
ENSG00000155366.16,RHOC,0.006906571,0.006906571,0.09060126543045044,False,,,,,,,,,,,,,,,,0.10758757591247559
ENSG00000134242.15,PTPN22,0.061265644,0.19316345,0.05097091197967529,True,0.104564953490434,1.6849343136452521,0.35018864507078473,5.277941224716952,0.35696611404418954,0.019875826314091682,0.06820783764123917,0.17189196059009956,0.0,0.0,0.24356921779723623,0.06355442007043165,0.17686542868614197,1.082494515274969,1.8330260503655396,0.0986132025718689
ENSG00000197323.11,TRIM33,0.27087617,0.27087617,-0.2668740749359131,False,,,,,,,,,,,,,,,,-0.2424405813217163
ENSG00000134250.19,NOTCH2,0.05954159,0.05954159,-0.010340452194213867,False,,,,,,,,,,,,,,,,-0.0007073879241943359
ENSG00000265491.4,RNF115,0.23219307,0.23219307,-0.2644307613372803,False,,,,,,,,,,,,,,,,-0.009897589683532715
ENSG00000265241.6,RBM8A,0.14741738,0.14741738,-0.25226783752441406,False,,,,,,,,,,,,,,,,-0.13655054569244385
ENSG00000131791.7,PRKAB2,0.11452836,0.11452836,-0.06926453113555908,False,,,,,,,,,,,,,,,,-0.05619823932647705
ENSG00000143401.14,ANP32E,0.07872346,0.19515878,0.0344928503036499,True,0.2426382018381062,2.2537609852872835,0.42378767574503884,5.640506405709593,0.13309423081576832,0.02544560097157955,0.09033484756946564,0.07310364677974372,0.0,0.0,0.4489244867279461,0.10039311213994574,0.3771253228187561,2.639982870102309,1.4176768039656695,0.1465432047843933
ENSG00000143384.12,MCL1,0.004350641,0.011265525,0.015476703643798828,True,1.0248524752339505,18.479740459912758,0.49012536368528437,6.029976228094821,0.029306919593363998,0.014932158403098583,0.5171523094177246,0.08959080647177202,0.0,0.0,0.4817960567904094,0.0529572323936911,1.3408715724945068,0.6497320740000159,1.6063981259739921,0.06253468990325928
ENSG00000163131.10,CTSS,0.11670499,0.1767934,0.5565336346626282,True,0.2726737432232736,1.1580796604482568,0.187118348806111,14.913087071623194,0.2564188927039504,0.07476349920034409,0.3928876519203186,0.2479226433864852,0.0,0.0,0.45809865507307823,0.2077388215708318,0.9690907597541809,0.7377821694728827,4.105581060902021,0.5565354824066162
ENSG00000143387.12,CTSK,0.0052214395,0.0052214395,-0.011829137802124023,False,,,,,,,,,,,,,,,,-0.011826634407043457
ENSG00000143437.20,ARNT,0.09480106,0.09480106,-0.04198610782623291,False,,,,,,,,,,,,,,,,-0.04028189182281494
ENSG00000197622.12,CDC42SE1,0.04089144,0.04089144,-0.1256103515625,False,,,,,,,,,,,,,,,,-0.023080110549926758
ENSG00000143393.16,PI4KB,0.056818902,0.056818902,-0.01674067974090576,False,,,,,,,,,,,,,,,,-0.010885834693908691
ENSG00000143390.17,RFX5,0.19642377,0.19642377,-0.06672465801239014,False,,,,,,,,,,,,,,,,-0.053133606910705566
ENSG00000143442.21,POGZ,0.07961882,0.07961882,-0.0726938247680664,False,,,,,,,,,,,,,,,,-0.07252061367034912
ENSG00000197747.8,S100A10,0.0043716463,0.0043716463,-0.10283792018890381,False,,,,,,,,,,,,,,,,0.05110430717468262
ENSG00000163191.5,S100A11,0.003689509,0.003689509,0.0585598349571228,False,,,,,,,,,,,,,,,,0.10522931814193726
ENSG00000163221.8,S100A12,0.00016859733,0.00016859733,0.019314050674438477,False,,,,,,,,,,,,,,,,0.020657360553741455
ENSG00000143546.9,S100A8,0.0024934309,0.0024934309,0.728709876537323,False,,,,,,,,,,,,,,,,0.7391014993190765
ENSG00000197956.9,S100A6,0.0017187358,0.0017187358,-0.1560366153717041,False,,,,,,,,,,,,,,,,-0.15580856800079346
ENSG00000196154.11,S100A4,0.0023030764,0.0023030764,-0.0967642068862915,False,,,,,,,,,,,,,,,,0.12231242656707764
ENSG00000198837.9,DENND4B,0.21136488,0.21136488,-0.12284159660339355,False,,,,,,,,,,,,,,,,-0.09459340572357178
ENSG00000160710.15,ADAR,0.20918298,0.20918298,-0.24630308151245117,False,,,,,,,,,,,,,,,,-0.1802666187286377
ENSG00000163346.16,PBXIP1,0.07363105,0.07363105,-0.2877434492111206,False,,,,,,,,,,,,,,,,0.045771896839141846
ENSG00000116539.12,ASH1L,0.088248335,0.088248335,-0.11854422092437744,False,,,,,,,,,,,,,,,,-0.046157121658325195
ENSG00000116580.18,GON4L,0.16551527,0.16551527,-0.19545769691467285,False,,,,,,,,,,,,,,,,-0.05354571342468262
ENSG00000132680.10,KIAA0907,0.35280198,0.35280198,-0.3306612968444824,False,,,,,,,,,,,,,,,,-0.3299710750579834
ENSG00000198952.8,SMG5,0.12030081,0.12030081,-0.08707010746002197,False,,,,,,,,,,,,,,,,-0.06376469135284424
ENSG00000116604.17,MEF2D,0.24590428,0.24590428,-0.042688965797424316,False,,,,,,,,,,,,,,,,0.023286819458007812
ENSG00000143321.18,HDGF,0.009515084,0.009515084,-0.010697484016418457,False,,,,,,,,,,,,,,,,-0.003876328468322754
ENSG00000027869.11,SH2D2A,0.04036654,0.075350165,0.15285664796829224,True,0.3987525009087777,5.614300826147077,0.5122666283467581,3.259819592484982,0.06289082832634449,0.016208138316869736,0.11983916908502579,0.06424278082387479,0.0,0.0,0.3745380581331001,0.05550158889271195,0.29121339321136475,1.284140825220712,1.2107462379401241,0.17133557796478271
ENSG00000158710.14,TAGLN2,0.007854677,0.007854677,-0.06420040130615234,False,,,,,,,,,,,,,,,,-0.06254684925079346
ENSG00000132716.18,DCAF8,0.19605914,0.19605914,-0.14134442806243896,False,,,,,,,,,,,,,,,,-0.14020931720733643
ENSG00000122218.14,COPA,0.3936048,0.3936048,-0.41031062602996826,False,,,,,,,,,,,,,,,,-0.3481816053390503
ENSG00000186517.13,ARHGAP30,0.599357,0.599357,-0.22226786613464355,False,,,,,,,,,,,,,,,,-0.19583213329315186
ENSG00000198821.10,CD247,0.11117353,0.13081048,0.6458388864994049,True,2.1519138281005463,8.188381616144769,1.0248401654579467,3.4133201605036874,0.06524693336337804,0.05114658176898956,0.3703891932964325,0.1997851933534273,0.0,0.0,0.4886830766609714,0.1875971860147558,1.5720078945159912,0.9576942045905511,0.8422758305289693,0.6496839225292206
ENSG00000143185.3,XCL2,0.0037068091,0.0037068091,0.07316035032272339,False,,,,,,,,,,,,,,,,0.07692843675613403
ENSG00000135870.11,RC3H1,0.07528942,0.07528942,-0.062088608741760254,False,,,,,,,,,,,,,,,,-0.020882010459899902
ENSG00000135821.17,GLUL,0.004019834,0.013877351,0.02405869960784912,True,0.8301712420630559,13.066942600635782,0.3696842697590103,2.36047386767996,0.03853830825537444,0.020630786195397377,0.2810492515563965,5.642515445205778e-28,0.0,0.0,0.4824583404823822,0.0743201121497572,0.8077326416969299,2.8245386061502957,0.97347159048239,0.05194181203842163
ENSG00000116406.18,EDEM3,0.093599945,0.093599945,-0.025526881217956543,False,,,,,,,,,,,,,,,,-0.022852063179016113
ENSG00000116679.15,IVNS1ABP,0.030916182,0.1300909,0.09964555501937866,True,0.4454232348899271,3.152549654919984,0.49829651058605434,2.6900411768185375,0.10969493418931964,0.02513912320137024,0.10656546801328659,0.06527639874426117,0.0,0.0,0.462712190223434,0.09600133592475757,0.3036366403102875,2.205973775676474,1.236196788448437,0.1291906237602234
ENSG00000073756.11,PTGS2,0.0021260371,0.023076579,0.038526952266693115,True,0.26886467002687375,4.416534487698622,0.6968936259453606,2.3156841736523495,0.11612696215510368,0.018628336489200592,0.07579539716243744,1.0722961530708411e-17,0.0,0.0,0.3885406675497097,0.06559933275596208,0.24945612251758575,1.8593958261937853,0.921270375044848,0.03957599401473999
ENSG00000236278.2,PEBP1P3,0.82687813,0.82687813,-0.41523289680480957,False,,,,,,,,,,,,,,,,-0.414021372795105
ENSG00000143851.15,PTPN7,0.10974617,0.10974617,-0.04558837413787842,False,,,,,,,,,,,,,,,,-0.03223145008087158
ENSG00000117139.16,KDM5B,0.35276893,0.35276893,-0.07079637050628662,False,,,,,,,,,,,,,,,,-0.047180891036987305
ENSG00000159346.12,ADIPOR1,0.015385987,0.015385987,-0.05317831039428711,False,,,,,,,,,,,,,,,,-0.02679622173309326
ENSG00000159348.12,CYB5R1,0.20155062,0.20155062,-0.21805894374847412,False,,,,,,,,,,,,,,,,-0.19750678539276123
ENSG00000133059.16,DSTYK,0.084688835,0.084688835,-0.10169458389282227,False,,,,,,,,,,,,,,,,-0.03880274295806885
ENSG00000162894.11,FCMR,0.061174974,0.061174974,-0.033124566078186035,False,,,,,,,,,,,,,,,,0.05105185508728027
ENSG00000123684.12,LPGAT1,0.06620063,0.06620063,-0.05933666229248047,False,,,,,,,,,,,,,,,,-0.03835785388946533
ENSG00000092978.10,GPATCH2,0.059349433,0.059349433,-0.021616458892822266,False,,,,,,,,,,,,,,,,-0.01658928394317627
ENSG00000118873.15,RAB3GAP2,0.34681213,0.34681213,-0.3167213201522827,False,,,,,,,,,,,,,,,,-0.31160104274749756
ENSG00000143748.17,NVL,0.14701137,0.14701137,-0.10480284690856934,False,,,,,,,,,,,,,,,,-0.1037440299987793
ENSG00000162923.14,WDR26,0.116625465,0.116625465,-0.028989315032958984,False,,,,,,,,,,,,,,,,-0.021978020668029785
ENSG00000143815.14,LBR,0.16793261,0.16793261,-0.08335506916046143,False,,,,,,,,,,,,,,,,-0.041447997093200684
ENSG00000182827.8,ACBD3,0.07691045,0.07691045,-0.0652381181716919,False,,,,,,,,,,,,,,,,-0.04688560962677002
ENSG00000162910.18,MRPL55,0.037476026,0.037476026,-0.4059501886367798,False,,,,,,,,,,,,,,,,-0.019010305404663086
ENSG00000231663.1,AL355472.1,0.25122318,0.25122318,-0.17485296726226807,False,,,,,,,,,,,,,,,,-0.16565144062042236
ENSG00000168264.10,IRF2BP2,0.0015053705,0.0015053705,0.011299669742584229,False,,,,,,,,,,,,,,,,0.016420602798461914
ENSG00000054267.21,ARID4B,0.26407602,0.26407602,-0.1750476360321045,False,,,,,,,,,,,,,,,,-0.08888781070709229
ENSG00000143669.13,LYST,0.15607588,0.33737123,0.058174848556518555,True,0.08616769320091831,0.996565986325105,0.3106183940561395,6.056152575480799,0.5464959386984507,0.029954105615615845,0.06490561366081238,0.1905020107731099,0.0,0.0,0.24996079212808348,0.09399572166643112,0.17592430114746094,1.1912893899638224,1.956871701450251,0.10239005088806152
ENSG00000086619.13,ERO1B,1.4111192,1.4111192,-0.2795604467391968,False,,,,,,,,,,,,,,,,-0.2526521682739258
ENSG00000119285.10,HEATR1,0.16845821,0.16845821,-0.14522290229797363,False,,,,,,,,,,,,,,,,-0.14372026920318604
ENSG00000143702.15,CEP170,0.052862454,0.37381384,0.07471084594726562,True,0.05069697649854788,0.7515056589035354,0.32819857784632717,6.9106408821940235,0.8159604102373124,0.024440491572022438,0.03302322328090668,0.015687699643002623,0.0,0.0,0.2621293410273373,0.08239399457798058,0.10212502628564835,1.660874053222366,1.7123319568869901,0.09949344396591187
ENSG00000153187.18,HNRNPU,0.99182427,0.99182427,-0.33166956901550293,False,,,,,,,,,,,,,,,,-0.14187192916870117
ENSG00000185420.18,SMYD3,0.06368183,0.06368183,-0.04282712936401367,False,,,,,,,,,,,,,,,,-0.031688690185546875
ENSG00000153207.14,AHCTF1,0.118304305,0.118304305,-0.11644303798675537,False,,,,,,,,,,,,,,,,-0.11614000797271729
ENSG00000187608.8,ISG15,0.024099313,0.024099313,0.006447970867156982,False,,,,,,,,,,,,,,,,0.03723728656768799
ENSG00000197530.12,MIB2,0.057428114,0.057428114,-0.06555724143981934,False,,,,,,,,,,,,,,,,-0.06535351276397705
ENSG00000235169.7,SMIM1,0.015729582,0.046384066,0.07178634405136108,True,0.8437261000031557,6.032414057630553,0.39805871961325917,1.8338297105767238,0.08967388596385717,0.038625750690698624,0.20352265238761902,,0.0,0.0,0.49677736940733874,0.4814814651385113,0.5406724214553833,,0.8318698521617316,0.07183152437210083
ENSG00000069424.14,KCNAB2,0.10075605,0.10075605,-0.12939667701721191,False,,,,,,,,,,,,,,,,-0.04736495018005371
ENSG00000171735.18,CAMTA1,2.9753628,2.9753628,-0.32262682914733887,False,,,,,,,,,,,,,,,,-0.3226233720779419
ENSG00000142657.20,PGD,0.010745572,0.010745572,0.009823322296142578,False,,,,,,,,,,,,,,,,0.017246007919311523
ENSG00000083444.16,PLOD1,0.5074747,0.5074747,-0.014814019203186035,False,,,,,,,,,,,,,,,,-0.013544917106628418
ENSG00000048707.13,VPS13D,0.23334959,0.23334959,-0.1848241090774536,False,,,,,,,,,,,,,,,,-0.17956650257110596
ENSG00000142634.12,EFHD2,0.011992472,0.011992472,-0.07987797260284424,False,,,,,,,,,,,,,,,,0.04261726140975952
ENSG00000055070.16,SZRD1,0.02892526,0.02892526,-0.022161483764648438,False,,,,,,,,,,,,,,,,-0.0185396671295166
ENSG00000159339.13,PADI4,0.035278376,0.035278376,-0.029818058013916016,False,,,,,,,,,,,,,,,,-0.02974247932434082
ENSG00000142669.14,SH3BGRL3,0.008141988,0.008141988,-0.6219568252563477,False,,,,,,,,,,,,,,,,0.06156235933303833
ENSG00000169442.8,CD52,0.0022357418,0.0022357418,-0.23266899585723877,False,,,,,,,,,,,,,,,,0.019408762454986572
ENSG00000117682.16,DHDDS,0.102771,0.102771,-0.10303938388824463,False,,,,,,,,,,,,,,,,-0.10292112827301025
ENSG00000198830.10,HMGN2,0.5159732,1.7342546,0.2784028649330139,True,0.05702853103887349,0.1778975576309858,0.27653214520240993,9.717321418249163,2.584585776031018,0.09306139498949051,0.048518501222133636,0.10030185662562797,0.0,0.0,0.42269634371228826,0.39665225076119265,0.17902088165283203,3.0488709374912357,2.6376086848902904,0.317624032497406
ENSG00000117676.13,RPS6KA1,0.026672967,0.026672967,-0.042490601539611816,False,,,,,,,,,,,,,,,,-0.012566685676574707
ENSG00000142765.17,SYTL1,0.025097512,0.025097512,-0.09936153888702393,False,,,,,,,,,,,,,,,,0.02046579122543335
ENSG00000117758.13,STX12,0.304061,0.304061,-0.1687641143798828,False,,,,,,,,,,,,,,,,-0.10642468929290771
ENSG00000159023.19,EPB41,0.099884905,0.099884905,-0.08364689350128174,False,,,,,,,,,,,,,,,,-0.05974304676055908
ENSG00000121766.15,ZCCHC17,0.051751785,0.051751785,-0.06878817081451416,False,,,,,,,,,,,,,,,,-0.06485247611999512
ENSG00000121774.17,KHDRBS1,1.4962304,1.4962304,-0.6499115228652954,False,,,,,,,,,,,,,,,,-0.6477528810501099
ENSG00000183520.11,UTP11,0.046102323,0.046102323,-0.05673050880432129,False,,,,,,,,,,,,,,,,0.004074275493621826
ENSG00000127603.24,MACF1,0.16255756,0.16255756,-0.13057398796081543,False,,,,,,,,,,,,,,,,-0.07441818714141846
ENSG00000084070.11,SMAP2,0.13626805,0.13626805,-0.09603464603424072,False,,,,,,,,,,,,,,,,0.058816730976104736
ENSG00000117399.13,CDC20,0.0070223766,0.0070223766,0.14014959335327148,False,,,,,,,,,,,,,,,,0.14029765129089355
ENSG00000117410.13,ATP6V0B,0.028195467,0.028195467,-0.050077199935913086,False,,,,,,,,,,,,,,,,0.1391313076019287
ENSG00000126088.13,UROD,0.06866209,0.088235885,0.38394254446029663,True,1.15246010195564,7.69972865061915,0.9613554566141482,14.669695129546309,0.15272417228668927,0.029486237093806267,0.29394689202308655,0.08972248635119262,0.0,0.0,0.4906142139020123,0.11826330718496789,0.9193023443222046,0.3254240693160812,1.109755491539687,0.38395118713378906
ENSG00000162378.12,ZYG11B,0.09760235,0.09760235,-0.09035074710845947,False,,,,,,,,,,,,,,,,-0.06204211711883545
ENSG00000184588.17,PDE4B,0.26772046,0.79842746,0.014168083667755127,True,0.04937412503724883,0.45765197481463776,0.26982372993712406,7.327108533425169,1.2148242340981965,0.04298250004649162,0.04478728771209717,0.18530226184822227,0.0,0.0,0.13314624234336547,0.12806895427476125,0.13252729177474976,1.4581021727647414,2.2768149313939436,0.07873177528381348
ENSG00000198160.14,MIER1,0.27548167,0.27548167,-0.19063127040863037,False,,,,,,,,,,,,,,,,-0.1424267292022705
ENSG00000116717.11,GADD45A,0.13154775,0.0845816,0.062272489070892334,True,0.29858815442306597,2.9055772818222345,0.316888610900086,15.563623708228299,0.19586583897471427,0.021064916625618935,0.11238732188940048,8.926286705449386e-06,0.0,0.0,0.4884989591179728,0.10734423814836803,1.1468539237976074,4.278864414733795,1.9972940237839867,0.16599780321121216
ENSG00000033122.18,LRRC7,0.6438933,0.6438933,-0.4926563501358032,False,,,,,,,,,,,,,,,,-0.49202120304107666
ENSG00000180488.14,MIGA1,0.24905004,0.24905004,-0.16295206546783447,False,,,,,,,,,,,,,,,,-0.1471719741821289
ENSG00000137959.15,IFI44L,0.08507109,0.08507109,0.0025406479835510254,False,,,,,,,,,,,,,,,,0.01231294870376587
ENSG00000137965.10,IFI44,0.16281705,0.16281705,-0.06113779544830322,False,,,,,,,,,,,,,,,,0.00937187671661377
ENSG00000234184.5,LINC01781,0.009344577,0.022864372,0.09656137228012085,True,0.6618460020803433,14.575940533449051,0.4848239855995062,3.4620957418054723,0.06035240430798795,0.013087083585560322,0.21660350263118744,2.914705482931929e-37,0.0,0.0,0.40525220489349406,0.04512046075162291,0.5718135833740234,1.13099577881262,1.0439247183514897,0.10757839679718018
ENSG00000117133.10,RPF1,0.063940145,0.063940145,-0.06226634979248047,False,,,,,,,,,,,,,,,,-0.06078457832336426
ENSG00000097033.14,SH3GLB1,0.122601,0.122601,-0.09400403499603271,False,,,,,,,,,,,,,,,,0.044954895973205566
ENSG00000065243.19,PKN2,0.17322947,0.17322947,-0.280434250831604,False,,,,,,,,,,,,,,,,-0.07999575138092041
ENSG00000162664.16,ZNF326,0.11730184,0.11730184,-0.0463634729385376,False,,,,,,,,,,,,,,,,-0.015921354293823242
ENSG00000122484.8,RPAP2,0.1640403,0.1640403,-0.15107548236846924,False,,,,,,,,,,,,,,,,-0.040553927421569824
ENSG00000122483.17,CCDC18,0.7628307,0.7628307,-0.3764667510986328,False,,,,,,,,,,,,,,,,-0.37446653842926025
ENSG00000117569.18,PTBP2,0.1178116,0.1178116,-0.09125733375549316,False,,,,,,,,,,,,,,,,-0.08705902099609375
ENSG00000162688.16,AGL,0.061780058,0.061780058,-0.041541218757629395,False,,,,,,,,,,,,,,,,-0.03310656547546387
ENSG00000162692.10,VCAM1,0.017547635,0.026133321,0.01857239007949829,True,1.7680442099493963,12.362476085283209,0.2709630674549747,2.3654589328636058,0.11445073311527568,0.04897681996226311,0.4421935975551605,0.0,0.0,0.0,0.49676142020300057,0.50137739547095,2.4727203845977783,0.0,0.7303253840200243,0.01857227087020874
ENSG00000185946.15,RNPC3,0.14157473,0.14157473,-0.1168440580368042,False,,,,,,,,,,,,,,,,-0.09888243675231934
ENSG00000134186.11,PRPF38B,0.047494955,0.047494955,-0.06747782230377197,False,,,,,,,,,,,,,,,,-0.03422200679779053
ENSG00000162775.14,RBM15,0.080586724,0.080586724,-0.013893842697143555,False,,,,,,,,,,,,,,,,-0.007443428039550781
ENSG00000143110.11,C1orf162,0.033173267,0.033173267,0.007527172565460205,False,,,,,,,,,,,,,,,,0.13527143001556396
ENSG00000116489.12,CAPZA1,0.029636407,0.029636407,-0.06300783157348633,False,,,,,,,,,,,,,,,,-0.013713359832763672
ENSG00000163349.21,HIPK1,0.1417405,0.1417405,-0.17074811458587646,False,,,,,,,,,,,,,,,,-0.05692720413208008
ENSG00000116824.4,CD2,0.07481787,0.10794818,0.28690487146377563,True,0.4046743150226908,5.142427027673376,0.39913002568214284,3.2234647332453163,0.2347774419933557,0.03353181108832359,0.1749591827392578,0.18433782277401498,0.0,0.0,0.32316119801356635,0.10011699486405767,0.5731950998306274,1.333187593725564,1.0146391199901674,0.2955467104911804
ENSG00000198162.12,MAN1A2,0.0963403,0.0963403,-0.0676339864730835,False,,,,,,,,,,,,,,,,-0.05074501037597656
ENSG00000117360.12,PRPF3,0.13010645,0.13010645,-0.12765097618103027,False,,,,,,,,,,,,,,,,-0.06415390968322754
ENSG00000163125.15,RPRD2,0.43505654,0.43505654,-0.3364377021789551,False,,,,,,,,,,,,,,,,-0.2928692102432251
ENSG00000163156.11,SCNM1,0.09099701,0.09099701,-0.12448763847351074,False,,,,,,,,,,,,,,,,-0.05885052680969238
ENSG00000143398.19,PIP5K1A,0.25112402,0.25112402,-0.19800245761871338,False,,,,,,,,,,,,,,,,-0.19527864456176758
ENSG00000163220.10,S100A9,0.00069282093,0.00069282093,0.3046976923942566,False,,,,,,,,,,,,,,,,0.32747554779052734
ENSG00000143554.13,SLC27A3,0.57592237,0.57592237,-0.11348772048950195,False,,,,,,,,,,,,,,,,-0.11014401912689209
ENSG00000177954.11,RPS27,0.0050318334,0.0050318334,0.085521399974823,False,,,,,,,,,,,,,,,,0.28894245624542236
ENSG00000160712.12,IL6R,0.12509492,0.12509492,-0.005151033401489258,False,,,,,,,,,,,,,,,,0.03241997957229614
ENSG00000169241.17,SLC50A1,1.1350734,1.1350734,-0.3242758512496948,False,,,,,,,,,,,,,,,,-0.324060320854187
ENSG00000116586.11,LAMTOR2,0.022719102,0.022719102,-0.10006308555603027,False,,,,,,,,,,,,,,,,0.03297924995422363
ENSG00000160789.19,LMNA,1.0534698,2.4658377,0.4859008193016052,True,0.10635415760535631,0.1565727321013915,0.37127335209900963,5.401394917459979,5.64031657218933,0.19902962446212769,0.06016426533460617,0.20295215833558203,0.0,0.0,0.3634292924887612,0.579568308954748,0.17956778407096863,0.8332529503817547,1.5974616723874637,0.5330178439617157
ENSG00000143303.11,RRNAD1,0.2523167,0.2523167,-0.12040305137634277,False,,,,,,,,,,,,,,,,-0.11811482906341553
ENSG00000143294.14,PRCC,0.04078339,0.04078339,-0.025836825370788574,False,,,,,,,,,,,,,,,,-0.004590392112731934
ENSG00000163563.7,MNDA,0.021506496,0.031141514,0.4217488169670105,True,4.097078195458974,25.076086874869773,0.7326645473120933,2.300023076047785,0.021531542083248496,0.04295776039361954,0.9426887035369873,0.130248852622646,0.0,0.0,0.4854668474535608,0.14312270221504875,2.1614797115325928,1.2803982936323064,0.8334462675270653,0.4363343119621277
ENSG00000163564.14,PYHIN1,0.068036966,0.16465846,0.30502188205718994,True,0.18635297612530557,2.8361793646853104,0.390910144967804,4.111790556892098,0.2816878139972686,0.0240225438028574,0.10446889698505402,0.13758318733488836,0.0,0.0,0.32220020727377274,0.07735435467677121,0.27859729528427124,1.3391172231140804,1.456659136163199,0.31516212224960327
ENSG00000163565.18,IFI16,0.15538871,0.15538871,-0.03517425060272217,False,,,,,,,,,,,,,,,,0.0029573440551757812
ENSG00000179639.10,FCER1A,0.0013964784,0.0013964784,0.07911044359207153,False,,,,,,,,,,,,,,,,0.07911014556884766
ENSG00000158869.10,FCER1G,0.10427821,0.1704946,0.35785824060440063,True,0.32030626098008563,2.6668197020472997,0.418437161449417,5.0473132518854005,0.3063555806875229,0.04460858926177025,0.17837285995483398,0.09285262976105459,0.0,0.0,0.4121432764842056,0.1434044042358806,0.6110129356384277,1.7678733705056418,1.4993970011193176,0.38848525285720825
ENSG00000118217.5,ATF6,0.04396802,0.04396802,-0.07281124591827393,False,,,,,,,,,,,,,,,,-0.025026440620422363
ENSG00000152332.15,UHMK1,0.038758468,0.038758468,-0.16077935695648193,False,,,,,,,,,,,,,,,,-0.0035980939865112305
ENSG00000198771.10,RCSD1,0.27845705,0.3819552,0.6551475822925568,True,0.4732911634938184,0.7380900028635877,0.25052712190246046,16.48306557860416,0.5111502389113108,0.15125276148319244,0.28604310750961304,0.12586438757104207,0.0,0.0,0.4976005662943682,0.4811015226664424,2.0601091384887695,1.5784660457517758,2.578248281593905,0.6551580429077148
ENSG00000094975.13,SUCO,0.41217932,0.41217932,-0.22684907913208008,False,,,,,,,,,,,,,,,,-0.21280407905578613
ENSG00000076321.10,KLHL20,0.2971239,0.2971239,-0.21791350841522217,False,,,,,,,,,,,,,,,,-0.21786856651306152
ENSG00000152061.23,RABGAP1L,0.25397193,0.25397193,-0.086944580078125,False,,,,,,,,,,,,,,,,-0.06825625896453857
ENSG00000116191.17,RALGPS2,0.029309016,0.07074682,0.18202471733093262,True,0.4524503279832536,5.92708521580106,0.508658399514471,2.360344964041037,0.06771294493228197,0.01959821581840515,0.1367560774087906,0.07181734653670527,0.0,0.0,0.40372873195094117,0.06529254519759276,0.3068650960922241,1.3546727626261288,1.1212427407708294,0.22297227382659912
ENSG00000143337.18,TOR1AIP1,0.10212003,0.10212003,-0.08118987083435059,False,,,,,,,,,,,,,,,,-0.06264865398406982
ENSG00000135837.15,CEP350,0.20166893,0.20166893,-0.2557497024536133,False,,,,,,,,,,,,,,,,-0.08151686191558838
ENSG00000135838.13,NPL,0.024330936,0.14199258,0.04299521446228027,True,0.04674537315887766,0.587677054152261,0.2321446251713383,2.7394097920545026,1.3479991717636586,0.02241523377597332,0.02531692385673523,1.2898981490902494e-30,0.0,0.0,0.3391926587098971,0.07480289646444493,0.08416551351547241,1.716889135502539,1.6473358873290609,0.05320918560028076
ENSG00000116698.21,SMG7,0.24799965,0.24799965,-0.11966204643249512,False,,,,,,,,,,,,,,,,-0.11958348751068115
ENSG00000116667.12,C1orf21,0.034867804,0.063463576,0.2181834578514099,True,0.543466552946898,7.418611924345826,0.5335455863990419,2.513154955810932,0.05877430954948067,0.020761167630553246,0.16690373420715332,0.0026248768796185576,0.0,0.0,0.441994226703655,0.06937294163882424,0.3668619394302368,1.604982875043616,1.0320537452308887,0.24073189496994019
ENSG00000121481.10,RNF2,0.025574367,0.025574367,-0.028904199600219727,False,,,,,,,,,,,,,,,,-0.012496471405029297
ENSG00000150681.9,RGS18,0.42709485,0.48986688,0.9142103940248489,True,0.15400236379590512,0.41830910655331927,0.30945276069110117,7.463276984508376,2.070503844817479,0.10187720507383347,0.05453450605273247,1.3433280438056303e-07,0.0,0.0,0.4933286395201184,0.50212654224012,0.6919524669647217,6.5956597664194705,1.4267166685138326,0.9142118394374847
ENSG00000090104.11,RGS1,0.010844568,0.015525363,0.149183988571167,True,2.0273794397684735,21.577971515269024,0.4997379829833217,2.5190543935011727,0.03584608384408057,0.01774328574538231,0.753615140914917,0.03629873497992358,0.0,0.0,0.48496679971214113,0.05977771245142982,2.039778709411621,0.9919196001001298,1.5184506787225125,0.14939719438552856
ENSG00000116741.7,RGS2,0.015753636,0.036366314,0.30883657932281494,True,3.6754580572193682,20.57628749317918,0.7450749160234288,2.429925705806047,0.02450059832384189,0.04239638149738312,0.8642498254776001,0.1803258773468709,0.0,0.0,0.4884033489147626,0.1377052608152596,2.132114887237549,1.157367205929453,0.9108075537218113,0.32419365644454956
ENSG00000159388.5,BTG2,0.029463068,0.029463068,-0.08838140964508057,False,,,,,,,,,,,,,,,,0.0011191964149475098
ENSG00000058668.14,ATP2B4,0.049927767,0.049927767,-0.0226212739944458,False,,,,,,,,,,,,,,,,-0.0016896724700927734
ENSG00000198625.12,MDM4,0.023038834,0.023038834,0.007740795612335205,False,,,,,,,,,,,,,,,,0.02041161060333252
ENSG00000196352.14,CD55,0.76158017,0.76158017,-0.23615682125091553,False,,,,,,,,,,,,,,,,-0.2355208396911621
ENSG00000123689.5,G0S2,0.00095360907,0.00095360907,0.02061396837234497,False,,,,,,,,,,,,,,,,0.021735727787017822
ENSG00000117625.13,RCOR3,0.14706919,0.14706919,-0.08524763584136963,False,,,,,,,,,,,,,,,,-0.061865806579589844
ENSG00000162772.16,ATF3,0.06989853,0.20579416,0.11423647403717041,True,0.09200427959636653,1.438828573260095,0.32348433041000835,4.702100237075648,0.5088790329049031,0.019983502104878426,0.04650181159377098,4.7675688316631937e-35,0.0,0.0,0.21807642044070852,0.06444612086773382,0.14045333862304688,1.3275010344402163,1.5017738623138908,0.12484824657440186
ENSG00000162819.11,BROX,0.14232148,0.14232148,-0.17449235916137695,False,,,,,,,,,,,,,,,,-0.06491291522979736
ENSG00000162909.17,CAPN2,0.027057376,0.027057376,-0.07482492923736572,False,,,,,,,,,,,,,,,,0.025586307048797607
ENSG00000143756.11,FBXO28,0.093207955,0.093207955,-0.07945024967193604,False,,,,,,,,,,,,,,,,-0.07462465763092041
ENSG00000143771.11,CNIH4,0.11341821,0.11341821,-0.10290563106536865,False,,,,,,,,,,,,,,,,-0.08656501770019531
ENSG00000163041.9,H3F3A,0.68341446,0.68341446,-0.16236066818237305,False,,,,,,,,,,,,,,,,-0.14889180660247803
ENSG00000162852.13,CNST,0.37053683,0.37053683,-0.25305819511413574,False,,,,,,,,,,,,,,,,-0.23352694511413574
ENSG00000162711.16,NLRP3,0.03429058,0.24933809,0.16616034507751465,True,0.07290265624727993,1.1556450570973364,0.2779166533434007,3.9386666692974592,0.6880214130878448,0.02498544380068779,0.04893435910344124,0.07769687158823535,0.0,0.0,0.11968402852949184,0.07403918188402513,0.14572033286094666,1.333237219011361,1.6947371160044005,0.18086910247802734
ENSG00000067064.10,IDI1,0.123439685,0.123439685,-0.09444165229797363,False,,,,,,,,,,,,,,,,-0.045256614685058594
ENSG00000067082.14,KLF6,3.7887728,3.7887728,-0.7080329656600952,False,,,,,,,,,,,,,,,,-0.6964272260665894
ENSG00000151657.11,KIN,0.16568747,0.16568747,-0.03205299377441406,False,,,,,,,,,,,,,,,,-0.00029599666595458984
ENSG00000151461.19,UPF2,0.04060688,0.04060688,-0.04590463638305664,False,,,,,,,,,,,,,,,,-0.024257659912109375
ENSG00000107537.13,PHYH,0.12785102,0.12785102,-0.1970987319946289,False,,,,,,,,,,,,,,,,-0.044297099113464355
ENSG00000065809.13,FAM107B,0.09286532,0.09286532,-0.716632604598999,False,,,,,,,,,,,,,,,,0.004612624645233154
ENSG00000148484.17,RSU1,0.023033228,0.023033228,-0.08516478538513184,False,,,,,,,,,,,,,,,,-0.08331573009490967
ENSG00000229124.6,VIM-AS1,0.020056397,0.020056397,-0.04154229164123535,False,,,,,,,,,,,,,,,,-0.041541099548339844
ENSG00000241058.3,NSUN6,0.276868,0.276868,-0.24899113178253174,False,,,,,,,,,,,,,,,,-0.2489783763885498
ENSG00000136770.10,DNAJC1,0.09323832,0.09323832,-0.05202293395996094,False,,,,,,,,,,,,,,,,0.011709809303283691
ENSG00000150867.13,PIP4K2A,0.03253959,0.03253959,-0.062271833419799805,False,,,,,,,,,,,,,,,,0.023221313953399658
ENSG00000136754.17,ABI1,0.062575385,0.062575385,-0.20039033889770508,False,,,,,,,,,,,,,,,,-0.016435742378234863
ENSG00000136758.18,YME1L1,0.3474594,0.3474594,-0.3501378297805786,False,,,,,,,,,,,,,,,,-0.34810495376586914
ENSG00000150054.18,MPP7,0.17364933,0.17364933,-0.14931821823120117,False,,,,,,,,,,,,,,,,-0.14803290367126465
ENSG00000107951.14,MTPAP,0.17715181,0.17715181,-0.03921711444854736,False,,,,,,,,,,,,,,,,-0.02741265296936035
ENSG00000120616.15,EPC1,0.5938947,0.5938947,-0.21231114864349365,False,,,,,,,,,,,,,,,,-0.1605302095413208
ENSG00000150093.18,ITGB1,0.17041,0.17041,-0.04428243637084961,False,,,,,,,,,,,,,,,,-0.04324185848236084
ENSG00000107562.16,CXCL12,0.016194044,0.017319005,0.7902887314558029,True,8.931623753512127,26.962012925911097,0.5943242201737745,8.607670056647859,0.029349981998093428,0.07056368142366409,4.1653032302856445,2.4685777393194002e-06,0.0,0.0,0.4992567703815869,0.17353860334040583,11.799592018127441,1.0351838670890359,2.0850850832286136,0.7902887314558029
ENSG00000165406.15,MARCH8,0.34175476,0.34175476,-0.18764245510101318,False,,,,,,,,,,,,,,,,-0.1769256591796875
ENSG00000266412.5,NCOA4,0.0006445446,0.0006445446,-0.020635485649108887,False,,,,,,,,,,,,,,,,-0.020632624626159668
ENSG00000171988.18,JMJD1C,0.3692759,0.3692759,-0.13834190368652344,False,,,,,,,,,,,,,,,,-0.10712409019470215
ENSG00000079332.14,SAR1A,0.04416585,0.04416585,-0.0542905330657959,False,,,,,,,,,,,,,,,,-0.01463925838470459
ENSG00000197746.13,PSAP,0.0016404071,0.0016404071,-0.0003006458282470703,False,,,,,,,,,,,,,,,,0.010538637638092041
ENSG00000107742.12,SPOCK2,0.016268665,0.046153095,0.025584757328033447,True,0.445495496012159,9.237410959902176,0.6014669415075518,2.5539716417442255,0.05124868853017689,0.013729443773627281,0.12658201158046722,0.12070356615374513,0.0,0.0,0.37441138983723643,0.05044579746179335,0.3988918960094452,1.9129573117411485,0.8982791480564615,0.05912208557128906
ENSG00000148719.14,DNAJB12,0.291906,0.291906,-0.13490581512451172,False,,,,,,,,,,,,,,,,-0.133675217628479
ENSG00000185009.12,AP3M1,0.13863473,0.13863473,-0.06854033470153809,False,,,,,,,,,,,,,,,,-0.05839574337005615
ENSG00000165644.10,COMTD1,0.09500073,0.09500073,-0.06139862537384033,False,,,,,,,,,,,,,,,,-0.011312007904052734
ENSG00000095585.16,BLNK,0.04598598,0.04220279,0.06000012159347534,True,0.2529194198250632,3.644583769237934,0.3672386354647668,1.480294392004195,0.15211176648736002,0.021517077460885048,0.07178877294063568,4.890874831019246e-29,0.0,0.0,0.4578011308156946,0.07586359054103653,0.17982614040374756,1.7174532295665692,0.8718384298384716,0.06792950630187988
ENSG00000077147.14,TM9SF3,0.05944995,0.05944995,-0.128875732421875,False,,,,,,,,,,,,,,,,-0.013535857200622559
ENSG00000155229.20,MMS19,0.10723329,0.10723329,-0.10563004016876221,False,,,,,,,,,,,,,,,,-0.09733498096466064
ENSG00000198408.13,MGEA5,0.14413631,0.14413631,-0.25294923782348633,False,,,,,,,,,,,,,,,,-0.04134011268615723
ENSG00000120029.12,C10orf76,0.3075692,0.3075692,-0.28131306171417236,False,,,,,,,,,,,,,,,,-0.2812058925628662
ENSG00000076685.18,NT5C2,0.10690759,0.10690759,-0.022658109664916992,False,,,,,,,,,,,,,,,,0.013818323612213135
ENSG00000165813.18,CCDC186,0.09314388,0.09314388,-0.06315064430236816,False,,,,,,,,,,,,,,,,-0.031610727310180664
ENSG00000099204.18,ABLIM1,0.11900029,0.11900029,-0.0892019271850586,False,,,,,,,,,,,,,,,,0.0550694465637207
ENSG00000107560.10,RAB11FIP2,0.10540102,0.10540102,-0.04613053798675537,False,,,,,,,,,,,,,,,,-0.0448530912399292
ENSG00000165669.13,FAM204A,0.11003449,0.11003449,-0.6517233848571777,False,,,,,,,,,,,,,,,,-0.04237246513366699
ENSG00000151893.14,CACUL1,0.6517991,0.6517991,-0.20236551761627197,False,,,,,,,,,,,,,,,,-0.18528127670288086
ENSG00000148908.14,RGS10,0.00674386,0.00674386,-0.027079105377197266,False,,,,,,,,,,,,,,,,-0.02605295181274414
ENSG00000175029.16,CTBP2,0.04460878,0.14827506,0.07535362243652344,True,0.05784818173365011,1.243204841587688,0.2780851140665677,5.55206304624488,0.34733740203082564,0.014697684906423092,0.0382600799202919,0.04911639104460698,0.0,0.0,0.22093597318592972,0.04850547046401843,0.12061026692390442,1.6745445619810646,2.0938918932577364,0.09260046482086182
ENSG00000148773.13,MKI67,0.024394972,0.024686266,0.4296690821647644,True,0.569414948577344,10.501500548462007,0.3985642031442869,3.1216965091752935,0.05945035308599472,0.011456023901700974,0.2596619129180908,1.1440613632854184e-20,0.0,0.0,0.47940221219501783,0.04122229150640778,0.9088761210441589,1.558620728445189,1.850019023584829,0.4302491545677185
ENSG00000148803.11,FUOM,0.14643423,0.16917713,0.028539955615997314,True,0.16001936568755204,1.8810571974728119,0.43115983318166173,3.0254996277165747,0.18806774474680427,0.020984657108783722,0.052721697837114334,0.05188971649831054,0.0,0.0,0.39063878040251365,0.07763184014504532,0.14591801166534424,2.0704999722352087,1.1448239354580223,0.05392962694168091
ENSG00000196139.13,AKR1C3,0.0067096353,0.0067096353,0.05940347909927368,False,,,,,,,,,,,,,,,,0.06076204776763916
ENSG00000165632.7,TAF3,0.054916937,0.054916937,-0.1431194543838501,False,,,,,,,,,,,,,,,,-0.0072165727615356445
ENSG00000107485.15,GATA3,0.060645655,0.083035044,0.010917723178863525,True,0.3083546951034315,5.753486229372456,0.70418937779439,2.199654192371804,0.09307508457452057,0.014315039850771427,0.07267096638679504,0.09643673111028865,0.0,0.0,0.31814650579791437,0.0495902280798357,0.19276970624923706,1.6578812318204013,0.7752011009305754,0.10101675987243652
ENSG00000048740.18,CELF2,0.13420004,0.13420004,-0.273162841796875,False,,,,,,,,,,,,,,,,-0.04399561882019043
ENSG00000152464.14,RPP38,0.053723417,0.053723417,-0.04477870464324951,False,,,,,,,,,,,,,,,,-0.04316282272338867
ENSG00000026025.15,VIM,0.03024931,0.045077544,0.42499440908432007,True,6.59404282167458,22.24434003072834,0.7162954168945979,2.669755396740365,0.024527097400277854,0.08456530421972275,1.6291004419326782,0.267480167771565,0.0,0.0,0.48833417528338025,0.2316053091624859,4.122360706329346,0.635878883352572,0.8247965693299918,0.5083203613758087
ENSG00000120594.16,PLXDC2,0.035917655,0.14564678,0.13058680295944214,True,0.19522168490398473,2.139302915273942,0.33686622817929845,2.314263031994931,0.1869574107974768,0.02755567617714405,0.0696418359875679,1.061351318946078e-65,0.0,0.0,0.4127742696104875,0.09869390034287974,0.18874451518058777,1.5963933861814217,1.063235181664371,0.1584598422050476
ENSG00000077420.15,APBB1IP,0.21809296,0.21809296,-0.04675304889678955,False,,,,,,,,,,,,,,,,-0.030399322509765625
ENSG00000107968.9,MAP3K8,1.0145221,3.354069,0.27184945344924927,True,0.06012589711515563,0.13449690592733773,0.28669632278932644,5.43675800947348,5.149319257736208,0.18130715191364288,0.04456989839673042,0.17355753733100093,0.0,0.0,0.18539677987459063,0.5087160490438691,0.13576740026474,1.5629736401445928,1.8277400390140306,0.2792014479637146
ENSG00000095794.19,CREM,0.2441142,0.392822,0.29439401626586914,True,0.12390343934636297,0.8681993148521036,0.3080211013379122,9.116769275250542,0.5708901472389698,0.047675926238298416,0.10230165719985962,0.20181883149165308,0.0,0.0,0.368371879632561,0.14063228020412485,0.3130720257759094,1.1860305926761217,2.236136904446455,0.2957054376602173
ENSG00000189180.15,ZNF33A,0.39213443,0.39213443,-0.29387688636779785,False,,,,,,,,,,,,,,,,-0.29238831996917725
ENSG00000169826.7,CSGALNACT2,0.09461102,0.09461102,-0.003539562225341797,False,,,,,,,,,,,,,,,,0.0304718017578125
ENSG00000128815.19,WDFY4,0.12653439,0.5964321,0.06078428030014038,True,0.034222828299840566,0.5857248141440581,0.269850983925549,4.551367752311009,1.3577020665009816,0.02403273992240429,0.022716335952281952,8.40002871967721e-07,0.0,0.0,0.09766384190147798,0.0756290900511658,0.07200248539447784,1.7178870577575087,1.6742854004745094,0.08115071058273315
ENSG00000072401.14,UBE2D1,0.00713153,0.03787917,0.022933006286621094,True,0.3387307115318841,6.320496144868197,0.40770763914000285,2.7025631205889216,0.06496268928050995,0.018103327602148056,0.13167284429073334,2.809021175433031e-38,0.0,0.0,0.31925059290969143,0.056157214606052726,0.34727805852890015,1.5311175947575761,1.0932267208049966,0.0834168791770935
ENSG00000150347.14,ARID5B,0.09284793,0.09284793,-0.4958914518356323,False,,,,,,,,,,,,,,,,0.06438964605331421
ENSG00000060339.13,CCAR1,0.22098783,0.22098783,-0.2552899122238159,False,,,,,,,,,,,,,,,,-0.13512444496154785
ENSG00000122862.4,SRGN,0.0050471765,0.0050471765,0.12516272068023682,False,,,,,,,,,,,,,,,,0.18442147970199585
ENSG00000168209.4,DDIT4,0.003332808,0.003332808,-0.012942790985107422,False,,,,,,,,,,,,,,,,-0.004676342010498047
ENSG00000176986.15,SEC24C,0.22096153,0.22096153,-0.13026893138885498,False,,,,,,,,,,,,,,,,-0.10645127296447754
ENSG00000035403.17,VCL,0.04967044,0.04967044,0.004052937030792236,False,,,,,,,,,,,,,,,,0.029464542865753174
ENSG00000156650.12,KAT6B,0.17849627,0.17849627,-0.14133310317993164,False,,,,,,,,,,,,,,,,-0.13519418239593506
ENSG00000156671.12,SAMD8,0.13380656,0.13380656,-0.07099807262420654,False,,,,,,,,,,,,,,,,-0.0229264497756958
ENSG00000107771.15,CCSER2,0.13462566,0.13462566,-0.055239081382751465,False,,,,,,,,,,,,,,,,0.04635274410247803
ENSG00000171862.10,PTEN,0.047585417,0.047585417,-0.021266698837280273,False,,,,,,,,,,,,,,,,0.008015275001525879
ENSG00000119922.9,IFIT2,0.021484999,0.023121756,0.0461270809173584,True,0.3632288980452074,7.497860634414393,0.4490953858250441,7.153661088186131,0.06685450226068497,0.01321258395910263,0.17786872386932373,1.925588628466755e-05,0.0,0.0,0.42385363532643205,0.049056266430027584,0.44410622119903564,1.807580133466104,1.795454879929136,0.04953080415725708
ENSG00000138182.14,KIF20B,0.066760845,0.24054413,0.012311100959777832,True,0.07301157433055037,1.046086658528857,0.25777205702821887,7.384554945748168,0.4492737539112568,0.021269306540489197,0.059926483780145645,0.19740124495854242,0.0,0.0,0.202911556781114,0.06739753890983023,0.1654740571975708,1.058648890665354,2.565124941791642,0.027547359466552734
ENSG00000107854.5,TNKS2,0.12292396,0.12292396,-0.12786352634429932,False,,,,,,,,,,,,,,,,-0.11324191093444824
ENSG00000152804.10,HHEX,0.014407446,0.014407446,-0.012121915817260742,False,,,,,,,,,,,,,,,,0.023565232753753662
ENSG00000138190.16,EXOC6,0.15975353,0.15975353,-0.07246840000152588,False,,,,,,,,,,,,,,,,-0.0724341869354248
ENSG00000107447.7,DNTT,0.0019027839,0.0019027839,0.4820748567581177,False,,,,,,,,,,,,,,,,0.4820755124092102
ENSG00000077150.18,NFKB2,0.64265966,0.64265966,-0.28769564628601074,False,,,,,,,,,,,,,,,,-0.27174603939056396
ENSG00000107872.12,FBXL15,0.05154723,0.05154723,-0.3866156339645386,False,,,,,,,,,,,,,,,,-0.007064342498779297
ENSG00000148834.12,GSTO1,0.017951187,0.017951187,-0.009518265724182129,False,,,,,,,,,,,,,,,,0.008096754550933838
ENSG00000148700.14,ADD3,0.14457494,0.14457494,-0.7077963352203369,False,,,,,,,,,,,,,,,,-0.01905369758605957
ENSG00000119950.20,MXI1,0.13611282,0.13611282,-0.1432175636291504,False,,,,,,,,,,,,,,,,-0.14274001121520996
ENSG00000150593.17,PDCD4,0.10107021,0.10107021,-0.11365127563476562,False,,,,,,,,,,,,,,,,0.004640817642211914
ENSG00000108061.11,SHOC2,0.15763651,0.15763651,-0.039745211601257324,False,,,,,,,,,,,,,,,,0.009888410568237305
ENSG00000151532.13,VTI1A,0.06302091,0.06302091,-0.06361901760101318,False,,,,,,,,,,,,,,,,-0.027589082717895508
ENSG00000148737.16,TCF7L2,0.0540106,0.10156807,0.2723767161369324,True,0.3184722851993923,5.1567467567508904,0.45018718872889796,4.090946873847103,0.13861993305385112,0.017826775088906288,0.13053084909915924,3.2222565579491605e-36,0.0,0.0,0.38268661594605824,0.05465314580887304,0.3046284317970276,0.9008932883355056,1.3523068788962873,0.2856581211090088
ENSG00000196865.4,NHLRC2,0.13182218,0.13182218,-0.07811057567596436,False,,,,,,,,,,,,,,,,-0.07701027393341064
ENSG00000151553.14,FAM160B1,0.5011216,0.5011216,-0.24375975131988525,False,,,,,,,,,,,,,,,,-0.24180662631988525
ENSG00000120008.15,WDR11,0.2916996,0.2916996,-0.10680258274078369,False,,,,,,,,,,,,,,,,-0.10399830341339111
ENSG00000107902.13,LHPP,0.11229239,0.11229239,-0.017069101333618164,False,,,,,,,,,,,,,,,,-0.016980886459350586
ENSG00000019995.6,ZRANB1,0.17257087,0.17257087,-0.04996907711029053,False,,,,,,,,,,,,,,,,-0.005489468574523926
ENSG00000107949.16,BCCIP,0.45453534,0.45453534,-0.41581904888153076,False,,,,,,,,,,,,,,,,-0.36142587661743164
ENSG00000132334.16,PTPRE,0.06972449,0.20499212,0.20474672317504883,True,0.4054565653228744,3.512062490649493,0.5688337336463389,2.6937485570159128,0.1267733256518841,0.031285759061574936,0.11660592257976532,0.1861907063294782,0.0,0.0,0.3604080598415609,0.09761904920567945,0.29936784505844116,1.277549169645301,0.9551117700323807,0.2815898060798645
ENSG00000142089.15,IFITM3,0.009964951,0.009964951,0.336993932723999,False,,,,,,,,,,,,,,,,0.34143751859664917
ENSG00000185187.12,SIGIRR,0.068283886,0.068283886,-0.2257084846496582,False,,,,,,,,,,,,,,,,0.026800453662872314
ENSG00000185507.19,IRF7,0.029876962,0.029876962,-0.023057937622070312,False,,,,,,,,,,,,,,,,-0.022730350494384766
ENSG00000070031.3,SCT,0.009467151,0.009467151,0.3811568021774292,False,,,,,,,,,,,,,,,,0.3811568021774292
ENSG00000181649.5,PHLDA2,0.018953135,0.042340305,0.050025343894958496,True,0.2424459656339118,3.7014059183783035,0.3799561910014348,1.8249791667952775,0.18409836317102113,0.013508043251931667,0.07834718376398087,1.5658989709947409e-06,0.0,0.0,0.4368528758514054,0.05530502623396493,0.19926875829696655,1.220584420864683,1.440613189913085,0.051746487617492676
ENSG00000244734.3,HBB,0.006081661,0.006081661,0.7704810500144958,False,,,,,,,,,,,,,,,,0.7704812288284302
ENSG00000223609.7,HBD,0.02940997,0.028435865,0.7984538525342941,True,16.660292593942714,54.67567186199127,1.7294472677067665,7.54903452937532,0.014951132442802191,0.08498997241258621,2.685934543609619,1.9717070088354727e-28,0.0,0.0,0.4983865429315625,0.2508771433007517,7.590935707092285,0.6631669163654623,0.5504834790946996,0.7984538674354553
ENSG00000166340.15,TPP1,0.042122502,0.042122502,-0.17593300342559814,False,,,,,,,,,,,,,,,,-0.17482292652130127
ENSG00000166471.10,TMEM41B,0.38839382,0.38839382,-0.27315008640289307,False,,,,,,,,,,,,,,,,-0.2613769769668579
ENSG00000186104.10,CYP2R1,0.6067376,0.6067376,-0.35763633251190186,False,,,,,,,,,,,,,,,,-0.3533942699432373
ENSG00000149089.12,APIP,0.4125632,0.4125632,-0.10412359237670898,False,,,,,,,,,,,,,,,,-0.10270833969116211
ENSG00000121680.15,PEX16,0.07596221,0.07596221,-0.08597683906555176,False,,,,,,,,,,,,,,,,-0.030837655067443848
ENSG00000066336.11,SPI1,0.0061733,0.0061733,-0.01027536392211914,False,,,,,,,,,,,,,,,,0.06291615962982178
ENSG00000149187.18,CELF1,0.26014388,0.26014388,-0.2997710704803467,False,,,,,,,,,,,,,,,,-0.2997068166732788
ENSG00000172247.3,C1QTNF4,0.072412856,0.07306165,0.7035949528217316,True,1.2544047915483032,12.915062375967835,0.7683064805203261,2.6700114745161114,0.04241136476397514,0.028829803690314293,0.3160911798477173,2.8794582606359006e-27,0.0,0.0,0.43836559962096094,0.0858992628846611,0.7114211916923523,0.8679532121487488,0.8246175384612826,0.7035951614379883
ENSG00000110048.11,OSBP,0.1302769,0.1302769,-0.10039937496185303,False,,,,,,,,,,,,,,,,-0.07655346393585205
ENSG00000110077.14,MS4A6A,0.07945405,0.13114432,0.4395321011543274,True,1.0230666278800284,5.745007507295367,0.6509269341282217,2.833255824076806,0.09005880642682314,0.053712137043476105,0.2818045914173126,0.19410666478783595,0.0,0.0,0.4384821214426675,0.17070508034619447,0.6752192974090576,1.0423253343219985,0.8697526066899545,0.5051502287387848
ENSG00000167996.15,FTH1,0.042727806,0.04643217,0.7221290469169617,True,9.389304056307411,21.883794982170926,1.1083637033367217,12.620589670704131,0.02418984666466713,0.10637151449918747,2.0777535438537598,0.2654570084067852,0.0,0.0,0.49626513595106186,0.3327151088799382,6.735117435455322,0.7227269360484565,0.8500740918050684,0.7275424599647522
ENSG00000149480.6,MTA2,0.058061536,0.058061536,-0.03121650218963623,False,,,,,,,,,,,,,,,,-0.02059030532836914
ENSG00000162231.13,NXF1,0.07885437,0.07885437,-0.10047280788421631,False,,,,,,,,,,,,,,,,-0.0063838958740234375
ENSG00000162236.11,STX5,0.27223474,0.27223474,-0.11465966701507568,False,,,,,,,,,,,,,,,,-0.0845482349395752
ENSG00000184743.12,ATL3,0.03682267,0.03682267,-0.02449798583984375,False,,,,,,,,,,,,,,,,-0.019167184829711914
ENSG00000149743.13,TRPT1,0.26152977,0.26152977,-0.15900826454162598,False,,,,,,,,,,,,,,,,-0.15458357334136963
ENSG00000068831.18,RASGRP2,0.43304136,0.60825276,0.021359920501708984,True,0.061553812147938904,0.5211624120781083,0.17567191627831794,8.997688930040294,0.8167453289031983,0.05231785029172897,0.07846921682357788,0.154283545940462,0.0,0.0,0.35907394560202877,0.18908394556603983,0.2374514937400818,2.1857141335378842,2.985825654758917,0.12366443872451782
ENSG00000110047.17,EHD1,0.06344294,0.06344294,-0.11658895015716553,False,,,,,,,,,,,,,,,,0.0012028813362121582
ENSG00000110046.12,ATG2A,0.51963633,0.51963633,-0.17084038257598877,False,,,,,,,,,,,,,,,,-0.11633765697479248
ENSG00000175376.8,EIF1AD,0.1430217,0.1430217,-0.11250948905944824,False,,,,,,,,,,,,,,,,-0.06909728050231934
ENSG00000172663.8,TMEM134,0.24389182,0.24389182,-0.08722162246704102,False,,,,,,,,,,,,,,,,-0.06193280220031738
ENSG00000110066.14,KMT5B,0.2076811,0.2076811,-0.1654108762741089,False,,,,,,,,,,,,,,,,-0.15771186351776123
ENSG00000137478.14,FCHSD2,0.2482386,0.2482386,-0.008196830749511719,False,,,,,,,,,,,,,,,,0.04530930519104004
ENSG00000149269.9,PAK1,0.042288017,0.25449273,0.12341773509979248,True,0.0573940994878191,1.061377212249691,0.30842312142095435,5.751379427412625,0.6213819205760955,0.020978858694434166,0.04135797917842865,0.10813227820513756,0.0,0.0,0.17741116341677204,0.0672656072936455,0.12388511747121811,1.616706943287028,1.8574097856258183,0.152643084526062
ENSG00000048649.13,RSF1,0.092719235,0.092719235,-0.07527387142181396,False,,,,,,,,,,,,,,,,-0.027347207069396973
ENSG00000137501.17,SYTL2,0.11119459,0.22606866,0.03329622745513916,True,0.07523055705623297,1.4607485480405245,0.3157327695990032,4.942629790363229,0.5556275599532656,0.01710071973502636,0.03710375353693962,0.015692251312806486,0.0,0.0,0.08673465355400539,0.05458457481496026,0.11136133968830109,1.398261139932342,1.5888573158897776,0.042349398136138916
ENSG00000073921.17,PICALM,0.1564124,0.5336864,0.12223505973815918,True,0.0862379202684203,0.5710671214773176,0.31993643260003285,6.530010068371864,1.0702782261371615,0.04836047440767288,0.06404967606067657,0.14205230310265052,0.0,0.0,0.39259620686294305,0.16392159730160927,0.17299103736877441,1.5920491635281069,1.9878904178236112,0.19878679513931274
ENSG00000109861.15,CTSC,0.11013473,0.3001477,0.11257243156433105,True,0.09432536483199226,1.162388855904915,0.27892101331314156,7.062409824380896,0.49712951481342316,0.03038834221661091,0.07737737149000168,0.18202248969205576,0.0,0.0,0.2752929711494275,0.0966355108813488,0.21866147220134735,1.2541403887417872,2.0862495705506574,0.14076000452041626
ENSG00000180773.14,SLC36A4,0.10112581,0.10112581,-0.0710519552230835,False,,,,,,,,,,,,,,,,-0.0504302978515625
ENSG00000166012.16,TAF1D,0.6209104,0.6209104,-0.16716694831848145,False,,,,,,,,,,,,,,,,-0.15115571022033691
ENSG00000020922.12,MRE11,0.12508152,0.12508152,-0.09160447120666504,False,,,,,,,,,,,,,,,,-0.04681754112243652
ENSG00000150316.11,CWC15,0.080772236,0.080772236,-0.3824650049209595,False,,,,,,,,,,,,,,,,-0.026435375213623047
ENSG00000196954.13,CASP4,0.024831338,0.024831338,-0.04941999912261963,False,,,,,,,,,,,,,,,,-0.01598525047302246
ENSG00000152404.15,CWF19L2,0.19472311,0.19472311,-0.7887773513793945,False,,,,,,,,,,,,,,,,-0.04040253162384033
ENSG00000149308.16,NPAT,0.16761483,0.16761483,-0.11364483833312988,False,,,,,,,,,,,,,,,,-0.06291162967681885
ENSG00000048028.11,USP28,0.1558377,0.1558377,0.002440154552459717,False,,,,,,,,,,,,,,,,0.014282166957855225
ENSG00000160584.15,SIK3,0.5468393,0.5468393,-0.3971015214920044,False,,,,,,,,,,,,,,,,-0.3944350481033325
ENSG00000160593.18,JAML,0.018000497,0.048280105,0.10680961608886719,True,0.8440364909261608,12.278483065055243,0.7592594028245105,2.3062945045171586,0.03969909617677331,0.0140946414321661,0.1677549034357071,3.0076447853165046e-05,0.0,0.0,0.46015796458552494,0.059310202132521805,0.4002150893211365,1.7387300549112346,0.8308634876232422,0.13698536157608032
ENSG00000167286.9,CD3D,0.012667135,0.012667135,-0.09317827224731445,False,,,,,,,,,,,,,,,,0.1625463366508484
ENSG00000110367.11,DDX6,0.20890224,0.20890224,-0.10698354244232178,False,,,,,,,,,,,,,,,,-0.03053569793701172
ENSG00000134954.14,ETS1,0.04839227,0.04839227,-0.4866541624069214,False,,,,,,,,,,,,,,,,0.010532796382904053
ENSG00000185885.15,IFITM1,0.026236206,0.044659503,0.1295088529586792,True,0.3747825796178052,5.667621694763207,0.3828370304754772,3.4795003478556215,0.09778045110404493,0.013886090368032455,0.1640249639749527,0.09863500357070754,0.0,0.0,0.44832012080514894,0.04858258784352998,0.5106996297836304,1.2977450466537557,1.7864147317465768,0.13447177410125732
ENSG00000064201.15,TSPAN32,0.08974638,0.27348238,0.0619659423828125,True,0.08898680573533939,1.2905740673800077,0.3119348040596413,5.760149176260029,0.4603049679845572,0.02172745205461979,0.05589538812637329,0.16368661274000718,0.0,0.0,0.29610643364944583,0.0700983267340245,0.17536480724811554,1.3991505573529401,1.7940178103040245,0.09860420227050781
ENSG00000167323.11,STIM1,0.20114502,0.20114502,-0.12557828426361084,False,,,,,,,,,,,,,,,,-0.07809317111968994
ENSG00000166333.13,ILK,0.9143778,1.3749352,0.5297165513038635,True,0.026278413053072772,0.3324565266155515,0.22696203003675053,7.220734742042083,1.5171052211523057,0.030638661235570908,0.02332577481865883,0.05472451674129508,0.0,0.0,0.33829622187662234,0.13472754536695852,0.09130854159593582,2.8730262421819144,2.289978583806772,0.5693309903144836
ENSG00000133816.13,MICAL2,0.15981747,0.15981747,-0.05736887454986572,False,,,,,,,,,,,,,,,,-0.05660355091094971
ENSG00000133794.17,ARNTL,0.40467346,0.40467346,-0.06801295280456543,False,,,,,,,,,,,,,,,,-0.003449082374572754
ENSG00000197601.12,FAR1,0.37638545,0.37638545,-0.17745792865753174,False,,,,,,,,,,,,,,,,-0.1434391736984253
ENSG00000152270.8,PDE3B,0.36035138,0.36035138,0.00991290807723999,False,,,,,,,,,,,,,,,,0.06436455249786377
ENSG00000110768.11,GTF2H1,0.094632834,0.094632834,-0.07239365577697754,False,,,,,,,,,,,,,,,,-0.05894649028778076
ENSG00000110422.11,HIPK3,0.13906774,0.13906774,-0.033344268798828125,False,,,,,,,,,,,,,,,,0.01368933916091919
ENSG00000052841.14,TTC17,0.82952726,0.82952726,-0.7429207563400269,False,,,,,,,,,,,,,,,,-0.7401014566421509
ENSG00000110492.15,MDK,0.03683811,0.053367317,0.39682602882385254,True,0.3500665128544366,9.165063964165563,0.4753486887800095,11.682144652195039,0.0945751595000426,0.012000850401818752,0.16284500062465668,4.746951013176187e-09,0.0,0.0,0.49333056118446866,0.03534178518772846,0.7695050835609436,2.452582925765392,1.5545911036168316,0.3977930545806885
ENSG00000175224.16,ATG13,0.31400794,0.31400794,-0.26959383487701416,False,,,,,,,,,,,,,,,,-0.26739025115966797
ENSG00000166927.12,MS4A7,0.23697312,0.21978043,0.2797902822494507,True,0.29814766440725804,1.8550422670339,0.3987459770805941,5.894845212487584,0.3423128800094126,0.038743533194065094,0.15251226723194122,2.809488695688927e-24,0.0,0.0,0.47371267682511414,0.12420872390996962,0.5797417163848877,0.8458437365537095,1.7279395110915916,0.2803530693054199
ENSG00000156738.17,MS4A1,0.030247293,0.04735331,0.49404478073120117,True,2.0892763980885634,17.134982958040204,0.750331893892289,2.5788134647995755,0.032365347482264044,0.03399812430143356,0.49633681774139404,0.23239637702972823,0.0,0.0,0.42953750604815605,0.1038087048147549,1.3536463975906372,0.8059213325873891,0.8114253502142104,0.5366744995117188
ENSG00000013725.14,CD6,0.058755543,0.058755543,-0.08112072944641113,False,,,,,,,,,,,,,,,,0.0986289381980896
ENSG00000204922.4,UQCC3,0.011235463,0.011235463,-0.05800056457519531,False,,,,,,,,,,,,,,,,-0.01726067066192627
ENSG00000133318.13,RTN3,0.015551019,0.015551019,-0.02481245994567871,False,,,,,,,,,,,,,,,,-0.001251220703125
ENSG00000149781.12,FERMT3,0.0024783907,0.0024783907,0.0013643503189086914,False,,,,,,,,,,,,,,,,0.0025523900985717773
ENSG00000173486.12,FKBP2,0.041266628,0.041266628,-0.03918254375457764,False,,,,,,,,,,,,,,,,-0.011565685272216797
ENSG00000173264.14,GPR137,0.103115596,0.103115596,-0.07219564914703369,False,,,,,,,,,,,,,,,,-0.041916489601135254
ENSG00000245532.7,NEAT1,0.019802418,0.027299998,0.47912436723709106,True,5.303713918981633,23.8005840260248,0.525281514323835,4.715569256364888,0.013355398792773485,0.056608326733112335,2.0027432441711426,0.21718522573729854,0.0,0.0,0.49464665218562753,0.1770261511611224,4.828411102294922,0.7923512951424186,1.4156896313245326,0.4967910051345825
ENSG00000251562.7,MALAT1,0.5080353,0.5080353,0.004423856735229492,False,,,,,,,,,,,,,,,,0.5866368114948273
ENSG00000142186.16,SCYL1,0.063124314,0.063124314,-0.04416322708129883,False,,,,,,,,,,,,,,,,-0.04363203048706055
ENSG00000173442.12,EHBP1L1,0.031646837,0.031646837,-0.009621500968933105,False,,,,,,,,,,,,,,,,0.0014590620994567871
ENSG00000172543.7,CTSW,0.059875432,0.072002664,0.6901699304580688,True,4.567746965348576,17.379410516583338,1.0812862909551606,2.9593750131000864,0.03198030380532146,0.06307703256607056,0.9319453835487366,0.25523637383957287,0.0,0.0,0.4892596554217106,0.18377305124804977,2.098921775817871,0.7077766242432765,0.8096454805465843,0.7101457118988037
ENSG00000174903.15,RAB1B,0.04951021,0.04951021,-0.050443291664123535,False,,,,,,,,,,,,,,,,-0.04881405830383301
ENSG00000173120.14,KDM2A,0.41953376,0.41953376,-0.2544034719467163,False,,,,,,,,,,,,,,,,-0.25062811374664307
ENSG00000173020.10,GRK2,0.2748842,1.1378396,0.06025576591491699,True,0.0451285783325219,0.21702933114622605,0.20011670515542673,7.495396312436736,2.153647223446104,0.07464832812547684,0.04178618639707565,0.18230726977008374,0.0,0.0,0.2530721948460206,0.22271801113315973,0.13711248338222504,1.1368308564034664,2.675976749193412,0.06048768758773804
ENSG00000172932.14,ANKRD13D,0.13110444,0.47659117,0.11627775430679321,True,0.05661243767033107,0.619594058113285,0.30340246007810523,6.248820851295463,0.973515199124813,0.035019442439079285,0.044065892696380615,0.1077126553435372,0.0,0.0,0.2844008450209813,0.11814800274063941,0.13836394250392914,2.072972404378035,2.030888634226499,0.14136344194412231
ENSG00000172613.7,RAD9A,0.22371997,0.22371997,-0.09618902206420898,False,,,,,,,,,,,,,,,,-0.09159302711486816
ENSG00000175463.11,TBC1D10C,1.7587459,1.7587459,-0.13887310028076172,False,,,,,,,,,,,,,,,,-0.1369953155517578
ENSG00000084207.15,GSTP1,0.01174156,0.019407172,0.011944115161895752,True,2.6992583494345146,27.700679750093627,0.5202989996307854,3.4445266840098823,0.01254150769673288,0.020767707377672195,0.9562925696372986,0.1846401211786829,0.0,0.0,0.4902208982768083,0.07770706969629781,2.2162485122680664,1.1487717906813026,1.5831516691618117,0.21704286336898804
ENSG00000110719.9,TCIRG1,0.10355258,0.10355258,0.0069779157638549805,False,,,,,,,,,,,,,,,,0.07918614149093628
ENSG00000110075.14,PPP6R3,0.16865386,0.16865386,-0.1561216115951538,False,,,,,,,,,,,,,,,,-0.15094900131225586
ENSG00000085733.15,CTTN,0.4146581,0.84472144,0.9280693382024765,True,4.154202720414637,2.987813208645735,2.7343470682465894,6.103096911961515,0.45943870941797893,0.19827455282211304,0.22297175228595734,1.9155992637483647e-08,0.0,0.0,0.49169850174634144,2.0764244672688505,2.2422780990600586,4.570807917805613,0.32872761589854604,0.9280708283185959
ENSG00000172890.11,NADSYN1,0.51150334,0.51150334,-0.4068944454193115,False,,,,,,,,,,,,,,,,-0.40679383277893066
ENSG00000054967.12,RELT,0.020737382,0.08197111,0.02665656805038452,True,0.17253528983758923,2.4243005068134975,0.3801665341515052,2.2636201193397,0.18182918876409526,0.021946312859654427,0.05702952668070793,4.2041841287269736e-23,0.0,0.0,0.34724547197147293,0.08008624272420661,0.15485331416130066,2.583537610686082,0.9647044480615453,0.028638243675231934
ENSG00000198382.8,UVRAG,0.15960233,0.15960233,-0.16682732105255127,False,,,,,,,,,,,,,,,,-0.014508605003356934
ENSG00000078124.11,ACER3,0.08282544,0.08282544,-0.0281982421875,False,,,,,,,,,,,,,,,,-0.017189383506774902
ENSG00000165494.11,PCF11,0.31882477,0.31882477,-0.2099776268005371,False,,,,,,,,,,,,,,,,-0.14132201671600342
ENSG00000168876.8,ANKRD49,0.1952013,0.1952013,-0.13329613208770752,False,,,,,,,,,,,,,,,,-0.09571456909179688
ENSG00000023445.13,BIRC3,0.090225555,0.090225555,-0.021487116813659668,False,,,,,,,,,,,,,,,,0.031736791133880615
ENSG00000110330.8,BIRC2,0.13431431,0.13431431,-0.2190389633178711,False,,,,,,,,,,,,,,,,-0.1477116346359253
ENSG00000166266.13,CUL5,0.1154593,0.1154593,-0.11045336723327637,False,,,,,,,,,,,,,,,,-0.10254192352294922
ENSG00000149311.18,ATM,0.3862078,0.3862078,-0.10744214057922363,False,,,,,,,,,,,,,,,,-0.09419453144073486
ENSG00000166741.7,NNMT,0.009252297,0.009252297,0.6950150430202484,False,,,,,,,,,,,,,,,,0.6950150430202484
ENSG00000076043.9,REXO2,0.061554845,0.09350889,0.47697722911834717,True,1.4284452138004096,8.04809611092374,0.7839852658916123,4.421821902337346,0.04814934303984046,0.04096956551074982,0.40204328298568726,0.22326136770810176,0.0,0.0,0.4765655330793764,0.1505979664344981,1.1655850410461426,0.4877843456109032,1.1612587482990986,0.4827426075935364
ENSG00000198851.9,CD3E,0.0035931517,0.0035931517,-0.26123046875,False,,,,,,,,,,,,,,,,0.02285134792327881
ENSG00000160654.9,CD3G,0.03508939,0.06708071,0.08977293968200684,True,0.8405528326069325,10.839250366216813,0.6231413185733605,2.367500879160289,0.04834398943930864,0.019245760515332222,0.18810242414474487,0.21341524264971337,0.0,0.0,0.3557845951119477,0.0618632781144335,0.6015222668647766,1.1353354534721936,0.8587579802780548,0.3046192526817322
ENSG00000118058.20,KMT2A,0.20797953,0.20797953,-0.18506872653961182,False,,,,,,,,,,,,,,,,-0.10364401340484619
ENSG00000256269.7,HMBS,0.025113111,0.029200558,0.39904654026031494,True,1.8054521633996359,20.19341771065222,1.2683679108823076,14.2121735327565,0.07416708019562067,0.019333744421601295,0.4516250491142273,1.3359024813203307e-37,0.0,0.0,0.4816438063728003,0.06516826324115409,0.9173489212989807,0.3220771154464023,1.1016989657143794,0.39916908740997314
ENSG00000196914.8,ARHGEF12,0.063569695,0.063569695,-0.02115809917449951,False,,,,,,,,,,,,,,,,-0.018117070198059082
ENSG00000137642.12,SORL1,0.486547,0.486547,-0.06835377216339111,False,,,,,,,,,,,,,,,,-0.007286548614501953
ENSG00000109943.8,CRTAM,0.059630815,0.12811626,0.20389032363891602,True,0.13314877857789387,2.582314528816787,0.41732756392252024,5.238667711865502,0.24858486511641076,0.017131006345152855,0.0777198076248169,2.2467985538253434e-47,0.0,0.0,0.2883267215398713,0.057400928263865676,0.20559385418891907,1.2765756428421473,1.5811833050322688,0.21221357583999634
ENSG00000154144.12,TBRG1,0.25413498,0.25413498,-0.26305627822875977,False,,,,,,,,,,,,,,,,-0.2630338668823242
ENSG00000084234.16,APLP2,0.03428477,0.08759656,0.09360367059707642,True,0.2889850643269018,2.8545791334558763,0.23222306939355697,7.126141931109416,0.12678879037499427,0.027205815538764,0.24783512949943542,0.20949033375697726,0.0,0.0,0.43458470190878207,0.0878838070987591,0.6664360761642456,0.664923886180705,2.5985786041537113,0.1281723976135254
ENSG00000073614.12,KDM5A,0.22088537,0.22088537,-0.14732956886291504,False,,,,,,,,,,,,,,,,-0.08026695251464844
ENSG00000111642.14,CHD4,0.08825417,0.08825417,-0.05839717388153076,False,,,,,,,,,,,,,,,,-0.05557358264923096
ENSG00000111644.7,ACRBP,0.061705127,0.076816745,0.9575313441455364,True,5.939144465550218,6.69451130218965,0.5438922760988757,12.705671996257252,0.10186259442940354,0.18233148753643036,2.4119911193847656,6.960237570693422e-05,0.0,0.0,0.49789841056006606,0.9402354806014726,10.909822463989258,0.4322807747343487,1.88194032530793,0.9575313851237297
ENSG00000059804.15,SLC2A3,0.08762076,0.08762076,-0.5663634538650513,False,,,,,,,,,,,,,,,,-0.5306766033172607
ENSG00000111796.3,KLRB1,0.0059102033,0.0059102033,0.3661518692970276,False,,,,,,,,,,,,,,,,0.3797566890716553
ENSG00000110848.8,CD69,0.026895246,0.045921717,0.10221922397613525,True,0.981208582359378,10.724980262227248,0.49015198121259296,4.441651569853007,0.07167477115678289,0.02786431834101677,0.4603571891784668,0.17877228363986805,0.0,0.0,0.46333694568184286,0.09111741469290725,1.3231074810028076,1.1163673391247089,1.3699077452062898,0.14871883392333984
ENSG00000110852.4,CLEC2B,0.02158437,0.02158437,-0.036003828048706055,False,,,,,,,,,,,,,,,,-0.0021190643310546875
ENSG00000172243.17,CLEC7A,0.124394104,0.20304802,0.6698468923568726,True,0.6376658982038648,2.878368864072072,0.4915567542573307,3.8023392078438785,0.30316803207000087,0.07945036888122559,0.3103311359882355,0.25000177276219415,0.0,0.0,0.3339334191640425,0.2185677409458009,0.8446029424667358,0.7202786989465528,1.2213087793458717,0.6709847748279572
ENSG00000205809.9,KLRC2,0.41135725,1.4514701,0.04701364040374756,True,0.0384662980682627,0.2746200506150234,0.26591039228140245,2.57937550550583,6.647447466850281,0.07483915239572525,0.01745041087269783,1.7730767303713002e-09,0.0,0.0,0.29717878537993103,0.2662967172529651,0.05394928157329559,2.5649450363306983,0.9249578594068714,0.04701578617095947
ENSG00000060138.12,YBX3,0.023655493,0.062556975,0.11897647380828857,True,0.6015586665103491,4.855403140891935,0.359148248601471,4.883509548124214,0.152443964406848,0.028788909316062927,0.2544741928577423,0.015436963872212266,0.0,0.0,0.48946481517752394,0.10320411126999218,1.0903518199920654,1.1217573118307667,1.482415878568189,0.1226910948753357
ENSG00000121316.10,PLBD1,0.0033737216,0.012422037,0.03691929578781128,True,0.6783402689656279,8.798404615042184,0.5652592077482542,2.824154620826901,0.060650344043970114,0.027253469452261925,0.20894956588745117,2.4145196155987317e-14,0.0,0.0,0.4356178902492254,0.07348973444997497,0.5346704721450806,1.7684127441364206,0.8411785850174199,0.05114471912384033
ENSG00000123104.11,ITPR2,0.20863713,0.20863713,-0.12125980854034424,False,,,,,,,,,,,,,,,,-0.0641639232635498
ENSG00000015153.14,YAF2,0.16652097,0.16652097,-0.09390950202941895,False,,,,,,,,,,,,,,,,-0.06885576248168945
ENSG00000111371.15,SLC38A1,0.13848248,0.13848248,-0.22164416313171387,False,,,,,,,,,,,,,,,,0.05734342336654663
ENSG00000134294.13,SLC38A2,0.30828276,0.30828276,-0.3321092128753662,False,,,,,,,,,,,,,,,,-0.20538330078125
ENSG00000129315.10,CCNT1,0.11186286,0.11186286,-0.17397165298461914,False,,,,,,,,,,,,,,,,-0.0873793363571167
ENSG00000134285.10,FKBP11,0.05458004,0.05458004,-0.22668981552124023,False,,,,,,,,,,,,,,,,0.07208293676376343
ENSG00000123416.15,TUBA1B,0.013449305,0.013449305,-0.32873284816741943,False,,,,,,,,,,,,,,,,-0.3287085294723511
ENSG00000167552.13,TUBA1A,0.25176513,0.25176513,-0.3108752965927124,False,,,,,,,,,,,,,,,,-0.29198598861694336
ENSG00000139624.12,CERS5,0.090892956,0.090892956,-0.07481765747070312,False,,,,,,,,,,,,,,,,-0.032796382904052734
ENSG00000012822.15,CALCOCO1,0.39740768,0.39740768,-0.15826940536499023,False,,,,,,,,,,,,,,,,-0.09583389759063721
ENSG00000123405.13,NFE2,0.0012734036,0.0012734036,0.004499673843383789,False,,,,,,,,,,,,,,,,0.004629015922546387
ENSG00000135404.11,CD63,0.047236767,0.047236767,-0.005697846412658691,False,,,,,,,,,,,,,,,,0.20425641536712646
ENSG00000139613.11,SMARCC2,0.27164412,0.27164412,-0.181784987449646,False,,,,,,,,,,,,,,,,-0.15231657028198242
ENSG00000181852.17,RNF41,0.0922071,0.0922071,-0.031136631965637207,False,,,,,,,,,,,,,,,,-0.006167769432067871
ENSG00000076108.11,BAZ2A,0.041323185,0.13976374,0.02650630474090576,True,0.20904064075411938,2.4471615657303043,0.3187891020676688,5.484513236999704,0.23585739483435947,0.022902213037014008,0.08901011943817139,0.08484201279793932,0.0,0.0,0.46270862814444036,0.0816347595462581,0.36422422528266907,2.2672684935774887,1.588178427471241,0.058097898960113525
ENSG00000123329.17,ARHGAP9,0.22848955,0.22848955,-0.25070273876190186,False,,,,,,,,,,,,,,,,0.2239181399345398
ENSG00000175197.11,DDIT3,0.053754322,0.053754322,-0.11303961277008057,False,,,,,,,,,,,,,,,,0.005205869674682617
ENSG00000111537.4,IFNG,0.06615281,0.13380085,0.17996859550476074,True,0.24395161307819005,3.9967822936482404,0.4112158365931327,3.2041964640503573,0.33607112367947894,0.022220633924007416,0.08485251665115356,3.6265092994255905e-39,0.0,0.0,0.3371544838062325,0.07290534671113846,0.2775324881076813,1.465622138420261,0.9554276161198431,0.183724045753479
ENSG00000257764.2,AC020656.1,0.53550106,0.57626325,0.890622191131115,True,23.895966665487997,2.3859305687454757,1.2148879787146618,3.5415635591115313,0.2932479125261307,2.7901461124420166,4.495663642883301,0.2508826349047324,0.0,0.0,0.4972755206540963,7.871103072283404,13.345102310180664,0.5761583723136416,0.6753191927563773,0.8907019570469856
ENSG00000133858.15,ZFC3H1,0.33246598,0.33246598,-0.23638391494750977,False,,,,,,,,,,,,,,,,-0.14598369598388672
ENSG00000111615.13,KRR1,0.15338768,0.15338768,-0.13391315937042236,False,,,,,,,,,,,,,,,,-0.03640282154083252
ENSG00000198707.14,CEP290,0.09121072,0.09121072,-0.04738163948059082,False,,,,,,,,,,,,,,,,-0.04696989059448242
ENSG00000139318.7,DUSP6,0.006217502,0.014940297,0.0868825912475586,True,0.7126334358034351,8.877654772193104,0.5262606183002747,3.269536725729734,0.06916966505348682,0.019298607483506203,0.30760180950164795,3.0118619188640984e-17,0.0,0.0,0.4906617206296038,0.08269325896444711,0.7456793785095215,1.4190392480952563,1.5389264957517899,0.0913345217704773
ENSG00000070961.15,ATP2B1,0.093106955,0.13868481,0.32375872135162354,True,0.8966682322085018,5.4523916592532045,0.7139921169062563,3.364318590129397,0.07935230746865272,0.03839815780520439,0.22864022850990295,0.1384154732835743,0.0,0.0,0.4705821452130878,0.14270314935314943,0.6446399688720703,1.784198371341871,1.0400779989367608,0.3690319061279297
ENSG00000011465.16,DCN,1.076751,1.090913,0.8348641246557236,True,3.0422037793834877,4.400852816704406,5.240044962182538,1.1872184716201137,0.6416704654693604,0.22527599334716797,0.17553870379924774,0.0005910771782352046,0.0,0.0,0.4494000133960174,0.8093725178750333,0.5023280382156372,0.9428909359594768,0.17706026599055702,0.8348641246557236
ENSG00000133639.4,BTG1,0.0075071463,0.0075071463,-0.11201024055480957,False,,,,,,,,,,,,,,,,-0.09625232219696045
ENSG00000111144.9,LTA4H,0.06064272,0.06064272,-0.006140947341918945,False,,,,,,,,,,,,,,,,0.02168416976928711
ENSG00000059758.7,CDK17,0.4062365,0.4062365,-0.11761128902435303,False,,,,,,,,,,,,,,,,-0.11255884170532227
ENSG00000111670.14,GNPTAB,0.47665316,0.47665316,-0.25725555419921875,False,,,,,,,,,,,,,,,,-0.24547791481018066
ENSG00000089234.15,BRAP,0.16333023,0.16333023,-0.16933679580688477,False,,,,,,,,,,,,,,,,-0.10937190055847168
ENSG00000173064.12,HECTD4,0.21188322,0.21188322,-0.14964532852172852,False,,,,,,,,,,,,,,,,-0.14111852645874023
ENSG00000122965.10,RBM19,0.06416856,0.06416856,-0.07013189792633057,False,,,,,,,,,,,,,,,,-0.03257405757904053
ENSG00000135116.9,HRK,0.03782475,0.096464515,0.34141838550567627,True,0.7041380541298398,6.795940590632953,0.7670797759490691,2.435147295915675,0.07925490505993367,0.02977742999792099,0.17752636969089508,1.4990429782082777e-22,0.0,0.0,0.4346783863146334,0.09404372508712197,0.4151207506656647,1.359285710042627,0.8354814279765739,0.3417550325393677
ENSG00000088992.17,TESC,0.0026162462,0.011363913,0.013650357723236084,True,0.6794858206767419,27.3945948432745,0.301085305365515,1.5022433402346003,0.07281794741749764,0.008366997353732586,0.15899696946144104,2.5437231708887205e-18,0.0,0.0,0.382698297593531,0.022223788976113212,0.4867796301841736,1.522922490913652,0.7165126896935198,0.056435465812683105
ENSG00000135090.13,TAOK3,0.47243485,0.47243485,-0.18517553806304932,False,,,,,,,,,,,,,,,,-0.10706043243408203
ENSG00000157837.15,SPPL3,0.09503846,0.09503846,-0.07732760906219482,False,,,,,,,,,,,,,,,,-0.05276286602020264
ENSG00000135114.12,OASL,0.05418691,0.11832566,0.1188669204711914,True,0.188843860723775,3.7111233089406204,0.4638643792281502,5.084192001037197,0.21041306383907796,0.016518017277121544,0.08517555147409439,1.5219950389731657e-23,0.0,0.0,0.37721206475801555,0.05565492129540051,0.26021191477775574,1.7810782425171927,1.3233122555811796,0.16043996810913086
ENSG00000139725.7,RHOF,0.01913431,0.01913431,-0.20408380031585693,False,,,,,,,,,,,,,,,,0.02101200819015503
ENSG00000033030.13,ZCCHC8,0.11215499,0.11215499,-0.0576937198638916,False,,,,,,,,,,,,,,,,-0.04627883434295654
ENSG00000111011.17,RSRC2,0.19301708,0.19301708,-0.12543141841888428,False,,,,,,,,,,,,,,,,-0.12454307079315186
ENSG00000139697.13,SBNO1,0.14614218,0.14614218,-0.22655653953552246,False,,,,,,,,,,,,,,,,-0.09120512008666992
ENSG00000139370.11,SLC15A4,0.033174302,0.027994875,0.06726151704788208,True,0.6502831183596943,10.322873950568047,0.3797215195164553,2.3828545425179235,0.07537856265488596,0.01778060384094715,0.2234346568584442,0.0007630397222067552,0.0,0.0,0.4915830874905782,0.06914976939294483,0.6863932609558105,2.400385666124956,1.0631883018027506,0.07400667667388916
ENSG00000111450.13,STX2,0.048416,0.048416,-0.025659799575805664,False,,,,,,,,,,,,,,,,-0.012806892395019531
ENSG00000090615.14,GOLGA3,0.07754625,0.07754625,-0.08415484428405762,False,,,,,,,,,,,,,,,,-0.057463645935058594
ENSG00000060237.16,WNK1,0.054047443,0.054047443,-0.07232725620269775,False,,,,,,,,,,,,,,,,-0.04388892650604248
ENSG00000006831.9,ADIPOR2,0.029612115,0.029612115,-0.025999784469604492,False,,,,,,,,,,,,,,,,-0.018653392791748047
ENSG00000010278.12,CD9,0.0021202308,0.0021202308,0.011472225189208984,False,,,,,,,,,,,,,,,,0.011476516723632812
ENSG00000111640.14,GAPDH,0.011715378,0.011715378,-0.01354837417602539,False,,,,,,,,,,,,,,,,0.27534759044647217
ENSG00000010610.9,CD4,0.032306433,0.032306433,-0.01380932331085205,False,,,,,,,,,,,,,,,,0.012811005115509033
ENSG00000111679.16,PTPN6,0.065665886,0.065665886,-0.11374640464782715,False,,,,,,,,,,,,,,,,0.0659172534942627
ENSG00000166532.15,RIMKLB,0.0605077,0.1410726,0.015543699264526367,True,0.09635867707648366,1.7743906345007256,0.4657998807044859,3.8077431256084058,0.21036034964025024,0.012932943180203438,0.029049275442957878,3.494119974891935e-17,0.0,0.0,0.399460448310169,0.046895469534149026,0.10071007162332535,2.5822300142922554,1.139281910882061,0.021829545497894287
ENSG00000139187.9,KLRG1,0.45529985,0.6851627,0.6187953650951385,True,0.11819877924333914,0.5968563585713066,0.398665407488294,7.163538178431648,1.0103481464087967,0.07367618381977081,0.09826183319091797,0.2541310054940147,0.0,0.0,0.184355204070288,0.18457262049841103,0.23191994428634644,0.6627594914734605,2.0110850078924116,0.6232971549034119
ENSG00000237248.4,LINC00987,0.15195747,0.65768075,0.08785003423690796,True,0.040389374504968864,0.6569196188397868,0.26619791632197193,5.511072222812848,1.3873028775056202,0.026098987087607384,0.02414303459227085,9.273715814319177e-16,0.0,0.0,0.1107746384215772,0.07534687712229092,0.08228367567062378,1.1450341710978864,1.5525105107810366,0.10293382406234741
ENSG00000069493.14,CLEC2D,0.1972026,0.1972026,-0.08390331268310547,False,,,,,,,,,,,,,,,,0.1776677966117859
ENSG00000150045.11,KLRF1,0.011836521,0.013314205,0.4029785394668579,True,3.7696118930714166,39.47233442055998,0.8457891806720985,2.7049637725772326,0.014419922991655768,0.024948865175247192,0.9386152029037476,0.008228208245773458,0.0,0.0,0.48267626778745126,0.08074223677038228,2.4679856300354004,0.6992193931219188,0.9077257996696307,0.40400171279907227
ENSG00000172322.13,CLEC12A,0.7709999,1.271421,0.33374732732772827,True,0.05535059759580321,0.3439928038314594,0.2734169773301937,4.268237955145316,2.89601060450077,0.07089203596115112,0.03855474665760994,0.1763776810684469,0.0,0.0,0.02624030894861456,0.21470045552031713,0.11168992519378662,0.9760413242011946,1.6402844572289605,0.3337503671646118
ENSG00000139112.10,GABARAPL1,0.060834866,0.1254559,0.11545956134796143,True,0.2755244426442386,3.3892481052321326,0.35792011490786474,3.2883059472341136,0.22182075306773186,0.02615438401699066,0.12380313128232956,0.13328823174547888,0.0,0.0,0.39613619244818704,0.0911400975436405,0.3462086617946625,1.410326196856307,1.25697393240343,0.13592886924743652
ENSG00000134539.16,KLRD1,0.43890125,0.5581369,0.8499545305967331,True,1.4051900263274255,1.8942264871504408,0.9279476878214616,3.774883428101427,0.27419373705983163,0.2280186414718628,0.3929294943809509,0.35640101255236345,0.0,0.0,0.4419203347352336,0.5194174949647987,1.052704095840454,0.36829846162130064,0.8664092197633568,0.8504028618335724
ENSG00000139083.10,ETV6,1.3082848,1.3082848,-0.13643324375152588,False,,,,,,,,,,,,,,,,-0.011441826820373535
ENSG00000171681.12,ATF7IP,0.15261103,0.15261103,-0.09455657005310059,False,,,,,,,,,,,,,,,,-0.0517735481262207
ENSG00000246705.4,H2AFJ,1.0928798,2.2853255,0.5074293613433838,True,0.06563600506999105,0.18308640406952884,0.2752481977386823,6.479996196911178,4.463860082030296,0.13201844692230225,0.05123860388994217,0.1674783915767077,0.0,0.0,0.29917008627233665,0.4408950235172995,0.17134204506874084,1.6757194769998516,2.1198571097305225,0.5375780165195465
ENSG00000121350.15,PYROXD1,0.07483815,0.07483815,-0.0445399284362793,False,,,,,,,,,,,,,,,,-0.032228827476501465
ENSG00000111711.9,GOLT1B,0.07567521,0.07567521,-0.09710824489593506,False,,,,,,,,,,,,,,,,-0.03336930274963379
ENSG00000139163.15,ETNK1,0.10498616,0.10498616,-0.20341920852661133,False,,,,,,,,,,,,,,,,-0.03796505928039551
ENSG00000118308.15,LRMP,0.539796,0.539796,-0.1344466209411621,False,,,,,,,,,,,,,,,,-0.11249923706054688
ENSG00000211455.7,STK38L,0.16463944,0.16463944,-0.03635203838348389,False,,,,,,,,,,,,,,,,-0.035044074058532715
ENSG00000188906.14,LRRK2,0.10314906,0.35535893,0.32912057638168335,True,0.11108613097345012,0.8808711373574712,0.3273234152712502,4.433837021147766,0.7123279565572738,0.045281536877155304,0.07527556270360947,0.09780314028681913,0.0,0.0,0.2763058367553511,0.1397515987302711,0.22211682796478271,1.406812885159158,1.6984899564451954,0.3343827724456787
ENSG00000189079.15,ARID2,0.18235587,0.18235587,-0.15464508533477783,False,,,,,,,,,,,,,,,,-0.14463305473327637
ENSG00000123268.8,ATF1,0.02903823,0.02903823,-0.051123738288879395,False,,,,,,,,,,,,,,,,-0.01241922378540039
ENSG00000123338.12,NCKAP1L,0.2073348,0.2073348,-0.1972651481628418,False,,,,,,,,,,,,,,,,-0.11253595352172852
ENSG00000135655.15,USP15,0.47317955,0.47317955,-0.2924913167953491,False,,,,,,,,,,,,,,,,-0.291251540184021
ENSG00000061987.15,MON2,0.2175996,0.2175996,-0.16667640209197998,False,,,,,,,,,,,,,,,,-0.16632354259490967
ENSG00000184575.11,XPOT,0.042755567,0.042755567,-0.029378414154052734,False,,,,,,,,,,,,,,,,-0.019151806831359863
ENSG00000183735.9,TBK1,0.19248952,0.19248952,-0.016580939292907715,False,,,,,,,,,,,,,,,,-0.00036203861236572266
ENSG00000153179.12,RASSF3,0.08823993,0.08823993,-0.22725117206573486,False,,,,,,,,,,,,,,,,-0.0556643009185791
ENSG00000127314.17,RAP1B,0.06160176,0.06160176,-0.06445252895355225,False,,,,,,,,,,,,,,,,-0.05068063735961914
ENSG00000135679.22,MDM2,0.3328854,0.3328854,-0.12893235683441162,False,,,,,,,,,,,,,,,,-0.1173856258392334
ENSG00000090382.6,LYZ,0.00033098683,0.00033098683,0.0433695912361145,False,,,,,,,,,,,,,,,,0.1419735550880432
ENSG00000166225.8,FRS2,0.16057406,0.16057406,-0.09557795524597168,False,,,,,,,,,,,,,,,,-0.09425437450408936
ENSG00000111596.11,CNOT2,0.2799825,0.2799825,-0.1252506971359253,False,,,,,,,,,,,,,,,,-0.11196279525756836
ENSG00000080371.5,RAB21,0.14096785,0.14096785,-0.11060202121734619,False,,,,,,,,,,,,,,,,-0.06717824935913086
ENSG00000139278.9,GLIPR1,0.02427235,0.02427235,-0.008739113807678223,False,,,,,,,,,,,,,,,,0.0163152813911438
ENSG00000111142.13,METAP2,0.08691142,0.08691142,-0.11724495887756348,False,,,,,,,,,,,,,,,,-0.09037280082702637
ENSG00000139350.11,NEDD1,0.065285556,0.065285556,-0.06170153617858887,False,,,,,,,,,,,,,,,,-0.027173399925231934
ENSG00000166598.14,HSP90B1,0.055083647,0.09749837,0.016824066638946533,True,0.3199333740079665,2.9991256459656355,0.2727754643250156,4.886211748272408,0.14863659646362065,0.02761750854551792,0.1788378655910492,0.07267256523379508,0.0,0.0,0.4744769148158286,0.1104882763993622,0.5729261040687561,2.4377020454028644,1.9200902089254037,0.13117027282714844
ENSG00000076513.16,ANKRD13A,0.061219502,0.061219502,-0.0548325777053833,False,,,,,,,,,,,,,,,,-0.02046811580657959
ENSG00000186710.11,CFAP73,0.0470626,0.06329657,0.6047020256519318,True,1.0675434719383867,10.477399082498227,0.7361390831107356,5.0949421274579985,0.03818757751956582,0.027401896193623543,0.33904731273651123,2.5110874618114927e-42,0.0,0.0,0.3765780943777379,0.07642277311053025,0.7783721685409546,0.55557692611227,1.1247005793761362,0.6047020256519318
ENSG00000088986.10,DYNLL1,0.18303907,0.23946112,0.17840975522994995,True,0.6626413715462671,3.9378723438352745,0.6241119946713914,4.957643198206282,0.08377362627536059,0.03859001398086548,0.21765539050102234,0.22568828067452398,0.0,0.0,0.44861047902243106,0.1385799345702301,0.534056544303894,0.8604627286338707,1.364091750598398,0.3099662661552429
ENSG00000110917.7,MLEC,0.443569,0.443569,-0.021485447883605957,False,,,,,,,,,,,,,,,,0.04310709238052368
ENSG00000110987.8,BCL7A,0.060165506,0.08604087,0.5486651659011841,True,0.28934311314321826,2.1000541189775324,0.15752336695080543,14.585622286535584,0.09403217658400537,0.03386571258306503,0.3466446101665497,0.02201496920640013,0.0,0.0,0.476448786212148,0.11328640715217377,1.2980237007141113,0.8126373981334147,4.386683221140535,0.5498790442943573
ENSG00000175727.13,MLXIP,0.021155668,0.021155668,-0.03464341163635254,False,,,,,,,,,,,,,,,,-0.03464174270629883
ENSG00000177169.9,ULK1,0.16479842,0.16479842,-0.04429924488067627,False,,,,,,,,,,,,,,,,-0.04290187358856201
ENSG00000198040.10,ZNF84,0.14977777,0.14977777,-0.11263048648834229,False,,,,,,,,,,,,,,,,-0.11237573623657227
ENSG00000121390.18,PSPC1,0.23865822,0.23865822,-0.19593501091003418,False,,,,,,,,,,,,,,,,-0.14509475231170654
ENSG00000180776.15,ZDHHC20,0.088812254,0.088812254,-0.08794271945953369,False,,,,,,,,,,,,,,,,-0.07745730876922607
ENSG00000139505.11,MTMR6,0.19603847,0.19603847,-0.09847009181976318,False,,,,,,,,,,,,,,,,-0.06129133701324463
ENSG00000152484.13,USP12,0.10499824,0.10499824,-0.018772602081298828,False,,,,,,,,,,,,,,,,0.013248085975646973
ENSG00000122033.14,MTIF3,0.10680774,0.10680774,-0.19083642959594727,False,,,,,,,,,,,,,,,,-0.05060696601867676
ENSG00000139508.14,SLC46A3,0.36450976,0.36450976,-0.23969340324401855,False,,,,,,,,,,,,,,,,-0.21602904796600342
ENSG00000189403.14,HMGB1,0.064555876,0.064555876,-0.9867637157440186,False,,,,,,,,,,,,,,,,-0.9390921592712402
ENSG00000120685.19,PROSER1,0.10625459,0.10625459,-0.061818838119506836,False,,,,,,,,,,,,,,,,-0.05949413776397705
ENSG00000133106.14,EPSTI1,0.028643651,0.028643651,-0.02023470401763916,False,,,,,,,,,,,,,,,,-0.0005201101303100586
ENSG00000102804.14,TSC22D1,0.0025975604,0.013651518,0.3841034770011902,True,0.49632728077338706,9.165788449326744,0.5624666650124784,3.552127653828808,0.045947776827961195,0.013781088404357433,0.1417166292667389,1.4327989908642653e-07,0.0,0.0,0.48633996573252875,0.07327405023846545,0.6642099618911743,3.0262114928474357,1.009741011314891,0.3841169476509094
ENSG00000136167.13,LCP1,0.021577623,0.04335607,0.026069819927215576,True,0.560413519391285,6.9871681628629805,0.41990482897843767,5.652280676234192,0.07149981893599033,0.02287362888455391,0.3359072804450989,0.18617867132038954,0.0,0.0,0.47683321596042216,0.08524806369187843,0.8090513944625854,1.1271069084829668,1.8915841695092965,0.09293866157531738
ENSG00000102445.18,RUBCNL,0.06670821,0.1388138,0.36842286586761475,True,0.3683599495546223,3.297917403631253,0.4319119581185979,3.966808597551302,0.231040526976188,0.031228020787239075,0.16005495190620422,0.0005167406409318733,0.0,0.0,0.44789994045720843,0.09629269202599744,0.5351866483688354,0.9222911964949367,1.3321038849559534,0.37290889024734497
ENSG00000184226.14,PCDH9,0.05347778,0.06534787,0.3884458541870117,True,1.0112231883544032,5.772512429614324,0.4169756079042988,1.7097695542943718,0.1388272227719426,0.0389866940677166,0.3440153896808624,8.758461709018792e-29,0.0,0.0,0.4410238314326017,0.10739171717303053,0.6917334198951721,0.5854371209720436,1.1792130495576958,0.38884812593460083
ENSG00000118922.17,KLF12,0.19422211,0.19422211,-0.07014834880828857,False,,,,,,,,,,,,,,,,-0.03859257698059082
ENSG00000005810.17,MYCBP2,0.3730935,0.3730935,-0.24564635753631592,False,,,,,,,,,,,,,,,,-0.23279976844787598
ENSG00000139746.15,RBM26,0.10570472,0.10570472,-0.060518503189086914,False,,,,,,,,,,,,,,,,-0.042424559593200684
ENSG00000169508.6,GPR183,0.014113126,0.014113126,-0.03807187080383301,False,,,,,,,,,,,,,,,,0.023970067501068115
ENSG00000134905.16,CARS2,0.04694349,0.04694349,-0.03201472759246826,False,,,,,,,,,,,,,,,,-0.025817394256591797
ENSG00000185989.10,RASA3,0.059743933,0.059743933,-0.18699371814727783,False,,,,,,,,,,,,,,,,-0.0020275115966796875
ENSG00000121741.16,ZMYM2,0.44233596,0.44233596,-0.5171612501144409,False,,,,,,,,,,,,,,,,-0.5167526006698608
ENSG00000122026.10,RPL21,0.0045867055,0.0045867055,-0.7691009044647217,False,,,,,,,,,,,,,,,,-0.05145108699798584
ENSG00000152520.13,PAN3,0.28951505,0.28951505,-0.2122797966003418,False,,,,,,,,,,,,,,,,-0.15474796295166016
ENSG00000083642.18,PDS5B,0.105070926,0.105070926,-0.07224142551422119,False,,,,,,,,,,,,,,,,-0.022461414337158203
ENSG00000120686.11,UFM1,0.056382664,0.056382664,-0.07185113430023193,False,,,,,,,,,,,,,,,,-0.023140430450439453
ENSG00000188811.13,NHLRC3,0.6879005,0.6879005,-0.6091409921646118,False,,,,,,,,,,,,,,,,-0.6085940599441528
ENSG00000102760.12,RGCC,0.029978925,0.029978925,0.0037794113159179688,False,,,,,,,,,,,,,,,,0.004589498043060303
ENSG00000136152.14,COG3,0.13873142,0.13873142,-0.10451018810272217,False,,,,,,,,,,,,,,,,-0.06687521934509277
ENSG00000139687.13,RB1,0.2943352,0.80007094,0.04696083068847656,True,0.06579585314456228,0.4009204648430095,0.28077869105429604,8.606980639276845,1.3468477362394338,0.05553803965449333,0.05219736322760582,0.12457065350777229,0.0,0.0,0.4165971908687027,0.18883101891588439,0.21211914718151093,2.376187909340957,2.3442278014152493,0.04798310995101929
ENSG00000102543.14,CDADC1,0.16828455,0.16828455,-0.07727718353271484,False,,,,,,,,,,,,,,,,-0.06346845626831055
ENSG00000083544.13,TDRD3,0.08540675,0.08540675,-0.05598556995391846,False,,,,,,,,,,,,,,,,-0.049949049949645996
ENSG00000102580.14,DNAJC3,0.1255494,0.1255494,-0.1940404176712036,False,,,,,,,,,,,,,,,,0.016409635543823242
ENSG00000134882.15,UBAC2,0.06325973,0.06325973,-0.20793616771697998,False,,,,,,,,,,,,,,,,-0.2061769962310791
ENSG00000134900.11,TPP2,0.2496943,0.2496943,-0.1490997076034546,False,,,,,,,,,,,,,,,,-0.12817180156707764
ENSG00000102524.11,TNFSF13B,0.024572076,0.055589374,0.16452950239181519,True,0.57222893040521,5.512001176931185,0.3908892809400456,2.9916054096898295,0.11441837154328824,0.02852661907672882,0.27487367391586304,0.15751702391903177,0.0,0.0,0.45174069946655193,0.08975408107856353,0.6791232824325562,0.8584257769493933,1.4983965319809824,0.25440269708633423
ENSG00000102606.17,ARHGEF7,0.22375463,0.22375463,-0.05894744396209717,False,,,,,,,,,,,,,,,,-0.05334818363189697
ENSG00000068650.18,ATP11A,0.12652309,0.12652309,-0.00939333438873291,False,,,,,,,,,,,,,,,,-0.004116177558898926
ENSG00000185896.10,LAMP1,0.006724714,0.006724714,-0.027649402618408203,False,,,,,,,,,,,,,,,,-0.008784055709838867
ENSG00000198176.12,TFDP1,0.011764228,0.02670336,0.056468963623046875,True,0.47944345045527936,8.4515980408878,0.2945071654732636,2.698385654845395,0.09216107703745366,0.0160229429602623,0.20080602169036865,3.9517082581204e-31,0.0,0.0,0.4281579800419123,0.054109144925945436,0.599814772605896,0.912049751047673,1.3345600693948183,0.059286534786224365
ENSG00000165782.10,TMEM55B,0.08775546,0.08775546,-0.36454617977142334,False,,,,,,,,,,,,,,,,-0.03426253795623779
ENSG00000100888.12,CHD8,0.11475543,0.11475543,-0.07573211193084717,False,,,,,,,,,,,,,,,,-0.06073164939880371
ENSG00000165819.11,METTL3,0.20911153,0.20911153,-0.13364970684051514,False,,,,,,,,,,,,,,,,-0.0893632173538208
ENSG00000100461.17,RBM23,1.4418517,1.4418517,-0.9211721420288086,False,,,,,,,,,,,,,,,,-0.9209187030792236
ENSG00000100802.14,C14orf93,0.14071302,0.14071302,-0.09152281284332275,False,,,,,,,,,,,,,,,,-0.09148836135864258
ENSG00000100448.3,CTSG,9.410134e-05,9.410134e-05,-0.0011975765228271484,False,,,,,,,,,,,,,,,,-0.0011974573135375977
ENSG00000100450.12,GZMH,0.009674629,0.009674629,0.4195845127105713,False,,,,,,,,,,,,,,,,0.4399276375770569
ENSG00000100453.12,GZMB,0.009441302,0.011671543,0.5348151624202728,True,11.213265778210525,78.77968031336185,0.7909677510227403,2.083448139366864,0.008099380983039738,0.042124390602111816,2.457443952560425,0.17320028792054487,0.0,0.0,0.4886462315662658,0.11929585010179623,5.8332366943359375,0.8260310184562383,0.7052554815297902,0.5393132567405701
ENSG00000196792.11,STRN3,0.073561065,0.073561065,-0.057457923889160156,False,,,,,,,,,,,,,,,,-0.03643155097961426
ENSG00000129518.8,EAPP,0.09008648,0.09008648,-0.45905327796936035,False,,,,,,,,,,,,,,,,-0.05693793296813965
ENSG00000100906.10,NFKBIA,0.07969054,0.092700385,0.3750147819519043,True,0.686078374906238,3.6986028681798206,0.2815471206649687,9.561369150620925,0.11611018236726522,0.06087144464254379,0.5688176155090332,0.21483140280464902,0.0,0.0,0.47563350556378237,0.18856884472122637,1.7465730905532837,1.1550627508227413,2.406203845667257,0.37509816884994507
ENSG00000179454.13,KLHL28,0.09826423,0.09826423,-0.04981374740600586,False,,,,,,,,,,,,,,,,-0.04085850715637207
ENSG00000165525.17,NEMF,0.2505195,0.2505195,-0.22098350524902344,False,,,,,,,,,,,,,,,,-0.21076035499572754
ENSG00000012983.11,MAP4K5,0.21115658,0.21115658,-0.154211163520813,False,,,,,,,,,,,,,,,,-0.09646153450012207
ENSG00000100503.23,NIN,0.3795233,0.3795233,-0.32056570053100586,False,,,,,,,,,,,,,,,,-0.22103190422058105
ENSG00000100523.14,DDHD1,0.12622268,0.12622268,-0.061660051345825195,False,,,,,,,,,,,,,,,,-0.0447535514831543
ENSG00000197045.12,GMFB,0.20842393,0.20842393,-0.157853364944458,False,,,,,,,,,,,,,,,,-0.11546385288238525
ENSG00000126775.8,ATG14,0.06416564,0.06416564,-0.0584179162979126,False,,,,,,,,,,,,,,,,-0.04058825969696045
ENSG00000257621.7,PSMA3-AS1,0.28957698,0.28957698,-0.34267139434814453,False,,,,,,,,,,,,,,,,-0.3424416780471802
ENSG00000154001.13,PPP2R5E,0.05996033,0.05996033,-0.26495563983917236,False,,,,,,,,,,,,,,,,-0.005636930465698242
ENSG00000100554.11,ATP6V1D,0.54894924,0.54894924,-0.20659267902374268,False,,,,,,,,,,,,,,,,-0.20659136772155762
ENSG00000185650.9,ZFP36L1,0.13142127,0.16879205,0.5927465260028839,True,0.44125557472782423,1.191693374997359,0.19272655231253252,13.598082324065315,0.23659891190628207,0.07320122420787811,0.3576456904411316,0.05308884644367742,0.0,0.0,0.496290252957307,0.3453894477366788,1.8382573127746582,3.2908312087119027,3.997373678189069,0.5935149192810059
ENSG00000072110.13,ACTN1,0.051056277,0.051056277,-0.05179715156555176,False,,,,,,,,,,,,,,,,-0.04903244972229004
ENSG00000139990.17,DCAF5,0.10123186,0.10123186,-0.08736801147460938,False,,,,,,,,,,,,,,,,-0.0610506534576416
ENSG00000071537.13,SEL1L,0.30008456,0.30008456,-0.2669227123260498,False,,,,,,,,,,,,,,,,-0.2613478899002075
ENSG00000053254.15,FOXN3,0.91149205,0.91149205,-0.9733223915100098,False,,,,,,,,,,,,,,,,-0.9692404270172119
ENSG00000100784.10,RPS6KA5,0.1957733,0.1957733,-0.1001894474029541,False,,,,,,,,,,,,,,,,-0.07726740837097168
ENSG00000015133.18,CCDC88C,0.42509675,0.42509675,-0.24237477779388428,False,,,,,,,,,,,,,,,,-0.20663785934448242
ENSG00000100796.17,PPP4R3A,0.3004041,0.3004041,-0.2521076202392578,False,,,,,,,,,,,,,,,,-0.16753315925598145
ENSG00000165929.12,TC2N,0.03461961,0.12187119,0.03741055727005005,True,0.16570557264356725,3.224531173628239,0.49678713343359393,2.512285998539901,0.14447042942047117,0.015326435677707195,0.05012610927224159,0.13851532055619842,0.0,0.0,0.16085534453967304,0.050758676416364785,0.14523914456367493,1.66318498003587,0.9128486593306819,0.07433956861495972
ENSG00000197249.13,SERPINA1,0.0041124984,0.0041124984,0.0381314754486084,False,,,,,,,,,,,,,,,,0.06469875574111938
ENSG00000100697.14,DICER1,0.22639985,0.22639985,-0.14871788024902344,False,,,,,,,,,,,,,,,,-0.13386189937591553
ENSG00000100721.10,TCL1A,0.013348515,0.015757501,0.6186792254447937,True,5.959049709789269,35.90487965027827,0.6248485256588586,3.7514637750867825,0.023938157223165037,0.040755584836006165,2.298424243927002,0.11544723122884598,0.0,0.0,0.4903159826522663,0.11958468104076832,6.682089805603027,0.3609922933788075,1.5706867040619545,0.6196070611476898
ENSG00000066739.11,ATG2B,0.09024401,0.09024401,-0.08802568912506104,False,,,,,,,,,,,,,,,,-0.0859522819519043
ENSG00000140105.17,WARS,0.23822843,0.41791677,0.43994104862213135,True,0.15258006876060715,1.016784465054296,0.43841589794383357,7.924349745555332,0.6404624356605388,0.046583160758018494,0.09060724824666977,0.07739908220155894,0.0,0.0,0.4621503938135094,0.15025428238259053,0.3025050461292267,1.762548736441153,1.7586858987431722,0.45724648237228394
ENSG00000080824.18,HSP90AA1,0.03995813,0.03995813,-0.6292479038238525,False,,,,,,,,,,,,,,,,-0.47003042697906494
ENSG00000100865.14,CINP,0.02784264,0.02784264,-0.02309584617614746,False,,,,,,,,,,,,,,,,-0.010297179222106934
ENSG00000142208.15,AKT1,0.27016732,0.27016732,-0.13948094844818115,False,,,,,,,,,,,,,,,,-0.12788259983062744
ENSG00000211890.4,IGHA2,0.65553105,0.5069324,0.9264027401804924,True,7.41296317224116,3.8937482914809642,2.3079039166193547,7.648224656891108,0.2513070859014988,0.3104041516780853,0.5836125016212463,1.476105333427577e-07,0.0,0.0,0.4990324303895088,3.4514325142602336,7.007850646972656,9.620166712998902,0.4368813657508308,0.9264156967401505
ENSG00000211891.6,IGHE,0.069125496,0.15961753,0.045947253704071045,True,0.046724669701458076,0.8114836693049465,0.33484205074617013,2.4973348593987907,1.0468842258056004,0.017657293006777763,0.02033352665603161,7.066002145014879e-05,0.0,0.0,0.1489720390241961,0.05945174371520867,0.05988252907991409,2.404602967528032,1.3046438060983376,0.045946478843688965
ENSG00000211895.5,IGHA1,0.9634278,1.0234389,0.9791992828249931,True,0.13290930826656813,0.3233665196445316,0.26264445914429546,8.900872382195685,1.261774421731631,0.07746943831443787,0.07879309356212616,0.030632061013168073,0.0,0.0,0.4857635910628991,0.38183080598254904,0.42012515664100647,2.9999557479246177,3.2239370455376224,0.979218415915966
ENSG00000211896.7,IGHG1,0.07951111,0.16343069,0.6175725758075714,True,0.8504124257494243,6.533414174077073,0.3495062496223999,2.1062298882633113,0.27518020081851213,0.033424973487854004,0.1369863897562027,2.1845177984096175e-20,0.0,0.0,0.49599015435411914,0.3544792617908658,2.1338675022125244,1.0123808613735434,0.6586511890758062,0.617730587720871
ENSG00000211897.9,IGHG3,1.213599,1.7056711,0.7982588857412338,True,0.022865032561825337,0.21638645881199725,0.13110458190930274,10.430448330078962,1.4812704523404439,0.04553581029176712,0.03176575154066086,0.013003938470781379,0.0,0.0,0.4955852006899866,1.0725239230761119,0.1120397299528122,125.95089816506714,3.5119909887627556,0.7982920706272125
ENSG00000211898.7,IGHD,0.03365567,0.031017505,0.7185892462730408,True,4.4500639399228366,35.73817312526551,0.9766630646888804,2.2979454625924256,0.018263784209266304,0.03414022922515869,0.8832374811172485,0.11572498144719048,0.0,0.0,0.4804490223897344,0.12118999231012316,3.2916455268859863,0.9265802269315689,0.6894287596981213,0.7493993639945984
ENSG00000211899.9,IGHM,0.1771701,0.19998203,0.8881304189562798,True,2.9056745927870504,1.053353280770946,0.17421173624356096,15.807658874701772,0.0935346445441246,0.8579609990119934,4.334079265594482,0.5348056357418702,0.0,0.0,0.4921014636542946,1.797065956621509,9.95159912109375,0.1840966368230787,4.567367638598537,0.8881462886929512
ENSG00000169385.2,RNASE2,0.010798209,0.011767396,0.2867758274078369,True,3.7184341437182677,58.47972397341055,1.239655771399412,1.9437317117966417,0.013419199869967998,0.016367468982934952,0.5763107538223267,3.637472204610343e-48,0.0,0.0,0.467296043870299,0.04741121183442232,1.2426751852035522,0.657581227976899,0.573430218658823,0.29016202688217163
ENSG00000165801.9,ARHGEF40,0.08584517,0.41094175,0.06763261556625366,True,0.03866145308897458,0.4962906079204417,0.3033860390586486,5.3285094551199395,1.4262279834129195,0.031760044395923615,0.025951121002435684,4.89951377931799e-27,0.0,0.0,0.14128971139989255,0.09373812016482572,0.07757528871297836,1.871680672231288,1.6464136491651238,0.07249569892883301
ENSG00000211829.9,TRDC,0.0057871076,0.0057871076,0.1912248134613037,False,,,,,,,,,,,,,,,,0.1994994878768921
ENSG00000197324.8,LRP10,0.59233963,0.59233963,-0.659030556678772,False,,,,,,,,,,,,,,,,-0.653801679611206
ENSG00000166091.19,CMTM5,0.06681931,0.054542664,0.818158432841301,True,48.59551012947063,138.1573435374993,8.054761378645342,0.215551056518773,0.13282137993723153,0.13381950557231903,1.7178126573562622,1.7336200528786482e-05,0.0,0.0,0.48360847736045864,0.2734324793573144,4.253944396972656,0.050184204358715435,0.09291427297659595,0.818158432841301
ENSG00000092140.14,G2E3,0.14590485,0.14590485,-0.09586381912231445,False,,,,,,,,,,,,,,,,-0.06939375400543213
ENSG00000100852.12,ARHGAP5,0.33255547,0.33255547,-0.28354012966156006,False,,,,,,,,,,,,,,,,-0.28240668773651123
ENSG00000151327.12,FAM177A1,0.30045712,0.30045712,-0.1918720006942749,False,,,,,,,,,,,,,,,,-0.19095289707183838
ENSG00000198718.12,TOGARAM1,0.07435783,0.07435783,-0.06226706504821777,False,,,,,,,,,,,,,,,,-0.029764890670776367
ENSG00000131981.15,LGALS3,0.008870219,0.017493803,0.05948746204376221,True,0.7504193264120436,13.326191487042642,0.41569150795100035,1.917319587335851,0.03903457934036851,0.015135088004171848,0.2239171862602234,1.2836250572207045e-32,0.0,0.0,0.4129501216013903,0.047893561781758194,0.5990714430809021,1.4705298446002197,1.057321680565526,0.1119886040687561
ENSG00000032219.18,ARID4A,0.31717035,0.31717035,-0.5573691129684448,False,,,,,,,,,,,,,,,,-0.17963993549346924
ENSG00000100592.15,DAAM1,0.046822287,0.046822287,-8.809566497802734e-05,False,,,,,,,,,,,,,,,,0.010311126708984375
ENSG00000100614.17,PPM1A,0.03625892,0.03625892,-0.027739524841308594,False,,,,,,,,,,,,,,,,-0.013335466384887695
ENSG00000100644.16,HIF1A,0.39748368,0.39748368,0.00716930627822876,False,,,,,,,,,,,,,,,,0.00916832685470581
ENSG00000054654.16,SYNE2,0.07010896,0.16236405,0.25204336643218994,True,0.2574228995414478,3.0743372631221013,0.45975983173695223,4.669686060073499,0.24116333824892838,0.026924028992652893,0.1322030872106552,0.1942597405791114,0.0,0.0,0.3503386586256111,0.08589409623906974,0.36100026965141296,0.9906600026343925,1.368999393081616,0.2682787775993347
ENSG00000100731.15,PCNX1,0.26512614,0.26512614,-0.12322795391082764,False,,,,,,,,,,,,,,,,-0.11625707149505615
ENSG00000197555.9,SIPA1L1,0.9279593,0.9279593,-0.12565088272094727,False,,,,,,,,,,,,,,,,-0.11180567741394043
ENSG00000119707.13,RBM25,0.27962232,0.27962232,-0.16438055038452148,False,,,,,,,,,,,,,,,,-0.12762069702148438
ENSG00000080815.18,PSEN1,0.644761,0.644761,-0.304315447807312,False,,,,,,,,,,,,,,,,-0.2680971622467041
ENSG00000170345.9,FOS,0.03068487,0.039967485,0.6844888925552368,True,9.386941701176932,26.870029138587118,1.0858779841843949,7.989865508863779,0.018925422141328457,0.10122508555650711,2.5272278785705566,0.2928400353239305,0.0,0.0,0.49554749152447874,0.2970955737881216,6.487812042236328,0.5696309244890033,0.8849093603545521,0.6923395097255707
ENSG00000119705.9,SLIRP,0.0363097,0.0363097,-0.01659989356994629,False,,,,,,,,,,,,,,,,-0.0005151033401489258
ENSG00000140030.5,GPR65,0.025220394,0.062456097,0.013898909091949463,True,0.2797593506094872,4.607636904247178,0.38539337344336005,3.6517030199861624,0.1220300738885999,0.015160634182393551,0.12610042095184326,0.11226735500739035,0.0,0.0,0.39947426783186246,0.05370249346740996,0.32560887932777405,0.9865903013811435,1.4699337344979528,0.05271118879318237
ENSG00000100764.13,PSMC1,0.77891564,0.77891564,-0.6076594591140747,False,,,,,,,,,,,,,,,,-0.6076325178146362
ENSG00000165949.12,IFI27,0.0024967804,0.0024967804,0.01076352596282959,False,,,,,,,,,,,,,,,,0.010767161846160889
ENSG00000090060.17,PAPOLA,0.2893406,0.2893406,-0.0410008430480957,False,,,,,,,,,,,,,,,,0.036320269107818604
ENSG00000090061.17,CCNK,0.20623092,0.20623092,-0.10474932193756104,False,,,,,,,,,,,,,,,,-0.10119497776031494
ENSG00000196405.12,EVL,0.9719224,1.7825322,0.39315366744995117,True,0.12040109927037808,0.2420480401307942,0.32067608941992126,7.196205248221967,2.807720679044724,0.19968268275260925,0.10081138461828232,0.2907394233933195,0.0,0.0,0.046962998190240635,0.4937671270565147,0.2619207501411438,0.664532482407479,2.085775606717065,0.3931540846824646
ENSG00000078304.19,PPP2R5C,1.0109599,1.0109599,-0.1009521484375,False,,,,,,,,,,,,,,,,-0.09732496738433838
ENSG00000197102.10,DYNC1H1,0.26224518,0.26224518,-0.2732895612716675,False,,,,,,,,,,,,,,,,-0.09035801887512207
ENSG00000089902.9,RCOR1,0.0624225,0.0624225,0.005368173122406006,False,,,,,,,,,,,,,,,,0.007466256618499756
ENSG00000185215.8,TNFAIP2,0.021798471,0.04397308,0.06556135416030884,True,0.2983383652374071,2.5672017639061937,0.3461234350404675,1.2658452017871218,0.3902214312553405,0.020920073613524437,0.06786230951547623,1.0150726411030339e-10,0.0,0.0,0.396628248259704,0.08898483109140898,0.20969173312187195,2.2506002260414864,1.0113215128941258,0.07723873853683472
ENSG00000100664.10,EIF5,0.21512368,0.21512368,-0.07816290855407715,False,,,,,,,,,,,,,,,,-0.059712886810302734
ENSG00000166428.12,PLD4,0.0016151934,0.0016151934,0.017236292362213135,False,,,,,,,,,,,,,,,,0.017293691635131836
ENSG00000226777.7,FAM30A,0.10001839,0.16946132,0.4523128271102905,True,0.6108808652330787,5.267526338081455,0.8149829995584169,4.299001318413629,0.09438465222716332,0.03300571069121361,0.16260753571987152,0.11084178727315361,0.0,0.0,0.43100486238690267,0.10108176164762386,0.5253444314002991,1.263922601731632,0.8598605785270012,0.5135555863380432
ENSG00000172575.11,RASGRP1,0.10623208,0.10623208,-0.08924984931945801,False,,,,,,,,,,,,,,,,0.026239633560180664
ENSG00000137841.11,PLCB2,0.6638604,0.6638604,-0.13809359073638916,False,,,,,,,,,,,,,,,,-0.13809263706207275
ENSG00000103978.15,TMEM87A,0.11092797,0.11092797,-0.09675776958465576,False,,,,,,,,,,,,,,,,-0.09523999691009521
ENSG00000103994.16,ZNF106,0.124728605,0.124728605,-0.04526317119598389,False,,,,,,,,,,,,,,,,0.005015969276428223
ENSG00000159459.11,UBR1,0.54293925,0.54293925,-0.3110780715942383,False,,,,,,,,,,,,,,,,-0.3020801544189453
ENSG00000229474.6,PATL2,0.35532907,0.35532907,-0.03800928592681885,False,,,,,,,,,,,,,,,,-0.013282179832458496
ENSG00000104177.17,MYEF2,0.042239763,0.042239763,-0.016829609870910645,False,,,,,,,,,,,,,,,,-0.013628482818603516
ENSG00000166200.14,COPS2,0.15231626,0.15231626,-0.1139822006225586,False,,,,,,,,,,,,,,,,-0.07955968379974365
ENSG00000104043.14,ATP8B4,0.13031404,0.61387473,0.12249970436096191,True,0.04677363019613216,0.6065627176757408,0.2623123057327428,3.8670226349935843,2.096330964565277,0.03124259226024151,0.023100368678569794,1.3997128323417504e-50,0.0,0.0,0.1509287133226226,0.09231320004749931,0.07362774014472961,1.3276244972947713,1.2189788020730001,0.12400227785110474
ENSG00000104064.16,GABPB1,0.27911657,0.27911657,-0.09585416316986084,False,,,,,,,,,,,,,,,,-0.09418058395385742
ENSG00000092439.13,TRPM7,0.47464934,0.47464934,-0.29732823371887207,False,,,,,,,,,,,,,,,,-0.28017234802246094
ENSG00000138600.9,SPPL2A,0.2716162,0.2716162,-0.13120591640472412,False,,,,,,,,,,,,,,,,0.009171545505523682
ENSG00000104093.13,DMXL2,0.057491258,0.1790062,0.20840096473693848,True,0.16081700550191033,1.5475262600201147,0.37984556287190324,2.767867565455733,0.3146192383021117,0.028446270152926445,0.07120174169540405,0.025655593546532404,0.0,0.0,0.259820173787404,0.09532431406863617,0.20867475867271423,1.2677387127071185,1.4556928930967779,0.22814583778381348
ENSG00000069966.18,GNB5,0.16544951,0.16544951,-0.12489497661590576,False,,,,,,,,,,,,,,,,0.006589829921722412
ENSG00000128989.10,ARPP19,0.046505414,0.046505414,-0.15806221961975098,False,,,,,,,,,,,,,,,,-0.013713598251342773
ENSG00000047346.12,FAM214A,0.11233147,0.11233147,-0.09631681442260742,False,,,,,,,,,,,,,,,,-0.04732680320739746
ENSG00000137871.19,ZNF280D,0.1277607,0.1277607,-0.14084768295288086,False,,,,,,,,,,,,,,,,-0.09388792514801025
ENSG00000140299.11,BNIP2,0.7239673,0.7239673,-0.08948230743408203,False,,,,,,,,,,,,,,,,-0.06447982788085938
ENSG00000182718.16,ANXA2,0.02893586,0.040304292,0.16687631607055664,True,1.614622147743942,18.084145184879173,0.3169381593988883,1.9796273097690311,0.11406177915632724,0.034893132746219635,0.47416722774505615,0.021655443296571437,0.0,0.0,0.4748781158417201,0.11652052212565427,1.3690154552459717,1.0554838172495498,0.7702246696865355,0.18982642889022827
ENSG00000069667.15,RORA,0.08497215,0.08497215,-0.1154630184173584,False,,,,,,,,,,,,,,,,0.10290122032165527
ENSG00000129003.15,VPS13C,0.21503924,0.21503924,-0.18255937099456787,False,,,,,,,,,,,,,,,,-0.04929304122924805
ENSG00000103657.13,HERC1,0.3662816,0.3662816,-0.34722936153411865,False,,,,,,,,,,,,,,,,-0.3453892469406128
ENSG00000090487.10,SPG21,0.009881106,0.009881106,-0.0133742094039917,False,,,,,,,,,,,,,,,,-0.011386752128601074
ENSG00000074603.18,DPP8,0.17364596,0.17364596,-0.07681703567504883,False,,,,,,,,,,,,,,,,-0.059906005859375
ENSG00000140350.15,ANP32A,0.02148681,0.02148681,-0.23148953914642334,False,,,,,,,,,,,,,,,,0.022900819778442383
ENSG00000140400.16,MAN2C1,0.29504073,0.29504073,-0.13210785388946533,False,,,,,,,,,,,,,,,,-0.13210678100585938
ENSG00000140386.12,SCAPER,0.21833397,0.21833397,-0.15857303142547607,False,,,,,,,,,,,,,,,,-0.12319934368133545
ENSG00000140379.7,BCL2A1,0.5359264,0.74213725,0.6323527693748474,True,0.30696814274221773,0.6117384820574452,0.4403940560607813,4.28418064771687,1.3544350719451903,0.15719160437583923,0.18888269364833832,0.17313552589367542,0.0,0.0,0.4415618113345202,0.485271740040389,0.5238203406333923,1.0808084420674944,1.6836437387518521,0.6524167060852051
ENSG00000169609.13,C15orf40,0.17655098,0.17655098,-0.10967504978179932,False,,,,,,,,,,,,,,,,-0.0999215841293335
ENSG00000166825.13,ANPEP,0.041366257,0.13917673,0.19940102100372314,True,0.19085205877145411,1.951961367316139,0.38620179029128576,2.71720789350826,0.288918912410736,0.028131920844316483,0.08519840240478516,9.740531813214328e-05,0.0,0.0,0.28761886928633773,0.08678222293227122,0.24717801809310913,1.1330834773015488,1.3298849178000764,0.20782452821731567
ENSG00000131871.14,SELENOS,0.1953565,0.1953565,-0.09860730171203613,False,,,,,,,,,,,,,,,,-0.0979318618774414
ENSG00000185418.15,TARSL2,0.08810899,0.08810899,-0.12356758117675781,False,,,,,,,,,,,,,,,,-0.025007009506225586
ENSG00000171262.11,FAM98B,0.070247754,0.070247754,-0.03472566604614258,False,,,,,,,,,,,,,,,,-0.033451080322265625
ENSG00000137801.10,THBS1,0.026339706,0.023034936,0.1185157299041748,True,0.5465795160477884,4.45766411445104,0.39268272765022394,2.3878052686131213,0.20109628736972807,0.02996928244829178,0.23472149670124054,6.696094024440142e-09,0.0,0.0,0.4863643764660722,0.12064140168463665,0.6378642320632935,1.3976123683838244,1.5059909762562815,0.12513691186904907
ENSG00000187446.11,CHP1,0.03331053,0.03331053,-0.05183541774749756,False,,,,,,,,,,,,,,,,0.03906440734863281
ENSG00000137804.12,NUSAP1,0.20301855,0.198694,0.7037931680679321,True,1.4479607314682204,4.82881605249199,0.9751274530491202,6.439029159123317,0.11682191349565983,0.0634947195649147,0.27583497762680054,1.7028884861753448e-14,0.0,0.0,0.49528135402378654,0.22009537271307164,1.1790440082550049,1.3332154678559867,0.8568045627471033,0.7044174671173096
ENSG00000140264.19,SERF2,4.0423493,9.245669,0.19899362325668335,True,0.1072774889232992,0.02788974107585702,0.17793462625238324,9.173612219055947,18.089549624919893,1.2063379287719727,0.11553524434566498,0.2454559147133157,0.0,0.0,0.3582798682938773,3.535564419098166,0.37007343769073486,0.8399571788786693,3.0170191584309305,0.25666821002960205
ENSG00000137770.13,CTDSPL2,0.21108148,0.21108148,-0.11147773265838623,False,,,,,,,,,,,,,,,,-0.08074939250946045
ENSG00000128951.13,DUT,0.017151544,0.019027662,0.2482343316078186,True,1.110850161687445,18.883663241277485,0.4694009545355437,9.847467055030323,0.03004116973839701,0.015976926311850548,0.7166467905044556,0.10534008597906255,0.0,0.0,0.4819390800522943,0.055568506873213686,1.5248095989227295,0.6004913753437753,2.036005238814453,0.30179035663604736
ENSG00000244879.6,GABPB1-AS1,0.50403214,0.50403214,-0.14450204372406006,False,,,,,,,,,,,,,,,,-0.14035940170288086
ENSG00000138592.13,USP8,0.17912772,0.17912772,-0.15921998023986816,False,,,,,,,,,,,,,,,,-0.03338885307312012
ENSG00000069956.11,MAPK6,0.07296784,0.29943982,0.030846357345581055,True,0.05625395713257451,0.7669989116389188,0.31921408094540027,7.767434905182826,0.7428115178644659,0.023911792784929276,0.04337727651000023,0.07245433607275088,0.0,0.0,0.27266983995885863,0.07695073466509683,0.1326659619808197,1.596944381777124,2.0272561162202716,0.0960075855255127
ENSG00000247982.6,LINC00926,0.653785,0.8885183,0.8199604749679565,True,0.6972847045209898,1.0480316123557354,0.7086692805468423,3.2687601597156504,0.4938590794801712,0.22287364304065704,0.21323451399803162,0.28462217288231584,0.0,0.0,0.22537397107283597,0.5324668169301815,0.4969203770160675,0.6023914699498842,0.8694309090651159,0.8289182186126709
ENSG00000140416.19,TPM1,0.0005401597,0.019300397,0.05726122856140137,True,0.19245853761539475,6.977909054154456,0.3257974789699571,4.068689887717654,0.10280004926025868,0.008508256636559963,0.13035503029823303,3.3397962023100065e-42,0.0,0.0,0.45167848383561954,0.025971581597302066,0.45286864042282104,0.80430366878952,1.8819805427559808,0.058982670307159424
ENSG00000103642.11,LACTB,0.027187921,0.11133231,0.08712261915206909,True,0.17205275430057862,2.0162602251370236,0.316601720587479,3.1047911818979412,0.2827955082058907,0.02555960603058338,0.07004600018262863,4.830454317165322e-20,0.0,0.0,0.4494656975217311,0.11062920377317907,0.18907028436660767,2.2192892408972447,1.2232778844666483,0.08914381265640259
ENSG00000166128.12,RAB8B,0.21439643,0.21439643,-0.17820143699645996,False,,,,,,,,,,,,,,,,-0.00828254222869873
ENSG00000140455.16,USP3,0.9791177,0.9791177,-0.011695384979248047,False,,,,,,,,,,,,,,,,0.0933372974395752
ENSG00000157734.13,SNX22,0.027671514,0.1162242,0.07666712999343872,True,0.10753477995179135,2.485515435262971,0.45772053409545577,4.066044910802151,0.15644008286297323,0.017030736431479454,0.05143837258219719,0.05998832279532671,0.0,0.0,0.1494773644204218,0.048847133301375585,0.1408628225326538,1.4671764959716607,1.1483363606892187,0.11367267370223999
ENSG00000103769.9,RAB11A,0.20114009,0.186836,0.22865623235702515,True,0.07870591704633322,1.2412225466592233,0.19488443257995172,7.160969831258651,0.3223955015838146,0.02373938448727131,0.07473886758089066,0.15182537004468907,0.0,0.0,0.34814219894267645,0.09020908201977564,0.2580655813217163,2.0136865295156463,2.6315734935353463,0.25479280948638916
ENSG00000166233.14,ARIH1,0.072604924,0.072604924,-0.08868932723999023,False,,,,,,,,,,,,,,,,-0.04797840118408203
ENSG00000140398.13,NEIL1,0.13710272,0.30673042,0.43610382080078125,True,0.24715526613870956,1.6627379898284569,0.42477830477575523,5.304730736269457,0.49397563859820365,0.043036676943302155,0.11739834398031235,1.0139748217252003e-39,0.0,0.0,0.43935825577067833,0.13061749972150594,0.36530816555023193,1.1976202479151634,1.4843411818866257,0.43860965967178345
ENSG00000167196.13,FBXO22,0.08989983,0.08989983,-0.055140018463134766,False,,,,,,,,,,,,,,,,-0.054351091384887695
ENSG00000136381.12,IREB2,0.111034155,0.111034155,-0.12479269504547119,False,,,,,,,,,,,,,,,,-0.12298309803009033
ENSG00000172349.17,IL16,0.012928516,0.012928516,-0.06501364707946777,False,,,,,,,,,,,,,,,,-0.0037560462951660156
ENSG00000156232.7,WHAMM,0.317877,0.317877,-0.10472738742828369,False,,,,,,,,,,,,,,,,-0.064048171043396
ENSG00000170776.21,AKAP13,0.29379517,0.29379517,-0.18535518646240234,False,,,,,,,,,,,,,,,,-0.08615267276763916
ENSG00000172183.14,ISG20,0.0970289,0.16877896,0.30596184730529785,True,0.3303332974506955,3.136355842959549,0.40807619781729926,5.239111790914501,0.24846017642567553,0.0411551296710968,0.19614624977111816,0.19872173417675845,0.0,0.0,0.3612106109299099,0.12290018324438104,0.6372969150543213,1.3252744655083333,1.5196050588620187,0.3603963851928711
ENSG00000140526.17,ABHD2,0.040923893,0.040923893,-0.011440038681030273,False,,,,,,,,,,,,,,,,-0.008751630783081055
ENSG00000140575.12,IQGAP1,0.32350257,0.5898548,0.4821259379386902,True,0.813841492981017,1.5700793471538321,0.717571942048944,3.460705612811491,0.27740146860480314,0.11759470403194427,0.200299933552742,0.22406305136196938,0.0,0.0,0.463454198896914,0.38034584279293787,0.5202749371528625,0.9206306201931044,1.0331946795949425,0.5625955760478973
ENSG00000182511.11,FES,0.024212068,0.024212068,-0.0022132396697998047,False,,,,,,,,,,,,,,,,0.017764389514923096
ENSG00000173575.20,CHD2,0.7739229,0.7739229,-0.7170859575271606,False,,,,,,,,,,,,,,,,-0.710301399230957
ENSG00000140563.14,MCTP2,0.020240206,0.2983484,0.02212357521057129,True,0.05406138591151923,1.0153181520469843,0.3006161750854367,5.7510838095783905,0.683527131875356,0.018329855054616928,0.031286001205444336,1.3947305404650286e-42,0.0,0.0,0.22111139223839643,0.05806004976976542,0.10364329069852829,1.60183986529439,1.7651360330610115,0.06259989738464355
ENSG00000007392.16,LUC7L,0.19640532,0.19640532,-0.17660880088806152,False,,,,,,,,,,,,,,,,-0.16028904914855957
ENSG00000162032.15,SPSB3,0.041995373,0.041995373,-0.4107799530029297,False,,,,,,,,,,,,,,,,0.0026427507400512695
ENSG00000198736.11,MSRB1,0.019282805,0.112893134,0.10643458366394043,True,0.286290068170589,2.545646143641746,0.5537131462415645,3.1389298058946027,0.15697328254580495,0.030106516554951668,0.09062261134386063,7.757850261423634e-38,0.0,0.0,0.39122302205979725,0.0958540561119854,0.23635149002075195,1.1900217723111712,1.064193328877163,0.13331454992294312
ENSG00000184207.8,PGP,0.097100474,0.097100474,-0.21828985214233398,False,,,,,,,,,,,,,,,,-0.005841255187988281
ENSG00000005339.14,CREBBP,0.2628885,0.2628885,-0.19792461395263672,False,,,,,,,,,,,,,,,,-0.09202444553375244
ENSG00000153443.12,UBALD1,0.3954262,0.3954262,-0.24633467197418213,False,,,,,,,,,,,,,,,,-0.24579930305480957
ENSG00000187555.14,USP7,0.08726603,0.08726603,-0.0955345630645752,False,,,,,,,,,,,,,,,,-0.022829890251159668
ENSG00000260349.1,AC087190.2,0.21549153,0.21549153,-0.16873383522033691,False,,,,,,,,,,,,,,,,-0.16127371788024902
ENSG00000189067.12,LITAF,0.020575188,0.033319186,0.022157490253448486,True,1.4337764712049752,17.434073599017072,0.6585559857695428,2.413550553252136,0.030497552677989006,0.021768689155578613,0.3319099247455597,0.13891962977275832,0.0,0.0,0.4753944636696719,0.07862113014086701,0.7880414724349976,1.8230732166054213,0.8040299797945331,0.07625043392181396
ENSG00000153066.12,TXNDC11,0.13962963,0.13962963,-0.12491810321807861,False,,,,,,,,,,,,,,,,-0.05140697956085205
ENSG00000122299.11,ZC3H7A,0.30877742,0.30877742,-0.24145221710205078,False,,,,,,,,,,,,,,,,-0.22027432918548584
ENSG00000157106.16,SMG1,0.16971228,0.16971228,-0.1206289529800415,False,,,,,,,,,,,,,,,,-0.10743463039398193
ENSG00000103365.15,GGA2,0.45045787,0.45045787,-0.09056484699249268,False,,,,,,,,,,,,,,,,-0.08789432048797607
ENSG00000140750.16,ARHGAP17,0.21854515,0.21854515,-0.1135033369064331,False,,,,,,,,,,,,,,,,-0.09565210342407227
ENSG00000169189.16,NSMCE1,0.0022376927,0.0022376927,-0.017632007598876953,False,,,,,,,,,,,,,,,,-0.01751089096069336
ENSG00000077235.17,GTF3C1,0.03824966,0.03824966,-0.0606309175491333,False,,,,,,,,,,,,,,,,-0.05792105197906494
ENSG00000196502.11,SULT1A1,0.03813624,0.03813624,-0.02982020378112793,False,,,,,,,,,,,,,,,,-0.016107916831970215
ENSG00000103502.13,CDIPT,0.94225013,0.94225013,-0.6095112562179565,False,,,,,,,,,,,,,,,,-0.6046758890151978
ENSG00000180096.11,SEPT1,0.032983657,0.032983657,-0.03313446044921875,False,,,,,,,,,,,,,,,,0.004927515983581543
ENSG00000103490.13,PYCARD,0.004254751,0.004254751,-0.04820585250854492,False,,,,,,,,,,,,,,,,0.029904425144195557
ENSG00000069329.16,VPS35,0.061354656,0.061354656,-0.2252713441848755,False,,,,,,,,,,,,,,,,-0.012499809265136719
ENSG00000129636.12,ITFG1,0.15701623,0.15701623,-0.1096879243850708,False,,,,,,,,,,,,,,,,-0.03204500675201416
ENSG00000166164.15,BRD7,0.1848785,0.1848785,-0.06452953815460205,False,,,,,,,,,,,,,,,,-0.03546261787414551
ENSG00000159461.14,AMFR,0.07732579,0.07732579,-0.06702280044555664,False,,,,,,,,,,,,,,,,-0.05555260181427002
ENSG00000140859.15,KIFC3,1.0675099,1.0668346,0.4880545735359192,True,0.0912439569147483,0.13644911963904158,0.17990777562526475,18.111600432100573,0.8830157229304314,0.11073185503482819,0.06803053617477417,7.819321606328567e-05,0.0,0.0,0.4690167456395272,0.798798312228449,0.41057074069976807,3.594169108984891,4.288162767265827,0.48843997716903687
ENSG00000125107.17,CNOT1,0.08814807,0.18469207,0.10276097059249878,True,0.11880205020409575,1.5829090582157348,0.263631787218105,8.196056058859394,0.2714017099142075,0.025318464264273643,0.0946870967745781,0.1706747151318595,0.0,0.0,0.3406462930695686,0.08386848120910884,0.2971145510673523,1.4896683749333477,2.2501330854862327,0.11705327033996582
ENSG00000135720.12,DYNC1LI2,0.15444088,0.15444088,-0.07795774936676025,False,,,,,,,,,,,,,,,,-0.05709099769592285
ENSG00000159720.11,ATP6V0D1,0.03493685,0.03493685,-0.0772162675857544,False,,,,,,,,,,,,,,,,0.036841511726379395
ENSG00000167261.13,DPEP2,0.04906695,0.04906695,-0.0063838958740234375,False,,,,,,,,,,,,,,,,-0.0035756826400756836
ENSG00000166747.12,AP1G1,0.15585017,0.15585017,-0.09115839004516602,False,,,,,,,,,,,,,,,,-0.070229172706604
ENSG00000102984.14,ZNF821,0.37848625,0.37848625,-0.18990683555603027,False,,,,,,,,,,,,,,,,-0.17666268348693848
ENSG00000090863.11,GLG1,0.29136443,0.29136443,-0.2805548906326294,False,,,,,,,,,,,,,,,,-0.28007233142852783
ENSG00000103121.8,CMC2,0.09499891,0.09499891,-0.17001044750213623,False,,,,,,,,,,,,,,,,0.01096409559249878
ENSG00000135698.9,MPHOSPH6,0.44074288,0.44074288,-0.08750784397125244,False,,,,,,,,,,,,,,,,-0.08054816722869873
ENSG00000140943.16,MBTPS1,0.12960277,0.12960277,-0.07648777961730957,False,,,,,,,,,,,,,,,,-0.06419658660888672
ENSG00000103187.7,COTL1,0.0029821417,0.0029821417,0.031166255474090576,False,,,,,,,,,,,,,,,,0.12212663888931274
ENSG00000153786.12,ZDHHC7,0.049994946,0.049994946,-0.0041877031326293945,False,,,,,,,,,,,,,,,,0.0022095441818237305
ENSG00000051523.10,CYBA,0.009537445,0.009537445,0.022682905197143555,False,,,,,,,,,,,,,,,,0.1416071057319641
ENSG00000167508.11,MVD,0.06826715,0.23875394,0.06731468439102173,True,0.08678888744881345,1.405827891824043,0.26630243737986375,5.320644966293661,0.4830143759896358,0.0235307477414608,0.061666909605264664,0.13908515081087847,0.0,0.0,0.2986399587056216,0.0767030493232621,0.1776878386735916,1.593454710662729,1.8641648035001255,0.11958861351013184
ENSG00000206177.6,HBM,0.030334018,0.02799348,0.8028235733509064,True,17.39714397562485,53.9163750122432,2.0884462126265633,7.000870312427014,0.015008742017671467,0.07549653947353363,2.376755952835083,1.2254223764797235e-15,0.0,0.0,0.4970626263384386,0.20712273587848173,5.235414505004883,0.2153677815734744,0.5560931509804315,0.802823930978775
ENSG00000188536.12,HBA2,0.0004901187,0.0004901187,0.6876415014266968,False,,,,,,,,,,,,,,,,0.6876416206359863
ENSG00000206172.8,HBA1,0.0010134273,0.0010134273,0.504877358675003,False,,,,,,,,,,,,,,,,0.5048772990703583
ENSG00000007541.16,PIGQ,0.031781286,0.031781286,0.005036056041717529,False,,,,,,,,,,,,,,,,0.019158244132995605
ENSG00000140983.13,RHOT2,0.8875086,0.8875086,-0.9403347969055176,False,,,,,,,,,,,,,,,,-0.9375747442245483
ENSG00000103254.9,FAM173A,0.092814684,0.092814684,-0.11775088310241699,False,,,,,,,,,,,,,,,,-0.006573200225830078
ENSG00000255198.4,SNHG9,0.52727747,0.52727747,-0.015523552894592285,False,,,,,,,,,,,,,,,,0.01414257287979126
ENSG00000008517.16,IL32,8.273543,21.506205,0.32417309284210205,True,0.07576302653782933,0.02987065871927402,0.351646314970721,4.562877716818395,31.531316026051837,0.8556188941001892,0.03482392802834511,0.24384541728288753,0.0,0.0,0.09708655907750013,2.3245405455933366,0.10743807256221771,0.8386865610781983,1.3625504398392585,0.32427603006362915
ENSG00000067365.14,METTL22,0.069401614,0.4426684,0.03020477294921875,True,0.036930291383912364,0.4458851250362151,0.25975361273023845,5.112117257966185,2.040324800312519,0.03876412287354469,0.03092086687684059,1.851698026224915e-30,0.0,0.0,0.37269724445603114,0.14185843906252063,0.09089285135269165,3.5150302587239652,1.8560378385053515,0.08825773000717163
ENSG00000103274.10,NUBP1,0.29905048,0.29905048,-0.14267241954803467,False,,,,,,,,,,,,,,,,-0.08945822715759277
ENSG00000048471.13,SNX29,0.14879447,0.14879447,-0.0007652044296264648,False,,,,,,,,,,,,,,,,0.015428900718688965
ENSG00000072864.14,NDE1,0.075567015,0.075567015,-0.060481905937194824,False,,,,,,,,,,,,,,,,-0.05149519443511963
ENSG00000167186.10,COQ7,0.28315774,0.28315774,-0.1874450445175171,False,,,,,,,,,,,,,,,,-0.1867997646331787
ENSG00000058600.15,POLR3E,0.22944956,0.22944956,-0.29256927967071533,False,,,,,,,,,,,,,,,,-0.05122959613800049
ENSG00000122257.18,RBBP6,0.4924737,0.4924737,-0.25847387313842773,False,,,,,,,,,,,,,,,,-0.19013702869415283
ENSG00000090905.18,TNRC6A,0.6329723,0.6329723,-0.4670754671096802,False,,,,,,,,,,,,,,,,-0.4655085802078247
ENSG00000077238.13,IL4R,0.05442492,0.107338265,0.140123188495636,True,0.46005632124039436,5.527899173744078,0.62159447255332,2.5928543341022814,0.076713493578136,0.01875448040664196,0.1155141219496727,0.1321787337010901,0.0,0.0,0.40488896631933996,0.06581540902205552,0.2926296591758728,1.444136103594559,0.9789195424981034,0.16025614738464355
ENSG00000176953.12,NFATC2IP,0.12366215,0.12366215,-0.131858229637146,False,,,,,,,,,,,,,,,,-0.09973251819610596
ENSG00000180209.11,MYLPF,0.24203609,0.24203609,-0.009844183921813965,False,,,,,,,,,,,,,,,,-0.009058952331542969
ENSG00000005844.17,ITGAL,0.06834658,0.20562512,0.08319348096847534,True,0.2900185873204717,3.0556387448302367,0.539031662415287,2.5342919961086983,0.14925853863358501,0.02588779293000698,0.08195164054632187,0.13581606847423253,0.0,0.0,0.3437815095623703,0.08685144818992009,0.20971448719501495,1.5893388761530929,0.932401839064326,0.16413253545761108
ENSG00000140678.16,ITGAX,0.042517785,0.19397631,0.1407301425933838,True,0.09951311204611245,1.6289225412032926,0.2876847429136313,3.501051833920179,0.6506479279862509,0.024761885404586792,0.04588015377521515,1.1263764921023268e-49,0.0,0.0,0.14976741765355622,0.07945985932343812,0.13840551674365997,1.5065262945232019,1.194345673127122,0.14296889305114746
ENSG00000169877.9,AHSP,0.018649522,0.018728495,0.706602543592453,True,16.79052965307065,37.31224308270432,0.7960094983618805,2.709228185288646,0.01590296999551356,0.12200599908828735,4.430522441864014,0.0472868606447267,0.0,0.0,0.4949376843496161,0.33731474391006694,10.072278022766113,0.5575715480905488,0.9269004710344109,0.7066026329994202
ENSG00000185947.14,ZNF267,0.12350448,0.12350448,-0.038790345191955566,False,,,,,,,,,,,,,,,,-0.005060553550720215
ENSG00000102893.15,PHKB,0.25430566,0.25430566,-0.17367887496948242,False,,,,,,,,,,,,,,,,-0.1584237813949585
ENSG00000121281.12,ADCY7,0.036070332,0.036070332,-0.027140259742736816,False,,,,,,,,,,,,,,,,-0.014537572860717773
ENSG00000083799.17,CYLD,0.3542236,0.3542236,-0.25138795375823975,False,,,,,,,,,,,,,,,,-0.24210906028747559
ENSG00000103479.15,RBL2,0.11240639,0.11240639,-0.08541929721832275,False,,,,,,,,,,,,,,,,-0.04082214832305908
ENSG00000260621.1,AC092140.1,0.53061444,0.53061444,-0.14787280559539795,False,,,,,,,,,,,,,,,,-0.12314951419830322
ENSG00000125148.6,MT2A,0.0058112494,0.035926882,0.09249025583267212,True,1.3494673958073418,16.21280512946331,0.5954705765803624,3.053338475532733,0.0265833221655339,0.021688366308808327,0.3854955732822418,0.17678304377866186,0.0,0.0,0.46905456404496926,0.07542041128013643,1.1253471374511719,1.3916323890562947,0.9866812836087636,0.11288470029830933
ENSG00000169715.14,MT1E,0.006015004,0.0108699165,0.030388832092285156,True,0.3436582945676639,10.60143295754013,0.43651623071461654,3.858372613825478,0.0757111918181181,0.00828814972192049,0.1587323695421219,2.3410203384009223e-08,0.0,0.0,0.43356035645218366,0.020771008023073856,0.47597455978393555,0.8417529361668776,1.806522367848542,0.03550529479980469
ENSG00000187193.8,MT1X,0.0029974424,0.0029974424,-0.005952358245849609,False,,,,,,,,,,,,,,,,-0.004575967788696289
ENSG00000051108.14,HERPUD1,0.2069824,0.29744464,0.2684285044670105,True,0.20716368469708646,1.2629345534105847,0.37305880472052017,8.231281363275542,0.4631121437996626,0.05873497575521469,0.16054144501686096,0.2103579247117334,0.0,0.0,0.4193227124762049,0.1796331959030173,0.5798494219779968,1.080860218267052,2.0612004117148426,0.26915210485458374
ENSG00000140853.15,NLRC5,0.27876693,0.27876693,-0.1829545497894287,False,,,,,,,,,,,,,,,,-0.18001246452331543
ENSG00000217555.12,CKLF,0.03441364,0.03441364,-0.16439080238342285,False,,,,,,,,,,,,,,,,0.02804434299468994
ENSG00000067955.13,CBFB,0.07701963,0.07701963,-0.08753347396850586,False,,,,,,,,,,,,,,,,-0.04978346824645996
ENSG00000102908.20,NFAT5,0.3079138,0.3079138,-0.049962639808654785,False,,,,,,,,,,,,,,,,-0.04832148551940918
ENSG00000140829.11,DHX38,0.3164789,0.3164789,-0.24266088008880615,False,,,,,,,,,,,,,,,,-0.24123525619506836
ENSG00000131149.18,GSE1,0.089420974,0.089420974,-0.05995380878448486,False,,,,,,,,,,,,,,,,-0.023551225662231445
ENSG00000140968.10,IRF8,0.009646037,0.01750307,0.07797867059707642,True,1.8130251077285946,23.48472321726702,0.4716546897354091,2.5828324020439846,0.05204046565108003,0.01507733203470707,0.5019454956054688,7.644204834267121e-12,0.0,0.0,0.4941099824624226,0.05135145363453297,2.1921463012695312,1.4235371281655584,1.154312610726053,0.08210170269012451
ENSG00000140941.12,MAP1LC3B,0.058647823,0.058647823,-0.0863872766494751,False,,,,,,,,,,,,,,,,-0.019811034202575684
ENSG00000158545.15,ZC3H18,0.506446,0.506446,-0.37948429584503174,False,,,,,,,,,,,,,,,,-0.37230169773101807
ENSG00000167515.10,TRAPPC2L,0.057188954,0.057188954,-0.49176132678985596,False,,,,,,,,,,,,,,,,-0.003994464874267578
ENSG00000197912.14,SPG7,0.33157212,0.33157212,-0.31938934326171875,False,,,,,,,,,,,,,,,,-0.31919753551483154
ENSG00000185324.21,CDK10,0.06844982,0.06844982,-0.08431243896484375,False,,,,,,,,,,,,,,,,-0.018123507499694824
ENSG00000141002.19,TCF25,0.49111044,0.49111044,-0.32517242431640625,False,,,,,,,,,,,,,,,,-0.30937254428863525
ENSG00000140995.16,DEF8,0.78875744,0.78875744,-0.42853474617004395,False,,,,,,,,,,,,,,,,-0.42758119106292725
ENSG00000108953.16,YWHAE,0.006918856,0.006918856,-0.03455233573913574,False,,,,,,,,,,,,,,,,-0.03406810760498047
ENSG00000197879.14,MYO1C,0.59883285,1.3774655,0.3866555094718933,True,0.05261858031537668,0.18417076505928837,0.1685699805458784,9.154350238473214,2.536026014884313,0.10417219996452332,0.05271541327238083,1.0646723807165024e-31,0.0,0.0,0.2871211323913912,0.2556447719785666,0.1498991698026657,0.8543120487278675,2.885056715076842,0.39271873235702515
ENSG00000174238.14,PITPNA,0.11360718,0.11360718,-0.02444767951965332,False,,,,,,,,,,,,,,,,-0.02161884307861328
ENSG00000167703.14,SLC43A2,0.02352459,0.079545744,0.0291900634765625,True,0.2704056350342699,3.5956947557466963,0.46617114516275393,2.069124245882957,0.13139580711722373,0.021896379068493843,0.07873949408531189,3.9074754570435155e-24,0.0,0.0,0.448894958380316,0.09600139721698044,0.1999741643667221,3.896873893838141,0.9048400202208495,0.047325193881988525
ENSG00000070366.13,SMG6,0.06694954,0.06694954,-0.0681462287902832,False,,,,,,,,,,,,,,,,-0.03697216510772705
ENSG00000083457.11,ITGAE,0.019044964,0.019044964,-0.023032188415527344,False,,,,,,,,,,,,,,,,-0.005758762359619141
ENSG00000074356.16,NCBP3,0.12917426,0.12917426,-0.13459300994873047,False,,,,,,,,,,,,,,,,-0.04923367500305176
ENSG00000108405.3,P2RX1,0.014143095,0.073176816,0.03416317701339722,True,0.07389308600738097,1.7998822906177088,0.3208247480782939,4.752136708532267,0.26979192569851873,0.012629481963813305,0.04505648836493492,6.087187872548529e-29,0.0,0.0,0.11712942399124704,0.03853660457927078,0.13400882482528687,1.1629447271410343,1.7414250004774423,0.06304603815078735
ENSG00000074370.17,ATP2A3,0.05867577,0.05867577,-0.011488914489746094,False,,,,,,,,,,,,,,,,0.007250487804412842
ENSG00000185722.16,ANKFY1,0.13033547,0.13033547,-0.14596450328826904,False,,,,,,,,,,,,,,,,-0.14401769638061523
ENSG00000161921.14,CXCL16,0.02581193,0.037703495,0.20132321119308472,True,0.769344151731413,12.873750349586683,0.6386364078860023,2.7138751089717914,0.035950895324349405,0.015213726088404655,0.1999528855085373,1.5406037194138382e-31,0.0,0.0,0.4252424340412443,0.049805124317636285,0.4861297011375427,1.1175616803457769,0.8969414495094644,0.21059143543243408
ENSG00000182853.11,VMO1,0.027301982,0.02446796,0.39846229553222656,True,0.7427667223097828,13.47715610102687,0.43961575069719805,2.5420656417474836,0.07212800482288002,0.014647512696683407,0.32526108622550964,1.1251521178841301e-10,0.0,0.0,0.3921458205122757,0.03951681057795131,0.7722126245498657,0.734668803999257,1.5526622967090487,0.3984622359275818
ENSG00000091592.15,NLRP1,0.45399457,0.45399457,-0.30917322635650635,False,,,,,,,,,,,,,,,,-0.3066592216491699
ENSG00000141505.11,ASGR1,0.033515714,0.03482249,0.07129395008087158,True,0.2877383407646111,5.035971319679779,0.48729934704137434,2.3254054325443883,0.10962063755840062,0.01998632587492466,0.08614745736122131,6.538184261807955e-10,0.0,0.0,0.46750666168989236,0.08915548965495113,0.21406146883964539,4.758664533775467,0.8559063638167773,0.08736366033554077
ENSG00000141504.11,SAT2,0.035990104,0.035990104,-0.06300365924835205,False,,,,,,,,,,,,,,,,-0.0020526647567749023
ENSG00000183011.13,NAA38,0.45588928,0.5581979,0.425040602684021,True,0.38877567523807355,1.2073572257334488,0.548454197132809,7.753251645855428,0.22859387777745724,0.07587624341249466,0.15683501958847046,0.19610290951417647,0.0,0.0,0.46062662867290943,0.28375175630612226,0.48062020540237427,1.2421323763031937,1.6304673909332474,0.5453355312347412
ENSG00000179094.15,PER1,0.53828704,0.53828704,-0.07116270065307617,False,,,,,,,,,,,,,,,,-0.02227163314819336
ENSG00000179029.14,TMEM107,0.0017409886,0.0017409886,-0.059233784675598145,False,,,,,,,,,,,,,,,,-0.05916166305541992
ENSG00000007237.18,GAS7,0.06891406,0.21051493,0.016342997550964355,True,0.07210334684048564,0.8572272855502919,0.3116915588105588,5.062024629965674,0.5856434139857689,0.023738114163279533,0.0513085201382637,3.2380514527026515e-53,0.0,0.0,0.31307561811075285,0.0811117491583433,0.16966508328914642,1.7813841052587356,2.0531661173739524,0.031210124492645264
ENSG00000141027.20,NCOR1,0.07152871,0.07152871,-0.07935583591461182,False,,,,,,,,,,,,,,,,-0.06898605823516846
ENSG00000109083.13,IFT20,0.1946477,0.1946477,-0.06210887432098389,False,,,,,,,,,,,,,,,,-0.04346489906311035
ENSG00000132589.15,FLOT2,1.2651011,1.2651011,-0.48247623443603516,False,,,,,,,,,,,,,,,,-0.4819709062576294
ENSG00000108256.8,NUFIP2,0.07609883,0.07609883,-0.06624174118041992,False,,,,,,,,,,,,,,,,-0.057304978370666504
ENSG00000141298.17,SSH2,0.21698965,0.21698965,-0.16946828365325928,False,,,,,,,,,,,,,,,,-0.1119455099105835
ENSG00000271503.5,CCL5,0.008419899,0.012350885,0.5033386945724487,True,17.79465896053648,99.39435621218465,0.8553157832535626,2.0514403258473766,0.006340108062140644,0.050783075392246246,3.7846362590789795,0.2481277018555679,0.0,0.0,0.49297906141758135,0.15439532245734355,9.293441772460938,0.718560848624712,0.7140919316412822,0.5852237343788147
ENSG00000277632.1,CCL3,0.19637832,0.21146375,0.7457994222640991,True,1.810702755094208,4.695203716362932,0.8880075992399437,3.063578055856452,0.1093586955964565,0.09124238789081573,0.3879683315753937,0.15563664879857206,0.0,0.0,0.4746715202580636,0.29617073945502176,1.3523402214050293,1.2352836718643965,0.8742137765367638,0.7468257546424866
ENSG00000276085.1,CCL3L3,0.0006135628,0.013048368,0.023497045040130615,True,0.5817221343049984,9.84762110096244,0.5843553400969572,2.2943222344642766,0.04737885983660818,0.011493636295199394,0.14009571075439453,3.2648161342151143e-12,0.0,0.0,0.43704889363278493,0.04406426005027341,0.4225802719593048,1.5990901590580802,1.0609361513438689,0.02909553050994873
ENSG00000275066.4,SYNRG,0.15119903,0.15119903,-0.12131679058074951,False,,,,,,,,,,,,,,,,-0.07937371730804443
ENSG00000273559.4,CWC25,0.080114216,0.080114216,-0.03963172435760498,False,,,,,,,,,,,,,,,,-0.02844560146331787
ENSG00000108306.11,FBXL20,0.19075988,0.19075988,-0.13582122325897217,False,,,,,,,,,,,,,,,,-0.1289219856262207
ENSG00000141741.11,MIEN1,0.008146284,0.008146284,-0.0622105598449707,False,,,,,,,,,,,,,,,,-0.019900918006896973
ENSG00000008838.19,MED24,0.43885672,0.43885672,-0.18722689151763916,False,,,,,,,,,,,,,,,,-0.18551695346832275
ENSG00000131747.14,TOP2A,0.10348961,0.123628154,0.6703109741210938,True,0.6460933602360243,4.5402727843414095,0.4340695688779152,5.083067166567905,0.15221343392506245,0.04598794877529144,0.325165331363678,2.115057135104827e-41,0.0,0.0,0.48750356593181615,0.11190179376282927,1.1452772617340088,0.9562208701170155,1.5554221138863409,0.6716890633106232
ENSG00000126581.12,BECN1,0.06813109,0.06813109,-0.12422764301300049,False,,,,,,,,,,,,,,,,-0.03889346122741699
ENSG00000005961.17,ITGA2B,0.0053176256,0.018419074,0.26796597242355347,True,4.151381548643814,83.92809590559646,0.2683438246917641,0.6861730450652582,0.061764534981921304,0.017400294542312622,0.48807960748672485,2.5617899832200485e-12,0.0,0.0,0.4898958581385034,0.06993936542383229,1.3942203521728516,0.6663469302866125,0.2578234491471133,0.26796555519104004
ENSG00000186566.12,GPATCH8,0.0729834,0.0729834,-0.2471228837966919,False,,,,,,,,,,,,,,,,-0.037172913551330566
ENSG00000120071.13,KANSL1,0.3564724,0.3564724,-0.27764737606048584,False,,,,,,,,,,,,,,,,-0.16878855228424072
ENSG00000141293.15,SKAP1,0.09220767,0.17124031,0.10722827911376953,True,0.13219518241163097,2.207364677529095,0.3677177370088924,5.082216777071406,0.287060205191374,0.0200699120759964,0.08075221627950668,0.1756545073489113,0.0,0.0,0.2578289907824997,0.06607567485734123,0.23151665925979614,1.2820423135441767,1.6405044593892801,0.1540975570678711
ENSG00000141232.4,TOB1,0.0132439025,0.0132439025,-0.1425793170928955,False,,,,,,,,,,,,,,,,0.000654757022857666
ENSG00000121058.4,COIL,0.045389604,0.045389604,-0.0824662446975708,False,,,,,,,,,,,,,,,,-0.024532675743103027
ENSG00000136450.12,SRSF1,1.1041671,1.1041671,-0.5617349147796631,False,,,,,,,,,,,,,,,,-0.5601553916931152
ENSG00000005381.7,MPO,0.004689195,0.004689195,0.5950492322444916,False,,,,,,,,,,,,,,,,0.5950486958026886
ENSG00000213246.6,SUPT4H1,0.017307036,0.017307036,-0.34344482421875,False,,,,,,,,,,,,,,,,-0.01187288761138916
ENSG00000261040.6,WFDC21P,0.3280066,0.18683699,0.4624175429344177,True,1.1962342353022377,8.873293429804892,2.216600740985318,6.2327466031965555,0.34358924478292463,0.02422734908759594,0.09519192576408386,0.00023449565410008907,0.0,0.0,0.4794814958236378,0.14916702181036356,0.48911771178245544,1.956204993067168,0.4649418883402923,0.46364885568618774
ENSG00000170832.12,USP32,0.2671251,0.2671251,-0.14133381843566895,False,,,,,,,,,,,,,,,,-0.1399376392364502
ENSG00000108510.9,MED13,0.21496803,0.21496803,-0.1116715669631958,False,,,,,,,,,,,,,,,,-0.0786675214767456
ENSG00000007312.12,CD79B,0.00041226277,0.00041226277,0.05708557367324829,False,,,,,,,,,,,,,,,,0.057626307010650635
ENSG00000261371.5,PECAM1,0.025448022,0.056433737,0.0235288143157959,True,0.306840325233647,4.202220262056342,0.43099730796047586,4.465341056326364,0.14432699270546434,0.016327546909451485,0.13858284056186676,3.144483049443594e-28,0.0,0.0,0.4566419476406589,0.06127842336672984,0.5537434816360474,1.065329413295443,1.5581362774005187,0.06737267971038818
ENSG00000256525.6,POLG2,0.1805501,0.1805501,-0.09576928615570068,False,,,,,,,,,,,,,,,,-0.090401291847229
ENSG00000198265.11,HELZ,0.23061125,0.23061125,-0.118813157081604,False,,,,,,,,,,,,,,,,-0.047284603118896484
ENSG00000125458.6,NT5C,0.03627775,0.03627775,-0.17626821994781494,False,,,,,,,,,,,,,,,,0.021679461002349854
ENSG00000189159.15,JPT1,0.016666057,0.016666057,0.003392815589904785,False,,,,,,,,,,,,,,,,0.01373213529586792
ENSG00000132475.10,H3F3B,0.022034558,0.025205264,0.14733177423477173,True,1.8853754298350058,8.663682837920225,0.22085726408901676,12.764241868019557,0.045872768852859735,0.07904359698295593,2.1108036041259766,0.1901197933636682,0.0,0.0,0.490156429241146,0.25997807892586877,7.5921220779418945,1.4458763193417157,3.082326143701619,0.14747214317321777
ENSG00000092929.11,UNC13D,0.70460725,0.70460725,-0.44393908977508545,False,,,,,,,,,,,,,,,,-0.44374048709869385
ENSG00000182473.21,EXOC7,0.18774267,0.18774267,-0.1370069980621338,False,,,,,,,,,,,,,,,,-0.11884188652038574
ENSG00000184557.4,SOCS3,0.0040143556,0.0040143556,0.021967172622680664,False,,,,,,,,,,,,,,,,0.0343700647354126
ENSG00000108669.16,CYTH1,0.23288389,0.23288389,-0.23090100288391113,False,,,,,,,,,,,,,,,,-0.06286489963531494
ENSG00000182446.13,NPLOC4,0.15951467,0.15951467,-0.09236979484558105,False,,,,,,,,,,,,,,,,-0.08331239223480225
ENSG00000225663.7,MCRIP1,0.015665812,0.015665812,-0.17303335666656494,False,,,,,,,,,,,,,,,,0.004159331321716309
ENSG00000169718.17,DUS1L,0.4389875,0.4389875,-0.20546483993530273,False,,,,,,,,,,,,,,,,-0.20485007762908936
ENSG00000176155.18,CCDC57,1.8995519,1.8995519,-1.4299354553222656,False,,,,,,,,,,,,,,,,-1.4207024574279785
ENSG00000173762.7,CD7,0.0027126058,0.0027126058,0.059101641178131104,False,,,,,,,,,,,,,,,,0.07253271341323853
ENSG00000141580.15,WDR45B,0.67121637,0.67121637,-0.22389161586761475,False,,,,,,,,,,,,,,,,-0.2198340892791748
ENSG00000177370.4,TIMM22,0.00884485,0.00884485,-0.01850879192352295,False,,,,,,,,,,,,,,,,-0.003150463104248047
ENSG00000182557.7,SPNS3,0.03494789,0.03494789,0.000698089599609375,False,,,,,,,,,,,,,,,,0.015745699405670166
ENSG00000141480.17,ARRB2,0.02005781,0.02005781,-0.07831442356109619,False,,,,,,,,,,,,,,,,0.042712390422821045
ENSG00000185245.7,GP1BA,0.0050950255,0.0050950255,0.008240938186645508,False,,,,,,,,,,,,,,,,0.0085676908493042
ENSG00000129235.10,TXNDC17,0.2221854,0.2221854,-0.1481173038482666,False,,,,,,,,,,,,,,,,-0.09953677654266357
ENSG00000170291.14,ELP5,0.66934055,0.66934055,-0.3278607130050659,False,,,,,,,,,,,,,,,,-0.32781982421875
ENSG00000181222.15,POLR2A,0.24886984,0.24886984,-0.12402904033660889,False,,,,,,,,,,,,,,,,-0.11377608776092529
ENSG00000132510.10,KDM6B,0.13264306,0.13264306,-0.008542537689208984,False,,,,,,,,,,,,,,,,0.013319432735443115
ENSG00000170037.13,CNTROB,0.10114228,0.10114228,-0.06706762313842773,False,,,,,,,,,,,,,,,,-0.06697404384613037
ENSG00000205309.13,NT5M,0.07540206,0.3530949,0.31959277391433716,True,0.23489582140030235,1.9078242483682277,1.5471621177028587,12.170713196247041,0.4248370438814163,0.02437293529510498,0.025816535577178,3.6904805584488394e-06,0.0,0.0,0.48200313773261766,0.24078257181094287,0.2666473984718323,11.63495892776212,0.5552029298591988,0.3210873007774353
ENSG00000034152.18,MAP2K3,0.021839367,0.021839367,-0.047377824783325195,False,,,,,,,,,,,,,,,,0.027930915355682373
ENSG00000109046.14,WSB1,0.09817433,0.09817433,-0.214574933052063,False,,,,,,,,,,,,,,,,0.02606576681137085
ENSG00000168961.16,LGALS9,0.0020210787,0.0020210787,-0.010311722755432129,False,,,,,,,,,,,,,,,,-0.0019649267196655273
ENSG00000076604.14,TRAF4,0.4212583,0.6703959,0.3639301061630249,True,0.06810209214943876,0.4809875579723348,0.33783268620299767,6.0149472528416315,0.8421109914779663,0.036146972328424454,0.04292423650622368,1.7385366901487253e-75,0.0,0.0,0.47963619862243645,0.1565616867483861,0.22170695662498474,3.54455387387123,2.5923051390276166,0.380682110786438
ENSG00000126653.17,NSRP1,0.12104679,0.12104679,-0.11178898811340332,False,,,,,,,,,,,,,,,,-0.10658049583435059
ENSG00000108582.11,CPD,0.06295767,0.38975954,0.0206109881401062,True,0.039172947219472815,0.5995903478786306,0.2760326345081799,6.238652950550267,1.2065975964069366,0.02640759013593197,0.03173469379544258,0.05213443936620865,0.0,0.0,0.2897238635713698,0.09067196372281039,0.09549342095851898,2.1753806610185946,2.10445767276035,0.05082660913467407
ENSG00000178691.10,SUZ12,0.123150304,0.123150304,-0.12257814407348633,False,,,,,,,,,,,,,,,,0.01137542724609375
ENSG00000010244.18,ZNF207,0.22582723,0.22582723,-0.27699553966522217,False,,,,,,,,,,,,,,,,-0.27047157287597656
ENSG00000166750.9,SLFN5,0.088032514,0.088032514,-0.24753212928771973,False,,,,,,,,,,,,,,,,0.005363345146179199
ENSG00000275302.1,CCL4,0.0010733083,0.0010733083,0.08895879983901978,False,,,,,,,,,,,,,,,,0.09620964527130127
ENSG00000276070.4,CCL4L2,0.02426449,0.0334571,0.5554280877113342,True,2.3338466903779,19.389864831279663,0.5539978068281581,3.708168361588766,0.049736720696091655,0.03152528405189514,0.8134321570396423,2.0231161189644457e-27,0.0,0.0,0.49045887847590086,0.10899876790809415,2.652952194213867,1.3716661407172632,1.330722644049605,0.5565221011638641
ENSG00000275023.4,MLLT6,0.090858266,0.090858266,-0.2017141580581665,False,,,,,,,,,,,,,,,,-0.02567613124847412
ENSG00000277972.1,CISD3,0.015813375,0.015813375,-0.0158308744430542,False,,,,,,,,,,,,,,,,-0.004839658737182617
ENSG00000108344.14,PSMD3,2.1439614,2.1439614,-0.29405736923217773,False,,,,,,,,,,,,,,,,-0.2906914949417114
ENSG00000131759.17,RARA,0.031568464,0.12188536,0.01848626136779785,True,0.1339211891601155,1.7624195848358155,0.2908982631073145,2.6239291735325727,0.31326130293309684,0.022489938884973526,0.05653691291809082,4.835742759711771e-39,0.0,0.0,0.41407663156509866,0.08772999606999224,0.1601046919822693,3.2801135480880164,1.2837397916270825,0.021374285221099854
ENSG00000033627.16,ATP6V0A1,0.19710748,0.19710748,-0.02717268466949463,False,,,,,,,,,,,,,,,,0.00030535459518432617
ENSG00000030582.17,GRN,0.05756581,0.089008614,0.30515122413635254,True,1.3553352290581309,9.556719983590725,0.6050753314996866,2.8485588665615458,0.04392129063606262,0.03717935457825661,0.399971067905426,0.23050048222738168,0.0,0.0,0.4599526193736272,0.11240452671211187,0.8865946531295776,0.7592613262011914,1.0720833317735414,0.4407082796096802
ENSG00000136448.11,NMT1,0.06977785,0.06977785,-0.05212557315826416,False,,,,,,,,,,,,,,,,-0.051264286041259766
ENSG00000184922.13,FMNL1,0.06745929,0.06745929,-0.12123680114746094,False,,,,,,,,,,,,,,,,0.02003002166748047
ENSG00000198336.9,MYL4,0.042106785,0.08666393,0.5559790730476379,True,0.9344549843792865,6.338175562030749,0.8889570249657753,4.738119158820588,0.07726570988694827,0.03896629437804222,0.24375249445438385,4.203100179654645e-36,0.0,0.0,0.4574375451795196,0.12929120713591669,0.6316831111907959,0.6653234535579472,0.9869512471937045,0.5563764274120331
ENSG00000141279.15,NPEPPS,0.13388276,0.13388276,-0.10543692111968994,False,,,,,,,,,,,,,,,,-0.0598372220993042
ENSG00000136436.14,CALCOCO2,0.11980463,0.11980463,-0.06320369243621826,False,,,,,,,,,,,,,,,,0.014796197414398193
ENSG00000136504.11,KAT7,0.17478473,0.17478473,-0.11672735214233398,False,,,,,,,,,,,,,,,,-0.09816586971282959
ENSG00000108846.15,ABCC3,0.79728144,2.3056622,0.5553614497184753,True,0.2536000045793767,0.27576446473165345,0.7437398648902298,3.6225908027415263,1.6797465437650683,0.15710902214050293,0.044193580746650696,9.512810650373659e-05,0.0,0.0,0.457269578523674,0.8932917888356047,0.26508045196533203,2.8946432900556456,0.9714723785880993,0.5553616881370544
ENSG00000108848.15,LUC7L3,0.067405656,0.067405656,-0.10033905506134033,False,,,,,,,,,,,,,,,,-0.09517109394073486
ENSG00000121064.12,SCPEP1,0.06880211,0.06880211,-0.06380915641784668,False,,,,,,,,,,,,,,,,-0.0558093786239624
ENSG00000153944.10,MSI2,0.028179806,0.104592815,0.07318013906478882,True,0.14047960907437904,2.9529159919833554,0.35180854206341966,5.806548449608871,0.2033474567905068,0.013662411831319332,0.09053518623113632,0.059344666893205424,0.0,0.0,0.3831022850258595,0.05033703704705772,0.23338598012924194,0.9485059296255194,1.7311498064366684,0.10736382007598877
ENSG00000108406.9,DHX40,0.19765767,0.19765767,-0.1635570526123047,False,,,,,,,,,,,,,,,,-0.1586230993270874
ENSG00000141367.11,CLTC,0.21614042,0.21614042,-0.023029088973999023,False,,,,,,,,,,,,,,,,-0.014448761940002441
ENSG00000062716.12,VMP1,0.028126316,0.10945686,0.04433465003967285,True,0.18920189707632798,2.1921498486765665,0.2452851330685705,7.635377105495674,0.17534441978981097,0.025514639914035797,0.17230993509292603,0.16165766142644655,0.0,0.0,0.4412042845145425,0.09077663376211298,0.483470618724823,1.4279729064954048,2.50857706306974,0.0690380334854126
ENSG00000146872.17,TLK2,0.102651834,0.102651834,-0.0849074125289917,False,,,,,,,,,,,,,,,,-0.08343243598937988
ENSG00000266402.3,SNHG25,1.8630672,1.8630672,-1.2500665187835693,False,,,,,,,,,,,,,,,,-1.2487211227416992
ENSG00000154229.11,PRKCA,0.41476834,0.41476834,-0.013915538787841797,False,,,,,,,,,,,,,,,,0.012860238552093506
ENSG00000154217.14,PITPNC1,0.019139135,0.08035994,0.017993688583374023,True,0.2618569106495612,4.715087237887125,0.5797642961223544,2.467429147672082,0.09996689289808275,0.01466516312211752,0.0693158432841301,0.09009184645601223,0.0,0.0,0.3573600285999353,0.05291207599268333,0.19933903217315674,1.8620413340374395,0.9021908145380207,0.0392383337020874
ENSG00000171634.16,BPTF,0.16694742,0.16694742,-0.10023832321166992,False,,,,,,,,,,,,,,,,-0.06637692451477051
ENSG00000172794.19,RAB37,0.19474427,0.19474427,-0.0093003511428833,False,,,,,,,,,,,,,,,,0.10992056131362915
ENSG00000125450.10,NUP85,0.34106487,0.34106487,-0.20486724376678467,False,,,,,,,,,,,,,,,,-0.20448648929595947
ENSG00000182173.12,TSEN54,0.038343355,0.12037467,0.051848530769348145,True,0.24800613375210978,4.011839060938013,0.43874017740127114,2.985521760275465,0.09153381854295733,0.015987873077392578,0.08252982795238495,0.16134331603159455,0.0,0.0,0.295692470921597,0.05245117695035971,0.21322742104530334,1.4676558552068102,1.1028842370064416,0.13371354341506958
ENSG00000161526.14,SAP30BP,0.03192001,0.03192001,-0.04269301891326904,False,,,,,,,,,,,,,,,,-0.011018991470336914
ENSG00000129657.14,SEC14L1,0.65236264,0.65236264,-0.08319950103759766,False,,,,,,,,,,,,,,,,-0.04500722885131836
ENSG00000184640.17,SEPT9,2.3409543,2.3409543,-0.7987290620803833,False,,,,,,,,,,,,,,,,-0.7930694818496704
ENSG00000089685.14,BIRC5,0.008532416,0.008532416,0.24480962753295898,False,,,,,,,,,,,,,,,,0.2466188669204712
ENSG00000173821.19,RNF213,0.11481445,0.11481445,-0.11264753341674805,False,,,,,,,,,,,,,,,,-0.003979206085205078
ENSG00000185298.12,CCDC137,0.14043151,0.14043151,-0.2270824909210205,False,,,,,,,,,,,,,,,,-0.03363239765167236
ENSG00000176845.12,METRNL,0.040551636,0.10120337,0.07553493976593018,True,0.1943664649838501,3.528784850969816,0.49205762929484387,2.6728980286841364,0.12111612841486931,0.017068685963749886,0.06658860296010971,0.09659955090046458,0.0,0.0,0.26137512041692246,0.05558516921889467,0.19743388891220093,1.725179424599745,1.092379312272959,0.11266535520553589
ENSG00000154845.15,PPP4R1,0.121879406,0.121879406,-0.035595059394836426,False,,,,,,,,,,,,,,,,-0.03224754333496094
ENSG00000154889.16,MPPE1,0.45830795,0.45830795,-0.3409847021102905,False,,,,,,,,,,,,,,,,-0.2934708595275879
ENSG00000067900.7,ROCK1,0.5443119,0.5443119,-0.2550152540206909,False,,,,,,,,,,,,,,,,-0.22245347499847412
ENSG00000141446.10,ESCO1,0.03968496,0.03968496,-0.06896984577178955,False,,,,,,,,,,,,,,,,-0.022106528282165527
ENSG00000152229.18,PSTPIP2,0.057884164,0.057884164,-0.03179311752319336,False,,,,,,,,,,,,,,,,-0.030496835708618164
ENSG00000196628.15,TCF4,0.1162632,0.15152939,0.5522424578666687,True,0.5888565019489779,3.2378543009658896,0.41307173929811286,4.355854934052748,0.18873558796942233,0.043836794793605804,0.25607287883758545,0.08416614145495632,0.0,0.0,0.476641592967745,0.1429816757889757,0.7655004262924194,1.0408578349047646,1.7182177085472783,0.5525776445865631
ENSG00000134440.11,NARS,0.119972154,0.119972154,-0.023888587951660156,False,,,,,,,,,,,,,,,,-0.011441469192504883
ENSG00000119541.9,VPS4B,0.16294087,0.16294087,-0.3004807233810425,False,,,,,,,,,,,,,,,,-0.020465612411499023
ENSG00000176225.13,RTTN,0.1370314,0.1370314,-0.12824153900146484,False,,,,,,,,,,,,,,,,-0.12696170806884766
ENSG00000197971.14,MBP,0.85747755,0.85747755,-0.5907790660858154,False,,,,,,,,,,,,,,,,-0.5907793045043945
ENSG00000101557.14,USP14,0.042988975,0.042988975,-0.0454944372177124,False,,,,,,,,,,,,,,,,-0.03295302391052246
ENSG00000176890.15,TYMS,0.0034438302,0.0034438302,0.06703197956085205,False,,,,,,,,,,,,,,,,0.06939882040023804
ENSG00000101596.14,SMCHD1,0.2176096,0.4707773,0.10512596368789673,True,0.13448596997986714,0.8157074442241521,0.2936445031097747,8.497451385962252,0.6314782308042048,0.062483567744493484,0.1171710342168808,0.21176023448022174,0.0,0.0,0.2674622732815026,0.18894623716385614,0.3577882647514343,1.2031274133783745,2.29889969788773,0.1577683687210083
ENSG00000177426.20,TGIF1,0.08034209,0.08034209,-0.06073784828186035,False,,,,,,,,,,,,,,,,-0.04707908630371094
ENSG00000263753.6,LINC00667,0.25745633,0.25745633,-0.2990548610687256,False,,,,,,,,,,,,,,,,-0.2971680164337158
ENSG00000168461.12,RAB31,0.02515997,0.056382995,0.29050320386886597,True,1.1484651647409596,10.19982784612175,0.665907812356324,2.5329896244172923,0.04734003139659763,0.03041342832148075,0.3035558760166168,0.09119352694714736,0.0,0.0,0.4557700450961276,0.10809866781135466,0.7983304262161255,1.6940734691182058,0.9319468055043849,0.3066512942314148
ENSG00000134265.12,NAPG,0.15961863,0.15961863,-0.11432945728302002,False,,,,,,,,,,,,,,,,-0.0923004150390625
ENSG00000168675.18,LDLRAD4,0.0343419,0.15659001,0.10678064823150635,True,0.11709798951115961,1.9139264971874366,0.3140714134538214,5.627491637061302,0.30588240068405864,0.01628011465072632,0.06737200915813446,5.712842401616551e-06,0.0,0.0,0.4473561066655981,0.05652666392534743,0.21052637696266174,1.7283812767124578,1.9562802306887324,0.1131029725074768
ENSG00000101654.17,RNMT,0.21485093,0.21485093,-0.1862870454788208,False,,,,,,,,,,,,,,,,-0.13482320308685303
ENSG00000101782.14,RIOK3,0.35802972,0.35802972,-0.1865231990814209,False,,,,,,,,,,,,,,,,-0.18574535846710205
ENSG00000141452.9,C18orf8,0.50232035,0.50232035,-0.41949188709259033,False,,,,,,,,,,,,,,,,-0.4190387725830078
ENSG00000168234.12,TTC39C,0.08641576,0.08641576,-0.1387934684753418,False,,,,,,,,,,,,,,,,-0.008521795272827148
ENSG00000166974.12,MAPRE2,0.06255137,0.06255137,-0.07353556156158447,False,,,,,,,,,,,,,,,,-0.016666889190673828
ENSG00000257267.3,ZNF271P,0.35528526,0.35528526,-0.1510998010635376,False,,,,,,,,,,,,,,,,-0.11536407470703125
ENSG00000134759.13,ELP2,0.11947529,0.11947529,-0.13805758953094482,False,,,,,,,,,,,,,,,,-0.12872254848480225
ENSG00000172175.12,MALT1,0.12893018,0.12893018,-0.1419919729232788,False,,,,,,,,,,,,,,,,-0.04098844528198242
ENSG00000141682.11,PMAIP1,0.008105135,0.008105135,-0.03458225727081299,False,,,,,,,,,,,,,,,,-0.023508906364440918
ENSG00000242550.5,SERPINB10,0.114930086,0.33059186,0.2183576226234436,True,0.10345708848674569,0.7656422441950447,0.42521354800581984,2.390649971844257,1.1988163497050601,0.04816168174147606,0.04757314175367355,3.3794969168842715e-26,0.0,0.0,0.18977410656936877,0.1415233653450656,0.13729307055473328,1.2433935580763755,1.1058277598790636,0.21905303001403809
ENSG00000075336.11,TIMM21,0.015169766,0.015169766,-0.009109973907470703,False,,,,,,,,,,,,,,,,-0.0013872385025024414
ENSG00000130856.15,ZNF236,0.14168689,0.14168689,-0.11427605152130127,False,,,,,,,,,,,,,,,,-0.1082465648651123
ENSG00000060069.16,CTDP1,0.12043775,0.12043775,-0.06537079811096191,False,,,,,,,,,,,,,,,,-0.02083408832550049
ENSG00000185198.11,PRSS57,0.001217767,0.001217767,0.06992954015731812,False,,,,,,,,,,,,,,,,0.06993430852890015
ENSG00000182087.12,TMEM259,0.5285736,0.5285736,-0.5709149837493896,False,,,,,,,,,,,,,,,,-0.5616675615310669
ENSG00000071564.14,TCF3,0.07199278,0.27528194,0.18274706602096558,True,0.08451814871233818,1.0796230523439092,0.2940859478061745,5.008735953342889,0.4977170464175719,0.0213447455316782,0.04997725784778595,6.128160838928188e-39,0.0,0.0,0.35552140575797647,0.07165470691679411,0.15045049786567688,1.4758651464303796,1.8941575566312034,0.19066894054412842
ENSG00000099875.14,MKNK2,0.2533805,0.2533805,-0.032407522201538086,False,,,,,,,,,,,,,,,,-0.023216962814331055
ENSG00000172081.13,MOB3A,0.19820395,0.19820395,-0.13800036907196045,False,,,,,,,,,,,,,,,,-0.05788731575012207
ENSG00000099800.7,TIMM13,0.012914205,0.043062985,0.06761503219604492,True,1.4649446131681254,17.573508953906106,0.6690161939138625,1.5286758690790163,0.035609774105250847,0.015840213745832443,0.24131903052330017,1.841456425064999e-19,0.0,0.0,0.49327209656243515,0.09002993984852381,0.7425429821014404,5.302607152279492,0.743062316952412,0.09693139791488647
ENSG00000176533.12,GNG7,0.021467717,0.039966125,0.07763326168060303,True,0.5482500222100322,8.842753477973796,0.519116699063609,1.9257277486182007,0.05504464711993933,0.015442939475178719,0.13256128132343292,0.0801269848814711,0.0,0.0,0.33722082041044327,0.04897325665003339,0.38630786538124084,0.9914462513591231,0.9245063152140798,0.1429760456085205
ENSG00000007264.14,MATK,0.004286224,0.004286224,0.00727689266204834,False,,,,,,,,,,,,,,,,0.007872223854064941
ENSG00000126934.13,MAP2K2,0.010147656,0.010147656,-0.015704631805419922,False,,,,,,,,,,,,,,,,0.0016418099403381348
ENSG00000104921.14,FCER2,0.04896805,0.07448153,0.391066312789917,True,0.85806771408289,8.958079222122363,0.5492361760177873,2.2699914673731882,0.05849702177569271,0.028492117300629616,0.23014035820960999,0.12949962626474343,0.0,0.0,0.4186091628961937,0.09705055768124993,0.5954402089118958,1.455520786786075,0.8587442956940583,0.42124122381210327
ENSG00000066044.14,ELAVL1,0.14389025,0.14389025,-0.13669264316558838,False,,,,,,,,,,,,,,,,-0.1145474910736084
ENSG00000167775.10,CD320,0.031067753,0.031067753,-0.03346395492553711,False,,,,,,,,,,,,,,,,-0.0076825618743896484
ENSG00000133246.11,PRAM1,0.023391442,0.07025427,0.06380277872085571,True,0.22920228130020273,2.7294013691830314,0.5403878177782607,3.654330250030933,0.15605381458997722,0.02534116432070732,0.07551011443138123,1.4480771885876653e-27,0.0,0.0,0.39949345701667,0.08386642480297547,0.24303337931632996,2.176258691434708,1.0036778193518163,0.10467278957366943
ENSG00000142347.16,MYO1F,0.23857051,0.7076618,0.1610407829284668,True,0.1625078280267683,0.792068640806898,0.4020004719109032,5.333132010447423,0.79356502532959,0.07787211984395981,0.09960141777992249,0.20426555558374493,0.0,0.0,0.35172147414475446,0.2186817878641705,0.2506176233291626,1.1155835443257263,1.5379116752867108,0.3211205005645752
ENSG00000105576.15,TNPO2,0.021521254,0.021521254,-0.015114188194274902,False,,,,,,,,,,,,,,,,-0.012448668479919434
ENSG00000167815.11,PRDX2,0.0045469403,0.0045469403,0.07843750715255737,False,,,,,,,,,,,,,,,,0.07849609851837158
ENSG00000105610.4,KLF1,0.005965957,0.005965957,0.33798980712890625,False,,,,,,,,,,,,,,,,0.3380012512207031
ENSG00000267458.1,AC092069.1,3.8637848,3.8637848,-0.12504029273986816,False,,,,,,,,,,,,,,,,-0.12487649917602539
ENSG00000104903.4,LYL1,0.0016587531,0.0016587531,-0.0008710622787475586,False,,,,,,,,,,,,,,,,0.0015431642532348633
ENSG00000104907.12,TRMT1,0.15096301,0.15096301,-0.092093825340271,False,,,,,,,,,,,,,,,,-0.07541263103485107
ENSG00000132002.7,DNAJB1,0.019092891,0.019092891,-0.11986517906188965,False,,,,,,,,,,,,,,,,0.007922887802124023
ENSG00000141867.17,BRD4,0.069471486,0.069471486,-0.19061481952667236,False,,,,,,,,,,,,,,,,-0.0074346065521240234
ENSG00000127527.13,EPS15L1,0.20320378,0.20320378,-0.13365638256072998,False,,,,,,,,,,,,,,,,-0.08407533168792725
ENSG00000130522.5,JUND,0.044784494,0.09401523,0.2676406502723694,True,1.835906701852761,8.384172137091461,0.6178121909710467,3.368788208283126,0.046995739862322805,0.0481102280318737,0.48370516300201416,0.16207822333489955,0.0,0.0,0.4878280282772422,0.181405266792499,1.3503515720367432,1.6875300021233608,1.1420729365315834,0.3814292550086975
ENSG00000167604.14,NFKBID,0.4194954,1.3832135,0.2427498698234558,True,0.06325360202397097,0.3332184072416851,0.3523679411856653,5.4232426966902825,2.9207471957802777,0.07327430695295334,0.03819575160741806,0.17426677494504023,0.0,0.0,0.18314304218849214,0.2072546202863412,0.11623216420412064,1.0320052028312987,1.4153657426605095,0.2607191801071167
ENSG00000011600.11,TYROBP,0.007021181,0.007021181,0.12809497117996216,False,,,,,,,,,,,,,,,,0.34720873832702637
ENSG00000105258.8,POLR2I,0.13243273,0.13243273,-0.0558321475982666,False,,,,,,,,,,,,,,,,0.0376511812210083
ENSG00000167641.10,PPP1R14A,0.15634473,0.39489615,0.44122767448425293,True,0.15963509756534996,1.1986489420785278,0.3875408496887053,5.5249383192494435,0.5553694935308562,0.03750993311405182,0.0761706754565239,5.622082206373009e-37,0.0,0.0,0.4231059335186711,0.13294977572340905,0.2493012547492981,1.756765852607386,1.6941408850489856,0.4416569471359253
ENSG00000104814.12,MAP4K1,0.08864226,0.08864226,-0.08533000946044922,False,,,,,,,,,,,,,,,,-0.023744940757751465
ENSG00000104824.16,HNRNPL,0.20125605,0.20125605,-0.16036701202392578,False,,,,,,,,,,,,,,,,-0.16018283367156982
ENSG00000187994.13,RINL,0.15841296,0.15841296,-0.07677984237670898,False,,,,,,,,,,,,,,,,-0.057335853576660156
ENSG00000068903.19,SIRT2,0.23781501,0.23781501,-0.06265902519226074,False,,,,,,,,,,,,,,,,-0.0010263919830322266
ENSG00000105205.6,CLC,0.0017251067,0.0017251067,0.5250653028488159,False,,,,,,,,,,,,,,,,0.5250653028488159
ENSG00000167565.12,SERTAD3,0.06443129,0.17692257,0.025705039501190186,True,0.05395284770393584,0.9751528265061165,0.2612563876558679,5.16453506468761,0.49272089004516617,0.019138753414154053,0.03942563757300377,0.038060257092954825,0.0,0.0,0.323547866637006,0.07546280580982058,0.11013682931661606,1.8139936831698802,1.9012309366371363,0.02609628438949585
ENSG00000090013.9,BLVRB,0.004749023,0.004749023,0.27691829204559326,False,,,,,,,,,,,,,,,,0.27713334560394287
ENSG00000105329.9,TGFB1,0.21138878,0.21138878,-0.2197132110595703,False,,,,,,,,,,,,,,,,-0.08318328857421875
ENSG00000123810.7,B9D2,0.12437097,0.12437097,-0.10658478736877441,False,,,,,,,,,,,,,,,,-0.09087157249450684
ENSG00000105404.10,RABAC1,0.92772603,0.92772603,-0.22722554206848145,False,,,,,,,,,,,,,,,,-0.22407257556915283
ENSG00000028277.21,POU2F2,0.022732677,0.022732677,0.0031317472457885742,False,,,,,,,,,,,,,,,,0.055651068687438965
ENSG00000079435.9,LIPE,0.34992692,0.34992692,-0.14599812030792236,False,,,,,,,,,,,,,,,,-0.1430511474609375
ENSG00000011422.11,PLAUR,0.40503603,2.025521,0.37288784980773926,True,0.06637249387667382,0.27574547114073805,0.30616368948606637,4.049745373587612,3.7883696508407594,0.09716687351465225,0.03635707497596741,0.1878938032579022,0.0,0.0,0.09457601566267759,0.26588706280529095,0.11057764291763306,0.8508595553807914,1.35694531515613,0.37319231033325195
ENSG00000125755.18,SYMPK,0.079764366,0.079764366,-0.2087031602859497,False,,,,,,,,,,,,,,,,-0.2084113359451294
ENSG00000105483.17,CARD8,0.3991558,0.3991558,-0.2277355194091797,False,,,,,,,,,,,,,,,,-0.20197558403015137
ENSG00000063180.8,CA11,0.20363368,0.20363368,-0.11605894565582275,False,,,,,,,,,,,,,,,,-0.104209303855896
ENSG00000131401.11,NAPSB,0.02274232,0.038673397,0.21835225820541382,True,0.9122360738690842,11.385893577557413,0.44094795822232274,2.6556210047152273,0.07435775838792325,0.016242582350969315,0.2943456172943115,9.106937978772114e-34,0.0,0.0,0.48605214055991974,0.05555429047206317,0.788206934928894,1.0588558698053174,1.3642330080966922,0.22805142402648926
ENSG00000105374.9,NKG7,0.031455178,0.033366855,0.8602267801761627,True,45.03984601433275,56.24502065645159,2.3430226252520234,8.973812918384485,0.01886009154841304,0.20945225656032562,6.4134721755981445,0.5904104515032352,0.0,0.0,0.49615584345953606,0.5289500234967903,11.29296875,0.13988991909989548,0.5184833582566734,0.8741859793663025
ENSG00000171051.8,FPR1,0.012554474,0.030578203,0.06989681720733643,True,0.517935050296127,6.277450248661288,0.5182952186167513,1.816539417773857,0.09382500708103178,0.023675477132201195,0.11922901123762131,2.9261653273992194e-19,0.0,0.0,0.463754183366309,0.07905634923237415,0.30126768350601196,2.509791488536404,0.7621202819557448,0.09461480379104614
ENSG00000189190.9,ZNF600,0.22726877,0.22726877,-0.060608506202697754,False,,,,,,,,,,,,,,,,-0.04300105571746826
ENSG00000187116.13,LILRA5,0.0045785345,0.028720839,0.11962473392486572,True,0.9365685442893769,11.344066140082386,0.7083289949388023,2.009134481750967,0.041928151353365854,0.018091809004545212,0.2303706556558609,1.0682976920947197e-38,0.0,0.0,0.4437720684850236,0.0671641188678418,0.5642881393432617,1.6533822683435841,1.0319522222515338,0.14159387350082397
ENSG00000167613.15,LAIR1,0.0388517,0.0388517,-0.009046196937561035,False,,,,,,,,,,,,,,,,0.047614872455596924
ENSG00000283103.1,AC010642.2,0.15744138,0.15744138,-0.06701362133026123,False,,,,,,,,,,,,,,,,0.0036523938179016113
ENSG00000197540.7,GZMM,0.024758095,0.04294722,0.19296354055404663,True,1.94578852387059,20.112120217312707,0.8315209834155436,2.7082016097310904,0.026961778784170748,0.021290507167577744,0.4560258388519287,0.24570952361317944,0.0,0.0,0.4641504400819354,0.06830270817574922,1.0625603199005127,0.5932887062943601,1.0142763573371518,0.33716559410095215
ENSG00000172232.9,AZU1,0.0076020905,0.023703134,0.5756296515464783,True,11.717373783373189,30.153120923340182,0.7129371387886031,19.378301124050132,0.039779964834451675,0.10513841360807419,3.083498954772949,7.037085619695706e-19,0.0,0.0,0.4991723905427154,0.2731287740294377,13.56013298034668,0.7366808494771135,1.0212673224212463,0.5756308436393738
ENSG00000196415.9,PRTN3,0.009851707,0.009851707,0.7187127470970154,False,,,,,,,,,,,,,,,,0.7187126874923706
ENSG00000197561.6,ELANE,0.0077023264,0.0077023264,0.6510689556598663,False,,,,,,,,,,,,,,,,0.6510690152645111
ENSG00000197766.7,CFD,0.010175886,0.01681503,0.06288886070251465,True,3.314218646827494,48.8532131014821,0.36385551868252053,0.8148788527332573,0.04996610991656779,0.03436587378382683,0.6018106937408447,8.75728813749903e-34,0.0,0.0,0.48933210598557286,0.10893532477859577,1.862964153289795,2.4643183568240246,0.37190111726010766,0.13686025142669678
ENSG00000116017.10,ARID3A,0.015468,0.078843646,0.02200216054916382,True,0.25081066450086675,3.84756543649585,0.33333061561473115,2.0051639149402343,0.19358943477272983,0.016808567568659782,0.0683753564953804,1.8697857638397213e-07,0.0,0.0,0.4321044940776844,0.06749239397465699,0.19406923651695251,1.8789491151392923,0.9515364029588453,0.04433685541152954
ENSG00000064687.12,ABCA7,0.1712058,0.1712058,-0.10952210426330566,False,,,,,,,,,,,,,,,,-0.10882019996643066
ENSG00000180448.10,ARHGAP45,0.021108398,0.021108398,-0.08285784721374512,False,,,,,,,,,,,,,,,,0.00246429443359375
ENSG00000167470.12,MIDN,0.0106228,0.048629835,0.054698944091796875,True,0.47790268904046346,5.679140073929614,0.424882658166003,2.3223764371064197,0.08364847607910633,0.02752009406685829,0.15545105934143066,2.5926000839778863e-59,0.0,0.0,0.4348513288746998,0.08975582062270249,0.4521934688091278,2.095139043665204,0.9448976898202022,0.09771794080734253
ENSG00000228300.13,C19orf24,0.0075147543,0.0075147543,-0.1105954647064209,False,,,,,,,,,,,,,,,,-0.0010262727737426758
ENSG00000115286.19,NDUFS7,0.37511396,0.37511396,-0.03919720649719238,False,,,,,,,,,,,,,,,,0.07424795627593994
ENSG00000104904.12,OAZ1,0.017056921,0.017056921,-0.028212308883666992,False,,,,,,,,,,,,,,,,0.09822946786880493
ENSG00000099860.8,GADD45B,0.07433874,0.07433874,-0.3908209800720215,False,,,,,,,,,,,,,,,,0.010585427284240723
ENSG00000167674.14,HDGFL2,0.033930667,0.033930667,-0.01906740665435791,False,,,,,,,,,,,,,,,,-0.01821577548980713
ENSG00000160633.12,SAFB,0.12394974,0.12394974,-0.3163338899612427,False,,,,,,,,,,,,,,,,-0.06451559066772461
ENSG00000229833.9,PET100,0.1263971,0.1263971,-0.3566317558288574,False,,,,,,,,,,,,,,,,-0.3566291332244873
ENSG00000076944.15,STXBP2,0.07793584,0.105673656,0.44624876976013184,True,1.8461082723092603,6.732555114607919,0.4771111947806455,2.631067169523008,0.05784445239230991,0.06855445355176926,0.5599842071533203,0.18299235368297456,0.0,0.0,0.4849201997161809,0.22070120682937946,1.223593831062317,1.2909261819608502,1.039952187017062,0.4561629891395569
ENSG00000104918.7,RETN,0.030229786,0.036517993,0.5625175535678864,True,6.369217900244397,25.68312367948812,1.1234998444042514,3.2342069701311917,0.023752928143367172,0.0700400173664093,1.3932559490203857,0.009620295529063998,0.0,0.0,0.491085314772777,0.21257011347216453,3.449335813522339,0.9364444856613164,0.7376451942512097,0.5650582909584045
ENSG00000127445.13,PIN1,3.7326035,3.7326035,-1.0587544441223145,False,,,,,,,,,,,,,,,,-1.0579617023468018
ENSG00000130813.17,C19orf66,0.023916587,0.023916587,-0.02773153781890869,False,,,,,,,,,,,,,,,,-0.009819626808166504
ENSG00000130734.9,ATG4D,0.07766559,0.07766559,-0.10383760929107666,False,,,,,,,,,,,,,,,,-0.03001117706298828
ENSG00000183401.11,CCDC159,0.38395065,0.38395065,-0.16289842128753662,False,,,,,,,,,,,,,,,,-0.15673387050628662
ENSG00000179218.13,CALR,0.58113617,0.78646386,0.4631583094596863,True,0.18845949847545468,0.5044447982311078,0.34532774583883197,10.74130452196076,1.0817982192337512,0.12762494385242462,0.15897105634212494,0.17679989952791492,0.0,0.0,0.43512484468719487,0.4542315364597016,0.538372278213501,1.5458814563487833,2.1958879175947468,0.5605401396751404
ENSG00000160888.6,IER2,0.013504067,0.013504067,-0.15543341636657715,False,,,,,,,,,,,,,,,,0.009041845798492432
ENSG00000132017.10,DCAF15,0.20417812,0.20417812,-0.1461561918258667,False,,,,,,,,,,,,,,,,-0.13982820510864258
ENSG00000123146.19,ADGRE5,0.25845394,0.6046642,0.027847647666931152,True,0.1273364314895207,0.7052922933162353,0.27999804123694894,6.057306714375934,0.8822593843440214,0.06326315551996231,0.09076765179634094,0.16859632769891572,0.0,0.0,0.3770934548920321,0.20021716457309677,0.2665383815765381,1.5657006604951003,1.937411126229445,0.0982367992401123
ENSG00000123143.12,PKN1,0.14657007,0.14657007,-0.04712879657745361,False,,,,,,,,,,,,,,,,-0.04700660705566406
ENSG00000167460.14,TPM4,0.14562282,0.27278835,0.6927941143512726,True,0.22393115811967376,2.5715920878031504,0.532293586100144,3.219933568142719,0.1540770564973354,0.02423333190381527,0.07313548028469086,0.10887814893351758,0.0,0.0,0.41022387528616777,0.10283402967720791,0.2228519767522812,2.2048111091179123,1.1328837551140385,0.7065611183643341
ENSG00000196684.12,HSH2D,0.22328532,0.7564811,0.05229628086090088,True,0.041874114420741924,0.4378087594094778,0.24235912724277756,6.2229759301812315,1.384642395079136,0.03716408461332321,0.03616717457771301,0.14150724521516136,0.0,0.0,0.1637245094887591,0.11591709903634674,0.11732126772403717,1.802929446725275,2.3061885454273865,0.06647461652755737
ENSG00000105058.11,FAM32A,0.052529875,0.052529875,-0.16068530082702637,False,,,,,,,,,,,,,,,,-0.03219199180603027
ENSG00000127528.5,KLF2,0.022254938,0.022254938,-0.14882004261016846,False,,,,,,,,,,,,,,,,-0.05768418312072754
ENSG00000099330.8,OCEL1,0.64746416,0.64746416,-0.27966737747192383,False,,,,,,,,,,,,,,,,-0.27539491653442383
ENSG00000130311.10,DDA1,0.7114517,0.7114517,-0.5010428428649902,False,,,,,,,,,,,,,,,,-0.5008938312530518
ENSG00000130299.16,GTPBP3,0.09023105,0.09023105,-0.060124993324279785,False,,,,,,,,,,,,,,,,-0.04449772834777832
ENSG00000167483.17,FAM129C,0.15744826,0.20502734,0.5191068947315216,True,0.4177992055924393,2.3818623795408556,0.4081619480233687,4.463681774930788,0.2974291529920366,0.04574768245220184,0.18542692065238953,0.08869640373355536,0.0,0.0,0.4678769790538472,0.13576314689625235,0.681428074836731,0.9424401275395116,1.5644805978295093,0.5191605985164642
ENSG00000130309.10,COLGALT1,0.06054966,0.06054966,-0.04076242446899414,False,,,,,,,,,,,,,,,,-0.0355687141418457
ENSG00000105640.12,RPL18A,0.0025297124,0.0025297124,-0.26935577392578125,False,,,,,,,,,,,,,,,,0.004837334156036377
ENSG00000181896.11,ZNF101,0.12317988,0.12317988,-0.10448729991912842,False,,,,,,,,,,,,,,,,0.0008720159530639648
ENSG00000196705.8,ZNF431,1.0227438,1.0227438,-0.6547095775604248,False,,,,,,,,,,,,,,,,-0.6503759622573853
ENSG00000105176.17,URI1,0.41177973,0.41177973,-0.306225061416626,False,,,,,,,,,,,,,,,,-0.3062164783477783
ENSG00000012124.16,CD22,0.08141565,0.14894821,0.11799776554107666,True,0.18832022201537188,2.2463827728411445,0.3973980968157839,3.556480983868106,0.4213386654853821,0.03076654113829136,0.11500796675682068,0.1437386768817698,0.0,0.0,0.30272721100828237,0.09111678392790167,0.2638944685459137,0.9801769078047503,1.4976418970916896,0.12068367004394531
ENSG00000126264.9,HCST,0.024679394,0.035300978,0.24696356058120728,True,4.656899491892327,30.961708213270036,0.9292188024957546,2.668707831735704,0.01831770792603493,0.03753822296857834,0.9682876467704773,0.23967183581646131,0.0,0.0,0.48251163419519283,0.11873287235681573,3.047424793243408,0.8943769016740573,0.7934443498792456,0.3387402296066284
ENSG00000130402.11,ACTN4,0.44057134,0.44057134,-0.0016646385192871094,False,,,,,,,,,,,,,,,,0.024027526378631592
ENSG00000063322.13,MED29,0.24352425,0.24352425,-0.15761446952819824,False,,,,,,,,,,,,,,,,-0.15646111965179443
ENSG00000128016.5,ZFP36,0.12010637,0.12010637,-0.6434561014175415,False,,,,,,,,,,,,,,,,0.07348459959030151
ENSG00000196235.13,SUPT5H,0.2784652,0.2784652,-0.2874748706817627,False,,,,,,,,,,,,,,,,-0.23783397674560547
ENSG00000142046.14,TMEM91,0.21033192,1.2045763,0.11864286661148071,True,0.024940312029068223,0.23573666266494434,0.23900375055564552,7.245043215218187,2.0566358435153957,0.038682855665683746,0.021379338577389717,1.0293157258543393e-18,0.0,0.0,0.4318609950669731,0.17036045520862775,0.1004096046090126,4.969621247501054,2.432409566410982,0.12942636013031006
ENSG00000105369.9,CD79A,0.00096846686,0.00096846686,-0.0003464221954345703,False,,,,,,,,,,,,,,,,0.018079757690429688
ENSG00000213904.8,LIPE-AS1,0.64835703,0.64835703,-0.05961573123931885,False,,,,,,,,,,,,,,,,-0.04464542865753174
ENSG00000130208.9,APOC1,0.004577775,0.004577775,0.20250266790390015,False,,,,,,,,,,,,,,,,0.20254456996917725
ENSG00000104856.13,RELB,0.13693914,0.13693914,0.0042449235916137695,False,,,,,,,,,,,,,,,,0.013034701347351074
ENSG00000104859.14,CLASRP,0.29817972,0.29817972,-0.2283724546432495,False,,,,,,,,,,,,,,,,-0.227752685546875
ENSG00000125740.13,FOSB,0.02704782,0.02704782,-0.11778402328491211,False,,,,,,,,,,,,,,,,-0.08320391178131104
ENSG00000213889.10,PPM1N,0.15972558,0.15972558,-0.10797286033630371,False,,,,,,,,,,,,,,,,-0.09429788589477539
ENSG00000125753.13,VASP,0.030078439,0.030078439,-0.0654066801071167,False,,,,,,,,,,,,,,,,0.006262362003326416
ENSG00000197405.7,C5AR1,0.044355825,0.074808456,0.2346111536026001,True,0.5707304686340265,6.4352201815119505,0.3995821334228059,1.8085195211214489,0.09480374850332737,0.02988795004785061,0.14896094799041748,0.031122814515364205,0.0,0.0,0.37096737475693986,0.09616671913822206,0.4071831703186035,1.7346619403086518,0.6970363149090916,0.24397146701812744
ENSG00000178980.14,SELENOW,0.50059134,0.50059134,-0.1497403383255005,False,,,,,,,,,,,,,,,,-0.14663934707641602
ENSG00000087088.19,BAX,0.5342679,0.5342679,-0.11385214328765869,False,,,,,,,,,,,,,,,,-0.0898430347442627
ENSG00000087086.14,FTL,0.0023927325,0.0023927325,0.17418408393859863,False,,,,,,,,,,,,,,,,0.3614574074745178
ENSG00000104894.11,CD37,0.033100694,0.043559976,0.44403713941574097,True,6.5976558681674815,34.235779818210105,1.3606940855667222,6.266826893760224,0.017947777323424816,0.052040744572877884,1.3700443506240845,0.35188525636130735,0.0,0.0,0.4922947310560115,0.15630808524267795,4.045344352722168,0.37098304974503876,0.7323549449419637,0.6192925274372101
ENSG00000104870.12,FCGRT,0.04606664,0.04606664,-0.080483078956604,False,,,,,,,,,,,,,,,,0.130590558052063
ENSG00000104973.16,MED25,1.0577954,1.0577954,-0.26402759552001953,False,,,,,,,,,,,,,,,,-0.22570264339447021
ENSG00000131408.13,NR1H2,0.1091712,0.1091712,-0.19069123268127441,False,,,,,,,,,,,,,,,,-0.05614304542541504
ENSG00000161671.16,EMC10,0.12776773,0.12776773,-0.264384388923645,False,,,,,,,,,,,,,,,,-0.05707716941833496
ENSG00000105472.12,CLEC11A,0.107138865,0.107540086,0.6097898185253143,True,1.4169965078463402,8.167737961195002,0.8436719364555889,3.9668107879273657,0.058859065444105206,0.0382729172706604,0.32476213574409485,0.013963662007228988,0.0,0.0,0.4827528712530591,0.12127858783278714,1.046785831451416,0.6928789199879442,0.9551140045062997,0.6124387681484222
ENSG00000221923.8,ZNF880,0.648816,0.648816,-0.44827771186828613,False,,,,,,,,,,,,,,,,-0.4440438747406006
ENSG00000130844.16,ZNF331,0.33696413,0.33696413,-0.09803009033203125,False,,,,,,,,,,,,,,,,-0.09497213363647461
ENSG00000179820.15,MYADM,0.12794219,0.12794219,-0.12372756004333496,False,,,,,,,,,,,,,,,,0.06435269117355347
ENSG00000167615.16,LENG8,0.58851177,0.58851177,-0.10575270652770996,False,,,,,,,,,,,,,,,,-0.0979146957397461
ENSG00000167618.9,LAIR2,0.019041426,0.045642864,0.12822210788726807,True,0.48410653120967667,9.431715945532458,0.7211896458723626,2.330079852165827,0.06387980544939638,0.014258936047554016,0.128906711935997,8.973085649550778e-22,0.0,0.0,0.3645763448284659,0.04838292652734567,0.33332860469818115,1.2327448079833503,0.8626610719042547,0.14857733249664307
ENSG00000151694.12,ADAM17,0.23223802,0.23223802,-0.08168911933898926,False,,,,,,,,,,,,,,,,-0.03410375118255615
ENSG00000134318.13,ROCK2,0.07938434,0.07938434,-0.05026829242706299,False,,,,,,,,,,,,,,,,-0.0462491512298584
ENSG00000197872.11,FAM49A,0.025816225,0.06966218,0.06385934352874756,True,0.2734245758116704,3.9778947074421485,0.5156911900655927,2.2607706978841935,0.10827163461595776,0.017332181334495544,0.0756380558013916,7.414504935687995e-42,0.0,0.0,0.3826750444415963,0.061707979430705606,0.1926065981388092,1.8362671910523454,0.9403445806124757,0.0785408616065979
ENSG00000055917.15,PUM2,0.14462842,0.14462842,-0.12956535816192627,False,,,,,,,,,,,,,,,,-0.12798845767974854
ENSG00000119778.14,ATAD2B,0.26448867,0.26448867,-0.10403573513031006,False,,,,,,,,,,,,,,,,-0.09726011753082275
ENSG00000198399.14,ITSN2,0.28857973,0.28857973,-0.191389799118042,False,,,,,,,,,,,,,,,,-0.14321017265319824
ENSG00000119772.16,DNMT3A,0.20675786,0.20675786,-0.1561814546585083,False,,,,,,,,,,,,,,,,-0.1273106336593628
ENSG00000138074.14,SLC5A6,0.5927994,0.5927994,-0.2815898656845093,False,,,,,,,,,,,,,,,,-0.22398602962493896
ENSG00000055332.16,EIF2AK2,0.12929572,0.12929572,-0.18020915985107422,False,,,,,,,,,,,,,,,,-0.052014946937561035
ENSG00000115825.9,PRKD3,0.61713254,0.61713254,-0.3159217834472656,False,,,,,,,,,,,,,,,,-0.28612959384918213
ENSG00000143889.15,HNRNPLL,0.13780338,0.13780338,-0.12328505516052246,False,,,,,,,,,,,,,,,,-0.020070195198059082
ENSG00000138078.15,PREPL,1.2741781,1.2741781,-0.7513140439987183,False,,,,,,,,,,,,,,,,-0.7497957944869995
ENSG00000068878.14,PSME4,0.5197251,0.5197251,-0.24785184860229492,False,,,,,,,,,,,,,,,,-0.24717164039611816
ENSG00000119866.20,BCL11A,0.03411761,0.09777575,0.16492950916290283,True,0.4094659383226916,4.529966143183131,0.3554175136690204,4.444749748319649,0.20277314136425653,0.0249884445220232,0.1437724232673645,1.770231569903622e-56,0.0,0.0,0.4564329145362876,0.07561791861061806,0.43960630893707275,1.8397894826845635,1.2066046999434756,0.20079869031906128
ENSG00000197329.11,PELI1,0.27455565,0.5177169,0.15349745750427246,True,0.08250174088016887,0.7687610118576857,0.3328415448308944,6.182061047497924,0.7992043121655783,0.038634445518255234,0.057243965566158295,0.15815624213792953,0.0,0.0,0.28464272082186215,0.12663934150805292,0.17763200402259827,1.7617739489778186,1.9273636920902262,0.1697872281074524
ENSG00000115977.18,AAK1,0.30088723,0.30088723,-0.023051023483276367,False,,,,,,,,,,,,,,,,-0.022093772888183594
ENSG00000114978.17,MOB1A,0.018257063,0.018257063,-0.12911713123321533,False,,,,,,,,,,,,,,,,-0.0073937177658081055
ENSG00000115275.11,MOGS,0.12907617,0.12907617,-0.11501061916351318,False,,,,,,,,,,,,,,,,-0.07131552696228027
ENSG00000152291.13,TGOLN2,0.09945191,0.09945191,-0.20708060264587402,False,,,,,,,,,,,,,,,,-0.15758812427520752
ENSG00000042493.15,CAPG,0.019372137,0.04540252,0.17813801765441895,True,1.2573787679612205,13.631230323702253,0.8022856285007894,2.462847512838011,0.03603139629587531,0.021493535488843918,0.28185683488845825,0.14175277282476795,0.0,0.0,0.4562827522875477,0.07412752041105719,0.641914963722229,1.1815033454353847,0.9162128314513973,0.23373675346374512
ENSG00000115525.17,ST3GAL5,0.27428532,0.27428532,-0.08321952819824219,False,,,,,,,,,,,,,,,,-0.05106651782989502
ENSG00000153563.15,CD8A,0.018769322,0.030117778,0.2011510729789734,True,1.5313464491036333,19.10160400512855,0.7506517442122743,2.6515837607628714,0.025468189716339115,0.016828998923301697,0.3816033601760864,0.15288100820138018,0.0,0.0,0.4554801524025301,0.056804109102586146,0.9230680465698242,0.702262972865257,1.130563065275947,0.260995090007782
ENSG00000172071.11,EIF2AK3,0.43625587,0.43625587,-0.06864428520202637,False,,,,,,,,,,,,,,,,-0.032526612281799316
ENSG00000174501.14,ANKRD36C,0.1258796,0.1258796,-0.05826926231384277,False,,,,,,,,,,,,,,,,-0.057895660400390625
ENSG00000158050.4,DUSP2,0.0018272278,0.0018272278,0.01584756374359131,False,,,,,,,,,,,,,,,,0.023410499095916748
ENSG00000168754.14,FAM178B,0.009279493,0.009279493,0.22370320558547974,False,,,,,,,,,,,,,,,,0.2237035632133484
ENSG00000075568.16,TMEM131,0.084909745,0.084909745,-0.066245436668396,False,,,,,,,,,,,,,,,,-0.04817402362823486
ENSG00000071073.12,MGAT4A,0.6442051,0.6442051,-0.06161606311798096,False,,,,,,,,,,,,,,,,-0.054546236991882324
ENSG00000144218.18,AFF3,0.048548236,0.104394205,0.35252952575683594,True,0.44699259652199885,4.365251652668389,0.4060856220099769,2.968949467172453,0.14921656747659046,0.023384414613246918,0.16193841397762299,0.01155065866674058,0.0,0.0,0.44778018254853963,0.07531827228871359,0.5435330867767334,0.8823582308636331,1.467584674162834,0.3654109835624695
ENSG00000163162.8,RNF149,0.3153226,0.3153226,-0.13010239601135254,False,,,,,,,,,,,,,,,,-0.10519170761108398
ENSG00000115652.14,UXS1,0.11290017,0.11290017,-0.1472376585006714,False,,,,,,,,,,,,,,,,-0.024853944778442383
ENSG00000172965.14,MIR4435-2HG,0.10530033,0.10530033,-0.04480302333831787,False,,,,,,,,,,,,,,,,-0.041240692138671875
ENSG00000125538.11,IL1B,0.14657791,0.38436356,0.4610549807548523,True,0.33375059983871463,1.8034429134202772,0.40531818837567185,3.8200617530524044,0.730699207931757,0.07338228821754456,0.15290085971355438,0.18744203064214823,0.0,0.0,0.3576571700481982,0.1934924443274326,0.44783759117126465,0.8805017047862893,1.1278487124824768,0.46747636795043945
ENSG00000169967.16,MAP3K2,0.08870426,0.08870426,-0.07602357864379883,False,,,,,,,,,,,,,,,,-0.06841635704040527
ENSG00000121966.6,CXCR4,0.0059144604,0.0059144604,-0.10223269462585449,False,,,,,,,,,,,,,,,,-0.012968778610229492
ENSG00000169554.18,ZEB2,2.2509158,2.2509158,0.0010342001914978027,False,,,,,,,,,,,,,,,,0.0010852217674255371
ENSG00000153234.13,NR4A2,0.14760512,0.22631454,0.3735566735267639,True,0.22074738417555145,1.7204768019221126,0.3639050270352367,8.447401077013097,0.30902819467087583,0.040578246116638184,0.15549197793006897,0.1848985765556502,0.0,0.0,0.4262504681976641,0.12670051487035572,0.5000913143157959,1.3628580033075957,2.004510839951386,0.38677096366882324
ENSG00000115165.9,CYTIP,0.113699034,0.113699034,-0.14875221252441406,False,,,,,,,,,,,,,,,,-0.043002963066101074
ENSG00000123636.17,BAZ2B,0.15043364,0.15043364,-0.07458245754241943,False,,,,,,,,,,,,,,,,-0.03381526470184326
ENSG00000153250.19,RBMS1,0.13835168,0.13835168,-0.25746583938598633,False,,,,,,,,,,,,,,,,-0.047573089599609375
ENSG00000115339.13,GALNT3,0.25487742,0.25487742,-0.03622162342071533,False,,,,,,,,,,,,,,,,-0.030336499214172363
ENSG00000123607.14,TTC21B,0.2566856,0.2566856,-0.13468384742736816,False,,,,,,,,,,,,,,,,-0.12825250625610352
ENSG00000138399.17,FASTKD1,0.07785094,0.07785094,-0.04709327220916748,False,,,,,,,,,,,,,,,,-0.04356348514556885
ENSG00000198586.13,TLK1,0.060060672,0.060060672,-0.13264977931976318,False,,,,,,,,,,,,,,,,-0.1017221212387085
ENSG00000123600.19,METTL8,0.11066482,0.11066482,-0.016841888427734375,False,,,,,,,,,,,,,,,,-0.00592350959777832
ENSG00000138433.15,CIR1,0.11646959,0.11646959,-0.0809105634689331,False,,,,,,,,,,,,,,,,-0.014294147491455078
ENSG00000163328.13,GPR155,0.11378464,0.11378464,-0.08104801177978516,False,,,,,,,,,,,,,,,,-0.02728736400604248
ENSG00000115935.17,WIPF1,0.09713007,0.09713007,-0.1294337511062622,False,,,,,,,,,,,,,,,,-0.09208333492279053
ENSG00000283839.1,AC096667.1,0.044418897,0.12472348,0.09050852060317993,True,0.1814111186294164,2.2490466308406787,0.5611952102417227,2.0187121720089642,0.26314816027879706,0.030190393328666687,0.05420885607600212,4.184239457722816e-19,0.0,0.0,0.472479686951045,0.14674198723414023,0.14575320482254028,4.9740041974200455,0.7983678128351792,0.09078401327133179
ENSG00000138449.10,SLC40A1,0.00924693,0.014350284,0.04782569408416748,True,0.15386959224838986,4.576950805713452,0.32134285505504534,3.164975835456786,0.10103787817060947,0.009485176764428616,0.07392847537994385,5.109234593163133e-29,0.0,0.0,0.3651871669527796,0.03442403698479435,0.2139386236667633,1.1422072774365077,1.4596317469194953,0.050723493099212646
ENSG00000128699.13,ORMDL1,0.07831718,0.07831718,-0.3309739828109741,False,,,,,,,,,,,,,,,,-0.020771265029907227
ENSG00000138378.17,STAT4,0.43832386,1.1074561,0.10004162788391113,True,0.04399983876348412,0.40288496225203724,0.2621838812482104,6.113673232096372,1.867246153950691,0.04172150045633316,0.030108362436294556,0.20707649360756653,0.0,0.0,0.08500577566614714,0.12112898421468896,0.09388419985771179,1.0519347039690345,1.8807688967310126,0.10268783569335938
ENSG00000168497.4,CAVIN2,0.0106767025,0.011926786,0.826821431517601,True,37.68918825981267,122.7522892215819,1.7961737678280387,7.298917909326221,0.020374380284920335,0.13348564505577087,9.49988079071045,4.135748000882077e-09,0.0,0.0,0.49638639227199444,0.2814678252628511,19.602460861206055,0.01880185631768083,0.5797676685625701,0.826821580529213
ENSG00000081320.10,STK17B,0.12759724,0.12759724,-0.24085748195648193,False,,,,,,,,,,,,,,,,0.00786811113357544
ENSG00000065413.18,ANKRD44,0.66355234,0.66355234,-0.3003692626953125,False,,,,,,,,,,,,,,,,-0.28271961212158203
ENSG00000115524.15,SF3B1,0.13597918,0.13597918,-0.33461856842041016,False,,,,,,,,,,,,,,,,-0.08797430992126465
ENSG00000144381.16,HSPD1,0.05045498,0.040384978,0.08929568529129028,True,0.5202600018435365,5.564373654681348,0.25767640446286316,8.68725801581368,0.07161868887022141,0.020411266013979912,0.3840363621711731,2.12898363018909e-42,0.0,0.0,0.4965353230469867,0.11595820849503725,1.1757794618606567,3.026522119071865,2.8982731303078317,0.08955585956573486
ENSG00000013441.15,CLK1,0.3051413,0.3051413,-0.19491052627563477,False,,,,,,,,,,,,,,,,-0.16427826881408691
ENSG00000155744.9,FAM126B,0.1047508,0.1047508,-0.1098484992980957,False,,,,,,,,,,,,,,,,-0.04826796054840088
ENSG00000114933.15,INO80D,0.15030424,0.15030424,-0.1969057321548462,False,,,,,,,,,,,,,,,,-0.06421518325805664
ENSG00000135913.10,USP37,0.091154896,0.091154896,-0.04547595977783203,False,,,,,,,,,,,,,,,,-0.03787994384765625
ENSG00000115649.15,CNPPD1,0.16598848,0.16598848,-0.17485952377319336,False,,,,,,,,,,,,,,,,-0.10792744159698486
ENSG00000127824.13,TUBA4A,0.0061816634,0.0061816634,-0.03854227066040039,False,,,,,,,,,,,,,,,,-0.03771007061004639
ENSG00000036257.12,CUL3,0.2912121,0.2912121,-0.40138542652130127,False,,,,,,,,,,,,,,,,-0.40118658542633057
ENSG00000153827.13,TRIP12,0.13340485,0.13340485,-0.07199716567993164,False,,,,,,,,,,,,,,,,-0.05895280838012695
ENSG00000135899.17,SP110,0.10322685,0.10322685,-0.10800158977508545,False,,,,,,,,,,,,,,,,0.08628630638122559
ENSG00000188042.7,ARL4C,0.0043853563,0.0043853563,-0.038999080657958984,False,,,,,,,,,,,,,,,,-0.004723310470581055
ENSG00000122085.16,MTERF4,0.5606038,0.5606038,-0.44294965267181396,False,,,,,,,,,,,,,,,,-0.314089298248291
ENSG00000115687.13,PASK,0.02938073,0.02938073,-0.04813742637634277,False,,,,,,,,,,,,,,,,0.014867663383483887
ENSG00000235576.1,LINC01871,0.3147337,0.58328277,0.541749507188797,True,0.08804127369371291,0.5338236163473679,0.2697926325891235,9.21544368798922,0.81107998068134,0.05801692232489586,0.0905456393957138,0.23523615461249314,0.0,0.0,0.2364463836116854,0.1546589257210762,0.23356208205223083,0.8470138077680065,2.6312224855664774,0.5459449291229248
ENSG00000115738.9,ID2,0.15967536,0.23356546,0.4097962975502014,True,0.5593872700937145,1.5413038931234042,0.2744068332134242,8.174256728134539,0.31360237938662366,0.11599492281675339,0.46820512413978577,0.24268748510104765,0.0,0.0,0.455744426888519,0.3309670930269242,1.225316047668457,0.855629859586413,2.3694262031609337,0.4166406989097595
ENSG00000162976.12,PQLC3,0.099790424,0.099790424,-0.08810532093048096,False,,,,,,,,,,,,,,,,-0.01777815818786621
ENSG00000071575.11,TRIB2,0.02758687,0.02758687,-0.029498815536499023,False,,,,,,,,,,,,,,,,-0.014215588569641113
ENSG00000084676.15,NCOA1,0.16582537,0.16582537,-0.13585388660430908,False,,,,,,,,,,,,,,,,-0.11869192123413086
ENSG00000075426.11,FOSL2,0.0028510222,0.0128729185,0.022311925888061523,True,1.2020565155630654,16.251558328417918,0.8691845548969679,1.9579775957687733,0.037276474982500085,0.019092265516519547,0.23816370964050293,8.580834691602315e-21,0.0,0.0,0.4776398660243084,0.06790542544058553,0.576886773109436,2.7440318049572334,0.7056775134203331,0.03992658853530884
ENSG00000119801.12,YPEL5,0.049973253,0.049973253,-0.03530454635620117,False,,,,,,,,,,,,,,,,-0.02773284912109375
ENSG00000213626.11,LBH,0.2867519,0.2867519,-0.14044654369354248,False,,,,,,,,,,,,,,,,-0.09621727466583252
ENSG00000172954.13,LCLAT1,0.18927222,0.18927222,-0.1311197280883789,False,,,,,,,,,,,,,,,,-0.12716615200042725
ENSG00000119820.10,YIPF4,0.1314567,0.1314567,-0.17687416076660156,False,,,,,,,,,,,,,,,,-0.06719720363616943
ENSG00000115760.13,BIRC6,0.6846225,0.6846225,-0.46668457984924316,False,,,,,,,,,,,,,,,,-0.4647369384765625
ENSG00000143924.18,EML4,0.31931806,0.84440285,0.09678220748901367,True,0.07081018833295122,0.4096544544006759,0.2874875112927465,7.904604251024362,1.3282566565275193,0.06581110507249832,0.05867188423871994,0.20720018531431808,0.0,0.0,0.258498193500464,0.17824578700462004,0.19202899932861328,1.1784964817189985,2.1503639230967475,0.09679937362670898
ENSG00000068724.15,TTC7A,0.029885216,0.13394885,0.05982935428619385,True,0.2851185934700024,3.2172164450788423,0.7759469930675394,2.0502094688884167,0.1804244086146355,0.019217954948544502,0.050328467041254044,6.740994081639695e-30,0.0,0.0,0.39709230316169086,0.07009053838303636,0.15116119384765625,1.5852282113014886,0.6977172192863502,0.07032102346420288
ENSG00000115306.15,SPTBN1,0.042791676,0.0708673,0.11600089073181152,True,0.33043289396359415,4.092217926115687,0.44059218824057544,3.766877758656259,0.07580852329730987,0.01529916375875473,0.11654715240001678,8.05978445900549e-33,0.0,0.0,0.41189513664144867,0.04909568303067857,0.30436015129089355,0.8657055851006039,1.7729067927443565,0.17019802331924438
ENSG00000162924.13,REL,0.0482857,0.0482857,-0.05425381660461426,False,,,,,,,,,,,,,,,,0.00541919469833374
ENSG00000119844.15,AFTPH,0.3245341,0.3245341,-0.2141132354736328,False,,,,,,,,,,,,,,,,-0.17055201530456543
ENSG00000011523.13,CEP68,0.16741833,0.16741833,-0.12963032722473145,False,,,,,,,,,,,,,,,,-0.05709242820739746
ENSG00000115956.9,PLEK,0.005955061,0.052652415,0.11138761043548584,True,0.5988446910919444,8.348917892430576,0.402144432566986,2.926883983816194,0.19913536608219146,0.028820058330893517,0.2188980132341385,3.37255382484217e-30,0.0,0.0,0.4650382246839988,0.0989655136287979,0.90803062915802,2.424984934522209,0.9247759773197816,0.13574886322021484
ENSG00000163219.11,ARHGAP25,0.19130896,0.19130896,-0.026160717010498047,False,,,,,,,,,,,,,,,,0.002440512180328369
ENSG00000059728.10,MXD1,0.0737713,0.28060687,0.1562403440475464,True,0.13497304477237163,1.6489427366563911,0.292331005188162,4.08007323022182,0.8650469720363617,0.03710312396287918,0.07077090442180634,0.08346692581564027,0.0,0.0,0.27453611842242254,0.11026066763065144,0.20695026218891144,1.200108246262269,1.2145851754232693,0.1842426061630249
ENSG00000034510.5,TMSB10,0.014209264,0.014209264,-0.07798731327056885,False,,,,,,,,,,,,,,,,0.24769920110702515
ENSG00000176407.17,KCMF1,0.08340203,0.08340203,-0.05821263790130615,False,,,,,,,,,,,,,,,,-0.021550655364990234
ENSG00000168899.4,VAMP5,0.010681226,0.010681226,-0.03483593463897705,False,,,,,,,,,,,,,,,,-0.023913264274597168
ENSG00000168894.9,RNF181,0.23917936,0.23917936,-0.12182533740997314,False,,,,,,,,,,,,,,,,0.12488865852355957
ENSG00000115523.16,GNLY,0.03983145,0.041989025,0.9525805227458477,True,67.9796071167666,48.581013978552775,2.2655844344302607,7.08211552925543,0.01874726973474026,0.48574233055114746,11.659513473510742,0.6484778889981054,0.0,0.0,0.49820138521663776,1.2257097455859023,29.258440017700195,0.11912912301319128,0.4940921196218928,0.952891506254673
ENSG00000132313.14,MRPL35,0.9249657,0.9249657,-0.047020554542541504,False,,,,,,,,,,,,,,,,-0.012643814086914062
ENSG00000115548.16,KDM3A,0.09441837,0.09441837,-0.07379543781280518,False,,,,,,,,,,,,,,,,-0.07132279872894287
ENSG00000153561.12,RMND5A,0.009081961,0.009081961,-0.006941795349121094,False,,,,,,,,,,,,,,,,-0.004743099212646484
ENSG00000222041.10,CYTOR,0.014339365,0.15724799,0.02979832887649536,True,0.0836647430057041,1.2800512626321725,0.23697346755135074,3.3611455535598673,1.0247875602543355,0.02626640349626541,0.04440583288669586,0.057456583587650184,0.0,0.0,0.1816289675501382,0.08506153773339521,0.12254369258880615,0.9645614075029045,1.1320490703646817,0.04280829429626465
ENSG00000196843.15,ARID5A,0.04629238,0.04629238,-0.09956824779510498,False,,,,,,,,,,,,,,,,-0.09397745132446289
ENSG00000135976.17,ANKRD36,0.45386457,0.45386457,-0.1974337100982666,False,,,,,,,,,,,,,,,,-0.19478237628936768
ENSG00000115085.13,ZAP70,0.02121278,0.02121278,-0.0346604585647583,False,,,,,,,,,,,,,,,,0.06733286380767822
ENSG00000158417.10,EIF5B,0.039206736,0.039206736,-0.06763029098510742,False,,,,,,,,,,,,,,,,-0.034999728202819824
ENSG00000071054.16,MAP4K4,0.11233869,0.11233869,-0.06685841083526611,False,,,,,,,,,,,,,,,,-0.011653780937194824
ENSG00000135974.9,C2orf49,0.3764141,0.3764141,-0.3667488098144531,False,,,,,,,,,,,,,,,,-0.14120256900787354
ENSG00000071051.13,NCK2,0.19387616,0.19387616,-0.08512187004089355,False,,,,,,,,,,,,,,,,-0.022835373878479004
ENSG00000135968.20,GCC2,0.17710435,0.17710435,-0.39637815952301025,False,,,,,,,,,,,,,,,,-0.002812981605529785
ENSG00000169756.16,LIMS1,0.038087744,0.038087744,-0.03308451175689697,False,,,,,,,,,,,,,,,,-0.033063411712646484
ENSG00000153201.15,RANBP2,0.18237257,0.18237257,-0.09265744686126709,False,,,,,,,,,,,,,,,,-0.07733452320098877
ENSG00000153094.22,BCL2L11,0.10724473,0.10724473,-0.0005818605422973633,False,,,,,,,,,,,,,,,,0.009405255317687988
ENSG00000125611.15,CHCHD5,0.035373185,0.035373185,-0.07784748077392578,False,,,,,,,,,,,,,,,,0.005360782146453857
ENSG00000144136.10,SLC20A1,0.21386437,0.21386437,-0.0923987627029419,False,,,,,,,,,,,,,,,,-0.0644751787185669
ENSG00000088179.8,PTPN4,0.09339109,0.09339109,-0.1797879934310913,False,,,,,,,,,,,,,,,,-0.1796475648880005
ENSG00000136731.12,UGGT1,0.23767179,0.23767179,-0.15544390678405762,False,,,,,,,,,,,,,,,,-0.14497220516204834
ENSG00000072135.12,PTPN18,0.06808907,0.06808907,-0.09017467498779297,False,,,,,,,,,,,,,,,,-0.08402347564697266
ENSG00000082258.12,CCNT2,0.28536087,0.28536087,-0.22680819034576416,False,,,,,,,,,,,,,,,,-0.22674870491027832
ENSG00000115919.14,KYNU,0.03337909,0.2397069,0.16550028324127197,True,0.07561719537685781,1.3454560695586233,0.30159259723695653,3.9047231927477117,0.7251271250844001,0.026300061494112015,0.049961354583501816,0.11819649279232154,0.0,0.0,0.16880835848905756,0.08302632092240005,0.1369568109512329,1.604665155037014,1.535765009349854,0.19763559103012085
ENSG00000123610.4,TNFAIP6,0.039395127,0.042260356,0.013106465339660645,True,1.0122746759701176,15.483329749448004,0.7391983779683486,1.706013403127411,0.2271036152914166,0.016403354704380035,0.1251358836889267,0.04867095426505366,0.0,0.0,0.4837073896068794,0.058957080368063686,0.5664044618606567,0.4988707824996626,0.5081765137381271,0.013107836246490479
ENSG00000136560.13,TANK,0.41151386,0.41151386,-0.19737589359283447,False,,,,,,,,,,,,,,,,-0.17838621139526367
ENSG00000115271.10,GCA,0.2022074,0.7049376,0.22515100240707397,True,0.05677732576046697,0.445377702937137,0.25291759756254445,7.352005824689365,1.1997740891686195,0.04491998255252838,0.0436318963766098,0.0669046622446415,0.0,0.0,0.29394654587885716,0.14379216058439326,0.14409473538398743,1.6573844609756727,2.055147822180762,0.23681747913360596
ENSG00000138385.15,SSB,0.079566315,0.079566315,-0.6233744621276855,False,,,,,,,,,,,,,,,,-0.49130308628082275
ENSG00000144357.16,UBR3,0.32499462,0.32499462,-0.26527202129364014,False,,,,,,,,,,,,,,,,-0.2652099132537842
ENSG00000077380.15,DYNC1I2,0.053431947,0.053431947,-0.05967831611633301,False,,,,,,,,,,,,,,,,-0.012840986251831055
ENSG00000138434.16,SSFA2,0.023467299,0.12862068,0.021190524101257324,True,0.03876491153057211,0.8391670144861797,0.2666684170689441,5.222307140599831,1.2111156034469603,0.022236643359065056,0.031809501349925995,1.5594172083149104e-24,0.0,0.0,0.27941476038008906,0.07134738420073461,0.09688376635313034,3.1445306509740094,1.7685907739032118,0.03553122282028198
ENSG00000077232.17,DNAJC10,0.33639762,0.33639762,-0.13765597343444824,False,,,,,,,,,,,,,,,,-0.03876852989196777
ENSG00000151687.14,ANKAR,0.22560722,0.22560722,-0.11632740497589111,False,,,,,,,,,,,,,,,,-0.11471045017242432
ENSG00000115419.12,GLS,0.40737686,0.40737686,-0.34233832359313965,False,,,,,,,,,,,,,,,,-0.3414616584777832
ENSG00000173559.12,NABP1,0.34883368,0.34883368,-0.05451071262359619,False,,,,,,,,,,,,,,,,-0.04413628578186035
ENSG00000272211.1,AC114760.2,3.3734343,3.3734343,-0.30655086040496826,False,,,,,,,,,,,,,,,,-0.290679931640625
ENSG00000082153.17,BZW1,0.17571874,0.17571874,-0.052584290504455566,False,,,,,,,,,,,,,,,,-0.01300346851348877
ENSG00000003402.19,CFLAR,0.29689285,0.29689285,-0.026336193084716797,False,,,,,,,,,,,,,,,,0.008976519107818604
ENSG00000064012.21,CASP8,0.07083271,0.07083271,-0.06166505813598633,False,,,,,,,,,,,,,,,,-0.016992568969726562
ENSG00000118260.14,CREB1,0.21026316,0.21026316,-0.07702994346618652,False,,,,,,,,,,,,,,,,-0.07381021976470947
ENSG00000018280.16,SLC11A1,0.23293398,0.9800005,0.33949077129364014,True,0.12114130154137458,0.5778966088988713,0.3127394227131066,4.215936847064064,2.1846463090181363,0.0878329649567604,0.0654330849647522,0.22285675009875786,0.0,0.0,0.20479385746610812,0.2163476336236769,0.18801257014274597,0.6755004668552413,1.289109262633523,0.3462059497833252
ENSG00000144579.7,CTDSP1,0.1569414,0.1569414,-0.0029518604278564453,False,,,,,,,,,,,,,,,,0.017925381660461426
ENSG00000144580.13,CNOT9,0.63190806,0.63190806,-0.1835949420928955,False,,,,,,,,,,,,,,,,-0.18091976642608643
ENSG00000123983.13,ACSL3,0.11754558,0.11754558,-0.04699110984802246,False,,,,,,,,,,,,,,,,-0.013292312622070312
ENSG00000173744.17,AGFG1,0.02131915,0.0379529,0.022561252117156982,True,0.5364725530445212,7.495122641770298,0.7472977526661537,2.7625910599003483,0.08276826046407224,0.018013395369052887,0.12568508088588715,6.488520330179708e-19,0.0,0.0,0.43743377644105697,0.06578417230666922,0.3579331636428833,1.0775017817960009,0.7979259985643181,0.034882545471191406
ENSG00000079263.18,SP140,0.47938088,0.47938088,-0.028176546096801758,False,,,,,,,,,,,,,,,,0.053362369537353516
ENSG00000185404.16,SP140L,0.14340764,0.14340764,-0.13743972778320312,False,,,,,,,,,,,,,,,,-0.04759252071380615
ENSG00000067066.16,SP100,0.5047049,0.5047049,-0.17427527904510498,False,,,,,,,,,,,,,,,,-0.16307497024536133
ENSG00000135932.10,CAB39,0.024897464,0.024897464,-0.039438843727111816,False,,,,,,,,,,,,,,,,-0.01948702335357666
ENSG00000135916.15,ITM2C,0.00064525247,0.00064525247,0.00857388973236084,False,,,,,,,,,,,,,,,,0.008691072463989258
ENSG00000168918.13,INPP5D,0.45539188,0.45539188,-0.249397873878479,False,,,,,,,,,,,,,,,,-0.24269115924835205
ENSG00000077044.10,DGKD,0.19686241,0.19686241,-0.06032240390777588,False,,,,,,,,,,,,,,,,-0.05521845817565918
ENSG00000168395.15,ING5,0.13186088,0.13186088,-0.09565865993499756,False,,,,,,,,,,,,,,,,-0.0803372859954834
ENSG00000101200.5,AVP,0.03293027,0.03514881,0.7555234432220459,True,1.2685928347465536,19.642441735416877,0.8259888904675149,9.379824499201165,0.052945640281670606,0.02355286478996277,0.5899204611778259,1.4134690655605243e-19,0.0,0.0,0.4562274909990654,0.056768013698150106,1.2562170028686523,0.477854067538975,1.1796231798922534,0.7555233985185623
ENSG00000088854.12,C20orf194,0.26682746,0.26682746,-0.12068605422973633,False,,,,,,,,,,,,,,,,-0.12065374851226807
ENSG00000132646.10,PCNA,0.002074808,0.002074808,-0.008233070373535156,False,,,,,,,,,,,,,,,,-0.007998824119567871
ENSG00000125772.12,GPCPD1,0.0785647,0.20022164,0.1340387463569641,True,0.1390591375442927,1.5298464178640796,0.33346369443041357,7.39225592968538,0.2977815046906471,0.028035830706357956,0.09885644912719727,0.11473062093026322,0.0,0.0,0.43551154438204187,0.1084895225663862,0.30929216742515564,2.2409214280766756,2.04967526793948,0.15233761072158813
ENSG00000125827.8,TMX4,0.15627989,0.15627989,-0.01495349407196045,False,,,,,,,,,,,,,,,,0.013098061084747314
ENSG00000089123.15,TASP1,0.1646003,0.1646003,-0.07161688804626465,False,,,,,,,,,,,,,,,,-0.054261088371276855
ENSG00000089048.14,ESF1,0.0626619,0.0626619,-0.206465482711792,False,,,,,,,,,,,,,,,,-0.02225208282470703
ENSG00000125844.15,RRBP1,0.20320766,0.20320766,-0.04904067516326904,False,,,,,,,,,,,,,,,,0.0394328236579895
ENSG00000188559.13,RALGAPA2,0.17637855,0.17637855,-0.07783806324005127,False,,,,,,,,,,,,,,,,-0.07644164562225342
ENSG00000101474.11,APMAP,0.007987816,0.015800137,0.03318512439727783,True,0.40542285547490875,8.412479342118765,0.3414555667497051,4.110525200463079,0.049594910144805895,0.01292810682207346,0.26458418369293213,0.04912969101811654,0.0,0.0,0.45823484760707467,0.03836035176232144,0.7177702784538269,0.7671229952734857,2.085250115771356,0.04619717597961426
ENSG00000282826.1,FRG1CP,0.10230657,0.10230657,-0.08297133445739746,False,,,,,,,,,,,,,,,,-0.018662214279174805
ENSG00000101391.20,CDK5RAP1,0.2832457,0.2832457,-0.165948748588562,False,,,,,,,,,,,,,,,,-0.16477370262145996
ENSG00000125977.6,EIF2S2,0.00917352,0.00917352,-0.05762135982513428,False,,,,,,,,,,,,,,,,-0.00966036319732666
ENSG00000100991.11,TRPC4AP,0.13184197,0.13184197,-0.10643959045410156,False,,,,,,,,,,,,,,,,-0.10153567790985107
ENSG00000101347.8,SAMHD1,0.17506222,0.17506222,-0.0033758878707885742,False,,,,,,,,,,,,,,,,-0.0028151273727416992
ENSG00000124177.14,CHD6,0.053754892,0.053754892,-0.04312300682067871,False,,,,,,,,,,,,,,,,-0.0419001579284668
ENSG00000132823.10,OSER1,0.018491248,0.018491248,-0.04107928276062012,False,,,,,,,,,,,,,,,,-0.019815802574157715
ENSG00000101470.9,TNNC2,0.1206645,0.13690731,0.5797207653522491,True,0.24280776306347912,1.4649355276438518,0.20291350442943887,15.424361380709872,0.14953508712351324,0.03773011639714241,0.23843875527381897,4.9281382664184775e-06,0.0,0.0,0.47495312338534157,0.1504644227375796,1.0163209438323975,0.23759831187975172,4.108477398382142,0.5797603130340576
ENSG00000196562.14,SULF2,0.15289007,0.15289007,-0.11999821662902832,False,,,,,,,,,,,,,,,,-0.1066509485244751
ENSG00000124126.13,PREX1,0.17068861,0.17068861,-0.18906104564666748,False,,,,,,,,,,,,,,,,-0.031313300132751465
ENSG00000124256.14,ZBP1,1.6006769,1.6006769,-0.0904839038848877,False,,,,,,,,,,,,,,,,-0.08650434017181396
ENSG00000101160.13,CTSZ,0.015243537,0.015243537,0.004475891590118408,False,,,,,,,,,,,,,,,,0.022613346576690674
ENSG00000125826.20,RBCK1,0.05938808,0.05938808,-0.29486656188964844,False,,,,,,,,,,,,,,,,-0.01887679100036621
ENSG00000125779.21,PANK2,0.48420325,0.48420325,-0.2286614179611206,False,,,,,,,,,,,,,,,,-0.21181190013885498
ENSG00000172264.16,MACROD2,0.10799798,0.19769998,0.2229498028755188,True,0.34212289104690996,4.750038559504401,0.9619358120347778,1.5042554246752258,0.16584849089384074,0.018664579838514328,0.053175125271081924,0.002116823096117874,0.0,0.0,0.11942181375227995,0.05990107261578359,0.1471720039844513,1.252606099143849,0.5398034746988689,0.23983579874038696
ENSG00000125868.15,DSTN,0.03354024,0.03354024,-0.1041790246963501,False,,,,,,,,,,,,,,,,0.09654057025909424
ENSG00000088970.15,KIZ,0.16961867,0.16961867,-0.07652020454406738,False,,,,,,,,,,,,,,,,-0.07190167903900146
ENSG00000077984.5,CST7,0.005706395,0.005706395,0.15938407182693481,False,,,,,,,,,,,,,,,,0.2641472816467285
ENSG00000101336.13,HCK,0.19058987,0.34845984,0.27546411752700806,True,0.29486399552908454,1.446895292134947,0.3762888253119712,4.809088473732795,0.6964138935009637,0.06555566191673279,0.12080425769090652,0.07075886443442278,0.0,0.0,0.450775529388707,0.19649990509273604,0.4114856421947479,0.8428180874354587,1.2736055776490072,0.278228223323822
ENSG00000171456.16,ASXL1,0.34035432,0.34035432,-0.0756608247756958,False,,,,,,,,,,,,,,,,-0.05944335460662842
ENSG00000101421.3,CHMP4B,0.0130916415,0.0130916415,-0.04180014133453369,False,,,,,,,,,,,,,,,,0.026301205158233643
ENSG00000078747.14,ITCH,0.15201972,0.15201972,-0.07045960426330566,False,,,,,,,,,,,,,,,,-0.06815099716186523
ENSG00000126001.15,CEP250,0.07575695,0.07575695,-0.014342546463012695,False,,,,,,,,,,,,,,,,-0.01434314250946045
ENSG00000125995.15,ROMO1,0.062301755,0.062301755,-0.02670466899871826,False,,,,,,,,,,,,,,,,0.039312660694122314
ENSG00000025293.16,PHF20,0.2899765,0.2899765,-0.1964195966720581,False,,,,,,,,,,,,,,,,-0.1864382028579712
ENSG00000170471.14,RALGAPB,0.15430662,0.15430662,-0.10230052471160889,False,,,,,,,,,,,,,,,,-0.10198438167572021
ENSG00000124193.14,SRSF6,0.008772901,0.008772901,-0.03500938415527344,False,,,,,,,,,,,,,,,,-0.006254076957702637
ENSG00000101057.15,MYBL2,0.0060229,0.0060229,0.026752829551696777,False,,,,,,,,,,,,,,,,0.027445077896118164
ENSG00000101109.11,STK4,0.18249902,0.18249902,-0.2637366056442261,False,,,,,,,,,,,,,,,,-0.10129392147064209
ENSG00000175063.16,UBE2C,0.0036076931,0.0036076931,0.025851964950561523,False,,,,,,,,,,,,,,,,0.02586996555328369
ENSG00000100982.11,PCIF1,0.6723493,0.6723493,-0.5976918935775757,False,,,,,,,,,,,,,,,,-0.5971379280090332
ENSG00000100985.7,MMP9,0.0024661473,0.0024661473,0.0018097758293151855,False,,,,,,,,,,,,,,,,0.001809835433959961
ENSG00000124151.18,NCOA3,0.052261095,0.19526806,0.04006260633468628,True,0.17013481884229964,2.225094175979725,0.4533039720422215,3.5318549296995907,0.15892946988344198,0.021048404276371002,0.0625772625207901,0.1258965853728042,0.0,0.0,0.34139266244301514,0.06872107824332119,0.18481114506721497,1.866238453954152,1.2025177668720586,0.10577750205993652
ENSG00000124198.8,ARFGEF2,0.25769007,0.25769007,-0.17204570770263672,False,,,,,,,,,,,,,,,,-0.12335324287414551
ENSG00000224397.5,SMIM25,0.18504226,0.3298499,0.34761643409729004,True,0.31016035868196734,1.231548960615917,0.38036667916391326,3.404774954307317,0.5876199280222256,0.056516967713832855,0.12174716591835022,3.799297696965912e-40,0.0,0.0,0.4693165913203679,0.17966847463890542,0.46704214811325073,1.430592592318686,1.4992758900423337,0.3505985140800476
ENSG00000101132.9,PFDN4,0.7786805,0.7786805,-0.2094486951828003,False,,,,,,,,,,,,,,,,-0.19584190845489502
ENSG00000232442.1,MHENCR,0.087542415,0.087542415,-0.543150782585144,False,,,,,,,,,,,,,,,,0.008037328720092773
ENSG00000155307.17,SAMSN1,0.104007535,0.3305984,0.10884839296340942,True,0.33205248390781494,2.3159614598203495,0.4563663788907552,2.4845712428124194,0.20748362012207505,0.04706910625100136,0.10718992352485657,0.1361486102219435,0.0,0.0,0.3989238151117843,0.1545061662585896,0.2851802408695221,2.1675107344580447,0.9833014227480802,0.21298235654830933
ENSG00000142192.20,APP,0.05871182,0.08348827,0.27756959199905396,True,0.6915055151956792,6.24441265299448,0.5520752900178136,5.696022721727807,0.11593624960631133,0.02106446586549282,0.19713373482227325,6.063506897198122e-24,0.0,0.0,0.48608480861600245,0.08868113796630261,1.0761280059814453,1.2098512246552355,1.3086988126967956,0.2857525944709778
ENSG00000198862.13,LTN1,0.07060688,0.07060688,-0.03271126747131348,False,,,,,,,,,,,,,,,,-0.03217625617980957
ENSG00000156304.14,SCAF4,0.99213177,0.99213177,-0.6641901731491089,False,,,,,,,,,,,,,,,,-0.6641002893447876
ENSG00000159086.14,PAXBP1,0.11116117,0.11116117,-0.08156478404998779,False,,,,,,,,,,,,,,,,-0.07679605484008789
ENSG00000185917.13,SETD4,0.15798312,0.15798312,-0.12374114990234375,False,,,,,,,,,,,,,,,,-0.11584091186523438
ENSG00000185658.13,BRWD1,0.2752943,0.2752943,-0.21008694171905518,False,,,,,,,,,,,,,,,,-0.19701075553894043
ENSG00000183255.11,PTTG1IP,0.030208578,0.030208578,-0.01281595230102539,False,,,,,,,,,,,,,,,,0.016198456287384033
ENSG00000160255.17,ITGB2,0.02903337,0.054748766,0.014759957790374756,True,2.6618432276539847,10.971856600294062,0.3620804125631455,1.2665234706789148,0.2700240282341837,0.07459462434053421,0.4786062240600586,6.105576650631958e-47,0.0,0.0,0.4940834456054459,0.2870881421105586,1.3694813251495361,1.63831602483609,0.5262998205903963,0.02312415838241577
ENSG00000156256.14,USP16,0.19895183,0.19895183,-0.12667369842529297,False,,,,,,,,,,,,,,,,-0.11199188232421875
ENSG00000156273.15,BACH1,0.15117392,0.15117392,-0.0857459306716919,False,,,,,,,,,,,,,,,,-0.023665904998779297
ENSG00000159128.14,IFNGR2,0.46562955,2.0301483,0.47817808389663696,True,0.08896216658064217,0.22205580564375094,0.3611700241227126,5.124112727444125,4.104816262722015,0.1450408697128296,0.05750659853219986,0.11303518149756778,0.0,0.0,0.3571993498614082,0.48948113473946375,0.17211706936359406,1.756573948089448,1.7004969347639651,0.48771971464157104
ENSG00000157540.19,DYRK1A,0.15697584,0.15697584,-0.13460707664489746,False,,,,,,,,,,,,,,,,-0.04254317283630371
ENSG00000157601.13,MX1,0.22882663,0.22882663,-0.11632752418518066,False,,,,,,,,,,,,,,,,-0.10796749591827393
ENSG00000160194.17,NDUFV3,0.18971619,0.18971619,-0.05924952030181885,False,,,,,,,,,,,,,,,,0.006469607353210449
ENSG00000160218.12,TRAPPC10,0.33403397,0.33403397,-0.19789540767669678,False,,,,,,,,,,,,,,,,-0.1802363395690918
ENSG00000197381.15,ADARB1,0.044913307,0.044913307,0.00012058019638061523,False,,,,,,,,,,,,,,,,0.009850919246673584
ENSG00000142173.14,COL6A2,0.06638826,0.17019354,0.06879585981369019,True,0.12484400504567751,2.081777111487144,0.33952751168448875,3.888416214618275,0.4517358005046844,0.019377056509256363,0.04718413203954697,2.2839719300119763e-35,0.0,0.0,0.18875279704883868,0.06576481608482077,0.15510740876197815,1.4233660685315561,1.2281834829883784,0.092795729637146
ENSG00000160310.17,PRMT2,0.9436105,0.9436105,-0.286410927772522,False,,,,,,,,,,,,,,,,-0.2720935344696045
ENSG00000184470.20,TXNRD2,0.07259753,0.07259753,-0.016731858253479004,False,,,,,,,,,,,,,,,,-0.016250133514404297
ENSG00000100030.14,MAPK1,0.061884824,0.32379782,0.013031184673309326,True,0.0831780499303093,0.8849155473308913,0.2953035280195322,6.006527653952996,0.5572202280163765,0.0326542966067791,0.06358332186937332,0.1628507015155182,0.0,0.0,0.2959129413540686,0.1031048531813461,0.1807135045528412,1.421249707710152,1.956781591323275,0.10995352268218994
ENSG00000128322.6,IGLL1,0.0034273067,0.0034273067,0.3178465962409973,False,,,,,,,,,,,,,,,,0.3178463578224182
ENSG00000128218.7,VPREB3,0.028542006,0.029988488,0.6490522623062134,True,7.435979151697765,42.18913855206499,1.5354509814796748,9.12087355461805,0.04376070804066128,0.04693144932389259,1.4221962690353394,0.05433163281737477,0.0,0.0,0.49147302543491017,0.15760105502340593,4.1797380447387695,0.9842627409347652,0.6603559222973188,0.6491620242595673
ENSG00000099958.14,DERL3,0.1101527,0.17657195,0.5535891056060791,True,0.4096684561698172,2.357214285549245,0.415159879107987,4.855495269628128,0.23829438081632057,0.03422533720731735,0.17007745802402496,5.417538302115736e-25,0.0,0.0,0.4761573497958927,0.10992732927118178,0.6292538046836853,0.8007299422711476,1.9073670411924475,0.5562357604503632
ENSG00000138867.16,GUCD1,0.023260843,0.023260843,-0.03848147392272949,False,,,,,,,,,,,,,,,,0.025981783866882324
ENSG00000100219.16,XBP1,0.1574638,0.1574638,-0.015144705772399902,False,,,,,,,,,,,,,,,,-0.005984187126159668
ENSG00000100280.16,AP1B1,0.09003467,0.09003467,-0.06494832038879395,False,,,,,,,,,,,,,,,,-0.03206074237823486
ENSG00000100325.14,ASCC2,0.6458197,0.6458197,-0.535407543182373,False,,,,,,,,,,,,,,,,-0.5328406095504761
ENSG00000198832.10,SELENOM,0.08731772,0.08731772,-1.2165706157684326,False,,,,,,,,,,,,,,,,0.059297025203704834
ENSG00000100345.20,MYH9,0.038245346,0.038245346,-0.05395984649658203,False,,,,,,,,,,,,,,,,-0.05097627639770508
ENSG00000100079.6,LGALS2,0.011836408,0.018869918,0.27316737174987793,True,1.7505069721925233,16.727446398894436,0.4867267017775012,2.1383933363969203,0.04432416509216028,0.022778816521167755,0.6085600256919861,0.004885468764105991,0.0,0.0,0.47339097999160046,0.07252641600506315,1.407185435295105,0.7375004880720313,1.3689759827528718,0.29511022567749023
ENSG00000100201.20,DDX17,0.21337426,0.21337426,-0.2744685411453247,False,,,,,,,,,,,,,,,,-0.11794841289520264
ENSG00000100242.15,SUN2,0.00980437,0.00980437,-0.005335450172424316,False,,,,,,,,,,,,,,,,-0.0037355422973632812
ENSG00000184983.9,NDUFA6,0.018583633,0.018583633,-0.2686511278152466,False,,,,,,,,,,,,,,,,-0.012285351753234863
ENSG00000100227.17,POLDIP3,0.12352077,0.12352077,-0.1607527732849121,False,,,,,,,,,,,,,,,,-0.08569502830505371
ENSG00000100427.15,MLC1,0.104629226,0.34080127,0.18043261766433716,True,0.04066959013847324,0.7642618670619632,0.29311362273130703,4.760595469827027,0.9220551351706187,0.021126506850123405,0.029404262080788612,2.307819373359653e-36,0.0,0.0,0.148590947728108,0.0696515459699043,0.092359259724617,1.9054040843064535,1.8211276320094745,0.1880599856376648
ENSG00000025708.13,TYMP,0.016166462,0.027552875,0.17459452152252197,True,2.5568410920827613,22.15265937859545,0.8283667021347031,2.736854129400718,0.02286678039468825,0.029603732749819756,0.6570183634757996,0.08064265672279747,0.0,0.0,0.48784124536021745,0.10795997425484495,1.382918357849121,1.3610218853046578,0.9541482633157325,0.21763622760772705
ENSG00000177989.13,ODF3B,0.69065505,1.446103,0.5412767827510834,True,0.08112196652289737,0.28993161676812623,0.3257396017086855,7.076758172681754,2.295407983362674,0.11790890991687775,0.06921743601560593,0.24429825711724745,0.0,0.0,0.11036655499019316,0.3140232404783277,0.1831289827823639,0.7582669760586928,2.024758882744782,0.541342705488205
ENSG00000099917.17,MED15,0.037572395,0.037572395,-0.046550869941711426,False,,,,,,,,,,,,,,,,-0.034450531005859375
ENSG00000169575.4,VPREB1,0.023088155,0.021026738,0.592613160610199,True,4.842828273832044,24.188904906032626,0.6087939935363411,3.9504150298876013,0.0384819890698418,0.05913589894771576,2.070725202560425,2.3456818363990673e-39,0.0,0.0,0.4930729561712995,0.15846745651955807,7.004927635192871,0.3411731733598109,1.3786872021771488,0.5926127135753632
ENSG00000272779.1,AC245060.4,0.3693905,0.3693905,-0.11154830455780029,False,,,,,,,,,,,,,,,,-0.09402728080749512
ENSG00000211662.2,IGLV3-21,0.03666286,0.03666286,-0.03234708309173584,False,,,,,,,,,,,,,,,,-0.03232693672180176
ENSG00000159496.14,RGL4,0.06238427,0.06238427,-0.06864428520202637,False,,,,,,,,,,,,,,,,0.022002041339874268
ENSG00000100058.12,CRYBB2P1,0.73021984,0.73021984,-0.29142212867736816,False,,,,,,,,,,,,,,,,-0.28919529914855957
ENSG00000100077.14,GRK3,0.02681989,0.09197405,0.011030912399291992,True,0.11726430013194761,2.1828467105379996,0.43596189248550454,2.774628830316474,0.19360148862004284,0.01729162596166134,0.042201604694128036,4.208720230798507e-39,0.0,0.0,0.2035606837691598,0.056505649531716884,0.11749708652496338,1.608809292410887,0.9942856937173518,0.03045433759689331
ENSG00000128245.14,YWHAH,0.0060958555,0.01758174,0.09155595302581787,True,0.3934867154996249,10.88111233906296,0.35369371271347916,3.5508242769582448,0.04589338568039239,0.01024366170167923,0.21483540534973145,0.0,0.0,0.0,0.4975358800318258,0.048544156527509756,3.7618675231933594,0.0019315473325605126,1.4868702093727164,0.19057375192642212
ENSG00000100281.13,HMGXB4,0.04781323,0.04781323,-0.0694739818572998,False,,,,,,,,,,,,,,,,-0.015877962112426758
ENSG00000100284.20,TOM1,0.339684,0.339684,-0.03549957275390625,False,,,,,,,,,,,,,,,,-0.03535008430480957
ENSG00000100097.11,LGALS1,0.07091361,0.08185157,0.7000407576560974,True,19.994741246321446,16.38309940513873,1.1726461044828131,3.0689381614387448,0.03584328375756741,0.2779838740825653,3.6644906997680664,0.18679396574067242,0.0,0.0,0.4985039636545621,1.0050744287333373,9.802489280700684,1.070754501252394,0.7663173739117681,0.7238075733184814
ENSG00000100226.15,GTPBP1,0.9241787,0.9241787,-0.7899715900421143,False,,,,,,,,,,,,,,,,-0.789759635925293
ENSG00000239713.8,APOBEC3G,0.009371169,0.009371169,0.004563271999359131,False,,,,,,,,,,,,,,,,0.024012446403503418
ENSG00000100354.20,TNRC6B,0.033407126,0.033407126,-0.25523102283477783,False,,,,,,,,,,,,,,,,0.006222188472747803
ENSG00000100393.12,EP300,0.4171653,0.4171653,-0.19704318046569824,False,,,,,,,,,,,,,,,,-0.1571333408355713
ENSG00000198911.11,SREBF2,0.113001704,0.113001704,-0.10317552089691162,False,,,,,,,,,,,,,,,,-0.08062124252319336
ENSG00000100300.17,TSPO,0.00086501805,0.00086501805,-0.010187745094299316,False,,,,,,,,,,,,,,,,-0.00795435905456543
ENSG00000188677.14,PARVB,0.030696958,0.030696958,-0.006683945655822754,False,,,,,,,,,,,,,,,,-0.006614565849304199
ENSG00000054611.13,TBC1D22A,0.13240863,0.13240863,-0.10620200634002686,False,,,,,,,,,,,,,,,,-0.03370654582977295
ENSG00000170638.9,TRABD,0.06807175,0.14836779,0.09149408340454102,True,0.2375036115320795,1.950065104960975,0.24956682882403788,8.616197296847295,0.24717268347740173,0.0306872446089983,0.12415305525064468,0.09911729915073741,0.0,0.0,0.4954144649732789,0.10480984988391473,0.8774957060813904,2.150840952998392,2.1524770111256277,0.10123175382614136
ENSG00000073169.13,SELENOO,0.3208298,0.3208298,-0.11870050430297852,False,,,,,,,,,,,,,,,,-0.1108025312423706
ENSG00000100239.15,PPP6R2,0.19320898,0.19320898,-0.22865116596221924,False,,,,,,,,,,,,,,,,-0.03667032718658447
ENSG00000206573.8,THUMPD3-AS1,0.32390824,0.32390824,-0.2500656843185425,False,,,,,,,,,,,,,,,,-0.2500542402267456
ENSG00000125037.12,EMC3,0.06295691,0.06295691,-0.03853023052215576,False,,,,,,,,,,,,,,,,-0.031137704849243164
ENSG00000088726.15,TMEM40,0.00042272985,0.00042272985,0.30582696199417114,False,,,,,,,,,,,,,,,,0.30582696199417114
ENSG00000131368.7,MRPS25,0.12021492,0.12021492,-0.17388653755187988,False,,,,,,,,,,,,,,,,-0.17387378215789795
ENSG00000131370.15,SH3BP5,0.02731994,0.02731994,-0.026281118392944336,False,,,,,,,,,,,,,,,,0.0021455883979797363
ENSG00000131378.13,RFTN1,0.5662765,0.5662765,-0.29220640659332275,False,,,,,,,,,,,,,,,,-0.28979527950286865
ENSG00000131374.14,TBC1D5,0.13622281,0.13622281,-0.06367731094360352,False,,,,,,,,,,,,,,,,-0.06353235244750977
ENSG00000077097.15,TOP2B,0.09318702,0.18262285,0.3077656030654907,True,0.25785816259192845,2.2802857941962955,0.4647384748653679,7.884351329850294,0.24178609549999242,0.02473968267440796,0.10743656009435654,2.5785463657712127e-28,0.0,0.0,0.4850802416669631,0.12111264720210357,0.5048529505729675,4.598623453365225,1.6323824076230318,0.3352097272872925
ENSG00000033867.16,SLC4A7,0.17403136,0.17403136,-0.08883130550384521,False,,,,,,,,,,,,,,,,-0.07450234889984131
ENSG00000091317.7,CMTM6,0.0051855072,0.0051855072,-0.05261075496673584,False,,,,,,,,,,,,,,,,0.01917499303817749
ENSG00000163539.16,CLASP2,0.5978358,0.5978358,-0.6535371541976929,False,,,,,,,,,,,,,,,,-0.6516401767730713
ENSG00000060971.17,ACAA1,1.496678,1.496678,-0.7731444835662842,False,,,,,,,,,,,,,,,,-0.7731356620788574
ENSG00000181555.20,SETD2,0.0830635,0.0830635,-0.142067551612854,False,,,,,,,,,,,,,,,,-0.039791226387023926
ENSG00000164054.15,SHISA5,0.19485323,0.19485323,-0.11511695384979248,False,,,,,,,,,,,,,,,,-0.05744338035583496
ENSG00000233276.3,GPX1,0.0070002233,0.0070002233,-0.0024194717407226562,False,,,,,,,,,,,,,,,,0.28652989864349365
ENSG00000114383.9,TUSC2,0.18917896,0.18917896,-0.04226887226104736,False,,,,,,,,,,,,,,,,-0.04226362705230713
ENSG00000068028.17,RASSF1,0.014067446,0.014067446,-0.04035186767578125,False,,,,,,,,,,,,,,,,0.006048738956451416
ENSG00000163939.18,PBRM1,0.16621327,0.16621327,-0.17587101459503174,False,,,,,,,,,,,,,,,,-0.037251830101013184
ENSG00000163931.15,TKT,0.7931019,1.111062,0.7807695269584656,True,0.6453143066631686,0.6337769389548938,0.5884341939796203,5.046495736882864,0.5862264919281005,0.3093031048774719,0.2453419268131256,0.34525218935110785,0.0,0.0,0.4416739210649755,0.8115105110855438,0.5470360517501831,0.45960700605352484,1.208157472153893,0.7807841151952744
ENSG00000272886.5,DCP1A,0.1688954,0.1688954,-0.24024415016174316,False,,,,,,,,,,,,,,,,-0.08296060562133789
ENSG00000163946.13,FAM208A,0.078319065,0.078319065,-0.08368706703186035,False,,,,,,,,,,,,,,,,-0.04249298572540283
ENSG00000163687.13,DNASE1L3,0.06656541,0.098398015,0.38966548442840576,True,0.34004210148277975,3.8001827865959172,0.48418212001019856,2.4741121926633207,0.19126139808860096,0.026138320565223694,0.11375913769006729,2.3347680611482198e-17,0.0,0.0,0.1462218873387014,0.06622475129516749,0.27484795451164246,0.628513355312948,1.0529003973152482,0.3898458480834961
ENSG00000144747.15,TMF1,0.18391062,0.18391062,-0.1429743766784668,False,,,,,,,,,,,,,,,,-0.10375487804412842
ENSG00000114541.14,FRMD4B,0.049862,0.049862,-0.048738956451416016,False,,,,,,,,,,,,,,,,-0.04718339443206787
ENSG00000114861.18,FOXP1,0.05932655,0.16355498,0.18915033340454102,True,0.2694437170233293,2.288120905573818,0.29578858206285547,7.105255213312701,0.24221170786768198,0.04682224243879318,0.22891271114349365,0.20445662770177359,0.0,0.0,0.3898676990724516,0.1398660813185737,0.7160865664482117,1.2298843667895956,2.1366763010694494,0.21652233600616455
ENSG00000163320.10,CGGBP1,0.07473704,0.07473704,-0.30165672302246094,False,,,,,,,,,,,,,,,,-0.03783011436462402
ENSG00000080822.16,CLDND1,0.21970138,0.21970138,-0.15872108936309814,False,,,,,,,,,,,,,,,,-0.1564561128616333
ENSG00000138468.15,SENP7,0.22769926,0.22769926,-0.17202293872833252,False,,,,,,,,,,,,,,,,-0.1463543176651001
ENSG00000066422.4,ZBTB11,0.1294046,0.1294046,-0.09374189376831055,False,,,,,,,,,,,,,,,,-0.07456624507904053
ENSG00000114446.4,IFT57,0.09906545,0.09906545,-0.04815542697906494,False,,,,,,,,,,,,,,,,0.009811580181121826
ENSG00000239453.1,SIDT1-AS1,0.8513395,0.8513395,-0.3331390619277954,False,,,,,,,,,,,,,,,,-0.3135427236557007
ENSG00000163617.10,CCDC191,0.07423181,0.11765044,0.6221515834331512,True,1.9029732011000535,8.678093310988093,0.8290412258998447,2.5048615734288826,0.0597452673688531,0.05740172788500786,0.453965961933136,0.004147673945702792,0.0,0.0,0.4567730575875171,0.16443623856442713,1.0957114696502686,0.6170734810362687,0.8679299569667952,0.6221888363361359
ENSG00000181722.16,ZBTB20,0.10280404,0.10280404,-0.12271499633789062,False,,,,,,,,,,,,,,,,-0.03745603561401367
ENSG00000138495.6,COX17,0.027574109,0.027574109,-0.06931781768798828,False,,,,,,,,,,,,,,,,-0.013298511505126953
ENSG00000173230.15,GOLGB1,0.1356259,0.1356259,-0.08626914024353027,False,,,,,,,,,,,,,,,,-0.048563361167907715
ENSG00000160124.9,CCDC58,0.17568284,0.17568284,-0.045168280601501465,False,,,,,,,,,,,,,,,,-0.045004844665527344
ENSG00000138496.16,PARP9,0.108398505,0.108398505,-0.10388302803039551,False,,,,,,,,,,,,,,,,-0.051671624183654785
ENSG00000163848.19,ZNF148,0.1635385,0.1635385,-0.3274317979812622,False,,,,,,,,,,,,,,,,-0.07148659229278564
ENSG00000114520.10,SNX4,0.10998266,0.10998266,-0.12590265274047852,False,,,,,,,,,,,,,,,,-0.09484541416168213
ENSG00000163902.11,RPN1,0.011961551,0.011961551,-0.031989336013793945,False,,,,,,,,,,,,,,,,-0.023456335067749023
ENSG00000251474.6,RPL32P3,0.113887794,0.113887794,-0.10943222045898438,False,,,,,,,,,,,,,,,,-0.10123562812805176
ENSG00000004399.12,PLXND1,0.16809177,0.16809177,-0.06687283515930176,False,,,,,,,,,,,,,,,,-0.015073657035827637
ENSG00000196455.7,PIK3R4,0.045818217,0.045818217,-0.05999612808227539,False,,,,,,,,,,,,,,,,-0.059224724769592285
ENSG00000174579.3,MSL2,0.08414237,0.08414237,-0.08660316467285156,False,,,,,,,,,,,,,,,,-0.05978953838348389
ENSG00000051382.8,PIK3CB,0.11836984,0.11836984,-0.09998142719268799,False,,,,,,,,,,,,,,,,-0.0982813835144043
ENSG00000114126.17,TFDP2,0.024975397,0.06739207,0.09403860569000244,True,0.2819500981581969,4.094556620852879,0.3119811692629513,5.024638713002559,0.14360903265299618,0.014796338975429535,0.12835127115249634,3.7245507209244054e-05,0.0,0.0,0.4768787395881328,0.05282955709020242,0.4726398289203644,1.5001121930166565,1.9477005736313961,0.10301464796066284
ENSG00000175066.15,GK5,0.038938273,0.1807928,0.07032179832458496,True,0.07246786397426669,1.3308210249020662,0.3492519263077589,5.816338561241311,0.4456560491770506,0.01898457296192646,0.046965572983026505,6.796379261449541e-06,0.0,0.0,0.24075115323219515,0.06311416539634429,0.14266318082809448,1.5311705256190655,1.7703936928515127,0.08386695384979248
ENSG00000114127.10,XRN1,0.22345951,0.22345951,-0.122505784034729,False,,,,,,,,,,,,,,,,-0.08882474899291992
ENSG00000188313.12,PLSCR1,0.056791987,0.10056693,0.2553684115409851,True,0.6190290413624014,5.960873185157991,0.43766966627899584,2.4919426375455034,0.07212404754012823,0.030167225748300552,0.19763192534446716,0.136495404269402,0.0,0.0,0.4622505208243433,0.09914367527588297,0.470211386680603,1.7427302994316756,1.0467007994059268,0.2957942485809326
ENSG00000114744.8,COMMD2,0.27750546,0.27750546,-0.23031044006347656,False,,,,,,,,,,,,,,,,-0.1373974084854126
ENSG00000181788.3,SIAH2,0.49344382,0.49344382,-0.09967875480651855,False,,,,,,,,,,,,,,,,-0.09723031520843506
ENSG00000174953.13,DHX36,0.14923042,0.14923042,-0.2456115484237671,False,,,,,,,,,,,,,,,,-0.07020223140716553
ENSG00000163660.11,CCNL1,1.3323773,1.3323773,-0.27597522735595703,False,,,,,,,,,,,,,,,,-0.25496745109558105
ENSG00000243150.5,AC106707.1,0.0647295,0.0647295,-0.030056476593017578,False,,,,,,,,,,,,,,,,-0.026038169860839844
ENSG00000114209.14,PDCD10,0.040981155,0.040981155,-0.13281607627868652,False,,,,,,,,,,,,,,,,-0.035456180572509766
ENSG00000154310.16,TNIK,0.29769757,0.29769757,-0.05086243152618408,False,,,,,,,,,,,,,,,,-0.04956221580505371
ENSG00000113916.17,BCL6,0.068600155,0.18821093,0.06132364273071289,True,0.07344338790250018,1.0434870018060465,0.24403736791574487,5.297447392877185,0.4339100443571806,0.022611385211348534,0.06170783191919327,0.0469530185703964,0.0,0.0,0.1632438153816429,0.0682326845624317,0.1659545749425888,1.1670558672997626,2.3537946821380045,0.07001388072967529
ENSG00000114331.13,ACAP2,0.15664138,0.15664138,-0.14925086498260498,False,,,,,,,,,,,,,,,,-0.01898324489593506
ENSG00000163960.11,UBXN7,0.03846326,0.03846326,-0.048848509788513184,False,,,,,,,,,,,,,,,,-0.03384697437286377
ENSG00000163961.4,RNF168,0.0825111,0.0825111,-0.15203726291656494,False,,,,,,,,,,,,,,,,-0.03220653533935547
ENSG00000075711.20,DLG1,0.12612408,0.12612408,-0.09810149669647217,False,,,,,,,,,,,,,,,,-0.09586405754089355
ENSG00000150995.18,ITPR1,0.6038002,0.6038002,-0.13805997371673584,False,,,,,,,,,,,,,,,,-0.0814894437789917
ENSG00000134107.4,BHLHE40,0.13127972,0.36360532,0.2145048975944519,True,0.11257755119442323,1.2313249134369755,0.4527439626574539,5.7682624617621725,0.5274739426374436,0.03161736950278282,0.0650360956788063,0.12768114721643123,0.0,0.0,0.3233819717307076,0.1121715542109527,0.19717463850975037,1.8186642845255592,1.5909875175980428,0.28657662868499756
ENSG00000134109.10,EDEM1,0.15200141,0.15200141,-0.16217434406280518,False,,,,,,,,,,,,,,,,-0.05318713188171387
ENSG00000168137.15,SETD5,0.18985948,0.18985948,-0.27240538597106934,False,,,,,,,,,,,,,,,,-0.2723771333694458
ENSG00000163719.19,MTMR14,0.11541551,0.11541551,-0.5272887945175171,False,,,,,,,,,,,,,,,,-0.026709437370300293
ENSG00000180385.8,EMC3-AS1,0.051391076,0.051391076,-0.10217714309692383,False,,,,,,,,,,,,,,,,-0.025710344314575195
ENSG00000131389.16,SLC6A6,0.24375644,0.24375644,-0.009636282920837402,False,,,,,,,,,,,,,,,,0.051671385765075684
ENSG00000154781.15,CCDC174,0.106041245,0.106041245,-0.10256147384643555,False,,,,,,,,,,,,,,,,-0.041069626808166504
ENSG00000131375.9,CAPN7,0.16278042,0.16278042,-0.1357440948486328,False,,,,,,,,,,,,,,,,-0.12392103672027588
ENSG00000174738.12,NR1D2,0.054574896,0.054574896,-0.03823494911193848,False,,,,,,,,,,,,,,,,-0.019028663635253906
ENSG00000187118.12,CMC1,0.009323812,0.012431594,0.42903226613998413,True,6.302654747504306,70.21162245585361,0.8737591391802482,2.9966813326804127,0.006991346294526011,0.02498379349708557,1.6884934902191162,0.2089979281072057,0.0,0.0,0.4864039092783509,0.07314016297882775,3.5150203704833984,0.7397903866183304,0.9167326289618308,0.4678305387496948
ENSG00000163513.17,TGFBR2,0.24205986,0.24205986,-0.24017369747161865,False,,,,,,,,,,,,,,,,-0.07558143138885498
ENSG00000170293.8,CMTM8,0.020622835,0.041770738,0.18640363216400146,True,1.0973769258468642,12.931270992761275,0.7225701365483765,2.5452955018850956,0.038069213355580965,0.021937202662229538,0.30765092372894287,2.720870187179388e-23,0.0,0.0,0.4416338472373963,0.06497513758532847,0.7244249582290649,0.8961189778585353,0.9970545991333195,0.1867644190788269
ENSG00000172995.16,ARPP21,0.17076825,0.3475558,0.6462509334087372,True,0.5184571872580545,3.7800107593212062,1.1189163697046103,1.8628798787852454,0.4069355027129252,0.05290132015943527,0.10995771735906601,8.898081600015625e-23,0.0,0.0,0.3219366054326328,0.14947975264106186,0.29885339736938477,1.2230639764124662,0.549877773844415,0.6462509334087372
ENSG00000172939.8,OXSR1,0.09236985,0.09236985,-0.042742013931274414,False,,,,,,,,,,,,,,,,-0.033672332763671875
ENSG00000114742.13,WDR48,0.45903087,0.45903087,-0.3742748498916626,False,,,,,,,,,,,,,,,,-0.3742483854293823
ENSG00000008324.11,SS18L2,0.0152824065,0.0152824065,-0.18903303146362305,False,,,,,,,,,,,,,,,,0.0001443624496459961
ENSG00000114857.17,NKTR,0.32077447,0.32077447,-0.25089943408966064,False,,,,,,,,,,,,,,,,-0.2442537546157837
ENSG00000177479.19,ARIH2,0.15574928,0.15574928,-0.1595766544342041,False,,,,,,,,,,,,,,,,-0.1219182014465332
ENSG00000003756.16,RBM5,0.5401126,0.5401126,-0.39159202575683594,False,,,,,,,,,,,,,,,,-0.3915907144546509
ENSG00000114353.16,GNAI2,0.005105971,0.005105971,-0.04429125785827637,False,,,,,,,,,,,,,,,,0.0014348626136779785
ENSG00000168273.7,SMIM4,0.39420432,0.39420432,-0.32174885272979736,False,,,,,,,,,,,,,,,,-0.31597042083740234
ENSG00000180376.16,CCDC66,0.369562,0.369562,-0.2919691801071167,False,,,,,,,,,,,,,,,,-0.2724342346191406
ENSG00000157500.10,APPL1,0.08405582,0.08405582,-0.032796621322631836,False,,,,,,,,,,,,,,,,-0.007203817367553711
ENSG00000168297.15,PXK,0.16174969,0.16174969,-0.0770038366317749,False,,,,,,,,,,,,,,,,0.034550249576568604
ENSG00000163635.17,ATXN7,0.38813582,0.38813582,-0.21820545196533203,False,,,,,,,,,,,,,,,,-0.12023138999938965
ENSG00000163605.14,PPP4R2,0.15220404,0.15220404,-0.06803286075592041,False,,,,,,,,,,,,,,,,-0.030084729194641113
ENSG00000083937.8,CHMP2B,0.064872846,0.064872846,-0.22231638431549072,False,,,,,,,,,,,,,,,,-0.005614638328552246
ENSG00000175105.6,ZNF654,0.074540794,0.074540794,-0.04915511608123779,False,,,,,,,,,,,,,,,,-0.045960187911987305
ENSG00000179021.9,C3orf38,0.38543794,0.38543794,-0.3744361400604248,False,,,,,,,,,,,,,,,,-0.373616099357605
ENSG00000178694.9,NSUN3,0.39735964,0.39735964,-0.33064091205596924,False,,,,,,,,,,,,,,,,-0.32753777503967285
ENSG00000144802.11,NFKBIZ,0.15476438,0.3882298,0.1907426118850708,True,0.1356475695902616,0.8062546930407484,0.28604954826093354,9.448801297065145,0.5549265079200268,0.053797170519828796,0.1187572255730629,0.1855522696109789,0.0,0.0,0.3814732247017323,0.17674904643665454,0.3551001250743866,1.3737399755819135,2.4772090920156704,0.19075727462768555
ENSG00000114439.18,BBX,0.12561946,0.12561946,-0.12136805057525635,False,,,,,,,,,,,,,,,,-0.048767685890197754
ENSG00000153283.12,CD96,0.25846693,0.9342554,0.05531185865402222,True,0.04567559072708903,0.501772314072862,0.26910284869029,5.777536565860452,1.4945781919691297,0.04163355380296707,0.033582426607608795,0.1558788288757952,0.0,0.0,0.08101605943924461,0.13348531629128504,0.10229553282260895,1.6535731968419296,1.7301153985342639,0.07344138622283936
ENSG00000151576.10,QTRT2,0.1611662,0.1611662,-0.08245337009429932,False,,,,,,,,,,,,,,,,-0.07701778411865234
ENSG00000145088.8,EAF2,0.034415577,0.034415577,-0.03174114227294922,False,,,,,,,,,,,,,,,,-0.029016852378845215
ENSG00000114013.15,CD86,0.067071415,0.12176874,0.26605457067489624,True,0.41242683660645163,4.665980450412358,0.5034022698728338,2.2836400603151343,0.10525142401456833,0.024775275960564613,0.10945698618888855,0.12436570037872953,0.0,0.0,0.35122569088851535,0.08093868527350168,0.29519417881965637,1.3184172243759305,0.8704929028044093,0.3204253315925598
ENSG00000121552.3,CSTA,0.005054043,0.005054043,0.04995089769363403,False,,,,,,,,,,,,,,,,0.15259981155395508
ENSG00000173193.13,PARP14,0.11005479,0.11005479,-0.01604616641998291,False,,,,,,,,,,,,,,,,0.021674931049346924
ENSG00000114491.13,UMPS,0.26979753,0.26979753,-0.31810784339904785,False,,,,,,,,,,,,,,,,-0.3129873275756836
ENSG00000169704.4,GP9,0.007914471,0.016558548,0.6046114563941956,True,69.65973438185308,256.438888449085,7.619725122359641,1.6699162777344225,0.03919806590303779,0.10733248293399811,3.881410837173462,0.00039016381213633297,0.0,0.0,0.49097650668150594,0.246008979676887,9.241581916809082,0.040809276145578735,0.13430285455357607,0.6046114563941956
ENSG00000183624.13,HMCES,0.0319962,0.0319962,-0.03712260723114014,False,,,,,,,,,,,,,,,,-0.03599750995635986
ENSG00000091527.15,CDV3,0.23286189,0.23286189,-0.12718474864959717,False,,,,,,,,,,,,,,,,-0.12488198280334473
ENSG00000114054.13,PCCB,0.2033005,3.2717032,0.06763225793838501,True,0.03656484015048,0.11586697739638888,0.19822410201248386,2.191919059889018,17.644150128364565,0.13370229303836823,0.013128386810421944,2.753697773364324e-44,0.0,0.0,0.38346408442360663,0.2774954580307849,0.052166055887937546,0.6304876390865708,0.8070929102297744,0.09160256385803223
ENSG00000114098.17,ARMC8,0.40853074,0.40853074,-0.31411612033843994,False,,,,,,,,,,,,,,,,-0.21484911441802979
ENSG00000114120.11,SLC25A36,0.2020484,0.2020484,-0.21191668510437012,False,,,,,,,,,,,,,,,,-0.08769655227661133
ENSG00000177311.11,ZBTB38,0.06730223,0.06730223,-0.058556437492370605,False,,,,,,,,,,,,,,,,0.020656228065490723
ENSG00000155903.11,RASA2,0.15926173,0.15926173,-0.15921998023986816,False,,,,,,,,,,,,,,,,-0.053560614585876465
ENSG00000082996.19,RNF13,0.22234191,0.22234191,-0.01874828338623047,False,,,,,,,,,,,,,,,,0.08272683620452881
ENSG00000196428.12,TSC22D2,0.16086313,0.16086313,-0.07374787330627441,False,,,,,,,,,,,,,,,,-0.02602076530456543
ENSG00000152601.17,MBNL1,0.1003301,0.1003301,-0.4226250648498535,False,,,,,,,,,,,,,,,,-0.06999611854553223
ENSG00000196549.10,MME,0.25058407,0.37429836,0.7032435238361359,True,0.26807032127076874,1.3250635849885994,0.4438538153195786,4.377149543269069,0.5044741959124803,0.0672466829419136,0.14696384966373444,0.09230557372116312,0.0,0.0,0.21342114013052016,0.16555500638408205,0.3722991943359375,0.6042257536065562,1.4136963924485166,0.7032502293586731
ENSG00000163659.12,TIPARP,0.27865338,0.27865338,-0.04311990737915039,False,,,,,,,,,,,,,,,,-0.02821636199951172
ENSG00000174891.12,RSRC1,0.10795484,0.10795484,-0.09022307395935059,False,,,,,,,,,,,,,,,,-0.04217827320098877
ENSG00000118855.18,MFSD1,0.073146604,0.073146604,-0.0072596073150634766,False,,,,,,,,,,,,,,,,0.05924880504608154
ENSG00000085274.15,MYNN,0.23434198,0.23434198,-0.17852413654327393,False,,,,,,,,,,,,,,,,-0.17028772830963135
ENSG00000136603.13,SKIL,0.20127925,0.20127925,-0.06405043601989746,False,,,,,,,,,,,,,,,,-0.05424201488494873
ENSG00000121879.3,PIK3CA,0.101707555,0.101707555,-0.07670402526855469,False,,,,,,,,,,,,,,,,-0.049257636070251465
ENSG00000163728.10,TTC14,0.43095067,0.43095067,-0.24883854389190674,False,,,,,,,,,,,,,,,,-0.2446455955505371
ENSG00000058063.15,ATP11B,0.4893104,0.4893104,-0.27416133880615234,False,,,,,,,,,,,,,,,,-0.2684744596481323
ENSG00000114796.15,KLHL24,0.21447188,0.21447188,-0.06946086883544922,False,,,,,,,,,,,,,,,,-0.06699442863464355
ENSG00000163904.12,SENP2,0.17689282,0.17689282,-0.12471413612365723,False,,,,,,,,,,,,,,,,-0.11772191524505615
ENSG00000152492.13,CCDC50,0.0061474363,0.0061474363,0.03803813457489014,False,,,,,,,,,,,,,,,,0.039457857608795166
ENSG00000119231.10,SENP5,0.09849031,0.09849031,-0.14445149898529053,False,,,,,,,,,,,,,,,,-0.032877326011657715
ENSG00000182903.15,ZNF721,0.35454065,0.35454065,-0.29785025119781494,False,,,,,,,,,,,,,,,,-0.2915799617767334
ENSG00000159674.11,SPON2,0.00690287,0.00690287,0.18256062269210815,False,,,,,,,,,,,,,,,,0.18300950527191162
ENSG00000109736.14,MFSD10,0.036162637,0.036162637,-0.016022086143493652,False,,,,,,,,,,,,,,,,0.002388179302215576
ENSG00000145220.13,LYAR,0.017300874,0.017300874,-0.016834259033203125,False,,,,,,,,,,,,,,,,0.09699499607086182
ENSG00000038219.12,BOD1L1,0.18135129,0.18135129,-0.1738830804824829,False,,,,,,,,,,,,,,,,-0.06503105163574219
ENSG00000118564.14,FBXL5,0.042491682,0.14975746,0.06952369213104248,True,0.2187982358087027,2.2885730737645145,0.3559702410074052,3.8690317584084513,0.13191503785550596,0.02419348619878292,0.08665746450424194,0.11803705105855772,0.0,0.0,0.41700944920820593,0.08998792224848275,0.2499379813671112,2.2917444742700486,1.4085920794725222,0.08515292406082153
ENSG00000137441.7,FGFBP2,0.0012249155,0.0012249155,0.08967983722686768,False,,,,,,,,,,,,,,,,0.1007537841796875
ENSG00000047365.11,ARAP2,0.19978283,0.19978283,-0.07078611850738525,False,,,,,,,,,,,,,,,,-0.0392073392868042
ENSG00000121895.7,TMEM156,0.07492068,0.07492068,-0.030728459358215332,False,,,,,,,,,,,,,,,,0.010336518287658691
ENSG00000163683.11,SMIM14,0.024536699,0.024536699,-0.0026241540908813477,False,,,,,,,,,,,,,,,,0.005850851535797119
ENSG00000121892.14,PDS5A,0.18458973,0.18458973,-0.13376224040985107,False,,,,,,,,,,,,,,,,-0.1017751693725586
ENSG00000124406.16,ATP8A1,0.47020483,0.47020483,-0.12247037887573242,False,,,,,,,,,,,,,,,,-0.07717454433441162
ENSG00000074966.10,TXK,0.30983958,0.77556026,0.40170133113861084,True,0.07285613876662565,0.5335335287552796,0.3447772227634715,6.386114612019933,1.1321405148506165,0.05294891819357872,0.05538212135434151,0.18511454027873941,0.0,0.0,0.13739963029457453,0.15396089741548735,0.16769081354141235,1.3153959043531214,1.9604274037857297,0.4136083126068115
ENSG00000075539.14,FRYL,0.3009089,0.3009089,-0.26135993003845215,False,,,,,,,,,,,,,,,,-0.22516846656799316
ENSG00000128040.10,SPINK2,0.0042438493,0.0042438493,0.17839676141738892,False,,,,,,,,,,,,,,,,0.17842960357666016
ENSG00000163453.11,IGFBP7,0.0004927674,0.01382066,0.11647331714630127,True,0.9613635150475199,20.897711648765338,0.6209964998226591,2.4204183213919777,0.02442245529033244,0.012659631669521332,0.24492524564266205,4.786764851257451e-27,0.0,0.0,0.4592070551403996,0.0416734454658081,0.6317031383514404,1.3719516579632058,0.83321341848069,0.12856465578079224
ENSG00000145241.10,CENPC,0.22433363,0.22433363,-0.16978967189788818,False,,,,,,,,,,,,,,,,-0.16921734809875488
ENSG00000033178.12,UBA6,0.20486994,0.20486994,-0.10742378234863281,False,,,,,,,,,,,,,,,,-0.09784448146820068
ENSG00000132465.10,JCHAIN,0.00037188103,0.00037188103,0.009359538555145264,False,,,,,,,,,,,,,,,,0.009464383125305176
ENSG00000163737.3,PF4,0.00041575378,0.00041575378,0.10207629203796387,False,,,,,,,,,,,,,,,,0.10207623243331909
ENSG00000081041.8,CXCL2,0.0027796028,0.0027796028,0.0015258193016052246,False,,,,,,,,,,,,,,,,0.0016208291053771973
ENSG00000138744.14,NAAA,0.12746519,0.12746519,-0.062652587890625,False,,,,,,,,,,,,,,,,-0.06003212928771973
ENSG00000138767.12,CNOT6L,0.042916913,0.042916913,-0.08528101444244385,False,,,,,,,,,,,,,,,,-0.006055712699890137
ENSG00000163297.16,ANTXR2,0.13363819,0.13363819,-0.04987525939941406,False,,,,,,,,,,,,,,,,-0.042772889137268066
ENSG00000138668.18,HNRNPD,0.08653785,0.23670287,0.023043513298034668,True,0.0961689618397116,0.974739257110152,0.24452542503715488,11.701510825873251,0.3782904813438652,0.030195649713277817,0.10104049742221832,0.1988821978007328,0.0,0.0,0.33418956725854637,0.09967080537468041,0.3008654713630676,1.0979997919798483,2.9424959439409166,0.04444265365600586
ENSG00000138674.16,SEC31A,0.19695762,0.19695762,-0.13195288181304932,False,,,,,,,,,,,,,,,,-0.08491981029510498
ENSG00000145287.10,PLAC8,0.01802753,0.020647386,0.13340693712234497,True,1.7600386473010117,15.616237188420426,0.4458916302939921,3.953331748471294,0.039197901976294816,0.017478374764323235,0.60085129737854,2.665019730378207e-06,0.0,0.0,0.48900666845293855,0.0696924256860285,2.47855544090271,2.2049814244072907,1.8373429215135746,0.1727921962738037
ENSG00000163644.14,PPM1K,0.02096732,0.077752866,0.012714862823486328,True,0.5138002393422004,8.314414792629622,0.7898963911596917,2.0085409698593697,0.0684517852216959,0.014494200237095356,0.10004866123199463,0.11544751770534609,0.0,0.0,0.337984719500679,0.04814072383371836,0.30118823051452637,1.610212471049091,0.7382894699620027,0.09418213367462158
ENSG00000138640.14,FAM13A,0.29058307,0.29058307,-0.030184149742126465,False,,,,,,,,,,,,,,,,-0.0023696422576904297
ENSG00000145335.15,SNCA,0.0061687385,0.0061687385,0.06185191869735718,False,,,,,,,,,,,,,,,,0.06229233741760254
ENSG00000164031.16,DNAJB14,0.06525833,0.06525833,-0.13046538829803467,False,,,,,,,,,,,,,,,,-0.03454291820526123
ENSG00000164032.11,H2AFZ,0.018588778,0.018312229,0.31682419776916504,True,4.974218662595719,33.002620647833474,0.8997654064973597,14.51173197200411,0.033466351786628365,0.03147547319531441,1.431928038597107,9.737616096511156e-23,0.0,0.0,0.4972170981873363,0.1324046953561826,3.6750435829162598,0.6493619130057291,1.1815544229388157,0.342029869556427
ENSG00000138814.16,PPP3CA,0.0721928,0.0721928,-0.03876090049743652,False,,,,,,,,,,,,,,,,-0.01161813735961914
ENSG00000109323.8,MANBA,0.42147768,0.42147768,-0.051072001457214355,False,,,,,,,,,,,,,,,,-0.05103898048400879
ENSG00000138795.9,LEF1,0.061117016,0.061117016,-0.13000977039337158,False,,,,,,,,,,,,,,,,0.14652210474014282
ENSG00000145349.16,CAMK2D,0.07454551,0.29063198,0.04228705167770386,True,0.10578196403699666,1.3583362695464645,0.34735037503433136,4.748212309357833,0.48900815695524213,0.023186562582850456,0.049786265939474106,0.05161415052648928,0.0,0.0,0.31694324077083424,0.08050984814464622,0.1556967794895172,1.6494805289070025,1.5807598556957483,0.08809512853622437
ENSG00000164111.14,ANXA5,0.027029127,0.055175986,0.13121694326400757,True,1.0444513844069103,11.560594586447765,0.565254447467089,2.2511013721677124,0.0417063257843256,0.02393520623445511,0.271167129278183,0.15717208653854686,0.0,0.0,0.45081911765025223,0.08053720402743103,0.610508382320404,1.2223444472190088,0.8866536956131845,0.24176901578903198
ENSG00000109381.19,ELF2,0.15245233,0.15245233,-0.11081957817077637,False,,,,,,,,,,,,,,,,-0.09229516983032227
ENSG00000109452.12,INPP4B,0.1491507,0.41363052,0.10757315158843994,True,0.0509179930956631,1.0169625540769338,0.2946672879643989,5.270641426673731,0.8670720815658569,0.024603189900517464,0.03641461208462715,0.1385230672716922,0.0,0.0,0.10726827636990766,0.08092028823818254,0.10769013315439224,1.7455878094971689,1.585465242893278,0.13775604963302612
ENSG00000250361.7,GYPB,0.013548954,0.017479893,0.621932864189148,True,2.0362117627426914,57.93527015408144,1.4922335374348816,9.489733514264294,0.013815011829137802,0.011241933330893517,0.40687382221221924,1.3597329696322987e-28,0.0,0.0,0.4437450965992379,0.02863920399054365,0.9242991805076599,0.3666115653635549,0.6247060282268716,0.6219334602355957
ENSG00000170180.20,GYPA,0.00694875,0.00694875,0.5466534495353699,False,,,,,,,,,,,,,,,,0.5466540157794952
ENSG00000164169.12,PRMT9,0.20095684,0.20095684,-0.0920184850692749,False,,,,,,,,,,,,,,,,-0.05651891231536865
ENSG00000198589.10,LRBA,0.39947534,0.39947534,-0.2421889305114746,False,,,,,,,,,,,,,,,,-0.22745883464813232
ENSG00000170006.11,TMEM154,0.05544785,0.05544785,-0.05336451530456543,False,,,,,,,,,,,,,,,,0.0206984281539917
ENSG00000164104.11,HMGB2,0.006321825,0.006321825,0.08498579263687134,False,,,,,,,,,,,,,,,,0.09226131439208984
ENSG00000151726.13,ACSL1,0.025206007,0.11629674,0.11547303199768066,True,0.15480043506422955,2.3534711128938652,0.4687650842444688,2.6303253986117037,0.16936069473624232,0.021308869123458862,0.0594496913254261,0.0010806823345362448,0.0,0.0,0.24244251190684324,0.06353646483037247,0.1600237786769867,1.2332027043356457,1.126169955598364,0.13332593441009521
ENSG00000164323.12,CFAP97,0.04534179,0.04534179,-0.028370976448059082,False,,,,,,,,,,,,,,,,-0.010214805603027344
ENSG00000243449.6,C4orf48,0.053718153,0.11323755,0.34185391664505005,True,1.2791368491122546,8.15807919877879,0.7029114246489792,2.5559197487721095,0.06191022142767907,0.04272446408867836,0.32607391476631165,0.19073954253781106,0.0,0.0,0.4656450983254992,0.13718767921164954,0.6919544339179993,1.2135472176448092,0.8909682521616366,0.412822961807251
ENSG00000125386.15,FAM193A,0.05428804,0.05428804,-0.04546916484832764,False,,,,,,,,,,,,,,,,-0.04067873954772949
ENSG00000087266.15,SH3BP2,0.07738104,0.07738104,-0.022777080535888672,False,,,,,,,,,,,,,,,,0.11970388889312744
ENSG00000197386.10,HTT,0.27927428,0.27927428,-0.14299213886260986,False,,,,,,,,,,,,,,,,-0.14280128479003906
ENSG00000170871.11,KIAA0232,0.06341665,0.06341665,-0.0030480623245239258,False,,,,,,,,,,,,,,,,0.0026745200157165527
ENSG00000132405.18,TBC1D14,0.13495365,0.13495365,-0.0978468656539917,False,,,,,,,,,,,,,,,,-0.08338212966918945
ENSG00000237765.6,FAM200B,1.36624,1.36624,-0.48887717723846436,False,,,,,,,,,,,,,,,,-0.46676957607269287
ENSG00000118579.12,MED28,0.5527907,0.5527907,-0.7775254249572754,False,,,,,,,,,,,,,,,,-0.762874960899353
ENSG00000168214.20,RBPJ,0.2938809,0.2938809,-0.14939117431640625,False,,,,,,,,,,,,,,,,-0.06729698181152344
ENSG00000109689.15,STIM2,0.5636794,0.5636794,-0.029245972633361816,False,,,,,,,,,,,,,,,,0.06605798006057739
ENSG00000065882.15,TBC1D1,0.040388983,0.127845,0.03152453899383545,True,0.1431612060364763,1.972969091341982,0.3863570058178916,3.6821238283837463,0.3120882093906402,0.016171924769878387,0.056223008781671524,2.546812685028502e-33,0.0,0.0,0.42252379179807614,0.05242310097250069,0.19336801767349243,1.3406759598716327,1.4348579174302358,0.04593515396118164
ENSG00000109787.12,KLF3,0.10036301,0.10036301,-0.08400332927703857,False,,,,,,,,,,,,,,,,-0.04185342788696289
ENSG00000078177.13,N4BP2,0.06426691,0.06426691,-0.0390855073928833,False,,,,,,,,,,,,,,,,-0.005270123481750488
ENSG00000168421.12,RHOH,0.05660923,0.12505326,0.04506033658981323,True,0.30074455907597075,4.545068059844378,0.45403990587292176,2.950971840607644,0.10985765196383002,0.025656884536147118,0.11035078018903732,0.1453147632197048,0.0,0.0,0.3681427775882894,0.08488442803400888,0.33570849895477295,2.078630533254368,0.9463048933008774,0.10727459192276001
ENSG00000109133.12,TMEM33,0.031236866,0.031236866,-0.04689288139343262,False,,,,,,,,,,,,,,,,-0.0061037540435791016
ENSG00000109171.14,SLAIN2,0.114390776,0.114390776,-0.09028780460357666,False,,,,,,,,,,,,,,,,-0.09017682075500488
ENSG00000134851.12,TMEM165,0.36538452,0.36538452,-0.40602612495422363,False,,,,,,,,,,,,,,,,-0.4053494930267334
ENSG00000090989.17,EXOC1,0.28258866,0.28258866,-0.25794196128845215,False,,,,,,,,,,,,,,,,-0.2579219341278076
ENSG00000169429.10,CXCL8,0.0068909507,0.021418806,0.35286933183670044,True,5.691882904877558,27.07799978313741,0.697331544876317,3.27701291484079,0.04506895137950778,0.05738750472664833,1.8049407005310059,0.012588799926621699,0.0,0.0,0.4929229292957397,0.1772868399929379,4.9043288230896,0.9581750708145476,0.9458142163998287,0.35327988862991333
ENSG00000124882.3,EREG,0.035630323,0.057012383,0.1445642113685608,True,0.3775785046278236,4.821196543947606,0.4360240805614043,2.048740006738677,0.1001141809299588,0.01937156915664673,0.11174321919679642,3.6753511794112547e-69,0.0,0.0,0.37975480223451247,0.05765257171139381,0.32436421513557434,1.0461528250429843,1.0255450946584164,0.187039315700531
ENSG00000109321.10,AREG,0.01935239,0.03282333,0.056844353675842285,True,0.6796000347830314,9.559493795229594,0.4882297549449661,3.666122906418656,0.08024759078398347,0.014242981560528278,0.27954354882240295,0.059727304089069816,0.0,0.0,0.4691166897882365,0.0470910452507467,0.8330789804458618,1.0652109982330633,1.5838329081605782,0.0600358247756958
ENSG00000138768.14,USO1,0.3194011,0.3194011,-0.26839375495910645,False,,,,,,,,,,,,,,,,-0.20380961894989014
ENSG00000138678.10,GPAT3,0.06395595,0.3369151,0.1389298439025879,True,0.04425927384173353,0.6100085612931317,0.2792115324431717,5.145107865172725,0.7687524497509003,0.02556147798895836,0.03491312637925148,0.07779961883847276,0.0,0.0,0.05997209499920842,0.0779514356724409,0.09867320209741592,1.0399131640087689,1.919199255358164,0.16295725107192993
ENSG00000138639.17,ARHGAP24,0.22156666,0.5388946,0.21642637252807617,True,0.049191603322406054,0.7790468513290015,0.27469008099363,4.5716821512981705,1.0589352324604984,0.027728362008929253,0.03207679092884064,0.09618567722615266,0.0,0.0,0.007269768363524857,0.08469490861967355,0.09691768884658813,1.243601046903451,1.5591662594960882,0.23765617609024048
ENSG00000172493.20,AFF1,0.18108077,0.18108077,-0.11579656600952148,False,,,,,,,,,,,,,,,,-0.04394984245300293
ENSG00000138646.8,HERC5,0.18682322,0.24021477,0.041553795337677,True,0.07450910505673065,1.1393524809577202,0.3012384481337184,4.192077080675274,0.54710284024477,0.017287395894527435,0.03870764002203941,9.499565227376857e-35,0.0,0.0,0.3404824813624581,0.0631520355276436,0.13602998852729797,1.7689768969868993,1.8716287290233462,0.07793033123016357
ENSG00000163110.14,PDLIM5,0.12679115,0.12679115,-0.0688241720199585,False,,,,,,,,,,,,,,,,-0.047193169593811035
ENSG00000153064.11,BANK1,0.044752903,0.05698,0.29967987537384033,True,0.7596464679582149,8.1982700253902,0.4514467446657386,1.9521783246171627,0.0700307191349566,0.023321324959397316,0.19231653213500977,0.1384004171265536,0.0,0.0,0.39572572893364816,0.07544545442561115,0.5368010997772217,1.1535565654204933,0.957969910891193,0.3348217010498047
ENSG00000109320.11,NFKB1,0.15409993,0.15409993,-0.07350027561187744,False,,,,,,,,,,,,,,,,-0.0574268102645874
ENSG00000168769.13,TET2,0.028102975,0.18726367,0.03378915786743164,True,0.09241396510559043,1.2211548780023844,0.39635331407630153,2.974526337025302,0.30625387296080586,0.02431795559823513,0.03751865774393082,1.908286697111268e-60,0.0,0.0,0.3185205870607608,0.0884356357620888,0.10934635996818542,2.4427287588237765,1.2227585221109536,0.05001366138458252
ENSG00000164022.16,AIMP1,0.113154575,0.113154575,-0.3997763395309448,False,,,,,,,,,,,,,,,,-0.05660855770111084
ENSG00000174720.15,LARP7,0.5017036,0.5017036,-0.3217282295227051,False,,,,,,,,,,,,,,,,-0.3174557685852051
ENSG00000145388.14,METTL14,0.19508824,0.19508824,-0.15925347805023193,False,,,,,,,,,,,,,,,,-0.1016160249710083
ENSG00000138688.15,KIAA1109,0.22335123,0.22335123,-0.18990468978881836,False,,,,,,,,,,,,,,,,-0.12016487121582031
ENSG00000077684.15,JADE1,0.03697819,0.03697819,-0.03319501876831055,False,,,,,,,,,,,,,,,,-0.02701723575592041
ENSG00000164167.10,LSM6,2.6846347,2.6846347,0.002083301544189453,False,,,,,,,,,,,,,,,,0.024888694286346436
ENSG00000121210.15,TMEM131L,0.05273933,0.23497443,0.026127994060516357,True,0.12832529570900456,1.612747311087407,0.38874612935092273,6.028273153694366,0.4008578340212504,0.02007751725614071,0.05175592377781868,2.654628638720149e-56,0.0,0.0,0.40474512715132116,0.06629103191886188,0.20885471999645233,1.3766649760595044,1.4694909078671903,0.10806554555892944
ENSG00000109756.8,RAPGEF2,0.15400769,0.15400769,-0.061509132385253906,False,,,,,,,,,,,,,,,,-0.05820584297180176
ENSG00000129128.12,SPCS3,0.05883845,0.05883845,-0.15434205532073975,False,,,,,,,,,,,,,,,,0.04284161329269409
ENSG00000109536.11,FRG1,0.04127589,0.04127589,-0.043845534324645996,False,,,,,,,,,,,,,,,,-0.019278883934020996
ENSG00000028310.17,BRD9,0.4079119,0.4079119,-0.25791239738464355,False,,,,,,,,,,,,,,,,-0.24732351303100586
ENSG00000215158.9,AC138409.2,0.24960305,0.24960305,-0.2235558032989502,False,,,,,,,,,,,,,,,,-0.2217118740081787
ENSG00000113456.18,RAD1,0.10899453,0.10899453,-0.09339666366577148,False,,,,,,,,,,,,,,,,-0.06816911697387695
ENSG00000164327.12,RICTOR,0.2825029,0.2825029,-0.18629491329193115,False,,,,,,,,,,,,,,,,-0.15580201148986816
ENSG00000132356.11,PRKAA1,0.3125776,0.3125776,-0.29985225200653076,False,,,,,,,,,,,,,,,,-0.2781282663345337
ENSG00000177738.3,AC025171.1,0.07202773,0.07202773,-0.05467784404754639,False,,,,,,,,,,,,,,,,-0.05389249324798584
ENSG00000112972.14,HMGCS1,0.15484558,0.15484558,-0.09363782405853271,False,,,,,,,,,,,,,,,,-0.06897115707397461
ENSG00000170571.11,EMB,0.02455426,0.02455426,-0.21309304237365723,False,,,,,,,,,,,,,,,,-0.009296178817749023
ENSG00000067248.9,DHX29,0.19687895,0.19687895,-0.08210837841033936,False,,,,,,,,,,,,,,,,-0.07893168926239014
ENSG00000134352.19,IL6ST,0.18662146,0.18662146,-0.1055830717086792,False,,,,,,,,,,,,,,,,0.022291183471679688
ENSG00000113448.18,PDE4D,0.22276199,0.22276199,-0.05774223804473877,False,,,,,,,,,,,,,,,,-0.042978882789611816
ENSG00000153006.15,SREK1IP1,0.06264582,0.06264582,-0.30436909198760986,False,,,,,,,,,,,,,,,,-0.04102742671966553
ENSG00000164347.17,GFM2,0.056103367,0.056103367,-0.036630988121032715,False,,,,,,,,,,,,,,,,-0.03339207172393799
ENSG00000132842.13,AP3B1,0.078694746,0.078694746,-0.05689561367034912,False,,,,,,,,,,,,,,,,-0.048195838928222656
ENSG00000145687.16,SSBP2,0.020710986,0.064649954,0.11220180988311768,True,0.23316649924118213,3.604230286850224,0.29578449971342957,3.6190294671213263,0.19311358885218705,0.01775328628718853,0.1472441554069519,1.5139710746529215e-38,0.0,0.0,0.42518831995267226,0.062498184305712634,0.4029713571071625,1.5578896758486014,2.1155824428175842,0.1129915714263916
ENSG00000174695.9,TMEM167A,0.0031465264,0.0031465264,-0.02623152732849121,False,,,,,,,,,,,,,,,,-0.016618967056274414
ENSG00000134480.13,CCNH,2.9438758,2.9438758,-0.33373093605041504,False,,,,,,,,,,,,,,,,-0.3200209140777588
ENSG00000081189.15,MEF2C,0.43715265,0.7699975,0.5348441004753113,True,0.14719368009629402,0.47787966890938555,0.3412788335084061,8.391655451585713,1.1939688648283484,0.1029672920703888,0.12224450707435608,0.24934446387186937,0.0,0.0,0.2611193218549356,0.2722036422737339,0.3134978413581848,0.7281710801753541,2.129436619736948,0.5360094904899597
ENSG00000153140.8,CETN3,0.021399189,0.021399189,-0.017424345016479492,False,,,,,,,,,,,,,,,,-0.009617090225219727
ENSG00000113369.8,ARRDC3,0.066763595,0.066763595,-0.1514662504196167,False,,,,,,,,,,,,,,,,-0.020762085914611816
ENSG00000113391.18,FAM172A,0.07939421,0.07939421,-0.06725740432739258,False,,,,,,,,,,,,,,,,-0.04572248458862305
ENSG00000118985.15,ELL2,0.1010393,0.1010393,-0.04326462745666504,False,,,,,,,,,,,,,,,,-0.018584370613098145
ENSG00000153922.10,CHD1,0.751378,0.751378,-0.44058454036712646,False,,,,,,,,,,,,,,,,-0.4298475980758667
ENSG00000198961.9,PJA2,0.16610906,0.16610906,-0.3209567070007324,False,,,,,,,,,,,,,,,,-0.31965625286102295
ENSG00000129625.12,REEP5,0.07800909,0.07800909,-0.15185308456420898,False,,,,,,,,,,,,,,,,-0.1291409730911255
ENSG00000164221.12,CCDC112,0.0032754277,0.01051728,0.037952721118927,True,0.5007734662991563,8.963094363003451,0.3899400034515123,4.4099401899959965,0.07063026465475558,0.009647361002862453,0.21512864530086517,3.50715070313492e-15,0.0,0.0,0.48101662013895075,0.030739336473738277,0.7396405339241028,1.0540517793702286,1.919232020175285,0.037978529930114746
ENSG00000145782.12,ATG12,0.19462433,0.19462433,-0.21956050395965576,False,,,,,,,,,,,,,,,,-0.0943065881729126
ENSG00000164241.13,C5orf63,0.10780391,0.10780391,-0.0554811954498291,False,,,,,,,,,,,,,,,,-0.05411970615386963
ENSG00000125347.13,IRF1,0.020106563,0.020106563,-0.10565590858459473,False,,,,,,,,,,,,,,,,0.021295368671417236
ENSG00000155329.11,ZCCHC10,0.1361872,0.1361872,-0.020783662796020508,False,,,,,,,,,,,,,,,,0.003198981285095215
ENSG00000213585.10,VDAC1,0.0031662886,0.0031662886,-0.0004734992980957031,False,,,,,,,,,,,,,,,,0.008310854434967041
ENSG00000152700.13,SAR1B,0.15597107,0.15597107,-0.06470715999603271,False,,,,,,,,,,,,,,,,-0.053484439849853516
ENSG00000031003.10,FAM13B,0.34383366,0.34383366,-0.2719149589538574,False,,,,,,,,,,,,,,,,-0.25327515602111816
ENSG00000170476.15,MZB1,0.016005378,0.07245344,0.49759799242019653,True,2.38481339072152,10.467684275960968,0.841856395934357,2.6773171299127867,0.04985680712386966,0.05609779432415962,0.531646728515625,0.17078719730560415,0.0,0.0,0.47320431758386955,0.15995771606316644,1.3205530643463135,0.614875460707258,0.8622584227493835,0.4977901577949524
ENSG00000113070.7,HBEGF,0.01606824,0.033766087,0.049574077129364014,True,0.3783582678012282,3.4189158432675613,0.2904130542826457,1.3419546280041892,0.3183538547158241,0.02687538042664528,0.09996715188026428,8.265918726069677e-08,0.0,0.0,0.46345115328836983,0.09335471043729625,0.2828671932220459,2.3030875669530397,0.8392860984979704,0.0548403263092041
ENSG00000131504.15,DIAPH1,0.18772857,0.18772857,-0.059123873710632324,False,,,,,,,,,,,,,,,,-0.017899274826049805
ENSG00000113580.14,NR3C1,0.14035021,0.14035021,-0.09299647808074951,False,,,,,,,,,,,,,,,,-0.08271932601928711
ENSG00000019582.14,CD74,0.058898054,0.07017113,0.7474685311317444,True,38.82511822679316,25.77639526430636,1.6839857933501698,8.151987285672465,0.026627862257882953,0.4017478823661804,7.128843784332275,0.5775784009264987,0.0,0.0,0.498592963766276,1.075170722407741,19.90264892578125,0.13535863693531763,0.6556227862127524,0.8550712615251541
ENSG00000086589.11,RBM22,0.041507445,0.041507445,-0.09813857078552246,False,,,,,,,,,,,,,,,,-0.013503551483154297
ENSG00000132912.12,DCTN4,0.31826544,0.31826544,-0.2970283031463623,False,,,,,,,,,,,,,,,,-0.29418087005615234
ENSG00000145901.14,TNIP1,0.91146153,0.91146153,-0.8686946630477905,False,,,,,,,,,,,,,,,,-0.8611323833465576
ENSG00000198624.12,CCDC69,0.017951038,0.017951038,-0.0553131103515625,False,,,,,,,,,,,,,,,,0.010168671607971191
ENSG00000177556.11,ATOX1,0.011174101,0.011174101,-0.012119054794311523,False,,,,,,,,,,,,,,,,0.0026367902755737305
ENSG00000113282.13,CLINT1,0.08415782,0.08415782,-0.08412683010101318,False,,,,,,,,,,,,,,,,-0.038626909255981445
ENSG00000164330.16,EBF1,0.007580999,0.02796332,0.14662879705429077,True,0.8934383320970178,11.501134788004157,0.6840658756289827,2.4454433219804503,0.042723217774182545,0.017759662121534348,0.196414053440094,4.5991486306602224e-24,0.0,0.0,0.42545871719520517,0.05414143967768848,0.45419931411743164,1.0343144707504435,0.8242336847081854,0.1482301950454712
ENSG00000072803.17,FBXW11,0.1101004,0.1101004,-0.07784914970397949,False,,,,,,,,,,,,,,,,-0.06826043128967285
ENSG00000120129.5,DUSP1,0.0051560216,0.0051560216,0.012581408023834229,False,,,,,,,,,,,,,,,,0.0622902512550354
ENSG00000087206.16,UIMC1,0.3443887,0.3443887,-0.10890734195709229,False,,,,,,,,,,,,,,,,-0.10032391548156738
ENSG00000169045.17,HNRNPH1,0.03262061,0.03262061,-0.007098555564880371,False,,,,,,,,,,,,,,,,0.0007811188697814941
ENSG00000113269.13,RNF130,0.0480406,0.0480406,0.0006621479988098145,False,,,,,,,,,,,,,,,,0.15236419439315796
ENSG00000131446.16,MGAT1,0.2516124,0.2516124,-0.2012343406677246,False,,,,,,,,,,,,,,,,0.1466904878616333
ENSG00000145495.15,MARCH6,0.39121485,0.39121485,-0.2596569061279297,False,,,,,,,,,,,,,,,,-0.18681001663208008
ENSG00000154124.4,OTULIN,0.039829135,0.039829135,-0.021853923797607422,False,,,,,,,,,,,,,,,,-0.004504084587097168
ENSG00000168724.14,DNAJC21,0.09836724,0.09836724,-0.10124421119689941,False,,,,,,,,,,,,,,,,-0.030003070831298828
ENSG00000168685.14,IL7R,0.057189133,0.0738437,0.3747362494468689,True,1.0975797088377217,11.966797200798762,0.6497475576104378,2.8050866459076205,0.044485008660703894,0.028567371889948845,0.3034299314022064,0.20828670665641616,0.0,0.0,0.3964347564038662,0.08474356082103984,0.8794612884521484,1.2258596209925838,0.8611692366254061,0.4396316409111023
ENSG00000164190.17,NIPBL,0.3235626,0.3235626,-0.227838397026062,False,,,,,,,,,,,,,,,,-0.1997593641281128
ENSG00000151883.17,PARP8,0.112146124,0.31584564,0.02683204412460327,True,0.09626838367714324,1.1480601296632753,0.3062159259978979,5.465505653847889,0.5819354058802131,0.03021044284105301,0.06995376199483871,0.18491673791167101,0.0,0.0,0.23341691974124085,0.0933460058069917,0.18862992525100708,1.1725693270919066,1.815230899359382,0.052679479122161865
ENSG00000113088.5,GZMK,0.0006177443,0.0006177443,0.020153284072875977,False,,,,,,,,,,,,,,,,0.02162414789199829
ENSG00000145649.7,GZMA,0.003396525,0.003396525,0.10596686601638794,False,,,,,,,,,,,,,,,,0.1421891450881958
ENSG00000095015.5,MAP3K1,0.0679148,0.0679148,-0.013689875602722168,False,,,,,,,,,,,,,,,,0.037085533142089844
ENSG00000062194.15,GPBP1,0.074892685,0.074892685,-0.1430882215499878,False,,,,,,,,,,,,,,,,0.01034480333328247
ENSG00000068796.16,KIF2A,0.086111,0.46352437,0.22088712453842163,True,0.06209389368290178,1.402352745759377,0.2579548903269728,6.308337475672774,0.5668208234839969,0.01736072078347206,0.03692403808236122,0.1348257437596584,0.0,0.0,0.06770333824435452,0.05800566172572185,0.12062512338161469,1.3889523031290667,1.6721019151959886,0.32241278886795044
ENSG00000112851.14,ERBIN,0.19504921,0.19504921,-0.18835759162902832,False,,,,,,,,,,,,,,,,-0.14094650745391846
ENSG00000153914.15,SREK1,0.21736193,0.21736193,-0.12908923625946045,False,,,,,,,,,,,,,,,,-0.09988963603973389
ENSG00000145675.14,PIK3R1,0.024297139,0.03915837,0.15878117084503174,True,1.6618951640297432,19.394551837914076,0.7443863254489985,2.6607534137972646,0.02256320776417851,0.018511606380343437,0.3815014660358429,0.1640208207949858,0.0,0.0,0.4653331597148179,0.06383486641339343,1.0692147016525269,1.3352396608337922,0.9769122108020055,0.2367836833000183
ENSG00000134056.11,MRPS36,0.041406594,0.041406594,-0.2659320831298828,False,,,,,,,,,,,,,,,,-0.004929780960083008
ENSG00000152942.18,RAD17,0.05419552,0.05419552,-0.035718441009521484,False,,,,,,,,,,,,,,,,-0.033950209617614746
ENSG00000145734.18,BDP1,0.21024606,0.21024606,-0.16789960861206055,False,,,,,,,,,,,,,,,,-0.06622159481048584
ENSG00000083312.17,TNPO1,0.16167818,0.16167818,-0.1152123212814331,False,,,,,,,,,,,,,,,,-0.1100456714630127
ENSG00000113161.15,HMGCR,0.08983715,0.08983715,-0.03355729579925537,False,,,,,,,,,,,,,,,,-0.0312654972076416
ENSG00000122008.15,POLK,0.19102278,0.19102278,-0.12194943428039551,False,,,,,,,,,,,,,,,,-0.12136197090148926
ENSG00000038427.15,VCAN,0.05654669,0.07310661,0.6106339693069458,True,3.3001360535022446,12.071343420204416,0.7598798441736554,2.625529337974058,0.045235934481024746,0.07807224988937378,0.815483033657074,0.23166612100804382,0.0,0.0,0.4751148987352816,0.2356455505848487,2.034301280975342,0.8185091415376881,0.8240875650274484,0.6299986839294434
ENSG00000133302.12,SLF1,0.085593954,0.085593954,-0.03909564018249512,False,,,,,,,,,,,,,,,,-0.028710246086120605
ENSG00000153113.23,CAST,0.5063538,0.5063538,-0.03697526454925537,False,,,,,,,,,,,,,,,,0.224972665309906
ENSG00000164308.16,ERAP2,0.08319446,0.08319446,-0.10072648525238037,False,,,,,,,,,,,,,,,,-0.04314827919006348
ENSG00000113441.15,LNPEP,0.08940667,0.08940667,-0.09874260425567627,False,,,,,,,,,,,,,,,,-0.03477776050567627
ENSG00000145725.19,PPIP5K2,0.2563709,0.2563709,-0.18538296222686768,False,,,,,,,,,,,,,,,,-0.18080449104309082
ENSG00000112893.9,MAN2A1,0.12243118,0.12243118,-0.12449443340301514,False,,,,,,,,,,,,,,,,-0.07639861106872559
ENSG00000047188.15,YTHDC2,0.26969004,0.26969004,-0.1774531602859497,False,,,,,,,,,,,,,,,,-0.15443480014801025
ENSG00000172869.14,DMXL1,0.12636396,0.12636396,-0.053603291511535645,False,,,,,,,,,,,,,,,,-0.04365086555480957
ENSG00000205302.6,SNX2,0.03683912,0.03683912,-0.049907803535461426,False,,,,,,,,,,,,,,,,0.024363458156585693
ENSG00000151292.17,CSNK1G3,0.09661833,0.09661833,-0.04980635643005371,False,,,,,,,,,,,,,,,,-0.03365898132324219
ENSG00000158985.13,CDC42SE2,0.9001588,0.9001588,-0.4586600065231323,False,,,,,,,,,,,,,,,,-0.45419907569885254
ENSG00000170606.14,HSPA4,0.2144452,0.2144452,-0.13860154151916504,False,,,,,,,,,,,,,,,,0.007950782775878906
ENSG00000181904.8,C5orf24,0.024124457,0.024124457,-0.06662201881408691,False,,,,,,,,,,,,,,,,-0.015453934669494629
ENSG00000120709.10,FAM53C,0.24234623,0.24234623,-0.0452042818069458,False,,,,,,,,,,,,,,,,-0.036597490310668945
ENSG00000120733.13,KDM3B,0.14914674,0.14914674,-0.09779703617095947,False,,,,,,,,,,,,,,,,-0.08586645126342773
ENSG00000120738.7,EGR1,0.008686071,0.008686071,0.05920690298080444,False,,,,,,,,,,,,,,,,0.061762094497680664
ENSG00000171604.11,CXXC5,0.094518125,0.18141434,0.2648776173591614,True,0.17330318029682995,2.0703305413251956,0.30429325368488125,5.477786865679838,0.3450192102044821,0.0280313603579998,0.10947870463132858,0.1700577849211383,0.0,0.0,0.3697566947552662,0.08448875789558664,0.3491245210170746,1.2768656929645112,1.7067900693461548,0.274288535118103
ENSG00000145819.15,ARHGAP26,0.16011481,0.9123153,0.012452960014343262,True,0.039249104069278576,0.42715822422151944,0.27458297076441307,6.340522076736575,2.0086010366678235,0.04186278581619263,0.02969951182603836,0.1431343537219798,0.0,0.0,0.12926033653133773,0.12883535424877124,0.09316366910934448,1.468929370159925,1.806546888889886,0.02935612201690674
ENSG00000155508.13,CNOT8,0.21547778,0.21547778,-0.3401378393173218,False,,,,,,,,,,,,,,,,-0.09523928165435791
ENSG00000055163.19,CYFIP2,0.38122112,0.38122112,-0.05182540416717529,False,,,,,,,,,,,,,,,,0.04892033338546753
ENSG00000164611.12,PTTG1,0.0076548927,0.0076548927,0.0666658878326416,False,,,,,,,,,,,,,,,,0.06919664144515991
ENSG00000134516.15,DOCK2,0.11822696,0.11822696,-0.08607947826385498,False,,,,,,,,,,,,,,,,-0.07785952091217041
ENSG00000113719.15,ERGIC1,0.012549524,0.03137733,0.017537295818328857,True,0.29022768097471247,4.270280174275222,0.310217175469212,3.1272851574211944,0.11990814562886953,0.016487393528223038,0.10828140377998352,8.152410635613514e-06,0.0,0.0,0.4585011320128243,0.07087371842143142,0.3510355055332184,3.801507433136788,1.186427585916204,0.019114017486572266
ENSG00000164463.12,CREBRF,0.23818709,0.23818709,-0.19120538234710693,False,,,,,,,,,,,,,,,,-0.19115042686462402
ENSG00000164466.12,SFXN1,0.8069794,0.8069794,-0.025759339332580566,False,,,,,,,,,,,,,,,,-0.010278463363647461
ENSG00000113194.12,FAF2,0.32165048,0.32165048,-0.1919034719467163,False,,,,,,,,,,,,,,,,-0.18316757678985596
ENSG00000165671.19,NSD1,0.33336982,0.33336982,-0.3929471969604492,False,,,,,,,,,,,,,,,,-0.3909510374069214
ENSG00000198055.10,GRK6,0.03570465,0.03570465,-0.03770041465759277,False,,,,,,,,,,,,,,,,-0.03318381309509277
ENSG00000176783.14,RUFY1,0.00049739925,0.00049739925,-0.043068766593933105,False,,,,,,,,,,,,,,,,-0.04305887222290039
ENSG00000161011.19,SQSTM1,0.57189685,0.57189685,-0.2244701385498047,False,,,,,,,,,,,,,,,,-0.2195596694946289
ENSG00000248275.1,TRIM52-AS1,0.6053284,0.6053284,-0.6146571636199951,False,,,,,,,,,,,,,,,,-0.6093169450759888
ENSG00000021355.12,SERPINB1,0.53321797,0.7114931,0.6092647314071655,True,0.44819047883777763,0.9496179212784424,0.552502882023273,6.330931308509513,0.3245946465432644,0.12250875681638718,0.17833130061626434,0.2248429620072626,0.0,0.0,0.45428474330475627,0.4080162142196002,0.5230825543403625,1.0223736634343166,1.5328920622326994,0.6590696573257446
ENSG00000170542.5,SERPINB9,0.056205817,0.056205817,-0.12736642360687256,False,,,,,,,,,,,,,,,,-0.007521510124206543
ENSG00000124491.15,F13A1,0.024114111,0.045072377,0.1312270164489746,True,0.8257053848583187,6.033013922182325,0.32939382895714653,9.660013997425132,0.15726510252803572,0.023576408624649048,0.2597278654575348,0.00317610484503621,0.0,0.0,0.4875163556024639,0.07877316339058993,2.378653049468994,0.5217925882116221,1.5749459411626188,0.13206249475479126
ENSG00000124783.12,SSR1,0.9391746,0.9391746,-0.4264061450958252,False,,,,,,,,,,,,,,,,-0.42640697956085205
ENSG00000010017.12,RANBP9,0.23055841,0.23055841,-0.19571638107299805,False,,,,,,,,,,,,,,,,-0.19443130493164062
ENSG00000050393.11,MCUR1,0.014907345,0.014907345,-0.011072754859924316,False,,,,,,,,,,,,,,,,-0.010799050331115723
ENSG00000047579.19,DTNBP1,0.07217653,0.07217653,-0.10958123207092285,False,,,,,,,,,,,,,,,,0.003748655319213867
ENSG00000124788.17,ATXN1,0.3218318,0.3218318,-0.028293609619140625,False,,,,,,,,,,,,,,,,-0.015884876251220703
ENSG00000124789.11,NUP153,0.312902,0.312902,-0.21960961818695068,False,,,,,,,,,,,,,,,,-0.2114027738571167
ENSG00000112308.12,C6orf62,0.02506676,0.02506676,-0.2542414665222168,False,,,,,,,,,,,,,,,,-0.008968830108642578
ENSG00000282988.1,HIST1H3D,0.06278742,0.23895305,0.25284409523010254,True,0.1887947947731427,1.9716510796012867,0.3999223909118282,7.350819470442547,0.4013162369529406,0.024404030293226242,0.07803946733474731,5.905788827019951e-31,0.0,0.0,0.45613755819950697,0.09086546692340215,0.32404494285583496,2.341560945643136,1.6218948083443328,0.2558884620666504
ENSG00000272009.1,AL121944.1,0.08084651,0.08084651,-0.012071967124938965,False,,,,,,,,,,,,,,,,0.01755380630493164
ENSG00000204569.9,PPP1R10,0.20011371,0.20011371,-0.11353230476379395,False,,,,,,,,,,,,,,,,-0.09392154216766357
ENSG00000137312.14,FLOT1,0.044105176,0.044105176,-0.10937714576721191,False,,,,,,,,,,,,,,,,-0.016185283660888672
ENSG00000204525.16,HLA-C,0.0032040246,0.0032040246,0.018141567707061768,False,,,,,,,,,,,,,,,,0.029392004013061523
ENSG00000227507.2,LTB,0.0014983771,0.0014983771,-0.2966550588607788,False,,,,,,,,,,,,,,,,0.033130943775177
ENSG00000204475.9,NCR3,0.1077167,0.15883447,0.4479098320007324,True,0.7553794875526667,5.413214299004541,0.7091306880291135,2.440085560386114,0.083425253033638,0.03078548051416874,0.17159371078014374,0.1682042954442467,0.0,0.0,0.4258299202756113,0.09838628352363088,0.47596293687820435,1.151439732711729,0.9466368003574365,0.4555581212043762
ENSG00000213722.8,DDAH2,0.018065624,0.04199708,0.07067567110061646,True,0.3011821524072503,6.356860489032752,0.42651241979110577,4.2876679016447925,0.10984944030642513,0.012615694664418697,0.1406855285167694,0.011580854597743793,0.0,0.0,0.35315131343325956,0.04113215575416084,0.3719664216041565,0.7387772710281972,1.428474167869922,0.08363348245620728
ENSG00000198502.5,HLA-DRB5,0.008859535,0.008859535,0.03728288412094116,False,,,,,,,,,,,,,,,,0.047118186950683594
ENSG00000196126.11,HLA-DRB1,0.00667773,0.00667773,0.06576555967330933,False,,,,,,,,,,,,,,,,0.2380455732345581
ENSG00000179344.16,HLA-DQB1,1.6349535,1.8414655,0.8712934702634811,True,0.8326555626160914,0.6008984516641798,0.9084735806887729,4.257700369707235,0.8522347739338875,0.4797055423259735,0.26596060395240784,0.3755751462116125,0.0,0.0,0.34446755849672084,1.2110242903722508,0.6047405004501343,0.3720449763471511,0.9226595635014767,0.8777745887637138
ENSG00000242574.8,HLA-DMB,0.041917887,0.093686774,0.12387877702713013,True,0.7378730451310141,8.724633989642182,0.5190476232140221,2.3243219570441696,0.06273529037833214,0.028042316436767578,0.21120479702949524,0.17350971547438498,0.0,0.0,0.40000429179383185,0.08470746745572912,0.48707470297813416,1.3268398923953788,0.8221544237483994,0.3293266296386719
ENSG00000204257.14,HLA-DMA,0.03364271,0.06358935,0.06092017889022827,True,1.0410092279089391,13.151436191126116,0.7051512041146293,2.8789028692560605,0.03483309460803866,0.020904013887047768,0.28355640172958374,0.21455608433319298,0.0,0.0,0.42189205508028305,0.06531182038137118,0.7669141292572021,0.9632550756857423,0.9823070434069454,0.34639567136764526
ENSG00000231389.7,HLA-DPA1,0.0024953678,0.0024953678,-0.07966053485870361,False,,,,,,,,,,,,,,,,0.08720535039901733
ENSG00000231925.11,TAPBP,0.10326784,0.10326784,-0.32853877544403076,False,,,,,,,,,,,,,,,,0.0019603371620178223
ENSG00000161904.11,LEMD2,0.108273454,0.108273454,-0.10184121131896973,False,,,,,,,,,,,,,,,,-0.10182845592498779
ENSG00000272325.1,NUDT3,0.049612444,0.049612444,-0.08050882816314697,False,,,,,,,,,,,,,,,,-0.016173243522644043
ENSG00000112079.8,STK38,0.29019225,0.29019225,-0.218231201171875,False,,,,,,,,,,,,,,,,-0.21789300441741943
ENSG00000124731.12,TREM1,0.042704366,0.1284009,0.19009697437286377,True,0.20883082473523107,2.7846856565886022,0.5046529114625643,2.8874388081027575,0.18130980312824246,0.028915684670209885,0.07535533607006073,6.763487377392666e-50,0.0,0.0,0.3146498596281218,0.09431686971740307,0.220674067735672,2.1282243702981254,0.9358459030697068,0.20358330011367798
ENSG00000124571.17,XPO5,0.027654313,0.027654313,-0.02501368522644043,False,,,,,,,,,,,,,,,,-0.0249483585357666
ENSG00000168216.10,LMBRD1,0.33507565,0.33507565,-0.13359558582305908,False,,,,,,,,,,,,,,,,0.00038510560989379883
ENSG00000146247.13,PHIP,0.1608011,0.1608011,-0.14156925678253174,False,,,,,,,,,,,,,,,,-0.019759416580200195
ENSG00000005700.14,IBTK,0.1561285,0.1561285,-0.11388289928436279,False,,,,,,,,,,,,,,,,-0.10735702514648438
ENSG00000135315.11,CEP162,0.123096846,0.123096846,-0.12762558460235596,False,,,,,,,,,,,,,,,,-0.12639296054840088
ENSG00000135317.12,SNX14,0.15063597,0.15063597,-0.09192657470703125,False,,,,,,,,,,,,,,,,-0.060452818870544434
ENSG00000135334.8,AKIRIN2,0.02692601,0.02692601,-0.028395771980285645,False,,,,,,,,,,,,,,,,0.005561172962188721
ENSG00000111880.15,RNGTT,0.06403626,0.06403626,-0.09963035583496094,False,,,,,,,,,,,,,,,,-0.09752535820007324
ENSG00000198833.6,UBE2J1,0.0051208925,0.0051208925,-0.007283926010131836,False,,,,,,,,,,,,,,,,0.004809319972991943
ENSG00000112182.14,BACH2,0.025703926,0.04451857,0.16550534963607788,True,0.674261884571545,8.123476610882811,0.5072745793063311,3.22858001794324,0.0811498750001192,0.01634274236857891,0.21145910024642944,1.6289354144820026e-37,0.0,0.0,0.4613639963625958,0.05699059565045861,0.7546862363815308,0.6923663299313234,1.516946311924441,0.18340939283370972
ENSG00000272398.5,CD24,0.006388274,0.006388274,0.17817938327789307,False,,,,,,,,,,,,,,,,0.17855322360992432
ENSG00000080546.13,SESN1,0.07234501,0.07234501,-0.056897640228271484,False,,,,,,,,,,,,,,,,-0.037901997566223145
ENSG00000135596.17,MICAL1,0.09559529,0.09559529,-0.07699894905090332,False,,,,,,,,,,,,,,,,-0.03638136386871338
ENSG00000010810.17,FYN,0.24129954,0.5439294,0.39178937673568726,True,0.13821666786395576,0.8977338300546353,0.3751551478600622,6.636127098948574,0.7456945740183194,0.05941344425082207,0.10085565596818924,0.21994820288157302,0.0,0.0,0.2996446868322876,0.164323769943195,0.2710839509963989,1.0524561097436695,1.800854619857406,0.4144643545150757
ENSG00000111860.13,CEP85L,0.08784374,0.08784374,-0.06756317615509033,False,,,,,,,,,,,,,,,,-0.06678402423858643
ENSG00000164483.16,SAMD3,0.1858622,0.55612147,0.26683539152145386,True,0.057357222159207646,0.6273034659906773,0.273015668450717,5.738830477446096,0.9632096015910308,0.03878989815711975,0.04768817126750946,0.15390782318027396,0.0,0.0,0.17523680956473503,0.11842499137367747,0.13500133156776428,1.3860496861346832,1.9598117458470103,0.2675729990005493
ENSG00000079950.13,STX7,0.024281422,0.07702911,0.037650108337402344,True,0.21614026486255408,3.2947204714878957,0.361820017515753,3.265237167313809,0.10234609141945838,0.018345460295677185,0.08469527214765549,0.0239022340212077,0.0,0.0,0.4363090495671555,0.07056128792537562,0.236908420920372,2.173366136372855,1.2310878654156294,0.047933101654052734
ENSG00000118515.11,SGK1,0.02446476,0.03859661,0.14245390892028809,True,0.8781296951506101,7.811688072989223,0.4164096723585735,2.0568810616195594,0.11263370440651974,0.02668517827987671,0.29990124702453613,3.716210488653247e-22,0.0,0.0,0.46758645831685336,0.08768636524272999,0.7764697074890137,1.357006810821235,1.1098364353409624,0.14576798677444458
ENSG00000135541.20,AHI1,0.08895895,0.08895895,-0.08055877685546875,False,,,,,,,,,,,,,,,,-0.07736825942993164
ENSG00000029363.16,BCLAF1,0.39302394,0.39302394,-0.1536346673965454,False,,,,,,,,,,,,,,,,-0.14981043338775635
ENSG00000197442.9,MAP3K5,0.21077673,0.21077673,-0.1369718313217163,False,,,,,,,,,,,,,,,,-0.12047111988067627
ENSG00000027697.13,IFNGR1,0.10482445,0.2833888,0.1264103651046753,True,0.3170083099214617,2.4697825635414627,0.5379796081036832,2.726959735651755,0.1651727914810181,0.033048115670681,0.0930381640791893,0.1652533532516003,0.0,0.0,0.38436505120953385,0.11558473249493773,0.2258257120847702,1.5995825466380602,1.054495651373022,0.1831086277961731
ENSG00000237499.6,AL357060.2,0.29706773,0.29706773,-0.13988447189331055,False,,,,,,,,,,,,,,,,-0.1392902135848999
ENSG00000164442.9,CITED2,0.09558009,0.09558009,-0.06580686569213867,False,,,,,,,,,,,,,,,,0.05876713991165161
ENSG00000189007.15,ADAT2,0.07653329,0.07653329,-0.034032344818115234,False,,,,,,,,,,,,,,,,-0.02368617057800293
ENSG00000131013.3,PPIL4,0.14069398,0.14069398,-0.10542881488800049,False,,,,,,,,,,,,,,,,-0.06476783752441406
ENSG00000131023.12,LATS1,0.35072523,0.35072523,-0.3167465925216675,False,,,,,,,,,,,,,,,,-0.3163487911224365
ENSG00000131018.22,SYNE1,0.109027915,0.5156722,0.048543691635131836,True,0.06296432636078753,0.8944415758222626,0.3289738655273691,5.068312536472156,0.8343890616794425,0.02902410179376602,0.04403182864189148,0.15082223772780115,0.0,0.0,0.18214670498064955,0.0906655611610896,0.1266610026359558,1.5257835876909904,1.6961175363921126,0.10754311084747314
ENSG00000146425.10,DYNLT1,0.03154832,0.03154832,-0.965652585029602,False,,,,,,,,,,,,,,,,0.0156782865524292
ENSG00000092820.17,EZR,0.030243164,0.060898755,0.022280216217041016,True,0.7862809994102085,10.425243806527064,0.5178667970340557,3.417415705258878,0.036908957920968544,0.019914768636226654,0.2549442946910858,0.17104412139338582,0.0,0.0,0.4374073361606138,0.0652945635117419,0.7463995218276978,1.4760726824403971,1.1051629489975119,0.17539429664611816
ENSG00000164691.16,TAGAP,0.22406453,0.22406453,-0.11002099514007568,False,,,,,,,,,,,,,,,,0.013640642166137695
ENSG00000112096.16,SOD2,0.13780177,0.5653322,0.3732864260673523,True,0.1962294938947744,0.5718601792729944,0.29886428902938145,7.307122210340477,1.1172157166898251,0.09978502988815308,0.14536148309707642,0.18478832934860548,0.0,0.0,0.43841145110803137,0.3230161308469537,0.4404826760292053,1.1998196357457511,1.9651234349526812,0.3957560062408447
ENSG00000198818.9,SFT2D1,0.03762125,0.03762125,-0.08919167518615723,False,,,,,,,,,,,,,,,,0.0123557448387146
ENSG00000137265.14,IRF4,0.051533114,0.063135125,0.5771671235561371,True,1.380714884360782,13.716251925080492,0.879433886102846,3.120572162106299,0.03613707164302468,0.02955528162419796,0.3864416778087616,0.02949531787133326,0.0,0.0,0.42340854012037815,0.08517325507129492,0.8108505010604858,0.5522916679108386,0.9248934836770883,0.5772765874862671
ENSG00000124535.15,WRNIP1,0.018915592,0.018915592,-0.01760077476501465,False,,,,,,,,,,,,,,,,-0.014601588249206543
ENSG00000137275.13,RIPK1,0.1504256,0.1504256,-0.09289383888244629,False,,,,,,,,,,,,,,,,-0.09220051765441895
ENSG00000112739.16,PRPF4B,0.25681418,0.25681418,-0.3945537805557251,False,,,,,,,,,,,,,,,,-0.3862091302871704
ENSG00000153046.17,CDYL,0.068007745,0.068007745,-0.02718639373779297,False,,,,,,,,,,,,,,,,-0.024218320846557617
ENSG00000112799.8,LY86,0.019870978,0.019870978,-0.040152907371520996,False,,,,,,,,,,,,,,,,0.04920530319213867
ENSG00000111843.13,TMEM14C,0.0018694414,0.0018694414,0.030552446842193604,False,,,,,,,,,,,,,,,,0.03145325183868408
ENSG00000112137.17,PHACTR1,0.016846122,0.059738386,0.06488984823226929,True,0.4339312663971853,6.306607301760402,0.6578111752054082,1.813684572883539,0.08337279327213765,0.014385067857801914,0.08023069053888321,6.10176380757772e-36,0.0,0.0,0.32759098180172264,0.04609091216689487,0.2402249276638031,1.2084206219371105,0.8130476374948797,0.08710819482803345
ENSG00000112149.9,CD83,0.04188705,0.059196424,0.11519742012023926,True,0.6661807670846095,4.959890618483721,0.3883417199191038,3.014984038738957,0.14980503369122738,0.034501537680625916,0.35064637660980225,0.1607774039753924,0.0,0.0,0.44446418837677604,0.10837215509108944,0.8040087223052979,0.8172977994610161,1.580718428903228,0.11520344018936157
ENSG00000008083.13,JARID2,0.05969665,0.09403375,0.019487500190734863,True,0.17705393284868734,2.2802163245470513,0.26635021926733565,4.165895376694056,0.19704731181263924,0.01801900379359722,0.08641558140516281,0.08824920570797076,0.0,0.0,0.4310954523249829,0.06123458638018776,0.3147634267807007,1.758886449893964,1.7126241480523918,0.03126394748687744
ENSG00000007944.14,MYLIP,0.9339675,0.9339675,-0.4874289035797119,False,,,,,,,,,,,,,,,,-0.4818202257156372
ENSG00000137198.9,GMPR,0.0029314028,0.0029314028,-0.0036542415618896484,False,,,,,,,,,,,,,,,,-0.0036514997482299805
ENSG00000145996.11,CDKAL1,0.06379111,0.06379111,-0.04785013198852539,False,,,,,,,,,,,,,,,,-0.03586137294769287
ENSG00000112343.10,TRIM38,0.11649866,0.11649866,-0.13741230964660645,False,,,,,,,,,,,,,,,,-0.02914714813232422
ENSG00000180573.9,HIST1H2AC,0.0058157663,0.0058157663,0.1231374740600586,False,,,,,,,,,,,,,,,,0.1231609582901001
ENSG00000158373.8,HIST1H2BD,0.13560013,0.13560013,-0.048116207122802734,False,,,,,,,,,,,,,,,,-0.04715681076049805
ENSG00000204642.13,HLA-F,0.10947261,0.10947261,-0.04929471015930176,False,,,,,,,,,,,,,,,,0.0517919659614563
ENSG00000206503.12,HLA-A,0.009101271,0.009101271,-0.13732659816741943,False,,,,,,,,,,,,,,,,0.1771189570426941
ENSG00000196230.12,TUBB,0.0013577417,0.0013577417,0.003554046154022217,False,,,,,,,,,,,,,,,,0.0035799741744995117
ENSG00000232810.3,TNF,0.29473624,0.6729598,0.12928372621536255,True,0.06284468401170684,0.6247955532561954,0.2929285382337341,5.002024222711759,1.2440235821240477,0.03551621735095978,0.03527842462062836,1.3346830727646323e-08,0.0,0.0,0.3206983370938085,0.11401340334483835,0.14013069868087769,1.7589396761927856,1.5639569925228276,0.14356154203414917
ENSG00000204482.10,LST1,0.42732203,0.45803273,0.9286032691597939,True,5.334181491387829,2.826051117691214,1.219352840351497,5.294469921877385,0.23018167644739151,0.5944755673408508,1.2202956676483154,0.18840167870473268,0.0,0.0,0.4994050818960898,1.7948774105124417,7.289724826812744,0.9627677162301018,0.7047406936793356,0.9286483824253082
ENSG00000204472.12,AIF1,0.046180625,0.060181588,0.6758548319339752,True,9.462953374402096,27.983343518787322,1.691672676043962,8.296422610136748,0.03126341672614217,0.11026646196842194,1.6665133237838745,0.21689044039137048,0.0,0.0,0.4938768695231229,0.3021265247582505,5.391944885253906,0.8696012795477012,0.5400895384557395,0.678597092628479
ENSG00000204287.13,HLA-DRA,0.004974305,0.004974305,0.260783314704895,False,,,,,,,,,,,,,,,,0.4032031297683716
ENSG00000196735.11,HLA-DQA1,0.42128387,0.4409501,0.8347379714250565,True,1.1158357379118342,2.241180945267087,0.8328224776724907,3.8102712371003715,0.2299516535550356,0.1825328916311264,0.375064879655838,0.27864872813643005,0.0,0.0,0.3805737483486796,0.46286383994027785,1.1009762287139893,0.5858131868110357,0.8731705115127697,0.8481813222169876
ENSG00000204256.12,BRD2,0.19034518,0.19034518,-0.1489194631576538,False,,,,,,,,,,,,,,,,-0.027019262313842773
ENSG00000223865.10,HLA-DPB1,0.008841156,0.008841156,0.10264629125595093,False,,,,,,,,,,,,,,,,0.23818129301071167
ENSG00000112511.17,PHF1,0.1059274,0.1059274,-0.025000572204589844,False,,,,,,,,,,,,,,,,0.016559064388275146
ENSG00000137309.19,HMGA1,0.0047555575,0.0047555575,0.058874428272247314,False,,,,,,,,,,,,,,,,0.05965906381607056
ENSG00000112062.10,MAPK14,0.035680104,0.035680104,-0.01270747184753418,False,,,,,,,,,,,,,,,,-0.009598731994628906
ENSG00000124762.13,CDKN1A,0.01994387,0.068521045,0.036414384841918945,True,0.19245338381817173,1.816755083529113,0.3242089823770721,2.369136501471285,0.6980359040200711,0.0342356339097023,0.07724691927433014,2.2914596364629895e-24,0.0,0.0,0.3281047233807299,0.10761654295539635,0.21535027027130127,1.887613440444706,1.1828158097214037,0.036426424980163574
ENSG00000024048.10,UBR2,0.66914177,0.66914177,-0.32123863697052,False,,,,,,,,,,,,,,,,-0.288457989692688
ENSG00000171611.9,PTCRA,0.00036914874,0.00036914874,0.028695404529571533,False,,,,,,,,,,,,,,,,0.028695404529571533
ENSG00000198087.7,CD2AP,0.33159858,0.33159858,-0.028426289558410645,False,,,,,,,,,,,,,,,,0.019802093505859375
ENSG00000112200.16,ZNF451,0.19137327,0.19137327,-0.1933116912841797,False,,,,,,,,,,,,,,,,-0.18976187705993652
ENSG00000082293.12,COL19A1,0.28192022,0.6968477,0.373660147190094,True,0.036717821368863056,0.3874400764529008,0.15583640633121823,10.126034040447406,1.2208904127279916,0.03858189657330513,0.040555182844400406,0.0745306900746055,0.0,0.0,0.07436323413057602,0.11547113017532416,0.11880944669246674,1.10849033256586,2.9199232152447356,0.3767503499984741
ENSG00000119900.7,OGFRL1,0.048980176,0.048980176,-0.012615799903869629,False,,,,,,,,,,,,,,,,-0.0015317201614379883
ENSG00000112701.17,SENP6,0.34404764,0.34404764,-0.5158714056015015,False,,,,,,,,,,,,,,,,-0.10570371150970459
ENSG00000065615.13,CYB5R4,0.1215115,0.1215115,0.005282342433929443,False,,,,,,,,,,,,,,,,0.05550175905227661
ENSG00000188994.12,ZNF292,0.12848498,0.12848498,-0.19183790683746338,False,,,,,,,,,,,,,,,,-0.047286152839660645
ENSG00000057657.15,PRDM1,0.106519386,0.106519386,-0.003344893455505371,False,,,,,,,,,,,,,,,,0.06516516208648682
ENSG00000112297.14,CRYBG1,0.5188995,0.5188995,-0.20976221561431885,False,,,,,,,,,,,,,,,,-0.18640530109405518
ENSG00000130348.11,QRSL1,0.05713949,0.16702713,0.15523439645767212,True,0.11556949780115029,2.058782069425034,0.36662400278253937,6.501773342781005,0.33333610938655,0.017202598974108696,0.0684371069073677,3.0311118152938643e-42,0.0,0.0,0.40433291398354804,0.05539818683595143,0.20979353785514832,1.42550614706424,1.7765209325119322,0.16892331838607788
ENSG00000112367.10,FIG4,0.19772413,0.19772413,-0.09360003471374512,False,,,,,,,,,,,,,,,,-0.08147382736206055
ENSG00000168438.14,CDC40,0.08469652,0.08469652,-0.02149522304534912,False,,,,,,,,,,,,,,,,-0.006464362144470215
ENSG00000123505.15,AMD1,0.06003294,0.06003294,-0.19181883335113525,False,,,,,,,,,,,,,,,,-0.10302329063415527
ENSG00000260212.1,AL356432.3,0.2829485,0.2829485,-0.0012396574020385742,False,,,,,,,,,,,,,,,,0.011424601078033447
ENSG00000228495.1,LINC01013,0.12100626,0.12830545,0.5060292184352875,True,0.9352107956815244,9.472892154506352,1.7139166815340974,2.5336850693671944,0.17760332331061365,0.03199370205402374,0.18284346163272858,1.142123723730775e-15,0.0,0.0,0.41166158684008625,0.09688358387779775,0.42515119910240173,0.5744707298211791,0.5745701366279315,0.5060479640960693
ENSG00000118513.18,MYB,0.054689452,0.074137926,0.36332184076309204,True,0.3040126923047409,6.50644175310743,0.5460478516827386,3.630072393023047,0.06709136210381988,0.014088916592299938,0.09922310709953308,0.0640442290905235,0.0,0.0,0.32961804425344227,0.046509611110769455,0.30266064405441284,1.420227499170039,0.9741686988462793,0.3764735460281372
ENSG00000118503.14,TNFAIP3,0.01543894,0.01543894,-0.017887473106384277,False,,,,,,,,,,,,,,,,0.0412755012512207
ENSG00000051620.10,HEBP2,0.034244474,0.034244474,-0.04649555683135986,False,,,,,,,,,,,,,,,,-0.005167126655578613
ENSG00000152818.18,UTRN,0.20924623,0.20924623,-0.047808289527893066,False,,,,,,,,,,,,,,,,-0.03841853141784668
ENSG00000164506.14,STXBP5,0.109616406,0.109616406,-0.05767226219177246,False,,,,,,,,,,,,,,,,-0.049639344215393066
ENSG00000055208.18,TAB2,0.17257544,0.17257544,-0.07599031925201416,False,,,,,,,,,,,,,,,,-0.058053016662597656
ENSG00000055211.12,GINM1,0.05451043,0.05451043,-0.039543986320495605,False,,,,,,,,,,,,,,,,-0.012466669082641602
ENSG00000131016.16,AKAP12,0.009574606,0.018503161,0.11498719453811646,True,1.6630759605351053,16.241211235394225,0.4790151108047626,1.989736723841803,0.05611097607761622,0.025255350396037102,0.4726012647151947,0.0008250939225329833,0.0,0.0,0.47730091743315545,0.08057387643054081,1.4934077262878418,0.456921866740341,0.9875890614268303,0.1149865984916687
ENSG00000049618.22,ARID1B,0.4629881,0.4629881,-0.1583796739578247,False,,,,,,,,,,,,,,,,-0.0985403060913086
ENSG00000146433.8,TMEM181,0.05049963,0.05049963,-0.04496324062347412,False,,,,,,,,,,,,,,,,-0.029315829277038574
ENSG00000164674.15,SYTL3,0.43829837,0.7890815,0.33821988105773926,True,0.09322764045441412,0.5487189297210358,0.3106218982571752,6.636269825289584,1.3413035756349563,0.06375410407781601,0.06737583130598068,0.23454448246502493,0.0,0.0,0.20113470756653856,0.1752697332462176,0.188398540019989,0.9229146499916,1.8342424928884944,0.3382684588432312
ENSG00000146457.14,WTAP,0.09593598,0.09593598,-0.11567604541778564,False,,,,,,,,,,,,,,,,-0.11338627338409424
ENSG00000112531.16,QKI,0.022481104,0.09079232,0.024032950401306152,True,0.286418391666899,3.3904555900938718,0.42753279355737284,2.168663229435805,0.12987552747130393,0.02293768897652626,0.0821249857544899,0.0002609170992844866,0.0,0.0,0.40835558921434456,0.08056477305259512,0.22029641270637512,1.6131029561046697,0.9708468474867705,0.07960391044616699
ENSG00000146540.14,C7orf50,0.007448561,0.007448561,-0.009129762649536133,False,,,,,,,,,,,,,,,,-0.005295276641845703
ENSG00000178381.11,ZFAND2A,1.3242195,1.3242195,-0.6604456901550293,False,,,,,,,,,,,,,,,,-0.6596695184707642
ENSG00000075624.13,ACTB,0.02450728,0.023396032,0.3123035430908203,True,16.301114926367266,40.34461891563267,0.7927811296453765,11.80488236185106,0.009631438530050218,0.11799750477075577,5.788732528686523,0.2838778891817136,0.0,0.0,0.4969267140605104,0.3761100297563047,19.644317626953125,0.656264138969173,1.1580725153682023,0.47470974922180176
ENSG00000164649.19,CDCA7L,0.002186339,0.010142503,0.01219642162322998,True,0.25956161680314077,8.775234969688233,0.3797557992580911,2.4866016293147566,0.050396135821938526,0.010488993488252163,0.09834185242652893,9.404491298669789e-17,0.0,0.0,0.3241389108629109,0.030738228440334584,0.27977684140205383,1.3504599280514178,0.9615864637856987,0.027367055416107178
ENSG00000122591.11,FAM126A,0.21235009,0.21235009,-0.022321105003356934,False,,,,,,,,,,,,,,,,-0.01539313793182373
ENSG00000164548.10,TRA2A,0.52469146,0.52469146,-0.1189737319946289,False,,,,,,,,,,,,,,,,-0.0891568660736084
ENSG00000005020.12,SKAP2,0.018274575,0.018274575,-0.006525635719299316,False,,,,,,,,,,,,,,,,0.014603734016418457
ENSG00000106066.14,CPVL,0.0060850237,0.0060850237,0.0402599573135376,False,,,,,,,,,,,,,,,,0.06019771099090576
ENSG00000122643.18,NT5C3A,0.0053130663,0.0053130663,-0.09926533699035645,False,,,,,,,,,,,,,,,,-0.0974956750869751
ENSG00000122557.9,HERPUD2,0.11272543,0.11272543,-0.08214056491851807,False,,,,,,,,,,,,,,,,0.01807689666748047
ENSG00000136250.11,AOAH,0.07561079,0.22715218,0.17454499006271362,True,0.1461396423212682,2.00620730947681,0.42306849332185265,5.335258585300024,0.3983244496583938,0.02781977318227291,0.0941120833158493,0.17602615358979418,0.0,0.0,0.28039219090629186,0.08429642375018886,0.24433761835098267,1.1682483942874622,1.6059303856133864,0.22456598281860352
ENSG00000227191.8,TRGC2,0.0042568115,0.0115021,0.0460810661315918,True,0.8691665235513534,20.16843665763882,0.43524091467189163,4.864175243839193,0.017520823488011955,0.010044473223388195,0.33107367157936096,3.9792482340045315e-23,0.0,0.0,0.43759786575856485,0.03522290070338929,1.0254194736480713,0.8972574327611988,1.556452819107522,0.08005928993225098
ENSG00000211689.7,TRGC1,0.01354803,0.01354803,0.006774425506591797,False,,,,,,,,,,,,,,,,0.0206945538520813
ENSG00000158604.14,TMED4,0.043190777,0.043190777,-0.17185699939727783,False,,,,,,,,,,,,,,,,-0.018164396286010742
ENSG00000136286.14,MYO1G,0.058407802,0.15093416,0.05553096532821655,True,0.3748088767753082,4.134490297260961,0.5671303566456184,2.469666760460805,0.11087879307568077,0.022985387593507767,0.09795016050338745,0.1450241057344998,0.0,0.0,0.40210637090118956,0.08378736718346148,0.2736589312553406,1.906490937697351,0.9276280598030636,0.11208277940750122
ENSG00000106133.17,NSUN5P2,0.35801083,0.35801083,-0.16049706935882568,False,,,,,,,,,,,,,,,,-0.13312363624572754
ENSG00000189077.10,TMEM120A,0.4707471,0.4707471,-0.06565725803375244,False,,,,,,,,,,,,,,,,-0.05189526081085205
ENSG00000127951.6,FGL2,0.0006235327,0.0006235327,-0.0019345283508300781,False,,,,,,,,,,,,,,,,-0.0014271736145019531
ENSG00000186088.15,GSAP,0.11924406,0.3135962,0.045550763607025146,True,0.052940896216153305,0.876471072972604,0.30306570462221694,5.566385202256512,0.7195500552654264,0.024298354983329773,0.04136680066585541,0.14230961659125593,0.0,0.0,0.08286580875229466,0.07409736754766527,0.12101463973522186,1.4518030272818916,1.9423947136580944,0.06900966167449951
ENSG00000135185.11,TMEM243,0.29297957,0.6374734,0.35033518075942993,True,0.14405608467846528,0.8038304884992558,0.4407037342357209,9.189238938172057,0.9064003441068861,0.06215805187821388,0.07733941078186035,0.10299927498509516,0.0,0.0,0.4643662085798279,0.23036421630375517,0.3201904892921448,3.037365485414483,1.7065443965643552,0.35215288400650024
ENSG00000085563.14,ABCB1,0.52691215,0.52691215,-0.07234525680541992,False,,,,,,,,,,,,,,,,-0.06878328323364258
ENSG00000001631.15,KRIT1,0.2781884,0.2781884,-0.2641984224319458,False,,,,,,,,,,,,,,,,-0.2317967414855957
ENSG00000004864.13,SLC25A13,0.2072234,0.2072234,-0.11663627624511719,False,,,,,,,,,,,,,,,,-0.11311960220336914
ENSG00000105821.14,DNAJC2,0.32259712,0.32259712,-0.28750860691070557,False,,,,,,,,,,,,,,,,-0.28666961193084717
ENSG00000105835.11,NAMPT,0.13983387,0.26555297,0.6655263006687164,True,0.20437626276087625,0.5500976121741606,0.10643362182598888,19.763728568288784,0.4292032631486654,0.1396283656358719,0.4383685886859894,0.20865602452723125,0.0,0.0,0.4787265384971199,0.3667233446930567,1.3679428100585938,0.8362875835836633,5.70723809777945,0.6663970351219177
ENSG00000135241.16,PNPLA8,0.20953238,0.20953238,-0.05688178539276123,False,,,,,,,,,,,,,,,,0.012135863304138184
ENSG00000048405.9,ZNF800,0.18332127,0.18332127,-0.12837159633636475,False,,,,,,,,,,,,,,,,-0.12247979640960693
ENSG00000231721.6,LINC-PINT,0.90314186,0.90314186,-0.31550097465515137,False,,,,,,,,,,,,,,,,-0.31548213958740234
ENSG00000105887.10,MTPN,0.02671164,0.02671164,-0.13903629779815674,False,,,,,,,,,,,,,,,,0.009502828121185303
ENSG00000182158.14,CREB3L2,0.19547737,0.19547737,-0.08448338508605957,False,,,,,,,,,,,,,,,,-0.08440768718719482
ENSG00000105939.12,ZC3HAV1,0.069325335,0.069325335,-0.16739296913146973,False,,,,,,,,,,,,,,,,-0.011262178421020508
ENSG00000133606.10,MKRN1,0.05417928,0.05417928,-0.20470595359802246,False,,,,,,,,,,,,,,,,-0.036690354347229004
ENSG00000181444.12,ZNF467,0.029692795,0.1320194,0.06945145130157471,True,0.1559796781904409,2.428568241633906,0.5473635770346404,3.075589429534216,0.17070496469736102,0.019436359405517578,0.0529446080327034,2.4498295389045716e-40,0.0,0.0,0.22953765318148156,0.06245281219521281,0.14282697439193726,1.5562992416763881,1.0827518870159971,0.10772591829299927
ENSG00000164896.19,FASTK,0.4367632,0.4367632,-0.35594630241394043,False,,,,,,,,,,,,,,,,-0.3477811813354492
ENSG00000106617.13,PRKAG2,0.073383786,0.073383786,-0.04979825019836426,False,,,,,,,,,,,,,,,,-0.022909998893737793
ENSG00000055609.17,KMT2C,0.20777065,0.20777065,-0.13192832469940186,False,,,,,,,,,,,,,,,,-0.11577343940734863
ENSG00000106018.13,VIPR2,0.52729654,1.2956884,0.06646215915679932,True,0.033339012174414644,0.3478635725322449,0.2948881912631016,5.171100616334273,2.5991239070892336,0.03918540105223656,0.01817542314529419,5.346080570551072e-39,0.0,0.0,0.0649396839791595,0.12179029393443129,0.06154807657003403,1.2783875449108693,1.4000404994431053,0.06890004873275757
ENSG00000106263.17,EIF3B,0.28399095,0.28399095,-0.2295621633529663,False,,,,,,,,,,,,,,,,-0.217615008354187
ENSG00000106346.11,USP42,0.116838545,0.116838545,-0.09163498878479004,False,,,,,,,,,,,,,,,,-0.08122098445892334
ENSG00000122644.12,ARL4A,0.017692594,0.017692594,-0.061710476875305176,False,,,,,,,,,,,,,,,,-0.0015844106674194336
ENSG00000048052.21,HDAC9,0.6746018,0.6746018,-0.11672234535217285,False,,,,,,,,,,,,,,,,-0.11664509773254395
ENSG00000136243.16,NUPL2,0.7034746,0.7034746,-0.49670445919036865,False,,,,,,,,,,,,,,,,-0.43363118171691895
ENSG00000122585.7,NPY,0.06769806,0.08917766,0.438035786151886,True,0.4173094016896521,9.630138474124937,0.6211845128769121,3.010100965216107,0.14934479693571726,0.01328743901103735,0.10380014777183533,3.6520636680088083e-09,0.0,0.0,0.2051348184531317,0.04602372394155641,0.277790367603302,1.0714824122232505,0.8943401931580451,0.438035786151886
ENSG00000086300.15,SNX10,0.05176037,0.05176037,0.008796632289886475,False,,,,,,,,,,,,,,,,0.04066765308380127
ENSG00000106052.13,TAX1BP1,0.15094873,0.15094873,-0.04459810256958008,False,,,,,,,,,,,,,,,,-0.0364300012588501
ENSG00000146592.16,CREB5,0.20118284,0.7778406,0.3859427571296692,True,0.09087777521763286,0.5200853893053753,0.3501688482179607,5.300972922562579,1.4169492676854134,0.06999179720878601,0.06252725422382355,0.12821116517218697,0.0,0.0,0.19404532330939916,0.22285641923645017,0.176893949508667,1.1978037957504712,1.6359057215143886,0.3887086510658264
ENSG00000065883.14,CDK13,0.18301265,0.18301265,-0.16128015518188477,False,,,,,,,,,,,,,,,,-0.15584135055541992
ENSG00000164543.5,STK17A,0.06480059,0.06480059,-0.03666806221008301,False,,,,,,,,,,,,,,,,0.032108187675476074
ENSG00000136279.20,DBNL,0.015752269,0.015752269,-0.039240121841430664,False,,,,,,,,,,,,,,,,-0.0061566829681396484
ENSG00000183696.13,UPP1,0.017077051,0.046183378,0.0810733437538147,True,0.7903677207660698,9.50839584444766,0.4013688141762751,2.1142455621179854,0.15283704987830585,0.026037290692329407,0.2053782194852829,2.375947169542328e-59,0.0,0.0,0.45134153653301506,0.08613838661920603,0.6320115923881531,1.8403425040027184,0.8295667306142894,0.09980952739715576
ENSG00000185811.17,IKZF1,0.11248847,0.11248847,-0.13131654262542725,False,,,,,,,,,,,,,,,,-0.052301764488220215
ENSG00000129103.17,SUMF2,0.10262944,0.10262944,-0.1520988941192627,False,,,,,,,,,,,,,,,,-0.04051506519317627
ENSG00000126522.16,ASL,0.20889278,0.20889278,-0.07319891452789307,False,,,,,,,,,,,,,,,,-0.04623091220855713
ENSG00000241258.6,CRCP,0.045782547,0.045782547,-0.02626979351043701,False,,,,,,,,,,,,,,,,-0.02616703510284424
ENSG00000086730.16,LAT2,0.007609661,0.007609661,-0.0049893856048583984,False,,,,,,,,,,,,,,,,0.016637563705444336
ENSG00000127947.15,PTPN12,0.023234883,0.103420205,0.045235633850097656,True,0.20338447337980808,2.391110636325445,0.4354344438242981,2.4646932926500225,0.16412279114127154,0.023416457697749138,0.06741462647914886,4.872104474801425e-07,0.0,0.0,0.26520052806121275,0.07953911429577154,0.18406134843826294,1.5724640762397657,1.0836168649602889,0.07769227027893066
ENSG00000006576.16,PHTF2,0.5673215,0.5673215,-0.3014329671859741,False,,,,,,,,,,,,,,,,-0.29796671867370605
ENSG00000135218.17,CD36,0.14830601,0.21680747,0.5498944818973541,True,0.7488998237385044,3.444123807218574,0.760859981175028,3.6149771974627645,0.1322099769115448,0.06489014625549316,0.23190832138061523,0.16172571948026504,0.0,0.0,0.432481984909886,0.20379784224377315,0.6650435328483582,1.3927237013064415,0.9882561628135933,0.5593428015708923
ENSG00000135164.18,DMTF1,0.32033098,0.32033098,-0.26072239875793457,False,,,,,,,,,,,,,,,,-0.1313542127609253
ENSG00000006634.7,DBF4,0.059835542,0.059835542,-0.04655814170837402,False,,,,,,,,,,,,,,,,-0.039754390716552734
ENSG00000127914.16,AKAP9,0.08022592,0.08022592,-0.05286514759063721,False,,,,,,,,,,,,,,,,-0.03499150276184082
ENSG00000001629.9,ANKIB1,0.09784494,0.09784494,-0.08784079551696777,False,,,,,,,,,,,,,,,,-0.0628819465637207
ENSG00000188186.10,LAMTOR4,0.07722304,0.07722304,-0.10354983806610107,False,,,,,,,,,,,,,,,,-0.03812873363494873
ENSG00000085514.15,PILRA,0.36415294,0.4923619,0.6246311962604523,True,0.275066043783998,1.1313059237485013,0.4801020370405578,5.366291473751041,0.5694570819536845,0.06154007092118263,0.11167023330926895,4.143746367869428e-08,0.0,0.0,0.47356671955638713,0.19710701081906024,0.5790884494781494,1.1462164020072372,1.6039816225468286,0.6347576379776001
ENSG00000146834.13,MEPCE,0.12004119,0.12004119,-0.13034522533416748,False,,,,,,,,,,,,,,,,-0.1301875114440918
ENSG00000169871.12,TRIM56,0.09261588,0.09261588,-0.07071578502655029,False,,,,,,,,,,,,,,,,-0.03270983695983887
ENSG00000106400.11,ZNHIT1,0.025113935,0.025113935,-0.2553739547729492,False,,,,,,,,,,,,,,,,-0.00815582275390625
ENSG00000128563.13,PRKRIP1,0.19575986,0.19575986,-0.2304379940032959,False,,,,,,,,,,,,,,,,-0.06437957286834717
ENSG00000005483.20,KMT2E,0.50102377,0.50102377,-0.044393062591552734,False,,,,,,,,,,,,,,,,-0.027855873107910156
ENSG00000105856.13,HBP1,0.13164908,0.13164908,-0.16325640678405762,False,,,,,,,,,,,,,,,,-0.09028494358062744
ENSG00000006652.13,IFRD1,0.52114576,0.52114576,-0.2853665351867676,False,,,,,,,,,,,,,,,,-0.28461921215057373
ENSG00000135269.17,TES,0.047653638,0.047653638,-0.18318474292755127,False,,,,,,,,,,,,,,,,-0.010417580604553223
ENSG00000198898.13,CAPZA2,0.02523812,0.02523812,-0.03694725036621094,False,,,,,,,,,,,,,,,,-0.014524340629577637
ENSG00000128534.7,LSM8,0.10107904,0.10107904,-0.13530731201171875,False,,,,,,,,,,,,,,,,-0.04889833927154541
ENSG00000071243.15,ING3,0.19410777,0.19410777,-0.14333856105804443,False,,,,,,,,,,,,,,,,-0.0812840461730957
ENSG00000243317.7,C7orf73,0.3155739,0.3155739,-0.08584213256835938,False,,,,,,,,,,,,,,,,-0.08037590980529785
ENSG00000059377.16,TBXAS1,0.048734814,0.14883976,0.08081185817718506,True,0.19726598336900159,3.023564509154727,0.34964204219230477,2.961938014199025,0.34653922435310147,0.021518832072615623,0.07003092020750046,0.02367717656423772,0.0,0.0,0.24924144558033706,0.06323525774668903,0.1943356692790985,1.3529948534965546,1.0763459603838912,0.11928033828735352
ENSG00000275743.1,AC244472.2,0.06212109,0.078285925,0.07669144868850708,True,0.11580454858087269,3.1271711284078303,0.3794903823720237,4.57508830793537,0.2897057642539342,0.011743638664484024,0.04492788016796112,2.414900768126526e-13,0.0,0.0,0.21003262743334083,0.03353506953903817,0.12660685181617737,1.822287534962151,1.3972295300913387,0.07775610685348511
ENSG00000211751.9,AC245427.1,0.018447876,0.022470325,0.1396765112876892,True,2.047308821370012,32.186851297775945,0.7853993722505654,2.6615046460206164,0.0170667393039912,0.018720950931310654,0.518297553062439,0.14305235295073904,0.0,0.0,0.4675581721735944,0.06702813367018036,1.5610971450805664,1.9036919889832262,0.8191877680631175,0.25600510835647583
ENSG00000211772.11,TRBC2,0.019306201,0.019306201,-0.42268645763397217,False,,,,,,,,,,,,,,,,0.11517155170440674
ENSG00000106144.19,CASP2,0.10138427,0.10138427,-0.043657541275024414,False,,,,,,,,,,,,,,,,-0.01120138168334961
ENSG00000159840.15,ZYX,0.014612254,0.014612254,-0.027228236198425293,False,,,,,,,,,,,,,,,,0.025132954120635986
ENSG00000242258.1,LINC00996,0.6150014,0.71812546,0.5344081521034241,True,0.14280810653032536,0.5741058816336813,0.36070265415959674,4.528762746524969,0.8545950752993424,0.06970150023698807,0.07374460250139236,8.152482507974404e-17,0.0,0.0,0.35503690683423783,0.20215610199246647,0.19342589378356934,0.7258661447338118,1.7551199639550032,0.5346072018146515
ENSG00000179144.4,GIMAP7,0.017892862,0.017892862,-0.3887042999267578,False,,,,,,,,,,,,,,,,0.01293790340423584
ENSG00000186480.12,INSIG1,0.05273428,0.05273428,-0.06537783145904541,False,,,,,,,,,,,,,,,,-0.04012274742126465
ENSG00000184863.10,RBM33,0.22487028,0.22487028,-0.17594969272613525,False,,,,,,,,,,,,,,,,-0.11409437656402588
ENSG00000146909.7,NOM1,0.072084196,0.072084196,-0.03594350814819336,False,,,,,,,,,,,,,,,,-0.031676530838012695
ENSG00000105993.14,DNAJB6,0.16178715,0.16178715,-0.2028954029083252,False,,,,,,,,,,,,,,,,-0.1977250576019287
ENSG00000126870.15,WDR60,0.058939543,0.058939543,-0.04951643943786621,False,,,,,,,,,,,,,,,,-0.03883790969848633
ENSG00000104714.13,ERICH1,0.110837355,0.110837355,-0.1277674436569214,False,,,,,,,,,,,,,,,,-0.055829405784606934
ENSG00000104763.18,ASAH1,0.22225527,0.3655498,0.5331479907035828,True,0.3935464780370653,1.6582299162652347,0.49593390404516824,4.500743949607889,0.20135567508637908,0.07119598239660263,0.16706806421279907,0.2449861306086869,0.0,0.0,0.36416283651858405,0.1919132557653764,0.43481218814849854,0.8037306344148479,1.3477330678214496,0.5452908277511597
ENSG00000147443.12,DOK2,0.03656502,0.03656502,0.0009788274765014648,False,,,,,,,,,,,,,,,,0.08867305517196655
ENSG00000147419.17,CCDC25,0.049315248,0.049315248,-0.22635102272033691,False,,,,,,,,,,,,,,,,-0.021970033645629883
ENSG00000156675.15,RAB11FIP1,0.020461315,0.09064952,0.04748868942260742,True,0.2778134833794608,3.5400715469213715,0.44579741610594886,2.81002603172362,0.11011686600744722,0.020964456722140312,0.08995629847049713,0.027104135780975893,0.0,0.0,0.44142416867733836,0.08307934878430778,0.23047614097595215,2.370910906335304,1.0908836993264697,0.0858343243598938
ENSG00000147535.16,PLPP5,0.52391654,1.1401325,0.48589563369750977,True,0.09466740383097565,0.38043522487562303,0.30687187368599594,5.291220113397886,2.3283585289120676,0.09755455702543259,0.07258902490139008,0.24902261440197862,0.0,0.0,0.2122844526415486,0.2325968274202506,0.18244102597236633,0.6985365544012928,1.8580879895916778,0.4977232813835144
ENSG00000147548.16,NSD3,0.15514554,0.15514554,-0.40634894371032715,False,,,,,,,,,,,,,,,,-0.011881351470947266
ENSG00000083168.9,KAT6A,0.09678912,0.09678912,-0.08341574668884277,False,,,,,,,,,,,,,,,,-0.032791972160339355
ENSG00000168300.13,PCMTD1,0.042338442,0.042338442,-0.02326202392578125,False,,,,,,,,,,,,,,,,-0.02176642417907715
ENSG00000023287.12,RB1CC1,0.37119606,0.37119606,-0.184728741645813,False,,,,,,,,,,,,,,,,-0.1779097318649292
ENSG00000205268.10,PDE7A,0.22647013,0.22647013,-0.11315000057220459,False,,,,,,,,,,,,,,,,-0.10010766983032227
ENSG00000066777.8,ARFGEF1,0.3154505,0.3154505,-0.24745988845825195,False,,,,,,,,,,,,,,,,-0.23964810371398926
ENSG00000140396.12,NCOA2,0.10566592,0.10566592,-0.08637630939483643,False,,,,,,,,,,,,,,,,-0.06004154682159424
ENSG00000076641.4,PAG1,0.16156434,0.16156434,-0.0714104175567627,False,,,,,,,,,,,,,,,,-0.06444942951202393
ENSG00000170323.8,FABP4,0.028634699,0.019734835,0.7187605798244476,True,1.5090778312905349,46.607724445227106,1.284963894528162,18.38112484750068,0.006531184818595648,0.003526098560541868,0.24294893443584442,0.00011716046632402716,0.0,0.0,0.42708286107167,0.029120211520274,1.2034366130828857,0.9413548003969114,1.478300181775706,0.7187605798244476
ENSG00000133742.13,CA1,0.053090494,0.04962688,0.8843536600470543,True,23.322748044313826,30.287440939309302,1.9826526121489585,7.236660883778666,0.02680466903373599,0.21004706621170044,3.7026100158691406,0.2417142685785606,0.0,0.0,0.4925447305088364,0.5303358418556882,7.768510818481445,0.1160408936621319,0.5542930944596663,0.8843536823987961
ENSG00000253738.1,OTUD6B-AS1,0.24261816,0.24261816,-0.14075660705566406,False,,,,,,,,,,,,,,,,-0.07461333274841309
ENSG00000164944.11,VIRMA,0.18966275,0.18966275,-0.1505427360534668,False,,,,,,,,,,,,,,,,-0.11724281311035156
ENSG00000034677.12,RNF19A,0.272962,0.272962,-0.032785892486572266,False,,,,,,,,,,,,,,,,0.06321442127227783
ENSG00000104517.12,UBR5,0.24549295,0.24549295,-0.18286752700805664,False,,,,,,,,,,,,,,,,-0.10830199718475342
ENSG00000155090.14,KLF10,0.0024344053,0.0024344053,0.014782488346099854,False,,,,,,,,,,,,,,,,0.019071221351623535
ENSG00000170873.18,MTSS1,0.12213028,0.30861545,0.11623907089233398,True,0.1270705560528015,1.4326189862437388,0.28150575209623874,3.249008675907708,0.5872732872515916,0.027871225029230118,0.056199006736278534,0.08727134036629369,0.0,0.0,0.3146443990379115,0.088650627225233,0.1773899793624878,1.4281020334208263,1.4074789212456202,0.15485399961471558
ENSG00000245164.6,LINC00861,0.5416205,0.5416205,-0.03052210807800293,False,,,,,,,,,,,,,,,,-0.02196049690246582
ENSG00000153317.14,ASAP1,0.09628447,0.09628447,-0.011636018753051758,False,,,,,,,,,,,,,,,,0.010636985301971436
ENSG00000155926.13,SLA,0.024745908,0.08030522,0.011241137981414795,True,0.355437868277657,5.559432572776164,0.5544638735309253,1.9407455938724179,0.09811562050133943,0.016490140929818153,0.07941234856843948,0.004911414032659468,0.0,0.0,0.3777891016152916,0.06115168134724369,0.2361314296722412,2.256181502952111,0.7424827810859137,0.041954100131988525
ENSG00000104419.14,NDRG1,0.2715893,0.2715893,-0.006219267845153809,False,,,,,,,,,,,,,,,,0.040546536445617676
ENSG00000147364.16,FBXO25,1.008714,1.008714,-0.4210151433944702,False,,,,,,,,,,,,,,,,-0.4030839204788208
ENSG00000147316.12,MCPH1,0.1562698,0.1562698,-0.10540854930877686,False,,,,,,,,,,,,,,,,-0.08358907699584961
ENSG00000155189.11,AGPAT5,0.3557726,0.3557726,-0.0673743486404419,False,,,,,,,,,,,,,,,,-0.051985979080200195
ENSG00000136573.12,BLK,0.018197594,0.04372391,0.0890079140663147,True,0.3865249220679151,8.597570302182053,0.436500474600692,2.3295646847970475,0.05919915486127138,0.015031818300485611,0.1199769452214241,8.523742809372536e-15,0.0,0.0,0.2570762500383479,0.04668509445653424,0.3830222487449646,1.5586338187264182,0.8819301420641872,0.16027355194091797
ENSG00000104219.12,ZDHHC2,0.031981416,0.031981416,-0.028585195541381836,False,,,,,,,,,,,,,,,,-0.012630343437194824
ENSG00000155975.9,VPS37A,0.22145398,0.22145398,-0.1536463499069214,False,,,,,,,,,,,,,,,,-0.14326119422912598
ENSG00000130227.16,XPO7,0.121027894,0.121027894,-0.047888755798339844,False,,,,,,,,,,,,,,,,-0.047867417335510254
ENSG00000158856.18,DMTN,0.0010583128,0.0010583128,-0.000614166259765625,False,,,,,,,,,,,,,,,,-0.0006119012832641602
ENSG00000120910.14,PPP3CC,0.15326092,0.15326092,-0.020670771598815918,False,,,,,,,,,,,,,,,,0.005518853664398193
ENSG00000147457.13,CHMP7,0.20980996,0.20980996,-0.2638063430786133,False,,,,,,,,,,,,,,,,0.0614619255065918
ENSG00000104679.10,R3HCC1,0.04954344,0.04954344,-0.08038914203643799,False,,,,,,,,,,,,,,,,-0.016476035118103027
ENSG00000147454.13,SLC25A37,0.06914716,0.0633803,0.3466528058052063,True,0.821034213534213,6.852313196856689,0.45843331595230186,6.091076681955875,0.09903921460732817,0.024795573204755783,0.31691551208496094,1.9662479277805108e-39,0.0,0.0,0.48441843308926075,0.08061585181733653,1.0875959396362305,0.7595980265779758,1.5188292580078928,0.3519425392150879
ENSG00000042980.12,ADAM28,0.5931355,1.0350387,0.5199159681797028,True,0.06519503046153095,0.3511464449260592,0.1757150301772938,8.372938863433118,1.6763946890830994,0.07878746092319489,0.0634475126862526,0.2357461642777207,0.0,0.0,0.09082660750025051,0.19935424285950634,0.16777876019477844,0.70004982344982,2.528411907909918,0.5209239721298218
ENSG00000104671.7,DCTN6,0.03667739,0.03667739,-0.0701972246170044,False,,,,,,,,,,,,,,,,-0.006835222244262695
ENSG00000165392.9,WRN,0.36340797,0.36340797,-0.06919348239898682,False,,,,,,,,,,,,,,,,-0.01989281177520752
ENSG00000198042.10,MAK16,0.17078912,0.17078912,-0.11598944664001465,False,,,,,,,,,,,,,,,,-0.08583855628967285
ENSG00000156735.10,BAG4,0.058774382,0.058774382,-0.0446242094039917,False,,,,,,,,,,,,,,,,-0.03876185417175293
ENSG00000169499.14,PLEKHA2,0.036362644,0.036362644,-0.012628793716430664,False,,,,,,,,,,,,,,,,0.014247655868530273
ENSG00000104365.13,IKBKB,0.21806562,0.21806562,-0.2717076539993286,False,,,,,,,,,,,,,,,,-0.10943984985351562
ENSG00000168172.8,HOOK3,0.13258389,0.13258389,-0.09107959270477295,False,,,,,,,,,,,,,,,,-0.0713491439819336
ENSG00000254087.7,LYN,0.027434133,0.08166013,0.08195281028747559,True,0.3531659910478989,4.288467865490804,0.3351135450908307,3.5560975007932547,0.2235853258520365,0.03000684827566147,0.20433105528354645,0.1055296158437793,0.0,0.0,0.4467173962528358,0.08818143978974292,0.6722626090049744,1.7849678319943578,1.3610216743460124,0.16003042459487915
ENSG00000170791.17,CHCHD7,0.12085328,0.12085328,-0.08861112594604492,False,,,,,,,,,,,,,,,,-0.08175945281982422
ENSG00000215114.8,UBXN2B,0.3020627,0.3020627,-0.06055259704589844,False,,,,,,,,,,,,,,,,-0.06043291091918945
ENSG00000171316.11,CHD7,0.3083917,0.3083917,-0.044304609298706055,False,,,,,,,,,,,,,,,,-0.02987360954284668
ENSG00000185728.16,YTHDF3,0.0438162,0.0438162,-0.013083815574645996,False,,,,,,,,,,,,,,,,0.002946794033050537
ENSG00000147601.13,TERF1,0.14169165,0.14169165,-0.038471102714538574,False,,,,,,,,,,,,,,,,0.033959805965423584
ENSG00000154589.6,LY96,0.0040912386,0.015237059,0.026845455169677734,True,0.5842311045242337,6.139139132238557,0.43786172436900295,2.1592554875667256,0.094923874437809,0.03318793326616287,0.17743562161922455,5.5828904274470286e-12,0.0,0.0,0.45863800179421177,0.12036952347590815,0.46317318081855774,2.2757713591827304,0.8293995652528445,0.0378493070602417
ENSG00000205189.11,ZBTB10,0.29516047,0.29516047,-0.2258528470993042,False,,,,,,,,,,,,,,,,-0.22192811965942383
ENSG00000104267.9,CA2,0.0010804404,0.0010804404,0.012544333934783936,False,,,,,,,,,,,,,,,,0.01254570484161377
ENSG00000104324.15,CPQ,0.28669614,0.28669614,-0.26110076904296875,False,,,,,,,,,,,,,,,,-0.26105833053588867
ENSG00000120533.12,ENY2,0.12284964,0.12284964,-0.026128530502319336,False,,,,,,,,,,,,,,,,0.131053626537323
ENSG00000176853.15,FAM91A1,0.06559109,0.06559109,-0.0511547327041626,False,,,,,,,,,,,,,,,,-0.04112684726715088
ENSG00000136997.17,MYC,0.0017054832,0.0017054832,-0.004022359848022461,False,,,,,,,,,,,,,,,,-0.0035418272018432617
ENSG00000132294.14,EFR3A,0.112552665,0.112552665,-0.0736922025680542,False,,,,,,,,,,,,,,,,-0.04390239715576172
ENSG00000183354.11,KIAA2026,0.13733996,0.13733996,-0.10985088348388672,False,,,,,,,,,,,,,,,,-0.04028022289276123
ENSG00000175893.11,ZDHHC21,0.1483319,0.1483319,-0.06117403507232666,False,,,,,,,,,,,,,,,,-0.03843033313751221
ENSG00000137154.12,RPS6,0.0024171253,0.0024171253,-1.3412437438964844,False,,,,,,,,,,,,,,,,0.013716816902160645
ENSG00000147889.17,CDKN2A,0.0131905,0.0949978,0.04267960786819458,True,0.08935573981308133,2.0950185435004114,0.36280483819704407,4.439584857944193,0.2662404303749402,0.01057220995426178,0.04787171632051468,9.144273515149906e-15,0.0,0.0,0.09669915877141044,0.0332570278559885,0.13208475708961487,0.816397630016038,2.05328367793137,0.053145527839660645
ENSG00000137055.14,PLAA,0.11522551,0.11522551,-0.09356498718261719,False,,,,,,,,,,,,,,,,-0.08315169811248779
ENSG00000147894.14,C9orf72,0.051163662,0.19929619,0.03380775451660156,True,0.14187201759095178,1.6568012139992383,0.48265991346519965,2.9582092595712206,0.23381624937057494,0.02356860786676407,0.04762785881757736,0.00017304561263734874,0.0,0.0,0.388285605261377,0.08555729956694336,0.12768441438674927,2.565572180481191,1.0977392767722003,0.05890709161758423
ENSG00000137101.12,CD72,0.0062043215,0.02399951,0.04349762201309204,True,0.7527504891354113,13.756392850690112,0.6091843877312006,1.987299279974997,0.040034114979207516,0.013386287726461887,0.15799078345298767,8.217520776411842e-29,0.0,0.0,0.35563863863499423,0.03932695798433893,0.46683865785598755,0.6611235680585356,0.7353942332137438,0.06354105472564697
ENSG00000198467.13,TPM2,0.016004689,0.0197828,0.26592010259628296,True,1.454554989262163,34.5767491096401,0.7220962178067021,2.7379360638193946,0.014180731773376466,0.014104845933616161,0.46997150778770447,1.7622913053043214e-12,0.0,0.0,0.42904071568378915,0.034565984061600837,0.9348556995391846,0.7638715402266062,0.9177611960974339,0.26592880487442017
ENSG00000137076.20,TLN1,0.007454924,0.02753085,0.08285295963287354,True,0.20251156700247352,3.9016866685894267,0.3307184219573608,2.284201214253246,0.09122884634882211,0.013689858838915825,0.07090365141630173,1.1152681496999102e-51,0.0,0.0,0.49326597585877086,0.05925204418081264,0.476707398891449,1.0253554601612027,1.180479745217984,0.1494562029838562
ENSG00000135048.13,TMEM2,0.11446238,0.44346002,0.1595698595046997,True,0.11633063348130941,0.9726824456433457,0.3470935570127728,6.158974855662334,0.6403841346005599,0.040670331567525864,0.08039215952157974,0.20235194244674706,0.0,0.0,0.29081471138795556,0.12318353967108563,0.2336658388376236,1.1629350121873592,1.8289733999806224,0.19148987531661987
ENSG00000107372.12,ZFAND5,0.06849974,0.14619435,0.26374542713165283,True,0.5486848773711525,4.327914233565305,0.43496340821693963,3.018240574376138,0.09015546955168247,0.03692268580198288,0.19350981712341309,0.17296075860655688,0.0,0.0,0.4374618977052935,0.11803318427766384,0.4598062038421631,1.532729330471907,1.1171139570107982,0.3208135962486267
ENSG00000165092.12,ALDH1A1,0.01640728,0.032993354,0.2306804656982422,True,0.7224668668090735,13.503985088068703,0.44388790518100973,1.9784452148043485,0.03485527312383058,0.013218408450484276,0.17918947339057922,1.6423940126228353e-22,0.0,0.0,0.47460453063938574,0.04996764252132557,0.41244685649871826,1.8909928852314757,0.8604479120514487,0.23673713207244873
ENSG00000156017.12,CARNMT1,0.02458925,0.02458925,-0.01219189167022705,False,,,,,,,,,,,,,,,,-0.010555148124694824
ENSG00000196781.14,TLE1,0.026887158,0.05736688,0.012133777141571045,True,0.08964988428642294,1.7607990064470196,0.4203798623146289,3.4824991192920773,0.2343174415826797,0.016353324055671692,0.03297640010714531,1.6285463179575197e-18,0.0,0.0,0.11725100258938076,0.05183239891475466,0.10813009738922119,1.9782895641624347,1.0306944167888792,0.021300137042999268
ENSG00000135049.15,AGTPBP1,0.030922616,0.24045843,0.015628337860107422,True,0.06303733538645993,0.8200316046383904,0.26857756150724094,5.580616888845193,0.5943586799005669,0.025159236043691635,0.0501258410513401,0.11468748207579017,0.0,0.0,0.33138858221484735,0.08758677999523011,0.15763507783412933,1.8834094361860696,2.1866342471699327,0.03394591808319092
ENSG00000083223.17,ZCCHC6,0.21866438,0.21866438,-0.1049501895904541,False,,,,,,,,,,,,,,,,-0.06958067417144775
ENSG00000131669.9,NINJ1,0.012596537,0.012596537,0.005997002124786377,False,,,,,,,,,,,,,,,,0.05429685115814209
ENSG00000188938.15,FAM120AOS,0.14111628,0.14111628,-0.12098169326782227,False,,,,,,,,,,,,,,,,-0.11758863925933838
ENSG00000136936.10,XPA,0.12295582,0.12295582,-0.3048189878463745,False,,,,,,,,,,,,,,,,-0.03276348114013672
ENSG00000136929.12,HEMGN,0.04887984,0.06970317,0.5925805568695068,True,1.7280907978009519,10.915890433853153,1.0327254268158275,4.332590233873264,0.04771050414070487,0.03847990557551384,0.38108494877815247,9.381150229422436e-20,0.0,0.0,0.47397654135235473,0.1253026860913229,0.9558067917823792,0.8117444819858036,0.9072534793311453,0.5927025377750397
ENSG00000136826.14,KLF4,0.010031351,0.030172449,0.09693741798400879,True,0.7370534318228279,10.504459089329982,0.6422579794633727,3.373568986896555,0.04873078275471926,0.023581912741065025,0.22865328192710876,7.683863628396043e-07,0.0,0.0,0.45472886577999905,0.08330317395041398,0.637201189994812,1.832235372223258,0.8955772426979489,0.16711193323135376
ENSG00000106868.16,SUSD1,0.026742185,0.026742185,-0.0072269439697265625,False,,,,,,,,,,,,,,,,-0.006016850471496582
ENSG00000119314.15,PTBP3,0.039900858,0.039900858,-0.1925889253616333,False,,,,,,,,,,,,,,,,-0.047246694564819336
ENSG00000148153.13,INIP,0.06906855,0.06906855,-0.09920632839202881,False,,,,,,,,,,,,,,,,-0.03696799278259277
ENSG00000106948.16,AKNA,0.09309278,0.2721107,0.0796126127243042,True,0.13321073354442953,1.707712925330801,0.38646009200689135,4.620198735900554,0.405151118338108,0.02780011110007763,0.079252228140831,0.19265446870612649,0.0,0.0,0.25600065198606214,0.08406674471529207,0.21657660603523254,1.150921043975901,1.5024242463425557,0.16186338663101196
ENSG00000136861.17,CDK5RAP2,0.09846485,0.09846485,-0.08786666393280029,False,,,,,,,,,,,,,,,,-0.044918060302734375
ENSG00000106780.8,MEGF9,0.011886801,0.05474187,0.025485634803771973,True,0.28557542843691175,4.187894317289838,0.5489345715468514,2.652734729526439,0.09825664769858122,0.018800921738147736,0.09041053056716919,2.0443702152010936e-18,0.0,0.0,0.4633300766891023,0.08967398379674751,0.20634321868419647,3.214459821989338,1.0935908450285572,0.029718399047851562
ENSG00000148175.12,STOM,0.007966674,0.007966674,0.009424328804016113,False,,,,,,,,,,,,,,,,0.021541833877563477
ENSG00000056586.15,RC3H2,0.36957482,0.36957482,-0.34598422050476074,False,,,,,,,,,,,,,,,,-0.34456491470336914
ENSG00000044574.7,HSPA5,0.010766439,0.010766439,-0.04526722431182861,False,,,,,,,,,,,,,,,,-0.0015434026718139648
ENSG00000148341.17,SH3GLB2,0.50128406,0.50128406,-0.1717522144317627,False,,,,,,,,,,,,,,,,-0.16997253894805908
ENSG00000187239.16,FNBP1,0.37760207,0.37760207,-0.10697078704833984,False,,,,,,,,,,,,,,,,-0.09991872310638428
ENSG00000246851.1,AL157938.3,0.11771867,0.11771867,-0.08455955982208252,False,,,,,,,,,,,,,,,,-0.06843650341033936
ENSG00000107290.13,SETX,0.07879889,0.07879889,-0.032416462898254395,False,,,,,,,,,,,,,,,,-0.01888418197631836
ENSG00000169925.16,BRD3,0.015207833,0.015207833,-0.011707901954650879,False,,,,,,,,,,,,,,,,-0.00958561897277832
ENSG00000085265.10,FCN1,3.8897989,5.6461473,0.8470350056886673,True,0.13858260636937372,0.040795780559703204,0.15607845515348487,14.006214427133335,7.697744232416153,1.2136571407318115,0.212452232837677,0.34141766949712743,0.0,0.0,0.20153908255948855,2.711695915991328,0.5119718313217163,0.4372489269818018,4.086587116771048,0.849373534321785
ENSG00000169692.12,AGPAT2,2.5572648,2.5572648,-0.3879333734512329,False,,,,,,,,,,,,,,,,-0.38776326179504395
ENSG00000233016.6,SNHG7,2.9315004,2.9315004,-0.03127002716064453,False,,,,,,,,,,,,,,,,-0.006322383880615234
ENSG00000204001.9,LCN8,0.29738972,0.7454123,0.184343159198761,True,0.022027348081321965,0.31528871145679394,0.17805707476130228,8.608902422094388,1.6389666815598805,0.02961694821715355,0.02319047600030899,1.0926356543006855e-33,0.0,0.0,0.05801643778442396,0.09203420565684439,0.07553569972515106,1.630175118502527,2.73803842150781,0.18756204843521118
ENSG00000169583.12,CLIC3,0.013321961,0.014233131,0.3037607669830322,True,1.9535055621831796,24.179385979281854,0.6438912447250117,3.518683101465981,0.026410889192484317,0.019805653020739555,0.8267700672149658,7.475562369405906e-05,0.0,0.0,0.4771354011139723,0.0661166273522742,1.685152530670166,0.47016885576394635,1.6442240539884758,0.3048214316368103
ENSG00000096968.13,JAK2,0.21935178,0.21935178,0.004937410354614258,False,,,,,,,,,,,,,,,,0.01039046049118042
ENSG00000147854.16,UHRF2,0.10987197,0.10987197,-0.1282891035079956,False,,,,,,,,,,,,,,,,-0.027529239654541016
ENSG00000107077.18,KDM4C,0.25219876,0.25219876,-0.20154356956481934,False,,,,,,,,,,,,,,,,-0.19623827934265137
ENSG00000137145.20,DENND4C,0.12245854,0.12245854,-0.09710955619812012,False,,,,,,,,,,,,,,,,-0.08237957954406738
ENSG00000086061.15,DNAJA1,0.31742474,0.31742474,-0.6046706438064575,False,,,,,,,,,,,,,,,,-0.42925429344177246
ENSG00000122694.15,GLIPR2,0.049465355,0.049465355,0.006233274936676025,False,,,,,,,,,,,,,,,,0.09108376502990723
ENSG00000147905.17,ZCCHC7,0.03411691,0.07027672,0.11517107486724854,True,0.3282198629522211,4.896861653888941,0.31560346625869995,4.205934825662588,0.15220530364248488,0.018042372539639473,0.14290620386600494,0.05133684388444671,0.0,0.0,0.45694202488523256,0.060926517732397656,0.536016047000885,1.6648417913114315,1.4963344526892384,0.12401783466339111
ENSG00000135046.13,ANXA1,0.7155003,0.7155003,-0.4551095962524414,False,,,,,,,,,,,,,,,,0.3309084177017212
ENSG00000134996.11,OSTF1,0.008843427,0.008843427,-0.010324358940124512,False,,,,,,,,,,,,,,,,0.003604412078857422
ENSG00000148019.12,CEP78,0.13114838,0.4040288,0.28520524501800537,True,0.07911881939525088,0.8816614333452274,0.3294433563664569,5.66191087941211,0.7800238692760467,0.03292283043265343,0.05687456205487251,0.14734631682140162,0.0,0.0,0.18737260124594018,0.0912877753760881,0.1612844318151474,1.1209106307666745,1.7727739279172041,0.30141252279281616
ENSG00000106829.18,TLE4,0.1794637,0.1794637,-0.06016087532043457,False,,,,,,,,,,,,,,,,0.03082418441772461
ENSG00000123975.4,CKS2,0.015241514,0.024431754,0.10371780395507812,True,0.5797773045203435,8.011670461377221,0.3363695671471405,3.4661216462992903,0.07949616976082324,0.015072387643158436,0.3284801244735718,0.04747117499759338,0.0,0.0,0.4507697919236378,0.04677669409519326,0.7074074745178223,0.6635095034998217,2.0984550997638816,0.10391664505004883
ENSG00000187742.14,SECISBP2,0.3079989,0.3079989,-0.3742717504501343,False,,,,,,,,,,,,,,,,-0.37419867515563965
ENSG00000165025.14,SYK,0.044140577,0.15714245,0.22698235511779785,True,0.26200124669891434,2.3899006911754603,0.44150359826786467,5.568017248669939,0.24361655972898,0.029163364320993423,0.11522097140550613,0.023908697823280003,0.0,0.0,0.45032899042063523,0.10135148462502562,0.362809419631958,1.4293748889890576,1.487841190411359,0.2517802119255066
ENSG00000165233.17,CARD19,0.019668695,0.019668695,-0.007350921630859375,False,,,,,,,,,,,,,,,,0.008176863193511963
ENSG00000048828.16,FAM120A,0.010497351,0.010497351,-0.01903247833251953,False,,,,,,,,,,,,,,,,-0.010332822799682617
ENSG00000119508.17,NR4A3,0.62381786,0.62381786,-0.05992436408996582,False,,,,,,,,,,,,,,,,-0.023000717163085938
ENSG00000148154.9,UGCG,0.030962106,0.033393715,0.1331864595413208,True,0.33778635208715185,5.8150814674202636,0.2708155051919236,11.7017718892047,0.0693509752023965,0.013867679983377457,0.3044447898864746,1.076331336702124e-23,0.0,0.0,0.4791259536110499,0.057211600931811546,0.9978690147399902,0.3066074317740072,3.0741548447293234,0.13449591398239136
ENSG00000119471.14,HSDL2,0.08653538,0.08653538,-0.01177060604095459,False,,,,,,,,,,,,,,,,-0.009006142616271973
ENSG00000136867.10,SLC31A2,0.05094686,0.25318068,0.12423741817474365,True,0.05668945051522801,0.9859682826720447,0.26181396663391066,4.3069996921077855,0.5530199209849039,0.02071082592010498,0.03869876265525818,1.5679390144443358e-06,0.0,0.0,0.14710464712255433,0.06422148737467381,0.12156416475772858,1.4102548139637803,1.8951200355205462,0.13594233989715576
ENSG00000226752.9,PSMD5-AS1,1.9738517,1.9738517,-1.0824429988861084,False,,,,,,,,,,,,,,,,-1.0792603492736816
ENSG00000119397.16,CNTRL,0.3399121,0.3399121,-0.1949247121810913,False,,,,,,,,,,,,,,,,-0.18661320209503174
ENSG00000148180.19,GSN,0.005082243,0.005082243,-0.020095348358154297,False,,,,,,,,,,,,,,,,-0.019389748573303223
ENSG00000011454.16,RABGAP1,0.13488713,0.13488713,-0.10618209838867188,False,,,,,,,,,,,,,,,,-0.08347499370574951
ENSG00000136950.13,ARPC5L,0.0061062835,0.0061062835,-0.005301713943481445,False,,,,,,,,,,,,,,,,0.0009618401527404785
ENSG00000136877.14,FPGS,0.052184053,0.052184053,-0.04966115951538086,False,,,,,,,,,,,,,,,,-0.04962658882141113
ENSG00000197694.15,SPTAN1,0.25725663,0.25725663,-0.14543700218200684,False,,,,,,,,,,,,,,,,-0.11522221565246582
ENSG00000119335.16,SET,0.015384192,0.015384192,-0.1757373809814453,False,,,,,,,,,,,,,,,,-0.01088261604309082
ENSG00000097007.17,ABL1,0.21335442,0.21335442,-0.19355034828186035,False,,,,,,,,,,,,,,,,-0.19273090362548828
ENSG00000126883.16,NUP214,0.9309417,4.2235074,0.19820982217788696,True,0.039165840871014414,0.10407837776789902,0.268400661120649,5.268217550166016,11.071245617866513,0.18753817677497864,0.029347185045480728,0.26718398003126864,0.0,0.0,0.10161101785661292,0.38907866121159884,0.08537136018276215,0.6797837210785741,1.5035442998045006,0.2517715096473694
ENSG00000130723.18,PRRC2B,0.15678161,0.15678161,-0.3226414918899536,False,,,,,,,,,,,,,,,,-0.037323713302612305
ENSG00000148291.9,SURF2,0.051896676,0.051896676,-0.16605865955352783,False,,,,,,,,,,,,,,,,-0.0088731050491333
ENSG00000054148.17,PHPT1,0.015490134,0.015490134,-0.12495648860931396,False,,,,,,,,,,,,,,,,0.027119934558868408
ENSG00000107317.12,PTGDS,0.0035838843,0.0035838843,0.09606385231018066,False,,,,,,,,,,,,,,,,0.09613680839538574
ENSG00000148362.10,PAXX,0.021071553,0.021071553,-0.16426241397857666,False,,,,,,,,,,,,,,,,0.04152560234069824
ENSG00000188229.5,TUBB4B,0.0009992766,0.0009992766,-0.006544351577758789,False,,,,,,,,,,,,,,,,-0.006544232368469238
ENSG00000182154.7,MRPL41,0.0646394,0.0646394,-0.46187543869018555,False,,,,,,,,,,,,,,,,-0.01924598217010498
ENSG00000196459.13,TRAPPC2,0.21442962,0.21442962,-0.1775197982788086,False,,,,,,,,,,,,,,,,-0.11933553218841553
ENSG00000182287.14,AP1S2,0.0067319227,0.0067319227,0.04764711856842041,False,,,,,,,,,,,,,,,,0.09119325876235962
ENSG00000147010.17,SH3KBP1,0.10740484,0.10740484,-0.1686103343963623,False,,,,,,,,,,,,,,,,-0.012704253196716309
ENSG00000177189.12,RPS6KA3,0.22062236,0.22062236,-0.1955963373184204,False,,,,,,,,,,,,,,,,-0.14151573181152344
ENSG00000120280.5,CXorf21,0.14747097,0.14747097,0.00685960054397583,False,,,,,,,,,,,,,,,,0.01799386739730835
ENSG00000126759.13,CFP,0.011268374,0.011268374,0.009173452854156494,False,,,,,,,,,,,,,,,,0.03879964351654053
ENSG00000068308.13,OTUD5,0.30611408,0.30611408,-0.2698354721069336,False,,,,,,,,,,,,,,,,-0.2650207281112671
ENSG00000158578.18,ALAS2,0.0052882126,0.0052882126,0.4733383059501648,False,,,,,,,,,,,,,,,,0.4733394384384155
ENSG00000147168.12,IL2RG,0.03343244,0.03343244,-0.008960485458374023,False,,,,,,,,,,,,,,,,0.028539717197418213
ENSG00000147099.19,HDAC8,0.21316841,0.21316841,-0.1444079875946045,False,,,,,,,,,,,,,,,,-0.14440476894378662
ENSG00000229807.10,XIST,0.19072537,0.19072537,-0.1370915174484253,False,,,,,,,,,,,,,,,,-0.0453873872756958
ENSG00000085224.21,ATRX,0.07394366,0.07394366,-0.14274048805236816,False,,,,,,,,,,,,,,,,-0.009015560150146484
ENSG00000078596.10,ITM2A,0.055324636,0.055324636,-0.1511855125427246,False,,,,,,,,,,,,,,,,0.15452921390533447
ENSG00000198157.10,HMGN5,0.008757231,0.008757231,-0.010792136192321777,False,,,,,,,,,,,,,,,,-0.010791182518005371
ENSG00000010671.15,BTK,0.03696403,0.03696403,0.004969894886016846,False,,,,,,,,,,,,,,,,0.04020112752914429
ENSG00000133169.5,BEX1,0.0055503896,0.0055503896,0.029544293880462646,False,,,,,,,,,,,,,,,,0.02954697608947754
ENSG00000157514.16,TSC22D3,0.014252176,0.014252176,-0.1648108959197998,False,,,,,,,,,,,,,,,,-0.01977682113647461
ENSG00000101882.9,NKAP,0.06541585,0.06541585,-0.038700222969055176,False,,,,,,,,,,,,,,,,-0.035826921463012695
ENSG00000123728.9,RAP2C,0.11267342,0.11267342,-0.25192856788635254,False,,,,,,,,,,,,,,,,-0.0508880615234375
ENSG00000129680.15,MAP7D3,0.041525483,0.041525483,-0.003969788551330566,False,,,,,,,,,,,,,,,,-0.002720475196838379
ENSG00000010404.17,IDS,0.3067547,0.3067547,-0.11536896228790283,False,,,,,,,,,,,,,,,,-0.056356191635131836
ENSG00000169057.21,MECP2,0.218852,0.218852,-0.17911291122436523,False,,,,,,,,,,,,,,,,-0.17651879787445068
ENSG00000196924.14,FLNA,0.29557455,0.6541704,0.46847134828567505,True,0.1512954059421752,0.596387133073371,0.3079655482722156,6.9771189327410825,0.9735363371670247,0.0944771096110344,0.1307685226202011,0.24931709235777416,0.0,0.0,0.3178490771516227,0.2569716359527075,0.33325695991516113,0.7985752302077492,2.0887711703691707,0.4906570315361023
ENSG00000130830.14,MPP1,0.0060619195,0.020421626,0.24692362546920776,True,0.5204713404192415,12.042428476773607,0.42243770417388293,2.7786070850954974,0.03970996951684356,0.011316696181893349,0.22442470490932465,0.0,0.0,0.0,0.49667002054031534,0.04483267271098334,3.9423329830169678,0.042052598208869085,1.4468182952042437,0.25871360301971436
ENSG00000005302.17,MSL3,0.18897173,0.18897173,-0.16894114017486572,False,,,,,,,,,,,,,,,,-0.10582160949707031
ENSG00000205542.10,TMSB4X,0.003024879,0.003024879,-0.4404360055923462,False,,,,,,,,,,,,,,,,0.045121073722839355
ENSG00000046651.14,OFD1,0.31340906,0.31340906,-0.04234468936920166,False,,,,,,,,,,,,,,,,-0.04151797294616699
ENSG00000169249.12,ZRSR2,0.12289151,0.12289151,-0.08718085289001465,False,,,,,,,,,,,,,,,,-0.0648658275604248
ENSG00000169895.5,SYAP1,0.046884563,0.046884563,-0.14856207370758057,False,,,,,,,,,,,,,,,,-0.03412961959838867
ENSG00000130066.16,SAT1,0.198306,0.2790237,0.5440768599510193,True,1.117457500219871,0.6828729083745424,0.1799805403067378,15.532020922260555,0.48409612499177457,0.41593798995018005,1.217923641204834,0.2375706011464538,0.0,0.0,0.49490440906685,1.3474397084103702,3.99760103225708,0.8906541687672545,4.083779551987168,0.553988128900528
ENSG00000130741.10,EIF2S3,0.74440175,0.74440175,-0.1803971529006958,False,,,,,,,,,,,,,,,,-0.15623867511749268
ENSG00000005889.15,ZFX,0.38703915,0.38703915,-0.23611104488372803,False,,,,,,,,,,,,,,,,-0.21648967266082764
ENSG00000165168.7,CYBB,0.03782907,0.04745216,0.13632017374038696,True,1.1927126959134178,8.071598500331275,0.6112581118324063,2.165843896839765,0.0612288410961628,0.030173197388648987,0.28458845615386963,8.887339125272694e-43,0.0,0.0,0.4870376589119162,0.1191100519881587,0.6547979712486267,2.1365111849576595,1.1128768008359124,0.15782105922698975
ENSG00000165175.15,MID1IP1,0.013958646,0.013958646,-0.0034579038619995117,False,,,,,,,,,,,,,,,,0.0014539361000061035
ENSG00000147050.14,KDM6A,0.18157513,0.18157513,-0.11639368534088135,False,,,,,,,,,,,,,,,,-0.10355842113494873
ENSG00000102226.9,USP11,0.34683326,0.34683326,-0.11219406127929688,False,,,,,,,,,,,,,,,,-0.10326254367828369
ENSG00000078061.12,ARAF,0.07662893,0.07662893,-0.04797935485839844,False,,,,,,,,,,,,,,,,-0.03800404071807861
ENSG00000102265.11,TIMP1,0.014085571,0.02069447,0.2584438920021057,True,1.756014271497979,21.28065613494381,0.575613504347157,5.354896149490057,0.030693837236613036,0.024240119382739067,0.7463033199310303,0.004489390573401632,0.0,0.0,0.49505783716722745,0.08495463573601647,2.124629497528076,1.5328742531771073,1.3089706549237394,0.2891761064529419
ENSG00000184205.14,TSPYL2,0.45766664,0.9414775,0.1865820288658142,True,0.10828483051704493,0.4696211123827609,0.37412123760596067,6.860529478628054,1.6133657131592432,0.07761086523532867,0.06089284271001816,0.16997483719989595,0.0,0.0,0.38543503712313926,0.23880805205352115,0.2302456498146057,1.5426694412098585,1.591134101040225,0.18658959865570068
ENSG00000147162.13,OGT,0.15664646,0.15664646,-0.11878633499145508,False,,,,,,,,,,,,,,,,-0.05299079418182373
ENSG00000078589.12,P2RY10,0.058845695,0.058845695,-0.08645892143249512,False,,,,,,,,,,,,,,,,0.014600813388824463
ENSG00000166681.13,BEX3,0.001970056,0.028468972,0.0547371506690979,True,0.3228420807845001,5.098831344387699,0.4287374844804467,5.578275562199008,0.11012671373784542,0.014006081968545914,0.1402176171541214,0.0009894582982946567,0.0,0.0,0.43616320412048415,0.05333811065282391,0.4495871365070343,1.3520101029508955,1.7764360910865369,0.05601906776428223
ENSG00000147251.15,DOCK11,0.28983724,0.28983724,-0.21990561485290527,False,,,,,,,,,,,,,,,,-0.17880892753601074
ENSG00000122122.9,SASH3,0.17521288,0.17521288,-0.07410597801208496,False,,,,,,,,,,,,,,,,-0.05552053451538086
ENSG00000102081.13,FMR1,0.10953685,0.10953685,-0.0431368350982666,False,,,,,,,,,,,,,,,,-0.04058229923248291
ENSG00000071859.14,FAM50A,0.02104692,0.02104692,-0.042476654052734375,False,,,,,,,,,,,,,,,,0.003544449806213379
ENSG00000183878.15,UTY,0.5040849,0.5040849,-0.3574424982070923,False,,,,,,,,,,,,,,,,-0.3570212125778198
ENSG00000067048.16,DDX3Y,0.226369,0.226369,-0.03279685974121094,False,,,,,,,,,,,,,,,,-0.0307464599609375
