,1,2,3,4,5,6,7,8,9,10,11,12,13,14,15,16,17,18,19,20,21,22,23,24,25,26,27,28,29,30
HES4,0.0,0.0,0.0,0.0,0.0,0.0,0.0,0.0,0.0,0.0,1297.5659,0.0,0.0,0.0,0.0,0.0,0.0,0.0,0.0,0.0,0.0,0.0,0.0,0.0,414.43723,147.04271,83.45863,0.0,0.0,0.0
ISG15,822.922,706.3171,180.92238,736.68494,0.0,0.0,37.376263,363.05872,1231.5659,245.46611,2231.5344,0.0,253.80496,45.875637,0.0,0.0,136.02374,278.55496,352.68448,0.0,0.0,0.0,0.0,287.22397,323.50256,1244.0491,430.6395,1340.9359,0.0,922.1783
MXRA8,0.0,0.0,0.0,0.0,0.0,0.0,0.0,0.0,0.0,0.0,0.0,0.0,0.0,0.0,0.0,0.0,0.0,0.0,0.0,0.0,0.0,0.0,0.0,0.0,0.0,955.65796,0.0,0.0,2546.0017,0.0
MRPL20,685.3567,156.91058,225.71967,506.38525,1183.4457,552.51044,226.38087,382.01218,0.0,346.8652,453.3701,742.3998,494.64484,752.50806,624.55133,171.54483,435.293,605.7254,432.9232,721.6606,467.07837,474.6057,155.36275,121.35979,0.0,656.91064,0.0,95.375336,731.68646,65.0755
VWA1,0.0,0.0,0.0,0.0,0.0,0.0,0.0,0.0,0.0,8.449097,0.0,0.0,0.0,0.0,0.0,0.0,0.0,0.0,0.0,0.0,0.0,0.0,0.0,0.0,17.407995,161.38513,0.0,0.0,149.03293,0.0
ATAD3A,13.586962,6.5213747,0.0,36.941414,218.90868,188.63354,0.0,24.095419,0.0,73.444756,27.942478,95.34764,248.34319,78.41091,75.69452,0.0,24.3348,12.3342705,46.19392,28.571142,0.0,173.57532,275.99832,0.0,40.526447,114.361786,83.92123,171.96979,56.876095,0.0
PRDM16,0.0,0.0,0.0,3.586672,0.0,0.0,0.0,0.0,0.11213264,36.217587,0.0,0.0,0.0,0.0,2.5825,0.0,0.0,0.0,0.0,0.0,0.0,0.0,0.0,0.0,0.0,0.0,44.763786,0.0,0.0,17.523485
SMIM1,0.0,0.0,0.0,0.0,726.88605,300.21024,0.0,0.0,0.0,0.0,0.0,211.46127,147.99405,0.0,0.0,1092.7402,0.0,0.0,0.0,85.15994,0.0,0.0,305.37683,0.0,0.0,0.0,0.0,0.0,36.24581,0.0
ACOT7,0.0,0.0,0.0,89.425125,0.0,63.55823,9.83687,61.180946,0.0,3.3131394,6.2010508,52.21561,873.62744,31.566841,0.0,0.0,117.83994,0.0,16.241602,9.420754,15.2621355,0.0,235.53174,0.0,109.21769,5.038966,0.0,0.0,71.9487,0.0
ESPN,3.873572,0.0,0.0,0.0,31.967268,0.0,0.0,0.0,0.0,0.0,0.0,159.6954,0.0,0.0,16.86376,0.0,0.0,0.0,0.0,0.0,0.0,0.0,0.0,0.0,0.0,0.0,0.0,8.488626,0.0,0.0
DNAJC11,17.447598,3.259692,7.1395354,16.06551,144.25499,0.0,0.0,0.0,0.0,12.768774,3.2970848,371.97464,22.551178,0.0,49.395092,0.0,0.0,0.0,69.15869,34.212143,0.0,25.593233,0.0,0.0,55.83645,0.0,0.0,52.537975,0.0,169.2283
UTS2,11.213917,0.0,0.0,58.48259,0.0,0.0,0.0,0.0,0.2349436,0.0,0.0,50.47085,0.0,0.0,0.0,0.0,0.0,0.0,0.0,8.766069,0.0,0.0,0.0,0.0,0.0,0.0,2.2684243,0.0,111.86755,0.0
ERRFI1,0.0,0.0,0.0,9.154926,0.0,0.0,0.0,0.0,0.0,0.0,0.0,0.0,0.0,0.0,0.0,0.0,0.0,0.0,0.0,0.0,0.0,0.0,0.0,0.0,46.69459,203.28827,3972.9243,0.0,0.0,0.0
ENO1,1256.5391,1038.3124,58.242287,957.29004,0.0,2029.8246,2307.0642,1809.7506,180.21564,5200.2295,1009.09814,0.0,4677.5127,4450.4585,0.0,0.0,330.98557,600.269,775.87225,2723.9514,224.88316,0.0,539.8559,552.23987,0.0,781.70557,503.99323,409.60144,406.32117,419.13193
SPSB1,0.0,0.0,0.0,4.1511736,0.0,0.0,0.0,165.38522,0.0,0.0,0.0,0.0,0.0,0.0,0.0,0.0,0.0,166.65694,0.0,0.0,0.0,0.0,0.0,14.538226,275.21283,99.571945,19.95703,0.0,0.0,0.0
SRM,245.68102,17.356432,119.88204,197.966,624.2307,1052.6008,269.48257,153.6931,0.0,419.9039,50.74396,160.47836,581.57104,560.15424,249.04027,0.0,297.16348,0.0,109.986725,238.45857,110.6141,708.70276,8.989753,0.0,0.0,0.0,0.0,253.91003,961.6495,0.0
RCC2,0.0,46.1519,0.0,62.943626,49.665154,153.88133,341.9647,228.1959,54.81435,175.65636,55.001015,576.3787,29.666323,161.03072,84.349144,0.0,86.221725,41.40664,122.3007,129.8179,0.0,6.3890066,101.64945,0.0,0.0,0.0,0.0,68.78664,311.75967,49.229027
MRTO4,92.587234,0.0,60.692703,36.847485,533.9497,246.77815,70.12753,225.43013,0.0,183.1755,13.10145,142.78064,104.359276,109.97697,176.60272,0.0,67.668106,0.0,72.916,25.018694,61.47847,16.700207,0.0,77.685104,0.0,113.40475,17.067165,53.208687,154.99702,82.06614
AKR7A2,201.24223,39.83514,125.761856,253.99287,0.0,99.31727,258.1333,223.3824,0.0,355.38318,121.95664,49.11947,1506.7637,202.52924,72.37638,0.0,338.9408,224.1071,109.8927,827.35724,119.58105,0.0,0.0,0.0,0.0,0.0,494.54776,0.0,412.8316,279.9323
MINOS1,1125.8833,759.4663,136.3299,447.3161,1267.4495,1189.353,553.657,906.24054,32.67105,176.7532,963.4191,361.21088,1160.324,1616.9989,875.0696,0.0,428.69543,832.1017,455.35526,764.63715,1208.1082,675.1346,394.0125,0.0,318.66904,427.23383,259.22366,1025.5455,1231.1735,927.95856
UBXN10,0.0,0.0,0.0,6.433878,44.178776,28.791103,0.0,0.0,0.0,0.0,0.0,53.526608,20.7395,0.0,0.0,0.0,0.0,0.0,0.0,0.0,0.0,0.0,32.085476,0.0,0.0,0.0,0.0,0.0,0.0,0.0
KIF17,0.0,0.0,0.0,0.0,0.0,0.0,18.189322,11.005235,0.0,9.575972,0.0,0.0,17.709028,16.612133,0.0,0.0,94.30331,0.0,27.77,0.0,0.0,0.0,0.0,0.0,0.0,0.0,0.0,0.0,0.0,0.0
EIF4G3,0.0,37.736523,80.50785,80.464035,0.0,33.047153,77.5079,25.540602,40.2656,89.52751,0.0,44.586147,0.0,46.36583,237.64081,0.0,58.732536,780.17365,70.50803,145.10614,0.0,0.0,44.69232,0.0,92.85439,94.22011,0.0,48.204784,0.0,0.0
ALPL,0.0,0.0,0.0,0.0,0.0,0.0,0.0,0.0,0.0,0.0,0.0,0.0,0.0,0.0,0.0,0.0,0.0,0.0,0.0,0.0,0.0,0.0,0.0,0.0,0.0,744.0528,35.827415,0.0,0.0,0.0
USP48,122.51962,90.54174,99.66997,130.90266,186.14877,443.06717,72.92792,186.719,0.0,189.3025,17.251324,350.2834,338.64954,233.45572,349.69543,59.614403,262.2742,128.88951,265.6897,36.529915,175.74052,79.7108,198.96783,147.51802,0.0,180.41595,151.99548,292.34668,287.8411,245.93057
C1QA,0.0,0.0,0.0,0.0,0.0,0.0,0.0,0.0,0.0,0.0,652.3206,0.0,0.0,0.0,0.0,0.0,0.0,0.0,0.0,0.0,0.0,0.0,0.0,0.0,0.0,0.0,0.0,0.0,0.0,26672.838
C1QC,0.0,0.0,0.0,0.0,0.0,0.0,0.0,0.0,0.0,0.0,0.0,0.0,0.0,0.0,0.0,0.0,0.0,0.0,0.0,0.0,0.0,0.0,0.0,0.0,0.0,0.0,0.0,58.487587,0.0,12061.757
C1QB,0.0,0.0,0.0,0.0,0.0,0.0,0.0,0.0,0.0,0.0,87.69097,0.0,0.0,0.0,0.0,0.0,0.0,0.0,0.0,0.0,0.0,0.0,0.0,0.0,0.0,0.0,0.0,0.0,0.0,24794.38
ID3,4.8502645,0.0,203.80801,0.0,0.0,0.0,0.0,95.57117,0.0,0.0,0.0,0.0,0.0,0.0,312.39438,0.0,0.0,0.0,343.33905,0.0,7578.724,0.0,0.0,9.086807,1558.8444,2382.8655,0.0,28.017921,0.0,0.0
RHD,0.0,0.0,0.0,0.0,0.0,0.0,0.0,0.0,0.0,0.0,0.0,10.21873,0.0,0.0,0.0,363.58942,0.0,0.0,0.06097167,29.023859,0.0,0.0,0.0,5.804376,0.0,0.0,0.0,0.0,0.0,0.0
RHCE,0.0,0.0,0.0,0.0,0.0,0.0,0.0,0.0,0.0,0.44676688,0.0,0.0,0.0,0.0,0.0,541.3571,0.0,0.0,0.0,0.0,0.0,0.0,0.0,0.0,0.0,0.0,0.0,0.0,0.0,0.0
STMN1,0.0,0.0,0.0,0.0,0.0,604.9725,0.0,9704.516,0.0,2575.0947,0.0,0.0,15808.963,1795.7509,0.0,0.0,2848.607,0.0,4350.4697,0.0,0.0,0.0,14257.523,0.0,0.0,0.0,0.0,0.0,0.0,676.59326
FAM110D,0.0,0.0,0.0,0.0,8.114991,12.315999,0.0,0.0,0.0,0.0,0.0,28.45134,0.21283899,0.0,0.0,7.569022,0.0,0.0,0.0,0.0,0.0,0.0,1.3872552,0.0,0.0,0.0,0.0,0.0,0.0,0.0
SH3BGRL3,6116.674,7095.998,2878.5205,10752.882,0.0,0.0,9180.12,1861.5504,5705.1367,838.15717,9274.776,0.0,828.84314,33.987923,0.0,75.516106,3462.9187,10475.484,4516.8794,5934.886,2205.4277,4730.158,0.0,10034.266,0.0,0.0,4803.37,2973.6638,3883.0547,995.24036
ZNF683,24.753641,0.0,0.0,375.33405,0.0,0.0,0.0,0.0,0.0,0.0,0.0,103.73576,11.444004,0.0,0.0,2.700126,0.0,0.0,0.0,0.0,244.17316,120.398346,0.0,46.898895,51.533382,59.8669,325.45206,0.0,151.78073,0.0
HMGN2,2242.0674,924.76794,1823.4569,1301.7827,130.60435,2243.6633,3340.1682,10906.158,1276.7783,2850.6262,1090.6805,3604.0999,13323.032,6128.05,3277.518,0.0,4014.1365,2399.983,4587.279,5532.205,4158.2026,1138.192,22628.455,1136.6248,5053.9556,2935.0332,3682.5244,1926.2815,2790.4414,1673.4534
NUDC,468.6988,0.0,196.61954,344.4178,967.11914,877.7235,132.02434,405.68027,0.0,457.25537,201.0063,765.45184,1362.2677,238.97961,829.6681,0.0,351.66455,467.15344,464.9537,360.6893,378.84952,230.17001,953.13165,144.82112,533.4909,395.53476,0.0,261.61594,1163.7203,0.0
ATP5IF1,1730.4899,0.0,96.766106,1480.5906,6030.912,2693.6355,0.0,529.28516,0.0,338.6631,90.713745,3604.4622,2692.3826,476.979,1569.2087,3880.24,949.35834,1213.9938,743.4512,515.9871,1174.1752,0.0,3543.549,133.86923,0.0,999.4752,0.0,519.08984,1247.2301,1062.4171
SPOCD1,0.0,0.0,0.0,0.0,0.0,0.0,0.0,0.0,0.0,0.0,0.0,0.0,0.0,0.0,0.0,0.0,0.0,0.0,0.0,0.0,0.0,0.0,0.0,235.72058,0.0,0.0,0.0,0.0,0.0,0.0
MARCKSL1,300.01096,0.0,749.62164,25.942167,0.0,2934.464,503.6995,2149.566,714.58606,269.99478,842.4111,0.0,0.0,0.0,232.04846,0.0,580.80255,23.964697,499.94467,208.64359,0.0,0.0,0.0,240.2732,129.62473,140.85602,763.39355,309.8811,1061.23,0.0
ZBTB8A,0.0,0.0,0.0,7.4819436,0.0,42.287865,0.0,0.0,0.0,215.29884,0.0,0.0,0.0,0.0,190.19646,0.0,34.63871,0.0,0.0,0.0,0.0,0.0,15.495697,0.0,0.0,0.0,0.0,10.814746,87.10591,0.0
RBBP4,314.04117,49.82358,301.91592,500.8864,350.653,984.1561,95.08029,970.76984,0.0,587.62646,246.95193,149.9039,1989.851,164.34332,538.52,448.46774,863.3921,229.15479,1010.75806,594.3182,859.07886,122.69086,36.4428,308.60095,173.47374,193.67339,563.39746,997.32477,995.0824,68.656364
CLSPN,0.0,0.0,0.0,0.0,0.0,0.0,0.0,124.04971,0.0,0.0,0.0,0.0,1063.2124,0.0,0.0,9.818711,0.0,0.0,0.0,8.570237,0.0,0.0,300.52505,0.0,0.0,0.0,19.920732,0.0,0.0,0.0
EVA1B,0.0,12.798913,0.0,2.3484643,0.0,0.0,0.0,0.0,62.56032,2.692384,9.765648,0.0,0.0,73.75842,0.0,0.0,0.0,0.0,0.0,527.411,51.88228,0.0,0.0,17.928123,0.0,42.486614,91.55439,0.0,0.0,0.0
CDCA8,0.0,0.0,0.0,0.0,0.0,0.0,0.0,56.284218,0.0,0.0,0.0,6.902604,115.20909,0.0,0.0,0.0,0.0,0.0,0.0,0.0,0.0,0.0,1252.0712,0.0,0.0,0.0,0.0,0.0,0.0,0.0
ZMYND12,0.0,0.0,0.0,2.075328,0.0,6.7468853,0.0,6.2750616,0.0,2.1404788,0.2925062,0.0,0.0,17.462124,0.29908165,0.0,0.0,4.2032104,27.904068,0.0,0.0,6.7573605,0.0,0.0,15.985746,0.0,0.0,13.388304,0.0,38.686886
YBX1,4364.108,325.86755,3901.5496,2296.7932,8250.972,10142.512,6830.6157,4114.4907,4422.0107,6462.4487,5599.995,8549.695,8274.075,3454.1846,4887.943,2278.4807,3915.7195,3737.0632,3478.7173,5919.155,6303.6553,6022.854,6061.4355,957.45,7090.9663,3338.025,3042.0288,4471.052,2914.2737,2794.2686
ERMAP,0.0,11.657714,0.0,0.0,99.997,0.0,0.0,0.0,30.845106,5.1531844,15.327993,25.287857,0.0,0.0,38.060688,179.72408,23.534363,0.0,2.08186,54.724434,21.354843,0.0,4.612134,0.0,0.0,0.0,0.0,64.03134,21.040342,20.117819
SLC2A1,0.0,0.0,182.8197,144.01872,1.871446,16.187643,71.68278,0.0,6.2209506,10.985743,0.0,393.169,25.771004,0.0,86.619514,775.30286,347.6071,0.0,4.335865,37.15953,0.0,97.96328,0.0,66.55558,269.57462,0.0,311.84747,62.524597,0.0,0.0
EBNA1BP2,88.972206,0.0,7.6472726,79.874565,511.5912,549.35095,79.269,284.83835,0.0,226.45032,37.115005,62.980015,297.1372,198.11763,88.48759,0.0,149.65698,0.0,59.913307,223.6262,0.0,0.0,253.35544,57.05646,0.0,0.0,37.961605,19.111094,280.95355,93.97156
TIE1,0.0,0.0,0.0,12.025072,0.0,0.0,0.0,0.0,0.0,113.2152,0.0,0.0,3.6767354,5.4007053,0.0,0.0,0.0,0.0,0.66566074,0.0,0.0,0.0,0.0,0.0,0.0,59.62529,8.033078,0.0,0.0,0.0
CDC20,0.0,0.0,0.0,0.0,360.27185,0.0,0.0,0.0,0.0,0.0,0.0,0.0,0.0,0.0,0.0,278.05963,0.0,0.0,0.0,0.0,0.0,0.0,2968.2253,0.0,0.0,0.0,0.0,0.0,0.0,0.0
KIF2C,0.0,0.0,0.0,0.0,9.760906,8.275744,0.0,0.0,0.0,0.0,0.0,68.46012,138.72383,0.0,0.0,7.887983,0.0,0.0,0.0,42.72622,0.0,0.0,678.63043,0.0,0.0,0.0,0.0,0.0,0.0,0.0
PTCH2,0.0,0.0,0.0,0.0,0.0,0.0,0.0,0.0,39.047134,0.0,0.0,0.0,0.0,0.0,3925.7458,0.0,0.0,0.0,0.0,0.0,0.0,0.0,0.0,0.0,0.0,64.316216,0.0,0.0,0.0,38.73366
EIF2B3,43.263878,0.0,7.569958,15.679467,234.10387,106.889145,15.7463875,0.0,0.0,68.88925,8.029129,125.85855,68.533325,23.978638,52.759518,37.668438,64.8191,12.380091,19.371143,2.7679474,0.0,41.849598,160.25658,23.48268,0.0,0.0,0.0,44.51292,235.54665,2.2894287
UROD,0.0,0.0,0.0,67.56175,1276.8358,960.7536,0.0,0.0,0.0,216.36789,0.0,798.7375,821.01074,0.0,191.9379,1976.9277,24.167353,0.0,159.96016,420.74875,0.0,0.0,974.0564,0.0,0.0,302.0794,0.0,94.489174,37.494804,0.0
PRDX1,388.3975,328.9289,63.956196,123.89706,776.5847,501.90738,360.14984,2550.3499,0.0,4113.371,643.92706,0.0,2328.9946,223.5499,555.9946,0.0,345.18887,0.0,3016.985,1875.2509,204.00818,1187.6604,1164.0098,315.82703,0.0,401.10938,1241.7772,664.8499,154.0448,1519.2448
NASP,141.22183,0.0,0.0,226.09056,546.9073,733.9311,14.485382,885.0183,0.0,648.16785,0.0,532.3031,4143.6064,433.47983,328.06567,61.83563,419.29156,410.2725,1040.1389,755.11725,0.061518222,242.85564,766.11224,85.66764,42.162907,433.36948,156.90685,766.9413,267.11734,0.0
UQCRH,2212.5342,1187.0793,1707.5685,806.9417,2573.8213,4627.1436,2066.153,2589.9944,930.0807,3692.252,739.1901,3254.1633,2556.2114,3692.6956,1842.3127,0.0,1323.6985,2596.023,2208.1545,2903.8196,2186.5757,2128.3628,134.82185,2085.7722,2297.4985,1429.7217,809.5942,2607.2239,3821.7244,874.0001
LINC00853,0.0,0.0,0.0,0.0,0.0,0.0,0.0,0.0,0.0,1.0585394,0.0,0.0,0.4727883,0.0,0.0,9.216054,0.0,24.87615,0.0,0.0,0.0,0.0,0.0,396.7569,0.0,0.0,0.0,0.0,0.0,0.0
PDZK1IP1,0.0,0.0,0.0,0.0,0.0,0.0,0.0,0.0,0.0,0.0,0.0,0.0,0.0,0.0,0.0,67.46384,0.0,87.45432,0.0,0.0,0.0,0.0,0.0,1463.3451,0.0,0.0,0.0,0.0,0.0,0.0
TAL1,0.0,0.0,0.0,0.0,92.14764,65.46711,0.0,0.0,0.0,30.426,0.0,0.0,0.0,0.0,0.0,179.72902,0.0,0.0,0.0,33.087944,0.0,0.0,83.60038,393.99646,0.0,0.0,0.0,135.67264,0.0,0.0
AL135960.1,0.0,0.0,0.0,0.0,0.17392814,0.0,0.0,0.0,0.0,0.0,0.0,0.0,0.0,0.0,0.0,0.53570604,0.0,0.0,0.0,0.0,0.0,0.0,2.976803,52.908546,0.0,0.0,0.0,0.0,0.0,0.0
ORC1,0.0,0.0,0.0,0.0,76.851814,0.0,0.0,3.6891744,0.0,0.0,0.0,57.587627,139.81973,53.831318,0.0,79.39846,0.0,0.0,0.0,0.0,0.0,0.0,80.98983,0.0,0.0,0.0,0.0,0.0,30.094736,0.0
MRPL37,26.61298,20.270323,0.0,37.68287,527.3949,277.6928,102.27065,181.71452,20.453417,182.32922,64.100555,196.51004,631.8387,168.50407,91.96526,194.04512,80.46346,0.0,212.03465,244.79793,0.0,234.5993,385.91638,87.7881,115.72046,0.0,273.1364,6.034189,29.641424,14.246367
PLPP3,0.0,0.0,0.0,0.0,0.0,0.0,0.0,0.0,0.0,0.0,0.0,0.0,0.0,0.0,0.0,0.0,0.0,0.0,0.0,0.0,0.0,0.0,0.0,0.0,822.85443,1246.5892,589.27875,0.0,0.0,57.546577
NFIA,0.0,0.0,0.0,0.0,381.06372,306.48923,0.0,0.0,0.0,88.83035,0.0,454.3902,0.0,0.0,2.427685,509.06247,0.0,0.0,0.0,0.0,0.0,0.0,378.75806,36.0282,0.0,62.148438,0.0,166.7695,299.5381,0.0
USP1,122.08449,0.0,74.80595,148.60564,0.0,247.99606,80.33385,656.0006,40.612816,217.68277,68.57306,283.76962,2028.455,141.08578,294.27246,0.0,52.91277,133.87897,253.77559,248.26752,100.230095,255.86389,899.0706,0.0,142.17787,37.62385,454.2525,217.40977,302.5029,0.0
FOXD3-AS1,0.0,0.0,1.336421,0.0,0.0,0.0,0.0,46.0586,0.0,0.0,0.0,7.93735,0.0,0.0,0.0,0.0,0.0,0.0,18.165184,0.0,0.0,0.0,0.0,6.615999,0.0,0.0,0.0,0.0,0.0,0.0
ITGB3BP,165.2958,0.0,148.19626,39.823166,42.496983,180.0403,0.0,300.06644,0.0,266.60526,13.553153,0.0,1707.6063,147.6734,181.86554,104.073296,88.02425,216.42105,250.39445,140.7715,296.4685,57.3638,688.2624,30.522728,0.0,332.5612,0.0,45.294884,75.54661,50.28549
LEPROT,51.09077,205.52934,0.0,81.484344,266.32184,560.5571,53.574646,140.30775,349.19522,761.77704,236.9546,724.3379,0.0,33.33301,6.7019777,495.1994,147.26688,343.7473,215.45456,850.988,230.27325,15.692445,0.0,1171.9695,699.5478,1221.6189,486.0013,513.2669,113.42282,94.157936
LEPR,0.0,0.0,0.0,0.0,0.0,0.0,0.0,0.0,0.0,0.0,0.0,0.0,0.0,0.0,0.0,0.0,0.0,0.0,0.0,0.0,0.0,0.0,0.0,0.0,746.48645,5961.1416,1425.7865,0.0,0.0,0.0
AL513493.1,0.0,0.0,0.0,0.0,0.0,0.0,0.0,0.0,0.0,0.0,0.0,0.0,0.0,0.0,0.0,4.984535,169.74124,0.0,55.061558,0.0,0.0,0.0,0.0,0.0,0.0,0.0,0.0,0.0,0.0,0.0
SERBP1,917.9028,0.0,216.80368,745.2791,2675.8396,2501.9045,461.6533,2290.1292,104.48957,1800.3516,141.04762,1903.612,2049.9087,781.3792,1871.4447,179.25444,873.88446,785.6918,1741.688,1215.0896,2025.756,757.48755,663.9949,613.78314,1684.5162,285.4737,464.26614,1672.8518,590.57733,138.90288
GADD45A,137.09572,0.0,0.0,122.12551,0.0,0.0,0.0,194.8827,0.0,150.33575,0.0,1621.8339,0.0,0.0,201.57928,19.861126,0.0,328.2115,680.71063,0.0,0.0,0.0,0.0,870.3753,2420.8777,659.7697,981.2508,0.0,77.96983,74.56476
DEPDC1,0.0,0.0,0.0,0.0,31.386738,0.0,0.0,0.0,0.0,0.0,0.0,0.0,0.0,0.0,0.0,60.369762,0.0,0.0,0.0,0.0,0.0,0.0,628.716,0.0,0.0,0.0,0.0,0.0,0.0,0.0
NEXN,0.0,2.2821963,0.0,0.0,0.0,0.0,2.7586396,0.0,0.0,0.0,0.0,0.0,0.0,0.0,0.0,0.0,0.0,555.12335,0.0,0.0,0.0,0.0,3.7913857,721.37006,0.0,9.357531,0.0,0.0,0.0,0.0
LINC01781,0.0,0.0,1602.086,0.0,0.0,0.0,0.0,0.0,0.0,0.0,0.0,0.0,0.0,0.0,0.0,0.0,0.0,0.0,0.0,0.0,0.0,1266.2206,0.0,0.0,0.0,0.0,504.88528,0.0,0.0,0.0
CYR61,0.0,0.0,0.0,0.0,0.0,0.0,0.0,0.0,0.0,0.0,0.0,0.0,0.0,0.0,0.0,0.0,0.0,0.0,0.0,0.0,0.0,0.0,0.0,0.0,222.25931,174.67099,241.96365,0.0,115.50598,0.0
LMO4,0.0,88.14685,18.560226,211.16904,0.0,27.649696,213.72464,218.08594,127.61358,59.11348,106.074844,54.19666,109.90781,0.0,243.7564,0.0,168.61829,0.0,189.19975,44.06401,0.0,837.31995,92.4312,0.0,663.8945,659.09015,615.8734,9368.871,0.0,199.4505
GBP1,209.51088,7.539512,0.0,25.490368,0.0,0.0,34.96975,0.0,61.07578,9.9201565,130.66013,0.0,74.14607,0.0,1.6935652,0.0,0.0,0.0,72.59815,0.0,0.0,0.0,0.0,0.0,0.40398547,84.692726,59.0712,14.015601,0.0,94.162125
GCLM,59.13295,0.0,0.0,148.64967,388.32632,30.729698,0.0,24.210176,0.0,67.64556,0.0,0.0,1.0929183,0.0,45.576538,637.83905,16.199175,65.1467,73.54994,0.0,0.0,0.0,330.4837,66.08013,46.277164,95.99553,0.0,12.863901,0.0,0.0
CNN3,0.0,0.0,47.63636,0.0,0.0,0.0,0.0,109.754005,0.0,166.23497,0.0,0.0,73.20773,0.0,0.0,100.300354,0.0,0.0,44.541832,0.0,0.0,0.0,0.0,0.0,2388.482,17.604269,0.0,0.0,0.0,0.0
TMEM56,0.0,0.0,0.0,0.0,227.97679,0.0,0.0,0.0,0.0,0.0,0.0,33.402,0.0,0.0,0.0,518.8145,0.0,0.0,0.0,0.0,0.0,0.0,163.78703,0.0,0.0,0.0,0.0,0.0,0.0,0.0
VCAM1,0.0,0.0,0.0,26.356167,0.0,0.0,0.0,0.0,0.0,0.0,0.0,0.0,0.0,0.0,0.0,0.0,0.0,0.0,0.0,0.0,0.0,0.0,0.0,0.0,705.0293,4383.3857,1227.3074,0.0,0.0,3854.4604
SORT1,0.0,59.41673,0.0,0.0,0.0,0.0,28.299875,32.710056,0.0,4.380595,136.42227,0.0,0.0,13.393758,0.0,0.0,26.598581,160.43193,0.5597725,0.0,0.0,0.0,10.988769,0.0,0.0,0.0,6.131217,0.0,24.844671,59.701847
PSMA5,291.84552,52.609,0.0,418.8936,588.89557,562.9672,207.92923,420.9326,0.0,313.71066,245.66006,328.42746,895.5109,338.81998,104.27252,82.38615,321.67032,159.81125,522.66077,287.98346,345.28735,184.86777,816.75854,71.57205,57.476715,442.75693,621.2881,129.20145,230.33821,695.1387
GSTM3,75.35623,0.0,0.0,0.0,0.0,204.78212,0.0,0.0,0.0,56.906044,0.0,995.86505,0.0,0.0,11.664095,0.0,0.0,0.0,0.0,129.28827,30.455917,0.0,0.0,72.47826,22.277836,428.335,57.533234,13.343748,357.16177,0.0
CSF1,0.0,0.0,0.0,0.0,0.0,219.7764,0.0,0.0,0.0,0.0,0.0,0.0,0.0,0.0,0.0,0.0,0.0,0.0,0.0,0.0,0.0,0.0,12.880921,0.0,345.34158,1033.0339,0.0,1694.243,0.0,0.0
RHOC,98.066246,0.0,95.661255,2052.2683,0.0,0.0,52.61546,0.0,0.0,328.2999,3106.8586,0.0,0.0,0.0,0.0,0.0,413.28424,148.9038,84.069435,264.1267,0.0,0.0,0.0,130.26607,0.0,239.21997,506.20813,0.0,33.2239,30.48831
PPM1J,0.0,0.0,0.0,0.0,0.0,0.0,9.39014,0.0,0.0,0.0,0.0,0.0,0.0,0.0,0.0,0.0,447.31256,0.0,9.001944,0.0,0.0,0.0,0.0,15.705085,0.0,0.0,0.0,0.0,0.0,0.0
AL390729.1,0.0,0.0,0.0,0.0,0.0,0.0,4.9416285,0.0,0.0,0.0,0.0,0.0,0.0,0.0,0.0,0.0,0.0,0.0,0.0,0.0,0.0,0.0,0.0,0.0,0.0,0.0,0.0,0.0,0.0,117.06669
HIPK1-AS1,312.405,0.0,0.0,38.487324,0.0,0.0,0.0,0.0,26.442104,16.334589,0.0,0.0,0.0,0.0,260.1812,0.0,0.0,0.0,0.0,0.0,0.0,0.0,0.0,0.0,0.0,97.82656,0.0,1.0962135,0.0,29.602346
OLFML3,0.0,0.0,0.0,0.0,0.0,0.0,0.0,0.0,0.0,0.0,0.0,0.0,0.0,0.0,0.0,0.0,0.0,0.0,0.0,0.0,0.0,0.0,0.0,0.0,644.8441,1940.8533,548.8566,0.0,830.4224,0.0
DENND2C,0.0,0.0,0.0,0.0,0.0,0.0,0.0,0.0,0.0,0.0,0.0,0.0,0.0,0.0,0.0,0.0,0.0,981.364,0.0,0.0,0.0,9.589711,0.0,35.733456,0.0,0.0,0.0,0.0,0.0,0.0
PTGFRN,1.3238481,2.8141801,0.0,0.50643134,0.0,0.0,18.30631,0.0,0.0,0.0,0.9663349,0.0,12.034421,7.9989605,14.212009,0.0,0.0,8.416935,0.0,0.0,0.0,0.0,0.0,4.0273113,13.931871,0.0,0.0,0.0,0.0,0.0
PHGDH,47.09232,0.0,0.0,0.0,0.0,0.0,0.0,636.82184,0.0,605.30634,0.0,0.0,387.23273,187.83609,0.0,0.0,12.922974,0.0,77.85246,0.0,0.0,0.0,196.0913,0.0,0.0,85.393105,0.0,51.664024,64.35759,0.0
FAM72D,0.0,0.0,0.0,0.0,0.0,2.156145,0.39598387,0.0,0.0,0.0,0.0,0.0,0.0,1.6706166,0.0,9.688079,0.19504246,0.0,0.0,0.0,0.0,0.0,248.0361,0.0,0.0,0.0,0.0,0.0,0.0,0.0
AC245014.3,0.0,2209.9236,312.4733,441.94095,0.0,0.0,0.0,0.0,632.7759,446.60568,0.0,0.0,0.0,485.48087,23380.293,0.0,2457.4302,0.0,247.44215,0.0,0.0,710.688,129.01453,0.0,99.54617,94.35413,0.0,208.24132,0.0,129.4107
ITGA10,0.55228543,0.0,0.0,0.0,0.0,0.0,0.0,0.0,0.0,0.0,0.0,0.0,0.0,0.0,0.0,0.0,0.0,0.0,0.0,0.0,19.444117,0.0,23.543716,0.0,0.0,0.0,0.0,0.0,1317.2793,0.0
HIST2H2BE,43.33925,0.0,116.21712,115.3456,0.0,0.0,0.0,836.8233,0.0,680.24384,84.847336,529.1782,0.0,0.0,1091.5392,0.0,309.463,0.0,652.39685,0.0,0.0,199.02097,0.0,3049.4553,114.10737,0.0,38.817513,462.1925,279.80383,0.0
HIST2H2AC,0.0,42.130714,33.60069,114.92913,0.0,0.0,0.72488934,359.61664,0.0,92.92565,55.073254,2949.7756,89.71794,35.010586,466.66525,0.0,127.31062,12.130156,117.34471,55.70364,27.086283,0.0,98.58426,38.714245,0.0,0.0,144.47935,318.11154,79.04957,0.0
C1orf54,21.321291,36.00273,0.0,0.0,0.0,0.0,500.68106,0.0,0.0,75.54418,19.168444,0.0,0.0,183.59824,0.0,0.0,0.0,0.0,63.80252,48.298183,106.00447,0.0,0.0,0.0,52.174522,313.54648,0.0,35.683052,97.97611,652.31116
CTSS,294.20312,5701.844,1920.8289,292.37527,254.08417,0.0,878.70374,1.1316209,11671.542,454.47394,11763.876,0.0,0.0,0.0,0.0,0.0,1527.7677,1214.7798,0.0,0.0,433.172,372.10178,0.0,193.08618,0.0,610.4415,262.77744,657.65466,704.8276,1940.5433
SELENBP1,0.0,0.0,0.0,0.0,155.91956,83.20834,0.0,0.0,0.0,0.0,0.0,67.37424,19.291018,0.0,0.0,610.4288,0.0,0.0,0.0,0.0,0.0,0.0,117.49981,0.0,0.0,302.45575,0.0,0.0,0.0,170.55785
THEM5,0.0,0.0,0.0,0.0,0.0,0.0,0.0,0.0,0.0,0.0,0.0,0.0,0.0,0.0,0.0,0.0,0.0,0.0,0.0,0.0,0.0,0.0,0.0,525.0724,0.0,0.0,0.0,0.0,0.0,0.0
S100A11,426.66992,4652.5845,0.0,847.1762,0.0,0.0,2157.27,0.0,2568.3606,0.0,11218.974,0.0,0.0,0.0,225.08875,0.0,207.07506,44.257385,0.0,0.0,0.0,239.41525,0.0,175.05348,0.0,2547.1455,368.81693,463.1655,726.8086,1784.2288
SPRR2F,0.0,0.0,0.0,0.0,6.868494,0.0,0.0,0.0,0.0,0.0,0.0,0.0,4.7593055,0.0,0.0,19.236254,0.0,0.0,0.0,0.0,0.0,8.480738,0.0,0.0,0.0,0.0,0.0,0.0,0.0,0.0
S100A9,0.0,141509.53,0.0,0.0,0.0,0.0,0.0,0.0,7375.9844,0.0,0.0,0.0,0.0,0.0,3663.2395,0.0,0.0,0.0,0.0,0.0,0.0,0.0,0.0,0.0,0.0,0.0,5974.755,0.0,0.0,0.0
S100A12,0.0,18152.783,0.0,0.0,0.0,0.0,0.0,0.0,1656.846,0.0,0.0,0.0,0.0,0.0,0.0,0.0,0.0,0.0,0.0,0.0,0.0,0.0,0.0,0.0,0.0,1325.291,0.0,0.0,0.0,0.0
S100A8,0.0,149116.55,0.0,0.0,0.0,0.0,0.0,0.0,0.0,0.0,0.0,0.0,3713.4124,1676.1233,21267.438,0.0,0.0,0.0,0.0,0.0,0.0,0.0,633.6557,0.0,0.0,2185.1226,0.0,0.0,0.0,0.0
S100A6,6097.023,29959.611,0.0,6075.0483,9759.568,5922.167,7834.103,0.0,23502.156,0.0,23069.299,6115.757,2894.9172,0.0,2360.9236,9808.036,4033.9602,5996.7754,0.0,3031.0205,8675.017,4052.799,4370.8354,1137.1581,0.0,3160.662,9054.0,11613.067,4076.2761,0.0
S100A4,8278.893,27138.47,0.0,16388.91,3131.198,3957.9043,13695.108,0.0,18728.87,0.0,31592.951,764.2411,7678.356,1148.6625,0.0,7027.188,1707.0287,4249.8726,0.0,3677.2463,8013.6147,11481.725,4189.118,1142.2041,0.0,1632.2852,6258.17,9438.511,3047.0588,0.0
ILF2,328.2076,0.0,198.75218,294.4154,993.1656,940.1978,359.506,950.484,102.34945,685.6799,56.96904,256.34814,1018.242,115.59792,386.47775,0.0,480.37595,104.4973,547.3386,610.53455,0.0,428.1003,1305.2692,104.52749,705.781,68.82795,319.3043,118.78109,762.3196,0.0
RAB13,0.0,17.036734,0.0,0.0,202.28758,189.68158,24.951239,0.0,47.92965,606.5782,0.0,0.0,4.380074,201.25714,0.0,100.7242,78.16832,0.0,202.6505,421.25156,0.0,0.0,146.54999,362.2761,0.0,325.12943,0.0,0.0,0.94838274,0.0
AQP10,0.0,0.0,0.0,0.0,0.0,0.0,0.0,0.0,0.0,0.0,0.0,0.0,0.0,0.0,0.0,0.0,0.0,7.7583814,0.0,4.4207425,0.0,0.0,0.0,448.4017,0.0,0.0,0.0,0.0,0.0,0.0
CKS1B,0.0,0.0,101.38401,20.362333,0.0,400.62628,18.569397,115.77841,0.0,195.76474,127.122665,400.6856,1782.1699,245.27672,0.0,0.0,340.75925,0.0,102.01859,505.9023,0.0,0.0,5066.5107,57.126083,0.0,0.0,0.0,85.61515,0.0,38.833954
EFNA1,0.0,0.0,0.0,0.0,0.0,0.0,0.0,0.0,0.0,0.0,0.0,0.0,0.0,0.0,0.0,0.0,0.0,0.0,58.729847,0.0,0.0,0.0,0.0,0.0,1090.6885,171.8406,0.0,0.0,39.275887,0.0
PKLR,0.0,0.0,0.0,0.0,311.91364,34.691963,0.0,0.0,0.0,0.0,0.0,139.82329,15.254357,0.0,0.0,128.21277,0.0,0.0,0.0,0.0,0.0,0.0,239.94377,0.0,0.0,0.0,0.0,0.0,0.0,0.0
MEX3A,0.0,0.0,4.2054625,1.1641481,0.0,44.74323,0.0,2.8470142,0.0,26.817654,0.0,0.0,0.0,0.0,0.0,0.0,0.0,0.0,0.0,16.271782,0.0,0.0,0.0,0.0,0.0,0.0,51.489174,0.0,0.0,0.0
LMNA,214.53917,0.0,0.0,73.028175,760.17755,68.13887,645.4956,0.0,433.00192,44.65889,0.0,774.60846,0.0,0.0,0.0,1052.3518,0.0,453.12732,0.0,0.0,0.0,582.3845,794.457,573.60455,6254.822,3656.692,3630.5813,2858.7234,361.35474,952.15094
CCT3,713.4487,0.0,240.34465,175.20232,1235.0107,962.4878,202.71979,701.6208,0.0,1166.533,188.51363,83.66414,414.25626,98.6776,300.52243,0.0,356.7694,702.5412,466.16037,234.22911,338.671,0.0,827.01825,195.14554,0.0,504.00253,0.0,155.89783,275.1275,309.10422
GPATCH4,170.4415,0.0,71.15316,58.168175,523.1991,359.24304,0.0,155.48497,0.0,170.06369,0.0,133.21402,0.0,100.921036,160.57892,0.0,50.04428,107.451324,39.91343,143.86855,200.62907,274.62656,0.0,0.0,0.0,0.0,26.3238,87.19788,110.84707,0.0
HDGF,7.223008,150.62074,0.0,117.02696,270.3237,106.376595,68.98598,173.78752,66.970314,80.104965,91.37298,353.3889,23.53246,540.3079,12.052411,92.58903,235.2679,262.20975,270.60043,385.23047,67.07855,0.0,882.2897,260.9237,0.0,88.55631,0.0,851.15234,78.22512,221.14111
PEAR1,0.0,0.0,0.0,0.0,0.0,13.331998,0.0,0.0,0.0,7.178922,0.0,0.0,0.0,0.0,0.0,8.842566,0.0,39.818493,0.0,0.0,0.0,0.0,0.0,99.65909,0.0,0.0,0.0,0.0,0.0,0.0
CD5L,0.0,0.0,0.0,0.0,0.0,0.0,0.0,0.0,0.0,0.0,0.0,0.0,0.0,0.0,0.0,0.0,0.0,0.0,0.0,0.0,0.0,0.0,0.0,0.0,0.0,0.0,0.0,0.0,0.0,3999.455
CD1A,0.0,0.0,30.513727,0.0,0.0,0.0,68.4958,0.0,0.0,0.0,0.0,0.0,0.0,0.0,0.0,0.0,0.0,0.0,0.0,0.0,0.0,0.0,0.0,11.763779,0.0,0.0,2.4211612,0.0,0.0,0.0
CD1C,0.0,0.0,153.88524,0.0,0.0,0.0,857.67645,0.0,0.0,0.0,0.0,0.0,0.0,0.0,0.0,0.0,0.0,0.0,0.0,0.0,0.0,0.0,0.0,0.0,0.0,75.164,0.0,0.0,0.0,0.0
CD1E,0.0,0.0,0.0,0.0,0.0,0.0,157.18388,0.0,0.0,0.0,0.0,0.0,0.0,0.0,0.0,0.0,0.0,0.0,0.0,0.0,0.0,0.0,0.0,0.0,0.0,0.0,0.0,0.0,0.0,0.0
SPTA1,0.0,0.0,0.0,0.0,178.56755,17.64359,0.0,15.504506,0.0,0.0,0.0,207.06258,28.338255,0.0,0.0,436.0795,0.0,0.0,314.5329,0.0,0.0,0.0,90.1686,0.0,0.0,0.0,0.0,0.0,0.0,0.0
MNDA,0.0,4404.4463,0.0,0.0,0.0,0.0,1348.4182,0.0,0.0,0.0,510.1113,0.0,117.9941,1549.1049,2520.5188,0.0,0.0,0.0,0.0,0.0,0.0,0.0,642.06885,0.0,0.0,0.0,0.0,0.0,0.0,13.961323
AIM2,0.0,0.014515761,106.64528,0.9635845,0.0,0.0,0.0,0.0,0.0,0.0,12.879855,0.0,24.12339,0.0,34.38379,0.0,0.0,0.0,0.0,0.09736995,0.0,66.8228,2.6631474,0.0,0.0,0.0,0.0,0.0,0.0,0.0
ACKR1,0.0,0.0,0.0,0.0,8.678703,6.0733633,0.0,0.0,0.0,0.0,0.0,0.0,0.0,0.0,0.0,80.3499,2.269618,0.0,0.0,0.0,0.0,0.0,0.0,0.0,0.0,0.0,0.0,0.0,0.0,0.0
FCER1A,0.0,0.0,0.0,0.0,0.0,0.0,3602.946,0.0,0.0,17.885103,0.0,0.0,0.0,0.0,0.0,0.0,1124.9707,0.0,0.0,510.5338,0.0,0.0,0.0,0.0,0.0,0.0,0.0,1728.3276,0.0,0.0
CFAP45,0.0,0.0,0.6959558,0.0,0.0,0.0,0.0,0.0,0.0,0.0,0.0,0.0,0.0,0.0,0.0,0.0,0.0,424.74475,0.0,0.0,0.0,0.0,0.0,0.0,0.0,0.0,0.0,0.0,0.0,0.0
TAGLN2,1303.5957,515.14655,2118.064,1471.1337,41.509426,1749.2677,2875.7886,55.72176,1211.8204,1256.1597,955.04504,0.0,2438.2852,1227.7765,0.0,0.0,5698.0806,2350.9382,0.0,5273.8384,1614.3572,1087.5068,1127.1046,9518.44,468.73422,0.0,2115.9568,2042.527,417.67328,361.70026
LINC01133,0.0,0.0,0.0,0.0,235.36465,0.0,0.0,0.0,0.0,0.0,0.0,0.0,0.0,0.0,0.0,225.62234,0.0,0.0,0.0,0.0,0.0,0.0,230.1657,0.0,0.0,0.0,0.0,0.0,0.0,0.0
CD84,225.25821,6.9513245,127.45455,101.2237,0.0,127.93583,58.681625,92.7631,67.30605,0.0,0.0,0.0,0.0,182.6787,103.298454,0.0,110.266716,1024.5642,0.0,1095.2823,273.6583,0.0,7.1222405,0.0,0.0,31.535622,416.02536,180.44109,322.6865,317.2818
PPOX,43.25623,0.0,50.86678,63.999306,144.26012,65.10862,0.0,0.0,0.0,113.04125,0.0,191.5844,0.0,0.0,129.8575,344.86456,20.996405,7.6701703,10.60569,0.0,0.0,0.0,0.0,66.648544,0.0,0.0,0.0,11.59341,10.16088,0.0
FCER1G,0.0,4306.41,0.0,3960.9463,0.0,0.0,2709.7646,0.0,2117.4023,0.0,13241.246,0.0,0.0,0.0,0.0,0.0,6745.029,0.0,0.0,0.0,0.0,0.0,0.0,0.0,0.0,0.0,0.0,0.0,0.0,4924.966
HSPA6,51.79612,0.0,0.04869326,40.725822,0.0,0.0,0.0,0.0,0.0,0.0,64.08792,0.0,0.0,0.0,577.34393,0.0,0.0,0.0,9.221495,0.0,0.0,0.0,0.0,40.55717,0.0,11.8370285,0.0,0.0,626.828,157.60815
FCGR3A,0.0,0.0,0.0,2508.6877,0.0,0.0,0.0,0.0,0.0,0.0,4657.5205,0.0,0.0,0.0,0.0,0.0,0.0,0.0,0.0,0.0,0.0,0.0,0.0,0.0,0.0,0.0,0.0,0.0,0.0,1607.8145
OLFML2B,0.0,0.0,0.0,0.0,0.0,0.0,0.0,0.0,0.0,0.0,0.0,0.0,0.0,0.0,0.0,0.0,0.0,0.0,2.0340257,0.0,0.0,0.0,0.0,0.0,32.178394,182.527,49.97665,0.0,374.94772,0.0
DDR2,0.0,0.0,0.0,0.0,0.0,0.0,0.0,0.0,0.0,0.0,0.0,0.0,0.0,0.0,0.0,0.0,0.0,0.0,0.0,0.0,0.0,0.0,0.0,0.0,179.16798,2612.4038,0.0,0.0,0.0,0.0
NUF2,0.0,0.0,0.0,0.0,10.6757965,0.0,0.0,51.307358,0.0,0.0,0.0,66.55621,164.15616,0.0,0.0,70.97755,0.0,0.0,0.0,3.8577228,0.0,0.0,1435.6893,0.0,0.0,34.04973,0.0,0.0,0.0,0.0
PBX1,0.0,0.0,0.0,0.0,0.0,0.0,0.0,0.0,0.0,127.298164,0.0,0.0,0.0,0.0,0.0,0.0,0.0,0.0,0.0,1051.1567,0.0,0.0,0.0,517.0054,0.0,83.858284,0.0,70.27192,0.0,0.0
MGST3,621.5067,225.17009,315.00677,555.5524,589.6955,0.0,383.16107,102.1579,0.0,378.03424,364.6703,0.0,757.8288,384.58588,71.815674,3024.0156,206.84282,316.34073,67.73865,420.52734,282.49268,295.46683,0.0,4.3674545,0.0,753.40564,312.81546,0.0,0.0,748.8221
CREG1,0.0,401.8564,0.0,0.0,220.868,560.78827,114.40806,0.0,355.70035,404.41846,69.02395,111.47273,182.0147,245.26361,0.0,0.0,0.0,0.0,0.0,203.71127,0.0,0.0,196.51125,149.36269,0.0,143.37796,91.67192,311.6141,0.0,1646.4995
MPC2,219.00664,0.0,0.0,368.16763,1713.3403,1709.9896,0.0,623.78094,114.677795,287.29617,0.0,1600.481,1386.6598,0.0,536.7448,1415.3157,291.62592,475.72223,345.6509,64.62836,0.0,236.72064,1270.4991,352.73242,131.67813,0.0,680.44244,451.25656,872.11035,617.15857
XCL2,129.7399,0.0,0.0,2556.0947,0.0,0.0,0.0,0.0,310.72073,0.0,0.0,0.0,0.0,0.0,855.05554,0.0,0.0,0.0,0.0,0.0,0.0,0.0,43.555553,0.0,649.94037,0.0,426.29733,0.0,194.54736,352.25882
XCL1,76.682686,0.0,0.0,852.391,0.0,0.0,0.0,0.0,228.37134,12.700071,0.0,0.0,0.0,0.0,182.82455,0.0,0.0,0.0,0.0,0.0,0.0,0.0,0.0,0.0,888.84424,0.0,26.802423,0.0,0.0,652.69275
SELP,0.0,0.0,0.0,0.0,0.0,0.0,0.0,0.0,0.0,1.6432233,0.0,0.0,0.0,0.0,0.0,0.0,0.0,121.01042,0.0,164.94785,0.0,0.0,0.0,177.15486,0.0,0.0,0.0,0.0,0.0,0.0
FMO3,0.0,0.0,0.0,0.0,0.0,0.0,0.0,0.0,0.0,0.0,0.0,0.0,0.0,0.0,0.0,0.0,0.0,0.0,0.0,0.0,0.0,0.0,0.0,0.0,218.02133,590.8389,157.47017,0.0,0.0,0.0
FMO2,0.0,0.0,0.0,0.0,0.0,0.0,0.0,0.0,0.0,0.0,0.0,0.0,0.0,0.0,0.0,0.0,0.0,0.0,0.0,0.0,0.0,0.0,0.0,0.0,21.636637,1167.4904,0.0,0.0,0.0,0.0
METTL13,8.223416,0.0,0.0,31.247116,272.99237,14.504137,0.0,0.0,0.0,81.95997,7.2248645,43.00093,39.367065,25.546017,17.382982,0.0,5.108036,0.0,27.650297,53.481026,52.46399,72.74373,140.83875,53.687103,0.0,0.0,53.953133,99.39073,81.66913,0.0
DNM3,0.0,0.0,0.0,0.0,0.0,0.0,0.0,0.0,0.0,0.6600269,0.0,0.0,0.0,0.0,0.0,0.0,0.0,49.623413,0.0,207.11859,0.0,0.0,0.0,687.33344,0.0,0.0,0.0,0.0,0.0,0.0
TNFSF4,0.0,0.0,0.0,0.0,0.0,0.0,0.0,0.0,0.0,26.189137,0.0,0.0,1.6238718,0.0,0.0,0.0,0.0,0.0,51.352234,0.0,0.0,0.0,0.0,934.49884,0.0,0.0,0.0,0.0,0.0,58.621162
CACYBP,607.69806,0.0,0.0,305.57053,1100.8562,859.7347,192.9573,572.77075,205.87917,344.58566,178.55576,111.539734,1743.9458,318.94357,687.99866,0.0,470.2984,213.84059,659.5128,1004.991,376.59494,534.8374,931.53516,106.42384,322.81393,292.13187,73.38743,369.1233,326.62158,260.1515
GLUL,0.0,947.7593,0.0,91.655106,410.81808,624.7252,0.0,1196.5763,3138.8467,457.32178,1193.0183,160.38715,100.704346,523.796,0.0,192.97748,133.68144,0.0,778.5764,301.09454,0.0,0.0,457.00345,696.34705,0.0,185.8608,219.29541,2372.0742,7.5591035,3589.7458
PTGS2,0.0,247.95296,0.0,0.0,0.0,0.0,0.0,0.0,478.76895,0.0,0.0,0.0,0.0,0.0,0.0,0.0,0.0,0.0,0.0,0.0,0.0,0.0,0.0,0.0,772.30725,543.6312,422.96786,11.381997,0.0,0.0
RGS18,0.0,169.24426,0.0,0.0,0.0,0.0,0.0,0.0,0.0,0.0,34.863823,0.0,0.0,0.0,0.0,0.0,0.0,0.0,0.0,219.98788,0.0,0.0,0.0,13888.261,0.0,0.0,0.0,0.0,0.0,0.0
RGS1,1905.2831,0.0,0.0,1871.1428,0.0,0.0,125.01877,0.0,962.1326,0.0,0.0,0.0,0.0,0.0,943.61273,0.0,1176.9585,0.0,0.0,0.0,0.0,0.0,550.09753,0.0,0.0,0.0,2704.2085,0.0,0.0,1984.938
RGS2,0.0,2915.0393,1263.3071,651.33057,0.0,0.0,0.0,10185.495,4145.366,0.0,2154.6545,0.0,0.0,0.0,2621.9192,0.0,2817.399,0.0,240.41685,0.0,0.0,522.2552,0.0,1414.997,2147.799,0.0,1332.8527,1002.17505,306.71652,0.0
ASPM,0.0,0.0,0.0,0.0,0.0,0.0,0.0,55.516937,0.0,0.0,0.0,103.68396,15.046067,12.846985,0.0,0.0,0.0,0.0,19.187452,0.0,0.0,0.0,1573.4636,0.0,0.0,0.0,0.0,60.80779,0.0,0.0
AL157402.1,0.0,0.0,50.372417,0.0,0.0,0.0,0.0,281.22424,0.0,0.0,0.0,4.814467,0.0,0.0,31.37292,0.0,0.0,0.0,60.49702,0.0,0.0,0.0,0.0,74.10485,0.0,0.0,0.0,0.0,17.165247,0.0
CSRP1,102.07514,47.520805,0.0,88.08979,222.68239,40.24837,151.5085,13.393455,0.0,141.54817,53.392853,0.0,295.78336,45.676918,59.402664,0.0,0.0,254.38087,0.0,578.0935,70.81488,58.11002,0.0,0.0,0.0,166.1145,99.80221,0.0,0.0,15.8419075
UBE2T,0.0,0.0,0.0,0.0,164.77315,0.0,0.0,35.423626,0.0,0.0,0.0,63.225502,900.7521,0.0,0.0,252.4744,0.0,0.0,0.0,0.0,0.0,0.0,884.9466,0.0,0.0,0.0,0.0,0.0,0.0,0.0
SNRPE,827.58905,233.28568,229.57828,499.2045,2021.0486,2366.7969,784.02094,1655.8527,269.0603,2353.4548,284.93393,1885.7853,2893.9253,2366.2305,938.5969,0.0,1357.7999,166.95905,1702.4691,1486.0281,836.1184,678.60126,1038.4066,133.07135,1634.6166,679.43304,367.01315,1849.8805,1669.6384,694.41797
SLC45A3,0.0,0.0,0.95134896,0.0,0.0,0.0,0.0,0.0,0.0,57.76531,0.0,0.0,0.0,0.0,0.0,0.0,0.0,0.0,2.423359,0.0,0.0,0.0,0.0,42.789036,0.0,0.0,0.0,466.33087,0.0,0.0
NUCKS1,1050.1472,0.0,409.42136,411.22614,548.74347,1307.8927,450.15158,1677.899,0.0,1292.4762,0.0,679.7399,1463.0277,1250.866,1054.1173,0.0,856.2482,1328.445,1205.5492,2191.7043,1445.2024,385.70706,6395.5693,840.8657,1418.2246,1167.2769,482.75873,364.60117,2057.4507,283.48715
CTSE,0.0,0.0,0.0,0.0,93.07481,0.0,0.0,0.0,0.0,0.0,0.0,47.51103,9.3042345,0.0,0.0,434.41507,0.0,0.0,0.0,0.0,0.0,0.0,35.999825,0.0,0.0,0.0,0.0,0.0,0.0,0.0
RHEX,0.0,0.0,10.521753,0.0,0.0,0.0,0.0,0.0,0.0,105.09815,0.0,0.0,0.0,0.0,0.0,0.0,400.5429,0.0,0.0,0.0,0.0,0.0,0.0,0.0,0.0,0.0,0.0,526.1182,9.957168,0.0
IL10,2.1106641,0.6690335,0.0,0.0,0.0,0.0,0.0,0.0,90.593475,0.0,0.0,0.0,0.0,0.0,0.0,0.0,0.0,0.0,0.0,0.0,0.0,0.0,0.0,0.0,0.0,0.0,0.0,0.0,0.0,16.155258
CR1L,0.0,0.0,0.0,0.0,62.123257,0.0,0.0,0.0,0.0,0.0,0.0,31.806482,0.0,0.0,0.0,289.86313,0.0,0.0,0.0,0.0,0.0,0.0,74.08048,0.0,0.0,0.0,0.0,0.0,0.0,0.0
CD34,0.0,0.0,0.0,0.0,0.0,0.0,0.0,0.0,0.0,890.4872,0.0,0.0,0.0,0.0,0.0,0.0,0.0,0.0,509.5804,0.0,0.0,0.0,0.0,0.0,0.0,0.0,0.0,0.0,0.0,0.0
LAMB3,0.0,4.256431,0.0,6.929607,0.0,6.6585536,0.0,0.0,43.983692,0.0,0.0,0.0,16.744629,0.0,0.0,0.0,1.7857331,0.0,0.0,0.0,2.4397311,0.0,0.0,6.365694,0.0,0.0,0.0,0.0,0.0,0.0
G0S2,0.0,1139.5883,0.0,0.0,0.0,0.0,0.0,0.0,11471.591,0.0,754.09955,0.0,0.0,0.0,0.0,0.0,0.0,0.0,0.0,0.0,0.0,0.0,0.0,0.0,0.0,0.0,0.0,0.0,0.0,0.0
NEK2,0.0,0.0,0.0,0.0,8.323523,0.0,0.0,4.5085535,0.0,0.70430344,0.0,0.0,33.54963,5.3610463,0.0,0.0,1.0916512,0.0,9.108076,0.0,0.0,0.0,671.15027,0.0,0.0,0.0,0.0,25.96128,30.643042,0.0
ATF3,0.0,56.084087,0.0,4.360707,0.0,0.0,56.24108,0.0,489.9301,50.78,88.325554,0.0,14.23978,0.0,74.190475,0.0,7.8721323,0.0,0.0,0.0,0.0,0.0,42.837757,0.0,1867.1699,242.67365,0.0,0.0,0.0,4.1940784
CENPF,0.0,0.0,0.0,0.0,60.37927,89.248085,0.0,272.49762,0.0,53.540436,0.0,179.1791,136.60811,67.187706,0.0,82.59081,0.0,0.0,57.81939,0.0,0.0,0.0,4160.294,0.0,0.0,0.0,1.6999546,47.416172,0.0,0.0
ENAH,0.0,0.0,17.348963,0.0,0.0,0.0,0.0,0.0,0.0,0.0,0.0,0.0,0.0,0.0,0.0,0.0,0.0,0.0,0.0,0.0,0.0,0.0,0.0,0.0,0.0,52.44492,0.0,0.0,4633.916,0.0
SRP9,826.5397,130.90645,167.32816,740.77295,936.06866,1380.1553,533.0969,2422.867,0.0,1538.081,394.78488,26.874937,2223.1895,364.09604,876.5168,296.15192,578.9504,985.37476,1728.2869,1591.7854,642.9728,724.19653,964.67535,630.9197,0.0,579.38245,256.3772,512.4854,936.45746,19.777225
EPHX1,0.0,7.2123027,0.0,0.0,25.711348,0.0,0.0,0.0,0.0,0.0,2.8725805,0.0,102.77359,23.920874,0.0,0.0,0.0,0.0,0.0,0.0,0.0,0.0,0.0,0.0,72.76264,2129.5107,0.0,0.0,0.0,371.9534
H3F3A,3848.7205,6236.6963,5523.257,5642.506,3534.2046,7870.4844,6020.429,20827.414,9555.173,10186.935,9064.805,3541.6826,8911.859,2521.4714,3844.323,2580.4863,8288.339,6834.9443,15040.749,9875.467,2811.3193,3325.6472,9807.513,17193.701,1324.8176,4956.5757,4557.6157,8058.4487,8098.285,1482.605
PARP1,243.53818,0.0,819.0591,205.91612,318.48373,657.79376,0.0,1575.0952,0.0,764.0571,6.671885,0.0,1322.8506,182.28789,0.0,0.0,135.74376,0.0,1242.6641,664.1454,0.0,55.328938,348.03638,104.0621,0.0,0.0,64.054924,0.0,355.6419,0.0
CDC42BPA,0.0,0.0,0.0,0.0,115.534355,182.86694,0.0,0.0,0.0,43.102356,0.0,77.521805,22.810781,0.0,0.0,38.9298,0.0,0.0,0.0,8.146399,0.0,0.0,184.38124,0.0,0.0,137.6088,0.0,31.119781,0.0,0.0
ABCB10,0.0,33.394073,0.0,12.200469,122.18615,12.466751,13.147424,3.887494,0.0,3.4888859,16.479036,105.60587,104.59082,73.369705,9.4527445,330.0317,44.938072,0.0,9.344329,0.0,44.78355,0.0,59.45536,10.690661,0.0,0.0,0.0,0.0,231.86125,12.084012
ARV1,31.13595,0.0,20.224928,28.147259,524.5663,179.52516,0.0,92.19044,0.0,13.013513,9.736085,0.0,53.523388,0.0,85.47712,240.50185,20.080168,56.34081,84.02865,126.78369,0.0,0.0,157.54799,48.76663,0.0,0.0,0.0,0.0,0.0,0.0
FAM89A,0.0,0.0,0.0,0.0,182.0649,127.04353,0.0,0.0,0.0,0.0,0.0,13.963556,0.0,0.0,17.933155,0.0,0.0,0.0,0.0,0.0,0.0,0.0,18.125826,0.0,0.0,233.64752,0.0,0.0,0.0,0.0
NID1,0.0,20.925127,0.0,0.0,0.0,0.0,15.296689,0.0,16.111818,0.0,56.36248,0.0,22.1667,0.0,0.0,0.0,0.0,1.7541747,0.0,16.896597,0.0,0.0,14.5536,44.42477,155.31598,631.29724,63.02156,0.0,164.45358,0.0
RYR2,0.0,0.0,0.0,0.0,0.0,0.0,0.0,0.0,0.0,0.0,0.0,0.0,0.0,0.0,0.0,0.0,0.0,0.0,0.0,85.184784,0.0,0.0,0.0,0.0,0.0,0.0,0.0,0.0,0.0,0.0
CHRM3,0.0,0.0,0.0,0.0,0.0,0.0,0.0,0.0,0.0,127.624214,0.0,0.0,0.0,0.0,0.0,0.6923941,0.0,0.0,0.08251636,0.0,0.0,0.0,0.0,0.0,0.0,0.0,0.0,0.0,0.0,0.0
GREM2,9.555426,0.0,0.0,0.0,0.0,0.0,0.0,0.0,0.0,2.4482763,0.0,0.0,0.0,0.0,0.0,0.0,2.219877,0.0,0.0,1.6415758,0.0,13.338307,0.0,0.0,31.562815,0.0,0.0,0.0,0.0,0.0
FH,46.10663,0.0,22.459238,22.926533,210.2322,201.59682,56.145863,208.91489,0.0,126.28401,65.15638,0.0,582.07764,0.0,56.507595,82.48384,18.657099,79.064735,75.200516,126.580956,155.8658,0.0,125.5187,0.0,0.0,23.616653,0.0,81.80528,52.35795,45.405018
CNST,167.94763,0.0,104.7941,7.7697525,0.0,34.58827,0.0,0.0,75.902534,237.67244,0.0,369.74277,0.0,0.0,222.54166,0.0,51.322433,1272.8407,4.4514666,496.8598,280.6408,231.12532,0.0,363.40237,217.03763,4.8076663,311.7935,159.16159,0.0,17.157732
SCCPDH,0.0,89.29089,0.0,73.952614,255.89847,501.53357,0.0,0.0,0.0,635.3221,0.0,94.0444,928.51013,217.5985,60.25101,0.0,116.79059,0.0,402.65198,183.56245,0.0,0.0,275.0209,0.0,0.0,221.24132,101.623634,103.42734,0.0,0.0
GCSAML,0.0,0.0,0.0,0.0,0.0,0.0,0.0,0.0,0.0,122.54014,0.0,0.0,0.0,0.0,0.0,0.0,0.0,0.0,0.0,132.89919,0.0,0.0,0.0,0.0,0.0,0.0,0.0,0.0,0.0,0.0
TRIM58,0.0,0.0,6.2078896,0.0,26.27368,109.751854,0.0,79.53922,0.0,141.06308,0.0,0.0,0.0,2.8375664,5.76995,86.328476,0.0,0.0,39.645893,90.61782,0.0,0.0,3.5140798,266.82318,0.0,0.0,0.0,0.0,114.24254,0.0
OR2L2,2.8035197,0.0,3.958102,0.0,0.0,0.0,0.0,40.38052,0.0,19.989992,0.0,0.0,0.0,0.0,0.0,0.0,0.0,0.8122781,15.065093,0.0,0.0,0.0,0.0,3.047929,1.6773885,0.0,0.0,0.0,0.0,0.0
OR2G6,0.0,0.0,29.617672,0.0,0.0,0.30954418,0.0,0.0,0.0,0.0,0.0,0.0,0.0,0.0,0.0,0.0,0.0,0.0,0.0,5.240707,0.0,0.0,8.635185,0.0,12.596756,0.0,0.44109544,9.904026,0.0,0.0
PXDN,0.0,0.0,0.0,0.0,0.0,0.0,0.0,0.0,0.0,0.0,0.0,0.0,0.0,6.5532823,0.0,0.0,1.9303839,0.0,373.9562,0.0,0.0,0.0,0.0,0.0,0.0,0.0,10.22865,0.0,0.0,0.0
LINC01871,620.43994,0.0,0.0,1673.0319,0.0,0.0,0.0,0.0,0.0,0.0,0.0,0.0,0.0,0.0,28.972507,0.0,0.0,0.0,0.0,0.0,101.01381,0.0,0.0,0.0,0.0,0.0,94.420845,196.17868,0.0,20.397753
MBOAT2,0.0,5.696857,0.0,0.0,294.41568,75.14678,0.0,0.0,0.0,12.257465,0.0,62.104103,231.00691,7.1291,0.0,386.4907,0.0,0.0,75.99684,0.0,0.0,0.0,292.9406,0.0,0.0,0.0,0.0,0.0,0.0,0.0
ASAP2,0.0,0.0,0.0,0.0,0.0,0.0,6.1894765,0.0,0.0,0.0,0.0,0.0,8.752122,0.0,0.0,0.0,53.6945,52.987,0.0,32.587795,0.0,0.0,0.0,134.60251,0.0,0.0,0.0,0.0,0.0,0.0
YWHAQ,696.5073,0.17343667,372.97318,1737.3547,791.3546,1040.2327,535.88055,2051.8928,354.13568,1168.37,240.6985,187.32112,2840.5044,45.50005,72.82967,250.28275,186.99702,772.9032,1980.1163,996.7346,925.89984,973.06976,1294.217,556.8642,0.0,40.693813,1444.046,1419.6443,756.65137,90.013016
RRM2,0.0,0.0,0.0,0.0,0.0,0.0,0.0,146.87561,0.0,0.0,0.0,0.0,1540.9677,0.0,0.0,288.6728,0.0,0.0,0.0,0.0,0.0,0.0,804.29785,0.0,0.0,0.0,0.0,0.0,0.0,0.0
AC007240.1,0.0,0.0,0.0,1.2317624,0.0,0.0,0.0,32.436035,0.0,0.0,0.0,0.0,88.207726,1.7743703,0.0,0.0,0.0,0.0,0.0,0.0,0.0,0.0,125.074745,0.0,0.0,13.355564,0.0,0.0,0.0,0.0
PDIA6,277.4139,171.73138,203.62975,753.5942,39.380142,858.44226,674.0463,642.1542,68.98639,823.12756,338.29868,0.0,1621.0502,1519.7961,0.0,0.0,1098.0464,0.0,979.8213,1750.4528,251.7788,2267.1272,1599.2928,142.3213,0.0,477.68414,558.7405,823.03644,216.44241,156.60306
LINC00570,0.0,0.0,0.0,0.0,29.230385,0.0,0.0,0.0,0.0,0.0,0.0,0.0,0.0,0.0,0.0,36.595615,0.0,0.0,0.0,0.0,0.0,0.0,18.74499,0.0,0.0,0.0,0.0,0.0,0.0,0.0
DDX1,177.3814,0.0,0.0,58.32418,646.3976,468.41757,0.0,265.7665,0.0,351.17627,0.0,523.259,403.45816,40.418285,259.95688,171.61292,98.40488,218.8988,83.00309,692.15875,322.09537,93.92221,210.02489,28.004192,574.4005,458.83536,0.0,107.23696,162.09357,5.3051825
SDC1,0.0,0.0,0.0,0.0,0.0,0.0,0.0,0.0,0.0,0.0,0.0,0.0,0.0,0.0,0.0,0.0,0.0,0.0,0.0,0.0,104.62081,176.21104,0.0,0.0,0.0,0.0,0.0,0.0,0.0,0.0
MFSD2B,0.0,0.0,0.0,0.0,79.52957,53.572422,0.0,0.0,0.0,0.0,0.0,42.64489,24.44886,0.0,0.0,76.379196,0.0,0.0,0.0,10.428829,0.0,0.0,42.6271,38.463043,0.0,0.0,0.0,0.0,0.0,0.0
FKBP1B,0.0,4.8758903,0.0,7.632938,0.0,0.0,37.79459,0.0,0.0,0.0,0.0,159.78563,0.0,0.0,0.0,0.24233054,0.0,72.54837,0.0,0.0,0.0,0.0,0.0,22.03721,0.0,0.0,48.67631,0.0,0.0,0.0
CENPA,0.0,0.0,0.0,0.0,0.0,0.0,0.0,9.405252,0.0,0.0,0.0,0.0,0.0,0.0,0.0,0.0,0.0,0.0,17.405,0.0,0.0,0.0,1320.8303,0.0,0.0,0.0,0.0,0.0,0.0,0.0
EMILIN1,0.0,0.0,0.0,0.0,0.0,0.0,0.0,0.0,0.0,33.257607,0.0,0.0,0.0,34.46052,0.0,0.0,0.0,67.98239,0.0,100.16068,0.0,0.0,0.0,0.0,0.0,871.0429,92.80119,247.60008,382.20773,0.0
PPM1G,338.04825,0.0,94.216866,472.01926,591.08374,583.82684,464.90497,727.67206,0.0,221.9551,196.46407,374.8098,1522.8381,244.82214,185.70247,22.596312,523.3385,109.94489,478.04678,705.4018,0.0,333.06915,192.82677,99.6376,0.0,25.179699,153.0916,0.0,238.96323,28.269712
WDR43,173.0236,0.0,82.93954,73.76692,365.5092,558.8733,96.65946,235.62343,219.40536,242.94046,0.0,1266.2795,0.0,119.05121,241.056,0.0,243.74573,240.35524,169.59796,209.66365,625.3014,394.3817,21.320517,73.11966,466.4502,217.32051,231.21394,80.76619,0.0,1.0003054
GALNT14,0.0,0.0,0.0,0.0,0.0,0.0,0.0,48.24833,0.0,24.946249,0.0,0.0,39.887844,1.7993071,0.0,0.0,0.0,0.0,37.488106,0.0,0.0,0.0,0.0,0.0,0.0,0.0,0.0,0.0,0.0,0.0
EHD3,0.0,0.0,7.632237,0.0,0.0,0.0,0.0,0.0,0.0,0.0,0.0,0.0,0.0,0.0,2.0786989,0.0,0.0,323.94257,0.0,0.0,0.0,0.0,0.0,50.937645,0.0,0.0,0.0,0.0,0.0,0.0
LTBP1,0.0,0.0,0.0,0.0,51.537483,0.0,0.0,0.0,0.0,0.0,0.0,43.21226,9.968403,0.0,0.0,67.45135,0.0,13.212945,0.0,292.81158,0.0,0.0,55.81763,295.08484,0.0,34.817406,0.0,83.01958,0.0,0.0
CYP1B1,0.0,279.1759,0.0,0.0,0.0,0.0,0.0,0.0,94.7583,0.0,60.319073,0.0,0.0,0.0,0.0,0.0,0.0,0.0,0.0,0.0,0.0,0.0,0.0,0.0,643.7891,5374.974,241.44872,0.0,13.855295,0.0
SLC8A1-AS1,0.0,0.0,0.0,0.0,0.0,0.0,0.0,0.0,0.0,0.0,0.0,0.0,0.0,0.0,0.0,0.0,81.19148,0.0,871.1945,0.0,0.0,0.0,0.0,0.0,0.0,0.0,0.0,0.0,0.0,0.0
AC019129.2,5.110849,0.0,6.965095,3.1550636,1.238365,0.0,0.0,0.0,10.440248,0.0,0.0,6.6882505,0.0,23.261116,4.6924205,0.0,8.991807,52.384712,0.0,0.0,0.0,0.0,3.4600856,0.0,30.091919,0.0,0.0,79.62308,0.0,0.85243225
EPAS1,0.0,0.0,0.0,0.0,0.0,0.0,0.0,0.0,0.0,0.0,0.0,0.0,0.0,0.0,0.0,0.0,0.0,0.0,0.0,0.0,0.0,0.0,0.0,0.0,1125.4034,878.355,143.24548,0.0,43.882732,181.99178
CALM2,2743.421,1906.6592,1430.5149,2550.2407,1672.2574,3333.0334,3332.2373,2963.1533,0.0,2736.1091,6299.754,0.0,4010.68,619.057,3012.464,0.0,4457.8164,2443.7366,3074.3838,2865.506,1825.949,2061.8547,12787.789,1630.1261,0.0,2388.128,1367.719,2208.988,1315.9124,4232.7134
EPCAM,0.0,0.0,0.0,0.0,663.05023,381.89545,0.0,0.0,0.0,0.0,0.0,155.42929,359.1929,0.0,0.0,8.9095125,0.0,0.0,0.0,0.0,0.0,0.0,112.65733,0.0,0.0,0.0,0.0,0.0,0.0,0.0
STON1,6.66502,0.0,2.9473703,2.1499228,0.0,19.268099,0.0,14.762059,0.0,0.0,0.0,6.16521,0.0,0.0,0.0,0.0,0.0,0.0,0.0,0.0,0.0,0.0,6.084743,79.5446,0.0,768.29205,0.0,0.0,0.0,0.0
CHAC2,1.8856587,0.0,1.1008854,0.0,195.95653,12.750959,0.0,35.72429,0.0,0.0,0.0,0.0,55.843697,0.0,23.298006,124.54238,0.0,0.0,0.0,20.986397,28.679792,11.485717,66.2972,0.0,0.0,0.0,0.0,0.0,0.0,0.0
CCT4,658.73,7.679092,158.67747,267.0246,959.1285,1213.5933,241.78848,785.02576,160.353,1287.0035,147.139,23.3381,1050.0834,658.65674,677.6199,178.70952,382.76346,363.5536,804.84235,607.25555,680.0964,394.816,871.66473,121.652565,535.3348,497.4173,536.57715,432.53687,614.4073,393.09592
AC107081.2,4.3025255,0.0,0.0,0.0,0.0,0.0,0.0,0.0,0.0,14.186677,0.0,0.030964604,0.0,0.0,0.0,6.571792,0.0,0.0,1.1583028,0.0,118.77641,0.0,0.0807478,29.021254,0.0,1.1506343,0.0,0.0,191.09221,0.0
B3GNT2,97.57674,48.940353,0.0,229.64415,0.0,293.7715,7.723607,0.0,192.5038,204.91867,0.0,519.08685,0.0,98.19987,0.0,57.3622,91.01233,0.0,471.68445,306.75314,90.99974,0.0,175.19426,0.0,285.62555,0.0,0.0,112.780785,303.04755,55.13883
AC093159.1,0.0,0.0,0.0,3.1791594,0.0,0.0,0.0,0.0,0.0,0.0,0.0,0.0,22.169985,0.0,0.0,4.1299076,0.0,42.534016,0.0,0.0,0.0,0.0,0.0,2.9250321,2.5402672,0.0,0.0,0.0,0.0,0.0
LGALSL,0.0,0.0,0.0,0.0,0.0,0.0,0.0,0.0,0.0,0.0,0.0,0.0,0.0,0.0,0.0,0.0,0.0,213.12595,0.0,67.976135,0.0,0.0,0.0,517.49664,0.0,0.0,49.16993,0.0,0.0,0.0
LINC01800,0.0,0.0,47.12714,0.0,0.0,0.0,0.0,0.0,0.0,0.0,0.0,0.0,0.0,0.0,0.0,0.0,137.53839,0.0,0.0,0.0,0.0,0.0,0.0,0.0,0.0,0.0,0.0,0.0,339.18036,0.0
MEIS1,0.0,0.0,0.0,0.0,0.0,0.0,0.0,0.0,0.0,209.7931,0.0,0.0,0.0,0.0,0.0,0.0,0.0,0.0,0.0,108.9366,0.0,0.0,0.0,830.7971,0.0,0.0,0.0,0.0,0.0,0.0
CNRIP1,0.0,0.0,0.0,0.0,327.2877,792.85114,0.0,0.0,0.0,0.0,0.0,0.0,165.73572,0.0,0.0,41.911896,0.0,0.0,0.0,0.0,0.0,0.0,70.90098,0.0,0.0,0.0,0.0,337.5217,0.0,132.09781
PLEK,0.0,477.676,30.361479,1119.1871,0.0,0.0,252.70932,0.0,2121.7495,0.0,511.1394,0.0,114.59565,358.67505,0.0,0.0,1278.6304,912.49207,0.0,3239.93,0.0,0.0,11.530933,979.7583,0.0,9.38724,0.0,63.005447,0.0,498.04288
SNRPG,950.8939,267.17896,477.79443,826.8126,1882.9154,1130.327,553.866,986.01733,597.45886,539.1139,514.8625,1515.4291,3023.5947,1260.1031,1040.058,284.39145,922.9365,697.71533,1113.9989,1144.3118,525.99054,1113.0763,2481.0334,73.46662,1374.7782,1260.0767,399.29776,129.01509,1164.5568,411.79993
ADD2,0.0,0.0,7.350561,0.0,299.42737,0.0,0.0,0.0,0.0,0.0,0.0,194.68956,0.0,0.0,0.0,398.48312,3.1270468,0.0,0.0,0.0,0.0,0.0,210.58041,0.0,0.0,0.0,13.316178,0.0,0.0,0.0
SPR,0.0,7.032796,0.0,0.0,4.2597256,5.0180473,6.474193,0.0,0.0,0.0,0.0,0.0,1.6329309,0.9198077,0.0,0.0,0.0,0.0,0.0,56.13422,127.6512,0.0,14.488854,0.0,0.0,5.5202746,0.0,0.0,48.958427,0.0
CCT7,476.79013,0.0,117.33327,356.626,813.19086,852.4586,217.66205,724.94006,0.0,639.132,127.583,0.0,727.3275,301.04324,112.7272,0.0,247.62573,166.6993,456.03415,831.40985,183.88918,189.68294,395.17654,57.09919,348.05377,210.35587,489.5104,103.57758,534.5709,0.0
BOLA3,353.98874,0.0,0.0,168.06793,1036.7836,312.03726,0.0,23.231401,0.0,32.439785,0.0,510.6607,436.86496,116.93039,115.83899,382.2657,56.305626,228.99632,0.0,57.53319,25.550545,56.49966,527.6222,21.099388,0.0,384.88718,319.38235,227.32214,0.0,0.0
BOLA3-AS1,3.0164812,0.0,0.55999744,0.0,19.865267,94.06247,0.0,0.0,0.0,0.0,0.0,7.7541113,0.42776564,0.0,18.577154,37.129543,0.8761956,1.0453593,0.0,0.0,34.574894,0.0,8.441207,0.0,0.0,12.72068,0.0,97.49904,0.0,0.0
MTHFD2,35.986565,103.35491,0.0,117.7656,107.424805,281.72122,229.77635,160.41673,60.70696,142.10258,202.64253,0.0,847.374,89.99442,201.82845,0.0,87.8442,0.0,55.153576,232.55336,28.794537,112.66585,541.5671,165.92827,365.10028,0.0,0.0,271.58228,114.56781,18.5955
HTRA2,66.394325,0.0,155.3947,162.95415,98.009094,124.454346,0.0,157.0657,0.0,82.770935,0.0,80.24213,22.228018,21.92641,89.4698,815.7762,109.43784,191.84756,118.927315,281.7946,0.0,206.77649,185.3579,47.821213,149.16927,112.53644,70.81361,72.41327,59.98522,0.0
LOXL3,0.0,3.1439514,0.0,0.0,0.0,0.0,0.15824196,0.0,0.0,5.180287,11.759584,0.0,6.947115,5.0407386,0.0,0.0,0.0,63.650265,0.0,8.782439,0.0,0.0,5.5411115,29.249058,0.0,0.0,0.0,0.0,0.0,1.2301008
MAT2A,66.10002,119.36013,54.157528,65.65522,226.71327,291.7914,286.4561,266.94714,18.729614,460.11945,99.15221,0.0,0.0,174.93057,118.82979,44.066216,153.75038,196.1144,333.78754,88.18476,0.0,179.01837,316.24734,0.0,0.0,157.8993,146.0275,55.90315,0.0,85.92418
GNLY,0.0,0.0,0.0,84191.59,643.38257,0.0,0.0,0.0,0.0,1205.7657,0.0,0.0,0.0,0.0,0.0,0.0,0.0,1473.7356,0.0,3511.698,0.0,0.0,0.0,0.0,0.0,0.0,0.0,0.0,0.0,0.0
MRPL35,34.57262,11.076164,6.316768,13.979801,325.99707,52.661655,6.0366945,55.37372,0.0854292,22.900997,25.775913,0.0,51.947525,102.72612,186.16469,0.0,19.509518,0.0,45.12609,30.982204,0.0,0.0,127.93682,38.056793,0.0,0.0,0.0,0.0,0.0,0.0
CD8B,2510.8945,0.0,0.0,593.1751,0.0,0.0,0.0,0.0,0.0,0.0,0.0,0.0,0.0,0.0,0.0,0.0,0.0,0.0,0.0,0.0,0.0,0.0,0.0,0.0,0.0,288.31458,331.07443,0.0,2545.6057,0.0
CYTOR,315.19992,180.7977,0.0,1190.1174,36.63354,1523.3076,0.0,0.0,530.2106,218.10434,0.0,1117.3789,831.9485,0.0,420.69342,513.3114,0.0,110.630455,0.0,194.1124,0.0,749.87585,661.82043,1079.4423,388.62198,475.8846,422.3648,1162.5675,39.121952,211.99983
IGKC,0.0,0.0,52228.66,0.0,0.0,0.0,4522.0063,6392.577,0.0,0.0,0.0,0.0,0.0,0.0,0.0,0.0,11581.357,0.0,0.0,0.0,0.0,49962.344,0.0,0.0,0.0,0.0,198.59053,0.0,4516.5503,0.0
MAL,1672.6744,0.0,0.0,0.0,0.0,0.0,0.0,0.0,0.0,0.0,0.0,0.0,0.0,0.0,0.0,1024.3617,0.0,121.65959,27.734049,6.183514,0.0,0.0,0.0,0.0,320.37228,0.0,0.0,0.0,49.74812,0.0
GPAT2,13.498956,0.0,1.825512,8.544208,0.0,33.769115,0.0,13.232557,0.0,2.7972305,0.0,3.393494,48.194027,28.527332,3.4636207,0.0,0.0,5.612239,0.0,32.3167,0.0,1.8672352,7.8828096,0.0,0.0,15.342207,8.3916855,0.0,0.0,0.0
DUSP2,3206.8438,0.0,0.0,5371.2656,0.0,0.0,0.0,0.0,962.5442,0.0,0.0,0.0,0.0,0.0,2018.8273,0.0,0.0,0.0,0.0,0.0,0.0,0.0,0.0,0.0,2941.641,0.0,2919.4492,0.0,0.0,1106.9857
NCAPH,0.0,0.0,0.0,0.0,4.7464066,0.0,0.0,10.3866825,0.0,0.0,0.0,51.382465,211.6926,0.0,0.0,50.853043,0.0,0.0,0.0,0.0,0.0,0.0,496.7401,0.0,0.0,0.0,0.0,0.0,0.0,0.0
FAM178B,0.0,0.0,0.0,0.0,2127.8281,426.77142,0.0,0.0,0.0,0.0,0.0,1179.657,801.03,0.0,0.0,894.4072,0.0,0.0,0.0,0.0,0.0,0.0,725.02454,0.0,0.0,0.0,0.0,0.0,0.0,0.0
TXNDC9,103.92369,30.233574,12.109964,175.6626,527.9259,106.61177,44.885353,190.65988,19.106094,54.232586,127.27891,0.0,343.23804,92.691216,175.54935,0.0,80.162834,132.53079,261.32135,240.77687,218.12637,170.8242,452.48163,16.726261,82.37787,26.124552,0.0,500.4241,801.5258,0.0
IL1R2,0.0,17.638113,0.0,0.0,0.0,0.0,167.24689,0.0,0.0,0.0,0.0,0.0,0.0,0.0,0.0,0.0,0.0,0.0,0.0,0.0,0.0,0.0,0.0,12.418787,0.0,15.515365,0.0,0.0,3.1753738,6.577523
MRPS9,90.14935,0.0,0.0,94.71788,496.60434,121.91459,44.453358,172.34067,0.0,118.32929,1.888523,0.0,131.86769,26.70923,37.934685,196.25233,21.285732,105.415115,139.9854,14.991639,47.259045,0.0,0.0,39.21022,224.56844,68.25592,0.0,53.16038,30.975023,233.84492
FHL2,0.0,0.0,0.0,0.0,138.61336,205.88809,0.0,0.0,0.0,0.0,0.0,97.79062,79.12647,0.0,0.0,127.74401,0.0,0.0,0.0,84.54747,0.0,0.0,163.97821,404.7748,0.0,80.350365,0.0,0.0,0.0,0.0
C2orf40,34.913578,0.0,0.0,0.0,0.0,0.0,0.0,0.0,0.0,0.0,0.0,0.0,0.0,0.0,0.0,0.0,0.0,0.0,0.0,0.0,0.0,0.0,0.0,0.0,0.0,0.0,0.0,0.0,4297.1973,38.96451
ST6GAL2,0.0,0.0,0.0,0.0,0.0,8.449329,0.0,0.0,0.0,7.725245,0.0,0.0,0.0,0.0,0.0,0.0,0.0,0.0,0.0,242.71301,0.0,0.0,0.0,0.0,0.0,49.23468,0.0,0.0,15.573764,0.0
BUB1,0.0,0.0,0.0,0.0,22.4917,3.6001902,0.0,0.0,0.0,0.0,0.0,5.1809134,53.547287,22.62996,0.0,0.0,0.0,0.0,2.1709177,7.638171,0.0,0.0,726.7397,0.0,0.0,0.0,99.01089,0.0,0.0,0.0
MIR4435-2HG,16.750916,183.23817,0.0,305.85834,74.68112,463.85916,0.0,0.0,146.43175,0.0,0.0,634.9549,346.77725,0.0,0.0,19.699379,0.0,187.65906,0.0,77.1465,0.0,0.0,134.16841,1082.6306,231.84636,239.67006,95.03129,525.9426,0.0,71.702515
AC017002.3,3.054756,13.941129,0.0,4.9349275,0.0,0.0,0.0,0.0,6.8716826,7.575589,0.0,4.2064314,8.403527,27.917103,0.0,0.0,0.0,6.836176,0.0,0.0,0.0,0.0,0.0,1.9640839,13.892667,0.0,6.872008,0.0,0.0,0.0
CKAP2L,0.0,0.0,0.0,0.0,0.0,0.0,0.0,27.596502,0.0,0.0,0.0,55.897236,136.20279,0.0,0.0,0.0,0.0,0.0,0.0,85.34351,0.0,0.0,662.83386,0.0,0.0,0.0,0.0,0.0,0.0,0.0
IL1B,0.0,400.53088,0.0,0.0,0.0,99.88925,363.21793,0.0,1425.3934,259.6372,150.86618,0.0,0.0,0.0,93.85199,0.0,0.0,0.0,140.60843,118.409134,0.0,0.0,0.0,0.0,0.0,0.0,0.0,0.0,0.0,141.13934
IL1RN,0.0,88.877945,0.0,0.0,0.0,0.0,38.29449,0.0,453.9407,0.0,0.1776373,0.0,21.593353,21.954956,0.0,0.0,0.0,0.0,0.0,0.0,0.0,0.0,2.99032,0.0,0.0,0.0,0.0,0.0,0.0,0.0
DPP10-AS1,0.0,0.0,0.0,0.0,0.0,4.314786,0.0,0.0,0.0,0.0,0.0,0.0,3.1954176,0.0,0.0,0.0,0.0,0.0,0.0,0.0,0.0,0.0,0.0,0.0,0.0,0.0,0.0,0.0,0.0,0.0
STEAP3,0.0,0.0,0.0,0.0,63.59649,25.80162,0.0,0.0,0.0,0.0,0.0,17.520077,18.994081,45.30821,0.0,85.39588,0.0,0.0,0.0,0.0,0.0,0.0,44.07995,0.0,0.0,0.0,0.0,0.0,0.0,0.0
GYPC,2843.8606,0.0,177.28159,713.2424,3665.345,2389.1462,0.0,877.993,0.0,2789.612,0.0,3071.9592,107.71056,1313.6035,768.7377,3721.665,173.05586,1726.0729,2121.7217,709.2822,2636.78,0.0,59.16539,176.73904,2537.675,964.224,692.143,219.793,2879.3923,279.5427
PROC,0.0,0.0,0.0,0.0,0.0,0.0,0.0,0.0,0.0,0.0,0.0,0.0,0.0,0.0,0.0,0.0,870.8544,0.0,0.0,0.0,0.0,0.0,0.0,0.0,0.0,0.0,0.0,0.0,0.0,0.0
MCM6,21.567757,0.0,0.0,10.444328,64.99481,72.40558,0.0,0.0,0.0,24.111883,0.0,75.61258,1439.993,156.83751,34.207558,0.0,44.958252,0.0,0.0,12.757865,0.0,40.237316,0.0,132.36713,274.75833,0.0,0.0,281.7371,118.71454,0.0
TEX41,0.0,0.12131737,0.0,0.0,0.0,0.0,0.0,4.223123,0.0,0.0,0.0,0.0,0.0,0.0,0.52024794,0.0,0.0,0.0,37.885212,0.0,0.0,0.0,0.0,1.7385244,0.0,0.0,0.0,0.47518525,0.0,0.0
RND3,0.0,0.0,0.0,0.0,0.0,0.0,0.0,0.0,0.0,0.0,0.0,0.0,0.0,0.0,0.0,0.0,0.0,0.0,0.0,0.0,0.0,0.0,0.0,0.0,115.27857,173.10452,111.01548,0.0,0.0,0.0
TNFAIP6,0.0,18.132835,0.0,0.0,0.0,0.0,0.0,0.0,0.0,0.0,0.0,0.0,0.0,0.0,0.0,0.0,0.0,0.0,0.0,0.0,0.0,0.0,0.0,0.0,38.483906,1214.533,732.51843,0.0,0.0,0.0
RIF1,140.89308,13.723276,36.550537,87.99839,425.12302,373.28375,14.851586,148.03659,109.96054,144.03337,25.953882,558.1055,487.00842,182.48947,387.51724,0.0,100.92585,318.42828,127.0299,16.949604,485.47623,180.3836,34.22739,2.1412575,44.07819,355.3665,112.31058,81.583336,252.90668,0.0
CACNB4,0.0,14.904755,0.0,0.0,0.0,0.0,0.0,0.0,0.0,33.257282,0.0,0.0,11.203788,1.149114,0.0,1.4575301,71.48523,57.929436,0.0,0.0,0.0,0.0,0.0,0.0,0.0,0.0,0.0,0.0,0.0,0.0
SLC38A11,0.0,0.0,138.67233,0.0,0.0,0.0,0.0,0.0,0.0,0.0,0.0,0.0,0.0,0.0,0.0,0.0,0.0,0.0,0.0,0.0,0.0,0.0,0.0,0.0,0.0,0.0,124.305885,0.0,23.206938,0.0
XIRP2,0.0,0.0,0.0,0.0,0.0,0.0,0.0,0.0,0.0,15.717156,0.0,0.0,0.0,0.0,0.0,0.0,0.0,0.0,0.0,41.556316,0.0,0.0,0.0,0.0,0.0,0.0,0.0,0.0,0.0,0.0
SPC25,0.0,0.0,0.0,0.0,0.0,0.0,0.0,60.95927,0.0,0.0,0.0,0.0,481.19666,0.0,0.0,0.0,0.0,0.0,0.0,0.0,0.0,0.0,775.84766,0.0,0.0,0.0,0.0,0.0,0.0,0.0
SSB,833.6017,0.0,235.03957,378.02005,1349.8676,1550.2638,293.1405,675.5724,0.0,955.22406,160.19962,1074.8171,403.49994,424.51337,1281.6323,258.93286,311.1345,584.2255,550.4672,881.9632,757.1537,312.8515,594.4024,459.39172,889.5856,394.6938,1091.8103,224.72687,160.42967,410.05316
GAD1,0.0,0.0,0.0,0.0,50.465626,16.777431,0.0,0.0,0.0,0.0,0.0,188.72548,15.251986,0.0,0.0,3.7892103,0.0,0.0,0.0,0.0,0.0,0.0,42.979866,0.0,0.0,0.0,0.0,0.0,0.0,0.0
ITGA6,172.19847,0.0,0.0,0.0,0.0,0.0,0.0,0.0,0.0,0.0,0.0,0.0,0.0,37.4895,0.0,0.0,0.0,2045.8401,3.2630205,27.552904,0.0,0.0,0.0,0.0,0.0,132.32433,112.88318,0.0,0.0,0.0
CDCA7,0.0,0.0,0.0,0.0,0.0,53.05618,0.0,302.11365,0.0,330.05896,0.0,0.0,1139.833,306.27698,0.0,0.0,0.0,0.0,128.46567,0.0,0.0,0.0,0.0,0.0,0.0,0.0,0.0,0.0,0.0,0.0
CHN1,54.147205,0.0,0.0,0.0,0.0,0.0,0.0,0.0,0.0,0.0,0.0,0.0,0.0,0.0,0.0,0.0,0.0,0.0,0.0,24.816856,105.35753,23.419813,0.0,0.0,0.0,123.96327,0.0,262.28656,0.0,0.0
ATP5MC3,940.0769,247.78262,62.07939,1034.8215,2481.9106,2069.068,1205.9606,1524.8063,174.8294,1453.3372,582.36285,853.68665,3479.617,1395.8202,944.7603,343.76334,1549.7827,997.3967,1904.3926,1168.7383,1131.6322,1559.1259,1185.2325,237.28111,24.353592,677.2605,1273.105,731.95154,1509.5026,576.4637
MTX2,91.35056,14.016453,44.16386,37.172382,288.59357,189.31213,8.959846,44.256584,0.0,164.02142,19.120916,0.0,154.54578,65.207085,109.034706,0.0,22.201618,69.54301,92.06698,0.0,63.98296,0.0,16.274153,8.672061,0.0,92.170105,210.64282,0.0,95.86564,14.582112
AC009962.1,0.0,2.3387177,0.0,0.0,0.0,27.684137,0.0,1.080529,0.0,5.405175,3.441915,0.0,0.0,0.0,0.0,0.0,14.173957,0.0,0.0,0.0,0.0,0.0,0.0,0.66815716,6.774362,0.0,0.0,8.94423,0.0,0.0
PDE1A,0.0,0.0,0.0,0.0,0.0,0.0,0.0,0.0,0.0,6.958329,0.0,0.0,0.0,0.0,0.0,0.0,0.0,0.0,0.0,0.0,0.0,0.0,0.0,0.0,0.0,165.01373,31.919193,0.0,0.0,0.0
FRZB,0.0,0.0,0.0,0.0,0.0,0.0,0.0,0.0,0.0,0.0,0.0,0.0,0.0,0.0,0.0,0.0,0.0,0.0,0.0,0.0,0.0,0.0,0.0,0.0,265.65298,2083.3003,495.08203,0.0,0.0,0.0
NCKAP1,0.0,0.0,0.0,10.957126,0.0,0.0,0.0,0.0,0.0,0.0,0.0,0.0,0.0,0.0,0.0,0.0,0.0,362.4051,0.0,0.0,0.0,0.0,0.0,52.04671,24.823286,149.40074,0.0,0.0,14.070017,0.0
COL3A1,0.0,0.0,0.0,0.0,0.0,0.0,0.0,0.0,0.0,0.0,0.0,0.0,0.0,0.0,0.0,0.0,0.0,0.0,0.0,0.0,0.0,0.0,0.0,0.0,0.0,416.8269,0.0,0.0,25.770735,0.0
SLC40A1,68.87246,34.26036,0.0,0.0,137.31656,834.95105,0.0,0.0,0.0,314.84055,0.0,0.0,0.0,0.0,108.54549,147.68024,0.0,54.268166,0.0,436.5009,0.0,0.0,0.0,1735.7433,0.0,174.47452,0.0,478.49277,0.0,4745.0713
C2orf88,0.0,0.0,0.0,0.0,0.0,47.67494,0.0,0.0,0.0,0.0,0.0,0.0,0.0,0.0,0.0,0.0,0.0,39.580605,0.0,452.64984,0.0,0.0,17.679785,2276.3691,0.0,0.0,0.0,0.0,0.0,0.0
CAVIN2,0.0,0.0,0.0,0.0,0.0,0.0,0.0,0.0,0.0,0.0,0.0,0.0,0.0,0.0,0.0,0.0,0.0,893.6436,0.0,115.058365,0.0,0.0,0.0,13278.246,0.0,0.0,0.0,0.0,0.0,0.0
HSPD1,230.81221,0.0,0.0,0.0,2214.928,1709.2596,0.0,401.19232,0.0,1381.5306,31.24654,782.7003,3365.8389,647.1518,1036.0234,19.571354,27.299715,0.0,411.31058,561.0853,0.0,0.0,2026.329,0.0,0.0,636.87463,300.9069,183.96011,667.9248,470.8086
HSPE1,1140.7709,0.0,345.53656,897.68115,2285.8984,2031.6095,291.60016,1229.8622,0.0,959.9743,143.20328,404.33597,2412.1414,954.5553,2970.7957,0.0,643.59814,184.43335,442.04004,407.25168,0.0,523.2983,896.49316,183.48825,1846.5432,547.09595,1601.6031,1020.8247,473.71585,922.86676
SGO2,2.7372608,0.0,19.339354,25.887556,0.0,17.57291,0.0,46.60306,0.0,39.897636,0.0,0.0,29.932896,0.0,47.826576,0.0,27.422134,61.786057,57.20829,0.0,0.0,0.0,1761.5406,0.0,0.0,0.0,0.0,38.006886,71.17847,0.0
STRADB,1.0406924,0.0,202.23485,9.0887,454.91577,464.5292,20.883629,5.057626,0.0,44.8844,0.0,216.64055,335.05313,0.0,77.23352,492.75876,0.0,19.014654,0.0,8.826333,61.929577,0.0,0.0,295.825,0.0,0.0,0.0,0.0,40.597137,0.0
WDR12,21.30014,4.2377872,0.0,14.074508,254.11093,159.13058,10.260892,12.827145,0.0,32.07758,0.0,10.907572,91.907104,197.84898,28.923504,0.0,62.81946,0.0,49.798214,20.884346,0.0,15.356258,143.63913,19.957691,0.0,82.357285,10.761078,61.27761,135.83983,0.0
EEF1B2,16743.66,0.0,10910.409,0.0,11097.232,21327.396,4405.0537,5671.2236,0.0,19143.947,0.0,13748.11,0.0,5970.2227,5335.869,143.37259,6235.2856,8870.38,833.63385,9596.604,15421.459,4419.1777,0.0,962.70996,15101.499,5106.9263,8892.246,8408.266,7212.5225,55.787785
LINC01857,0.0,0.0,1058.0791,0.0,0.0,0.0,0.0,0.0,0.0,0.0,0.0,0.0,0.0,0.0,0.0,0.0,0.0,0.0,0.0,0.0,0.0,0.0,0.0,0.0,0.0,0.0,0.0,0.0,58.57361,0.0
CRYGD,0.0,0.0,0.0,0.0,0.0,0.0,0.0,0.0,0.0,519.9021,0.0,0.0,0.0,155.93251,0.0,0.0,0.0,0.0,0.0,0.0,0.0,0.0,0.0,0.0,0.0,0.0,0.0,0.0,0.0,0.0
MAP2,0.0,0.0,5.7082458,0.0,0.0,0.0,4.2833,38.448425,0.0,0.0,0.0,0.0,0.0,0.0,0.0,0.0,0.0,0.0,0.0,0.0,0.0,0.0,0.0,0.0,0.0,0.0,114.78888,0.0,3.4755964,0.0
AC016708.1,0.0,0.0,0.0,0.15263088,0.0,0.0,0.0,0.0,0.0,8.989151,0.0,0.0,4.9371147,0.0,0.0,0.0,5.959245,0.0,30.857117,0.0,0.0,0.0,0.7768881,0.0,8.177063,0.0,0.0,0.0,0.0,0.0
ATIC,145.43707,0.0,29.63331,25.280153,397.57715,511.2154,48.941902,90.35633,0.0,273.0593,0.0,0.0,439.75653,28.5347,258.6336,11.17185,76.64275,116.294975,91.04312,150.61102,38.509636,112.08838,29.79188,0.0,0.0,0.0,0.0,0.0,0.0,161.3866
FN1,0.0,0.0,0.0,0.0,0.0,0.0,0.0,0.0,0.0,0.0,0.0,0.0,0.0,0.0,41.41196,0.0,0.0,0.0,0.0,0.0,0.0,0.0,0.0,0.0,0.0,157.37007,5265.3696,0.0,0.0,0.0
LINC01963,2.5253308,0.0,0.0,6.5220084,3.023944,6.009541,0.0,8.876707,0.0,1.7075685,0.0,0.0,0.0,0.0,133.97585,0.0,0.08813091,0.0,8.267883,0.0,0.0,0.0,0.0,0.0,0.0,0.0,0.0,9.33846,0.0,0.0
RPL37A,41718.56,2874.409,30317.943,5249.9985,27007.85,43986.715,17584.764,15183.915,9931.843,44690.418,4451.493,47314.613,0.0,31345.38,26604.18,2426.591,21779.52,32711.46,10351.8,29289.836,42995.277,23042.408,0.0,5663.7695,61643.26,16067.927,21691.092,28361.521,23115.555,2783.2593
IGFBP2,0.0,0.0,0.0,0.0,0.0,0.0,0.0,0.0,0.0,0.0,0.0,0.0,0.0,199.86148,0.0,0.0,0.0,0.0,0.0,0.0,0.0,0.0,0.0,0.0,308.6566,1807.8855,225.9569,0.0,0.0,0.0
IGFBP5,0.0,0.0,0.0,0.0,0.0,0.0,0.0,0.0,0.0,0.0,0.0,0.0,0.0,0.0,0.0,0.0,0.0,0.0,0.0,0.0,0.0,0.0,0.0,0.0,640.14484,4703.502,313.80948,0.0,1058.7087,0.0
TNS1,0.0,0.0,0.0,0.0,0.0,0.0,0.0,0.0,6.651628,0.0,0.0,0.0,0.0,8.646232,0.0,113.34827,0.0,31.64253,6.954461,8.155156,0.0,0.0,0.0,20.595259,0.0,91.06921,0.0,171.1632,0.0,1.0075443
CXCR2,0.0,6.7759714,0.80494374,51.254837,0.0,0.0,1.9848086,0.0,0.0,0.0,0.0,0.0,0.0,7.2265515,0.0,0.0,18.624483,0.0,0.0,0.0,0.0,0.0,0.0,0.0,0.0,0.0,7.2259808,0.0,108.14088,0.0
TMBIM1,156.65103,3.575713,104.39458,188.0125,82.76312,0.0,0.0,0.0,78.88916,30.122776,109.9545,0.0,0.0,0.0,64.65253,761.7509,0.0,0.0,0.0,334.1854,22.939714,0.0,0.0,866.44275,202.69644,164.27805,0.0,0.0,0.0,95.868706
TUBA4A,957.62897,0.0,205.40782,1500.768,0.0,0.0,0.0,0.0,310.20663,0.0,0.0,0.0,169.65631,0.0,491.89984,227.26329,0.0,2268.3687,0.0,0.0,0.0,357.40646,1040.7354,6523.9077,799.9703,306.08774,392.24304,0.0,1869.5516,200.62941
DES,0.0,6.003223,0.0,0.0,10.353417,28.45185,0.0,0.0,0.0,0.0,8.521792,66.280304,14.37701,0.0,0.0,0.0,0.0,0.0,0.0,0.0,0.0,0.0,0.0,0.0,0.0,0.18061358,0.0,0.0,0.0,0.0
AC097461.1,0.0,0.0,1.4099374,0.0,2.3692122,1.9806587,0.0,0.0,0.0,0.0,0.0,0.0,0.8521462,12.550286,6.6532326,0.0,0.0,0.0,0.0,0.0,0.0,0.0,0.0,0.0,0.0,0.0,15.742143,1.9715893,0.0,0.0
SERPINE2,0.0,0.0,0.0,0.0,0.0,972.67896,0.0,0.0,0.0,273.8664,0.0,92.28039,0.0,14.191738,13.139136,0.0,0.0,0.0,0.0,392.44217,0.0,0.0,0.0,277.16452,0.0,0.0,34.26372,0.0,827.79144,0.0
CCL20,11.902802,0.0,0.0,0.0,0.0,0.0,0.0,0.0,48.721478,0.0,0.0,0.0,0.0,2.0057623,0.0,0.0,0.0,0.0,0.0,0.0,0.0,86.73927,0.0,0.0,24.373796,0.0,0.0,0.0,0.0,0.0
ITM2C,50.866867,0.0,73.09641,0.0,0.0,0.0,0.0,1147.0574,0.0,1741.6082,0.0,0.0,85.10699,228.80785,0.0,0.0,6992.7866,0.0,1319.4286,0.0,212.23,2478.3936,0.0,67.5371,0.0,219.92355,0.0,139.09915,630.7918,0.0
PSMD1,59.089485,46.172043,0.0,88.163994,187.0425,166.16574,59.93848,114.76888,25.654978,86.74355,18.476809,303.73508,337.59094,90.35093,25.686161,139.5935,95.17021,34.639416,158.6245,218.06306,151.12585,255.1205,369.7192,7.848901,137.90562,234.96371,207.23776,41.680454,586.1681,42.58919
NCL,1083.3171,0.0,669.2666,1101.8898,2942.3523,3143.063,871.4681,2573.384,574.2877,2223.0225,235.78514,4316.991,2701.8845,1707.6969,1285.9677,0.0,1290.7307,564.39703,1573.8104,2429.6865,1130.2023,1573.4233,1472.3058,646.04456,769.2,371.70966,2043.0659,1186.5317,911.641,961.4012
PTMA,32264.074,672.67834,34615.758,16192.734,20933.549,38640.812,20035.201,82125.82,22993.266,32389.805,11564.303,46657.51,41829.28,30226.342,39973.703,0.0,21182.398,32520.115,55719.65,36331.984,40458.887,36103.22,33540.23,20213.547,70118.93,13578.871,28601.28,28001.031,21962.438,4736.521
SNORC,0.0,0.0,0.0,0.0,0.0,13.467535,0.0,0.0,0.0,5.0157304,0.0,0.0,0.0,39.185917,0.0,0.0,0.0,0.0,8.706646,0.0,0.0,0.0,0.0,0.0,0.0,0.0,0.0,0.0,0.0,0.0
DGKD,103.20631,35.832226,485.11203,246.69122,0.0,0.0,0.0,553.02704,0.0,0.0,0.0,134.13739,0.0,76.00227,248.14465,0.0,75.818695,1328.413,104.26734,0.0,63.83609,0.0,0.0,108.68241,188.68425,149.20558,108.28287,41.1749,126.52974,0.0
HJURP,0.0,0.0,0.0,0.0,0.0,0.0,0.0,16.9738,0.0,0.0,0.0,0.0,132.01736,0.0,0.0,15.546695,0.0,0.0,1.6819026,0.0,0.0,0.0,469.48425,0.0,0.0,0.0,0.0,0.0,0.0,0.0
SH3BP4,0.0,0.0,0.0,0.0,0.0,0.0,24.450264,0.0,0.13130118,43.459187,0.0,0.0,0.0,4.8881874,0.0,0.0,21.662844,0.0,0.0,0.0,0.0,0.0,0.0,0.0,0.0,3.9968727,0.0,0.0,8.876421,19.163757
AGAP1,0.0,0.0,0.0,49.504944,0.0,0.0,0.0,0.0,0.0,0.0,0.0,138.54411,0.0,0.0,0.0,0.0,0.0,0.0,0.0,0.0,0.0,1.7538804,0.0,4.5419855,0.0,0.0,0.0,0.0,0.0,0.0
RAMP1,0.0,0.0,0.0,171.23228,0.0,0.0,0.0,0.0,0.0,237.006,0.0,0.0,0.0,0.0,0.0,0.0,0.0,7.921279,0.0,740.13403,0.0,0.0,0.0,162.94511,0.0,0.0,0.0,0.0,0.0,0.0
HES6,0.0,0.0,0.0,77.01077,310.13818,103.756874,0.0,323.95282,2.2677732,0.0,0.0,303.63837,5.0237036,0.0,0.0,3.6247318,0.0,0.0,114.47341,0.0,0.0,0.0,337.75763,0.0,0.0,0.0,0.0,23.665916,0.0,27.240864
STK25,113.650444,10.043161,126.34441,147.6284,425.07703,254.62651,0.0,91.289505,0.0,91.62807,38.60571,326.27362,8.81938,0.0,81.6816,116.8802,113.813515,4.7997446,150.86324,82.55791,0.0,0.0,396.3449,91.52538,96.67156,383.5885,0.0,27.776228,522.4281,137.74054
DTYMK,63.478764,0.0,0.0,77.3272,373.17807,90.254585,0.0,213.33685,0.0,35.473927,2.0138407,169.92737,885.56757,123.51628,51.92379,61.770687,0.0,181.77826,60.405605,325.8525,0.0,12.420562,1566.6997,0.0,0.0,0.0,180.97444,0.0,202.6717,0.0
CHL1,0.0,0.0,8.583169,0.0,0.0,0.0,0.0,0.0,0.0,0.0,0.0,0.0,0.0,0.0,0.0,0.0,0.0,0.0,0.0,0.0,0.0,0.0,0.0,0.0,63.71382,2256.3435,353.99338,0.0,0.0,0.0
LMCD1,0.0,0.0,0.0,0.0,0.0,0.0,0.0,0.0,0.0,0.0,0.0,0.0,0.0,0.0,0.0,0.0,0.0,0.0,0.0,0.0,0.0,0.0,0.0,0.0,1140.2991,0.0,101.19615,0.0,0.0,0.0
TIMP4,0.0,0.0,0.0,0.0,0.0,0.0,0.0,0.53759253,0.0,0.0,0.0,0.0,0.0,0.0,0.0,0.0,0.0,0.0,0.8802995,0.0,0.0,0.0,0.0,0.0,0.8238039,264.26822,0.0,0.0,0.0,0.0
TMEM40,0.0,0.0,0.0,0.0,0.0,0.0,0.0,0.0,0.0,0.0,0.0,0.0,0.0,0.0,0.0,0.0,0.0,0.0,0.0,0.0,0.0,0.0,0.0,5027.3535,0.0,0.0,0.0,0.0,0.0,0.0
CHCHD4,21.159616,0.0,0.0,20.186327,165.31772,90.08772,42.843777,31.695986,0.0,29.890089,26.38213,0.0,0.0,91.456406,80.19536,0.0,1.4367574,8.855427,47.400074,27.053547,57.942093,71.36834,0.0,0.0,0.0,7.290723,0.0,0.0,0.0,0.0
MRPS25,107.332054,4.5835347,63.421555,20.794458,432.4097,549.0415,22.583332,225.02003,0.0,130.79446,48.913258,129.01259,278.40567,214.5204,169.64374,0.0,134.62068,58.129654,40.165756,176.49753,0.0,8.9278755,0.0,39.82393,131.35237,0.0,146.7212,77.94631,0.0,0.0
ANKRD28,0.0,228.70085,0.0,322.21503,0.0,619.06287,32.223446,0.0,306.1123,2937.6128,0.0,49.998573,0.0,1332.3997,0.0,0.0,197.45345,0.0,803.5281,241.96631,177.35353,489.19705,0.0,227.53741,410.50174,324.03027,872.6062,3370.4626,0.0,362.49896
KCNH8,0.0,0.0,59.809334,0.0,3.6259348,0.0,0.0,0.0,0.0,0.0,0.0,0.0,0.0,0.0,0.0,0.0,1.0785106,0.0,0.0,0.0,20.356934,0.0,0.0,0.0,0.0,7.6210437,0.0,14.2646265,0.0,0.0
SGO1,0.0,0.0,50.509724,0.0,0.0,0.0,0.0,52.10086,0.0,1.6039279,0.0,0.0,203.00693,0.0,0.0,13.83091,23.02889,0.0,26.047653,0.0,0.0,0.0,918.45013,0.0,0.0,0.0,0.0,0.0,0.0,0.0
ZNF385D,0.0,0.0,0.0,0.0,0.0,83.73471,0.0,0.0,0.0,149.25098,0.0,0.0,0.0,0.0,0.0,0.0,0.0,0.0,0.0,38.152695,0.0,0.0,0.0,115.18463,0.0,0.0,0.0,26.02303,0.0,0.0
TOP2B,53.612545,34.287243,0.0,150.39677,0.0,450.68414,0.0,778.8053,0.0,154.9216,48.582935,309.4408,0.0,607.8254,366.479,0.0,136.07886,132.32454,3158.0244,269.64093,42.11106,0.0,140.50514,115.602516,0.0,527.2985,397.9942,164.92543,488.0118,0.0
CMC1,1410.4678,0.0,0.0,13543.929,0.0,0.0,0.0,0.0,0.0,0.0,0.0,0.0,0.0,0.0,2779.755,0.0,0.0,0.0,0.0,0.0,0.0,0.0,9.805376,175.10263,0.0,389.73242,1526.5391,0.0,184.68091,1076.8489
RBMS3,0.0,0.0,0.0,0.0,0.0,0.0,0.0,0.0,0.0,0.0,0.0,0.0,0.0,0.0,0.0,0.0,14.987941,0.0,0.0,0.0,0.0,0.0,0.0,0.0,543.8756,1083.6249,4.8048925,0.0,261.6014,0.0
CMTM8,45.8956,0.0,0.0,0.0,0.0,0.0,0.0,1908.1917,0.0,0.0,0.0,0.0,0.0,0.0,0.0,0.0,0.0,0.0,1876.5975,0.0,0.0,0.0,0.0,0.0,0.0,0.0,0.0,0.0,0.0,0.0
ARPP21,0.0,0.0,0.0,0.0,0.0,0.0,0.0,1004.64264,0.0,0.0,0.0,0.0,0.0,0.0,0.0,0.0,0.0,0.0,2787.4717,0.0,0.0,0.0,0.0,0.0,0.0,0.0,0.0,0.0,0.0,0.0
ITGA9,0.0,0.0,0.0,0.0,0.0,0.0,0.0,0.0,0.0,56.303635,0.0,0.0,0.0,0.0,0.0,0.0,0.0,0.0,0.0,0.0,0.0,0.0,0.0,0.0,0.0,0.0,0.0,0.0,13.449378,27.036774
CTDSPL,0.0,4.575695,0.0,0.0,0.0,18.869751,0.0,0.0,0.0,48.686848,0.0,0.0,22.819233,45.911972,0.0,0.0,0.0,38.07892,23.176456,90.958855,0.0,0.0,5.093316,156.87352,0.0,0.0,6.3039627,0.0,0.0,0.0
AC092053.3,4.479395,0.0,2.5362227,0.0,0.0,0.0,4.5439844,0.0,4.2417,0.0,0.0,0.0,0.0,0.0,11.553657,2.6707778,2.0116153,10.463499,72.44897,0.0,6.171913,21.916876,0.0,0.0,6.400035,42.327232,0.0,0.0,28.964275,0.0
KRBOX1,0.0,0.0,0.0,0.0,0.0,0.0,0.0,0.56707096,0.0,11.515941,0.0,46.78586,14.499789,5.1320667,0.0,0.83671135,0.0,0.0,0.0,2.4965665,0.0,0.0,0.0,0.0,15.753335,0.0,0.0,0.0,15.108858,0.0
POMGNT2,3.9902658,0.0,0.0,18.634426,128.79076,0.0,0.0,0.0,0.0,4.952846,2.721838,36.34401,0.0,0.0,3.926633,62.140335,6.0946226,5.1420794,26.284628,36.864773,48.708168,0.0,39.458065,0.0,36.262375,11.666979,0.0,0.0,0.0,0.0
KIF15,0.0,0.0,0.0,0.0,0.0,10.51903,0.0,20.910368,0.0,0.0,0.0,35.913628,111.70009,0.0,0.0,0.0,0.0,0.0,0.0,0.0,0.0,0.0,576.94604,0.0,0.0,0.0,0.0,1.4144852,0.0,0.0
CCR9,2.4575458,0.0,2.3883476,0.23357987,0.0,0.0,5.5538116,0.0,0.0,1.878782,0.0,0.0,0.0,0.0,23.694376,0.0,0.0,6.9450293,0.0,0.0,0.0,18.085417,2.1895645,0.0,3.7634976,0.0,99.844635,0.2776912,0.0,0.0
XCR1,0.0,0.0,0.0,0.0,0.0,0.0,18.064953,0.0,0.0,0.0,0.0,0.0,0.0,0.0,0.0,0.0,0.0,0.0,0.0,0.0,0.0,0.0,0.0,0.0,0.0,0.0,0.0,0.0,2.1965294,0.0
UQCRC1,190.38696,396.9267,25.73949,257.13968,452.62656,395.56335,439.18948,290.9999,29.648964,188.2032,414.0409,310.94864,1136.2095,380.8869,185.05154,0.0,105.93395,6.922051,353.98508,358.6631,227.5964,156.67677,654.8222,87.13572,0.0,0.0,440.04123,295.53772,299.4553,0.0
NCKIPSD,9.433684,0.0,0.0,0.0,0.0,57.59943,0.0,0.0,0.0,0.0,0.0,0.0,104.0401,6.2039714,0.0,0.0,16.32216,355.06442,0.0,0.0,0.0,6.027121,0.0,0.0,92.40507,61.33988,0.0,0.0,0.0,0.0
IMPDH2,288.58102,0.0,157.03296,0.0,1009.3969,1522.5284,60.276997,502.96582,0.0,2101.8904,0.0,0.0,742.9499,503.34164,0.0,0.33428362,77.505554,261.242,408.57306,632.22546,415.71506,0.0,286.1172,92.955376,0.0,323.07254,213.52211,561.11743,88.449425,0.0
APEH,116.36835,12.561333,42.49966,116.94346,349.3818,157.28236,31.55719,45.500843,0.0,69.29215,88.801834,225.06607,303.18304,38.531456,11.063105,129.84985,60.00441,152.36093,68.28127,65.53009,0.0,0.0,137.9059,48.77914,61.631607,0.0,0.0,25.326418,91.10539,56.854874
RNF123,29.61903,0.0,12.83053,31.363113,119.62718,0.0,15.069018,0.66273636,0.0,5.4044,0.0,0.0,14.625075,3.130884,136.7402,145.3696,25.843557,0.0,40.462345,42.03909,0.0,0.0,0.0,34.636993,34.01584,48.55502,0.0,0.0,84.906136,0.0
INKA1,0.0,0.0,22.712978,0.0,0.0,20.572323,0.0,0.0,0.0,110.078125,0.0,0.0,0.0,0.0,11.859737,0.0,0.0,23.234661,289.902,384.71497,0.0,0.0,38.313396,157.09026,0.0,0.0,0.0,0.0,0.0,6.1230674
UBA7,91.57106,9.012083,70.32961,73.316055,0.0,204.59088,0.0,0.0,0.0,204.20055,24.024937,0.0,0.0,4.4587817,232.28679,0.0,27.101639,1026.7797,576.27563,0.0,0.0,48.690742,55.332394,813.5941,0.0,0.0,0.0,0.0,94.23774,31.810192
SEMA3F,0.0,2.6011767,0.0,0.0,0.0,0.0,0.0,0.0,30.128134,0.0,0.0,0.0,0.0,0.12700672,0.0,0.0,0.0,0.0,0.0,0.0,0.0,0.0,0.0,0.80949533,1.3435725,0.0,1.5211878,0.0,0.0,0.0
IFRD2,172.00327,0.0,65.720215,53.00399,445.97833,468.41434,0.0,114.35523,0.0,98.45362,20.156143,148.79602,0.0,70.19662,136.84048,42.634502,0.771878,0.0,51.071793,209.93723,107.032104,84.2179,191.44888,0.0,0.0,0.0,213.97098,141.13094,0.0,31.221294
MANF,253.99825,0.0,0.0,477.43387,0.0,0.0,73.36608,175.33731,0.0,4.820229,65.89911,0.0,447.1272,721.1385,180.93326,0.0,674.7287,270.31992,292.84888,1476.5972,0.0,3067.3867,745.882,0.0,0.0,130.60703,902.48987,0.0,502.2655,0.0
POC1A,0.0,0.0,0.0,0.0,1.9468757,20.309952,0.0,10.714319,0.0,13.556745,2.705277,44.614155,305.21893,6.11791,0.0,0.0,0.0,0.0,0.0,0.0,0.0,0.0,487.22568,0.0,0.0,0.0,0.0,0.0,0.0,0.0
GNL3,211.07079,0.0,144.70625,47.678753,617.3879,661.8126,30.749989,211.01768,0.0,284.34332,0.0,337.68304,288.77856,171.46072,161.59967,0.0,161.24768,67.54846,98.38905,89.30143,21.087856,618.83606,0.0,10.139392,331.71707,0.0,525.52496,1.8194351,101.29881,74.44765
TKT,187.78336,2351.751,0.0,0.0,603.7716,1376.9363,845.2217,636.7624,2488.6143,2311.207,2926.7769,458.54755,556.5731,1335.5317,0.0,0.0,184.05615,165.96114,3988.8625,644.33496,1143.3058,0.0,100.466576,229.72556,0.0,0.0,580.25446,1396.5853,453.92093,446.01917
CACNA2D3,0.0,47.43718,0.0,0.0,0.0,0.0,271.65143,0.0,0.0,0.0,0.0,0.0,0.0,0.6890718,18.886425,0.0,0.0,0.0,0.0,0.0,0.0,0.0,20.09315,0.0,0.0,0.0,0.0,0.0,0.0,0.0
DNASE1L3,0.0,0.0,19.343487,0.0,0.0,0.0,121.35487,148.67555,0.0,0.0,0.0,0.0,0.0,0.0,0.0,0.0,776.5159,0.0,52.142952,0.0,0.0,0.0,0.0,10.326817,0.0,0.0,0.0,0.0,0.0,0.0
THOC7,646.5814,244.2995,91.347,436.46152,1089.9454,988.26874,453.91818,824.36993,112.32593,790.3603,248.88557,106.34022,275.77457,793.1622,258.1048,0.0,387.83704,83.78683,1340.1868,749.16425,178.20897,115.280365,0.0,467.18533,198.84471,466.68036,590.4248,341.1279,178.06566,104.625885
PSMD6,250.91966,94.97804,113.649895,242.62422,567.9011,491.7784,117.65297,378.03775,281.2415,375.43002,156.09204,595.03326,138.03975,135.68802,114.37467,661.61676,237.7255,271.05762,370.1062,600.77625,760.1029,212.67369,382.22635,0.0,194.70465,268.34277,462.49698,599.20825,448.9389,0.0
FRMD4B,21.627949,68.09195,0.0,0.0,0.0,0.0,35.35971,61.23317,159.0805,302.5119,0.0,0.0,0.0,0.0,117.95598,0.0,129.22394,305.2175,0.0,20.500982,26.48791,0.0,0.0,934.66235,8.26987,0.0,6.7646966,346.08386,26.710188,852.9583
CPOX,0.0,2.4714859,0.0,12.810499,127.96292,0.0,0.0,0.0,0.0,0.0,1.9981431,60.650127,70.613655,0.0,108.8726,541.22345,0.0,0.0,0.0,62.923992,0.0,13.604071,73.59843,0.0,0.0,37.146557,0.0,0.0,0.0,0.0
CMSS1,137.1776,0.0,95.25948,0.0,237.96379,457.39627,18.500324,32.902508,0.0,212.16905,6.498389,152.83719,407.01624,269.22433,195.52812,0.0,57.432354,80.47551,12.758888,114.110794,0.0,0.0,375.6278,11.914172,0.0,36.31485,82.17194,20.147272,102.94126,68.38501
ABI3BP,0.0,0.0,0.0,0.0,0.0,0.0,0.0,0.0,0.0,9.161645,0.0,0.0,0.0,0.0,0.0,0.0,0.0,0.0,0.0,0.0,0.0,0.0,0.0,0.0,11.519392,172.68808,0.0,0.0,15.861605,0.0
TRMT10C,406.87106,0.0,273.34665,160.04866,850.47046,267.85352,0.0,118.3023,206.49057,230.48975,0.0,0.0,0.0,116.98964,358.96857,0.0,182.13058,154.89403,166.73804,156.93275,212.34889,306.01346,0.0,0.0,1049.3191,193.39441,472.63736,24.819626,618.8942,0.0
LINC00882,0.109536864,0.0,0.0,1.3702693,0.0,0.0,0.0,0.0,0.6528173,23.56144,0.0,1.530459,0.0,0.0,0.0,0.0,0.0,0.0,0.0,0.0,0.0,0.0,5.6493964,1.1867886,0.0,27.727612,0.0,0.0,0.0,0.0
CIP2A,0.62877685,0.0,26.943771,0.0,0.0,1.9766577,0.0,0.0,0.0,0.0,0.0,22.137493,380.43607,0.0,38.909424,0.0,0.03586484,0.0,18.513395,0.0,4.443942,0.0,500.95694,18.60957,35.637363,9.079766,0.0,0.0,0.0,0.0
C3orf52,0.0,0.0,0.0,0.0,0.0,0.0,0.0,195.40778,0.0,0.0,0.0,0.0,0.0,0.0,0.0,0.0,0.0,0.0,5.184581,152.41658,0.0,0.0,0.0,12.794396,0.0,11.566472,0.0,0.0,35.969246,0.0
GCSAM,53.93215,0.0,0.0,0.0,0.0,0.0,0.0,597.44116,0.0,0.0,0.0,0.0,0.0,0.0,0.0,0.0,2.228077,0.0,0.0,0.0,44.00331,0.0,0.0,0.0,0.0,0.0,0.0,16.215685,382.01233,78.78569
ATG3,119.335236,181.61967,0.0,181.69035,1143.1398,508.56497,405.81198,168.2596,388.41708,149.50552,620.73505,308.3077,649.1094,113.715706,535.7727,45.059814,132.7025,213.2573,280.60117,0.0,266.59213,253.10179,387.72366,157.40399,333.1204,424.14352,679.11646,143.80315,0.0,467.34598
CCDC80,0.0,0.0,0.0,0.0,0.0,0.0,0.0,0.0,0.0,0.0,0.0,0.0,0.0,0.0,0.0,0.0,0.0,0.0,0.0,0.0,0.0,0.0,0.0,0.0,185.04477,2393.243,29.512362,0.0,0.0,0.0
NAA50,159.72404,62.92293,142.41048,364.4894,391.60785,243.91501,0.0,174.0736,363.41397,124.20977,0.0,0.0,870.0212,120.81513,284.2704,215.75148,61.032738,0.0,99.63509,155.85472,27.752226,369.2336,297.66876,440.24084,225.68172,288.3336,491.2298,99.082924,203.24237,163.45093
CCDC191,0.0,0.0,490.55182,0.0,0.0,0.0,0.0,2040.4984,0.0,0.0,0.0,130.92577,0.0,0.0,0.0,0.0,19.68292,0.0,978.3232,0.0,0.0,0.0,0.0,613.0087,0.0,0.0,143.06174,0.0,0.0,0.0
PLA1A,0.0,0.0,0.0,0.0,0.0,0.0,16.381462,0.0,12.359197,0.0,2.4116318,0.0,0.0,0.0,0.0,0.0,0.0,8.395991,0.0,0.0,0.0,0.0,0.0,0.0,0.0,97.35035,0.0,0.0,0.0,21.00224
FSTL1,0.0,0.0,0.0,0.0,0.0,0.0,0.0,0.0,0.0,0.5846872,0.0,0.0,0.0,0.0,0.0,0.0,0.0,0.0,0.0,0.0,0.0,0.0,0.0,39.64189,175.88493,2181.5999,500.51535,0.0,127.28634,0.0
HGD,0.0,0.0,0.0,0.0,0.0,0.0,0.0,0.0,0.0,0.0,0.0,0.0,0.0,0.0,0.0,0.0,0.0,0.0,0.0,0.0,0.0,0.0,0.0,1378.927,0.0,0.0,0.0,0.0,0.0,0.0
CSTA,0.0,6348.6206,0.0,0.0,0.0,0.0,1973.6857,0.0,3790.204,0.0,1408.6243,0.0,0.0,2991.9478,0.0,0.0,0.0,0.0,0.0,0.0,0.0,0.0,52.83797,0.0,0.0,0.0,16.561733,0.0,0.0,13.864025
MYLK,0.0,0.0,0.0,0.0,0.0,0.0,0.0,0.0,0.0,0.0,0.0,0.0,0.0,0.0,0.0,0.0,7.6641917,134.16904,763.5882,14.088409,0.0,0.0,0.0,613.9442,0.0,183.59178,0.0,0.0,0.0,0.0
KALRN,0.0,0.0,0.0,0.0,0.0,0.0,0.0,0.0,0.0,0.0,0.0,0.0,0.0,0.0,0.0,0.0,0.0,287.62857,0.0,179.5087,0.0,0.0,0.0,0.0,71.34267,0.0,0.0,0.0,0.0,0.0
MCM2,0.0,0.0,0.0,0.0,87.60079,148.59242,0.0,47.82882,0.0,54.019028,0.0,20.243242,682.98145,105.830536,0.0,99.85645,0.0,0.0,38.673916,152.47133,0.0,0.0,0.0,0.0,0.0,0.0,0.0,0.0,0.0,0.0
MGLL,0.0,0.0,0.0,0.0,37.364853,56.233242,0.0,0.0,9.810798,242.66362,59.31654,0.0,22.359177,11.3301935,0.0,16.670225,125.78203,64.45714,0.0,348.2041,0.0,0.0,96.35498,250.68684,0.0,0.0,0.0,0.0,0.0,119.3958
RUVBL1,91.48945,0.0,32.09037,92.343475,371.48615,292.83545,0.0,230.64955,0.0,184.60077,27.977951,0.0,287.22864,93.23807,0.0,0.0,0.0,0.0,218.71304,38.319103,15.430794,0.0,614.6117,52.550465,0.0,20.406923,0.0,0.0,162.97812,10.492908
GATA2,0.0,0.0,0.0,0.0,0.0,41.99976,0.0,0.0,0.0,146.86963,0.0,0.0,0.0,0.0,0.0,0.0,0.0,0.0,0.0,1066.14,0.0,0.0,0.0,93.10905,0.0,0.0,0.0,4574.324,0.0,0.0
GP9,0.0,0.0,0.0,0.0,0.0,0.0,0.0,0.0,0.0,0.0,0.0,0.0,0.0,0.0,0.0,0.0,0.0,985.73517,0.0,272.90073,0.0,0.0,0.0,5438.783,0.0,0.0,0.0,0.0,0.0,0.0
H1FX,212.80121,987.45465,274.48544,245.9048,0.0,0.0,78.64211,3202.0544,2453.9949,831.39636,0.0,10164.645,0.0,2774.0542,2928.9993,0.0,1327.6378,305.58972,2806.8662,1065.4941,720.54987,576.12726,185.60745,687.20734,5069.8994,486.59415,1811.33,2857.8196,0.0,631.68787
H1FX-AS1,0.0,0.0,0.0,0.0,0.0,6.2994075,0.0,10.358272,0.0,0.0,0.0,0.0,0.0,0.0,172.96599,0.0,0.0,9.264978,84.50825,0.0,0.0,0.0,5.8570476,54.15704,0.0,0.0,443.91257,0.0,0.0,0.0
TRH,0.0,0.0,0.0,0.0,0.0,0.0,3.603854,0.0,0.0,65.11348,0.0,0.0,0.0,69.75265,0.0,0.0,0.0,0.0,13.726126,0.0,0.0,0.0,0.0,0.0,0.0,0.0,0.0,0.0,0.0,0.0
ATP2C1,14.200331,7.9053345,11.541567,37.187977,0.0,332.56833,0.0,31.337475,24.44453,528.45526,48.634228,49.623283,7.049537,99.57318,207.78323,131.0976,47.619026,140.40573,34.44559,92.12925,0.0,0.0,11.921889,233.80612,30.117762,51.223038,105.41191,176.57507,28.56849,80.70693
MRPL3,195.13881,2.8601868,67.99975,51.12596,702.0838,592.17566,178.79712,227.74776,0.0,375.93573,48.78554,0.0,181.17021,247.17465,234.1652,0.0,106.13059,0.0,257.33273,281.18365,157.4,80.612045,249.02069,52.68283,0.0,195.99416,26.375683,302.88834,193.55765,66.102196
TF,0.0,0.0,0.0,0.0,0.0,0.0,0.0,0.0,0.0,0.0,0.0,0.0,0.0,0.0,0.0,0.0,0.0,0.0,0.0,0.0,0.0,0.0,0.0,0.0,484.70682,3104.8481,1205.0234,0.0,361.7188,0.0
RAB6B,0.0,0.0,0.0,0.0,0.4604482,19.71293,0.0,0.0,0.0,0.0,0.0,0.0,0.0,0.0,0.0,30.769981,0.0,130.2121,0.0,0.0,0.0,0.0,4.4485536,0.0,0.0,0.0,0.0,0.0,0.0,0.0
EPHB1,0.0,0.0,0.0,0.0,0.0,0.0,0.0,0.0,0.0,0.0,0.0,0.0,0.0,0.0,0.0,0.0,274.76614,0.0,0.0,0.0,0.0,0.0,0.0,0.0,0.0,0.0,0.0,0.0,0.0,0.0
PCCB,9.432027,0.0,0.0,34.905445,295.86224,250.29088,0.0,50.585453,0.0,24.44224,0.0,207.46852,213.15729,30.25429,66.29246,267.44955,7.852095,120.07213,58.23518,42.863388,0.0,0.0,112.17635,1.4500309,19.220528,0.0,23.677567,45.673435,0.0,0.0
CEP70,33.44283,0.0,0.0,1.2113842,0.0,209.71175,0.0,94.064896,0.0,207.32837,0.0,0.0,0.0,0.0,111.97292,0.0,0.0,0.0,8.841935,6.609721,0.0,0.0,214.20209,69.864716,0.0,53.18087,0.0,85.7446,0.0,15.188653
COPB2,25.449476,44.93059,36.1997,53.806896,156.7622,51.183002,22.19067,119.00733,0.0,61.997982,28.037167,0.0,195.52884,189.72769,127.25391,204.35887,41.437084,160.71965,116.62446,38.143066,0.0,0.0,115.538666,126.83821,0.0,1.9002717,0.0,243.2006,124.024796,0.0
NMNAT3,0.0,0.0,0.0,0.0,246.76418,105.4223,0.0,0.0,0.0,0.0,0.0,121.277336,88.506485,0.0,0.0,81.97184,0.0,0.0,0.0,33.389572,0.0,0.0,77.937386,34.65818,0.0,0.0,0.0,0.0,0.0,0.0
TFDP2,2.0085635,0.0,0.0,531.0768,261.03085,454.23788,0.0,2421.311,0.0,709.30646,0.0,775.2025,0.0,0.0,137.88506,363.96802,126.09092,168.4033,443.46088,272.70508,384.3029,0.0,0.0,404.84195,0.0,280.37146,0.0,123.321175,0.0,0.0
PAQR9,0.0,0.0,0.0,0.0,0.0,0.0,0.0,0.0,0.0,0.0,0.0,0.0,0.0,4.571397,0.0,25.994043,0.0,0.0,0.0,0.0,0.0,0.0,0.14584318,0.0,0.0,2.2032664,0.0,2.4133675,0.0,0.0
CPA3,0.0,0.0,0.0,0.0,0.0,0.0,0.0,0.0,0.0,170.38998,0.0,0.0,0.0,390.3752,0.0,0.0,0.0,0.0,0.0,75.76511,0.0,0.0,0.0,0.0,0.0,0.0,0.0,3867.6582,0.0,13.566041
HLTF,7.494574,0.0,0.0,29.543396,138.02882,160.42688,0.0,0.0,0.0,59.052464,0.0,159.967,189.36215,36.602413,19.63649,143.67508,44.969788,0.0,32.407825,13.438141,0.0,0.0,114.52306,34.22415,9.77106,0.0,0.0,280.24673,0.0,0.5057651
CP,0.0,0.0,0.0,0.0,0.0,0.0,0.0,0.0,0.0,0.0,0.0,0.0,0.0,0.0,0.0,0.0,0.0,0.0,0.0,0.0,0.0,0.0,0.0,0.0,606.75146,4572.826,512.0958,0.0,0.0,0.0
MED12L,0.0,0.0,0.0,0.0,0.0,7.7183666,0.0,0.0,0.0,154.04846,0.0,0.0,0.0,0.0,0.0,0.0,11.16029,0.0,0.0,418.6827,0.0,0.0,0.0,0.0,0.0,0.0,0.0,0.0,0.0,0.0
IGSF10,0.0,0.0,0.0,0.0,0.0,0.0,0.0,0.0,0.0,341.88184,0.0,0.0,0.0,0.0,0.0,0.0,0.0,0.0,0.0,911.80066,0.0,0.0,0.0,0.0,0.0,5.476789,0.0,155.9634,0.0,0.0
SUCNR1,0.0,0.0,0.0,0.0,0.0,0.0,0.0,0.0,0.0,51.14256,1.2045083,0.0,0.0,41.079376,0.0,0.0,8.3478365,0.0,8.835893,0.0,14.624026,0.0,14.062138,0.0,0.0,0.0,0.0,0.0,10.790578,46.900013
MME,0.0,0.0,0.0,0.0,0.0,0.0,0.0,1340.0046,0.0,0.0,0.0,0.0,0.0,0.0,0.0,0.0,0.0,0.0,2723.6833,0.0,0.0,0.0,0.0,93.69313,0.0,0.0,0.0,0.0,0.0,0.0
LEKR1,5.5772514,0.41714665,7.080001,0.0,4.404429,0.0,0.0,4.072106,1.5222627,40.035755,0.0,0.0,0.0,0.0,0.0,0.0,2.1376703,0.0,0.0,0.0,8.226834,0.0,0.0,0.0,0.0,0.0,0.0,28.298697,0.0,0.0
VEPH1,0.0,0.0,0.0,0.0,0.0,0.0,0.0,0.0,0.0,0.0,0.0,0.0,0.0,0.0,0.0,0.0,0.0,14.680082,0.0,0.0,0.0,0.0,0.0,103.987976,0.0,0.0,0.0,0.0,0.0,0.0
PTX3,0.0,46.685585,0.0,0.0,0.0,0.0,0.0,0.0,176.2685,0.0,0.0,0.0,0.0,0.0,0.0,0.0,0.0,0.0,0.0,0.0,0.0,0.0,0.0,0.0,1071.9841,589.25934,0.0,267.6081,0.0,0.0
MLF1,18.626034,0.0,0.0,47.532024,0.0,0.0,0.0,0.0,0.0,36.18564,0.0,0.0,0.0,0.0,0.0,0.549271,0.0,0.0,0.0,33.809307,0.0,0.0,0.0,0.0,0.0,0.0,5360.201,0.0,0.0,0.0
LXN,0.0,0.0,0.0,0.0,270.19162,196.84299,0.0,0.0,0.0,89.02663,0.0,79.20822,64.918915,0.0,0.0,328.92078,0.0,0.0,0.0,26.485048,0.0,0.0,346.77054,0.0,0.0,0.0,0.0,0.0,54.757893,4.0953164
C3orf80,0.0,0.0,0.0,0.0,0.18022445,10.558684,0.0,0.0,0.0,63.455467,0.0,0.0,0.0,8.758873,0.0,0.0,0.0,0.0,0.0,0.23086067,0.0,0.0,0.0,0.0,0.0,0.0,0.0,8.412092,0.0,0.0
SMC4,30.728264,0.0,0.0,126.7468,0.0,79.54766,16.368298,623.57446,63.440407,397.29034,4.8104606,218.38994,1178.1857,0.0,252.952,91.86911,127.54536,0.0,833.63135,163.83556,0.0,134.37906,3457.9329,0.0,321.24054,176.22466,0.0,101.44481,576.1038,0.0
B3GALNT1,0.0,0.0,0.0,9.154242,189.02266,43.718586,0.0,0.0,0.0,36.946804,0.0,0.0,91.079865,0.0,0.0,0.0,0.0,0.0,0.0,0.0,0.0,0.0,111.368225,0.0,0.0,0.0,0.0,0.0,0.0,0.0
SPTSSB,0.0,0.0,0.0,94.01125,2.9161081,0.0,0.0,0.0,0.0,32.349476,0.0,0.0,0.0,4.0474753,0.53034264,0.0,0.0,0.0,3.4632692,0.0,0.0,0.0,0.0,0.0,8.400826,0.0,0.0,39.03036,0.0,0.0
RPL22L1,419.31198,27.786425,1082.6588,386.11765,2278.8499,2243.073,263.82022,833.6764,600.64954,1399.6508,303.71548,1776.4266,1556.9241,1531.9733,1010.0968,161.38457,999.852,321.01993,712.0172,369.69714,720.6138,366.77313,975.5877,5.7549663,824.79425,558.7084,522.71295,1328.2368,1388.9805,105.90407
NCEH1,0.0,29.780252,4.749918,1.5038282,0.0,0.0,9.15438,0.0,25.213827,6.128567,45.15013,0.0,0.0,9.426652,7.8303895,291.59192,0.0,7.011686,0.35159406,0.0,0.0,0.0,0.0,0.0,0.0,0.0,0.0,38.08255,57.98225,0.0
ACTL6A,40.432487,0.0,0.0,22.330162,373.5801,167.0315,0.0,89.28229,0.0,151.84401,0.0,0.0,625.18024,0.0,103.84401,60.38276,0.0,115.462326,112.527916,220.08069,89.80188,0.0,435.70874,25.93116,0.0,137.9166,0.0,29.085558,0.0,0.0
AP2M1,632.3777,156.90833,360.4984,882.71136,1011.2504,1172.6206,557.0269,700.58777,0.0,703.3924,453.3228,196.35512,413.60074,114.11351,160.56314,802.6219,502.5033,545.6889,919.85504,898.418,142.03966,0.0,422.5376,1248.1998,0.0,493.77325,517.3265,359.06296,1145.4132,415.58188
EPHB3,0.0,1.2549831,0.0,0.0,0.0,0.0,13.031192,0.0,0.0,0.0,0.0,0.0,1.6078056,0.0,0.0,0.0,0.0,0.0,0.0,0.0,0.0,0.0,0.0,0.0,76.74101,0.0,0.0,0.4509269,0.0,0.0
IGF2BP2,0.0,29.507858,0.0,0.0,83.99765,44.878487,61.225677,0.0,4.837123,328.12198,4.574719,74.230515,98.39645,254.76541,0.0,16.944515,7.407029,0.0,75.59458,0.0,0.0,0.0,119.83851,0.0,0.0,47.320408,114.32186,36.880215,35.948338,0.0
CRYGS,1.8828917,0.0,1.8317355,2.4207284,0.0,2.8155465,0.0,13.683183,0.0,0.56686425,0.68381816,0.0,0.0,9.162027,1.7553405,26.017502,8.525982,0.0,1.4460952,0.0,0.0,0.0,0.0,5.2856708,23.4252,0.0,0.0,0.0,91.38287,0.0
RFC4,24.097046,0.0,16.183893,36.48351,266.65158,115.179115,0.0,57.463917,0.0,99.80855,0.0,0.0,1005.61725,11.007789,17.203491,96.10819,25.842682,0.0,0.0,0.0,47.552917,51.08444,0.0,11.03266,0.0,236.20728,0.0,0.0,0.0,0.0
CCDC50,0.0,23.069416,406.71198,0.0,0.0,0.0,173.36537,0.0,53.926483,0.0,0.0,0.0,278.24152,0.0,0.0,0.0,4097.369,0.0,0.0,0.0,0.0,159.9183,95.95483,22.69325,0.0,0.0,546.14197,0.0,0.0,43.10044
HES1,0.0,0.0,176.0108,0.0,0.0,0.0,0.0,0.0,275.63733,0.0,150.9558,0.0,0.0,0.0,81.84312,0.0,0.0,0.0,0.0,68.38099,0.0,0.0,13.154696,0.0,103.29961,801.1501,0.0,0.0,0.0,115.3651
FAM43A,0.0,0.0,167.75386,232.12996,0.0,0.0,0.0,0.0,0.0,0.0,0.0,0.0,0.0,0.0,133.39201,0.0,73.94233,0.0,446.0181,0.0,0.0,0.0,0.0,23.334446,2019.773,394.42947,22.73404,0.0,261.43842,0.0
XXYLT1-AS2,0.0,0.0,0.0,0.0,0.0,0.0,0.0,0.0,0.0,35.668694,0.0,0.0,0.0,0.0,0.0,0.0,6.310234,0.0,127.85371,0.0,0.0,0.0,0.0,75.95354,0.0,0.0,0.0,0.0,0.0,0.0
APOD,0.0,0.0,0.0,0.0,0.0,0.0,0.0,0.0,0.0,0.0,0.0,0.0,0.0,0.0,0.0,0.0,0.0,0.0,0.0,0.0,0.0,0.0,0.0,0.0,0.0,637.7318,1848.2749,0.0,0.0,0.0
TFRC,32.873486,125.84604,63.39057,47.687065,469.6764,254.65625,18.371515,0.0,311.39236,138.64433,270.21436,691.63873,0.0,194.39761,317.27094,798.4865,183.45854,3.2873662,18.352474,0.0,0.0,371.5427,744.57074,1.2596111,135.82794,88.58594,175.05298,397.07864,637.0956,100.962685
TM4SF19-AS1,3.963105,0.0,2.786307,6.145028,0.0,0.0,0.0,0.0,0.0,52.716705,0.0,9.392335,10.36426,0.0,30.04295,4.1188855,0.0,0.0,0.0,0.0,0.0,0.0,0.0,0.0,51.591248,0.0,14.366902,0.0,0.0,0.0
SPON2,0.0,0.0,0.0,4173.666,0.0,0.0,0.0,0.0,0.0,0.0,71.7695,0.0,0.0,0.0,0.0,0.0,236.07295,0.0,0.0,0.0,0.0,0.0,0.0,0.0,0.0,0.0,0.0,0.0,0.0,0.0
SLBP,153.76418,28.928913,8.824153,346.31146,600.03326,354.799,143.6901,546.4721,301.0126,211.20192,98.03196,182.64963,2549.4795,103.16199,168.42793,227.70187,223.98065,98.35984,265.884,389.58057,70.085724,438.7589,86.68049,291.3335,703.945,82.299706,263.65283,0.0,0.0,0.0
TACC3,211.83412,9.575639,0.0,0.0,0.0,10.839433,0.0,174.59647,0.0,250.3709,50.021366,165.30098,422.42307,0.0,232.38046,0.0,24.992588,227.53331,23.157578,51.6156,156.15437,0.0,2679.0557,1203.7216,4.7660494,164.73248,221.332,268.26364,0.0,56.771076
LYAR,1149.1434,0.0,0.0,3379.1658,203.02254,0.0,0.0,0.0,341.26474,0.0,0.0,2470.4065,0.0,0.0,208.72015,0.0,0.0,0.0,0.0,0.0,167.55656,1863.3102,1228.6841,0.0,0.0,0.0,1149.1234,0.0,0.0,197.5112
CYTL1,0.0,0.0,0.0,0.0,0.0,747.3533,0.0,0.0,0.0,1058.0887,0.0,0.0,155.5889,314.60617,0.0,0.0,0.0,0.0,0.0,253.3005,0.0,0.0,0.0,0.0,0.0,0.0,0.0,63.52434,0.0,0.0
AFAP1,13.818217,0.0,0.0,3.857741,0.0,0.0,0.0,0.0,0.0,0.0,0.0,0.0,0.0,0.0,0.0,0.0,0.0,538.43756,0.0,0.0,0.0,0.0,0.0,0.0,84.29305,32.615128,0.0,0.0,16.121992,0.0
CLNK,0.0,0.0,34.210426,2.5097506,0.0,0.0,104.5445,0.0,0.0,36.736923,0.0,0.0,0.0,0.0,0.0,0.0,20.081804,0.0,0.0,0.0,15.137255,0.0,0.9301379,0.0,1.3234377,0.0,0.0,0.0,38.556328,0.0
HS3ST1,0.0,0.0,82.95701,0.0,0.0,0.0,0.0,132.31883,0.0,0.0,0.0,0.0,0.0,0.0,0.0,0.0,227.83858,0.0,118.16398,0.0,0.0,0.0,0.0,0.0,19.552567,0.0,18.274832,5.3750353,47.336365,0.0
LINC00504,0.0,0.0,0.0,2.2055166,0.0,0.0,0.0,0.0,0.0,0.0,0.0,0.0,0.0,0.0,0.0,0.0,0.0,78.652435,0.0,135.3285,727.49744,0.0,0.0,0.0,0.0,0.0,0.0,0.0,0.0,0.0
FGFBP2,0.0,0.0,0.0,9991.756,0.0,0.0,0.0,0.0,0.0,0.0,0.0,0.0,0.0,0.0,0.0,0.0,0.0,751.649,0.0,129.77005,0.0,0.0,0.0,0.0,0.0,0.0,0.0,268.7069,0.0,0.0
NCAPG,0.0,0.0,0.0,0.0,0.0,0.0,0.0,20.013964,0.0,0.0,0.0,24.191116,307.46564,0.0,0.0,71.22339,0.0,0.0,0.0,4.890339,0.0,0.0,609.6196,0.0,0.0,0.0,0.0,0.0,0.0,0.0
AC108471.2,2.251158,0.0,2.0586767,0.030639531,0.25006115,0.0,1.494274,0.40176004,6.498197,0.0,0.0,0.0,0.0,6.558285,5.4757833,0.0,23.312258,0.0,0.0,0.0,0.0,0.0,0.0,0.0,20.16466,0.0,0.0,0.0,4.8621173,0.0
LIMCH1,0.0,0.0,0.0,0.0,0.0,0.0,2.961762,0.0,0.0,38.26855,0.0,0.0,0.0,0.0,0.0,0.0,0.0,0.0,0.0,0.0,0.0,0.0,0.0,0.0,32.307358,58.602913,4.597628,0.0,487.96176,0.0
SLC10A4,0.0,0.0,0.0,0.0,50.991486,10.617322,0.0,0.0,0.0,0.0,0.0,0.0,0.0,0.0,0.0,0.4965023,0.0,0.11239749,0.0,0.0,0.0,0.0,19.727802,0.0,0.0,0.0,0.0,0.0,0.0,0.0
NMU,0.0,0.0,0.0,0.0,274.54312,99.129036,0.0,0.0,0.0,0.0,0.0,105.06303,11.966668,0.0,0.0,0.0,0.0,0.0,0.0,0.0,0.0,0.0,162.5324,0.0,0.0,0.0,0.0,0.0,0.0,0.0
PAICS,7.2603993,0.0,0.0,0.0,665.30646,503.50238,0.0,143.83064,0.0,507.35876,0.0,211.08092,1245.0676,85.37115,0.0,0.0,31.741936,85.49946,179.94786,176.27736,0.0,0.0,198.93764,0.0,0.0,0.0,267.6395,117.16536,0.0,117.450226
ARL9,0.0,0.0,0.0,0.0,71.96657,0.0,0.0,5.530216,0.0,39.198486,0.0,0.0,13.215426,0.0,0.0,39.722336,0.0,0.0,73.98345,0.0,0.0,0.0,67.43356,0.0,0.0,4.1310678,0.0,0.0,0.90472746,0.0
SPINK2,0.0,0.0,0.0,0.0,0.0,0.0,0.0,0.0,0.0,5696.4805,0.0,0.0,196.17014,490.59485,0.0,0.0,0.0,0.0,0.0,0.0,0.0,0.0,0.0,0.0,0.0,61.66196,0.0,0.0,0.0,0.0
IGFBP7,0.0,0.0,0.0,894.9005,0.0,67.90798,462.23788,16.587187,0.0,1110.1274,31.519087,0.0,392.52612,695.7794,0.0,0.0,0.0,0.0,676.864,205.66536,0.0,0.0,135.44469,0.0,0.0,5300.3823,845.66016,0.0,397.3026,0.0
JCHAIN,0.0,0.0,2820.034,0.0,0.0,0.0,0.0,0.0,0.0,0.0,0.0,0.0,0.0,0.0,0.0,0.0,16582.506,0.0,0.0,0.0,0.0,26722.39,0.0,0.0,0.0,0.0,0.0,0.0,0.0,0.0
CXCL8,0.0,3050.4272,0.0,0.0,0.0,0.0,0.0,0.0,15337.13,0.0,0.0,0.0,0.0,0.0,0.0,0.0,0.0,0.0,0.0,0.0,0.0,0.0,0.0,0.0,0.0,1722.6229,3053.3413,0.0,0.0,0.0
PF4,0.0,0.0,0.0,0.0,0.0,0.0,0.0,0.0,0.0,0.0,0.0,0.0,0.0,0.0,0.0,0.0,0.0,9003.389,0.0,4888.7256,0.0,0.0,0.0,27579.53,0.0,0.0,0.0,0.0,0.0,0.0
PPBP,0.0,0.0,0.0,0.0,0.0,0.0,0.0,0.0,0.0,0.0,0.0,0.0,0.0,0.0,0.0,0.0,0.0,12924.452,0.0,1550.5665,0.0,0.0,0.0,33351.883,0.0,0.0,0.0,0.0,0.0,0.0
CXCL3,0.0,0.0,0.0,0.0,0.0,0.0,0.0,109.716225,426.17612,143.64075,19.027674,0.0,0.0,0.0,0.0,0.0,0.0,12.43523,13.6511,73.126274,41.118267,0.0,0.0,0.0,45.993958,130.73764,337.32245,0.0,0.0,31.05906
CXCL2,0.0,23.739962,0.0,0.0,0.0,0.0,0.0,0.0,1535.4078,0.0,0.0,0.0,0.0,0.0,0.0,0.0,0.0,0.0,0.0,20.312748,0.0,0.0,0.0,0.0,2103.3928,2050.139,1992.8607,0.0,0.0,0.0
EPGN,2.0207734,0.0,0.0,0.0,0.0,2.047281,0.0,0.0,0.0,0.0,0.0,0.0,0.0,0.0,0.0,0.0,0.0,0.0,0.0,0.0,0.0,3.4960914,5.9475646,0.0,0.0,0.0,0.0,0.0,0.0,0.0
EREG,0.0,452.23392,0.0,0.0,0.0,106.23158,0.0,0.0,839.8722,636.0789,1.4767518,0.0,0.0,1050.4299,282.66922,0.0,0.0,0.0,0.0,139.68051,0.0,0.0,0.0,0.0,0.0,0.0,0.0,937.4666,0.0,0.0
AREG,267.7695,0.0,94.2738,767.1989,0.0,0.0,1949.4679,101.93101,0.0,3055.9756,0.0,207.01509,211.93123,2378.2122,1006.7397,0.0,449.35178,153.7193,0.0,0.0,0.0,177.77365,0.0,0.0,3204.2617,0.0,823.0123,0.0,0.0,0.0
PARM1,0.0,0.0,30.827179,0.0,0.0,0.0,9.191205,0.0,0.0,0.0,0.0,0.0,0.0,0.0,0.0,0.0,0.0,0.0,0.0,0.0,0.0,703.09204,0.0,0.0,0.0,0.0,0.0,0.0,0.0,0.0
CXCL9,0.0,0.0,0.0,0.0,0.0,0.0,5.3185353,0.0,25.100721,0.0,0.3527321,0.0,0.0,0.0,0.0,0.0,0.0,0.0,0.0,0.0,0.0,0.0,0.0,0.0,0.0,0.0,28.554129,0.0,0.0,0.0
CXCL10,0.0,2.7931411,0.0,0.0,0.0,0.0,0.0,0.0,50.41329,0.0,7.023499,0.0,0.0,0.0,0.0,0.0,6.0565276,0.0,0.0,0.0,0.0,0.0,0.0,0.0,137.96063,0.0,118.88564,0.0,0.0,663.7013
CXCL11,0.0,0.0,0.0,0.0,0.0,0.0,0.0,0.0,9.563093,0.0,1.8358582,0.0,1.62621,3.3659303,0.0,0.0,0.14009747,0.0,0.0,0.0,0.0,0.0,0.0,0.0,24.949203,0.0,21.818861,0.0,0.0,103.056404
SEPT11,32.22984,0.0,0.0,129.24788,44.1058,150.14088,0.0,217.3046,0.0,274.51343,0.0,780.11316,151.29291,53.8691,0.0,140.90828,220.26062,44.935696,164.4292,565.92267,0.0,0.0,0.0,409.00903,0.0,370.157,409.37457,77.778786,0.0,13.608312
ANXA3,0.0,0.0,0.0,0.0,0.0,0.0,0.0,0.0,0.0,0.0,0.0,0.0,0.0,14.845177,0.0,0.0,0.0,108.74752,0.0,127.41247,0.0,0.0,0.0,179.50374,0.0,0.0,0.0,0.0,0.0,0.0
LINC00989,0.0,0.0,0.0,0.0,0.0,0.0,0.0,0.0,0.0,0.0,0.0,0.0,0.0,0.0,0.0,0.0,0.0,118.32244,0.0,0.0,0.0,0.0,0.0,443.2278,0.0,0.0,0.0,0.0,0.0,0.0
BMP3,0.0,0.0,105.71589,0.0,0.0,0.0,0.0,653.2786,0.0,0.0,0.0,123.78057,0.0,0.0,0.0,0.0,0.0,0.0,460.21167,0.0,0.0,0.0,0.0,238.31496,0.0,0.0,0.0,46.213554,152.1339,0.0
HNRNPD,286.75146,318.85867,156.88298,335.32285,453.46823,452.24927,410.16043,953.44904,589.93665,495.55927,91.28668,1585.8839,933.1371,1005.01056,695.1865,0.0,462.64124,625.41187,464.99673,1081.3779,355.8713,227.09729,1114.002,192.54684,273.23563,936.7666,48.0275,358.3312,379.78732,4.5908585
PLAC8,1027.7682,117.83069,1727.8082,3367.7407,258.83585,848.94135,378.49466,0.0,0.0,1863.8612,1002.0281,0.0,1446.3594,6161.6675,1092.2346,0.0,13389.152,1186.9048,857.826,1049.6906,1642.2723,0.0,0.0,185.27713,3463.8198,0.0,0.0,605.44324,1168.9355,0.0
HPSE,0.0,88.74982,0.0,0.0,0.0,0.0,0.0,0.0,182.59138,0.0,31.560017,0.0,0.0,0.0,0.0,0.0,0.0,635.36554,0.0,0.0,0.0,0.0,0.0,0.0,0.0,0.37667295,0.0,0.0,0.0,0.0
SPARCL1,0.0,0.0,0.0,0.0,0.0,0.0,0.0,0.0,0.0,0.0,0.0,0.0,0.0,0.0,0.0,0.0,0.0,0.0,0.0,0.0,10.556952,0.0,0.0,0.0,0.0,871.67004,56.902397,0.0,0.0,0.0
FAM13A,30.663773,12.971045,0.0,0.0,149.29027,64.88507,0.0,6.409979,0.99761945,65.86467,6.2214003,282.06165,26.154951,3.3578084,33.172127,267.5296,7.156802,2.1231005,52.01068,26.863935,0.0,0.0,0.0,27.587347,8.476167,137.79457,73.778786,83.01427,0.0,0.0
SNCA,0.0,66.90849,0.0,0.0,515.78467,130.4683,0.0,0.0,0.0,85.642784,0.0,0.0,251.22952,0.0,0.0,979.32404,101.257065,114.56878,0.0,98.91669,0.0,0.0,656.51495,1263.9839,0.0,0.0,0.0,0.0,0.0,0.0
MMRN1,0.0,0.0,0.0,0.0,0.0,0.0,0.0,0.0,0.0,138.78592,0.0,0.0,0.0,0.0,0.0,0.0,35.875633,125.100395,64.70264,154.28914,0.0,0.0,0.0,37.47317,0.0,0.0,0.0,0.0,0.0,0.0
HPGDS,0.0,0.0,0.0,0.0,0.0,43.543575,0.0,0.0,0.0,208.26219,0.0,0.0,1.4384954,0.0,0.0,0.0,0.0,0.0,0.0,180.18294,0.0,0.0,0.0,0.0,0.0,0.0,0.0,1053.6742,0.0,158.37766
TSPAN5,74.38218,0.0,1.3911359,67.20525,0.0,0.0,0.0,7.290806,0.0,3.3956516,0.0,0.0,0.0,0.0,0.0,1028.8932,7.490977,62.936455,47.279312,40.6765,0.0,0.0,0.0,0.0,0.0,19.418806,0.0,0.0,0.0,6.4361687
H2AFZ,481.84476,575.9798,0.0,518.3202,419.75702,1916.1842,823.6207,3608.3433,0.0,1312.095,945.16925,1195.9856,16191.026,5781.4375,1162.9558,0.0,680.5816,376.23843,1194.6552,3607.3293,304.11557,0.0,15216.31,867.46985,0.0,566.8578,220.50879,1504.092,475.13025,1533.6846
DDIT4L,2.319229,0.0,0.0,0.085718185,0.0,0.0,0.0,0.0,0.0,0.0,0.0,0.0,5.5154514,0.0,0.0,0.0,0.0,0.0,0.0,0.0,4.60528,13.691299,0.0,0.0,0.0,0.0,0.0,0.0,0.0,0.0
EMCN,0.0,0.0,0.0,0.0,0.0,0.0,0.0,0.0,0.0,68.47291,0.0,0.0,0.0,0.0,0.0,0.0,0.0,0.0,0.0,0.0,0.0,0.0,0.0,0.0,63.1388,5.6569734,46.07801,0.0,0.0,0.0
SLC39A8,96.03723,0.0,0.0,13.014639,425.63174,597.37695,0.0,0.0,0.0,224.8377,0.0,25.784025,234.07277,40.320568,67.06027,71.719986,0.0,139.40898,75.445305,40.733883,0.0,31.696222,206.73537,6.138445,4.3975163,102.95561,0.0,0.0,0.0,0.0
CISD2,166.79933,38.300735,17.139856,129.88571,569.79114,585.4209,97.02498,129.13797,129.32991,184.86346,126.45387,504.58865,354.8827,198.33273,124.273384,156.93808,399.04608,77.1695,168.51746,431.6565,206.1191,307.52548,500.65384,0.0,29.463535,295.3965,0.0,0.0,11.10388,693.22943
SLC9B2,3.0692325,0.0,10.900079,28.073198,104.13181,33.14676,0.0,0.0,0.0,56.82193,0.0,44.474884,0.0,6.846796,0.0,139.53755,0.0,0.0,0.0,31.257572,1032.1823,0.0,83.31143,0.0,221.03555,0.0,0.0,76.208305,0.0,0.0
CENPE,0.0,0.0,0.0,10.198241,0.0,0.0,0.0,10.56791,0.0,0.0,12.553037,33.83597,0.0,0.0,0.0,36.32058,1.4825944,0.0,1.0989522,0.0,0.0,0.0,1245.2651,12.303993,0.0,2.3074796,0.0,105.830376,8.158527,37.826958
PPA2,197.87616,52.881107,37.493526,140.99585,683.4174,619.0316,250.91718,0.0,0.0,360.65048,128.86504,0.0,757.8482,516.9643,67.01584,253.11938,151.32188,42.46677,98.62675,549.483,0.0,0.0,331.73285,31.328955,0.0,265.69064,265.73917,0.0,222.9696,4.3215365
HADH,5.4966774,0.0,0.0,9.115663,308.34238,345.51556,63.644028,245.76323,0.0,306.96796,0.0,90.0452,759.8936,126.46856,10.817278,2.7287896,78.11304,0.0,134.58414,231.6296,69.76629,0.0,354.6518,2.1387076,0.0,119.129616,18.918863,84.52818,191.75388,195.57704
CASP6,71.87711,0.0,0.0,0.0,106.27977,500.63058,0.0,56.57556,0.0,135.38979,0.0,0.0,0.0,34.37418,9.834494,6.143153,0.0,0.0,67.33146,166.23691,3.1032212,0.0,214.9338,119.27944,0.0,104.574265,0.0,25.103777,130.19496,0.0
GAR1,59.511616,10.75425,0.0,108.36103,657.5799,580.916,8.941229,87.58974,43.815907,251.37369,10.839902,845.537,263.59387,139.478,176.73041,0.0,71.10648,152.4542,151.0108,102.25503,65.820816,105.801025,656.6623,0.0,0.0,232.2031,48.438454,413.94058,0.0,297.24863
ELOVL6,0.0,0.0,0.0,55.062016,107.70479,146.70715,0.0,0.0,0.0,0.0,0.0,0.0,3.3364184,0.0,63.20397,0.0,0.0,0.0,0.0,0.0,0.0,0.0,88.10379,0.0,0.0,26.142248,0.0,166.20348,0.0,0.0
ENPEP,0.0,0.0,0.0,0.0,0.0,0.0,0.0,0.0,0.0,0.0,0.0,0.0,0.0,0.0,0.0,0.0,0.0,0.0,0.0,0.0,0.0,0.0,0.0,0.0,76.04193,255.59973,53.021008,0.0,0.0,0.0
SYNPO2,0.0,0.0,0.0,0.0,0.0,0.0,0.0,0.0,0.0,0.0,0.0,0.0,0.0,0.0,0.0,0.0,0.0,0.0,0.0,0.0,0.0,0.0,0.0,0.0,0.0,1460.234,0.0,0.0,0.0,0.0
PDE5A,0.0,0.0,0.0,0.0,0.0,0.0,0.0,0.0,0.0,0.0,0.0,0.0,0.0,0.0,0.0,0.0,0.0,134.54242,0.0,63.22167,0.0,0.0,0.0,144.28506,0.0,0.0,0.0,0.0,0.0,5.6065435
MAD2L1,88.32515,0.0,0.0,0.0,102.956154,245.21729,0.0,127.19423,0.0,162.12686,0.0,112.43536,1531.9502,52.108414,0.0,7.384237,67.04071,0.0,192.91705,256.836,0.0,32.711018,2123.4956,0.0,0.0,0.0,3.8691514,226.07698,22.530426,0.0
CCNA2,0.0,0.0,0.0,0.0,171.64807,0.0,0.0,0.0,0.0,0.0,0.0,45.01824,310.5136,0.0,0.0,191.57321,0.0,0.0,0.0,0.0,0.0,0.0,1627.5394,0.0,0.0,0.0,0.0,0.0,0.0,0.0
BBS12,4.2836323,0.0,2.4992208,1.8221947,0.35718283,4.801528,0.0,6.1406946,0.0,12.896379,1.833454,0.0,0.0,0.0,4.7753663,0.0,9.526474,0.0,0.0,0.0,0.0,125.80483,0.0,0.70298713,0.0,0.0,0.0,49.267567,0.0,10.968096
MGST2,0.0,314.016,0.0,31.396435,241.13095,594.2678,363.27142,0.0,0.0,427.1083,99.18564,0.0,348.11563,623.0636,0.0,0.0,685.65424,0.0,358.67938,0.0,0.0,0.0,405.81573,0.0,0.0,0.0,0.0,49.371243,0.0,187.91629
LINC02432,0.0,0.0,0.0,0.0,0.0,0.0,0.0,0.0,0.0,0.0,212.21828,0.0,0.0,0.0,0.0,0.0,0.0,0.0,0.0,0.0,0.0,3.4049742,0.0,0.0,0.0,0.0,0.0,0.0,0.0,0.0
GAB1,0.0,3.9527586,12.127791,0.0,0.0,0.0,0.0,114.25541,111.90229,0.0,15.040269,401.74792,0.0,0.0,0.0,99.98829,169.35376,0.0,554.88513,0.0,0.0,0.0,0.0,0.0,0.0,71.60548,0.0,0.0,2.6361983,22.854383
GYPE,0.0,0.0,0.0,0.0,12.499163,0.0,0.0,0.0,0.0,1.4493912,0.0,0.0,0.0,0.0,0.0,282.2848,4.505876,0.0,0.0,0.0,0.0,0.0,11.114302,0.0,0.0,0.0,0.0,0.0,0.0,0.0
GYPB,0.0,0.0,0.0,0.0,168.25777,0.0,0.0,0.0,0.0,0.0,0.0,0.0,82.6075,0.0,0.0,2234.934,0.0,0.0,0.0,0.0,0.0,0.0,0.0,0.0,0.0,0.0,0.0,0.0,0.0,0.0
GYPA,0.0,0.0,0.0,0.0,651.5761,0.0,0.0,0.0,0.0,0.0,0.0,0.0,165.23012,0.0,0.0,3491.9448,0.0,0.0,0.0,0.0,0.0,0.0,492.1817,0.0,0.0,0.0,0.0,0.0,0.0,0.0
MND1,0.0,0.0,0.0,0.0,81.335106,16.840601,0.0,29.985321,0.0,0.0,0.0,24.900381,486.75992,58.07892,0.0,0.0,0.0,0.0,282.36832,0.0,0.0,0.0,329.43552,1.1301879,0.0,0.0,0.0,0.0,0.0,0.0
GUCY1B1,0.0,0.0,0.0,0.0,0.0,0.0,0.0,0.0,0.0,107.88375,0.0,0.0,47.076035,0.0,0.0,0.0,0.0,74.692566,0.0,219.53035,0.0,0.0,4.0051517,574.5673,0.0,0.0,0.0,0.0,0.0,0.0
MFAP3L,0.0,0.0,0.0,0.0,0.0,0.0,0.0,0.0,0.0,0.0,0.0,0.0,0.0,0.0,0.0,0.0,0.0,70.6492,0.0,0.0,0.0,0.0,0.0,545.51483,0.0,0.0,0.0,0.0,0.0,0.0
HMGB2,1941.0779,1389.3286,712.878,1583.2999,54.640236,1142.2985,953.7941,8064.703,1064.0679,1213.6687,0.0,9012.061,10858.997,3108.3396,3475.5884,574.52216,1123.4197,1387.433,5084.2905,1798.7129,2717.3296,2701.718,35212.605,13.456755,6202.95,1422.4558,4917.433,2855.0881,1945.5939,619.56976
HPGD,35.011658,0.0,0.0,22.414486,0.0,0.0,0.0,12.3275,0.0,0.0,0.0,0.0,0.0,0.0,0.0,0.0,0.0,0.0,0.0,0.0,15.60099,0.0,0.0,55.710735,0.0,0.0,0.0,5626.814,0.0,27.583542
LINC02362,0.0,0.0,0.0,0.0,0.0,0.0,0.0,19.536129,0.0,0.0,0.0,0.0,0.0,0.0,0.0,0.0,0.0,0.0,18.7984,0.0,0.0,180.1501,0.0,0.0,0.0,0.0,0.0,0.0,0.0,17.15534
CASP3,5.8081603,0.0,0.0,137.52852,191.31776,488.9359,0.0,5.021335,8.710934,17.505983,24.960232,0.0,0.0,4.5029125,128.17911,0.0,30.978529,0.0,70.02343,60.820683,0.0,37.062176,267.73846,371.8831,0.0,124.903534,72.93175,182.3158,58.72566,118.208435
CENPU,0.0,0.0,0.0,0.0,232.13269,226.22833,0.0,151.56837,0.0,27.011692,0.0,307.0476,2041.8138,86.14661,0.0,205.43053,0.0,0.0,0.0,0.0,0.0,0.0,710.0376,0.0,0.0,0.0,0.0,55.383633,0.0,40.549847
ANKRD37,27.200968,0.0,41.53701,53.00185,0.0,0.0,0.0,61.74842,102.040184,0.0,3.6510792,0.0,0.0,0.0,0.0,32.142834,0.0,0.0,0.0,0.0,0.0,1440.3259,0.0,0.0,0.0,0.0,149.76721,0.0,12.7785425,46.910347
TRIP13,0.0,0.0,0.0,0.0,25.788767,8.489677,0.0,0.0,0.0,1.8236852,0.0,18.425983,203.88948,19.154667,0.0,0.0,8.952378,0.0,14.9232025,4.929186,0.0,2.3205009,216.14029,0.0,0.0,0.0,0.0,12.065443,0.0,0.0
TERT,0.0,0.0,0.0,0.0,0.0,0.0,0.0,52.368645,0.0,10.113863,0.0,0.0,0.0,0.29183817,0.0,0.0,0.0,0.0,0.0,0.0,1.4644912,0.0,0.0,0.0,0.0,16.251814,0.0,0.0,0.0,0.0
CCT5,113.123634,90.46829,0.0,145.60307,769.123,647.7424,230.78995,406.16617,0.0,283.16696,250.24431,186.80052,797.7824,339.69513,131.99504,21.83099,70.046875,66.94522,352.70184,503.86026,355.69022,0.0,1206.8926,0.0,6.8835273,89.108025,0.0,85.43468,26.572794,0.0
CMBL,0.0,0.0,0.0,0.0,142.15767,317.4461,0.0,0.0,0.0,164.41083,0.0,13.085435,111.95649,0.0,0.0,0.0,0.0,0.0,0.0,0.0,0.0,0.0,121.92321,0.0,0.0,32.75175,0.0,0.0,0.0,54.790245
ANKRD33B,0.0,0.0,10.323925,0.0,0.0,0.0,0.0,54.459442,0.0,8.066219,0.0,0.0,0.0,14.513295,85.769226,0.0,0.0,105.61436,36.749104,0.0,0.0,0.0,0.0,0.0,0.0,20.54971,0.0,0.0,0.0,0.0
RETREG1,112.423676,0.0,0.0,0.0,0.0,0.0,0.0,0.0,0.0,35.59332,0.0,0.0,0.0,0.0,0.0,0.0,0.0,0.0,452.9645,0.0,5355.2803,0.0,0.0,0.0,0.0,687.06647,0.0,0.0,81.046906,0.0
CDH6,0.0,0.0,0.0,0.0,0.0,0.0,0.0,0.0,0.0,0.0,0.0,0.0,0.0,0.0,0.0,0.0,0.0,0.0,0.0,85.70381,0.0,0.0,0.0,0.0,0.0,0.0,0.0,0.0,0.0,0.0
NPR3,0.0,0.0,0.0,0.0,16.908293,40.266773,0.0,0.0,0.0,654.9701,0.0,0.0,0.0,0.0,0.0,0.0,0.0,0.0,0.0,208.89845,0.0,0.0,27.037712,0.0,0.0,286.01892,0.0,0.0,13.664668,0.0
AC034231.1,2.4492786,0.27007028,1.4745055,2.483813,0.0,0.0,0.0,2.9013329,1.7440697,19.475967,0.0,0.0,0.0,1.6142368,4.1319923,7.0219655,0.0,0.0,9.764358,7.104062,0.0,0.31715593,0.71252704,0.0,0.0,25.84867,0.0,3.774029,0.0,42.280758
TARS,17.94114,0.0,0.0,47.048557,203.4535,182.1319,4.974325,69.19215,10.064161,197.02473,21.322538,194.50528,35.30824,125.42088,240.96788,0.0,13.818609,0.0,180.66254,280.84265,0.0,145.27258,438.6425,32.27785,110.76625,0.0,187.07365,8.708764,0.0,0.0
UGT3A2,0.0,0.0,0.0,0.0,0.0,0.0,0.0,12.726561,0.0,23.063868,0.0,0.0,0.0,38.509212,0.0,0.0,0.0,0.0,98.298485,0.0,0.0,0.0,0.0,0.0,0.0,0.0,0.0,0.0,0.0,0.0
EGFLAM,0.0,0.0,0.0,0.0,0.0,0.0,0.0,0.0,0.0,0.0,0.0,0.0,0.0,0.0,0.0,0.0,0.0,0.0,0.0,0.0,0.0,0.0,0.0,0.0,0.0,279.60162,0.0,0.0,0.0,0.0
LIFR,0.0,0.0,0.0,0.0,0.0,0.0,0.0,0.0,0.0,0.0,0.0,0.0,0.0,0.0,0.0,0.0,0.0,0.0,0.0,0.0,0.0,0.0,0.0,0.0,3.2197752,1163.464,0.0,0.0,0.0,0.0
OSMR,0.0,0.0,0.0,0.0,0.0,0.0,0.0,0.0,0.0,0.0,0.0,0.0,0.0,0.0,0.0,0.0,0.0,0.0,0.0,0.0,0.0,0.0,0.0,0.0,130.56435,492.22638,42.958652,0.0,0.0,0.0
DAB2,0.0,0.0,0.0,56.154686,0.0,0.0,0.0,0.0,0.0,0.0,0.0,0.0,0.0,0.0,0.0,0.0,697.4352,0.0,0.0,5.3412023,0.0,0.0,0.0,2056.5708,522.79517,2.936318,292.7738,0.0,0.0,1792.4318
C7,0.0,0.0,0.0,0.0,0.0,0.0,0.0,0.0,0.0,0.0,0.0,0.0,0.0,0.0,0.0,0.0,0.0,0.0,0.0,0.0,0.0,0.0,0.0,0.0,22.522167,737.77893,0.0,0.0,180.0929,0.0
SELENOP,0.0,0.0,0.0,0.0,0.0,0.0,0.0,0.0,0.0,229.87852,0.0,0.0,0.0,39.03175,0.0,0.0,0.0,0.0,0.0,0.0,0.0,0.0,0.0,0.0,347.1339,4995.0166,722.7346,0.0,58.641106,13963.032
ITGA2,0.0,0.0,0.0,0.0,0.0,0.0,0.0,0.0,0.0,0.0,0.0,0.0,0.0,0.0,0.0,0.0,0.0,0.0,0.0,215.06683,0.0,0.0,0.0,33.317127,0.0,0.0,0.0,0.0,0.0,0.0
FST,0.0,0.0,0.0,0.0,0.0,0.0,0.0,0.0,0.0,0.0,0.0,0.0,0.0,0.0,0.0,0.0,0.0,0.0,0.0,0.0,0.0,0.0,0.0,0.0,176.80725,206.3297,1558.2336,0.0,0.0,0.0
ESM1,0.0,0.0,0.0,0.0,0.0,0.0,0.0,0.0,0.0,0.0,0.0,0.0,0.0,0.0,0.0,0.0,0.0,0.0,0.0,0.0,0.0,0.0,0.0,0.0,408.143,2728.6985,570.83325,0.0,35.521683,0.0
GZMK,2287.757,0.0,0.0,2617.931,0.0,0.0,0.0,0.0,0.0,0.0,0.0,0.0,0.0,0.0,0.0,0.0,0.0,0.0,0.0,0.0,0.0,0.0,0.0,0.0,0.0,0.0,1200.7502,0.0,0.0,985.5293
GZMA,1080.7152,0.0,0.0,12074.441,0.0,0.0,0.0,0.0,0.0,0.0,0.0,0.0,0.0,0.0,0.0,0.0,0.0,0.0,0.0,0.0,0.0,0.0,217.57443,0.0,0.0,0.0,0.0,0.0,1140.7598,576.556
DEPDC1B,0.0,0.0,0.0,0.0,26.74665,19.813719,0.0,37.79017,0.0,4.111056,0.0,0.0,115.29418,0.0,0.0,0.0,0.0,0.0,0.0,5.918202,0.0,0.0,715.60205,0.0,0.0,0.0,0.0,0.0,0.0,0.0
CENPK,291.37988,0.0,0.0,17.812923,0.0,154.682,0.0,0.0,0.0,0.0,0.0,0.0,2164.5159,0.0,58.120956,66.03677,0.0,0.0,15.8230295,90.65098,0.0,0.0,340.57516,38.595352,0.0,241.07878,24.773668,0.0,0.0,0.0
MAST4,79.415215,0.0,0.0,0.0,0.0,0.0,0.0,0.0,0.0,171.63956,0.0,0.0,0.0,0.0,0.0,0.0,0.0,332.89212,0.0,781.58124,0.0,0.0,0.0,0.0,139.50175,45.76129,86.28861,151.68735,0.0,0.0
MAST4-AS1,0.0,0.0,0.0,0.0,0.0,12.5652895,0.0,0.0,0.0,4.6929193,0.0,0.0,0.0,2.910187,11.035626,0.0,0.0,17.623331,0.0,23.83102,13.331875,0.0,2.3885944,0.0,0.0,0.0,8.02177,0.0,0.0,0.0
CCNB1,0.0,0.0,0.0,0.0,313.47412,22.546698,0.0,0.0,0.0,0.0,0.0,0.0,0.0,0.0,0.0,98.39913,0.0,0.0,0.0,0.0,0.0,0.0,2890.4475,0.0,0.0,0.0,0.0,0.0,0.0,0.0
CENPH,35.16858,0.0,75.81048,0.0,256.66177,190.55574,0.0,124.908325,0.0,307.9738,0.0,54.222866,1991.2155,38.45902,0.0,202.65942,0.0,17.843199,134.39938,79.91593,0.0,0.0,430.43362,0.0,0.0,0.0,136.14574,22.195766,0.0,0.0
AK6,138.58342,0.0,20.142757,40.720688,729.3629,365.51663,0.0,84.57994,0.0,184.09084,11.387352,0.0,120.442375,224.27417,365.3567,0.0,0.0,176.82939,120.43113,155.47954,0.0,216.71901,270.61737,73.28319,73.11244,236.82204,176.15735,0.0,21.01028,296.97913
TAF9,289.71643,63.953392,158.56909,86.0071,1162.6805,696.98444,124.491806,466.21573,386.41986,594.8016,181.6064,1078.4265,355.57965,203.69286,527.50116,37.189434,284.79163,414.9993,473.34586,410.61218,414.13672,165.15561,73.85057,0.0,574.8041,0.0,481.95786,164.21794,150.27487,445.19547
MARVELD2,0.0,0.0,0.0,0.0,56.724964,0.0,0.0,0.0,0.0,0.0,0.0,0.0,0.0,0.0,15.649597,0.0,0.0,0.0,0.0,0.0,0.0,0.0,0.0,0.0,7.5340695,0.0,0.0,0.0,37.693485,0.0
F2R,59.70594,0.0,0.0,756.8133,0.0,331.33664,0.0,0.0,32.51849,85.019936,0.0,44.226765,0.0,0.0,0.0,0.0,0.0,180.90521,0.0,598.48425,0.0,135.6167,0.0,204.17508,0.0,0.0,318.28436,125.5959,0.0,86.85087
CRHBP,0.0,0.0,0.0,0.0,0.0,0.0,0.0,0.0,0.0,1110.153,0.0,0.0,0.0,0.0,0.0,0.0,0.0,0.0,0.0,0.0,0.0,0.0,0.0,0.0,0.0,0.0,0.0,0.0,0.0,306.15176
DHFR,0.0,0.0,0.0,0.0,249.63824,0.0,0.0,317.4036,0.0,60.95317,0.0,87.25148,1492.4313,86.85706,1.7064325,340.19247,67.06614,0.0,93.60085,31.485035,0.0,0.0,144.42535,0.0,0.0,11.608506,0.0,0.0,0.0,57.702847
RASGRF2-AS1,11.234743,0.0,0.0,0.0,3.658194,0.0,0.0,0.0,0.0,0.0,0.0,0.0,0.0,0.0,0.0,0.0,0.0,0.0,0.0,6.1484904,31.416183,0.0,0.0,0.0,0.0,0.0,8.271195,0.0,0.0,0.0
SSBP2,53.760754,0.0,66.449104,0.0,0.0,29.58109,0.0,1672.1382,0.0,616.6546,3.772075,0.0,0.0,0.0,152.39394,79.97531,0.0,0.0,3074.3513,82.634224,454.88153,0.0,0.0,428.41132,169.31921,282.99625,0.0,140.28816,152.36978,0.0
VCAN,0.0,5949.309,0.0,0.0,0.0,0.0,0.0,0.0,1650.4216,0.0,56.0574,0.0,0.0,0.0,0.0,0.0,0.0,0.0,0.0,0.0,0.0,0.0,0.0,0.0,0.0,7062.912,376.70682,0.0,0.0,0.0
FAM81B,0.0,0.0,0.0,0.0,0.0,2.7717347,0.0,0.0,0.0,5.0185027,0.0,9.441869,0.0,0.0,0.0,0.0,0.0,0.0,0.0,0.0,0.0,0.0,0.0,82.60073,0.0,0.0,0.0,51.90385,0.0,0.0
RFESD,0.0,0.0,0.0,0.0,391.5765,53.442204,0.0,0.0,0.0,0.0,0.0,17.272781,123.83567,0.0,0.0,562.59155,0.0,0.0,0.0,0.0,0.0,0.0,172.77634,0.0,0.0,0.0,0.0,0.0,0.0,40.36453
RHOBTB3,0.0,0.0,0.0,121.50701,213.9092,19.832771,0.0,14.597078,0.0,127.83027,0.0,100.08256,45.37409,11.958192,0.0,9.404294,17.664972,0.0,0.9050668,4.7881427,0.0,0.0,115.761375,0.0,0.0,201.03593,0.0,0.0,53.07385,155.11205
GLRX,200.54475,551.57306,0.0,606.4732,1429.3899,282.25,100.955925,235.63428,138.82442,222.61723,418.6391,903.4586,524.60645,57.189007,511.85678,238.23633,348.97125,190.80609,2303.358,180.26564,106.995415,224.71011,682.2334,193.34032,0.0,69.63247,8.886697,654.1339,269.29547,979.64624
CAST,531.08295,852.4993,706.8046,1397.1398,1790.4677,326.272,711.105,0.0,1250.4375,122.03895,728.4193,1907.0712,0.0,0.0,0.0,870.9344,345.31552,1222.9276,213.9495,729.8663,823.27405,1364.4551,230.08775,210.54791,973.18054,493.0843,747.0617,844.98224,1925.1136,0.0
PPIP5K2,66.52378,87.47968,101.426445,108.0464,238.28307,88.79833,65.95451,101.197685,35.624973,308.40106,66.08574,676.03046,0.0,96.345634,88.61013,69.37133,77.64015,100.17963,171.55504,0.0,103.73134,24.443235,24.898726,71.510315,0.0,193.8537,168.14168,74.55335,0.0,9.165918
NREP,0.0,0.0,0.0,0.0,0.0,49.30391,130.19159,612.1039,0.0,588.90076,0.0,0.0,393.45798,404.77188,0.0,0.0,294.8825,0.0,399.76846,0.0,0.0,0.0,0.0,0.0,0.0,8.228787,0.0,158.01923,0.0,0.0
LMNB1,37.834534,52.274136,0.0,250.28926,0.0,14.589817,104.250755,261.10257,10.542879,55.13139,0.0,0.0,1683.033,160.87921,168.44463,0.0,33.64506,0.0,129.5169,157.53108,0.0,30.173292,1337.9663,54.30807,193.61665,27.224588,0.0,0.0,36.81775,195.89514
P4HA2,0.0,1.6808662,0.0,0.0,0.0,0.0,0.0,363.80188,0.0,0.0,0.0,0.0,0.0,0.0,0.0,0.0,0.0,0.0,513.24286,0.0,0.0,0.0,0.0,0.0,0.0,0.0,0.0,0.0,0.0,0.0
PDLIM4,0.0,0.0,0.0,0.0,0.0,0.0,0.0,0.0,0.0,0.0,0.0,0.0,0.0,0.0,0.0,0.0,0.0,0.0,0.0,0.0,0.0,0.0,0.0,0.0,204.04802,62.7968,659.6094,0.0,46.773907,0.0
SLC22A4,0.0,17.7775,0.0,0.0,17.365084,0.0,1.7088555,0.0,14.584888,7.3105597,6.0729566,0.84205836,4.9331675,5.97802,0.0,107.067024,0.0,0.0,4.3926406,0.0,0.0,0.0,3.328921,0.0,0.0,0.0,2.7777307,0.0,0.0,4.3322725
UQCRQ,1232.802,1089.1119,63.28973,1350.3505,1966.9915,2202.7234,879.1748,1101.6381,905.39984,814.9807,1111.2206,1960.9102,2869.9443,3048.1084,2245.111,134.32643,1232.4789,1127.8231,1083.803,1232.3314,1071.9166,1380.7352,1110.6982,84.95771,2408.4404,1291.1862,870.007,1373.3016,479.49185,1554.8846
VDAC1,322.8988,159.88258,0.0,442.45886,111.79899,1105.8142,821.48926,3901.2183,538.5001,890.19617,508.87015,0.0,918.2978,333.87592,20.543577,0.0,192.5204,327.41107,2761.0022,558.8219,617.0412,156.16994,402.50397,147.96185,557.04285,148.10175,0.0,0.0,0.0,720.29395
H2AFY,185.14658,1157.4529,0.0,236.56108,157.83606,549.5109,1759.3442,1580.5471,1155.2158,4436.9004,1034.7949,0.0,4348.5996,1483.0131,343.34055,0.0,1249.0758,0.0,3192.084,1802.6403,337.93048,0.0,3270.2366,0.0,0.0,0.0,370.9594,784.95654,304.03558,734.34296
TGFBI,0.0,441.1515,0.0,0.0,0.0,0.0,582.6248,0.0,561.2457,0.0,527.7483,0.0,0.0,0.0,0.0,0.0,1847.8381,0.0,0.0,0.0,0.0,0.0,0.0,0.0,0.0,0.0,0.0,0.0,0.0,909.5847
KIF20A,0.0,0.0,0.0,0.0,0.0,0.0,0.0,0.0,0.0,0.0,0.0,7.389766,0.0,0.0,0.022198243,0.0,0.0,0.0,6.3199115,3.2948198,0.0,0.0,380.03195,0.0,0.0,0.0,0.0,0.0,0.0,0.0
EGR1,0.0,0.0,0.0,0.0,0.0,0.0,0.0,0.0,505.1125,0.0,0.0,0.0,0.0,494.24146,2379.1575,0.0,0.0,0.0,0.0,0.0,0.0,0.0,0.0,0.0,16554.383,6089.8755,759.91254,0.0,859.47064,0.0
MZB1,0.0,0.0,474.65778,0.0,0.0,0.0,0.0,3146.854,0.0,0.0,0.0,0.0,0.0,0.0,0.0,0.0,3869.894,0.0,5688.1797,0.0,0.0,8033.0513,0.0,308.23108,0.0,0.0,0.0,0.0,0.0,0.0
CD14,0.0,3075.8381,0.0,0.0,0.0,0.0,0.0,0.0,1124.7772,0.0,440.60513,0.0,0.0,0.0,0.0,0.0,0.0,0.0,0.0,0.0,0.0,0.0,0.0,0.0,0.0,0.0,0.0,0.0,0.0,927.58405
SH3TC2-DT,0.0,0.0,0.0,0.0,0.38973677,0.0,0.0,0.0,0.0,0.0,0.0,0.11457969,0.108664595,0.0,0.0,2.4113562,0.0,0.079571255,0.0,0.0,0.0,0.0,0.0,0.0,0.0,0.0,0.0,0.0,0.0,0.0
CSF1R,0.0,5.9360547,0.0,0.0,0.0,0.0,109.85884,0.0,0.0,0.0,988.29877,0.0,0.0,108.24598,45.73629,0.0,55.90677,0.0,3.4533298,0.0,0.0,0.0,0.0,0.0,0.0,0.0,0.0,0.0,0.0,242.43713
CD74,0.0,0.0,99885.48,1659.0337,0.0,0.0,68743.76,4406.2925,4119.9106,7208.7227,4926.0547,0.0,0.0,0.0,1018.7011,0.0,55075.336,0.0,36442.47,0.0,0.0,0.0,0.0,0.0,0.0,2744.2139,2081.3123,0.0,3104.2183,9267.902
GPX3,0.0,19.1494,0.0,0.0,0.0,0.0,66.02261,0.0,25.506763,0.0,0.0,0.0,0.0,0.0,0.0,0.0,0.0,0.0,0.0,0.0,0.0,0.0,0.0,0.0,0.0,1351.5824,0.0,0.0,17.218895,0.0
SPARC,0.0,0.0,0.0,0.0,0.0,0.0,0.0,0.0,0.0,94.89919,0.0,0.0,0.0,235.02045,0.0,0.0,0.0,337.14706,0.0,0.0,0.0,0.0,0.0,3138.727,0.0,607.08496,56.759,0.0,505.5091,0.0
TIMD4,0.0,0.0,0.0,1.1584413,0.0,0.0,0.0,0.0,0.0,0.0,0.0,0.0,0.0,0.0,0.0,0.0,0.0,0.0,0.0,0.0,0.0,0.0,2.9674554,0.0,0.0,0.0,0.0,0.0,35.67764,3170.3784
AC025437.4,0.0,0.0,0.0,0.0,0.0,0.0,0.0,239.32024,0.0,0.0,0.0,0.0,0.0,0.0,0.0,0.0,0.0,0.0,156.98369,0.0,0.0,0.0,0.0,0.0,0.0,0.0,0.0,0.0,0.0,0.0
EBF1,0.0,0.0,512.5301,0.0,0.0,0.0,0.0,724.2046,0.0,0.0,0.0,0.0,0.0,0.0,0.0,0.0,0.0,0.0,3233.8047,0.0,0.0,0.0,0.0,0.0,0.0,727.2918,0.0,40.18062,0.0,0.0
CCNJL,0.0,0.0,0.0,64.01651,0.0,0.0,0.0,0.0,0.0,2.4793255,0.0,0.0,0.0,0.0,0.0,0.0,0.0,0.0,5.964113,0.0,0.0,0.0,0.0,53.21804,0.0,0.0,0.0,0.0,0.0,0.0
PTTG1,0.0,0.0,0.0,86.90495,455.30743,28.250881,28.187872,438.27454,0.0,62.77924,0.0,0.0,197.88118,353.88455,231.00961,136.21214,0.0,0.0,177.7617,216.7505,0.0,5.7548227,6665.664,0.0,0.0,0.0,0.0,266.31726,0.0,0.0
HMMR,0.0,0.0,0.0,0.0,42.81898,0.0,0.0,10.989281,0.0,0.0,0.0,5.024699,0.0,0.0,0.0,70.64877,0.0,0.0,21.633495,31.815182,0.0,0.0,2496.4788,0.0,0.0,0.0,0.0,0.0,0.0,0.0
SPDL1,6.4936075,0.0,10.408291,12.689917,13.345063,10.2064,0.0,0.0,0.0,43.211346,0.0,0.0,7.989907,2.2828903,14.532334,0.0,8.463408,0.0,34.240105,57.803734,0.0,0.0,929.57697,6.0642066,0.0,0.0,0.0,122.703445,20.520224,0.0
KCNMB1,0.0,0.0,0.0,0.0,0.0,0.0,99.81983,0.0,11.12349,6.5881925,54.11627,0.0,0.0,0.0,28.93895,0.0,16.26367,202.72421,66.822014,0.0,0.0,0.0,0.0,0.0,0.0,0.0,0.0,28.150753,0.0,0.0
NPM1,10721.772,0.0,2153.56,0.0,10657.082,16554.492,1437.7987,8751.33,86.773346,18712.545,100.082115,7840.874,3638.97,6496.197,5452.5796,0.0,3970.4004,6448.8047,7034.6357,7524.4546,10971.504,3721.0034,0.0,270.60867,15494.273,3280.1406,4633.8833,5183.899,4682.4536,0.0
FGF18,2.503294,0.0,0.0,0.86384535,2.5447125,0.0,0.0,0.0,0.0,1.8763126,0.0,0.0,0.0,0.0,1.784605,0.0,0.0,0.0,0.0,0.0,5.6181393,0.0,19.018162,0.0,0.0,0.0,32.26775,10.460307,42.31659,4.001892
NEURL1B,0.0,0.0,0.0,0.0,0.0,2.4570553,0.0,0.8252003,0.0,31.29947,0.0,0.0,0.0,14.151295,0.0,0.0,0.0,0.0,38.379665,0.0,0.0,0.0,157.98926,2.6691031,0.0,0.0,0.0,0.0,0.0,0.0
ATP6V0E1,1625.3293,1473.0619,1123.7115,1843.8955,631.75525,839.6566,585.62604,0.0,0.0,241.74886,1701.8893,0.0,197.949,381.19708,128.47087,0.0,1532.1954,389.6923,169.9425,654.91077,5815.7925,295.9825,165.30923,1307.0725,0.0,503.54932,0.0,362.0627,1008.8772,301.996
THOC3,221.06969,0.0,0.0,0.0,524.4981,168.16669,0.0,172.12544,0.0,20.007317,8.192958,0.0,418.22256,0.0,83.63233,65.010895,38.65894,195.52983,112.190186,77.73765,3.034611,0.0,130.41919,0.0,85.524956,87.30132,0.0,205.75073,531.0279,0.0
NOP16,30.697271,0.0,23.272854,42.135418,426.4809,278.72888,37.65799,31.00836,0.0,60.36262,0.0,149.32199,0.0,80.385956,28.439682,0.0,119.60934,0.0,52.341248,78.201454,3.2681315,102.403305,150.98964,15.341698,262.72638,7.099358,313.94012,148.95148,237.76842,0.0
GPRIN1,0.0,0.0,0.0,0.85512596,0.0,0.0,0.0,37.359234,5.2434335,0.0,0.8790194,0.0,0.0,0.0,0.0,0.15566073,0.0,0.0,0.0,0.0,0.0,0.0,0.0,0.0,0.0,0.0,0.0,0.0,0.0,3.1808226
TSPAN17,34.349525,13.122401,27.321901,124.66211,468.11642,0.0,0.0,35.40387,0.0,15.9174185,37.907818,261.3138,62.84986,0.0,1.4841236,696.7538,0.0,0.0,6.1448936,9.837077,0.0,0.0,286.73212,35.728054,0.0,0.0,97.9989,0.0,194.67007,3.7178385
MXD3,3.2913563,0.0,0.0,8.462043,0.0,0.0,0.0,140.93634,0.0,33.109802,83.06814,0.0,150.19785,0.0,0.0,0.0,0.0,1.141399,437.90402,0.0,0.0,32.85235,1271.5934,10.449962,0.0,0.0,0.0,0.0,0.0,0.0
PDLIM7,7.1497645,146.15303,0.0,0.0,38.98338,122.19935,4.1243963,47.773792,50.016636,17.35972,60.9561,16.564978,67.84316,0.0,0.0,1.5108994,0.0,518.80164,59.04412,145.85974,0.0,0.0,209.09383,334.4981,0.0,176.25533,52.15776,0.0,24.081743,0.0
AC106795.2,9.3825035,0.0,0.0,0.0,20.66283,18.039587,0.0,11.256068,0.0,0.0,0.0,19.70379,17.597075,0.0,0.0,276.57434,0.0,48.507286,0.50383323,9.516354,78.92296,0.0,0.0,0.0,10.063507,0.0,71.0947,37.305546,0.0,0.0
N4BP3,11.579775,0.0,0.0,20.594772,0.0,0.0,0.0,1043.1859,9.704541,0.0,0.0,0.0,0.0,0.0,0.0,0.0,0.0,0.0,0.0,0.0,0.0,80.7996,0.0,0.0,0.0,50.868156,107.73394,0.0,0.0,36.252586
RMND5B,110.27888,0.0,146.18758,10.633194,96.63605,268.00607,0.0,114.80185,0.0,26.99617,74.15684,0.0,0.0,0.0,27.972004,227.02242,101.62537,87.16199,12.107161,0.47749764,0.0,0.0,24.046207,105.8033,0.0,175.20778,125.415565,98.25983,0.0,38.088837
HNRNPAB,0.0,27.519018,0.0,81.49602,778.5537,853.1896,114.53594,244.9585,0.0,287.24475,45.895836,916.827,1426.985,472.85648,287.35706,147.28429,126.138756,0.0,83.26019,231.72063,0.0,0.0,1530.9481,3.3780682,0.0,121.335915,74.322395,429.65958,45.757664,26.435215
RUFY1,0.0,0.0,32.36061,0.0,6.0263834,117.895676,63.42477,0.0,0.0,11.691691,15.512774,0.0,130.71674,22.500254,35.858974,0.0,29.54901,811.6254,0.0,126.16375,0.0,0.0,150.23102,4724.895,0.0,0.0,4.3478146,244.34215,0.0,125.39248
HNRNPH1,1991.8861,244.01009,875.129,1224.0363,1131.9938,1590.8864,546.94696,3061.5654,794.65936,1456.3171,433.59012,3680.2695,0.0,1838.9198,4240.148,1101.4634,2071.7424,3056.1458,2699.2773,2686.5928,3883.106,2938.068,2036.5876,2166.6592,4209.824,3049.4255,1771.2288,349.90097,2657.8235,177.77084
CANX,324.94006,526.10596,0.0,472.55246,497.9996,780.2768,605.0591,358.15823,370.7625,784.92676,296.7618,583.6151,290.15015,1262.9845,380.41632,46.16542,1476.6506,62.046585,861.97,880.6681,316.26663,814.2335,368.60806,319.32724,430.77942,308.74237,808.99536,474.1946,276.34723,474.10962
LTC4S,0.0,0.0,0.0,0.0,0.0,0.0,85.871735,0.0,0.0,22.216314,0.0,0.0,0.0,164.04767,0.0,0.0,0.0,0.0,0.0,1015.4172,0.0,0.0,0.0,0.0,0.0,0.0,0.0,1534.3275,0.0,3.9313467
MGAT4B,3.5113547,13.145324,0.0,15.483073,53.920925,0.0,3.173046,0.0,22.2933,0.0,26.717197,256.45627,0.0,6.16753,2.5513952,0.0,14.526937,122.55997,0.0,0.0,6.1719356,27.685635,27.85432,236.85295,0.0,43.54741,16.054844,0.47579658,0.0,25.232077
SCGB3A1,146.93332,0.0,0.0,0.0,0.0,0.0,0.0,0.8940633,0.0,106.03497,183.6422,351.28754,0.0,0.0,273.66837,0.0,0.0,0.0,0.0,0.0,126.62337,0.0,0.0,0.0,1109.7816,0.0,0.0,14.303623,0.0,0.0
IRF4,0.0,0.0,0.0,0.0,0.0,0.0,0.0,2428.7668,0.0,0.0,0.0,0.0,0.0,0.0,0.0,0.0,2464.9531,0.0,443.14542,0.0,0.0,0.0,0.0,102.322296,0.0,0.0,3.8379495,0.0,0.0,0.0
FOXC1,0.0,0.0,0.0,0.0,0.0,0.0,0.0,0.0,0.0,0.0,0.0,0.0,0.0,0.0,0.0,0.0,0.0,0.0,0.0,0.0,0.0,0.0,0.0,0.0,478.48083,680.9378,331.70798,0.0,0.0,0.0
SERPINB1,289.44315,1227.2479,21.268738,578.3906,0.0,1250.8362,411.5808,148.85216,563.4444,4122.904,395.69925,0.0,0.0,3560.6724,0.0,49.14577,310.1018,0.0,740.96704,3161.821,558.2364,57.931847,0.0,1115.8018,133.24121,4.1015124,712.5873,1861.7484,0.0,91.895256
TUBB2A,87.78604,0.0,0.0,0.0,240.85834,24.692434,0.0,0.0,5.856926,0.0,0.0,1174.418,0.0,0.0,100.686035,354.10507,0.0,0.0,0.0,0.0,0.0,0.0,546.28345,0.0,572.9317,104.10853,427.75635,0.0,314.6122,0.0
PXDC1,0.0,0.0,4.262697,0.0,0.0,0.0,7.984568,0.0,0.0,0.0,0.0,0.0,0.0,0.0,0.0,0.0,0.0,0.0,2.5637434,0.0,0.0,0.0,0.0,0.0,0.0,10.870301,295.21716,0.0,0.0,367.88342
ECI2,83.08593,0.0,0.0,61.72769,608.36993,132.63924,0.0,0.0,0.0,160.85408,4.828581,155.6274,176.52655,23.85337,92.76784,72.483505,0.60182333,36.62427,136.91705,222.02982,19.684326,0.0,371.3751,0.0,0.0,113.09645,0.0,0.0,0.0,0.0
AL356747.1,0.0,0.0,0.0,0.0,0.69715834,0.0,0.0,0.0,0.0,0.0,0.0,0.76857805,0.20605296,0.0,0.0,0.27899572,0.0,0.0,0.0,0.0,0.0,0.0,0.0,0.0,0.0,0.0,0.0,0.0,0.0,0.0
NRN1,0.15184365,0.0,0.0,0.0,0.0,0.0,0.0,0.0,0.0,0.0,0.0,0.97413844,0.0,0.0,0.0,0.0,0.0,0.0,180.48395,0.0,0.0,0.0,0.0,0.55044985,0.0,25.364521,0.0,0.0,0.0,0.0
F13A1,0.0,118.25266,0.0,0.0,0.0,0.0,53.590122,0.0,18.213337,0.0,37.17897,0.0,0.0,215.31303,0.0,0.0,0.0,455.9053,0.0,0.0,0.0,0.0,0.0,1510.3304,0.0,0.0,0.0,0.0,0.0,0.0
TXNDC5,0.0,0.120099716,0.0,0.0,3.655152,0.9996209,0.015794449,0.0,0.0,0.20879324,0.0,6.065569,8.142378,3.245121,0.0,0.0,0.7639026,0.0,0.0,0.0,0.0,119.271034,0.0,0.0,0.0,0.0,0.0,0.0,0.0,0.0
EEF1E1,173.66223,16.011045,91.24351,92.081276,589.5383,447.22598,142.255,175.02415,24.438148,331.63928,18.125572,280.2986,767.2146,329.80273,510.709,0.0,101.57418,89.404854,238.02429,163.02783,21.259794,170.16132,2.960296,62.69934,338.43484,71.61458,248.44247,35.350956,207.21382,107.86729
PAK1IP1,30.772923,18.449102,2.1705804,26.842762,543.9665,69.26887,36.745598,75.30842,36.051414,100.60199,26.22013,184.35562,193.38312,124.00056,54.53805,104.48379,90.08656,60.481102,43.47717,107.73925,0.0,37.87378,206.51964,15.419097,242.52983,0.0,142.84068,135.07373,177.50262,0.0
TMEM14C,0.0,121.24456,0.0,0.0,2141.0723,1568.4438,242.62878,0.0,0.0,369.51468,155.20126,1792.6245,1879.3661,44.45505,217.40492,2380.5625,368.47128,0.0,156.12086,256.88077,0.0,0.0,1023.953,17.44661,0.0,701.3887,487.16556,461.80396,0.0,617.5609
TMEM14B,738.53424,147.3385,217.81113,126.73324,1976.861,1219.1241,209.09554,592.2979,213.8555,577.4989,265.7649,1446.5043,1640.9954,392.97104,653.15515,2605.7144,739.68274,397.01443,592.5633,617.86255,737.9128,781.70654,444.8556,552.5594,94.790115,361.68576,312.42053,597.5243,417.92883,901.1028
TBC1D7,0.0,9.18694,0.0,9.0033455,89.31167,170.2602,0.0,171.3524,104.1894,25.558535,23.760347,0.0,211.2848,0.0,64.314445,141.71338,112.610466,25.76727,213.51433,0.0,0.0,12.834421,285.60608,109.35771,0.0,0.0,288.82108,0.0,53.749065,0.0
GMPR,0.0,0.0,0.0,0.0,68.290436,136.8679,0.0,0.0,0.0,7.4681983,0.0,0.0,47.291576,0.0,0.0,279.97324,0.0,35.563084,0.0,292.5897,0.0,0.0,195.7587,1609.9388,0.0,0.0,0.0,0.0,0.0,0.0
RBM24,3.8603323,0.0,0.0,0.8946546,0.0,0.0,0.0,0.0,0.0,0.0,0.0,0.0,0.0,0.0,3.5341449,6.4480205,0.0,0.0,0.0,0.0,50.21782,0.0,0.0,0.0,0.0,0.0,0.0,0.0,0.0,0.0
NHLRC1,0.0,3.515589,0.0,0.0,11.5371475,10.642984,0.0,0.0,0.0,0.0,0.0002123903,0.0,0.0,4.964571,4.864762,0.0,0.0,0.0,0.0,8.4332285,0.0,0.0,28.278929,37.65544,0.0,0.0,0.0,0.0,2.1246011,0.0
DEK,531.13794,217.65088,66.77462,666.7297,501.215,752.0066,748.8564,1218.8264,434.03787,1009.67535,279.30023,462.64944,4646.853,768.31586,702.75574,0.0,424.74344,262.11053,749.9226,1123.456,680.7466,428.498,2872.731,263.56354,0.0,631.6875,805.5589,714.34607,709.28046,83.819565
SOX4,0.0,0.0,0.0,0.0,0.0,0.0,0.0,8419.761,0.0,3671.546,0.0,13.279863,0.0,391.05402,0.0,0.0,4476.668,0.0,10054.436,0.0,0.0,0.0,0.0,1430.9095,0.0,1483.1836,437.5003,3499.0608,0.0,0.0
GMNN,0.0,0.0,0.0,0.0,293.12106,160.5254,0.0,83.501205,2.6650057,0.0,0.0,306.292,1437.8654,0.0,0.0,54.454155,0.0,0.0,0.0,3.2252643,0.0,0.0,637.65234,0.0,0.0,132.05783,0.0,48.270206,0.0,31.315472
HIST1H1A,0.0,0.0,0.0,0.0,0.0,0.0,0.0,0.0,0.0,0.0,0.0,225.92287,48.58285,0.0,0.0,0.0,0.0,0.0,0.0,0.0,0.0,19.358232,7.96451,0.0,0.0,0.0,0.0,10.806891,0.0,0.0
HIST1H4A,8.901656,0.0,0.0,3.6523664,0.0,0.0,0.0,0.0,0.0,9.351818,0.29747778,0.0,0.0,30.765375,112.6108,46.825893,2.566627,0.0,8.743234,0.0,71.43896,11.806216,131.00684,0.0,56.193356,0.0,0.0,0.0,0.0,0.0
HIST1H3C,0.0,0.0,0.0,0.0,0.0,0.0,0.0,46.84214,0.0,0.0,0.0,0.0,44.964035,0.0,22.676538,0.0,4.2725267,0.0,5.1011114,0.0,0.0,0.0,70.4858,7.502327,0.0,6.007808,7.2070365,8.786382,0.0,0.0
HIST1H1C,0.0,0.0,1173.1172,0.0,0.0,0.0,0.0,8976.829,0.0,0.0,0.0,15324.379,0.0,0.0,744.32227,0.0,413.83374,0.0,7573.501,0.0,0.0,0.0,0.0,8771.452,1787.8292,0.0,841.4466,0.0,116.946655,0.0
HIST1H4C,0.0,0.0,0.0,0.0,0.0,219.90404,0.0,2353.0198,0.0,629.3759,0.0,5543.4004,7614.1235,0.0,440.4258,424.17758,0.0,0.0,485.90332,0.0,0.0,0.0,15795.984,0.0,0.0,0.0,601.01855,968.4311,0.0,0.0
HIST1H2AC,0.0,0.0,215.13083,0.0,0.0,0.0,0.0,1741.7843,0.0,0.0,0.0,0.0,0.0,0.0,0.0,0.0,0.0,0.0,1935.2712,0.0,0.0,0.0,0.0,27953.283,0.0,0.0,0.0,0.0,0.0,0.0
HIST1H1E,18.818977,0.0,38.40949,163.65329,0.0,0.0,93.85654,703.5822,0.0,308.18872,0.0,7153.3096,0.0,173.33417,1426.884,0.0,0.0,139.39253,471.16278,0.0,477.89,0.0,0.0,72.49329,1492.4583,169.98048,437.24777,332.2719,216.35632,543.7605
HIST1H2BG,70.60488,0.0,120.65611,102.47825,0.0,0.0,0.0,1531.534,0.0,476.86362,0.0,283.5418,0.0,0.0,1222.2705,0.0,436.35797,0.0,1477.6396,0.0,0.0,1055.2047,0.0,1719.6714,0.0,0.0,0.0,461.14774,97.41465,0.0
HIST1H1D,34.092995,0.0,0.0,47.713673,0.0,91.12859,0.0,479.69696,0.0,147.84016,0.0,3477.9329,539.38837,0.0,568.4733,0.0,61.81223,0.0,543.0098,0.0,96.84966,0.0,428.44125,114.91688,11.335838,29.1498,141.89345,143.68518,526.99854,27.185429
HIST1H3F,0.0,0.0,0.0,0.0,0.0,0.0,0.0,13.139168,0.0,0.0,0.0,0.0,82.61959,0.0,10.305022,19.886522,0.0,0.0,0.0,0.0,0.0,0.0,0.0,0.0,0.0,0.0,0.0,0.0,0.0,0.0
HIST1H2BH,0.0,0.0,0.0,5.622237,0.0,0.0,0.0,215.12648,0.0,0.0,0.0,108.63766,38.759056,0.0,61.767155,0.0,0.0,0.0,124.33996,0.0,0.0,7.7678905,159.46135,213.19316,0.0,0.0,9.370969,3.1925688,0.0,17.475565
HIST1H2BJ,0.0,0.0,0.0,0.0,0.0,0.0,0.0,0.0,0.0,0.0,0.0,0.0,0.0,0.0,0.0,0.0,0.0,0.0,0.0,0.0,0.0,0.0,0.0,3265.0732,0.0,0.0,0.0,0.0,0.0,0.0
HIST1H2AG,4.1074243,0.0,0.0,0.0,0.0,0.0,0.0,30.020344,0.0,0.0,0.0,2.3071053,280.00772,23.300472,666.3763,0.0,0.0,0.0,61.29078,30.496332,0.0,0.0,160.0557,787.147,0.0,7.648819,14.365846,13.834558,0.0,0.0
HIST1H2BL,0.72432023,0.0,0.0,10.918182,0.0,0.0,0.0,5.766713,0.0,0.0,0.0,28.753643,61.812294,17.002596,5.6391196,0.0,0.0,6.002628,19.884813,0.0,0.0,0.0,0.0,35.721825,0.0,1.6410097,34.640194,0.0,0.0,0.0
HIST1H3H,0.0,0.0,0.0,0.0,0.0,0.0,0.0,0.0,0.0,0.0,0.0,0.0,0.0,0.0,0.0,0.0,0.0,0.0,64.10726,0.0,0.0,0.0,0.0,4735.57,0.0,0.0,0.0,0.0,0.0,0.0
HIST1H2AJ,0.0,0.0,0.0,0.0,0.0,0.0,0.0,12.946058,0.0,0.0,0.0,163.51633,48.471195,0.0,0.0,0.0,0.0,0.0,0.0,0.0,0.0,0.0,92.86377,0.0,0.0,0.0,0.0,0.0,0.0,0.0
HIST1H1B,0.0,0.46674848,0.0,0.0,0.0,0.0,0.0,74.480415,0.0,0.0,0.0,732.8446,116.21906,21.84391,60.33159,0.0,0.0,0.0,60.943645,0.0,0.0,0.0,213.48631,0.0,0.0,0.0,15.579349,15.652114,0.0,0.0
HIST1H2AM,0.0,0.0,0.0,0.0,0.0,0.0,0.0,1.9448749,0.0,0.0,0.0,314.36395,8.893763,0.02172836,0.0,0.0,3.9694164,0.0,2.5837872,0.0,0.0,0.0,0.0,9.919822,0.0,0.0,0.0,0.0,0.0,0.0
AL662890.1,0.30263063,0.0,0.0,0.0,0.0,0.0,0.0,0.0,0.0,0.20918676,0.0,0.0,6.7179513,1.4840704,0.0,12.031748,0.0,0.0,0.0,0.0,1.4371009,0.0,0.0,0.06285877,0.54108775,9.6031065,21.100948,0.0,3.0489438,0.0
TRIM10,0.0,0.0,0.0,0.0,0.0,0.0,0.0,0.0,0.0,0.0,0.0,0.0,0.0,0.0,0.0,334.70718,0.0,0.0,0.0,0.0,0.0,0.0,7.081508,0.0,0.0,0.0,0.0,0.0,0.0,0.0
PPP1R18,340.4488,317.31674,110.533806,1229.3181,0.0,0.0,296.78452,273.4687,294.72296,329.0099,316.52255,0.0,114.82685,0.0,0.0,0.0,237.47643,755.91986,1429.3317,0.0,0.0,0.0,87.639114,11.680714,0.0,0.0,0.0,261.3164,0.0,243.10794
TUBB,0.0,0.0,0.0,0.0,1747.5333,1553.5353,0.0,3659.8867,0.0,1795.3633,229.54054,1078.6097,14942.153,66.46034,0.0,475.98276,794.865,0.0,953.753,1419.3765,0.0,0.0,23644.393,0.0,0.0,1110.6489,0.0,222.69609,0.0,729.56573
TNF,86.33076,0.0,29.435532,171.06339,0.0,0.0,0.0,0.0,313.09683,0.0,110.91769,0.0,0.0,0.0,318.06256,0.0,0.0,145.06883,0.0,0.0,0.0,55.67993,26.58453,27.197264,317.173,0.0,0.0,0.0,0.0,0.0
LTB,15512.049,0.0,15389.791,0.0,1726.3695,1404.2512,0.0,0.0,0.0,779.17303,0.0,0.0,0.0,0.0,0.0,0.0,938.8251,4902.0513,3947.1738,2354.6536,39.72287,0.0,0.0,0.0,0.0,554.3487,0.0,2090.353,830.3854,0.0
LST1,0.0,5273.803,0.0,0.0,0.0,0.0,2273.412,0.0,5542.62,818.10297,23064.736,0.0,0.0,670.90216,2048.0195,0.0,0.0,0.0,450.1333,0.0,0.0,0.0,0.0,0.0,0.0,0.0,0.0,0.0,0.0,2172.1094
LY6G6F,0.0,0.0,0.0,0.0,0.0,0.0,0.0,0.0,0.0,0.0,0.0,0.0,0.0,0.0,0.0,0.0,0.0,167.03226,0.0,25.721977,0.0,0.0,0.0,312.93915,0.0,0.0,0.0,0.0,0.0,0.0
MPIG6B,0.0,0.0,0.0,0.0,0.0,0.0,0.0,0.0,0.0,32.375977,0.0,0.0,0.0,0.0,0.0,0.0,35.65392,215.52382,0.0,235.48672,0.0,0.0,0.0,904.368,0.0,0.0,0.0,0.0,0.0,0.0
DDAH2,0.0,91.67951,336.85907,109.18535,0.0,0.0,204.77113,823.9224,264.21652,1489.2251,184.97874,0.0,0.0,2.3531566,0.0,0.0,979.81805,0.0,1260.2015,805.96204,0.0,281.12155,361.98865,45.452324,0.0,56.106216,42.603447,473.58197,0.0,992.65625
HSPA1A,0.0,0.0,0.0,68.3669,16.23339,20.484417,0.0,0.0,0.0,161.77393,167.56297,0.0,8.979611,0.0,4742.236,0.0,0.0,0.0,0.0,0.0,0.0,0.0,313.55246,42.677006,0.0,268.01947,0.0,0.0,1181.9155,818.1246
HSPA1B,0.0,0.0,0.0,0.0,0.0,0.0,0.0,0.0,0.0,0.0,0.0,0.0,0.0,0.0,7417.509,0.0,0.0,0.0,0.0,0.0,0.0,0.0,0.0,0.0,0.0,49.14823,0.0,0.0,359.17416,0.0
SLC44A4,0.0,0.0,0.0,0.0,45.33816,45.241985,0.0,0.0,0.0,0.0,0.0,24.69444,10.2908745,0.0,15.130847,0.0,0.0,0.0,0.0,0.0,0.0,0.0,4.4408207,0.0,0.0,0.0,0.0,0.0,180.82257,0.0
TNXB,0.0,0.0,0.0,0.0,7.337186,0.0,0.0,0.0,0.0,0.0,0.0,25.694658,0.0,0.0,0.0,57.033566,0.0,0.0,0.0,0.0,21.70042,0.0,0.0,26.791315,56.162846,50.133385,33.236458,0.0,0.0,0.0
FKBPL,0.0,0.0,0.0,8.505548,43.577354,8.289174,0.0,3.0947936,0.0,8.707654,0.10062317,0.0,0.0,1.4765983,67.28097,122.02752,0.0,0.0,1.4074582,5.6040907,0.0,0.0,61.412594,0.0,7.9419327,0.0,0.0,0.0,0.0,0.0
PPT2,0.0,0.0,0.0,7.9444494,101.39569,45.85664,0.0,0.0,0.0,35.67761,0.0,89.00277,3.613243,0.0,0.0,28.506098,0.0,0.0,0.0,0.0,0.0,0.0,49.095264,11.96448,0.0,0.0,13.406588,26.311615,0.0,0.0
RNF5,101.20382,0.0,29.515656,301.12973,301.56537,256.5932,11.341741,205.91827,0.0,176.20476,102.90394,0.0,221.08849,6.1923566,116.796165,308.987,480.22147,157.07397,288.39426,274.14124,161.15788,0.0,793.6635,263.8671,0.0,181.85085,378.09756,248.4583,183.92575,0.0
AL662796.1,0.0,0.0,57.29457,0.0,0.0,0.0,0.0,0.0,0.0,15.690473,0.0,0.0,0.0,0.0,0.0,0.0,15.491687,12.162316,0.0,0.0,0.0,0.0,10.276562,5.6759105,0.0,0.0,0.0,0.0,0.0,0.0
HLA-DRA,0.0,759.469,51373.383,0.0,0.0,0.0,57782.277,8557.489,18992.055,2937.3765,7578.507,0.0,0.0,0.0,0.0,0.0,17947.027,0.0,32695.426,0.0,0.0,0.0,0.0,0.0,0.0,0.0,1344.8156,0.0,170.60194,10714.657
HLA-DRB5,0.0,0.0,2050.9329,82.58949,0.0,0.0,5438.3364,258.87982,2379.9685,461.5104,801.93274,0.0,51.491962,0.0,0.0,0.0,1843.8053,0.0,1094.7386,0.0,0.0,120.485054,77.927475,0.0,0.0,258.199,250.97461,285.39227,668.90564,1396.1545
HLA-DRB1,0.0,250.35175,20936.42,622.72626,0.0,0.0,30666.186,0.0,2166.2056,1460.8636,3934.0583,0.0,0.0,0.0,1904.4895,0.0,6171.3994,0.0,2077.7456,0.0,0.0,0.0,0.0,0.0,0.0,405.93936,0.0,0.0,3673.9988,6878.928
HLA-DQA1,0.0,0.0,6192.492,0.0,0.0,0.0,9811.669,0.0,0.0,0.0,0.0,0.0,0.0,0.0,0.0,0.0,701.2758,0.0,0.0,0.0,0.0,0.0,0.0,0.0,0.0,0.0,0.0,0.0,0.0,1540.1329
HLA-DQB1,0.0,0.0,11930.901,109.01012,0.0,0.0,14322.94,0.0,2179.333,155.79478,54.840237,0.0,0.0,0.0,1353.6243,0.0,3080.5828,0.0,1780.1495,0.0,0.0,0.0,0.0,0.0,347.6067,277.32846,34.98661,0.0,1601.2308,1166.5176
HLA-DPA1,0.0,0.0,15402.433,920.97644,0.0,0.0,22001.645,0.0,2689.9763,1544.5825,2589.113,0.0,0.0,0.0,0.0,0.0,4322.5215,0.0,3724.1208,0.0,0.0,0.0,0.0,0.0,0.0,0.0,0.0,0.0,390.90466,5868.8545
HLA-DPB1,0.0,0.0,18714.496,1574.5814,0.0,0.0,26861.4,0.0,3830.2673,2293.7302,1839.5035,0.0,0.0,0.0,0.0,0.0,7165.9497,0.0,8548.624,0.0,0.0,0.0,0.0,0.0,0.0,0.0,471.05075,0.0,2026.557,5603.7036
KIFC1,0.0,0.0,0.0,0.0,0.0,0.0,0.0,28.773493,0.0,0.0,0.0,0.0,180.97362,0.0,0.0,0.0,0.0,0.0,17.431917,0.0,0.0,0.0,684.4552,0.0,0.0,0.0,0.0,0.0,0.0,0.0
UQCC2,198.22295,68.72002,120.7331,82.26114,654.07794,445.72964,73.10046,0.0,0.0,247.9346,185.25883,0.0,799.8402,840.6546,292.43857,340.03418,80.85965,216.3499,131.06886,550.1662,144.01082,0.0,523.5257,212.40271,0.0,57.312542,218.67822,326.61203,400.1141,185.81027
HMGA1,120.40717,0.0,0.0,0.0,2088.9248,2384.4185,238.0988,856.6208,153.69981,2067.068,0.0,1155.6719,3850.415,391.4039,171.46855,28.632566,986.4389,0.0,436.00803,1153.9574,0.0,0.0,1917.0211,0.0,0.0,437.26144,62.528656,1334.8684,393.4327,0.0
SRPK1,83.82687,27.565369,23.291357,65.78695,344.2534,265.7674,0.0,155.53754,0.0,165.51123,0.0,0.0,331.08066,99.10723,231.49663,81.77097,44.60292,89.18242,73.42529,38.380886,54.30777,0.0,91.705,193.13945,78.18211,2.5043116,239.57318,83.880295,104.8138,0.0
SRSF3,2229.9514,547.1494,513.4462,1897.6577,1436.7859,2337.3684,1256.9976,3579.5642,1965.4121,2472.581,629.6145,2507.6309,4991.9023,1746.1809,3649.8535,287.96545,1413.5139,1365.9248,3664.1387,1631.1854,512.13763,1908.3588,4624.1323,716.033,2807.5486,2080.0425,2309.943,1965.0549,538.4297,617.6362
CPNE5,0.0,1.8501756,240.02174,0.0,0.0,0.0,0.0,0.0,0.0,0.0,19.258059,0.0,0.0,0.0,0.0,0.0,0.0,0.0,0.0,0.0,0.0,352.93863,0.0,214.81259,0.0,0.0,0.0,0.0,0.0,0.0
PPIL1,19.012056,0.0,0.0,16.44107,353.79712,48.481842,0.0,3.484824,0.0,13.52019,0.0,0.0,74.08784,0.0,27.585226,0.0,0.0,5.855116,9.02126,71.48254,27.324728,0.0,441.13,80.609406,0.0,0.0,0.0,0.0,31.395544,0.0
KCNK5,0.0,0.0,0.0,1.1349689,8.993923,73.56822,0.0,0.0,0.0,0.0,0.0,0.0,0.0,18.75507,0.0,0.0,0.0,0.0,0.0,26.155994,0.0,0.0,13.984813,0.0,0.0,25.119112,0.0,35.944115,0.0,0.0
TSPO2,0.0,0.0,0.0,0.0,0.0,0.0,0.0,0.0,0.0,0.0,0.0,0.0,14.643187,0.0,0.0,141.87308,0.0,0.0,0.0,0.0,0.0,0.0,0.0,0.0,0.0,0.0,0.0,0.0,0.0,0.0
TREML1,0.0,0.0,0.0,0.0,0.0,0.0,0.0,0.0,0.0,0.0,0.0,0.0,0.0,0.0,0.0,0.0,0.0,814.03625,0.0,118.889046,0.0,0.0,0.0,3024.567,0.0,0.0,0.0,0.0,0.0,0.0
CCND3,2081.8762,188.43288,378.30954,1575.487,0.0,182.32736,320.04584,3433.6414,0.0,0.0,105.36993,0.0,820.94543,185.64526,0.0,1834.3345,433.28027,3478.8938,1461.2002,1754.7045,817.5026,0.0,0.0,1821.5455,0.0,349.9645,1036.442,0.0,842.646,0.0
PTCRA,0.0,0.0,0.0,0.0,0.0,0.0,0.0,0.0,0.0,0.0,0.0,0.0,0.0,0.0,0.0,0.0,1593.9788,0.0,0.0,0.0,0.0,0.0,0.0,5271.372,0.0,0.0,0.0,0.0,0.0,0.0
DNPH1,251.77402,0.0,194.75311,0.0,357.23203,1209.5348,165.65616,0.0,0.0,483.50003,143.90503,0.0,736.2685,615.0347,80.53646,159.65233,88.027596,71.904465,0.0,25.929417,418.37506,27.494905,58.097996,0.0,0.0,15.914111,237.93814,304.46695,197.39503,1353.8939
GTPBP2,0.0,10.0543585,0.0,0.82278556,2.782211,0.0,0.0,13.124607,0.94564515,0.0,14.923803,57.40695,0.0,22.308947,50.11293,29.241066,20.377611,279.21283,0.0,0.0,0.0,0.0,0.0,97.6392,0.0,4.0241804,0.0,130.01717,2.6010094,10.91017
CAPN11,0.0,0.0,0.0,0.0,0.0,0.0,0.0,0.0,0.0,56.632374,0.0,0.0,0.0,0.0,0.0,0.0,0.0,92.37541,0.0,0.0,0.0,0.0,0.0,0.0,0.0,0.0,0.0,0.0,0.0,0.0
SLC29A1,0.0,0.0,0.0,0.0,154.37503,46.42064,0.0,0.0,0.0,17.43891,7.6116776,87.05322,273.17227,30.399916,0.0,240.19061,0.0,0.0,0.0,0.0,0.0,0.0,135.4075,0.0,0.0,0.0,0.0,0.0,101.21787,41.681362
HSP90AB1,2540.407,0.0,1871.739,541.66156,4205.1973,6151.4233,1322.9113,1814.6854,0.0,7873.646,0.0,3351.0842,3131.802,2117.5735,4425.6284,0.0,1263.8999,408.36438,1283.869,3328.496,1781.456,1450.312,1049.5386,382.5737,3918.12,1377.254,2533.6975,2319.5242,2727.942,236.67633
ADGRF1,0.0,0.0,0.0,0.0,0.0,0.0,0.0,0.0,0.0,0.0,0.0,0.0,0.0,0.0,0.0,0.0,0.0,0.0,178.39108,3.0081503,0.0,0.0,0.0,0.0,55.873917,0.0,18.950602,0.0,0.0,0.0
RHAG,0.0,0.0,0.0,0.0,339.7189,0.0,0.0,0.0,0.0,0.0,0.0,149.88618,50.173244,0.0,0.0,770.7464,0.0,0.0,0.0,0.0,0.0,0.0,230.36224,0.0,0.0,0.0,0.0,0.0,0.0,0.0
CRISP2,0.0,0.0,0.0,0.0,5.0568247,0.0,0.0,0.0,0.0,0.0,0.0,2.3531296,5.5082483,0.0,0.0,4.9724507,0.0,0.0,0.0,0.0,0.0,0.0,0.0,0.0,0.0,0.0,0.0,0.3284013,0.0,0.0
MCM3,11.359287,0.0,0.0,51.401287,329.19028,239.01353,0.0,202.51578,0.0,220.49623,0.0,0.0,2187.151,45.161137,28.851784,0.0,27.157251,0.0,195.32076,113.150444,0.0,0.0,0.0,1.0812818,0.0,0.0,0.0,0.0,150.5373,0.0
TMEM14A,146.47682,0.0,48.68819,88.78371,333.16766,317.13083,14.555152,6.790263,0.0,180.74437,0.0,26.625185,505.68262,0.0,0.0,0.0,116.625275,164.8458,44.62633,0.0,64.47341,35.130306,205.84515,0.0,0.0,204.01944,0.0,0.0,0.31211162,0.0
GCM1,0.0,0.0,2.4879014,0.0,0.0,0.0,0.0,0.0,0.0,0.26416543,0.0,31.245005,0.0,0.0,0.0,0.0,0.0,0.0,0.0,0.0,0.0,0.0,0.0,0.018340357,0.0,0.0,0.0,0.0,0.0,0.0
BEND6,0.0,0.0,0.0,0.0,0.0,0.0,0.0,0.0,0.0,22.843506,0.0,0.0,0.0,29.401562,0.0,0.0,142.92216,0.0,0.0,0.0,0.0,0.0,0.0,14.093953,0.0,0.0,0.0,32.258186,0.0,0.0
EEF1A1,121048.99,0.0,67284.33,538.6967,59199.945,95702.16,29967.227,59487.562,9590.307,104576.37,18662.086,65455.742,0.0,25724.17,38603.434,0.0,52255.29,78308.164,47650.445,63091.98,105938.58,64481.773,0.0,14279.744,129769.42,36057.445,47240.67,57644.406,64710.52,0.0
SH3BGRL2,0.0,0.0,0.0,0.0,7.8808374,0.0,0.0,0.0,0.0,0.0,0.0,0.0,0.0,0.0,0.0,0.0,0.0,388.84378,0.0,0.0,0.0,0.0,0.0,556.11365,0.0,0.0,0.0,0.0,0.0,0.0
TTK,0.0,0.0,0.0,0.0,17.351114,0.0,0.0,0.0,0.0,0.0,0.0,26.963444,119.044106,16.951422,0.0,10.650239,0.0,138.49307,0.0,105.207115,0.0,0.0,427.34943,0.0,0.0,0.0,0.0,0.0,0.0,34.179966
TPBG,0.0,0.0,0.0,0.0,0.0,0.0,0.0,0.0,0.0,30.95469,0.0,0.0,0.0,0.0,0.0,0.0,0.0,0.0,0.0,3.9733005,0.0,0.0,0.0,0.0,0.0,73.9117,341.89322,54.773506,46.81736,0.0
CD24,0.0,0.0,944.8176,0.0,0.0,0.0,0.0,7007.6987,0.0,0.0,0.0,0.0,0.0,0.0,0.0,0.0,0.0,0.0,4109.2896,0.0,0.0,0.0,0.0,193.64757,0.0,0.0,0.0,0.0,0.0,0.0
SNX3,818.29156,987.73425,3186.5403,895.46686,1758.0562,1558.459,2319.909,721.48865,752.3022,1815.3297,1762.4333,166.57729,511.54587,369.3675,546.2428,1061.4117,2721.0632,1213.2802,1271.3872,2566.8848,915.63214,113.65576,0.0,1941.134,134.64807,1224.2325,1586.63,1255.3289,642.24255,1010.613
CD164,682.4952,356.60748,427.2623,1449.9783,558.5913,990.53766,332.98645,330.13007,150.96765,2927.836,479.681,0.0,0.0,0.0,931.7986,245.22308,2099.3174,94.610886,682.01483,2604.5095,742.1218,447.5167,1017.47687,566.50226,586.0827,511.68823,911.95215,651.21436,0.0,356.19153
SLC22A16,0.0,3.426352,0.0,0.0,49.802933,0.0,0.0,0.0,0.0,40.565388,0.0,0.0,22.150852,16.825922,0.0,182.78963,0.0,0.0,57.736927,0.0,0.0,0.0,79.779755,0.0,0.0,0.0,0.0,0.0,0.0,0.0
AMD1,468.12045,2.9841201,343.71133,422.26065,476.7044,1426.2056,247.39087,79.30948,607.6744,1294.5148,0.0,931.8713,0.0,164.2982,1127.7343,416.47598,214.84142,453.7406,1224.5563,732.69794,725.84326,428.00003,450.05292,1448.963,1660.5508,339.39777,936.80255,806.47284,862.2568,240.65186
GTF3C6,261.038,138.9562,75.188354,407.2735,493.81973,734.42224,256.08963,389.42502,111.202095,235.39992,269.30295,385.50873,629.19507,401.58395,256.42752,0.0,293.80902,382.64658,477.88956,414.38156,84.19606,379.63727,711.61224,381.9555,0.0,231.31454,195.62039,322.70276,384.21176,0.0
RPF2,109.17946,7.40715,27.48906,20.814615,556.01904,316.54416,0.0,21.532942,31.549284,167.60825,1.3836766,0.0,13.436119,68.27013,271.13843,45.04761,52.025352,0.0,103.5371,163.07489,64.10233,202.37947,127.523186,23.2363,0.0,137.26106,180.66853,222.93251,23.719791,0.0
LAMA4,0.0,0.0,0.0,0.0,0.0,0.0,0.0,0.0,0.0,0.0,0.0,0.0,0.0,0.0,0.0,0.0,0.0,0.0,0.0,0.0,0.0,0.0,0.0,0.0,210.52339,80.24598,121.82208,0.0,0.0,0.0
HDAC2,118.832085,63.277264,0.0,56.006573,404.24554,985.60126,164.85687,517.44507,0.0,621.92615,121.30414,0.0,1152.289,408.85388,282.67798,152.24414,348.296,16.020132,763.57477,645.6837,81.849724,0.0,541.6258,314.57657,0.0,259.41663,240.51108,446.5263,175.0928,0.0
RSPH4A,0.0,0.0,0.0,0.0,0.0,0.0,0.0,24.78161,0.0,2.973582,0.0,0.0,0.0,0.0,0.0,7.871756,0.79635596,0.0,0.0,0.0,0.0,0.0,0.0,0.0,377.7815,0.0,0.0,13.556037,0.0,0.0
GJA1,0.0,0.0,0.0,0.0,0.0,0.0,0.0,0.0,0.0,0.0,0.0,0.0,0.0,0.0,0.0,0.0,0.0,0.0,0.0,0.0,0.0,0.0,0.0,0.0,140.92206,252.2747,288.97552,0.0,105.30376,0.0
PKIB,0.0,0.0,0.0,0.0,0.0,0.0,238.33958,0.0,0.0,0.0,0.0,0.0,0.0,0.0,0.0,0.0,0.0,0.0,0.0,0.0,0.0,0.0,0.0,0.0,0.0,0.0,0.0,0.0,0.0,35.51937
CENPW,0.0,5.8756847,0.0,0.0,188.57678,112.887054,0.0,58.42763,0.0,55.060795,0.0,193.01355,1187.522,276.84616,0.0,71.39137,63.526028,0.0,124.83956,35.01779,0.0,0.0,1924.8033,0.0,0.0,30.392193,14.887317,56.9636,0.0,0.0
ARHGAP18,6.1604166,0.036087185,0.0,106.68586,45.88696,5.2981625,14.711681,0.0,0.0,8.266798,12.214375,0.0,128.1894,0.7753669,99.718025,0.0,140.2597,270.23956,0.0,136.56096,57.05529,0.0,47.818905,828.17957,0.0,0.0,192.1093,0.0,6.153234,461.7829
ENPP3,2.2871454,0.0,7.6945286,3.22111,1.6290672,0.0,0.0,0.0,0.0,0.0,0.0,0.0,13.523678,3.3912973,0.0,0.0,0.0,0.0,1.8653548,0.0,0.0,0.0,0.0,0.0,0.0,0.0,0.0,0.0,0.8383422,0.0
CTGF,0.0,0.0,0.0,0.0,0.0,0.0,0.0,0.0,0.0,0.0,0.0,0.0,0.0,0.0,0.0,0.0,0.0,0.0,87.28005,0.0,0.0,0.0,0.0,0.0,1071.6184,639.21954,717.7094,0.0,2686.7925,0.0
LINC01013,0.0,0.0,0.0,0.0,0.0,0.0,0.0,0.0,0.0,0.0,0.0,0.0,0.0,0.0,0.0,0.0,0.0,0.0,2085.5588,0.0,0.0,0.0,0.0,0.0,0.0,0.0,0.0,0.0,0.0,0.0
HBS1L,125.75853,0.0,0.0,46.74257,557.0153,406.08267,0.0,164.45045,5.151762,122.2813,0.0,1000.4523,48.10342,13.012894,228.26385,80.17021,96.80608,146.59721,344.50043,35.202797,307.25455,29.077085,51.261776,62.354187,213.944,397.31696,180.90886,218.02272,0.0,16.839653
MYB,0.0,0.0,0.0,0.0,112.139656,404.1873,0.0,650.94415,0.0,450.8289,0.0,0.0,2.3055627,376.11826,0.0,0.0,44.703987,0.0,1317.9154,0.0,0.0,0.0,247.29614,0.0,0.0,0.0,0.0,168.88734,0.0,0.0
MTFR2,0.0,0.0,0.0,0.0,0.0,0.0,7.145009,7.12647,0.0,0.0,0.0,134.78468,172.40346,36.978485,0.0,0.0,3.2154794,0.0,0.0,0.0,0.0,0.0,301.21866,0.0,0.0,0.0,0.0,43.556877,0.0,0.0
MAP7,0.0,0.0,0.0,0.0,45.486217,331.4375,0.0,0.0,0.0,340.95496,0.0,0.0,85.89066,0.0,0.0,64.49378,0.0,0.0,0.0,0.0,0.0,0.0,72.86397,0.0,0.0,0.0,0.0,33.967636,0.0,33.76669
PERP,0.0,0.0,0.0,19.058445,0.0,0.0,0.0,0.0,0.0,0.0,0.0,0.0,0.0,0.0,0.0,0.0,0.0,0.0,0.0,0.0,6768.382,0.0,0.0,0.0,0.0,0.0,0.0,0.0,0.0,0.0
AIG1,61.229446,0.0,1.8481444,7.402599,240.85716,152.61604,44.775684,0.0,0.0,124.582466,34.038822,444.2259,49.123306,16.904737,46.03337,0.0,0.0,34.98721,0.0,127.493004,108.48191,155.1465,0.0,584.65546,71.76441,107.662674,159.0908,109.81372,167.8315,126.74659
ADAT2,35.33905,0.0,15.262563,19.732325,137.59784,178.73332,0.0,7.191209,0.0,37.691875,0.0,0.0,0.0,34.040447,40.77828,0.0,20.822592,67.851494,0.0,0.0,0.0,0.0,114.6335,31.680372,0.0,0.0,0.0,30.8628,0.0,0.0
STX11,20.0077,612.8302,0.0,112.43135,0.0,0.0,579.16077,0.0,1408.45,0.0,641.851,0.0,0.0,2.0575104,0.0,0.0,0.0,268.68057,0.0,0.0,220.33833,0.0,147.84204,302.86298,0.0,0.0,47.199284,0.0,0.0,228.73215
RAB32,0.0,384.82584,0.0,0.0,0.0,0.0,179.5581,0.0,263.27908,147.20256,197.73355,0.0,99.27,1802.4897,0.0,0.0,0.0,0.0,0.0,44.567333,0.0,0.0,0.0,1413.3268,0.0,0.0,0.0,313.54532,0.0,1233.4264
MTHFD1L,3.7213995,0.0,0.0,0.0,90.24702,0.0,55.80207,8.4566345,24.996632,77.32413,14.338692,137.20148,82.49397,99.20196,0.0,0.0,0.0,0.0,0.0,20.365566,0.0,19.007208,0.0,0.0,80.186966,12.554409,0.0,0.0,28.082125,1.9325426
AKAP12,0.0,0.0,0.0,0.0,0.0,0.0,0.0,0.0,0.0,0.0,0.0,0.0,0.0,0.0,0.0,0.0,0.0,0.0,4034.186,0.0,0.0,0.0,0.0,0.0,0.0,272.89938,52.56642,0.0,0.0,0.0
FBXO5,0.0,0.0,0.0,10.961136,0.0,0.0,0.0,48.94855,6.5641665,0.0,0.0,27.033209,856.64355,0.0,85.21022,152.14977,34.531853,0.0,21.216475,3.480448,52.855038,0.0,232.5183,4.82931,0.0,7.1806703,0.0,0.0,0.0,0.0
TCP1,237.37685,0.0,61.538486,221.8292,859.6508,797.633,60.112694,850.1148,119.47699,569.98584,82.432396,337.53726,834.88696,204.6995,784.2986,295.09402,195.70773,24.85225,467.1706,476.78833,363.423,0.0,1034.9458,268.00525,419.2574,115.85297,231.87825,541.49475,916.68665,578.8454
MRPL18,159.33826,0.0,101.18576,138.34996,586.21313,194.85336,43.233738,62.105343,0.0,228.37952,115.50172,157.11385,491.70886,151.0805,388.83408,0.0,74.6345,251.7916,216.83371,433.61514,736.9808,0.0,830.46185,42.35889,113.23061,39.40463,370.5527,200.80893,0.0,0.0
PDGFA,0.0,0.0,0.0,0.0,0.0,0.0,0.0,0.0,0.0,0.0,0.0,0.0,0.0,0.0,0.0,0.0,0.0,142.81554,0.0,0.0,0.0,0.0,0.0,266.04117,0.0,0.0,0.0,345.6364,0.0,0.0
AC147651.1,0.0,0.0,0.0,0.0,0.0,0.0,0.0,0.0,0.0,0.0,0.0,0.0,0.0,0.0,0.0,14.763119,0.0,99.66692,0.0,0.0,0.0,0.0,0.0,2698.8562,0.0,0.0,0.0,0.0,0.0,0.0
PRKAR1B,88.98196,0.0,0.0,0.0,341.4718,0.0,0.0,9.309239,0.0,12.02102,0.0,84.296814,52.436718,7.1930394,0.0,0.0,0.0,141.68585,0.0,13.793875,0.0,0.0,0.0,245.53267,59.892914,0.0,0.0,0.0,0.0,0.0
MICALL2,0.0,0.0,0.0,0.0,53.362648,0.0,0.0,0.0,0.0,8.756375,0.0,4.6788955,7.534646,101.643196,7.6061854,34.26521,0.0,0.0,0.0,16.902893,0.0,0.0,26.429062,13.825215,24.811499,141.63365,33.605274,0.0,41.886414,0.0
PSMG3,195.36328,27.166155,76.83418,195.65355,525.0483,167.51154,49.553062,281.3987,38.04583,135.25989,80.76512,683.6029,96.59825,167.83336,87.10168,444.11398,165.12686,0.0,32.060585,64.15714,72.58199,541.4331,0.0,471.9095,483.26022,239.45416,83.90912,366.79633,0.0,0.0
ELFN1-AS1,0.0,2.026645,0.0,3.0155106,0.0,15.054237,5.146587,0.0,0.0,0.0,1.7590724,0.0,15.7492485,0.0,4.7333136,0.0,0.0,0.0,0.0,0.0,0.0,214.01903,0.0,0.0,0.0,0.0,0.0,0.0,0.0,0.0
TTYH3,0.0,111.89856,0.0,0.0,0.0,0.0,0.0,118.37285,158.38408,12.672416,227.45241,0.0,2.4384747,16.680372,41.8829,0.0,30.540867,332.867,68.92412,12.211822,0.0,0.0,0.0,0.0,0.0,0.30570567,0.0,30.576069,0.0,297.74167
ACTB,31834.48,30924.52,8203.8,34101.91,2575.3342,15000.74,57407.008,36521.926,9262.325,7089.7617,53011.82,0.0,38075.75,11093.107,8715.256,0.0,20135.367,35267.535,26852.27,46851.727,10086.588,944.7787,31869.775,30147.61,0.0,6023.9336,25776.969,8283.877,18367.43,14936.196
FSCN1,0.0,3.018847,0.0,0.0,51.04494,368.84586,0.0,0.0,0.0,131.70494,0.0,0.0,135.91968,0.0,0.0,0.0,0.0,0.0,0.0,0.0,0.0,0.0,45.68728,0.0,0.0,0.0,0.0,0.0,81.42395,226.50668
EIF2AK1,170.70114,4.8225265,137.90422,205.48119,405.6528,350.1219,118.53726,224.90723,0.0,326.89053,54.332424,47.233494,34.45751,62.75127,158.51923,1014.6423,260.11838,353.45883,236.15802,383.87234,289.3974,259.71182,0.0,1532.685,95.03526,113.666954,100.672905,95.8629,368.0011,0.0
RPA3,265.48846,0.0,313.20807,86.27556,713.1055,101.631805,191.61269,391.14038,0.0,157.67899,121.83107,238.07742,2949.865,871.0337,299.1791,826.4232,169.05104,68.675,167.61674,397.66464,0.0,161.63469,673.96765,0.0,0.0,291.97095,390.37366,0.0,0.0,0.0
ICA1,3.9671128,0.0,0.0,2.6581156,207.3498,71.3619,0.0,0.0,0.0,146.68625,0.0,153.21939,122.366005,1.871264,0.0,0.0,0.0,1.6824284,7.8355737,99.94937,0.0,0.0,0.0,0.0,0.0,0.0,92.84033,0.0,0.0,0.0
SCIN,0.0,0.0,0.8405142,0.0,0.0,0.0,0.0,9.896809,0.0,0.0,0.0,0.0,29.172886,0.0,1.8587939,0.0,0.0,0.0,0.0,0.0,0.0,143.6383,0.0,0.0,0.0,0.0,0.0,0.0,0.0,0.0
TSPAN13,0.0,0.0,1264.642,0.0,382.96387,0.0,0.0,484.3275,0.0,105.335106,0.0,0.0,0.0,0.0,0.0,152.69768,2100.1675,0.0,527.38684,0.0,0.0,0.0,0.0,0.0,0.0,0.0,0.0,0.0,0.0,584.2899
IL6,0.0,0.0,61.55539,0.0,0.0,0.0,0.0,0.0,0.0,0.0,0.0,0.0,0.0,0.0,0.0,0.0,0.0,0.0,0.0,0.0,0.0,0.0,0.0,0.0,653.15875,66.27412,2734.937,2.81036,0.0,0.0
IGF2BP3,0.0,2.3600802,0.0,0.0,0.0,0.0,0.0,0.0,9.592566,22.487268,0.0,0.0,0.0,9.767456,0.0,0.0,0.0,0.0,0.0,0.0,0.0,0.0,0.0,451.41748,0.0,0.0,0.0,2.1623003,0.0,0.0
NPY,0.0,0.0,0.0,0.0,0.0,0.0,0.0,0.0,0.0,0.0,0.0,0.0,0.0,0.0,0.0,0.0,0.0,0.0,773.602,0.0,0.0,0.0,0.0,0.0,0.0,0.0,0.0,0.0,0.0,0.0
HNRNPA2B1,3187.4937,747.1045,2503.8298,2933.569,2348.133,2930.0151,2125.5955,5515.1577,0.0,2926.6086,1623.642,0.0,5853.8804,2187.3962,4542.4136,651.9895,3546.4795,3518.3057,3964.9092,3821.378,1046.58,1428.149,8233.042,1737.7864,729.8898,735.593,3253.8164,2082.0867,1350.0808,862.686
AC004540.1,0.0,0.0,1.7520224,0.0,0.0,0.0,0.28497413,0.0,3.3966594,32.696976,3.349717,0.0,18.689182,0.0,0.0,0.0,0.0,0.0,0.0,1.4880016,0.0,3.6915758,0.0,0.0,9.336491,66.982666,41.44493,0.0,0.0,0.0
KIAA0087,0.0,0.0,0.0,0.0,0.0,0.0,0.0,0.0,0.0,58.098957,0.0,0.0,0.0,0.0,0.0,0.0,0.0,0.0,0.0,0.0,0.0,0.0,0.0,0.0,0.0,0.0,0.0,0.0,0.0,0.0
HOXA5,0.0,2.2227495,0.0,0.0,0.0,3.148311,34.413734,0.0,22.17278,73.31986,0.21563682,11.919435,0.51809365,0.0,0.0,0.0,0.6363924,0.0,0.0,0.0,0.0,0.0,0.3013165,0.0,54.36236,43.79757,0.0,0.0,0.0,0.0
HOXA10-AS,0.0,0.0,0.0,1.2814384,0.0,29.999725,0.0,0.0,0.0,92.14565,0.0,0.0,6.720087,6.439965,3.1634824,0.0,0.0,0.0,38.48324,7.0299673,0.0,0.0,5.8711963,0.0,0.0,57.114025,0.0,71.50413,8.322162,0.0
CPVL,0.0,387.25375,0.0,0.0,254.78331,0.0,1435.9681,0.0,1023.4532,0.0,551.74115,0.0,0.0,0.0,0.0,652.5431,0.0,0.0,0.0,0.0,0.0,0.0,125.89328,0.0,0.0,0.0,0.0,0.0,0.0,1723.1862
GGCT,56.004086,70.4603,0.0,65.74877,329.3482,471.185,169.71097,180.71971,10.881251,509.11557,30.238443,0.0,1604.8512,455.05014,73.41752,0.0,170.11737,29.517035,186.27821,509.63846,39.52089,0.0,0.0,0.0,0.0,159.67253,15.61564,117.56682,121.20655,0.0
AQP1,0.0,0.0,0.0,0.0,0.0,0.0,0.0,0.0,0.0,0.0,0.0,0.0,0.0,0.0,0.0,245.15834,0.0,0.0,0.0,0.0,0.0,0.0,0.0,0.0,0.0,0.0,0.0,0.0,0.23108055,0.0
PPP1R17,0.0,0.0,0.0,0.0,0.0,0.0,0.0,0.0,0.0,0.0,60.10992,0.0,0.0,0.0,0.0,0.0,0.0,0.0,0.0,0.0,0.0,0.0,0.0,0.0,0.0,0.0,0.0,0.0,0.0,0.0
AC018647.2,16.050777,4.9584165,7.257306,4.9984183,0.0,53.84699,0.0,1.8358985,0.0,33.90789,2.0738707,0.0,0.0,9.687242,0.0,0.0,0.0,0.0,18.517805,0.0,0.0,0.0,23.412752,0.0,6.331454,0.0,104.31086,64.529236,0.0,0.0
EPDR1,0.0,0.0,0.0,0.0,128.82526,93.05516,0.0,0.0,0.0,40.56183,0.0,0.0,107.734856,0.0,0.0,16.063639,0.0,0.0,71.415436,0.0,0.0,0.0,139.36636,0.0,0.0,274.96964,0.0,0.0,14.954968,0.0
TRGC2,492.86197,0.0,0.0,1804.6786,0.0,0.0,0.0,0.0,0.0,0.0,0.0,0.0,0.0,0.0,18.821175,0.0,0.0,0.0,0.0,0.0,0.0,0.0,0.0,0.0,0.0,0.0,40.425846,0.0,0.0,360.91086
TRGC1,59.094627,0.0,0.0,1260.2085,0.0,0.0,0.0,0.0,0.0,0.0,0.0,0.0,0.0,530.74554,0.0,0.0,0.0,0.0,0.0,0.0,133.46146,0.0,0.0,0.0,0.0,89.95254,0.0,0.0,83.71638,0.0
BLVRA,58.15347,168.60983,0.0,119.98592,571.7871,387.58804,41.089127,0.0,339.30746,136.27354,457.01468,395.7756,290.2439,80.41489,0.0,362.70743,0.0,0.0,22.245132,65.160034,99.72135,0.0,220.29814,0.0,96.365204,34.60202,0.0,3.406205,0.0,292.1963
POLD2,152.77599,0.0,125.55269,0.0,486.22043,528.78314,40.982433,100.984436,0.0,343.32135,0.0,145.69516,928.4245,307.28293,236.19627,0.0,174.27599,0.0,179.69006,281.9638,0.0,0.0,32.62469,68.04158,0.0,39.108097,334.82022,0.0,0.0,0.0
PPIA,3275.5254,860.2132,2702.1409,3479.8706,3730.1343,5721.5312,3952.1885,4580.635,0.0,4010.5352,1987.3268,2968.1228,10269.198,5439.344,1575.9009,0.0,5218.017,2789.7263,4682.0645,4285.4717,4125.4424,1685.4473,5122.2744,1600.0157,0.0,2258.949,3190.2102,2976.928,6031.831,1481.6731
H2AFV,747.3567,130.76839,0.0,772.33124,111.216736,1585.8279,594.58246,2093.0852,233.62871,715.49786,158.34183,1266.6547,2828.4749,1040.7993,569.83795,0.0,1339.5242,808.8056,1272.611,1571.2689,747.40625,1046.0436,4724.22,145.71089,219.7831,753.67523,530.4547,1646.9873,652.73566,1121.2094
AC124014.1,0.0,0.0,6.5287237,0.0,0.0,0.0,0.0,0.0,0.0,0.0,0.0,0.0,0.0,0.0,0.0,0.0,0.0,0.0,10.275395,0.0,0.0,0.0,0.0,0.0,17.98379,6.4290166,0.0,0.0,0.026119765,0.0
MRPS17,44.805725,0.0,16.936811,50.223118,388.72476,130.3536,0.0,78.368484,7.2519507,29.390598,28.106031,170.15984,0.0,30.85165,95.717354,0.0,36.51981,0.0,91.60167,0.0,157.53262,60.347546,116.62782,0.0,0.0,139.11047,0.0,15.043496,9.016889,0.0
CCT6A,174.20059,120.23281,0.0,210.91542,1648.8319,908.37756,217.66191,387.84814,121.60091,616.6471,206.61046,373.03027,965.52704,265.9303,188.33966,547.8995,176.25072,22.74875,724.65955,405.1372,96.00402,0.0,1538.7338,194.84087,0.0,0.0,92.92356,460.6214,0.0,0.0
CHCHD2,3082.5117,492.65454,1980.3281,3112.7944,2223.0444,3753.1785,2296.0889,4240.362,1208.4246,2556.7249,1540.276,3520.6255,4979.5464,2451.763,2300.4006,129.56609,3973.5469,2171.975,3516.411,3327.6343,2170.0908,2173.8943,1642.9229,281.17926,2733.357,1368.5631,1563.5969,1011.8702,1017.3135,685.5502
AC073349.1,0.0,0.0,0.0,0.0,57.009792,58.5268,0.0,0.0,0.0,0.0,0.0,0.9466922,19.217085,0.0,0.0,151.5148,0.0,0.0,0.0,0.0,0.0,0.0,17.648083,0.0,0.0,0.0,0.0,0.0,0.0,0.0
LAT2,0.0,231.49495,683.52625,428.9883,0.0,0.0,320.49286,1451.5651,0.0,734.07196,80.43678,0.0,27.859043,77.21929,0.0,0.0,62.799335,0.0,2359.2844,296.80173,0.0,0.0,173.23401,0.0,0.0,0.0,13.103676,250.22455,0.0,0.0
GTF2I,86.203094,197.38177,286.4516,260.24686,0.0,837.07434,0.0,717.64685,66.505615,470.9678,68.37213,1158.0105,0.0,84.53121,3.762337,0.0,477.70035,201.76068,755.4014,318.2728,44.752316,0.0,5.5762086,243.2341,90.284164,745.349,0.0,246.41594,425.59985,0.0
FGL2,0.0,1268.514,0.0,0.0,0.0,0.0,604.0926,0.0,109.78986,0.0,1733.7965,0.0,0.0,0.0,60.398117,0.0,0.0,0.0,0.0,0.0,0.0,0.0,0.0,8.179828,0.0,0.0,0.0,0.0,0.0,232.8905
AC004990.1,1.7962964,0.0,16.862299,0.0,0.0,1.2110639,0.0,0.0,0.0,0.0,0.0,15.257269,0.0,0.0,2.805456,0.0,2.6767354,0.0,0.0,12.121086,0.0,1.3848866,0.0,0.0,0.0,0.0,0.0,0.0,0.0,0.0
CD36,0.0,1250.9955,0.0,0.0,956.57684,0.0,80.228386,0.0,696.1258,0.0,270.3693,218.45357,28.338272,0.0,0.0,1763.0576,611.46387,0.0,0.0,0.0,0.0,0.0,490.3198,150.3166,0.0,0.0,0.0,0.0,0.0,608.8145
SEMA3C,0.0,34.07155,0.0,0.0,0.0,27.140429,0.0,0.0,0.0,7.4692,0.0,0.0,0.0,0.0,1.560847,0.0,66.54826,0.0,0.0,5.607324,0.0,0.0,0.0,0.0,13.008847,22.594662,0.0,0.0,0.0,0.0
DBF4,229.36247,0.0,169.99594,264.98834,36.645428,0.0,0.0,147.533,277.74353,26.276785,0.0,640.5149,214.36322,0.0,83.94012,0.0,0.0,397.37247,0.0,6.0213127,310.46823,1061.793,2128.244,0.0,1065.5841,124.30762,0.0,672.3201,171.09799,46.085823
SRI,532.53644,111.22975,288.28464,723.98334,1361.0718,646.695,190.33574,292.96637,0.0,780.6539,306.5904,462.16516,660.46674,454.2363,486.99207,618.5377,426.43695,365.46732,150.15898,662.47186,115.80538,166.98526,321.2556,14.310046,132.6613,658.9617,152.20444,505.68695,145.42455,217.5161
CDK6,21.133322,0.0,0.0,1.7432204,182.97095,1055.6635,0.0,346.98355,0.0,1628.4886,0.0,186.20512,76.27668,395.3731,0.0,0.0,102.18358,0.0,1069.8312,282.45465,0.0,0.0,373.8955,6.531962,0.0,0.0,231.51479,577.5056,0.0,0.0
AC002454.1,0.0,0.0,0.0,0.0,0.0,90.383644,0.0,0.0,0.0,549.0571,0.0,0.0,214.44539,60.457703,0.0,0.0,0.0,0.0,323.90207,0.0,0.0,0.0,38.209503,0.0,0.0,0.0,0.0,56.518074,0.0,0.0
GNG11,0.0,0.0,0.0,0.0,0.0,0.0,0.0,0.0,0.0,0.0,0.0,0.0,0.0,0.0,0.0,0.0,0.0,1530.5936,812.84564,0.0,0.0,0.0,0.0,15049.321,0.0,0.0,0.0,0.0,0.0,0.0
COL1A2,0.0,0.0,0.0,0.0,0.0,0.0,0.0,0.0,0.0,0.0,0.0,0.0,0.0,0.0,0.0,0.0,0.0,0.0,0.0,0.0,0.0,0.0,0.0,0.0,227.219,1135.8225,0.0,0.0,532.88135,0.0
SGCE,0.0,0.0,165.59877,9.45394,0.0,0.0,0.0,0.0,0.0,0.0,0.0,6.897439,9.671746,0.0,0.0,0.0,0.0,0.0,1.3105782,0.0,0.0,0.0,0.0,13.219309,0.0,718.9445,0.0,0.0,0.0,0.0
DLX5,0.0,0.0,0.0,0.0,0.0,0.0,0.0,0.0,0.0,0.0,0.0,0.0,0.0,0.0,0.0,0.0,0.0,0.0,0.0,0.0,0.0,0.0,0.0,0.0,38.431778,134.21088,0.0,0.0,0.0,0.0
ATP5MF,1076.3253,912.5092,260.62625,1325.0585,2124.7017,1865.9309,1752.9667,1602.7045,0.0,752.1414,1445.1793,462.19022,2991.5767,2013.7878,1476.4049,796.30835,1798.82,919.54865,2111.6982,1377.4417,103.81332,581.05426,1378.4883,326.25113,0.0,521.2558,422.73923,1101.9086,2323.0815,2357.8616
AZGP1,0.0,0.0,0.0,0.0,6.3361983,0.21537961,0.0,0.0,0.0,0.0,0.0,0.0,1.5644754,0.0,0.0,0.0,0.0,0.0,0.0,0.0,0.0,0.0,0.0,0.0,0.0,0.0,0.0,0.0,0.0,0.0
MCM7,0.0,0.0,0.0,42.207302,348.2522,354.30136,0.0,621.4381,0.0,273.46616,0.0,313.06906,3246.089,228.28462,105.44091,625.45886,60.051582,0.0,200.14784,193.07558,0.0,0.0,291.33972,44.83921,0.0,12.6812725,87.14671,0.0,38.076912,0.0
NYAP1,0.0,0.0,0.0,0.0,1.3136932,0.0,0.0,0.0,0.0,0.0,0.0,0.41854233,0.0,0.0,0.0,0.9523974,0.0,0.0,7.8354654,0.0,19.248299,11.076015,1.3504115,0.0,0.0,0.0,0.0,0.0,0.0,0.0
PCOLCE,0.0,0.0,0.0,27.296623,0.0,0.0,0.0,0.0,0.0,0.0,0.0,0.0,0.0,0.0,0.0,0.0,0.0,0.0,0.0,0.0,0.0,0.0,0.0,0.0,181.79977,3463.768,496.819,0.0,159.66644,0.0
TFR2,0.0,0.0,0.0,0.0,257.4602,357.00977,0.0,0.0,0.0,0.0,0.0,250.04808,91.25649,0.0,0.0,147.5154,0.0,0.0,0.0,0.0,0.0,0.0,248.27391,0.0,0.0,0.0,0.0,0.0,0.0,0.0
ZAN,0.05104866,0.1655565,0.0,0.0,0.0,0.0,0.0,0.0,0.0,2.5488467,0.0,0.0,2.1618073,0.25986055,0.0,0.0,8.069488,0.0,0.0,0.0,0.08981686,0.0,2.656854,0.0,0.0,0.0,1.4813817,0.0,0.0,0.0
ACHE,0.0,0.0,0.0,0.0,39.753555,0.0,0.0,0.0,0.0,0.0,0.0,32.12589,20.773218,0.0,0.0,222.24403,0.0,0.0,0.0,0.0,0.0,0.0,15.885075,0.0,0.0,0.0,0.0,0.0,0.0,0.0
SERPINE1,0.0,0.0,0.0,0.0,0.0,0.0,0.0,0.0,1.7081839,0.0,1.6387993,0.0,0.0,0.0,0.0,0.0,0.0,32.61714,0.0,21.572538,0.0,0.0,0.0,35.14539,0.0,0.0,317.3285,0.0,0.0,0.0
NAMPT,0.0,2738.9907,0.0,0.0,0.0,0.0,0.0,0.0,12633.66,0.0,1890.6127,0.0,0.0,0.0,0.0,0.0,0.0,0.0,0.0,0.0,0.0,0.0,0.0,0.0,0.0,1119.8473,0.0,678.14044,0.0,0.0
PRKAR2B,0.0,7.467107,0.0,0.0,134.8656,172.75761,0.0,0.0,0.0,0.0,0.0,62.48986,84.36581,9.589961,0.0,111.78547,5.223914,32.570267,0.0,249.08186,0.0,0.0,154.62454,1023.63965,0.0,86.15208,0.0,0.0,0.0,0.0
AC004492.1,1.1948124,0.18709652,1.965125,0.0,0.0,7.2448735,0.0,0.0,0.0,0.0,1.3042184,0.0,2.8812535,0.27868402,1.0876389,0.0,0.0,0.0,0.0,0.0,0.0,0.0,2.5575967,0.0,6.786203,0.0,0.0,0.0,2.4461815,0.0
AC002467.1,5.677494,0.0,0.0,6.3622355,0.5339222,68.02299,0.0,8.746026,3.039205,0.0,11.946487,10.8323,0.0,0.0,0.0,0.0,10.315494,0.0,12.68588,91.51231,0.0,0.0,56.55394,4.7705455,0.0,0.0,89.40138,327.0895,20.812996,0.0
LRRN3,216.53777,0.0,0.0,0.0,0.0,0.0,0.0,0.0,0.0,0.0,0.0,0.0,0.0,0.0,0.0,0.0,0.0,0.0,0.0,0.0,0.0,0.0,0.0,98.659485,0.0,0.0,29.517572,94.29911,0.0,31.349424
TSPAN33,0.0,0.0,104.610504,0.0,0.0,0.0,174.23616,0.0,33.677757,0.0,0.0,0.0,0.0,0.0,0.0,0.0,0.0,411.14084,0.0,0.0,0.0,126.1825,0.0,31.364902,0.0,0.0,0.0,0.0,0.0,0.0
CPA5,347.6686,0.0,0.0,0.0,0.0,0.0,0.0,0.0,0.0,0.0,0.0,0.0,0.0,0.0,0.0,0.0,0.0,0.0,0.0,0.0,0.0,0.0,0.0,0.0,0.0,0.0,0.0,0.0,0.0,0.0
MEST,0.0,0.0,0.0,0.0,0.0,714.90314,0.0,43.654602,0.0,563.4226,0.0,0.0,125.91616,60.330124,0.0,0.0,0.0,0.0,42.42664,479.43558,0.0,0.0,0.0,53.1051,0.0,563.964,69.87254,125.02391,112.70978,0.0
CHCHD3,101.1656,0.0,64.031456,117.96462,349.68326,255.09944,66.08415,197.88512,0.0,239.66505,77.09376,277.2636,442.75754,42.75683,86.484436,105.292046,154.66707,30.824757,178.6532,211.23575,3.1219165,0.0,295.6803,2.0309033,0.0,0.0,86.09128,0.0,127.00631,93.711815
AKR1B1,419.91367,5.421986,62.695362,385.28595,0.0,28.99398,418.52936,1739.1954,0.0,654.5325,0.0,0.0,516.82666,221.63132,9.519791,0.0,0.0,0.0,0.0,596.97437,65.21882,0.0,0.0,0.0,0.0,10.050811,410.2369,0.0,465.73752,1036.7816
CALD1,0.0,0.0,0.0,0.0,0.0,0.0,0.0,0.0,0.0,0.0,0.0,0.0,0.0,0.0,0.0,0.0,0.0,395.12238,0.0,112.80732,0.0,0.0,0.0,224.33553,224.18973,2233.787,121.40518,0.0,0.0,0.0
TMEM140,0.0,0.0,0.0,12.492414,0.0,0.0,0.0,0.0,0.0,0.0,0.0,0.0,0.0,0.0,0.0,0.0,0.0,0.0,0.0,0.0,0.0,112.31897,0.0,3321.0479,319.9423,0.0,0.0,0.0,0.0,0.0
KLRG2,0.0,0.07167223,0.0,0.0,0.42249256,2.379047,0.92359674,0.0,0.0,1.8890809,0.0,2.137811,4.589844,0.0,0.0,0.0,0.0,0.0,0.0,0.0,0.0,0.0,0.0,0.0,0.0,0.0,0.0,0.0,0.0,0.0
TBXAS1,0.0,161.80031,0.0,106.966896,0.0,9.272423,46.51464,0.0,79.9469,267.68094,690.3129,0.0,0.0,14.177001,0.0,0.0,39.92985,290.95123,0.0,409.22202,0.0,22.246382,0.0,337.44394,0.0,39.833214,0.0,64.71196,0.0,68.065155
TRBV3-1,45.99178,0.0,0.0,9.177995,0.0,0.0,0.0,0.0,0.0,0.0,0.0,0.0,0.0,0.0,0.0,0.0,0.0,0.0,0.0,2.0961819,0.0,0.0,1.2047082,0.0,0.0,0.0,38.866123,0.0,2.9802203,0.0
TRBV6-1,3.6000986,0.0,0.0,4.6273904,0.0,0.0,0.0,0.0,0.0,0.0,0.0,0.0,0.0,0.0,0.0,0.0,0.0,0.0,0.0,0.0,0.0,0.0,0.0,0.0,0.0,25.049515,0.0,0.0,0.0,8.480619
TRBV7-9,8.398632,0.044264294,0.0,0.0,0.0,0.0,0.0,0.0,0.0,0.0,0.0,0.0,0.0,0.0,0.0,0.0,0.0,0.0,1.3547927,0.0,0.0,0.0,0.0,0.0,0.0,0.0,0.0,0.0,1.6561412,0.0
TRBV14,75.19936,0.0,0.0,0.0,0.0,0.0,0.0,0.0,0.0,0.0,0.0,0.0,0.0,0.0,0.0,0.0,0.0,0.0,0.0,0.0,0.0,0.0,0.0,42.219448,12.936524,0.0,0.0,0.0,272.9182,0.0
PRSS2,0.0,0.0,0.0,0.0,0.0,0.0,0.0,0.0,0.0,164.43314,0.0,0.0,0.91631997,0.0,0.0,0.0,0.0,0.0,0.0,0.0,0.0,0.0,12.062371,0.0,0.0,0.0,0.0,0.0,0.0,0.0
TRBC1,6677.643,0.0,0.0,2983.6726,0.0,0.0,0.0,0.0,0.0,0.0,0.0,0.0,0.0,0.0,0.0,0.0,0.0,0.0,0.0,0.0,0.0,0.0,0.0,0.0,0.0,0.0,0.0,0.0,0.0,360.02237
KEL,0.0,0.0,0.0,0.0,95.41287,24.760002,0.0,0.0,0.0,0.0,0.0,92.04617,0.0,0.0,0.0,256.59842,0.0,0.0,0.0,0.0,0.0,0.0,23.046417,0.0,0.0,0.0,0.0,0.0,0.0,0.0
ZYX,205.87439,419.96194,0.0,142.48221,0.0,0.0,461.25085,0.0,612.4693,291.3044,541.2696,0.0,66.15524,418.48666,0.5536082,0.0,239.4559,1555.712,0.0,267.8003,323.87103,0.0,261.76822,72.71284,16.739136,0.0,455.62604,343.4124,197.6554,131.02568
EZH2,0.0,0.0,0.0,43.459137,0.0,81.183815,23.552801,386.53638,34.118385,78.46664,1.3970288,168.83305,1103.4858,0.0,55.05703,0.0,9.517059,154.66432,156.4644,0.0,59.905277,0.0,489.89084,0.0,84.76064,2.8356419,0.0,15.389366,0.0,0.0
PDIA4,214.38235,101.27801,4.5578775,338.20825,12.390176,0.0,177.64871,112.379326,0.0,73.77955,150.79956,0.0,454.9158,699.03503,0.0,0.0,1070.5669,0.0,228.96089,942.77185,0.0,4061.3774,738.0339,0.0,0.0,308.1316,662.96783,0.0,343.54303,22.660646
ZNF425,1.0137883,0.07046933,0.0,3.1082695,0.0,10.733041,0.0,0.0,0.0,4.397596,0.0,0.0,0.0,0.0,0.0,0.0,0.0,0.0,84.30511,0.0,0.0,0.0,0.0,6.0613003,0.0,4.3824444,0.0,0.0,0.0,0.0
RARRES2,0.0,0.0,0.0,0.0,0.0,0.0,0.0,0.0,0.0,0.0,0.0,0.0,0.0,0.0,0.0,0.0,0.0,0.0,0.0,0.0,0.0,0.0,0.0,0.0,200.83525,1605.9652,262.07672,0.0,346.26166,0.0
TMEM176A,0.0,393.7116,0.0,0.0,0.0,0.0,18.304644,0.0,0.0,0.0,228.23888,0.0,0.0,0.0,243.33891,0.0,0.0,0.0,0.0,0.0,0.0,0.0,0.0,0.0,0.0,885.3845,24.45118,0.0,1121.0646,0.0
KCNH2,0.0,0.0,0.0,0.0,901.4099,152.09229,0.0,0.0,0.0,0.0,0.0,420.5388,35.02885,0.0,0.0,659.8831,0.0,0.0,0.0,0.0,0.0,0.0,882.224,0.0,0.0,0.0,0.0,0.0,0.0,71.52185
XRCC2,0.0,0.0,0.0,0.0,29.81131,11.478887,0.0,6.535172,0.0,11.307949,0.0,1.3611032,169.21275,0.9223784,0.0,0.0,0.0,0.0,4.9565363,45.160633,2.3972516,0.0,31.020582,48.58108,0.0,0.0,0.0,97.38196,0.0,0.0
AL732314.4,0.95746714,0.023874097,0.35643825,0.0,0.0,0.0,0.0,0.0,1.0155145,0.0,0.0,7.334043,0.0,7.6495113,0.0,3.348776,9.973724,0.0,17.702333,0.0,0.0,11.987729,0.0,0.0,0.0,0.0,0.0,0.0,0.6311838,0.0
IL3RA,0.0,0.0,31.687548,0.0,0.0,0.0,0.0,29.058035,0.0,28.396927,157.7433,0.0,0.0,0.0,0.0,0.0,2189.3132,0.0,41.1303,0.0,0.0,0.0,0.0,0.0,0.0,0.0,0.0,0.0,58.415512,0.0
PNPLA4,25.982166,0.10792043,9.358185,14.6981325,134.26347,150.48026,23.34464,35.437828,0.0,55.950375,28.195454,0.0,219.77478,10.305823,0.0,0.0,6.980278,28.800367,17.037165,0.0,0.0,0.0,0.0,42.737255,0.0,31.280071,136.05647,78.8563,49.374264,0.0
ARHGAP6,0.0,0.0,0.0,0.0,0.0,0.0,0.0,0.0,0.0,0.0,0.0,0.0,0.0,0.0,0.0,0.0,0.0,129.30132,0.0,158.80176,0.0,0.0,0.0,343.74063,0.0,0.0,0.0,0.0,0.0,0.0
TMSB4X,102202.87,39103.4,34705.504,106839.37,8072.81,8152.311,78727.2,25306.203,7927.052,612.91235,90839.81,0.0,21215.232,37568.277,54858.074,0.0,32264.844,108502.26,34116.28,119129.69,50122.02,28952.979,19200.1,94296.68,0.0,47798.004,47012.11,29722.559,54849.598,65834.305
PIR,0.0,0.0,0.0,0.0,100.51542,39.281113,0.0,0.0,0.0,9.408223,0.0,13.36871,22.537077,0.0,0.0,13.298317,0.0,0.0,0.0,0.0,0.0,0.0,57.11838,0.0,0.0,0.0,0.0,0.0,0.33040982,0.0
AP1S2,282.5416,2948.678,83.44387,31.37428,0.0,162.7428,3013.7036,909.8489,2383.7634,598.80975,2124.6055,0.0,0.0,0.0,0.0,11.24067,1360.9608,45.98006,589.0935,189.4858,90.020966,0.0,87.24926,1353.1676,0.0,147.28343,0.0,614.4816,485.35483,382.37976
PDHA1,82.155914,0.0,23.917328,110.21928,404.24646,225.36674,29.757236,0.0,0.0,157.86607,65.529686,168.70279,584.097,176.56956,161.11346,98.26628,94.59097,0.0,197.88771,170.9399,0.0,0.0,234.75975,200.29504,0.0,0.0,87.14936,0.0,171.52429,251.53128
KLHL34,8.613603,0.0,5.0698094,0.0,7.6610923,11.072594,0.0,0.0,0.0,0.0,0.0,0.0,0.0,0.5029002,0.0,0.0,0.0,1.2338665,0.0,0.0,0.0,0.0,0.0,0.0,0.0,0.0,0.0,0.0,0.0,1.0432
SMS,233.95158,253.02293,142.47519,320.61255,536.8497,730.5104,324.02432,253.45241,391.36188,374.29883,468.36182,0.0,1625.3185,292.31982,174.29608,0.0,38.644516,56.776974,459.52682,466.06842,16.98549,107.152916,796.1959,57.7712,0.0,5.7031493,225.7633,17.950333,399.608,672.07135
PRDX4,6.739164,11.181742,0.0,60.996113,346.29132,349.65735,75.57024,0.0,0.0,337.92545,159.91151,118.36206,574.04535,322.5869,156.28305,0.0,74.38471,240.68695,136.08636,302.9218,0.0,1423.3678,214.03377,0.0,0.0,381.2314,0.0,418.29266,150.40659,13.847709
SAT1,999.8143,4141.4004,1390.2961,1098.0256,0.0,0.0,2081.9827,15.561589,23337.545,197.6804,17687.951,1235.5297,0.0,0.0,6158.4688,0.0,2216.1719,1780.1898,1081.5814,0.0,2748.814,1972.024,1464.3508,7332.896,4261.8677,2048.0564,2357.857,2452.2544,2264.2812,8310.571
POLA1,0.0,0.0,7.1811614,5.8687987,0.0,15.559933,0.0,34.722237,0.0,0.0,0.0,244.138,301.7431,62.644333,0.0,0.0,0.0,0.0,0.0,0.0,0.0,0.0,0.0,8.483705,25.032099,0.0,10.698636,0.0,0.0,41.01681
XK,0.0,0.0,0.0,0.0,59.880405,49.388485,0.0,0.0,0.0,0.0,0.0,64.902885,16.238667,0.0,0.0,90.386856,0.0,0.0,0.0,15.701972,0.0,0.0,34.227036,124.41999,0.0,0.0,3.4298031,0.0,0.0,0.0
SRPX,0.0,0.0,0.0,0.0,0.0,0.0,0.0,0.0,0.0,0.0,0.0,0.0,0.0,0.0,0.0,0.0,29.259193,0.0,0.0,0.0,0.0,0.0,0.0,0.0,16.175735,599.39246,0.0,0.0,525.7562,0.0
LINC01281,8.170677,0.0,0.0,0.0,0.0,0.87963974,0.0,8.276977,0.0,0.0,0.0,0.0,0.0,0.0,0.0,1.5429415,0.0,0.0,0.0,0.0,7.346283,0.0,0.0,0.0,0.0,0.0,0.0,0.0,0.0,0.0
MAOA,0.0,0.0,0.0,0.28467664,1.3834237,11.393777,0.0,0.0,0.0,0.0,0.0,10.471374,0.0,0.0,0.0,0.0,3.5950186,0.0,0.0,0.0,0.0,0.0,0.0,0.0,0.0,4.124001,0.0,0.0,0.0,0.0
TIMP1,337.30402,1169.6995,0.0,59.225616,0.0,802.36066,1316.5608,0.0,3726.5007,26.45454,6616.5264,25.197498,0.0,0.0,0.0,0.0,0.0,1879.6256,0.0,891.1888,547.2387,143.01155,0.0,2584.8225,2537.829,1015.9599,1025.3967,1199.1335,1986.948,703.5234
CFP,22.165476,1459.6096,0.0,0.0,0.0,0.0,1443.8816,0.0,879.24835,0.0,2437.9678,0.0,0.0,0.0,0.0,0.0,0.0,0.0,0.0,0.0,143.48474,0.0,0.0,0.0,0.0,0.07255825,0.0,54.970245,77.2029,608.3425
SLC38A5,11.241717,0.0,0.0,27.727058,272.24326,109.82053,0.0,3.9042373,0.0,50.456158,0.0,149.34071,78.10741,33.37697,0.0,380.83676,19.789824,0.0,0.0,0.0,98.95713,55.61483,247.55267,0.0,0.0,0.0,0.0,40.01784,177.50381,268.89365
GATA1,0.0,0.0,0.0,0.0,501.57642,336.96445,0.0,0.0,0.0,0.0,0.0,45.25171,177.74356,0.0,0.0,351.08862,0.0,0.0,0.0,0.0,0.0,0.0,440.19733,341.46716,0.0,0.0,0.0,0.0,0.0,204.41309
PCSK1N,320.58035,0.0,0.0,0.0,0.0,0.0,0.0,0.0,0.0,0.0,0.0,0.0,0.0,0.0,0.0,0.0,0.0,0.0,0.0,0.0,0.0,0.0,0.0,0.0,0.0,0.0,248.44379,0.0,79.99266,0.0
FOXP3,21.6491,0.0,0.0,0.0,0.0,0.0,0.0,0.0,0.0,0.0,0.0,0.0,21.154953,0.0,0.0,0.4830965,0.0,0.0,0.0,0.0,0.0,0.0,0.0,0.0,0.0,0.0,0.0,61.382328,0.0,0.0
DGKK,0.0,0.0,0.0,6.846954,0.0,0.0,0.0,0.0,0.0,0.0,0.0,0.0,0.0,0.0,1.5048217,0.0,0.25035998,0.0,0.0,0.0,0.0,0.0,0.0,0.0,0.0,0.0,3.7493386,0.0,0.0,0.0
SMC1A,108.12602,55.09419,47.920773,65.369965,70.013855,70.28552,135.21962,380.62112,0.0,129.10275,39.31978,193.44089,1422.2297,238.35368,91.12361,42.276314,187.8883,183.9668,157.21019,304.5269,182.44887,0.0,508.29166,27.277449,184.76683,290.5744,0.0,231.18213,750.448,0.0
ALAS2,0.0,0.0,0.0,0.0,400.1637,0.0,0.0,0.0,0.0,0.0,0.0,19.351028,87.44679,0.0,0.0,2385.7441,0.0,0.0,0.0,0.0,0.0,0.0,385.558,0.0,0.0,0.0,0.0,0.0,0.0,0.0
PAGE2B,0.048000336,0.0,0.0,0.0,0.0,0.0,0.0,0.0,0.0,0.0,0.0,0.0,0.0,0.0,0.0,46.96651,0.0,0.0,0.0,0.0,13.954967,0.0,0.0,0.0,0.0,4.646462,5.4494653,0.0,0.0,0.0
PAGE5,17.901262,0.0,0.0,0.0,0.0,38.797977,0.0,0.0,0.0,14.969413,0.0,0.0,0.0,0.0,0.0,0.0,0.0,0.0,0.0,45.751595,26.477833,0.0,0.0,0.0,66.57686,0.0,0.0,0.0,0.0,0.0
VSIG4,0.0,0.0,0.0,0.0,0.0,0.0,36.13726,0.0,7.7801037,0.0,0.0,0.0,0.0,0.0,0.0,0.0,0.0,0.0,0.0,0.0,0.0,0.0,0.0,25.570366,0.0,1.5798016,0.0,0.0,0.0,1213.0082
EFNB1,0.43765348,0.0,0.0,2.3716872,0.0,0.0,166.04448,0.0,0.0,0.0,0.0,0.0,0.0,0.0,7.997011,26.985592,0.0,0.0,5.2721972,6.447592,74.558426,0.0,0.0,9.35052,77.60284,82.80332,168.05064,0.0,0.0,0.0
KIF4A,0.0,0.0,0.0,0.0,0.0,0.0,0.0,15.61409,0.0,0.0,0.0,9.041414,68.547966,0.0,0.0,23.785494,0.0,0.0,0.0,0.0,0.0,0.0,475.31076,0.0,0.0,0.0,0.0,0.0,0.0,0.0
CXCR3,269.04184,0.0,0.0,182.72961,0.0,0.0,0.0,0.0,0.0,0.0,0.0,0.0,0.0,0.0,0.0,0.0,1053.5564,0.0,0.0,0.0,0.0,0.0,0.0,0.0,0.0,0.0,32.23256,0.0,0.0,0.0
PIN4,301.9105,101.6792,131.00807,326.769,239.0059,428.15616,135.83565,469.57822,0.0,294.98007,187.40355,0.0,413.79398,270.87665,407.50507,488.71515,161.09294,185.93153,720.19794,434.5638,26.204063,0.0,152.49403,115.22979,0.0,345.0961,0.0,96.70979,159.75177,0.0
LPAR4,0.0,0.0,0.254996,0.0,0.0,0.0,0.0,0.0,0.0,6.4988785,0.0,0.0,0.0,0.43176967,0.0,0.0,2.6306562,0.0,0.0,39.79105,0.0,0.0,0.0,0.0,0.0,0.0,0.0,0.0,57.83593,0.0
HMGN5,0.0,0.0,0.0,0.0,709.9975,433.34793,0.0,0.0,0.0,140.13542,0.0,294.97333,776.75165,188.83278,0.0,250.68768,0.0,0.0,79.08324,57.373516,0.0,0.0,141.46486,0.0,0.0,21.800644,0.0,99.51691,334.50635,0.0
RPS6KA6,0.66929305,0.0,8.7355,0.0,0.79750097,0.0,0.8501201,0.0,1.036588,20.145372,0.0,0.0,0.0,0.0,1.2341816,3.4590304,0.0,3.064707,0.0,0.0,0.0,0.0,0.0,0.0,0.0,39.931057,0.0,0.0,0.0,0.0
FAM133A,0.0,0.0,0.0,0.0,0.0,0.0,0.0,0.0,0.0,77.30808,0.0,0.0,0.0,0.0,0.0,0.0,0.0,0.0,0.0,0.0,0.0,0.0,0.0,0.0,0.0,0.0,0.0,0.0,0.0,0.0
ARMCX2,10.599493,0.0,12.606122,0.29050916,0.0,0.0,0.0,0.0,0.0,174.68456,0.0,0.0,0.0,0.0,0.0,0.0,0.0,0.0,41.214043,0.0,0.0,0.0,0.0,0.0,38.142536,37.69322,14.0929575,45.345127,172.30525,0.0
TMSB15A,0.0,0.0,0.0,0.0,0.0,0.0,0.0,83.21875,0.0,0.0,0.0,0.0,83.93302,0.0,0.0,0.0,0.0,0.0,0.0,171.506,0.0,0.0,85.04567,0.0,0.0,0.0,0.0,0.0,0.0,0.0
BEX1,0.0,0.0,0.0,0.0,0.0,0.0,0.0,0.0,0.0,749.0736,0.0,0.0,0.0,420.65915,0.0,0.0,0.0,0.0,0.0,0.0,0.0,0.0,0.0,0.0,0.0,0.0,0.0,0.0,0.0,0.0
TCEAL5,0.0,0.0,0.0,0.0,0.0,0.0,0.0,0.0,0.0,23.64686,0.0,0.0,10.19642,8.16696,0.0,0.0,2.8555253,0.0,1.9655409,10.09397,0.0,0.0,0.0,0.0,0.0,0.0,0.0,8.048403,0.0,0.0
TCEAL9,0.0,0.0,0.0,0.0,9.902291,172.42361,0.0,0.0,0.0,363.26382,0.0,0.0,468.5578,89.83025,0.0,0.0,0.0,92.95335,0.0,583.7722,0.0,0.0,114.62477,0.0,0.0,62.88691,28.148739,125.83604,0.0,421.25357
BEX3,301.62082,0.0,0.0,0.0,0.0,980.63525,0.0,0.0,0.0,1596.2594,0.0,0.0,376.71945,1565.9265,0.0,0.0,0.0,925.60156,60.37254,1190.1244,0.0,0.0,1.5154029,2503.8833,0.0,570.86945,0.0,0.0,0.0,382.49112
MORF4L2,267.02325,5.5960436,108.04527,173.70044,629.4663,845.63477,72.02151,159.08826,287.10703,639.87396,53.523846,0.0,285.82843,341.2875,657.7041,0.0,613.40405,285.57486,292.2516,782.15283,299.8586,415.84512,1148.2819,40.90872,837.34766,672.7286,369.09253,484.32962,0.0,123.88885
KCNE5,0.0,0.0,0.0,0.0,0.0,0.0,35.689053,0.0,0.0,24.908207,0.0,0.0,77.3109,182.05623,0.0,0.0,52.566277,0.0,0.0,0.0,0.0,0.0,35.990986,0.0,0.0,0.0,0.0,0.0,0.0,0.0
AMMECR1,54.850967,0.0,26.015842,38.760254,137.0779,101.293144,0.0,83.72877,0.0,8.672678,0.0,200.17326,0.0,0.0,87.380554,644.8044,0.0,91.45108,63.064316,58.32075,75.264,105.21133,0.0,9.058882,0.0,0.0,0.0,133.86638,32.273502,171.79889
CHRDL1,0.0,0.0,0.0,0.0,0.0,0.0,0.0,0.0,0.0,20.486465,0.0,0.0,0.0,0.0,0.0,0.0,0.0,0.0,24.878412,0.0,0.0,0.0,0.0,0.0,176.41216,677.4625,170.72487,0.0,0.0,0.0
PAK3,6.7611246,0.0,2.2517698,0.0,0.0,0.0,0.0,0.7196031,3.794329,0.3678687,0.0,0.0,0.0,0.0,0.0,0.0,0.0,0.0,0.0,0.0,0.0,0.0,0.0,0.0,14.37268,7.8256693,0.0,0.0,0.0,0.0
SLC25A5,814.4659,134.27766,596.2632,536.1867,1223.6758,1757.0048,2019.8328,4169.1963,728.98785,2152.5674,1180.6936,881.8785,4428.8223,1127.3696,759.6888,0.0,1660.8346,176.16963,2651.3723,2131.2205,564.00934,461.9394,1994.8446,622.13635,766.1092,0.0,1847.6455,1494.9402,514.7346,309.24042
SH2D1A,594.32355,0.0,0.0,776.1049,0.0,0.0,0.0,0.0,8.674249,0.0,0.0,0.0,0.0,0.0,0.0,0.0,0.0,0.0,0.0,0.0,0.0,0.0,52.241917,0.0,0.0,0.0,0.0,0.0,0.0,18.392002
HPRT1,203.55043,45.649826,32.094597,164.86966,646.43243,645.5801,261.37683,287.9713,35.036896,616.8196,168.14282,94.338104,1730.2701,213.91777,53.121426,210.87408,61.221638,93.981606,330.9425,353.72614,106.120964,22.319347,618.8788,66.129074,0.0,0.0,336.0768,244.69864,0.0,0.0
FAM122C,37.050446,0.0,11.321147,29.93096,0.0,0.0,0.0,6.392126,0.0,32.85301,5.852725,397.4053,84.301285,0.0,65.98097,2.922055,14.27714,86.79336,42.403976,0.0,44.933823,0.0,0.0,0.0,21.222528,0.7608623,0.0,134.98483,12.772163,0.0
MOSPD1,54.5375,4.1306467,30.406406,82.50828,241.67047,0.0,0.0,53.0762,13.740883,58.169216,0.0,0.0,0.0,7.3077946,42.386967,401.47952,8.106501,0.2479462,108.943344,32.416447,0.0,100.90296,13.170657,69.19408,41.253845,160.66455,47.388107,0.0,299.38336,5.1679974
SMIM10,0.0,0.0,0.0,0.0,252.89845,279.00378,0.0,0.0,0.0,24.773586,0.0,40.516285,109.298485,4.6156263,0.0,6.5407267,0.0,0.0,1.9287494,0.052000243,0.0,0.0,145.90273,0.0,0.0,0.0,0.0,1.033938,0.0,0.0
FHL1,25.825012,0.0,0.0,0.0,0.0,0.0,0.0,54.017036,0.0,768.00665,0.0,0.0,27.514828,0.0,0.0,0.0,129.29874,959.0984,271.95712,0.0,37.96026,0.0,21.00729,498.9476,474.38815,272.08585,381.50793,25.056759,0.0,0.0
AL078639.1,0.0,0.0,0.0,0.0,0.0,0.0,0.0,0.0,0.0,0.0,0.0,0.0,0.0,0.0,0.0,0.0,0.0,0.0,0.0,0.0,0.0,0.0,0.0,0.0,261.44778,0.0,0.0,16.801224,0.0,0.0
HMGB3,0.0,87.93569,0.0,0.0,203.58778,229.51889,0.0,393.43344,141.68423,174.38336,0.0,0.0,744.4775,346.90634,0.0,54.250614,0.0,0.0,85.57319,204.20757,0.0,0.0,2693.788,0.0,0.0,0.0,0.0,46.42715,0.0,21.808592
PNMA6A,0.0,0.0,0.0,0.0,0.0,0.49319908,0.0,6.305056,0.0,3.6251426,0.0,0.0,0.0,16.75538,0.0,0.0,0.0,0.0,0.0,23.167913,0.0,5.5450773,3.542848,0.0,0.0,1.4591566,0.0,114.67757,0.0,0.0
BGN,0.0,0.0,0.0,0.0,0.0,0.0,0.0,0.0,0.0,0.0,0.0,0.0,0.0,0.0,0.0,0.0,0.0,0.0,0.0,0.0,0.0,0.0,0.0,0.0,178.24231,482.77213,0.0,0.0,664.15045,0.0
SLC6A8,0.0,0.0,0.0,0.0,33.474712,0.0,0.0,0.0,0.0,0.0,0.0,19.005438,0.0,4.5110173,0.0,57.708775,0.0,0.0,0.0,0.0,0.0,0.0,13.186763,0.0,0.0,9.993762,0.0,0.0,100.985725,0.0
SSR4,2710.3403,1008.54517,943.2964,2049.5884,569.3557,1522.0394,1489.4381,681.8763,1299.1318,1491.3696,714.70404,1227.5094,0.0,4146.788,1095.1879,372.81735,6022.3994,1973.9207,1548.8143,1645.3627,2481.3967,17916.498,0.0,748.635,1520.9668,1208.4635,1653.105,2142.8289,1885.8419,693.92444
RENBP,27.182854,109.95666,28.997747,21.870237,0.0,175.0653,0.0,3.499665,0.0,87.78801,251.1082,0.0,0.0,51.0144,93.33984,0.0,2.8724902,371.71555,46.48212,281.74738,15.131554,0.0,0.0,131.65315,0.0,0.7660902,56.650734,15.270517,4.243401,979.5872
TKTL1,32.81281,0.0,0.0,197.77394,0.0,42.136894,0.0,0.0,0.0,0.0,0.4187626,0.0,0.0,0.0,47.6433,2.491587,0.0,179.9689,15.005841,52.273434,0.0,0.0,0.0,0.0,0.0,0.0,39.336998,0.0,109.3592,0.0
FLNA,396.14847,890.38776,42.029175,1705.2689,0.0,0.0,605.3669,0.0,344.87177,0.0,1179.3673,252.70622,85.63039,770.4175,50.82208,0.0,33.238808,3847.336,0.0,182.59007,617.6541,446.16156,418.16797,161.52946,0.0,732.60175,792.48706,544.5084,522.79456,0.0
LAGE3,295.19254,7.3099275,43.89093,133.3691,725.0849,592.9077,81.67575,158.1442,0.0,393.44766,170.753,103.15157,664.9446,571.54333,199.22879,457.2135,326.8933,205.15808,54.11694,592.89404,0.0,0.0,68.961655,46.68829,0.0,35.63218,0.0,326.21826,0.0,435.9892
DKC1,94.89803,0.0,66.12668,119.22794,626.6945,741.6973,0.0,306.10306,33.425354,500.97385,0.0,392.699,423.5877,152.00333,354.99963,70.730865,152.6411,232.52135,251.95251,31.398682,0.0,0.0,555.0696,36.014164,123.010124,0.0,322.46786,152.30844,223.71501,0.0
MPP1,0.0,79.37239,0.0,0.0,358.19318,410.58392,0.0,145.1663,49.531013,126.177055,173.8925,0.0,146.984,19.819622,0.0,560.27026,0.0,0.0,1395.6228,302.55576,0.0,0.0,681.74207,3067.821,0.0,9.757239,85.38915,0.0,0.0,166.55418
VBP1,289.77008,0.0,28.648668,226.94308,704.46356,465.43823,181.15327,330.02368,0.0,274.31412,57.126938,0.0,1035.7932,40.35812,240.81895,428.0164,271.8499,28.6844,413.5292,510.68338,70.29392,7.456938,733.3298,0.0,0.0,474.95486,129.15816,0.0,6.8439765,46.14887
MYOM2,0.0,0.0,0.0,236.33875,10.030681,18.630547,0.0,30.320724,0.0,16.91792,0.0,0.0,0.0,0.0,33.20834,0.0,33.401554,7.1934886,12.414972,0.0,0.0,0.0,0.0,22.874996,22.818285,0.0,0.0,0.0,0.0,0.0
DEFB1,0.0,0.0,0.0,0.0,0.0,0.0,0.0,0.0,0.0,0.0,0.0,0.0,0.0,367.25595,0.0,0.0,0.0,0.0,0.0,0.0,0.0,0.0,39.539997,0.0,0.0,0.0,50.701454,0.0,0.0,3.777996
DEFA4,0.0,0.0,0.0,0.0,0.0,0.0,0.0,0.0,0.0,0.0,0.0,0.0,0.0,3323.7888,0.0,0.0,0.0,0.0,0.0,0.0,0.0,0.0,0.0,0.0,0.0,0.0,0.0,0.0,0.0,0.0
AC069185.1,19.992163,0.0,26.640009,8.6273365,7.17161,0.0,0.0,0.0,0.0,18.114964,9.582358,5.7021713,0.0,0.0,33.847065,0.0,0.0,0.0,27.918116,37.565426,9.540204,57.869427,0.0,13.475932,0.0,6.6407247,0.0,0.0,0.0,17.270142
AC123777.1,0.0,12.467302,0.48527822,0.0,0.0,0.0,0.0,0.0,0.0,2.6428704,27.30348,0.8283383,0.0,0.0,8.2126,0.0,3.1474953,0.0,0.0,0.0,0.0,0.0,0.0,0.0,0.0,0.0,0.0,0.0,0.0,0.0
PDGFRL,0.0,0.0,0.0,0.0,0.0,0.0,0.0,0.0,0.0,0.0,0.0,0.0,0.0,0.0,0.0,0.0,0.0,0.0,0.0,0.0,0.0,0.0,0.0,0.0,15.340623,248.75146,0.0,0.0,45.496464,0.0
PSD3,0.0,0.0,5.9821777,0.0,0.0,0.06492549,8.293459,0.0,0.0,0.0,0.0,0.0,0.0,0.0,0.0,0.0,0.0,197.28441,128.5776,0.0,0.0,0.0,0.0,16.159578,0.0,64.341415,0.0,0.0,0.0,0.0
DMTN,0.0,0.0,0.0,0.0,23.39002,0.0,0.0,0.0,0.0,0.0,0.0,0.0,0.0,0.0,0.0,477.48212,0.0,84.25815,0.0,93.454124,0.0,0.0,6.0980015,1078.6466,0.0,0.0,0.0,0.0,11.025538,0.0
SLC39A14,0.0,0.0,0.0,7.5133643,0.0,31.257994,0.0,5.4009,0.0,7.943273,0.0,0.0,7.447756,19.41671,0.0,0.7214058,0.0,0.0,0.7765977,0.0,0.0,37.987183,0.0,0.0,65.782585,34.40918,423.2701,0.0,0.0,0.0
EGR3,0.0,0.0,23.268467,0.0,0.0,0.0,0.0,0.0,228.28328,0.0,0.0,0.0,0.0,6.413363,0.0,0.0,0.0,0.0,0.0,0.0,0.0,0.0,0.0,0.0,131.46625,4.8543386,0.0,94.5921,0.0,54.481247
AC104561.3,0.0,0.0,0.0,0.0,1.0746455,0.65290815,0.0,0.0,0.0,0.0,0.0,0.0,1.39129,0.0,0.0,2.2629483,0.0,0.0,0.0,0.0,0.0,0.0,0.0,0.0,0.0,0.0,0.0,0.0,0.0,0.0
SLC25A37,82.37989,204.07066,194.95116,0.0,379.85977,130.73691,15.480269,144.7176,814.1196,98.69898,0.0,1014.46594,181.76689,70.209496,78.736595,3644.1262,0.0,407.80978,105.1255,0.0,342.32663,0.0,161.48402,0.0,0.0,269.56866,234.07619,392.2884,260.84174,0.0
NEFM,6.4115276,0.0,0.0,0.36434355,0.0,0.0,0.1669196,0.0,0.0,2.8776064,0.0,2.45303,0.0,0.0,0.0,0.0,0.0,0.0,0.3581717,0.16183935,0.0,0.0,0.0,7.4700212,0.51610017,8.422421,0.0,0.0,0.0,2.3879156
CDCA2,0.0,0.0,0.0,0.0,0.0,0.0,0.0,0.0,0.0,3.2695658,0.0,18.822847,54.01319,0.0,0.0,6.983941,0.0,0.0,0.3952302,0.0,0.0,0.0,370.93723,0.0,0.0,0.0,0.0,0.0,0.0,0.0
CLU,0.0,0.0,0.0,0.0,0.0,0.0,0.0,0.0,0.0,176.72206,0.0,0.0,0.0,197.71423,0.0,0.0,0.0,1351.0175,0.0,734.1118,0.0,0.0,0.0,4758.926,0.0,164.08672,0.0,0.0,0.0,0.0
ESCO2,0.0,0.0,0.0,0.0,0.0,0.0,0.0,30.827742,0.0,0.0,0.0,36.2509,357.17953,0.0,0.0,114.61033,0.0,0.0,0.0,0.0,0.0,0.0,262.59525,0.0,0.0,0.0,0.0,0.0,0.0,0.0
PBK,0.0,0.0,0.0,0.0,86.612206,0.0,0.0,10.756038,0.0,0.0,0.0,7.7118444,152.44592,0.0,0.0,112.68811,0.0,0.0,0.0,0.0,0.0,0.0,553.9627,0.0,0.0,0.0,0.0,0.0,0.0,0.0
MBOAT4,0.0,3.474093,0.0,0.0,0.0,0.0,11.299646,0.0,0.0,31.635475,0.0,0.0,0.0,0.0,0.0,0.0,0.0,2.3910527,0.0,0.0,0.0,0.0,0.0,0.0,0.0,0.0,0.0,4.454683,0.0,0.0
NRG1,0.0,137.9992,0.0,0.0,0.0,0.0,0.0,0.0,125.3817,0.0,12.927538,0.0,0.0,0.0,0.0,0.0,0.0,0.0,0.0,0.0,0.0,0.0,0.0,0.0,0.0,0.0,5.053703,0.0,0.0,13.954648
EIF4EBP1,0.0,485.28604,93.795876,101.66668,606.0491,492.9636,332.80585,142.58554,341.03284,312.37778,571.7507,95.57399,773.91254,921.1362,211.79771,12.0037775,392.69656,0.0,87.21703,329.0405,121.36754,0.0,134.4375,4.5387516,0.0,0.0,262.4725,218.1445,385.5722,391.5607
IDO1,0.0,0.0,0.0,0.0,0.0,0.0,49.4726,0.0,0.0,0.0,0.0,0.0,0.0,0.0,0.0,0.0,0.0,0.0,0.0,0.0,0.0,0.0,0.0,0.0,0.0,0.0,0.0,0.0,0.0,0.67960405
ANK1,0.0,0.0,5.5072236,0.0,146.09566,95.76128,0.0,0.0,0.0,0.0,0.0,290.28293,0.0,0.0,0.0,362.82947,0.0,0.0,0.0,0.0,0.0,0.0,182.55101,0.0,0.0,0.0,0.0,0.0,0.0,17.611425
VDAC3,263.48163,13.504766,0.0,333.88382,1073.8247,538.54565,30.09141,173.88449,0.0,399.46744,152.12314,583.8429,985.4472,217.72777,264.40952,658.8852,231.75581,413.00574,127.705185,511.49362,351.9573,87.01681,838.1297,1152.8331,0.0,5.2634587,571.05426,427.77478,381.382,409.26175
PRKDC,123.75156,36.936535,49.903214,115.154785,329.05807,399.47537,106.02419,299.1631,0.0,327.04178,27.349596,848.263,1031.7499,569.13574,135.54472,0.0,160.05434,166.80637,19.084835,116.422646,133.97012,0.0,135.79196,5.9230843,106.70156,210.80498,0.0,291.98633,248.1458,261.9017
MCM4,0.0,0.0,0.0,0.0,153.51228,62.115322,0.0,42.744846,0.0,75.36758,0.0,128.1745,1217.2224,111.17921,0.0,50.593822,0.0,0.0,24.467966,9.130476,0.0,0.0,0.0,0.0,0.0,62.16284,0.0,183.45645,0.0,0.0
TCEA1,1021.6194,17.420015,1168.5985,673.39813,1524.1226,1016.70734,448.1365,1173.293,38.066387,786.97406,247.41354,580.98975,185.6981,175.50194,413.28784,599.1544,945.7367,1617.1609,1256.7031,930.9161,375.03116,524.11975,131.10513,368.92258,68.468,493.69104,1260.8069,531.87885,372.88495,0.0
MRPL15,16.42072,26.726519,8.092914,52.381107,343.56198,246.06453,89.81923,129.88298,87.88326,204.38504,96.68972,0.0,227.3036,112.091995,166.14157,0.0,61.89345,0.0,53.26835,77.05017,132.31297,117.1276,390.47794,65.050545,0.0,9.344045,0.0,230.99205,0.0,0.0
GGH,0.0,0.0,0.0,0.0,0.0,42.98766,21.434381,4.824896,0.0,142.15477,0.0,33.362553,1202.489,268.86566,0.0,0.0,220.4341,0.0,36.335655,289.47034,0.0,0.0,794.6031,0.0,0.0,113.80636,0.0,68.14585,0.0,0.0
COPS5,173.27315,28.386978,26.016993,219.98888,494.25284,269.34805,160.70778,278.89185,0.0,228.86041,72.320335,153.02493,70.96193,101.42536,104.19865,46.32208,181.38068,312.10956,394.78394,130.02254,0.0,76.203384,57.783604,23.931305,18.359291,0.0,0.0,266.13763,106.49287,112.947975
AC087627.1,0.0,0.0,0.0,0.0,0.0,0.0,0.0,0.0,0.0,0.0,0.0,0.0,0.0,0.0,0.0,0.0,0.0,0.0,169.01532,0.0,0.0,0.0,0.0,0.0,0.0,0.0,0.0,0.0,0.0,0.0
FABP5,0.0,0.0,0.0,78.32426,0.0,677.57916,414.5163,918.17645,210.01315,990.6201,0.0,0.0,2306.0957,2506.9922,189.0387,0.0,698.18146,0.0,450.30515,299.03406,0.0,0.0,290.06766,0.0,0.0,0.0,711.61096,238.88469,333.3443,3823.19
FABP4,0.0,0.0,0.0,0.0,0.0,0.0,0.0,0.0,0.0,0.0,0.0,0.0,0.0,0.0,0.0,0.0,0.0,0.0,0.0,0.0,0.0,0.0,0.0,0.0,3069.9763,0.0,0.0,0.0,0.0,1249.3558
LRRCC1,0.0,0.0,0.0,8.954919,208.97145,86.8192,0.0,37.476562,0.0,87.67358,0.0,80.93947,349.83752,12.118076,33.21533,108.306015,9.005641,7.42889,14.284589,19.274334,1.2757306,0.0,191.03145,0.0,0.0,0.0,15.341219,124.70234,119.80915,0.0
CA1,0.0,0.0,0.0,0.0,6787.7954,0.0,0.0,0.0,0.0,0.0,0.0,1302.3555,2103.039,0.0,0.0,19036.99,0.0,0.0,0.0,0.0,0.0,0.0,2474.418,0.0,0.0,0.0,0.0,0.0,0.0,0.0
CA3,0.0,0.0,0.0,0.0,25.032068,0.0,0.0,0.0,0.0,0.0,0.0,0.0,17.92588,0.0,0.0,378.6372,0.0,0.0,0.0,0.0,0.0,0.0,0.0,0.0,0.0,0.0,0.0,0.0,0.0,0.0
CA2,0.0,0.0,0.0,0.0,1138.3115,0.0,0.0,0.0,0.0,0.0,0.0,503.1615,430.10956,0.0,0.0,4231.8413,0.0,0.0,0.0,0.0,0.0,0.0,1078.2491,724.78064,0.0,0.0,0.0,0.0,0.0,0.0
AC100801.1,0.0,0.0,0.0,0.0,171.33855,59.376133,0.0,0.0,0.0,0.0,0.0,26.593151,50.52086,0.0,0.0,18.641674,0.0,0.0,0.0,0.0,0.0,0.0,99.00642,0.0,0.0,0.0,0.0,345.56775,0.0,0.0
LINC00534,0.0,0.0,0.0,0.0,0.0,0.0,0.0,0.0,0.0,0.0,0.0,0.0,0.0,0.0,0.0,0.0,0.0,0.0,0.0,0.0,0.0,0.0,0.0,116.85654,0.0,0.0,0.0,0.0,0.0,0.0
NECAB1,0.0,0.0,0.0,0.0,26.618664,192.47833,0.0,0.0,0.0,0.0,0.0,15.369342,8.373489,0.0,0.0,9.448544,0.0,0.0,0.0,0.0,0.0,0.0,5.712312,0.0,0.0,221.81873,0.0,0.0,0.0,0.0
PIP4P2,67.489395,81.79896,0.0,0.0,38.14037,0.0,170.86617,0.0,0.0,59.36345,0.0,0.0,91.978065,58.03742,77.78942,0.0,62.307594,765.23694,27.257246,0.0,156.67757,0.0,0.0,616.8839,0.0,0.0,0.0,53.36488,35.713936,0.0
CCNE2,0.0,0.0,0.0,6.267198,0.0,0.0,0.0,11.762595,0.0,0.0,0.0,0.0,600.7471,0.0,0.0,7.41648,0.0,16.056438,0.0,0.0,0.0,0.0,0.0,0.0,0.0,26.214638,0.0,0.0,0.0,17.82403
MTDH,1152.1495,312.36865,591.38446,786.86005,982.22015,1491.3394,1198.626,1214.3289,633.83856,1227.974,385.27158,1822.938,0.0,1739.8617,563.19226,18.185762,2068.4653,808.5314,1823.553,1728.78,692.74176,1999.7676,606.8573,250.89352,922.9601,1058.5233,487.11703,550.4739,129.35262,20.401144
LAPTM4B,0.0,0.0,0.0,0.0,0.0,32.748093,0.0,0.0,9.006493,867.1326,0.0,0.0,0.0,0.0,88.28313,0.0,14.109274,0.0,15.600869,1255.0688,0.0,0.0,0.0,0.0,352.4235,113.07714,0.0,0.0,79.05376,0.0
BAALC-AS2,0.0,0.0,0.0,0.0,0.0,0.0,0.0,0.0,0.0,75.19874,0.0,0.0,0.0,0.0,0.0,0.0,0.0,0.0,0.0,0.0,0.0,0.0,0.0,0.0,0.0,0.0,0.0,0.0,0.0,0.0
BAALC,0.0,0.0,0.0,20.689154,0.0,0.0,0.0,0.0,0.0,509.6581,0.0,0.0,4.4395957,20.106936,0.0,0.0,0.0,0.0,67.49759,0.0,0.0,0.0,0.0,0.0,0.0,0.0,0.0,0.0,0.0,0.0
ANGPT1,0.0,0.0,0.0,0.0,0.0,0.0,0.0,0.0,0.0,215.7932,0.0,0.0,0.0,0.0,0.0,0.0,0.0,0.0,0.0,182.69968,0.0,0.0,0.0,0.0,0.0,419.42273,114.13793,3.5820553,0.0,0.0
AARD,0.0,0.0,0.0,9.89565,0.0,0.0,0.0,0.0,0.0,0.0,0.0,0.0,0.0,0.0,0.0,0.0,6.685505,0.0,0.0,0.0,0.0,0.0,0.0,0.0,0.0,0.0,0.0,194.3943,0.0,0.0
ENPP2,0.0,0.0,0.0,0.0,0.0,0.0,0.0,0.0,0.0,0.0,0.0,0.0,0.0,0.0,0.0,0.0,95.76627,0.0,0.0,0.0,0.0,0.0,0.0,0.0,52.879112,673.34906,440.8115,0.0,0.0,0.0
COL14A1,0.0,0.0,0.0,0.0,0.0,0.0,0.0,0.0,0.0,0.0,0.0,0.0,0.0,0.0,0.0,0.0,0.0,0.0,0.0,0.0,0.0,0.0,0.0,0.0,31.85224,683.4166,20.017962,0.0,0.0,0.0
MRPL13,80.687325,7.0947623,0.0,139.34576,518.73914,423.04306,153.79527,133.06194,65.18091,123.43206,112.08692,58.502773,570.17975,126.92373,215.97565,32.03216,79.293755,0.0,113.74654,227.8948,232.01334,121.835304,427.3707,61.818184,191.48178,78.82624,117.834816,0.0,190.08879,18.987436
AC100858.3,0.0,0.0,0.0,0.0,0.0,0.0,0.0,0.0,17.562405,0.0,0.0,0.0,0.0,0.0,0.0,0.0,0.0,0.0,0.0,0.15013057,0.0,0.0,0.9662409,0.0,0.0,0.0,6.7322173,0.0,0.0,0.0
TRIB1,0.0,556.2478,0.0,0.0,0.0,0.0,0.0,97.29439,943.48395,0.0,0.0,0.0,0.0,73.32903,0.0,0.0,0.0,0.0,5.930177,0.0,0.0,257.13556,0.0,8.653875,511.65265,915.10754,276.41415,0.0,0.0,258.73917
MYC,265.0807,0.0,397.297,0.0,171.13385,2230.6995,0.0,0.0,0.0,280.32855,0.0,0.0,0.0,0.0,355.92697,172.19116,0.0,16.124836,50.57104,0.0,433.15656,399.91428,373.18362,0.0,4147.8667,25.64686,0.0,65.356285,0.0,0.0
PVT1,125.45385,0.0,0.0,0.0,123.955605,1109.3008,0.0,0.0,0.0,0.0,0.0,481.36743,245.29169,0.0,79.91434,22.382994,0.0,0.0,0.0,0.0,36.255497,0.0,0.0,31.530762,16.495947,131.72209,41.190918,0.0,0.0,9.396465
CCDC26,0.0,0.0,0.0,0.0,22.204542,71.32382,0.0,0.0,0.0,0.0,5.308149,61.90788,71.42377,0.0,0.0,0.0,0.0,0.0,0.0,0.0,0.0,0.0,24.950424,0.0,0.0,0.0,0.0,0.0,0.0,0.0
AC083843.2,3.2372196,0.0,0.03147596,0.0,0.0,0.0,4.8184214,0.0,0.0,0.0,0.11536236,3.6435838,0.0,0.0,0.0,0.0,0.74294376,0.0,0.0,0.0,0.0,0.0,0.0,40.437218,0.0,4.518184,19.143095,0.0,0.0,0.0
KHDRBS3,0.0,0.0,0.0,0.0,0.0,2.4866,0.0,58.432568,0.0,1.6118988,0.0,0.0,4.02343,4.2409735,0.0,0.0,0.0,0.0,22.593012,0.0,0.0,0.0,4.311882,11.578009,10.445339,0.0,0.0,0.0,0.0,0.0
LYPD2,0.0,0.0,0.0,0.0,0.0,0.0,0.0,0.0,0.0,0.0,2458.2004,0.0,0.0,0.0,0.0,0.0,0.0,0.0,0.0,0.0,0.0,0.0,0.0,0.0,0.0,0.0,0.0,0.0,0.0,0.0
LYNX1,0.0,0.0,0.0,0.0,0.0,0.0,0.0,0.0,0.0,0.0,43.45146,0.0,0.0,0.0,0.0,0.0,0.0,0.0,0.0,1.2738348,0.0,0.0,0.0,0.0,0.0,41.414696,0.0,0.0,0.0,43.65788
TSTA3,253.96353,21.960873,106.346924,334.50735,657.46216,0.0,84.67446,253.72433,0.0,146.71375,135.21469,0.0,36.537983,90.882805,130.70883,448.26614,279.26843,7.252736,325.8207,193.20471,0.0,0.0,208.2444,0.0,73.25236,0.0,0.0,174.4764,366.45233,97.285385
CYC1,238.51784,151.45453,188.22224,651.957,900.11755,604.8772,494.30524,690.2107,165.73666,420.5081,409.27542,762.087,666.404,259.4806,307.4607,200.08363,640.87775,490.71298,511.3719,453.12784,200.6147,179.50807,658.3812,125.509384,0.0,281.76437,278.90463,72.075264,340.62036,610.22815
BOP1,34.083115,17.332638,1.0754153,58.198414,315.56827,288.8757,61.89317,0.0,0.0,93.68399,35.65105,281.13116,35.896427,105.14806,49.71458,2.2888005,25.504019,0.0,101.090805,58.124928,18.767895,0.0,313.96136,6.181268,0.0,85.993195,33.153824,0.0,32.2466,107.68767
GPT,0.0,0.0,0.0,0.0,82.564545,0.0,0.0,0.0,0.0,0.0,0.0,31.706398,22.658875,0.0,0.0,0.0,0.0,0.0,0.0,0.0,0.0,0.0,15.830483,0.0,0.0,0.0,0.0,0.0,0.0,0.0
RCL1,60.855263,0.0,9.373142,46.297993,411.37714,85.24919,0.0,134.06612,38.59583,87.963806,0.0,501.69388,0.0,0.0,25.958973,294.1027,96.1189,0.0,88.316376,28.769268,208.76678,160.50565,0.0,79.4416,0.0,263.68042,61.104057,271.7768,139.3789,0.0
GLDC,0.0,0.0,0.0,0.07741363,0.0,0.0,0.0,38.2965,0.0,0.0,0.0,0.0,0.0,0.0,0.0,0.0,0.0,0.0,0.0,0.0,0.0,0.0,0.0,0.0,0.0,0.0,0.0,0.0,0.0,1.2527825
PTPRD-AS1,0.0,0.0,0.0,0.0,0.0,0.0,0.0,2.8182344,0.0,28.727654,1.1115365,0.0,0.0,0.0,0.0,0.0,0.0,0.0,9.44528,0.0,0.0,0.0,5.5102954,0.0,0.0,0.0,0.0,0.0,0.0,0.0
NFIB,0.0,0.0,0.0,0.0,0.0,0.0,0.0,0.0,0.0,24.973743,0.0,0.0,0.0,0.0,0.0,0.0,0.0,0.0,0.0,193.89328,0.0,0.0,0.0,7.8068166,0.0,53.100582,0.0,0.0,0.0,0.0
PLIN2,81.375046,0.0,0.0,128.55421,348.29074,801.81067,0.0,8.045755,3383.5876,0.0,0.0,513.4117,129.11554,79.08802,0.0,173.2848,0.0,0.0,16.370407,0.0,0.0,17.400665,70.481125,0.0,1002.9929,142.71817,715.29016,466.11768,64.02936,841.61426
MLLT3,355.15338,0.0,0.0,0.0,685.2853,112.877266,0.0,0.0,0.0,900.19336,0.0,1066.3218,0.0,0.0,0.0,143.55319,0.0,290.1966,0.0,311.59152,148.49501,0.0,0.0,255.9111,0.0,460.81287,433.9866,0.0,506.1083,0.0
TUSC1,0.0,0.0,0.0,0.0,2.8301575,0.0,0.0,0.0,0.0,26.022,0.0,0.0,86.066315,13.60022,0.0,0.0,5.6174827,0.0,44.194195,17.504328,0.0,0.0,0.0,0.0,211.04109,3.0815036,0.0,319.38126,0.0,0.0
NDUFB6,384.0746,42.233204,0.0,287.19324,715.2164,935.97064,189.58846,220.67776,0.0,426.73218,293.50357,46.03941,984.8214,219.164,552.1197,345.1691,432.2712,170.60652,263.9456,527.1798,76.631195,103.28461,165.1275,220.41449,426.85727,616.2541,261.85522,320.114,1407.4453,163.18488
AQP3,648.8263,0.0,0.0,0.0,0.0,0.0,0.0,0.0,0.0,0.0,0.0,0.0,0.0,0.0,0.0,828.4983,0.0,0.0,0.0,0.0,0.0,2784.361,0.0,0.0,0.0,68.97366,0.0,0.0,124.415985,0.0
ANKRD18B,0.015911883,0.0,0.0,0.0,0.50029635,0.0,0.0,0.0,0.0,0.0,0.0,25.016308,0.0,0.0,1.0351375,0.0,6.1561246,0.0,0.0,0.0,0.0,0.0,0.0,0.0,0.0,0.0,0.0,5.480746,0.0,0.0
ENHO,0.0,0.0,0.0,0.0,0.0,0.0,531.9634,0.0,0.0,0.0,0.0,0.0,0.0,0.0,0.0,0.0,0.0,0.0,0.0,0.0,0.0,0.0,0.0,0.0,0.0,0.0,0.0,7.9390264,0.0,51.735466
SIGMAR1,77.6636,0.0,0.0,52.959267,239.61034,285.21268,19.141718,11.616404,0.0,36.61856,40.9123,203.77527,133.03673,54.889576,0.0,0.0,17.968712,0.0,0.0,186.26555,0.0,0.7375426,17.163385,0.0,0.0,69.846375,319.53702,0.0,185.81258,0.0
AL162231.2,0.81017756,0.91056406,0.0,0.0,0.0,0.0,0.0,0.0,0.0,0.0,24.307428,0.0,10.868625,0.22920506,0.0,0.0,0.0,11.476851,0.0,0.0,0.0,0.0,0.0,0.0,0.0,7.3506107,0.0,16.975136,11.733115,0.0
STOML2,231.58167,0.0,166.88718,198.20815,843.1967,871.04675,152.66812,642.8532,0.0,624.35925,20.299778,292.8233,626.6769,242.37082,123.50872,192.35565,394.5562,139.32005,484.39365,788.4883,406.22168,305.8875,181.93039,0.0,0.0,0.0,877.66565,320.91568,4.8515916,48.169376
CD72,0.0,0.0,817.14984,0.0,0.0,0.0,0.0,2528.867,0.0,0.0,0.0,0.0,0.0,0.0,0.0,0.0,0.0,0.0,0.0,0.0,0.0,0.0,0.0,0.0,0.0,0.0,0.0,0.0,0.0,245.988
SIT1,411.74924,0.0,162.30768,21.99474,0.0,0.0,0.0,16.837345,0.0,0.0,0.0,0.0,5.656214,0.0,0.0,0.0,284.77512,0.0,0.0,0.0,0.0,0.0,15.7763,0.0,0.0,0.0,0.0,0.0,0.0,0.0
ARHGEF39,2.2515285,0.0,0.0,2.4248533,0.0,0.0,0.0,0.0,0.0,1.685859,0.0,24.436966,0.0,0.0,8.976522,0.0,0.0,0.0,0.0,0.0,0.0,0.0,436.93088,0.0,0.0,2.3444796,0.0,0.0,0.0,0.0
TPM2,0.0,0.0,0.0,0.0,0.0,0.0,0.0,0.0,0.0,0.0,0.0,0.0,0.0,0.0,0.0,0.0,2729.918,0.0,0.0,0.0,0.0,0.0,0.0,0.0,75.34985,522.1918,0.0,0.0,983.1035,0.0
TLN1,171.19986,150.43813,166.70813,570.9037,182.57755,213.5838,377.753,154.82446,94.825584,138.60213,366.51514,121.93661,11.122939,65.011086,74.48413,243.59895,308.56476,1870.6757,232.12642,863.85144,116.93771,432.99966,375.89957,2561.4412,252.03993,418.9911,255.84122,140.69925,274.77197,0.0
RECK,76.64758,290.95554,20.947842,30.481035,0.0,0.0,0.0,96.340965,134.04893,0.0,0.0,204.68983,155.00128,823.0635,219.50296,0.0,24.535799,0.0,110.37539,123.25337,109.90173,82.75738,51.23463,0.0,79.81358,161.46214,208.08522,0.0,37.68005,264.14987
MELK,0.0,0.0,0.0,0.0,1.6626669,0.0,0.0,0.0,0.0,0.0,0.0,35.56926,179.51642,0.0,0.0,14.3357315,0.0,0.0,0.0,0.0,0.0,0.0,321.3041,0.0,0.0,0.0,0.0,0.0,0.0,0.0
FXN,107.493675,0.0,0.0,69.873474,520.5831,348.77448,0.0,0.0,4.080012,142.65477,24.321999,696.33716,11.857272,137.58334,0.0,198.12802,35.070766,285.70172,0.0,121.12672,176.80515,0.0,303.29993,94.23193,0.0,142.0461,139.43697,22.876617,267.34973,0.0
ALDH1A1,0.0,161.35687,0.0,0.0,672.90247,525.2322,0.0,0.0,5.652746,444.96423,0.0,102.78718,133.53256,0.0,0.0,151.61682,0.0,0.0,0.0,0.0,0.0,0.0,240.84872,0.0,0.0,0.0,0.0,0.0,0.0,1404.5142
C9orf40,0.0,0.0,0.0,0.2352057,76.21088,4.5084004,0.0,31.487621,0.0,0.0,0.0,92.68859,21.297676,9.183408,24.246443,33.635662,0.0,17.155119,6.772904,15.213985,0.0,0.0,2.4873762,6.2950363,0.0,38.150784,4.262739,0.0,17.78556,0.0
RFK,24.623573,22.858496,5.2043777,50.88295,336.92313,264.87787,82.42407,162.33525,2.0436883,210.44597,79.31946,477.60812,137.92032,127.89542,107.40282,110.34271,64.492256,0.0,236.83919,116.72742,89.87523,0.0,235.59705,101.984505,133.86887,14.790485,32.39056,0.0,145.44974,111.29291
FRMD3,0.0,6.1326575,0.0,0.0,0.0,0.0,0.0,0.0,0.0,0.0,0.0,0.0,0.0,0.0,0.0,0.0,0.0,0.0,0.0,0.0,446.21072,0.0,0.0,651.04407,0.0,0.0,0.0,0.0,0.0,0.0
NTRK2,0.0,0.0,0.0,0.0,0.0,0.0,0.0,0.0,0.0,0.0,0.0,0.0,0.0,0.0,0.0,0.0,0.0,0.0,0.0,0.0,0.0,0.0,0.0,0.0,63.683445,447.9571,102.48703,0.0,0.0,0.0
GOLM1,0.0,58.28015,0.0,56.395462,17.078537,0.0,0.0,0.0,8.664512,3.5272157,50.04073,0.0,9.642796,8.508247,13.734291,31.72351,0.0,0.0,0.0,46.55521,0.0,0.0,0.0,0.0,26.933851,12.159905,0.0,0.15952973,0.0,14.964503
CTSL,1.536017,0.0,0.0,0.0,34.475353,79.48859,0.0,0.0,181.70033,0.0,350.78195,0.0,0.0,0.0,0.0,378.6977,0.0,0.52994406,0.0,0.0,0.0,0.0,0.0,0.0,157.16393,447.5063,94.44244,0.0,12.635274,1770.7072
CKS2,0.0,0.0,0.0,0.0,629.1685,480.15747,0.0,299.97568,0.0,212.03433,0.0,504.56122,1142.8807,201.03935,0.0,45.904358,0.0,0.0,59.615524,0.0,0.0,0.0,5811.248,0.0,0.0,0.0,0.0,64.16584,0.0,0.0
AL158071.4,3.783349,0.0,0.0,80.09848,0.0,0.0,0.0,0.0,4.750657,0.14956369,0.0,0.0,2.921239,0.0,0.0,0.0,0.0,0.0,0.0,0.0,0.0,0.0,0.0,0.0,0.0,0.0,0.0,0.0,0.0,0.0
CTSV,0.0,0.0,0.0,0.0,0.0,0.0,45.27465,0.0,0.0,0.0,0.0,0.0,15.3891945,0.0,0.0,0.0,45.636177,0.0,0.0,0.0,0.0,0.0,21.751266,0.0,0.0,0.0,0.0,0.0,0.0,230.97977
TMOD1,0.0,0.0,0.0,0.0,34.997715,94.554276,0.0,0.0,0.0,0.0,0.0,35.83045,0.0,0.0,0.66171414,275.34763,0.0,0.0,3.7790146,0.0,0.0,0.0,44.23239,95.80138,0.0,0.0,0.0,0.0,0.0,0.0
HEMGN,0.0,0.0,0.0,0.0,165.56577,0.0,0.0,0.0,0.0,245.28685,0.0,138.73848,132.42735,0.0,0.0,2391.6497,0.0,0.0,0.0,265.85236,0.0,0.0,167.31476,425.30185,0.0,0.0,0.0,0.0,0.0,0.0
ANP32B,1840.8552,194.20041,225.61101,0.0,2123.213,2775.863,1067.5089,2080.8608,164.38586,3783.8318,590.1433,3195.715,3757.971,2002.817,1046.6887,1043.0436,943.53015,1961.0348,767.76697,3032.4873,2781.3813,214.25859,4203.764,591.4054,1995.6824,828.0948,356.41696,1979.1858,113.024925,114.36731
TMEM246,0.0,0.0,0.0,0.0,27.02584,47.03467,0.0,0.0,0.0,41.4504,0.0,0.0,6.9020042,0.0,0.0,0.4214123,0.0,0.0,0.0,57.334747,0.0,0.0,5.2088313,0.0,0.0,0.0,22.155375,0.0,0.0,0.0
SMC2,0.0,0.0,0.0,20.10982,169.06752,74.32127,0.0,167.68787,0.0,142.8141,3.7942827,270.68454,1208.583,0.0,24.224506,104.54655,34.222576,8.282317,9.4386,214.53114,0.0,0.0,1225.9369,31.827446,0.0,6.050478,231.4535,118.95266,361.01636,0.0
SLC44A1,2.1428668,155.44955,0.0,0.0,0.0,0.0,36.84127,0.0,0.0,0.0,21.98258,0.0,16.735575,389.66995,0.0,0.0,9.288278,0.0,993.39294,2948.457,32.60626,0.0,79.09444,100.20495,0.0,411.40973,294.7344,0.0,201.50703,0.0
CTNNAL1,0.0,0.0,0.0,0.0,62.750694,38.93424,0.0,19.588905,0.0,0.0,0.0,176.59111,884.3654,41.375767,0.0,26.438707,0.0,0.0,105.140175,0.0,0.0,0.0,47.18723,272.3365,0.0,273.21353,0.0,0.0,0.0,72.42061
TXN,389.81097,713.7772,0.0,867.2127,1133.5684,2086.9333,767.4051,0.0,731.7516,2253.4937,0.0,697.2741,3493.1826,2976.4482,233.63443,211.7265,4363.2114,142.15292,816.42816,1260.9471,422.24857,1295.4185,1670.76,174.33319,0.0,116.251495,1076.7693,1153.7438,1067.9696,2418.5186
SVEP1,0.0,0.0,0.0,0.0,0.0,0.0,0.0,0.0,0.0,0.0,0.0,0.0,0.0,0.0,0.0,0.0,0.0,0.0,0.0,0.0,0.0,0.0,0.0,0.0,78.00044,359.87033,151.74329,0.0,132.12914,0.0
PTGR1,0.0,0.0,0.0,0.0,25.515013,0.0,0.0,0.0,0.0,19.842613,0.0,0.0,21.07083,29.30551,0.0,0.0,7.432274,0.0,0.0,29.976046,109.83222,0.0,10.679599,0.0,0.0,47.9753,0.0,0.0,0.0,0.0
UGCG,0.0,0.0,0.0,0.0,135.92915,0.0,0.0,0.0,40.69413,0.0,0.0,438.2337,0.0,0.0,0.0,33.622578,3122.7576,21.287275,0.0,0.0,0.0,14.838958,0.0,5.762065,1515.7667,555.3453,143.52919,48.574078,34.66292,7.944622
ALAD,30.95308,0.0,0.0,11.268118,281.91147,165.02486,0.0,47.393707,0.0,12.423493,2.2283795,406.11746,37.764988,0.0,30.794392,588.9211,7.1140184,52.318104,23.60902,58.124252,15.048603,33.551098,227.84406,0.0,0.0,26.003084,0.0,92.47493,39.891533,0.0
POLE3,202.90887,3.907853,136.95087,272.34335,581.19495,391.0342,90.46457,325.1914,145.35794,218.06133,103.58983,797.2066,838.57196,314.33664,339.1805,88.71823,281.51016,315.41736,419.77563,204.06343,246.12657,137.57272,438.4176,66.67662,0.0,246.49017,449.22253,0.0,0.0,42.1183
RGS3,0.0,0.0,0.0,201.09538,0.0,0.0,0.0,0.0,0.0,0.0,0.0,0.0,0.0,11.309932,0.0,0.0,0.0,194.03905,0.0,96.635506,36.634636,0.0,0.0,188.05783,911.66504,150.46877,0.0,0.0,1936.6746,0.0
TNC,0.0,0.0,0.0,0.0,0.0,0.0,0.0,0.0,0.0,0.0,0.0,0.0,0.0,0.0,0.0,0.0,0.0,0.0,0.0,0.0,0.0,0.0,0.0,0.0,127.62407,1047.6296,457.0918,0.0,249.1355,0.0
PAPPA,0.0,0.0,0.0,0.0,0.0,0.0,0.0,0.0,0.0,0.0,0.0,0.0,0.0,0.0,0.0,0.0,0.0,0.0,0.0,0.0,0.0,0.0,0.0,0.0,0.0,2083.287,110.36387,0.0,0.0,0.0
AL160272.1,0.19870459,4.7139916,2.1312883,0.0,0.0,0.0,5.724471,0.0,1.8202924,4.273523,4.037139,1.175007,0.0,0.0,2.6296625,0.0,0.0,0.0,0.0,2.2737722,0.0,0.0,0.0,0.0,0.0,0.0,0.0,0.0,7.6419673,122.88401
GSN,0.0,38.789246,0.0,146.35858,0.0,0.0,497.7626,0.0,0.0,111.59918,0.0,0.0,34.090332,99.31837,0.0,0.0,566.69055,482.70416,265.9183,684.1569,0.0,0.0,0.0,394.4962,0.0,1229.6233,122.63335,0.0,38.936234,0.0
STOM,92.80686,0.7568698,0.0,781.5067,89.68612,0.0,0.0,0.0,89.06048,207.77846,24.74563,181.73288,76.06426,92.98555,151.17447,606.43024,0.0,362.38434,0.0,797.05566,0.0,108.01728,130.40268,900.06573,219.48631,678.10016,382.17233,274.9215,359.11258,201.64925
NDUFA8,145.922,1.4498621,0.0,185.5387,584.0538,350.98862,51.812355,147.67006,0.0,148.93787,106.0023,0.0,246.50117,65.49622,60.254192,171.07193,161.4434,91.89224,176.64478,232.90048,0.0,20.106781,113.07117,0.0,0.0,167.62254,0.0,127.60444,193.04776,120.91358
HSPA5,954.9658,250.26044,0.0,1677.2603,0.0,451.52585,775.2927,638.9633,1938.3641,240.00485,0.0,722.2042,125.877335,2873.0312,3109.8906,161.37012,1262.0935,0.0,555.80945,2672.272,891.5513,5438.435,3068.718,277.9858,2741.6108,1213.3656,1391.8363,1022.406,0.0,244.29759
ENG,0.0,16.396996,0.0,10.749219,262.63184,117.11829,0.0,0.0,99.99643,19.477358,116.06907,203.52832,23.778645,0.0,27.367172,139.30394,0.0,0.0,376.22006,0.0,0.0,0.0,187.96498,10.995888,22.548702,421.97235,0.0,0.0,104.93291,132.14197
AK1,21.296524,0.0,0.0,27.310652,101.49808,0.0,0.0,0.0,0.0,0.0,0.0,34.873688,0.0,0.0,116.789894,257.4976,0.0,0.0,142.50398,0.0,12.455783,0.0,0.0,46.986103,0.0,0.0,96.27003,49.128254,0.0,0.0
ST6GALNAC4,0.0,0.0,69.472946,20.186224,123.98699,0.0,0.0,217.10544,0.0,25.545782,37.147915,74.05329,0.0,0.0,61.120583,608.817,527.9839,30.497915,363.709,24.441591,14.748739,502.8862,109.97203,9.703264,0.0,0.0,0.0,108.10771,0.0,0.0
DPM2,113.38173,49.075684,106.75427,253.8532,218.8507,318.92194,117.932396,215.78723,0.0,30.705336,77.10084,93.01692,266.44196,129.87776,152.9939,610.81757,66.92671,132.32094,115.46108,186.50142,6.048228,0.0,0.0,82.35733,0.0,149.09718,234.58902,341.7136,64.600235,0.0
LCN2,0.0,0.0,0.0,0.0,0.0,0.0,0.0,0.0,0.0,0.0,0.0,0.0,0.0,0.0,0.0,0.0,0.0,255.31403,0.0,172.51584,0.0,0.0,0.0,1287.2314,0.0,0.0,0.0,0.0,0.0,0.0
WDR34,0.0,0.0,116.53643,0.0,82.7896,65.004326,0.0,99.60844,0.0,18.499506,0.0,113.695274,705.6182,31.276611,0.0,172.72795,42.61675,0.0,200.55836,0.0,0.0,0.0,401.0279,28.587835,0.0,0.0,170.91208,0.0,178.1093,9.901771
MIGA2,32.792892,0.0,25.79702,47.367657,70.153275,0.0,0.0,0.0,0.0,23.353691,0.0,737.4024,0.0,8.542175,0.0,0.0,0.0,63.208508,42.231106,62.573467,0.0,0.0,0.0,225.54448,6.2493806,0.60144967,0.0,193.30077,41.498913,0.0
AL391056.1,0.0,0.0,0.0,0.0,0.0,0.0,0.0,0.0,0.0,0.0,0.0,0.0,0.0,0.0,0.0,0.0,0.0,0.0,0.0,0.0,0.0,454.5521,0.0,0.0,0.0,0.0,0.0,0.0,0.0,0.0
AIF1L,0.0,0.0,0.0,0.0,0.0,0.0,0.0,0.0,0.0,122.68385,0.0,0.0,0.0,0.0,0.0,0.0,0.0,0.0,0.0,0.0,0.0,5.3692822,0.0,0.0,0.0,0.0,0.0,0.0,0.0,0.0
GFI1B,0.0,0.0,0.0,0.0,279.23862,63.593605,0.0,0.0,0.0,0.0,0.0,0.0,88.42283,0.0,0.0,553.2044,0.0,0.0,0.0,17.57278,0.0,0.0,166.78879,802.53845,0.0,0.0,0.0,0.0,0.0,0.0
GBGT1,0.0,34.69238,4.35918,0.0,30.094662,150.72983,0.0,0.0,16.842855,18.428976,48.66563,0.0,0.0,0.0,0.0,29.37669,2.4315097,0.0,9.776958,0.0,0.0,0.0,116.919785,0.0,0.0,23.947933,0.0,113.229774,0.0,0.0
RPL7A,26233.043,0.0,19954.373,2674.3845,20468.088,30183.793,11907.666,12926.095,1929.3073,34563.605,3781.377,24616.016,0.0,12798.15,11030.429,3773.1687,11999.179,19266.207,10015.839,16888.547,24783.06,12773.627,0.0,3853.511,28844.549,12823.8545,8874.541,15204.419,18570.164,0.0
WDR5,33.452316,1.2763408,0.0,34.364388,114.07898,73.35852,24.235397,92.25023,0.0,6.8591843,0.0,288.27808,88.58962,86.7415,77.61686,0.0,15.734461,0.0,51.56274,140.21263,0.0,0.0,8.573218,17.962662,5.947685,86.9726,44.884853,0.0,104.08162,0.0
FCN1,0.0,8744.85,0.0,0.0,0.0,0.0,1037.1011,0.0,5890.3975,0.0,5647.2476,0.0,0.0,0.0,0.0,0.0,0.0,0.0,0.0,0.0,0.0,0.0,0.0,0.0,0.0,0.0,0.0,0.0,0.0,278.2024
OLFM1,0.0,0.0,0.0,0.0,0.0,0.0,10.354225,0.0,38.003098,0.0,20.23718,0.0,0.0,0.0,2.3616047,0.0,0.0,0.0,0.0,0.0,1.7531883,0.0,0.0,0.0,0.0,0.0,0.0,0.0,0.0,0.0
MRPS2,99.867546,4.016282,31.150227,119.96206,424.90216,396.14984,80.14028,70.55831,18.047218,169.59927,13.499603,135.39555,153.2424,69.80566,125.131325,0.0,31.356514,0.0,94.04565,129.391,435.7152,30.742918,49.46621,0.0,62.842106,35.473606,166.90997,0.0,0.0,93.21246
UBAC1,0.0,53.734524,0.0,37.021805,799.1118,30.461206,0.0,0.0,56.17068,0.0,112.37813,469.8799,403.23618,0.0,0.0,1158.536,4.214364,0.0,62.84113,0.0,0.0,0.0,230.54967,39.620636,0.0,0.0,0.0,0.0,0.0,0.0
AL590226.1,0.0,0.0,0.0,0.0,0.0,48.429676,0.0,0.0,0.0,125.444496,0.0,0.0,10.444011,0.0,0.0,0.0,0.0,0.0,90.689,0.0,0.0,0.0,0.0,0.0,0.0,0.0,0.039799638,0.0,5.9466577,0.0
EGFL7,0.0,0.0,0.0,0.0,44.135685,231.53862,0.0,0.0,0.0,1373.2913,0.0,0.0,12.530779,182.48996,0.0,0.0,0.0,0.0,1120.4707,0.0,0.0,0.0,248.3291,53.08997,27.454687,0.0,0.0,0.0,0.0,659.15265
FAM69B,0.0,0.0,0.0,0.0,0.0,3.2247107,0.0,108.22458,0.0,41.119793,0.0,0.0,0.0,29.233404,0.0,0.0,0.0,84.362274,131.79253,0.0,0.0,0.0,0.0,0.0,0.0,0.0,0.0,0.0,0.0,0.0
LCN6,0.0,0.0,0.0,0.0,0.0,0.0,0.0,0.0,0.0,0.0,0.0,0.0,0.0,0.0,0.0,0.0,0.0,0.0,1696.4071,0.0,0.0,0.0,0.0,0.0,0.0,0.0,0.0,0.0,0.0,0.0
TMEM141,200.35614,110.20471,95.54559,212.15569,719.21826,428.31885,0.0,129.73991,32.293648,98.190796,222.69418,311.0288,345.0557,237.17111,56.9212,28.885748,515.4891,236.60483,322.4932,232.51929,102.81728,0.0,41.474106,85.44951,0.0,56.828247,543.7211,67.71338,393.19122,0.0
LCN12,0.0,0.0,0.0,5.7130795,0.0,0.0,0.0,0.0,0.0,0.0,0.0,0.0,0.0,8.888974,9.11892,0.0,170.04211,18.590826,0.0,0.0,0.0,0.0,0.0,0.0,0.0,0.0,0.0,0.0,0.0,0.0
PTGDS,0.0,0.0,0.0,1595.1849,0.0,0.0,0.0,0.0,0.0,0.0,0.0,0.0,0.0,0.0,0.0,0.0,6133.314,0.0,0.0,0.0,0.0,0.0,0.0,0.0,0.0,8620.657,0.0,0.0,0.0,0.0
LCNL1,7.6542993,0.0,0.0,28.055687,0.0,0.0,0.0,0.0,0.0,0.0,0.0,0.0,0.0,0.0,0.0,0.0,210.85329,34.03003,0.0,0.0,0.0,0.0,0.0,55.930214,0.0,0.0,0.68829805,0.0,0.0,0.0
CLIC3,0.0,0.0,0.0,3689.5308,0.0,0.0,0.0,0.0,0.0,0.0,0.0,0.0,0.0,0.0,0.0,0.0,3779.9282,0.0,0.0,0.0,0.0,0.0,0.0,0.0,0.0,0.0,0.0,0.0,0.0,0.0
NPDC1,79.65324,0.0,0.0,0.0,0.0,0.0,0.0,0.0,6.7834363,1176.8888,0.0,0.0,0.0,42.279198,0.0,0.0,0.0,0.0,0.0,0.0,0.0,10.880002,0.0,0.0,0.0,0.0,0.0,0.0,0.0,0.0
SAPCD2,0.0,2.8295915,0.0,0.0,0.0,0.0,9.9455185,0.0,0.0,0.40971708,0.0,0.0,0.0,10.815344,40.26667,0.0,0.0,0.0,0.0,19.37311,0.0,0.0,194.10063,0.0,0.0,61.934826,5.683814,0.0,0.0,0.0
LRRC26,0.0,0.0,0.0,0.0,0.0,0.0,0.0,0.0,0.0,0.0,0.0,0.0,20.044601,0.0,0.0,0.0,942.60815,0.0,154.6384,0.0,0.0,0.0,0.0,0.0,0.0,0.0,0.0,0.0,0.0,0.0
TUBB4B,0.0,123.83337,0.0,244.73566,607.9727,278.1273,243.80774,168.80591,344.07938,116.981445,38.902122,647.8653,1123.3335,0.0,243.24858,969.5641,161.63057,111.29473,88.522964,196.99396,0.0,76.799416,7963.062,480.33063,442.9565,108.57308,331.82446,47.860348,0.0,277.0547
NRARP,0.0,0.0,0.0,0.0,0.0,0.0,12.265566,0.0,4.8953924,0.0,0.0,0.0,0.29995877,0.0,0.0,0.0,0.0,0.0,0.0,0.0,0.0,0.0,0.0,0.0,0.0,0.0,0.8027863,0.0,0.0,0.0
EXD3,18.659899,0.0,20.205597,46.40473,102.64476,0.0,0.0,8.563,0.0,9.25005,1.8616626,0.0,0.0,0.0,0.0,0.0,15.558322,2.0145898,63.14077,79.6842,0.0,0.0,0.0,4.4413257,4.7811174,0.0,0.0,5819.4746,0.0,0.0
IFITM3,0.0,0.0,0.0,542.4301,0.0,0.0,0.0,0.0,384.23224,885.2613,8087.8677,0.0,0.0,0.0,0.0,0.0,0.0,58.05515,612.1359,133.40834,0.0,0.0,0.0,0.0,3076.0464,11635.683,1291.7831,0.0,1122.639,46.863087
IRF7,98.3732,51.342804,47.28298,62.159245,0.0,0.0,0.0,0.0,185.5667,0.0,233.91444,0.0,0.0,0.0,3.8653307,52.74847,7091.543,0.0,108.22258,0.0,301.40952,0.0,0.0,33.03266,393.2724,46.8425,0.0,266.62796,0.0,0.0
SCT,0.0,0.0,0.0,0.0,0.0,0.0,0.0,0.0,0.0,0.0,0.0,0.0,0.0,0.0,0.0,0.0,2443.3938,0.0,0.0,0.0,0.0,0.0,0.0,0.0,0.0,0.0,0.0,0.0,0.0,0.0
TALDO1,146.61868,1156.8771,0.0,115.072464,670.6539,1652.2146,812.68396,255.09093,247.63412,2168.9722,777.46936,0.0,1871.345,599.36096,375.25858,677.86993,635.9178,672.62787,518.10095,1507.049,155.13643,0.0,1319.838,1832.8695,0.0,105.640755,317.85007,735.7388,230.13913,1135.039
POLR2L,1321.5347,2011.368,186.03755,1938.4926,1194.6176,2340.8865,987.22644,906.5747,2222.925,765.96954,1153.9427,11.096323,1886.8402,2900.8296,1540.0728,762.29785,1624.5807,373.44138,622.3507,1464.1472,1237.2166,1111.5411,739.27466,526.48975,0.0,3004.3247,1676.8674,1148.7047,359.04446,1128.3263
TNNI2,0.0,40.97873,23.299814,0.0,0.0,0.0,49.51976,0.0,198.3731,0.0,220.58366,0.0,0.0,0.0,0.0,0.0,861.3718,0.0,0.0,0.0,325.8856,0.0,0.0,0.0,0.0,0.0,0.0,0.0,0.0,0.0
TSPAN32,270.19113,0.0,0.0,515.6491,0.0,122.83224,0.0,0.0,0.0,434.8766,108.16709,216.93593,0.0,1.0046868,150.74123,36.268044,0.0,1489.4839,0.0,530.7709,2.0572684,0.0,0.0,0.0,0.0,404.143,444.56403,0.0,87.65402,0.0
CDKN1C,0.0,0.0,0.0,0.0,0.0,0.0,0.0,0.0,0.0,0.0,928.1451,0.0,0.0,0.0,0.0,0.0,0.0,0.0,0.0,0.0,0.0,0.0,0.0,0.0,145.90668,140.22874,0.0,0.0,0.0,0.0
PHLDA2,5.2611666,9.854045,0.0,0.0,0.0,0.0,179.93704,0.0,468.26614,0.0,0.0,0.0,0.0,0.0,6.497566,0.0,0.0,0.0,0.0,0.0,5.4191184,0.0,0.0,0.0,32.42116,43.606956,154.80055,0.0,0.0,0.0
RRM1,47.728546,0.0,0.0,0.0,126.178535,44.041363,0.0,167.65453,9.413774,89.50634,0.0,284.3642,1396.0765,0.0,41.412464,130.64201,31.67368,0.0,14.318529,28.925678,110.20183,0.0,427.55765,0.0,145.57399,34.281998,0.0,69.19003,0.0,16.066746
HBB,0.0,0.0,0.0,0.0,146993.69,0.0,0.0,0.0,0.0,0.0,0.0,9542.211,45871.684,0.0,0.0,416842.44,0.0,0.0,0.0,0.0,0.0,0.0,87221.27,0.0,0.0,0.0,0.0,0.0,0.0,0.0
HBD,0.0,0.0,0.0,0.0,1957.6365,1251.0197,0.0,0.0,0.0,0.0,0.0,0.0,2055.4348,0.0,0.0,24592.36,0.0,0.0,0.0,0.0,0.0,0.0,3258.6584,0.0,0.0,0.0,0.0,0.0,0.0,0.0
HBG1,0.0,0.0,0.0,0.0,90.77908,0.0,0.0,0.0,0.0,0.0,0.0,20.887506,0.0,0.0,0.0,20.040821,0.0,0.0,0.0,0.0,0.0,0.0,30.613926,0.0,0.0,0.0,0.0,0.0,0.0,0.0
HBG2,0.0,0.0,0.0,0.0,831.0293,0.0,0.0,0.0,0.0,0.0,0.0,120.75651,453.5308,0.0,0.0,1651.2368,0.0,0.0,0.0,0.0,0.0,0.0,423.42056,750.54315,0.0,0.0,0.0,0.0,0.0,0.0
CAVIN3,0.0,51.54819,0.0,0.0,0.0,0.0,60.72914,0.0,0.0,0.0,0.0,0.0,0.0,26.444372,0.0,0.0,0.0,0.0,0.0,0.0,148.20174,0.0,83.576385,0.0,128.08607,307.2464,67.3464,0.0,298.03766,0.0
ILK,47.820595,36.414288,30.14329,226.27751,40.65225,77.48414,215.07114,20.424871,0.0,50.126965,178.91457,0.0,183.16388,5.5257382,78.372246,162.8407,124.15982,1028.2714,185.98256,595.32166,31.592337,25.290724,289.43115,1233.1277,0.0,195.73451,79.787605,43.546093,132.23247,71.20486
WEE1,0.0,1.7903669,57.402184,70.68561,0.0,188.87822,1.8505212,0.0,27.102814,0.4232332,0.0,74.28975,215.5395,57.423183,28.188108,0.0,0.0,0.0,81.184975,0.0,0.0,107.80385,212.41142,9.20097,20.263191,0.15877016,6.230565,96.55175,19.28637,0.0
ADM,0.0,135.58372,0.0,0.0,0.0,0.0,0.0,0.0,724.2323,0.0,13.519348,0.0,0.0,0.0,0.0,0.0,0.0,0.0,0.0,0.0,0.0,0.0,0.0,0.0,0.0,22.187126,2846.898,0.0,0.0,120.919235
SOX6,0.0,1.9780861,0.0,0.0,0.0,0.0,0.0,3.1983643,0.0,0.0,9.418224,11.952509,0.0,0.0,2.2195413,228.33904,0.0,1.335062,0.0,0.0,0.0,0.0,0.0,0.0,0.0,11.180837,18.51601,0.0,11.516979,0.0
NUCB2,1061.125,0.0,0.0,119.52002,203.50177,1752.7517,0.0,903.6602,0.0,2650.635,0.0,7.695944,1846.8663,3522.0742,0.0,0.0,1654.2474,196.77591,1092.0293,377.7766,83.97772,0.0,875.9074,126.98415,0.0,861.82623,463.87277,1060.8035,0.0,0.0
LDHA,1606.5721,410.48782,0.0,1769.0675,0.0,3014.7595,1801.1514,1780.082,1777.0166,2393.6614,567.6339,0.0,3256.1326,1198.7026,389.5171,0.0,568.4978,826.3413,362.39276,1845.2062,1786.3375,1924.4137,1519.658,0.0,4451.101,165.04575,1939.553,0.0,867.79675,0.0
NAV2,0.0,0.0,0.0,0.0,0.0,0.0,0.0,2.6756942,0.0,0.0,0.0,0.0,0.0,0.0,0.0,0.0,0.0,0.0,0.0,0.0,104.22374,0.0,0.0,0.0,231.57187,346.1881,0.0,0.0,0.0,0.0
CCDC34,3.54675,0.0,0.0,0.0,215.92372,121.462135,0.0,135.60146,0.0,123.61256,0.0,141.95178,525.07764,151.35475,12.881625,78.26302,0.0,0.0,0.0,0.0,0.0,0.0,696.4275,49.32851,14.239752,0.0,0.0,0.0,0.0,0.0
CD59,116.86262,0.0,0.0,78.832634,548.9094,279.54077,0.8943273,219.7304,0.0,537.0402,0.0,446.83286,269.84763,34.314587,0.0,163.96803,0.0,0.0,168.07333,152.34937,130.38116,187.84055,697.96875,113.607315,377.22446,666.40125,15.298514,0.0,350.98593,1202.2335
LMO2,0.0,146.3531,0.0,0.0,157.87337,151.28642,54.97394,0.0,196.93495,220.30986,216.81381,76.26858,0.0,129.18047,0.0,141.20076,0.0,0.0,16.736452,0.0,0.0,0.0,339.97736,0.0,0.0,0.0,0.0,0.0,24.510946,55.55247
CAT,0.0,180.0985,102.543274,52.742035,701.7265,1145.2883,343.33682,487.60428,0.0,1389.8119,313.50348,0.0,903.27106,1449.8164,151.35309,1433.965,888.66595,0.0,597.8902,535.6945,0.0,0.0,457.98297,110.74299,0.0,0.0,264.375,271.1924,338.7386,70.36031
RAG2,0.0,0.0,0.0,0.0,0.0,0.0,0.0,213.13553,0.0,0.0,0.0,0.0,0.0,0.0,0.0,0.0,0.0,0.0,1130.7043,0.0,0.0,0.0,0.0,0.0,0.0,0.0,0.0,0.0,0.0,0.0
C11orf96,0.0,0.0,0.0,0.0,0.0,0.0,0.0,0.0,0.0,0.0,0.0,0.0,0.0,0.0,0.0,0.0,0.0,0.0,0.0,0.0,0.0,0.0,0.0,0.0,1544.303,1413.4694,343.32486,0.0,717.7076,267.02585
CD82,48.323574,0.0,461.98285,0.0,398.5878,450.38937,0.0,0.0,116.38661,223.50534,0.0,437.42822,26.314543,0.0,33.53809,438.0228,66.54884,0.0,14.961609,133.62302,124.19099,475.58438,159.91689,244.57776,358.79675,406.7697,520.1601,315.2287,18.888836,202.80507
TSPAN18,34.93279,0.0,0.0,0.0,0.0,5.186848,0.0,0.0,0.0,0.0,0.0,0.0,0.0,0.0,0.0,0.0,0.0,482.55826,0.0,0.0,0.0,0.0,0.0,189.01917,0.0,76.010254,0.0,57.425137,39.7113,37.40432
MDK,0.0,0.0,0.0,0.0,0.0,0.0,0.0,0.0,0.0,1060.691,0.0,0.0,0.0,0.0,0.0,0.0,0.0,0.0,369.21036,1.9387851,0.0,0.0,0.0,0.0,911.9855,2478.1992,478.26733,0.0,47.149082,0.0
PACSIN3,0.0,0.0,0.0,0.18865745,0.0,0.0,0.0,9.7255535,0.0,4.213984,0.0,0.0,0.19042352,1.3050363,0.0,0.0,0.0,0.0,0.0,18.219137,0.0,0.0,0.36966085,0.0,0.0,34.075382,0.0,0.0,0.0,0.0
PSMC3,272.1112,41.802998,98.36799,426.80933,555.0691,509.46896,158.34042,408.0533,67.83711,324.60013,261.4398,564.1176,1289.4857,111.39665,342.97894,116.914314,191.37715,96.880264,531.2163,426.1221,374.1284,725.2107,1400.7704,0.0,0.0,645.9937,503.51907,386.15945,0.0,362.36264
C1QTNF4,0.0,0.0,0.0,0.0,0.0,0.0,0.0,0.0,0.0,1332.4182,0.0,0.0,0.0,1599.0803,0.0,0.0,0.0,0.0,110.49026,0.0,0.0,0.0,0.0,0.0,0.0,0.0,0.0,0.0,0.0,0.0
MTCH2,38.806145,117.41779,9.459397,116.74531,534.1956,402.11005,222.25177,386.291,0.0,173.94987,147.27466,184.14183,493.56216,259.17172,93.318054,0.0,142.5818,0.0,266.26,157.54277,0.0,193.26343,526.24066,130.92029,0.0,42.92016,17.635143,80.16914,146.77914,140.049
PTPRJ,12.265021,113.72891,16.053825,146.84856,0.0,0.0,0.0,51.340706,76.03531,0.0,158.24527,130.1539,0.0,0.0,60.225235,0.0,9.608344,1001.3428,8.089317,0.0,0.0,14.085188,28.330906,0.0,0.0,117.03081,0.0,169.4196,0.0,524.13257
SSRP1,245.25581,4.4123125,89.44521,135.37152,607.82965,458.41257,151.24214,563.5994,0.0,407.58432,50.82982,120.173836,1436.4302,218.8132,2.7722175,80.61403,246.06403,41.668407,343.27472,222.94423,117.96506,0.0,276.32816,61.865696,0.0,0.0,634.2409,112.673615,169.76102,0.0
PRG2,0.0,0.0,0.0,0.0,0.0,0.0,0.0,0.0,0.0,0.0,0.0,0.0,0.0,2.2867355,0.0,0.0,0.0,0.0,0.0,0.0,0.0,0.0,0.0,0.0,0.0,0.0,0.0,722.44525,0.0,0.0
SLC43A3,0.0,22.694765,0.0,0.0,227.27066,58.847767,0.0,0.0,0.0,10.631608,33.707462,12.763903,468.7555,0.0,58.508717,188.42642,49.412193,0.0,0.0,55.209663,0.0,0.0,193.92686,0.0,0.0,50.10995,30.120728,0.0,27.459707,13.675072
SLC43A1,1.1822687,0.0,0.0,20.036285,97.63749,66.42252,0.0,6.674399,10.6235,51.12279,0.0,27.650637,69.89232,74.51223,0.0,235.46678,0.0,0.0,16.094,60.981705,40.93351,0.0,145.39137,0.0,0.0,0.0,0.0,116.1246,163.35582,0.0
TIMM10,188.00694,71.75677,161.3736,77.242775,586.3749,200.7313,187.82243,247.82613,0.0,88.230705,125.51479,199.15924,239.64279,269.83984,221.6253,0.0,177.2693,126.010216,166.62715,283.17142,303.10742,0.0,848.98047,38.03668,240.99437,28.488,391.8748,83.37234,459.10284,258.58148
SERPING1,0.0,0.0,0.0,0.0,0.0,0.0,0.0,0.0,0.0,209.1054,0.0,0.0,0.0,0.0,0.0,0.0,24.72033,0.0,0.0,109.94399,0.0,0.0,0.0,0.0,173.82129,1793.369,190.18744,0.0,82.09867,403.83505
SELENOH,1350.9662,396.4839,1487.2406,360.35773,1816.9009,1955.8539,573.2883,1128.866,0.0,1380.8314,866.3851,0.0,757.18567,1090.1158,1617.2573,42.318375,1686.4684,1086.6742,1866.871,1448.3759,1143.0016,53.0245,0.0,837.4038,0.0,1103.3124,139.98479,0.0,278.2237,712.95636
GLYATL2,0.0,0.0,0.0,0.0,0.0,2.2256055,0.0,7.268622,0.0,12.042722,0.0,0.0,0.0,0.0,0.0,0.0,0.0,0.0,0.0,0.0,0.0,0.0,0.0,71.73121,0.0,0.0,0.0,0.0,0.0,0.0
FAM111B,0.0,0.0,130.00839,0.0,0.0,0.0,0.0,608.4766,0.0,0.0,0.0,0.0,547.36597,0.0,0.0,0.0,0.0,0.0,61.84356,0.0,0.0,0.0,0.0,0.0,0.0,0.0,0.0,0.0,0.0,0.0
MS4A3,0.0,0.0,0.0,0.0,0.0,0.0,0.0,0.0,0.0,0.0,0.0,0.0,0.0,1925.0145,0.0,0.0,0.0,0.0,0.0,0.0,0.0,0.0,0.0,0.0,0.0,0.0,0.0,3486.9695,0.0,0.0
MS4A2,0.0,0.0,0.0,0.0,0.0,0.0,0.0,0.0,0.0,0.0,0.0,0.0,0.0,0.0,0.0,0.0,0.0,0.0,0.0,0.0,0.0,0.0,0.0,0.0,0.0,0.0,0.0,2587.751,0.0,0.0
MS4A6A,0.0,2313.5264,0.0,0.0,0.0,0.0,743.9141,191.7798,1346.8845,0.0,368.14438,0.0,0.0,504.70715,0.0,0.0,1226.1733,0.0,5.4393477,0.0,0.0,0.0,25.346298,0.0,0.0,0.0,0.0,0.0,0.0,1444.1721
MS4A7,0.0,67.90582,111.38791,0.0,0.0,0.0,65.909904,8.983988,43.976276,0.0,2962.1084,0.0,0.0,116.2329,0.0,0.0,0.0,0.0,20.405928,0.0,0.0,0.0,0.0,0.0,0.0,0.0,119.809204,0.0,79.23846,2776.115
MS4A1,0.0,0.0,8627.22,0.0,0.0,0.0,0.0,0.0,0.0,0.0,0.0,0.0,0.0,0.0,0.0,0.0,0.0,0.0,0.0,0.0,0.0,0.0,0.0,0.0,0.0,0.0,0.0,0.0,0.0,0.0
CCDC86,14.450847,0.0,8.885967,10.521445,140.58447,117.46259,36.96536,79.14489,0.0,25.807745,0.0,181.42815,0.0,0.0,25.223808,0.0,0.0,0.0,0.0,19.89392,0.0,111.96429,39.96798,12.628852,11.008819,0.0,0.0,222.45572,18.867485,2.14958
FEN1,0.0,0.0,0.0,10.010323,264.3773,100.35054,0.0,133.35413,0.0,35.500195,0.0,87.45346,1336.0582,0.0,25.296785,268.21695,59.11797,28.306316,5.426851,116.90198,0.0,35.378742,272.25156,75.64801,0.0,101.880005,0.0,94.0421,167.84537,0.0
FADS2,0.0,0.0,0.0,0.0,86.73556,123.29548,0.0,0.0,0.0,24.012497,0.0,46.77682,83.82156,22.436682,0.0,0.0,19.266275,0.0,0.0,72.59645,0.0,0.0,224.03642,0.0,0.0,0.0,0.0,12.800684,0.0,0.0
FADS1,0.0,35.551155,0.0,8.067847,44.145283,83.386345,78.227486,28.980919,6.9486217,152.74591,18.417122,18.097588,162.97057,66.36698,67.10784,0.0,66.79365,9.638557,40.69646,292.17508,0.0,0.0,165.50633,0.0,0.0,273.09302,0.0,81.37798,129.3045,0.0
RAB3IL1,0.0,0.0,0.0,0.0,52.765648,0.0,0.0,0.0,0.0,0.0,0.0,0.0,0.0,0.0,0.0,124.27957,0.0,0.0,0.0,0.0,0.0,0.0,31.940939,0.0,0.0,107.399574,0.0,0.0,0.0,173.62642
FTH1,19832.736,24148.826,13350.77,1788.6884,27221.875,18920.443,33024.375,6435.654,128780.04,17750.807,102129.195,38720.734,0.0,0.0,9072.155,12880.046,31231.195,22085.299,107.25028,11342.718,35812.113,28334.06,0.0,27101.688,88672.46,22736.309,22748.268,40850.445,14546.463,55347.73
GNG3,0.0,0.0,79.000435,0.0,0.0,0.0,0.0,0.0,0.0,0.0,2.6785367,0.0,0.0,0.0,0.0,9.86482,0.0,0.0,0.0,0.0,0.0,0.0,0.0,0.0,0.0,0.0,0.0,0.0,0.0,0.0
HRASLS2,0.0,0.0,0.0,27.253664,0.0,0.0,0.0,0.0,0.0,0.0,0.0,0.0,0.0,0.0,0.0,0.0,0.0,0.0,0.0,0.0,0.0,1160.4877,0.0,0.0,0.0,0.0,0.0,0.0,0.0,0.0
MACROD1,15.137539,0.0,0.0,0.0,189.61078,239.5448,0.0,0.0,0.0,112.62642,0.0,0.0,74.88104,103.675606,0.0,20.354141,0.0,0.0,48.78117,0.0,0.0,0.0,0.0,0.0,0.0,0.0,0.0,20.226015,201.89413,0.0
STIP1,89.61212,6.072534,12.967557,133.02104,293.44415,236.65576,50.518467,102.98025,18.407833,90.10184,77.687904,0.0,345.64536,84.36697,66.18703,15.707007,76.31959,0.0,96.06684,212.98628,0.0,0.0,593.65607,37.239502,0.0,60.16962,2.326303,0.0,27.329922,0.0
FERMT3,283.85147,131.16968,24.458954,443.3187,58.70356,164.00389,293.81488,11.958235,22.956116,60.493534,111.34518,0.0,333.4948,0.0,76.44665,87.13299,675.5125,2254.1501,349.6941,2000.2278,90.5176,11.854481,176.89139,3922.6094,0.0,0.0,366.7745,94.08388,27.051548,94.6259
FKBP2,327.9509,138.11028,0.0,437.50964,30.396069,239.29085,304.32095,4.3927546,151.21133,195.09048,380.50378,31.211872,0.0,1362.1533,596.3763,0.0,1929.4974,0.0,523.5437,745.18274,217.83562,5716.549,779.23663,54.687138,0.0,749.781,350.98044,1524.12,818.8192,392.99088
PPP1R14B,0.0,0.0,0.0,0.0,123.59199,84.87114,0.0,204.77437,26.493214,16.168608,0.0,198.39256,0.0,259.79306,0.0,0.0,3071.167,0.0,1137.0568,61.935673,0.0,53.351418,0.0,50.79245,0.0,0.0,186.00595,84.206726,16.290976,0.0
TRMT112,1499.4951,145.12907,1127.1914,1414.3978,1172.7546,1369.771,517.4919,807.2794,17.909077,942.3223,428.01865,913.01105,602.9468,925.7334,1267.2975,652.89056,1210.2826,415.22443,1104.969,867.995,505.43704,990.4111,1302.1765,211.60776,0.0,1766.2935,780.48083,1312.4125,602.1041,593.09436
RASGRP2,962.8158,54.520573,1543.4731,274.26157,0.0,0.0,0.0,0.0,0.0,143.9818,614.30176,0.0,0.0,2312.302,0.0,0.0,462.98984,2065.2844,1620.5023,1555.4238,0.0,0.0,0.0,1702.299,580.2567,153.40633,362.40964,0.0,101.73876,0.0
ARL2,235.9596,0.0,23.021988,129.97089,511.14737,871.40393,95.571396,68.222206,0.0,518.834,68.48929,0.0,399.1104,728.9237,209.66136,108.17221,71.05103,159.08923,0.0,671.7063,113.88158,0.0,0.0,104.06074,0.0,280.67465,0.0,361.4261,68.388794,1.0264319
SAC3D1,9.937903,10.870048,0.0,13.40714,35.379444,105.01679,0.0,162.93742,0.0,19.625818,7.3878713,0.0,621.9602,6.7282395,30.637094,0.0,26.874784,0.0,23.592953,0.0,0.0,0.0,493.63388,0.0,0.0,83.12642,0.0,33.011887,85.19643,0.0
NAALADL1,37.52197,0.0,45.960262,208.94345,0.0,0.0,0.0,0.0,0.0,443.92487,31.422918,0.0,0.0,689.4012,0.0,7.9663224,0.0,0.0,0.0,0.0,0.0,0.0,0.0,0.0,0.0,0.0,0.0,949.1005,150.95091,0.0
CDCA5,0.0,0.0,0.0,0.0,0.0,0.0,0.0,108.38966,0.0,0.0,0.0,25.867945,650.2363,0.0,0.0,0.0,0.0,0.0,0.0,0.0,0.0,0.0,544.5328,0.0,0.0,0.0,0.0,0.0,0.0,0.0
NEAT1,859.92633,7793.2925,0.0,2943.158,0.0,109.54312,1282.8684,0.0,23905.465,3094.9976,14216.468,3973.4946,0.0,208.98964,6720.0303,0.0,0.0,4383.457,3626.9956,1921.4327,6616.0244,2994.8625,0.0,1611.6942,6662.5596,6319.3594,5728.674,5399.9775,3555.5195,6446.4717
SSSCA1,138.62617,117.69978,48.96434,339.31293,560.7907,0.0,77.8112,220.15805,198.58249,107.92432,125.72422,726.47095,92.63516,158.47487,168.28735,0.0,157.42854,15.486553,165.47809,173.72849,309.885,316.54053,452.68146,0.0,208.26402,157.04077,143.2458,425.134,257.0723,100.589615
CFL1,6368.616,2959.4583,2858.363,9381.834,1585.0869,3740.334,8853.794,7593.1943,711.842,2689.381,6444.193,0.0,8162.3057,3174.2131,1376.9016,0.0,6499.336,4226.456,4582.4336,6993.311,3728.8962,1738.875,6185.138,2356.732,0.0,2798.37,4608.5176,2358.7388,4596.3813,1390.2983
EFEMP2,0.0,0.0,0.0,9.621441,0.0,46.33046,0.0,0.0,0.0,0.0,0.0,0.0,0.0,3.416726,0.0,0.0,0.0,0.0,0.0,0.0,0.0,0.0,0.0,0.0,812.09705,163.04945,0.0,0.0,37.027977,0.0
GSTP1,499.40768,3388.9963,0.0,2907.2517,0.0,1433.3085,6402.592,436.45795,3355.444,5111.4272,4084.62,0.0,5204.4185,6302.883,559.6591,0.0,2091.5935,503.16525,530.53687,2613.1045,1216.8259,256.56122,1092.0833,443.83264,0.0,887.1078,1801.6823,451.30096,1616.482,1276.0438
ACY3,0.0,0.0,0.0,0.0,0.0,0.0,0.0,140.65106,0.0,131.54935,0.7459816,0.0,0.0,0.0,0.0,0.0,141.2964,0.0,0.0,0.0,0.0,22.964022,5.6697793,0.0,0.0,65.339355,0.0,0.0,0.0,23.637564
TCIRG1,0.0,194.2536,73.867294,343.21347,0.0,0.0,12.660166,0.0,207.7621,0.0,603.75653,0.0,141.85497,18.535254,10.432969,0.0,205.05627,0.0,12.471294,0.0,7933.635,0.0,132.11552,0.0,0.0,0.0,0.0,0.0,51.932346,0.0
GAL,0.0,0.0,0.0,0.0,29.100931,87.89423,0.0,0.0,0.0,0.0,0.0,27.768526,27.4506,0.0,0.0,0.0,0.0,0.0,0.0,0.0,0.0,0.0,12.1008005,0.0,0.0,0.0,177.91266,0.0,0.0,0.0
CCND1,0.0,0.0,12.80124,0.0,0.0,92.567024,0.0,0.0,0.0,0.0,0.0,0.0,0.0,0.0,454.81326,0.0,0.0,139.13828,0.0,0.0,0.0,0.0,0.0,0.0,0.0,0.0,62.430096,0.0,179.41449,150.75444
CTTN,0.0,0.0,0.0,0.0,51.195522,0.0,0.0,0.0,0.0,0.0,0.0,0.0,0.0,0.0,0.0,137.43796,0.0,415.60684,0.0,7.0103774,0.0,0.0,0.0,1876.1707,0.0,101.52762,0.0,0.0,0.0,8.096413
FOLR3,0.0,345.03137,0.0,0.0,0.0,0.0,0.0,0.0,0.0,0.0,0.0,0.0,0.0,0.0,0.0,13.91437,0.0,0.0,0.0,0.0,0.0,0.0,0.0,47.563095,0.0,13.083477,0.0,0.0,0.0,0.0
ARHGEF17,0.0,0.0,0.0,0.3038948,0.0,0.0,0.0,0.0,0.0,51.277298,0.0,0.0,0.0,0.0,0.0,0.0,0.0,0.0,42.042313,0.0,0.0,0.0,0.0,0.0,0.0,24.127851,0.0,61.04894,3.3333766,0.0
COA4,117.545204,0.0,90.6391,151.98903,494.55057,379.85828,48.08134,198.62938,0.0,172.20847,40.446667,66.827286,123.145195,253.74948,244.70514,0.0,206.69348,0.0,182.05748,244.81529,88.24072,334.38647,46.917683,195.94214,0.0,63.62922,322.44778,130.0551,0.0,10.5470495
UCP2,1163.3408,81.49137,2102.9412,1459.2692,150.80266,309.38153,368.4654,2686.1924,0.0,231.70383,1149.4706,0.0,0.0,168.04547,0.0,3172.8303,3152.7173,535.6234,1657.9667,333.86874,426.46176,0.0,0.0,1193.1227,0.0,641.3726,754.90375,360.6696,261.02686,804.2949
AP001189.1,0.0,0.0,0.0,0.0,0.0,0.0,0.0,0.0,0.0,0.0,0.0,0.0,0.0,0.0,0.0,0.0,0.0,180.06047,0.0,0.0,0.0,0.0,0.0,1808.8058,0.0,0.0,0.0,0.0,0.0,0.0
LRRC32,0.0,0.0,0.0,0.0,0.0,0.0,0.0,0.0,5.3226943,0.0,3.7587147,0.0,0.0,0.0,0.0,0.0,0.0,140.68498,0.0,0.0,0.0,0.0,0.0,0.0,436.4604,0.0,0.0,0.0,0.0,0.0
CCDC81,0.0,0.0,0.0,0.0,0.0,0.0,0.0,152.82988,0.0,0.0,0.0,0.0,0.0,7.4835753,0.0,0.0,0.0,0.0,84.77372,0.0,0.0,0.0,0.0,0.0,0.0,0.0,0.0,0.0,0.0,0.0
ENDOD1,13.481273,0.0,46.535965,26.280157,9.344697,0.0,0.0,92.10176,0.0,0.0,0.0,0.0,30.76227,0.0,84.007675,111.15088,0.0,346.29276,0.0,444.41537,0.0,0.0,0.0,0.0,0.0,68.36749,0.0,0.0,18.437988,0.0
AP001830.1,1.6752928,0.0,3.4425755,0.0,0.0,0.0,0.0,0.0,0.0,0.0,1.3844497,0.0,0.0,0.0,0.0,0.0,6.4301353,0.0,140.8063,0.0,0.0,0.0,0.0,0.0,0.0,0.0,0.0,1210.1549,0.0,0.0
DCUN1D5,57.522205,37.832344,23.49593,122.25176,486.00375,294.40167,45.081493,175.89957,40.303776,170.70496,47.148895,0.0,258.15488,186.33087,76.28046,0.0,108.683945,0.0,192.506,99.95557,52.978516,34.10305,104.0955,61.902706,183.45915,13.54758,11.949074,102.18332,274.60013,188.03833
ACAT1,290.5412,0.0,113.87712,52.331882,726.8195,165.90219,44.599884,124.2825,0.0,202.34033,6.688785,0.0,393.61102,249.6955,441.5945,363.15732,0.0,307.82272,121.3514,228.11073,317.83484,0.0,0.0,0.0,0.0,0.0,250.78253,12.825977,0.0,415.47504
TIMM8B,156.61783,460.66275,0.0,303.59256,929.81635,641.72205,232.4369,279.261,0.0,241.0646,403.149,58.701237,1060.6578,812.0237,460.60587,312.8351,482.80475,149.68263,682.70593,415.94897,224.06026,0.0,588.0102,69.032036,0.0,329.6077,451.98752,837.2099,453.84064,782.56903
AP000802.1,0.0,0.0,0.0,15.648243,0.0,0.0,0.0,1.0057704,0.0,0.1584846,0.44035774,0.0,0.0,0.0,0.0,0.0,0.080742724,0.0,0.0,6.520187,0.0,0.0,0.0,0.0,0.0,0.0,0.0,0.0,0.0,0.0
NNMT,0.0,0.0,0.0,0.0,0.0,0.0,0.0,0.0,0.0,0.0,0.0,0.0,0.0,0.0,0.0,0.0,0.0,0.0,0.0,0.0,0.0,0.0,0.0,0.0,3088.7576,6085.4688,239.05598,0.0,0.0,0.0
REXO2,10.911831,0.0,0.0,106.51049,2121.619,861.55554,0.0,1639.1031,0.0,0.0,0.0,1627.4677,0.0,0.0,248.6243,524.902,74.62627,0.0,2278.2754,0.0,0.0,0.0,1206.3417,1020.77264,0.0,649.7861,495.1354,493.94818,0.0,70.20983
SLC37A4,8.972969,0.0,10.232157,16.973288,118.99505,43.87045,0.0,0.0,0.0,52.068172,0.0,204.73782,179.46692,3.8054392,0.0,94.145676,0.0,45.49527,15.539019,59.81222,0.0,0.0,59.79567,0.0,0.0,0.0,11.854989,0.0,0.0,127.28502
HMBS,0.0,0.0,0.0,0.0,864.32,105.40163,0.0,0.0,0.0,0.0,0.0,464.68903,346.9965,0.0,0.0,2517.2026,17.685944,0.0,0.0,0.0,0.0,0.0,459.99445,0.0,0.0,0.0,0.0,164.10718,0.0,0.0
H2AFX,43.14153,0.0,0.0,155.90022,0.0,100.08605,0.0,303.66028,0.0,7.088387,0.0,152.28458,701.8333,0.0,58.499805,0.0,0.0,0.0,123.300995,46.340073,0.0,117.52795,2094.308,0.0,293.72812,39.00013,0.0,0.0,308.8263,24.313461
USP2-AS1,0.0,0.0,0.0,0.0,0.0,16.51293,0.0,0.0,0.0,0.0,0.0,4.0392733,0.0,0.0,0.0,0.0,0.0,0.0,0.0,0.0,0.17777346,0.0,16.473883,0.0,0.0,0.0,0.0,0.0,0.0,0.0
THY1,0.0,0.0,0.0,0.0,0.0,0.0,0.0,0.0,0.0,11.919208,0.0,0.0,0.0,0.0,0.0,0.0,0.0,0.0,0.0,0.0,0.0,0.0,0.0,0.0,7.6834435,472.41547,0.0,11.557813,0.0,0.0
UBASH3B,32.421535,14.027957,0.0,0.0,0.0,0.0,0.0,306.32523,0.0,10.19782,89.03531,0.0,0.0,1.2212868,0.0,0.0,0.0,515.8912,273.17645,0.0,16.630154,0.0,0.0,0.0,0.0,52.36913,126.07869,82.27882,0.0,0.44198948
HSPA8,3300.4717,0.0,0.0,1069.7886,3605.0996,2262.1226,177.74458,2337.4062,0.0,1647.0317,404.77383,0.0,1591.8264,0.0,3462.8877,1631.8112,427.71884,1271.4487,2077.1406,2558.4548,1708.9418,817.5143,3552.6365,219.18217,1976.0143,529.16797,2020.4097,291.19794,2786.7126,204.50827
SIAE,0.0,0.0,0.0,0.0,0.0,19.927313,0.0,0.0,0.0,22.98501,2.918034,15.784308,0.0,12.489347,26.91913,0.0,0.0,340.01376,16.07619,0.0,0.0,0.0,2.5027142,0.0,54.920094,0.0,0.0,21.36195,0.0,0.0
NRGN,0.0,286.30167,0.0,0.0,0.0,0.0,0.0,0.0,139.42569,0.0,92.35467,0.0,98.979385,88.793396,0.0,0.0,0.0,986.40063,0.0,37.161007,0.0,0.0,0.0,6057.935,0.0,0.0,0.0,0.0,0.0,0.0
ESAM,0.0,0.0,5.843515,0.0,0.0,0.0,0.0,0.0,0.0,0.0,0.0,0.0,0.0,0.0,0.0,0.0,0.0,222.20949,0.0,0.0,0.0,0.0,0.0,1376.1805,0.0,0.0,0.0,0.0,0.0,0.0
AP000866.2,0.0,0.0,0.79354537,2.7449806,0.0,0.0,0.0,0.0,0.0,0.0,0.0,0.0,0.0,0.0,0.0,0.0,0.0,0.0,0.0,0.0,0.0,0.0,0.0,471.27637,0.0,0.0,0.0,18.560736,30.154785,0.0
ROBO4,0.0,0.0,0.0,0.0,0.0,0.0,0.0,0.0,0.0,139.5394,0.0,0.0,0.0,0.0,0.0,0.0,0.0,0.0,14.658572,0.0,0.0,0.0,0.0,0.0,22.591928,70.299835,0.0,0.0,0.0,0.0
CHEK1,0.0,0.0,0.0,0.0,31.009153,68.388115,0.0,52.727608,0.0,26.156427,0.0,21.446054,849.5166,45.562572,35.043713,0.0,58.64062,25.713772,19.437687,99.91155,0.0,51.15602,177.1976,0.0,0.0,58.984253,1.5071952,101.04782,0.0,0.0
AKR1C1,0.0,0.0,0.0,0.0,21.069502,135.77206,0.0,0.0,0.0,0.0,0.0,54.24811,31.911413,0.0,0.0,31.264776,0.0,0.0,0.0,0.0,0.0,0.0,18.99946,0.0,0.0,4.2041807,18.663721,0.0,0.0,0.0
AKR1C2,0.0,0.0,0.0,0.0,14.082177,0.0,0.0,0.0,0.0,0.0,0.0,0.0,1.1629931,0.0,0.0,0.0,0.0,0.0,0.0,0.0,0.0,0.0,0.0,0.0,0.0,0.0,77.613335,0.0,0.0,0.0
AKR1C3,0.0,0.0,0.0,544.64294,1286.6542,113.78351,0.0,0.0,0.0,357.16132,0.0,0.0,254.66669,0.0,0.0,334.2299,0.0,0.0,72.689026,0.0,0.0,0.0,779.3339,0.0,0.0,0.0,0.0,0.0,0.0,0.0
NET1,0.0,0.0,0.0,0.0,24.046904,371.79782,15.712847,4.054023,32.4997,76.40616,0.0,338.52866,48.967075,26.847223,0.0,44.14445,83.08959,0.0,134.86958,175.89772,247.20244,0.0,187.72401,84.1713,223.79376,0.0,41.41241,9.613395,0.0,0.0
FBH1,118.65987,10.352537,132.38455,75.27076,197.10802,60.74773,4.5223675,128.87067,0.0,56.516407,2.705499,188.46397,0.0,0.0,109.03259,238.11795,125.59835,0.0,272.3897,30.155306,252.30722,31.668833,0.0,51.091343,0.0,2.2596388,43.623966,0.0,83.85821,0.0
MCM10,0.0,0.0,0.0,0.0,61.89132,0.0,0.0,7.4655156,0.0,0.0,0.0,1.975607,384.73218,0.0,0.0,23.356266,0.0,0.0,0.0,0.0,0.0,0.0,48.368294,0.0,0.0,0.0,0.0,0.0,0.0,0.0
AL157392.4,6.247931,0.0,1.6577262,2.882718,2.5476646,0.0,0.59498245,0.0,0.0,0.0,2.319344,10.766323,0.0,0.0,0.0,0.0,0.0,0.0,11.753947,0.0,0.0,0.0,0.0,0.0,0.0,0.0,0.0,0.0,0.0,0.0
RSU1,222.6522,119.33146,63.39235,283.43484,119.57639,216.02234,312.88416,88.635544,0.0,92.788155,172.59023,82.60887,96.308,121.52674,126.304405,154.73056,327.86398,1141.3993,243.29414,1130.5276,0.0,12.478581,0.0,1272.6025,0.0,15.905329,0.0,0.0,127.4917,0.0
VIM,4604.2617,7803.0767,0.0,0.0,0.0,0.0,12985.994,2817.7368,6993.3154,5955.199,2536.1133,577.0629,2019.747,5575.8154,0.0,0.0,6029.8315,1726.722,609.7191,2021.0076,6964.618,3804.3193,5451.863,133.29987,8841.536,7659.691,10748.047,8710.167,2334.8176,0.0
ST8SIA6-AS1,0.0,0.0,0.15960246,3.3609502,0.0127021605,0.0,0.0,0.0,0.0,0.0,0.50625676,0.0,0.0,0.0,0.0,2.2732985,0.0,101.82219,0.0,0.0,0.0,0.0,0.0,0.0,0.0,0.0,0.0,0.0,10.451372,0.0
HACD1,0.0,0.0,0.0,0.0,12.141503,317.4155,0.0,0.0,0.0,263.6402,0.0,0.0,170.3319,50.354336,0.0,0.0,0.0,0.0,52.00891,403.98154,0.0,0.0,91.46757,0.0,0.0,17.329008,0.0,90.69469,123.56451,167.56573
AL157895.1,0.0,0.0,0.0,0.0,0.0,168.80775,0.0,0.0,0.0,155.94336,0.0,0.0,0.0,0.0,0.0,0.0,0.0,0.0,0.0,1206.8853,0.0,0.0,0.0,14.240204,0.0,0.0,0.0,426.0905,0.0,0.0
SPAG6,0.0,0.0,0.0,0.0,1.3864576,4.3257604,0.0,0.0,0.0,3.8193448,0.0,1.0462525,3.00527,1.7642905,0.0,0.0,0.0,0.0,0.0,0.0,0.0,0.0,2.5559313,0.0,0.0,0.0,0.0,0.0,0.0,0.0
PRTFDC1,0.0,0.0,0.0,0.0,0.0,0.0,0.0,0.0,0.0,6.409844,0.0,0.0,0.2331264,0.0,0.0,0.0,0.0,0.0,0.0,464.75345,0.0,0.0,0.0,121.72845,0.0,237.54778,5.0960894,0.0,0.0,0.0
ENKUR,0.0,0.0,0.0,0.0,0.0,0.0,0.0,0.0,0.0,0.0,0.0,0.0,0.0,0.0,0.0,0.0,0.0,0.0,0.0,0.0,0.0,0.0,0.0,1223.3252,0.0,0.0,0.0,0.0,0.0,0.0
MPP7,98.773346,87.544334,0.0,0.0,104.51902,45.848804,0.0,19.432018,3.977545,0.0,0.0,0.0,0.0,0.0,0.0,0.0,0.0,856.0497,0.0,0.0,38.525276,0.0,0.0,0.0,0.0,62.69783,0.0,0.0,109.20956,0.0
PARD3,0.0,0.0,0.0,0.0,0.0,0.0,0.0,0.0,0.0,0.0,0.0,0.0,0.16275758,0.0,0.0,0.0,0.0,55.623306,15.674916,0.0,0.0,0.0,0.0,0.0,0.0,25.787035,0.0,0.0,0.0,0.0
HNRNPF,634.1973,214.64148,253.02463,562.4574,1292.8551,892.8534,402.5841,758.36804,124.52884,656.8482,415.2493,0.0,3141.7402,235.75558,885.2473,0.0,365.21335,239.67827,949.07776,1364.1577,331.41528,36.92176,1124.2007,587.2784,294.98575,704.5742,632.2492,896.83826,799.6691,129.19188
CXCL12,0.0,0.0,0.0,0.0,0.0,0.0,0.0,0.0,0.0,0.0,0.0,0.0,0.0,0.0,0.0,0.0,0.0,0.0,0.0,0.0,0.0,0.0,0.0,0.0,7038.704,45396.215,8873.026,0.0,0.0,470.5447
DEPP1,0.0,0.0,0.0,0.0,0.0,0.0,0.0,0.0,0.0,0.0,0.0,0.0,0.0,0.0,0.0,0.0,0.0,0.0,1073.3695,0.0,0.0,0.0,0.0,0.0,5409.7627,7293.456,0.0,0.0,1315.5228,0.0
NCOA4,54.735634,226.60156,0.0,86.55479,58.235237,625.3459,190.98209,229.96599,118.61078,474.23254,314.75433,0.0,90.25547,620.2148,0.0,547.3547,158.51297,1332.4354,164.69112,253.46555,0.0,0.0,0.0,7357.5767,0.0,427.0882,355.83542,1071.5171,0.0,618.17633
PRKG1,0.0,0.0,0.0,0.0,0.0,0.0,0.0,0.0,0.0,23.496336,0.0,0.0,0.0,0.0,1.0758021,0.0,0.0,13.158206,0.0,33.62402,0.0,0.0,0.0,0.0,0.0,0.0,0.0,0.0,0.0,0.0
AC074327.1,0.0,0.0,0.0,0.0,0.0,0.0,0.0,0.0,0.0,54.02447,0.0,0.0,0.0,30.595314,0.0,0.0,32.218254,29.756086,0.0,0.0,0.0,0.0,0.0,143.9048,0.0,0.0,0.0,0.0,0.0,0.0
ZWINT,0.0,0.0,0.0,0.0,0.0,0.0,0.0,144.71935,0.0,0.0,0.0,97.496284,2071.7231,34.28476,0.0,0.0,0.0,0.0,0.0,136.78497,0.0,0.0,1301.6525,0.0,0.0,0.0,0.0,0.0,0.0,0.0
CISD1,113.58031,37.076603,0.0,101.06961,239.94238,227.53299,92.77168,249.5769,0.0,72.94324,0.049692407,0.0,225.79028,199.14764,63.293835,0.0,64.77296,0.0,0.0,0.0,15.573069,152.99225,0.0,135.16367,0.0,14.788658,0.0,80.69609,466.9403,0.0
BICC1,0.0,0.0,0.0,0.0,0.0,0.0,4.446245,0.0,0.0,0.0,0.0,0.0,29.701254,6.619973,0.0,0.0,29.059381,0.0,0.0,0.0,0.0,0.0,0.0,0.0,0.0,351.6588,73.097824,0.0,0.0,0.0
SLC16A9,0.0,0.0,0.0,0.0,108.80626,0.0,0.0,58.243103,0.0,0.0,0.0,53.957325,0.0,0.0,0.0,0.0,0.0,0.0,65.560684,0.0,0.0,0.0,0.0,3.0605543,0.0,0.0,0.0,0.0,73.688126,120.32728
CDK1,0.0,0.0,0.0,0.0,18.407274,0.0,0.0,0.0,0.0,0.0,0.0,85.67203,619.76605,0.0,0.0,265.34314,0.0,0.0,0.0,0.0,0.0,0.0,2454.1208,0.0,0.0,0.0,0.0,0.0,0.0,362.53564
RTKN2,85.34503,0.0,0.0,0.0,0.0,0.0,0.0,568.3041,0.0,9.65553,0.0,0.0,0.0,0.0,0.0,0.0,0.0,0.0,0.0,168.58008,0.0,0.0,156.26045,0.0,0.0,0.0,0.0,142.55919,0.0,81.88202
EGR2,0.0,0.0,0.0,15.663176,0.0,0.0,0.0,0.0,150.95654,0.0,0.0,0.0,0.0,0.0,0.0,0.0,0.0,0.0,0.0,0.0,0.0,0.0,0.0,0.0,2217.9375,0.0,0.0,0.0,0.0,51.427723
HK1,112.89126,61.189476,14.334377,63.346092,477.01218,94.428055,62.874187,0.5431323,0.0,52.347614,161.57855,0.0,0.0,21.152594,230.81224,157.97925,0.0,147.36897,64.33947,152.11679,0.0,30.483957,108.33068,493.40717,0.0,151.41418,43.59549,256.84387,0.0,89.28488
TSPAN15,0.0,0.0,0.0,0.0,0.0,0.0,9.097736,0.0,0.0,0.0,0.0,0.0,0.0,0.0,0.0,0.0,0.0,403.64453,0.0,0.0,70.51567,0.0,0.0,0.0,0.0,0.0,208.73808,19.794329,0.0,207.85594
AIFM2,6.6101537,0.0,11.413105,22.509354,38.672447,0.0,0.0,15.860138,0.0,1.3886797,0.06800307,0.0,0.0,0.0,36.811802,33.897766,0.6896938,3.0819442,0.0,0.0,0.0,25.50597,12.366578,0.0,0.0,1.8720338,154.63655,0.8227164,157.87357,32.65724
PPA1,1219.4492,114.52633,0.0,0.0,1711.6837,1391.2758,1434.18,743.93207,102.1628,1371.9681,50.165756,97.20657,616.17285,966.2712,451.50388,0.0,35.30266,0.0,96.240364,327.16766,803.82697,403.12408,0.0,0.0,282.3196,1227.1066,561.77124,133.03618,0.0,0.0
PRF1,0.0,0.0,0.0,7925.9004,0.0,0.0,0.0,0.0,0.0,0.0,52.408386,0.0,0.0,0.0,0.0,0.0,107.026634,0.0,0.0,0.0,0.0,0.0,0.0,0.0,0.0,0.0,0.0,0.0,0.0,0.0
PSAP,289.7405,4159.002,296.22766,692.6592,180.28046,593.98395,1707.6467,0.0,4774.6196,296.69275,11172.644,235.74805,102.937416,0.0,202.07457,399.72446,2821.4565,1168.1097,429.16235,547.5817,3399.234,587.06616,471.33948,793.2177,309.26303,682.2501,675.37683,948.473,1336.7765,11166.681
DNAJC9,150.23096,0.0,0.0,203.58266,500.5321,536.72205,0.0,324.0798,0.0,135.70401,0.0,711.9322,1894.6165,0.0,157.07309,510.95886,70.82083,5.2360554,0.0,210.45862,406.5978,93.55563,952.9296,260.04,83.491135,0.0,362.02542,287.1155,0.0,0.0
AC016394.1,20.034044,0.0,4.49711,1.9851409,84.345474,0.0,0.0,0.0,0.0,23.050285,0.67427015,0.0,0.0,11.6041765,0.0,0.0,0.0,48.419838,5.54841,0.0,0.0,0.0,0.0,36.69648,0.0,0.0,0.0,0.0,55.868526,0.0
PLAU,0.0,2.6160114,0.0,0.0,0.0,0.0,32.69958,0.0,0.493641,30.082872,0.0,0.0,13.859829,52.108498,4.7721825,1.250069,24.16128,0.0,0.0,0.0,0.0,0.0,0.0,0.0,0.0,0.0,0.0,7.247336,0.0,0.0
VCL,13.742829,231.35135,0.0,174.40982,0.0,0.0,176.05176,11.410507,0.0,105.7666,77.62675,124.302734,84.6073,0.0,87.351364,0.0,195.58984,2009.3328,71.42923,444.1249,42.95351,231.196,160.33038,805.30786,365.3481,70.7918,0.0,289.00684,90.77346,0.0
ZNF503,0.0,44.69076,0.0,0.0,0.0,0.0,199.14803,0.0,84.98336,0.0,17.53817,0.0,0.0,40.411976,0.0,0.0,0.0,0.0,0.0,0.0,0.0,0.0,0.0,0.0,103.98526,28.629377,1374.6866,168.35458,1.7800974,286.6573
PPIF,0.0,141.7476,0.0,0.0,196.68636,157.0107,221.45154,0.0,544.49097,6.741265,7.521044,105.39461,553.4074,172.00519,0.0,0.0,0.0,149.89331,0.0,436.2418,0.0,0.0,250.33827,189.94463,226.15498,176.07452,14.412378,0.0,146.52391,0.0
PLAC9,0.0,0.0,0.0,0.0,0.0,0.0,0.0,0.0,0.0,0.0,0.0,0.0,0.0,0.0,0.0,0.0,0.0,0.0,0.0,0.0,0.0,0.0,0.0,0.0,564.2619,389.73575,660.4184,0.0,419.1543,0.0
SNCG,0.0,0.0,0.0,0.0,0.0,0.0,0.0,0.0,3.1935148,0.0,0.0,0.0,0.0,0.0,0.0,0.0,0.0,0.0,0.0,0.0,0.0,0.0,0.0,0.0,0.0,611.3438,0.0,0.0,0.0,0.0
ADIRF,2.3938746,0.0,0.0,0.0,0.0,0.0,0.0,0.0,0.0,0.0,0.0,0.0,0.0,0.0,0.0,0.0,0.0,0.0,0.0,0.0,0.0,0.0,0.0,0.0,97.3156,3371.09,0.0,0.0,0.0,0.0
MINPP1,0.0,0.0,0.0,6.233409,394.8223,180.09845,0.0,0.0,0.0,6.329565,0.0,0.0,181.6913,0.0,0.0,742.05334,0.0,0.0,0.0,69.70293,0.0,0.0,389.49332,0.0,0.0,0.0,0.0,16.290802,0.0,9.822853
ACTA2,0.0,0.0,0.0,36.425755,0.0,0.0,0.0,0.0,0.0,0.0,0.0,0.0,0.0,0.0,0.0,0.0,0.0,0.0,0.0,0.0,0.0,0.0,0.0,0.0,0.0,0.0,0.0,0.0,6841.976,0.0
IFIT2,73.422806,0.0,3.0321245,189.14346,0.0,0.0,0.0,0.0,574.73376,0.0,84.449844,324.5975,0.0,0.0,0.0,0.0,193.81697,0.0,229.4225,0.0,0.0,0.0,0.0,0.0,380.6273,67.87573,0.0,19.108679,0.0,0.0
IFIT3,32.093567,0.0,0.0,68.71507,45.311703,95.17189,0.0,0.0,257.57846,0.0,64.95556,0.0,0.0,0.0,0.0,58.316395,0.0,0.0,150.89574,0.0,88.12571,0.0,0.0,0.0,541.8589,0.0,0.0,23.420847,0.0,320.14597
IFIT1,12.553661,0.0,0.0,11.641564,0.0,24.166197,0.0,0.0,68.86599,31.854053,116.88791,0.0,0.0,0.0,13.734327,0.0,0.0,36.015587,9.509536,0.0,0.0,0.0,63.259056,0.0,208.28113,111.67267,0.0,0.0,0.0,239.60088
KIF20B,169.02937,0.0,231.63052,129.02853,110.965805,0.0,0.0,64.51118,105.01051,67.678345,0.0,794.2869,431.75705,0.0,177.3911,30.872482,29.255983,162.6864,14.588949,201.66472,303.63577,625.1915,2171.0134,255.53596,617.43713,46.13829,266.59927,4.8905954,304.67816,295.94098
KIF11,0.0,0.0,0.0,0.0,0.0,0.0,0.0,55.2726,0.0,0.0,0.0,11.867936,226.91699,6.5830016,0.0,0.0,0.0,0.0,0.0,0.0,0.0,0.0,832.29236,0.0,0.0,16.554039,0.0,35.079594,0.0,0.0
CEP55,0.0,0.0,0.0,0.0,0.0,0.0,17.74427,83.73702,0.0,0.0,0.0,0.0,83.20265,28.717936,0.0,0.0,1.9081138,0.0,0.0,0.0,0.0,0.0,530.8468,0.0,0.0,0.0,0.0,0.0,0.0,0.0
TBC1D12,0.0,17.47111,13.61794,0.0,0.0,0.0,83.437775,0.0,89.43333,0.0,8.856625,5.3050475,6.9597406,6.4440084,0.0,2.1029723,0.0,0.0,0.0,9.026658,0.0,0.0,0.0,0.0,0.0,0.0,20.244398,0.0,292.12344,34.623745
HELLS,28.172815,0.0,13.465844,11.769267,0.0,0.0,0.0,115.70223,0.31291577,191.2608,0.0,0.0,2240.5298,14.549971,59.902504,0.0,32.49071,0.0,37.311523,11.4608,0.0,133.87886,0.0,0.0,0.0,0.0,0.0,87.49426,0.0,0.0
PDLIM1,0.0,0.0,974.0261,99.767166,0.0,33.13916,75.52999,1421.2727,0.0,0.0,0.0,0.0,598.57306,0.0,0.0,0.0,0.0,513.84674,0.0,2200.8577,0.0,0.0,635.7529,2345.1719,0.0,0.0,345.1701,0.0,0.0,0.0
CCNJ,0.0,14.805267,0.0,2.1024306,55.625214,6.86427,25.430283,0.5617229,39.127926,0.0,0.0,0.0,0.0,20.608442,29.642862,0.0,12.6737795,126.95404,0.0,31.705399,0.0,14.611348,0.0,0.0,146.52055,0.0,0.0,16.350945,0.0,43.025116
BLNK,0.0,0.0,518.19556,0.0,0.0,0.0,0.0,231.46878,0.0,0.0,0.0,0.0,0.0,0.0,0.0,0.0,748.014,0.0,1341.2255,0.0,0.0,0.0,0.0,0.0,0.0,0.0,0.0,0.0,160.38101,0.0
DNTT,0.0,0.0,0.0,0.0,0.0,0.0,0.0,0.0,0.0,48.126293,0.0,0.0,50.19432,0.0,0.0,0.0,0.0,0.0,24470.604,0.0,0.0,0.0,0.0,0.0,0.0,0.0,0.0,0.0,0.0,0.0
ANKRD2,0.0,0.0,0.0,0.0,0.0,0.0,0.0,0.0,0.0,0.0,0.0,0.12172485,5.202924,0.0,3.5697544,0.0,0.0,0.0,0.0,0.0,0.0,0.0,0.0,0.61034656,0.0,0.0,0.028300103,0.0,0.0,0.0
NPM3,252.20667,0.0,0.0,0.0,509.0937,882.0582,3.453334,174.75479,0.0,750.6713,0.0,257.30713,8.319655,768.6905,113.132,0.0,89.17189,223.43773,0.0,113.17719,23.645685,0.0,0.0,0.0,0.0,115.764725,0.0,132.17958,0.0,0.0
LDB1,0.36373246,0.0,0.0,11.197473,114.918,47.174934,0.0,0.0,11.206204,12.501493,0.0,375.98615,0.0,0.0,37.830822,0.0,12.124686,54.51064,0.0,0.0,69.78298,44.62752,0.0,0.0,50.273304,10.688868,0.0,10.386412,0.0,12.988834
NOLC1,88.28795,0.0,47.782467,82.54167,330.3096,650.22705,0.0,151.7481,0.0,167.30228,15.47133,253.83337,387.49588,20.998188,263.98044,0.0,117.80423,0.0,129.83228,0.0,329.5182,139.31937,35.794388,71.12006,0.0,0.0,515.1599,0.0,452.3721,0.0
ATP5MD,1597.1415,996.0866,304.15506,1398.5911,1582.3174,1819.1428,1196.0927,1173.4442,191.49599,1077.7834,1501.4957,1239.6234,1599.8723,2951.2783,1993.238,0.0,1964.9711,1346.3317,1365.9763,1608.3898,1233.7074,675.427,234.2859,482.61636,1355.998,992.9345,985.36804,773.2646,1560.8577,1660.2826
GSTO1,249.70204,629.50183,0.0,196.99324,749.1581,629.09937,403.44452,119.48869,671.61224,763.2469,1076.3228,0.0,1272.8413,868.9588,0.0,492.06052,103.23845,856.09186,228.46556,719.13257,238.65056,0.0,817.7411,4683.784,0.0,221.3469,276.2215,238.37794,773.4125,258.48654
ADRA2A,0.0,0.0,0.0,0.0,0.0,0.0,0.0,0.0,0.0,0.0,0.0,0.0,0.0,0.0,0.0,0.0,0.0,0.0,0.0,117.382256,0.0,0.0,0.0,0.0,0.0,0.0,0.0,0.0,0.0,0.0
AFAP1L2,0.1191478,0.0,1.575432,2.5414724,0.0,3.659321,0.0,0.0,0.0,0.0,0.0,0.0,0.0,0.0,0.0,0.0,0.0,0.0,158.48917,0.0,22.162697,0.0,0.0,107.84032,0.0,237.29779,0.0,0.0,0.0,0.0
SLC18A2,0.0,0.0,0.0,0.0,0.0,0.0,0.0,0.0,0.0,2.4410083,0.0,0.0,0.0,0.0,0.0,0.0,8.673829,0.0,0.0,226.51219,0.0,0.0,0.0,3.7070847,46.92656,0.0,3.1005452,476.7299,0.0,21.71661
PDZD8,10.971023,29.26489,0.0,248.52206,0.0,1301.1432,0.0,56.380573,297.2373,117.020676,0.0,340.3357,0.0,14.768316,169.81445,207.914,4.837422,0.0,0.0,313.2815,174.00032,272.8089,0.0,5.218701,117.59864,248.59634,76.50869,533.7845,23.470066,0.0
EIF3A,410.92337,171.94827,22.463474,291.93982,1107.8932,1036.4379,489.2185,624.56793,522.79565,624.7908,170.65677,1764.0602,252.8106,586.5536,869.259,269.90894,340.58267,502.50082,564.7949,424.23535,34.655125,917.5787,1124.0332,54.71289,1303.0638,691.8191,784.01556,773.7164,770.9503,0.0
FAM45A,76.77733,425.27118,0.0,81.58826,586.55255,541.9286,0.0,31.844799,329.96155,0.0,747.3574,273.78253,107.83074,655.39557,349.31467,0.0,13.975752,350.64066,0.0,41.33738,336.31866,103.95774,0.0,156.6616,469.67242,0.0,0.0,164.36545,0.0,205.443
PRDX3,0.0,356.63928,0.0,0.0,777.8855,475.35147,216.8336,214.11218,0.0,520.9958,263.32135,41.19067,1168.7095,389.71744,7.4551983,199.01324,239.64546,186.75987,203.9589,223.45943,0.0,0.0,798.41614,10.592011,0.0,55.051556,73.22758,75.257484,23.87969,449.79144
RGS10,2381.5522,0.0,0.0,0.0,445.54865,640.15295,628.1819,0.0,242.87831,920.55273,0.0,812.7512,0.0,37.25638,131.01204,447.0465,427.79077,4154.438,0.0,289.04742,12159.498,0.0,0.0,7335.8296,214.87456,0.0,0.0,0.0,1757.8877,0.0
OAT,94.442535,113.24505,0.0,153.09148,773.77075,234.91443,59.0464,18.983171,381.30316,43.93782,97.168495,131.84206,630.4128,90.64541,235.03267,1072.619,40.315174,0.0,21.97779,0.0,97.52618,0.0,301.17578,134.36742,0.0,338.8829,14.299036,0.0,154.79272,6.849606
UROS,244.61281,0.0,102.679085,280.59314,674.8533,608.6728,56.573303,184.97551,0.0,299.26294,123.170876,369.1115,184.55383,178.88121,325.34668,1321.1385,97.47745,134.11394,158.23172,190.73738,195.24564,0.0,47.231693,257.50424,125.84569,226.98276,426.9198,0.0,487.6237,0.0
MKI67,0.0,0.0,0.0,0.0,0.0,0.0,0.0,489.32162,0.0,0.0,0.0,41.12595,782.9045,35.472588,0.0,0.0,0.0,0.0,0.0,0.0,0.0,0.0,3680.1045,0.0,0.0,0.0,0.0,0.0,0.0,0.0
EBF3,0.0,0.0,0.0,0.0,0.0,0.0,0.0,0.0,0.0,0.0,0.0,0.0,0.0,0.0,0.0,0.0,0.0,0.0,0.0,0.0,0.0,0.0,0.0,0.0,152.01366,580.12946,0.0,0.0,0.29439056,0.0
INPP5A,0.0,8.893965,10.590513,0.0,0.0,0.0,0.0,0.0,19.330797,0.0,0.0,0.0,0.0,32.040424,0.0,0.0,0.0,630.04266,0.0,0.0,0.0,0.0,0.0,0.0,0.0,6.388932,0.0,15.467086,0.0,0.0
SYCE1,0.0,0.0,0.32660934,0.0,0.0,0.0,5.7073846,0.0,0.0,0.961048,0.0,63.840748,0.0,0.0,0.0,0.0,0.0,0.0,0.0,0.0,0.0,0.0,0.0,5.676711,0.0,0.0,0.0,0.0,0.0,0.0
FKBP4,18.591007,0.0,0.0,51.61593,902.28217,658.5832,0.0,17.450848,0.0,292.38217,76.41459,0.0,334.19833,21.02916,114.227165,0.0,0.0,0.0,148.05359,0.0,0.0,0.0,424.1483,0.0,0.0,80.8055,25.116398,116.12074,0.0,0.0
FOXM1,0.0,0.0,0.0,0.0,0.0,0.0,0.0,0.0,0.0,0.0,0.0,159.96718,195.41304,52.486538,3.7704122,0.0,0.0,0.0,0.0,45.167324,4.3243074,0.0,486.38892,0.0,0.0,0.0,59.055935,27.59503,0.0,0.0
TSPAN9,0.0,0.0,0.0,0.0,0.0,0.0,0.0,0.0,0.0,0.0,0.0,0.0,0.0,0.0,0.0,0.0,0.0,137.76685,6.717968,0.0,0.0,0.0,0.0,370.1535,27.79521,146.39825,0.0,0.0,0.0,0.0
RAD51AP1,0.0,0.0,9.851552,0.0,0.0,0.0,0.0,140.42067,0.0,0.0,0.0,0.0,1194.5032,61.276615,0.0,0.0,44.814133,0.0,0.0,27.257246,0.0,0.0,727.3073,0.0,0.0,0.0,0.0,0.0,30.824766,0.0
KCNA5,0.0,0.0,0.0,0.0,0.0,0.0,0.0,22.213312,0.0,0.0,0.0,0.0,13.721893,0.0,0.0,0.0,108.81752,0.0,0.24810602,0.0,0.0,0.0,0.0,0.0,0.0,0.0,0.0,0.0,0.0,0.0
VWF,0.0,0.0,0.0,0.0,0.0,0.0,0.0,0.0,0.0,0.0,0.0,0.0,0.0,0.0,0.0,0.0,0.0,0.0,0.0,201.09697,0.0,0.0,0.0,89.61089,0.0,0.0,0.0,0.0,0.0,0.0
CD9,0.0,0.0,0.0,0.0,0.0,0.0,0.0,1899.9507,70.865555,0.0,0.0,0.0,0.0,0.0,0.0,0.0,0.0,989.1665,9814.089,10.236134,0.0,0.0,0.0,2066.6855,0.0,0.0,0.0,263.42166,0.0,0.0
AC005840.2,0.0,1.1241562,0.0,0.0,0.0,0.0,0.33263192,0.0,0.0,6.4173865,2.44495,0.0,0.0,0.0,1.3020884,0.0,0.0,0.0,0.0,0.0,0.0,0.0,0.0,0.0,0.0,0.53944105,0.0,0.0,6.9267874,0.0
MRPL51,243.28793,211.25189,0.0,280.8096,840.5067,666.9704,184.28694,483.13672,0.0,394.4856,232.04338,0.0,1262.8215,791.9796,380.40607,0.0,458.44336,396.69186,271.14005,158.2401,0.0,64.68013,2124.6514,181.10959,0.0,256.40192,153.91368,414.77563,31.854395,908.82874
GAPDH,3965.865,10843.457,0.0,6422.689,2077.7847,7635.3784,10840.962,2676.9182,12201.663,15481.324,2460.8833,2280.872,25075.656,13221.497,0.0,0.0,1779.6941,3517.4795,10184.819,8178.431,4697.2007,3915.0876,11388.171,2029.0507,0.0,0.0,6285.6665,4502.5947,4582.1294,2585.519
ACRBP,0.0,0.0,0.0,0.0,0.0,0.0,0.0,0.0,0.0,0.0,0.0,0.0,0.0,0.0,0.0,0.0,0.0,0.0,0.0,0.0,0.0,0.0,0.0,9445.568,0.0,0.0,0.0,0.0,0.0,0.0
PTMS,0.0,42.848053,0.0,224.27972,0.0,253.00609,193.54376,0.0,49.760597,393.5057,0.0,0.0,0.0,0.0,0.0,495.35657,778.5579,55.13559,0.0,481.71738,0.0,0.0,503.72473,59.814304,0.0,387.15604,236.01271,65.486465,0.0,471.24048
CDCA3,0.0,0.0,0.0,0.0,23.042795,1.5555258,0.0,50.357746,0.0,0.0,0.0,0.0,21.074242,0.0,0.0,0.9154477,0.0,0.0,0.0,0.0,0.0,0.0,1029.4553,0.0,0.0,0.0,0.0,0.0,0.0,0.0
TPI1,799.05804,1168.0847,120.39821,1674.8999,1149.0905,2114.7905,2319.3347,455.10034,1018.23676,1604.4633,1943.575,0.0,4318.4707,2553.6611,357.91968,0.0,402.22702,776.22076,288.07288,3123.2766,258.0309,0.0,1043.523,514.1519,0.0,984.2487,1348.732,1977.2192,608.7814,51.08705
PHB2,588.90826,20.550919,519.4495,263.36023,1154.1783,1049.4653,424.70364,1149.3945,19.27463,927.98706,289.25195,738.23834,86.845116,321.28003,357.79468,0.0,489.74637,94.258385,606.90094,729.6056,394.81076,0.0,29.056667,413.38132,381.2937,38.12434,145.69131,795.06116,887.9307,0.0
LPCAT3,0.0,0.0,0.0,53.049423,433.6529,124.06665,0.0,1.2300873,0.0,25.463135,74.19159,211.96906,155.37096,0.0,109.33673,136.01602,53.23888,34.145424,58.300262,93.898636,0.0,0.0,276.67474,43.346638,0.0,74.26176,191.18285,0.0,0.0,212.44171
C1S,0.0,0.0,0.0,0.0,0.0,0.0,0.0,0.0,0.0,0.0,0.0,0.0,0.0,0.0,0.0,0.0,0.0,0.0,0.0,0.0,0.0,0.0,0.0,0.0,0.0,1608.992,82.304115,0.0,140.41483,0.0
C1R,0.0,0.0,0.0,0.0,0.0,0.0,0.0,0.0,0.0,6.4467607,0.0,0.0,0.0,0.0,0.0,0.0,0.0,0.0,0.0,15.06453,0.0,0.0,0.0,0.0,56.339535,2119.3533,144.0956,0.0,624.8665,0.0
CLEC4C,0.0,0.0,0.0,0.0,0.0,0.0,0.0,0.0,0.0,0.0,0.0,0.0,0.0,0.0,0.0,0.0,964.2528,0.0,0.0,0.0,0.0,0.0,0.0,0.0,0.0,0.0,0.0,0.0,0.0,0.0
AC092490.1,0.016139641,0.0,0.0,3.8195975,0.0,3.1146348,0.0,2.1986566,0.0,3.3062665,5.1689954,0.0,0.0,0.0,2.128701,29.890738,0.0,0.0,0.0,0.0,0.12686695,0.0,0.0,0.0,0.0,0.0,0.0,3.9070973,0.0,2.2607007
KLRB1,2923.3845,0.0,0.0,16004.857,0.0,0.0,0.0,0.0,604.1414,0.0,0.0,0.0,0.0,0.0,2994.326,0.0,0.0,0.0,0.0,0.0,2637.7354,10774.479,0.0,0.0,3351.2468,272.97546,0.0,4288.871,272.653,0.0
CLECL1,36.492107,34.93666,401.604,10.634331,0.0,0.0,122.24363,0.0,0.0,0.0,15.820955,0.0,17.665388,0.0,0.0,0.0,55.967094,0.0,0.0,0.0,0.0,1473.7037,111.70192,0.0,0.0,0.0,563.39343,0.0,0.0,144.88719
KLRF1,0.0,0.0,0.0,5566.0146,0.0,0.0,0.0,0.0,0.0,76.759346,52.98368,0.0,0.0,0.0,0.0,0.0,0.0,0.0,0.0,0.0,0.0,0.0,0.0,0.0,0.0,0.0,0.0,0.0,0.0,0.0
CLEC12A,0.0,488.80118,0.0,0.0,0.0,0.0,313.1766,7.4246335,303.29587,20.64692,947.75793,0.0,0.0,397.89413,0.0,0.0,74.28401,0.0,4.4455748,0.0,0.0,0.0,0.0,0.0,0.0,0.0,0.0,163.32652,0.0,0.0
CLEC1B,0.0,0.0,0.0,0.0,0.0,0.0,0.0,0.0,0.0,0.0,0.0,0.0,0.0,0.0,0.0,0.0,0.0,62.382248,0.0,161.11916,0.0,0.0,0.0,2727.5994,0.0,0.0,0.0,0.0,0.0,0.0
CLEC9A,0.0,0.0,0.0,0.0,0.0,0.0,66.27392,0.0,0.0,110.04801,0.0,0.0,0.0,0.0,0.0,0.0,0.0,0.0,0.0,0.0,0.0,0.0,0.0,0.0,0.0,0.0,0.0,0.0,0.0,0.0
CLEC1A,0.0,1.2683244,0.0,0.0,0.0,0.0,1.6328082,0.0,12.56581,0.0,0.0,0.0,0.0,0.0,1.3346347,0.0,0.0,0.0,0.0,0.0,0.0,0.0,0.0,0.0,4.5432334,0.0,0.0,0.0,0.0,0.0
KLRC2,0.0,0.0,0.0,1003.4032,0.0,0.0,0.0,0.0,0.0,0.0,0.0,0.0,0.0,0.0,68.29968,0.0,0.0,0.0,0.0,0.0,0.0,0.0,0.0,0.0,0.0,0.0,0.0,0.0,268.559,0.0
KLRC1,0.0,0.0,0.0,1447.4385,0.0,0.0,0.0,0.0,0.0,80.541405,0.0,0.0,0.0,8.348965,0.0,0.0,0.0,0.0,20.593906,0.0,0.0,0.0,0.0,0.0,0.0,0.0,0.0,0.0,0.0,0.0
LINC02446,634.45166,0.0,0.0,0.0,0.0,0.0,0.0,0.0,0.0,0.0,0.0,0.0,0.0,0.0,0.0,0.0,0.0,0.0,0.0,0.0,0.0,0.0,0.0,0.0,0.0,0.0,0.0,71.78662,499.58685,0.0
YBX3,0.0,419.85562,546.25323,0.0,339.4856,326.15488,0.0,2540.4844,816.9709,998.8224,405.59433,1257.6641,0.0,752.0025,603.6293,586.0395,0.0,0.0,3824.1584,0.0,0.0,0.0,0.0,520.9895,0.0,698.947,421.0842,64.824356,0.0,0.0
GPRC5D,0.0,0.0,0.0,0.0,0.0,0.0,0.0,0.0,0.0,0.0,0.0,0.0,0.0,0.0,0.0,0.0,0.0,0.0,0.0,0.0,0.0,111.32196,0.0,0.0,0.0,0.0,0.0,0.0,0.0,0.0
HEBP1,0.0,75.01893,0.0,0.0,869.0762,316.41837,0.0,0.0,72.724655,247.7341,104.15813,415.5157,385.04175,0.0,0.0,851.80096,0.0,0.0,0.0,0.0,0.0,0.0,251.64119,278.22885,0.0,365.4666,65.797195,39.751923,0.0,757.6453
EMP1,0.0,29.36682,0.0,0.0,0.0,0.0,64.909225,0.0,29.072252,58.181683,0.0,0.0,0.0,0.0,0.0,0.0,0.0,0.0,0.0,0.0,0.0,0.0,0.0,0.0,1170.9248,298.88785,3594.5312,0.0,0.0,0.0
MGP,0.0,0.0,0.0,0.0,0.0,0.0,0.0,0.0,0.0,0.0,0.0,0.0,0.0,0.0,0.0,0.0,0.0,0.0,0.0,0.0,0.0,0.0,0.0,0.0,128.9382,2584.748,138.6217,0.0,1534.3922,0.0
MGST1,0.0,1107.2947,0.0,0.0,0.0,102.867584,36.340942,0.0,394.02792,1005.4695,0.0,0.0,283.3611,2825.3506,0.0,0.0,0.0,0.0,0.0,0.0,0.0,0.0,0.0,0.0,0.0,263.6326,0.0,0.0,0.0,0.0
SPX,0.0,0.0,0.0,0.0,0.0,0.0,0.0,0.0,0.0,0.0,0.0,0.0,0.0,0.0,0.0,0.0,0.0,198.79893,0.0,423.0729,0.0,0.0,0.0,440.21274,0.0,0.0,0.0,0.0,0.0,0.0
LDHB,6378.7563,0.0,0.0,0.0,3665.4336,6667.691,0.0,2787.9973,0.0,6300.584,0.0,877.45197,3664.491,2852.615,0.0,0.0,1667.4282,3132.8145,1864.0309,5974.4604,2697.8618,0.0,0.0,642.7366,2789.5835,698.89966,595.7805,1468.3064,885.1789,0.0
CMAS,56.237,41.969627,42.743366,87.174736,274.1522,267.07184,8.033428,54.811573,0.0,99.03485,76.686035,195.10341,360.817,12.290425,93.114265,355.6528,43.378292,304.84097,164.2172,504.20175,36.74441,0.0,135.24945,34.682896,0.0,166.18558,0.0,0.0,0.0,0.0
RASSF8,0.39846328,0.0,0.0,0.0,0.0,0.0,0.0,0.0,0.0,4.6692233,0.0,0.0,0.0,0.0,0.0,0.0,54.22987,0.0,0.0,0.0,0.0,0.0,5.502332,0.0,0.0,94.27351,0.0,0.0,0.0,0.0
CAPRIN2,27.50906,0.0,34.79617,28.352749,117.862076,0.0,0.0,4.239378,8.409335,15.324549,0.0,165.23045,0.0,0.0,109.35599,25.579203,12.076685,21.433598,0.0,44.63885,94.02771,0.0,141.10257,8.452606,18.790575,14.1887665,73.53287,0.0,0.0,64.64006
AC023157.3,85.03893,45.124508,52.170727,0.0,0.0,0.0,33.16566,0.0,273.03482,122.54606,0.0,0.0,0.0,0.0,188.07211,0.0,0.0,83.75558,0.0,0.0,38.478596,0.0,30.665415,9.166989,126.90159,428.61816,0.0,56.359646,0.0,20.711214
PKP2,0.0,0.0,0.0,0.0,0.0,4.0747437,9.911993,0.0,0.0,2.358292,2.1429436,28.705412,0.0,109.84995,10.598491,0.0,0.0,0.0,0.0,22.627533,0.0,0.0,0.0,0.0,0.0,6.6931467,0.0,0.0,0.0,0.0
SLC48A1,11.6409235,7.443653,16.254662,0.0,391.20447,16.351954,0.0,61.723396,20.094496,2.6189628,12.851232,44.197727,2.2070577,20.33916,55.3305,51.691765,0.0,144.49231,219.29556,64.75397,0.0,0.0,0.0,0.0,0.0,0.0,58.667465,0.0,126.90096,249.52353
TMEM106C,120.57972,0.0,45.396763,94.49092,0.0,0.0,0.0,0.0,0.0,49.061787,0.0,52.495514,2434.8962,0.0,0.0,0.0,0.0,0.0,0.0,405.9892,0.0,0.0,0.0,242.96307,0.0,19.28178,0.0,101.08224,28.993902,571.2656
COL2A1,0.0,0.0,0.0,0.0,0.0,0.0,0.0,0.0,0.0,0.0,0.0,0.0,0.204071,0.0,0.0,0.0,0.0,0.0,0.0,13.922505,0.0,0.0,0.0,0.0,0.0,0.0,0.0,0.0,0.0,0.0
ADCY6,0.0,0.0,0.0,0.0,0.0,0.0,0.0,0.0,0.0,10.673174,0.0,0.0,0.0,0.0,0.0,0.0,0.0,20.015692,0.0,35.22826,0.0,0.0,0.0,0.0,0.0,0.0,0.0,0.0,0.0,0.0
FKBP11,590.66754,0.0,0.0,1205.1411,0.0,456.59152,0.0,0.0,0.0,196.5456,0.0,0.0,0.0,320.04245,180.08066,0.0,0.0,204.84692,0.0,0.0,295.5328,14586.059,0.0,0.0,0.0,582.1536,0.0,404.75928,417.5794,0.0
TUBA1B,51.039986,0.0,0.0,111.82043,1615.4755,1682.3541,1999.9098,6797.5083,0.0,3481.9004,265.16458,726.38513,25722.572,429.55862,0.0,634.6537,2411.9578,0.0,395.4908,3477.3481,0.0,0.0,39674.473,0.0,0.0,1147.2012,700.422,442.73752,711.1887,3238.0732
TUBA1C,0.0,23.882408,0.0,25.80813,293.49295,469.12207,140.35408,0.0,52.618126,288.71738,0.0,209.67117,295.2561,56.161404,0.0,141.69989,99.373604,198.62329,0.0,804.6005,0.0,0.0,4088.3557,786.87256,73.41741,96.49829,196.82971,223.8572,74.008766,232.90948
AC010173.1,0.0,10.545856,0.0,0.0,0.0,0.0,20.242773,0.0,9.126133,0.8770941,0.0,0.0,0.0,0.0,1.0871841,0.0,0.0,0.0,0.0,0.0,0.0,0.0,1.2945263,2.9817452,0.0,5.769935,4.5162363,0.0,0.0,9.908555
TROAP,0.0,0.87806016,0.0,0.0,30.356918,7.6988935,14.523401,11.01143,0.0,0.0,0.0,0.0,0.0,75.85933,0.0,96.15764,6.5051994,0.0,12.128391,27.667463,0.0,0.0,1091.9033,1.1360284,0.0,0.0,0.0,0.0,0.0,0.0
AC025154.2,0.0,0.0,0.0,0.0,0.0,0.0,0.0,0.0,0.0,0.0,0.0,0.0,2.6723917,0.0,0.0,0.0,0.0,0.0,69.69845,0.0,41.114742,0.0,0.0,0.0,0.0,0.0,0.0,0.0,0.0,0.0
RACGAP1,0.0,0.0,0.0,0.0,0.0,0.0,0.0,18.899582,0.0,0.0,0.0,0.92661095,120.25635,19.645924,0.0,1.0756981,0.0,12.309621,39.991013,0.0,0.0,0.0,1052.4635,6.9678564,0.0,2.946828,0.0,0.0,8.439348,0.0
BIN2,1663.3135,0.0,380.69553,2208.888,0.0,161.1041,0.0,0.0,0.0,382.02667,764.8378,0.0,0.0,0.0,0.0,0.0,169.46451,2159.8733,0.0,2707.8928,0.0,0.0,0.0,1442.1172,0.0,90.88739,1766.82,761.7299,182.76749,0.0
KRT86,0.0,0.0,0.0,94.42596,0.0,0.0,0.0,0.35281092,2.9176762,0.0,0.0,9.9040785,0.0,0.0,5.6898746,0.0,0.0,0.0,0.0,2.645,0.0,4.7346377,15.295392,0.0,0.0,0.0,73.14581,0.0,0.0,0.0
KRT1,81.07673,0.0,0.0,0.0,0.0,0.0,12.936025,0.0,0.0,0.0,0.0,0.0,0.0,0.0,0.0,106.815834,0.0,0.0,0.0,0.0,0.0,98.02186,0.0,0.0,171.7408,0.0,0.0,703.47614,0.0,0.0
IGFBP6,4.820578,0.0,0.0,0.0,0.0,0.0,0.0,0.0,0.0,143.37294,19.060843,0.0,0.0,0.0,0.0,0.0,0.0,0.0,0.0,0.0,780.9057,0.0,0.0,0.0,0.0,0.0,1087.2832,0.0,0.0,0.0
AMHR2,0.0,0.0,0.0,0.0,0.0,41.844162,0.0,0.0,0.0,0.0,0.0,0.0,0.0,0.0,0.0,0.0,0.0,0.0,0.0,1.981936,0.0,0.0,11.444348,0.0,0.0,0.0,0.0,0.0,0.0,0.0
HNRNPA1,9903.079,0.0,4060.6472,2580.7903,8636.056,17167.908,5419.2393,17096.725,2180.2031,17815.555,840.866,11338.007,257.82294,5272.682,5273.0083,0.0,7179.788,6934.6553,13595.866,10644.001,9843.449,6921.353,0.0,1485.3435,14370.162,5001.989,6650.2275,10834.016,11345.566,264.7401
NFE2,0.0,65.906364,0.0,0.0,43.094597,144.02596,0.0,0.0,0.0,119.94798,0.0,0.0,2.24231,122.546616,0.0,348.40564,0.0,0.0,0.0,30.084814,0.0,0.0,113.3435,793.19147,0.0,0.0,0.0,31.280073,0.0,0.0
GTSF1,11.305481,0.0,0.0,39.52874,62.041523,11.150654,18.5896,17.1255,0.0,106.51453,0.0,131.37302,37.934494,0.0,40.370552,0.0,11.540602,0.0,50.62201,0.0,0.0,42.209633,4.589647,64.263275,0.0,0.0,4.6656723,55.80373,0.0,0.0
CDK2,0.0,0.0,0.0,28.026426,105.74483,86.40309,0.0,136.42079,0.0,42.098675,0.0,0.0,645.2486,0.0,0.0,143.39436,1.360686,32.71071,3.6817229,82.774925,0.0,0.0,0.0,156.67743,0.0,54.211185,37.199814,143.6341,0.0,42.3899
RPS26,18752.318,818.6998,15330.61,4296.497,9134.8545,8574.11,5926.922,5418.706,0.0,12406.798,4297.912,44457.44,0.0,8605.861,0.0,0.0,6035.5425,20158.62,4883.902,8074.8438,22264.12,4759.657,0.0,0.0,0.0,15174.5625,14426.351,10888.801,12171.068,0.0
PA2G4,1085.1559,0.0,0.0,616.66956,2187.5027,2091.0198,116.6344,818.57654,0.0,1305.2091,147.91803,1490.8566,2776.4849,675.1955,812.5639,358.8133,426.1761,1051.32,919.87915,1247.6428,781.3079,187.31796,1569.3387,401.4588,0.0,428.28738,348.52716,530.38336,0.0,16.058598
MYL6,5008.806,3832.4553,2155.1309,7297.6636,1583.9032,2540.9316,5790.939,5112.079,1108.761,1217.0555,7479.6323,408.94424,4054.1533,4668.09,2504.526,614.24243,7986.228,8357.928,4224.8647,6298.2207,1124.5785,2908.209,2676.5354,5777.7397,0.0,2984.4758,5020.0796,2769.208,6021.6104,1970.4191
ATP5F1B,630.1097,131.35785,114.74501,819.1168,1515.9486,1861.6711,1273.4366,1445.4103,130.03825,1495.5969,915.05975,516.2117,2086.6272,645.62317,937.38135,67.33782,1383.9087,451.3591,1764.1085,1296.042,217.43791,685.2319,2061.8655,370.46945,245.4891,641.2649,764.2272,1005.63684,42.581142,197.93552
PTGES3,1942.9775,12.969396,422.65616,676.39685,2420.792,2384.5076,530.04474,780.2623,251.71873,1810.0588,1392.9155,954.31177,2436.7253,839.5844,1726.9248,659.0957,840.0591,1416.4231,1785.9867,1899.9177,1480.7795,1609.5073,2114.4614,289.98883,1173.98,822.1647,2264.7473,729.6719,1285.2892,315.73193
PRIM1,86.14857,0.0,0.0,0.0,13.87238,142.3987,0.0,0.0,0.0,267.15826,0.0,97.730705,1295.7552,81.55381,0.22711755,176.43437,61.378315,0.0,24.88632,199.31718,0.0,0.0,51.32406,39.984837,0.0,0.0,0.0,411.1181,0.0,155.1949
TAC3,0.0,0.0,0.0,0.0,0.0,0.0,0.0,0.0,0.0,0.0,0.0,0.0,0.0,1.1652935,0.0,81.125824,0.0,0.0,0.0,0.0,0.0,0.0,0.0,0.0,0.0,0.0,0.0,0.0,0.0,0.0
AC126614.1,1.7941991,0.0,1.6470522,2.9583325,0.0,0.0,0.0,0.0,0.0,9.298174,0.0,8.59249,0.0,0.0,4.5926685,0.0,8.643572,20.127396,0.0,0.0,5.9651246,1.1240337,8.219959,0.0,20.209518,0.0,0.0,0.0,16.856596,0.0
AGAP2-AS1,0.0,0.4180881,1.398396,0.0,0.0,0.0,0.0,0.0,0.0,13.111061,0.0,0.0,0.0,0.0,0.0,2.8088512,2.8515685,0.0,0.0,0.0,0.0,60.550003,10.941849,0.0,0.0,50.586414,0.0,0.0,58.411583,0.0
CDK4,17.318987,0.0,0.0,43.408993,757.3597,702.07336,0.0,60.76222,0.0,426.2962,0.0,292.58032,1266.594,181.17746,41.685455,0.0,32.04719,0.0,79.3022,465.38367,0.0,0.0,644.03784,0.0,0.0,172.55551,25.547321,391.14966,270.0911,0.0
TSFM,98.43101,0.0,0.0,93.94784,262.45477,324.87708,17.531427,74.301315,0.0,60.084423,0.0,760.8126,168.80942,7.8525352,0.0,0.0,16.907606,0.0,2.437294,0.0,333.13818,269.4332,45.300766,29.928047,0.0,105.954,0.0,42.581455,335.2707,0.0
AC084033.3,0.0,0.0,0.0,0.0,430.86035,2114.2354,0.0,871.9527,0.0,1552.8514,0.0,0.0,188.63329,1330.4423,0.0,175.74762,65.770386,0.0,654.8275,453.04504,0.0,0.0,936.0154,0.0,0.0,18.003399,22.962786,1909.9415,0.0,0.0
IFNG,82.077614,0.0,0.0,462.3312,0.0,0.0,0.0,0.0,148.38075,0.0,0.0,0.0,0.0,0.0,116.48286,0.0,0.0,0.0,0.0,0.0,0.0,0.0,57.992676,0.0,135.74258,135.22078,0.0,0.0,0.0,0.0
MDM1,32.30699,0.0,43.360302,20.528711,2.7529938,72.965805,0.0,80.61723,0.0,13.703097,106.81959,98.917656,223.00163,33.10639,159.28867,2.5499198,5.6311226,624.2462,31.40149,149.3266,48.459156,0.0,10.398156,72.79414,0.0,91.08798,0.0,0.0,187.6183,91.318115
LINC02384,0.0,0.0,0.0,592.472,0.0,78.81358,0.0,0.0,0.0,0.0,38.273487,0.0,0.0,0.0,0.0,0.0,0.0,191.97308,0.0,216.63097,0.0,433.93842,0.0,155.26955,0.0,597.9932,0.0,3.1171613,0.0,0.0
RAP1B,1598.5471,0.0,401.0927,4279.557,1153.2479,1399.8438,285.8393,1079.0261,0.0,391.82388,2046.7242,0.0,178.19406,87.012375,1055.6547,0.0,296.70053,4901.7227,811.646,8805.185,1448.7621,862.7184,149.40514,10872.14,2345.6626,1535.8796,1081.3362,784.3094,1643.5616,51.213234
LYZ,0.0,85579.734,0.0,0.0,0.0,0.0,41306.535,0.0,62784.203,0.0,0.0,0.0,16570.162,80918.62,0.0,0.0,0.0,0.0,0.0,0.0,0.0,0.0,25162.383,0.0,0.0,0.0,750.02234,0.0,0.0,0.0
AC020656.1,0.0,14160.865,0.0,0.0,0.0,0.0,0.0,0.0,0.0,0.0,0.0,0.0,2973.2583,20593.756,16284.514,0.0,0.0,0.0,0.0,0.0,0.0,0.0,748.46265,0.0,0.0,0.0,0.0,0.0,0.0,0.0
YEATS4,219.88303,0.0,76.33174,95.689545,292.447,237.07109,6.2812676,239.58803,0.0,288.15668,0.24329565,910.60736,1166.06,127.78286,125.598495,172.3352,61.38116,69.944595,81.64568,151.49529,264.62573,1.1740507,459.94775,0.0,37.935314,0.0,129.71771,272.75497,3.0039182,19.924091
CCT2,284.06268,0.0,83.16035,169.85785,1153.7029,925.6666,146.80046,639.8187,0.0,895.42334,0.0,632.34,1455.3458,246.77246,291.91968,568.181,119.45137,0.0,721.38947,513.2159,456.1929,0.0,601.93634,101.39652,364.2015,458.58743,304.83948,94.588684,355.98404,202.91563
BEST3,0.0,0.0,0.0,0.0,0.0,0.0,0.0,375.6466,0.0,0.0,0.0,0.0,0.0,0.0,0.0,0.0,0.0,0.0,231.77858,0.0,0.0,0.0,0.0,0.0,0.0,0.0,117.64549,0.0,0.0,0.0
AC025569.1,0.0,0.0,29.290535,0.0,0.0,0.0,0.0,0.0,0.0,0.0,0.0,0.0,0.0,0.0,0.0,0.0,0.0,0.0,0.0,0.0,0.0,63.32892,0.5608545,0.0,0.0,0.0,0.0,0.0,0.0,154.14073
SYT1,0.0,0.0,15.358409,0.0,0.0,0.0,3.3772042,12.167087,0.0,59.48476,0.0,0.0,0.0,16.037714,0.0,0.0,0.0,3.3195124,0.0,0.0,0.0,32.349182,8.986331,31.79534,9.416271,0.0,0.0,0.0,0.0,0.0
KITLG,0.0,0.0,0.0,0.0,0.0,0.0,0.0,0.0,0.0,0.0,0.0,0.0,0.0,0.0,0.0,0.0,0.0,0.0,0.0,0.0,0.0,0.0,0.0,0.0,0.0,758.179,0.0,0.0,0.0,22.834663
LUM,0.0,0.0,0.0,0.0,0.0,0.0,0.0,0.0,0.0,0.0,0.0,0.0,0.0,0.0,0.0,0.0,0.0,0.0,0.0,0.0,0.0,0.0,0.0,0.0,187.64227,1205.2036,310.01108,5.3890696,779.0471,0.0
DCN,0.0,0.0,0.0,0.0,0.0,0.0,0.0,0.0,0.0,0.0,0.0,0.0,0.0,0.0,0.0,0.0,0.0,0.0,0.0,0.0,0.0,0.0,0.0,0.0,519.0801,2288.4265,206.24983,0.0,484.9966,0.0
AC126175.1,1.69988,0.0,0.0,0.5194994,0.0,0.0,0.0,0.0,0.0,0.0,0.0,9.406218,0.0,0.0,0.0,0.0,0.0,0.0,0.0,0.0,0.0,4.8558545,0.0,0.0,17.115265,0.0,0.0,20.882105,0.0,0.0
SOCS2,16.355667,0.0,0.0,40.368618,182.85216,42.402996,0.0,0.0,0.0,638.74817,0.0,0.0,0.0,0.0,0.0,0.0,0.0,0.0,3019.149,0.7786335,0.0,0.0,0.0,15.943881,0.0,113.20672,0.0,0.0,562.4536,0.0
METAP2,394.25317,37.219852,75.84071,262.1135,1966.3706,893.4041,215.9657,758.7689,327.04797,630.45215,26.700336,1344.2999,450.2821,301.6897,359.36472,1845.2616,404.18973,365.12756,789.4387,405.4373,777.6165,844.2635,714.72284,158.50978,1067.1465,215.63037,565.2998,532.7111,268.12424,457.08328
TMPO,173.44722,157.14433,67.75436,0.0,0.0,224.77899,0.0,513.1805,0.0,85.233406,255.69617,632.63684,1337.9327,205.20416,499.02774,0.0,93.68265,210.05469,202.26784,289.76132,513.3097,0.0,2239.1733,71.629974,0.0,10.994557,442.85715,94.18289,775.70294,17.398209
SLC25A3,1074.1619,360.4383,105.85482,667.6345,2266.2798,2195.8108,1559.4945,2561.349,666.4455,2418.6292,979.8049,1678.0187,1369.5035,1520.4823,764.31445,48.08933,954.4101,908.45593,2625.282,1571.305,1370.5194,1792.9143,1061.017,315.14377,1340.3362,610.0034,619.048,887.66986,2367.8516,712.3399
GAS2L3,0.0,3.7273335,0.0,0.0,0.0,0.0,18.720867,0.0,33.738407,0.0,0.0,8.797997,0.0,15.300825,0.0,30.413906,0.0,0.0,0.0,0.0,0.0,0.0,200.80415,0.0,0.0,0.0,0.0,0.0,0.0,121.41707
CHPT1,27.61568,177.19072,1106.8108,73.534584,588.3887,221.95389,450.97922,379.60913,453.4212,241.56079,21.045021,1249.2941,8.221381,62.54586,504.90646,417.776,248.20554,0.0,369.09827,38.96219,0.0,143.91678,0.0,104.5298,54.484566,289.2428,1104.9767,1192.677,225.84343,184.14542
NUP37,39.153515,0.0,49.04238,62.4995,441.5757,126.72022,0.0,8.778076,0.0,106.73598,35.708145,0.0,353.01883,0.0,234.37083,8.120664,48.91715,24.587923,0.0,81.47373,250.36081,62.586555,702.3502,64.22503,59.56971,104.29543,146.83115,71.26989,218.23773,0.0
PARPBP,0.0,0.0,10.294926,5.756904,0.34674743,60.24396,3.974614,14.766908,4.470743,26.56174,0.0,0.0,163.55823,0.0,82.170525,1.3530533,16.124203,0.0,52.412697,22.63624,0.0,0.0,848.1925,13.004785,53.395702,0.0,0.0,57.877636,0.0,0.0
HSP90B1,691.3111,501.07175,60.889984,998.84845,225.7757,724.9193,1439.1924,1031.1538,602.7785,649.57806,277.76907,719.8496,649.8371,4865.3174,841.17163,0.0,3893.4631,284.78925,667.67004,2538.9878,1020.4533,6198.2744,3668.118,471.75092,790.128,1451.1641,1861.911,1088.7913,490.25128,905.12646
UNG,0.0,0.0,0.0,67.81763,80.826965,315.2488,0.0,0.0,0.0,116.09003,0.0,0.0,1242.9711,129.01323,17.932354,0.0,0.0,0.0,0.0,0.0,3.3253045,0.0,0.0,0.0,0.0,0.0,0.0,0.0,0.0,0.0
VPS29,437.53458,350.7564,108.313416,514.0069,772.2631,336.06543,497.5653,229.80022,307.1988,256.421,738.94415,985.1154,1756.5493,604.06616,744.61523,89.280716,534.29297,752.28265,227.71355,426.9319,469.88293,265.2058,1832.8854,193.74257,368.1301,547.31976,756.73627,0.0,48.828335,656.0405
ALDH2,0.0,382.45764,0.0,0.0,0.0,0.0,1017.9862,0.0,190.11082,238.17963,99.00836,0.0,129.8846,0.0,0.0,0.0,447.05936,0.0,0.0,0.0,0.0,0.0,0.0,0.0,0.0,0.0,0.0,0.0,0.0,0.0
CFAP73,0.0,0.0,0.0,0.0,0.0,0.0,0.0,2218.2512,0.0,0.0,0.0,0.0,0.0,0.0,0.0,0.0,0.0,0.0,240.89601,0.0,0.0,0.0,0.0,75.63435,0.0,0.0,0.0,0.0,0.0,0.0
SDS,0.0,0.0,0.0,0.0,0.0,0.0,44.074898,0.0,72.54309,0.0,0.0,0.0,0.0,0.0,0.0,0.0,0.0,0.0,0.0,0.0,57.034725,0.0,0.0,0.0,6.5488324,0.0,0.0,0.0,0.0,155.56398
TESC,0.0,268.8666,0.0,179.34926,335.68167,82.69699,0.0,0.0,97.29809,0.0,1026.4066,102.681885,370.52597,166.15431,0.0,733.9907,0.0,58.83606,0.0,62.840122,15.837016,0.0,330.22778,0.0,0.0,34.07427,16.465233,0.0,0.0,94.42368
RFC5,8.944435,0.0,0.0,29.631994,50.7163,61.38762,0.0,207.99785,0.0,17.276772,0.0,0.0,920.90735,0.0,7.6816554,0.0,0.0,0.0,0.0,92.441635,56.784008,0.0,0.0,3.145031,107.85072,0.0,0.0,36.871117,0.0,0.0
PEBP1,1810.1613,0.0,650.21027,327.1483,1434.622,2681.624,664.74036,1734.3457,0.0,2413.8215,0.0,1553.672,1169.5486,842.415,447.7187,0.0,1194.8678,743.37616,1576.5386,1027.2306,1321.1777,1676.0604,0.0,41.898,700.2446,1449.6638,477.4394,1169.4604,1122.3483,895.93024
AC002070.1,0.0,0.0,0.0,0.0,0.0,0.0,0.0,0.0,0.0,0.0,0.0,0.0,0.0,0.0,0.0,0.0,0.0,58.96736,0.0,0.0,0.0,0.0,0.0,65.94259,0.0,0.0,0.0,0.0,0.0,0.0
PRKAB1,9.760323,0.0,15.303192,17.96448,207.08174,89.64285,0.0,1.0424955,0.0,31.697865,0.0,196.64261,0.0,0.0,180.88535,221.34573,2.2478204,0.0,100.47893,94.20261,223.60513,25.055964,125.45779,0.0,24.58256,37.639618,72.1396,16.04381,16.085594,18.177408
RPLP0,21424.07,0.0,14604.072,0.0,17929.97,26171.541,9777.527,12086.309,122.90908,31134.746,0.0,22512.562,2227.919,11256.304,9072.689,2807.774,13379.356,11260.273,9979.92,12752.931,21174.422,14477.731,0.0,408.4373,26237.36,11730.788,8818.777,15405.226,16079.766,0.0
DYNLL1,178.22255,374.60007,0.0,833.20715,1066.0765,1068.6698,351.72827,522.0548,0.0,699.437,558.38,0.0,1335.1697,992.78577,1581.0505,590.2538,711.73315,455.61447,1138.4939,687.5252,0.0,43.614822,3567.6162,2106.7358,286.29047,1015.86926,1264.63,694.25397,322.349,836.5221
NRAV,0.0,0.0,2.664653,0.0,2.2500894,24.686502,0.0,0.0,0.0,0.0,0.0,0.0,0.0,0.0,0.0,2.5483458,0.0,0.0,0.0,0.0,64.16123,0.0,24.349298,9.553271,11.713213,38.41334,0.0,0.0,0.0,0.0
ACADS,43.715324,16.23072,0.0,63.51979,241.97899,0.0,6.957872,33.305367,0.0,116.87019,22.394983,29.395384,318.40604,34.15136,108.07647,222.45123,27.559368,88.10429,17.84433,7.0294666,18.892557,64.53725,0.0,51.47468,0.0,47.385174,0.0,78.94936,81.555115,130.80377
OASL,95.819496,0.0,0.0,189.66089,0.0,0.0,0.0,0.0,640.8228,0.0,0.0,0.0,16.397438,0.0,0.0,0.0,0.0,0.0,10.166164,0.0,183.95972,45.090267,135.4015,0.0,957.0281,16.259361,0.0,0.0,0.0,0.0
ORAI1,237.95058,33.03879,74.11059,295.96753,0.0,100.98592,35.468426,0.0,0.0,10.464361,18.34045,37.5641,0.0,0.0,67.222115,0.0,0.0,412.2882,0.0,833.2999,867.2387,0.0,0.0,176.75917,0.0,0.0,92.666145,0.0,87.18785,31.168674
BCL7A,0.0,0.0,944.2081,0.0,0.0,0.0,0.0,4173.6504,0.0,7.918143,0.0,688.4253,0.0,0.0,0.0,0.0,308.78604,0.0,1254.3573,0.0,0.0,0.0,0.0,238.35918,0.0,0.0,0.0,0.0,0.0,0.0
LRRC43,0.0,0.0,0.73975396,12.901832,0.0,0.0,0.019764502,0.0,0.0,5.135043,0.31513587,0.0,0.0,22.679468,1.0224994,0.0,0.0,0.0,0.026794143,0.0,0.0,0.0,0.0,0.0,0.0,0.0,0.0,0.0,78.42498,0.0
ABCB9,0.0,0.0,0.0,0.0,0.0,0.0,0.0,0.0,0.0,0.0,0.0,84.0413,0.0,0.0,0.0,0.0,0.0,0.0,14.348384,0.0,0.0,517.9942,0.0,0.0,0.0,35.99214,0.0,0.0,10.265201,0.0
PITPNM2-AS1,0.0,0.0,5.2370644,0.0,0.0,0.0,0.0,13.968273,0.0,0.0,0.0,0.0,0.0,0.0,10.811839,0.0,1.1222782,0.0,0.0,0.0,17.102749,0.0,0.0,0.0,0.0,0.0,0.0,0.0,0.0,0.0
KMT5A,9.412914,6.5623775,0.7265713,46.5075,114.62831,34.399395,18.46866,12.342955,75.118355,46.228565,7.2236843,327.86267,3.2281055,0.0,245.11902,134.0656,26.392643,60.826862,2.216334,93.30843,0.0,100.60796,328.83212,0.0,0.0,90.926994,0.0,111.67231,202.1,132.59894
CCDC92,26.13741,0.0,16.868797,39.027622,0.0,0.0,0.0,0.0,0.0,29.645412,10.413705,0.0,0.0,0.0,0.0,0.0,40.31061,854.86194,0.0,0.0,0.0,0.0,0.0,0.0,0.0,0.0,0.0,456.00708,0.0,0.0
RAN,969.40204,0.0,77.984085,692.8671,3139.0881,2536.4333,697.88873,1480.6355,84.97508,1508.8215,176.09062,1792.1708,4499.3853,1085.6588,951.48987,629.359,789.90796,366.42603,909.2722,1865.7308,1189.2854,670.37585,4788.274,217.42146,429.48,451.62122,1684.1941,685.8546,137.20319,93.77937
PXMP2,0.0,0.0,0.0,0.0,0.0,337.77908,0.0,88.481544,0.0,161.42967,0.0,124.341286,928.65295,89.36826,0.0,0.0,110.34672,0.0,140.65822,66.35002,0.0,0.0,249.22719,0.0,0.0,0.0,0.0,60.339764,102.26801,91.59654
SKA3,0.0,0.0,0.0,0.0,3.9187365,0.0,0.0,0.0,0.0,0.0,0.0,127.657555,508.7041,34.73495,0.0,0.0,0.0,0.0,0.0,0.0,0.0,0.0,475.95117,0.0,0.0,0.0,0.0,1.1396736,0.0,0.0
TNFRSF19,0.0,0.0,0.0,0.0,10.289894,0.0,0.0,0.0,0.0,0.0,0.0,0.0,0.0,0.0,0.0,0.4702354,0.0,0.0,0.0,8.729125,0.0,0.0,0.0,0.0,0.0,361.761,0.0,0.0,37.72382,0.0
MIPEP,12.837366,0.0,24.919706,9.499526,130.86502,62.673443,6.7059264,0.0,0.0,0.0,0.0,0.0,167.17014,14.619841,34.612946,0.0,18.714422,0.0,0.0,40.311275,0.0,0.0,0.0,0.0,126.74586,3.445453,0.0,8.433204,0.0,0.0
SHISA2,7.5304594,0.0,0.0,0.0,0.0,0.0,0.0,0.0,0.0,0.0,0.0,0.0,0.0,25.89704,0.0,0.0,0.0,0.0,102.52312,0.0,0.0,0.0,0.0,0.0,58.328503,0.0,0.0,22.249302,0.0,0.0
WASF3,0.0,0.0,0.0,0.0,0.0,0.0,0.0,0.0,0.0,6.9665623,0.0,0.0,0.0,0.0,0.0,0.0,0.0,64.682785,0.0,0.0,0.0,0.0,0.0,16.610056,0.0,96.5023,5.4307437,0.0,77.075714,0.0
GPR12,0.0,0.0,0.0,0.0,0.0,0.0,0.0,0.0,0.0,12.441404,0.0,0.0,0.0,51.069195,0.0,0.0,1.2562505,0.0,0.0,0.0,0.0,0.0,0.0,0.0,0.0,61.03147,0.0,27.937763,0.0,0.0
RASL11A,0.0,0.0,0.0,0.0,0.0,0.0,0.0,0.0,0.0,0.0,2.694602,0.0,0.0,0.0,0.0,0.0,0.0,0.0,0.0,0.0,0.0,27.641771,0.0,0.0,320.8481,224.8023,0.0,0.0,0.0,0.0
FLT3,0.0,0.0,0.0,0.0,0.0,0.0,163.40897,0.0,0.0,352.34586,0.0,0.0,69.53836,122.07977,0.0,0.0,233.26155,0.0,54.604794,0.0,0.0,0.0,0.0,0.0,0.0,0.0,0.0,0.0,0.0,0.0
HMGB1,2871.3645,42.302807,1427.8977,4075.457,6740.179,7253.396,1807.8439,12854.986,2485.5999,6075.966,227.26129,6169.743,23911.182,4053.7344,5676.64,9.4105625,3901.0186,4266.92,12426.424,4997.457,3500.4272,3465.1145,30214.285,3799.6045,563.8334,2960.6873,4465.343,5568.82,7168.9277,666.89606
BRCA2,0.0,0.0,25.882893,19.930107,0.0,0.0,10.72778,25.512163,0.0,15.14307,0.0,376.56097,558.3491,202.35861,20.933022,0.0,119.41209,0.0,8.705656,89.937195,3.5987656,0.0,254.4189,0.0,19.555538,65.015755,0.0,104.72126,245.56433,211.22105
RFC3,1.23122,0.0,5.0204372,1.5666368,111.50733,91.23508,0.0,20.48382,2.105867,14.181336,14.728458,0.0,864.32635,0.0,42.64306,76.55937,0.0,73.932785,3.4306989,0.0,0.0,15.924501,151.07553,0.17763725,0.0,175.78496,0.0,61.637802,0.0,0.0
RFXAP,68.75733,0.0,50.545128,54.683643,338.94928,0.0,0.0,24.473242,0.0,46.195934,3.0535939,0.0,0.0,34.20127,0.0,62.786224,78.70686,85.04266,75.71842,39.681343,82.11977,64.28611,0.0,0.0,0.0,0.0,79.424065,0.0,66.055534,0.0
LHFPL6,0.0,0.0,0.0,0.0,0.0,4.8970747,0.0,0.0,0.0,10.809352,0.0,0.0,21.972326,0.0,0.0,0.0,0.0,0.0,20.199663,116.305016,0.0,0.0,19.785856,11.561161,232.63712,1231.2844,499.56314,0.0,0.0,0.0
MRPS31,182.23146,0.0,57.151897,69.49143,368.98138,245.74507,0.0,128.12984,0.0,202.40997,1.3227714,194.58093,3.6981869,26.592428,157.4081,63.945026,27.420128,0.0,124.15644,1.7603973,219.53334,68.7447,72.589355,0.0,0.0,51.70032,216.60101,161.66339,36.99207,39.298077
RGCC,2217.4917,215.28185,0.0,0.0,0.0,0.0,0.0,0.0,1517.8088,0.0,0.0,0.0,0.0,720.7413,0.0,2360.6917,0.0,0.0,0.0,0.0,632.9539,0.0,0.0,0.0,2663.6997,0.0,3475.9949,0.0,140.6936,334.91647
TNFSF11,0.43939036,0.0,0.0,3.4144998,0.0,0.0,7.8800826,0.0,0.0,1.2544836,0.0,0.0,1.4798973,0.0,1.2991107,0.0,0.0,0.0,0.0,2.3366523,0.0,0.0,0.0,4.4090166,8.072591,0.0,1.633117,3.0580204,0.0,0.0
TSC22D1,0.0,0.0,0.0,0.0,53.045673,241.31102,0.0,0.0,0.0,1148.9734,0.0,0.0,0.0,0.0,0.0,86.94699,0.0,0.0,0.0,0.0,0.0,0.0,337.5321,10409.648,59.301647,1037.2709,0.0,864.84924,0.0,0.0
RNASEH2B,310.03873,41.335594,405.32068,41.496933,702.16205,559.8111,188.4598,1403.881,0.0,1002.6684,91.49554,11.335323,1641.2765,740.2659,172.56294,0.0,848.47784,806.08704,1239.3031,289.35745,448.32944,62.72012,670.4244,0.0,581.33374,0.0,754.2448,137.28455,341.59607,20.174238
ATP7B,0.0,0.0,0.0,0.0,19.220531,20.884523,0.0,0.0,0.0,0.0,0.0,35.580063,0.0,0.0,0.0,6.9210386,0.0,0.0,0.0,0.0,0.0,0.0,13.19841,0.0,0.0,0.0,0.0,14.314083,0.0,0.0
CKAP2,51.667534,0.0,81.008415,31.063309,0.0,159.01521,43.962524,81.25985,111.2245,252.9611,2.356685,1471.0701,258.721,0.0,123.40155,5.758014,23.57344,150.79593,132.23248,243.70811,426.00482,164.41971,2171.2322,0.0,7.73832,354.6456,0.0,143.14148,0.0,52.679764
TDRD3,0.0,0.0,59.284973,35.724792,34.470432,16.24073,0.0,0.0,0.0,14.418183,0.0,0.0,0.17675032,0.0,22.326588,0.0,19.740688,0.0,57.075962,0.0,3887.6975,0.0,9.781905,0.0,0.0,0.0,0.0,0.0,0.0,0.0
POU4F1,0.0,0.0,12.396895,0.0,0.0,0.0,0.0,24.543972,0.0,0.0,0.0,13.061089,0.0,0.0,0.888696,0.0,25.672312,0.0,162.41913,0.0,0.0,0.0,0.0,51.41863,0.0,4.2923284,147.15471,0.0,95.318115,0.0
SPRY2,0.0,0.0,0.0,48.620724,0.0,16.89103,28.603172,0.0,14.269868,51.449787,0.0,0.0,9.691136,9.802462,0.0,0.0,0.0,0.0,53.894882,0.0,0.0,0.0,33.939495,0.0,31.907576,28.765505,297.92194,0.0,0.0,2.4934223
CLDN10,0.0,0.0,0.0,0.0,0.0,0.0,0.0,0.0,0.0,168.58456,0.0,0.0,0.0,204.4713,0.0,0.0,0.0,0.0,0.0,0.0,0.0,0.0,0.036324125,0.0,0.0,0.0,0.0,0.0,0.0,0.0
FARP1,0.503469,0.0,0.0,0.7324833,0.0,0.0,1.3312075,11.582421,0.069266304,13.076369,0.0,0.8495652,0.0,2.8032691,10.302257,0.0,0.0,0.0,0.0,4.6705933,0.0,0.0,0.0,0.0,0.0,195.00974,0.0,0.0,0.0,158.14003
GPR183,1220.5079,0.0,442.5917,0.0,20.506603,23.368156,3111.9487,0.0,2289.376,0.0,0.0,0.0,0.0,0.0,0.0,63.736027,3356.2625,258.15753,0.0,180.54573,392.97296,0.0,0.0,0.0,2481.5413,0.0,390.46652,0.0,0.0,0.0
CCDC168,0.31316698,0.0,0.0,3.5950272,0.0,1.0235778,0.0,17.0299,0.0,0.0,0.0,0.0,0.0,0.0,0.09031009,21.401329,1.0201099,2.5114343,0.0,0.0,0.0,19.093815,0.0,0.0,0.0,0.0,0.0,7.227297,0.0,0.0
EFNB2,0.0,0.0,0.0,0.0,0.0,0.0,0.0,0.0,0.0,0.0,0.0,0.0,0.0,0.0,0.0,0.0,0.0,6.6666183,0.0,116.01832,0.0,0.0,0.0,0.0,0.0,0.0,0.0,0.0,0.0,0.0
GRTP1,0.0,0.0,0.0,0.0,73.35242,54.65022,0.0,0.0,0.0,0.0,0.0,96.747765,0.0,0.0,0.0,0.0,0.0,0.0,0.0,0.0,0.0,0.0,0.0,56.380356,0.0,0.0,0.0,137.77943,0.0,0.0
TFDP1,47.851776,419.44482,0.0,72.73473,859.63446,447.01663,129.90672,204.19826,443.95654,137.53253,0.0,575.1048,1580.3502,339.82605,0.0,855.3956,134.41151,23.136536,28.61107,207.39919,0.0,0.0,492.5151,0.0,0.0,0.0,456.32654,202.91016,237.10152,54.897076
GAS6,0.0,0.0,0.0,0.0,0.0,0.0,75.96478,0.0,0.0,0.0,0.0,0.0,0.0,0.0,0.0,0.0,997.00385,0.0,0.0,0.0,0.0,0.0,0.0,0.0,141.99176,3746.1714,296.78268,0.0,356.91602,0.0
APEX1,546.6112,0.0,249.24266,40.30021,1107.8444,1066.0374,393.58963,1041.7339,0.0,1790.3926,27.31293,585.76624,349.3514,894.50867,395.16254,149.1409,878.3491,444.39157,691.9235,434.54227,329.4317,0.0,0.0,144.92702,351.26883,579.79785,0.0,594.54376,169.33517,0.0
PNP,13.623867,87.969826,0.0,50.94071,131.69841,66.98701,65.61814,0.0,65.86699,3.7991376,17.37379,0.0,349.44464,65.93806,165.09439,203.82607,63.1082,93.33804,0.0,25.295343,18.09708,0.0,272.4205,183.30893,185.3335,26.474182,63.29353,18.58773,52.639446,0.0
RNASE1,0.0,45.89347,0.0,0.0,48.25932,43.931442,12.109599,0.0,0.0,0.0,0.0,173.79279,9.462122,9.054079,0.0,8.85859,10.278263,0.0,0.0,0.0,0.0,0.0,16.42307,0.0,0.0,19.872496,86.6188,0.0,0.0,1122.4856
RNASE3,0.0,0.0,0.0,0.0,0.0,0.0,0.0,0.0,0.0,0.0,0.0,0.0,0.0,1339.488,0.0,0.0,0.0,0.0,0.0,0.0,0.0,0.0,0.0,0.0,0.0,0.0,0.0,0.0,0.0,0.0
RNASE2,0.0,838.9417,0.0,0.0,0.0,0.0,644.54694,0.0,0.0,0.0,0.0,0.0,385.37106,4573.224,0.0,0.0,0.0,0.0,0.0,0.0,0.0,0.0,904.13245,0.0,0.0,0.0,0.0,1865.9712,0.0,0.0
SUPT16H,142.2336,0.0,49.294216,162.6612,422.63004,509.00604,78.22129,227.22217,16.983782,171.56546,33.43819,941.826,1033.6194,194.77544,144.86719,0.0,121.255516,0.0,163.64981,440.89258,177.08601,147.11247,237.90802,148.92831,0.0,181.67468,87.2794,0.0,0.0,0.0
SALL2,0.0,0.0,0.0,0.0,0.0,25.190147,0.0,0.0,0.0,2.9359462,0.0,0.0,0.0,0.0,0.0,0.0,0.0,81.79606,3.0537553,0.0,0.0,0.0,0.0,0.0,0.0,0.0,0.0,0.0,0.0,0.0
TRAV12-1,9.444206,0.0,0.0,0.0,0.0,0.0,0.0,0.0,0.0,1.5539132,0.0,0.0,0.0,0.0,0.0,0.0,0.0,0.0,0.0,0.0,42.339993,0.0,0.87009424,0.0,0.0,60.71156,0.0,0.0,0.0,0.0
TRAV8-3,7.6963577,0.0,0.0,0.0,0.0,0.0,0.0,0.0,0.0,0.0,0.0,0.0,0.27990264,0.0,31.962671,0.0,2.2276332,0.0,0.0,0.0,0.0,0.0,0.0,0.0,0.0,0.0,0.0,0.0,73.0322,0.0
TRDV1,2.6235402,0.0,0.0,3.489553,0.0,0.0,0.0,0.0,0.0,0.0,0.0,0.0,0.0,0.0,22.210222,0.0,0.0,0.0,0.0,0.0,0.0,10.320885,0.0,0.0,0.0,0.0,0.0,1.1625952,0.0,0.0
TRAV29DV5,12.381691,0.0,0.0,0.13908084,0.0,0.0,0.0,0.0,0.0,0.0,0.0,0.0,0.0,1.0893065,0.0,0.0,0.0,0.0,0.0,6.068469,53.858944,0.0,9.480154,18.753592,0.0,0.0,40.576958,0.0,0.0,0.0
TRDC,0.0,0.0,0.0,4283.6763,0.0,0.0,0.0,0.0,0.0,117.64785,0.0,0.0,57.608707,0.0,0.0,0.0,0.0,0.0,0.0,0.0,0.0,0.0,0.0,0.0,162.09882,0.0,0.0,0.0,0.0,0.0
DAD1,1320.2354,128.31363,370.8621,615.6509,494.307,1023.98376,232.84589,501.37704,0.0,283.18976,359.53964,0.0,399.58148,640.915,223.24603,70.87385,1284.2141,0.0,404.52094,6268.226,795.1245,855.85266,294.56082,1152.4125,0.0,948.1587,855.5378,0.0,793.0819,413.42203
ABHD4,0.0,0.0,0.0,7.270963,0.0,0.0,0.0,0.0,0.0,0.0,0.0,0.0,0.0,0.0,0.0,0.0,0.0,0.0,0.0,675.13104,0.0,0.0,0.0,16.49217,147.8618,3.6845157,0.0,138.99,0.0,9.721346
MMP14,0.0,0.0,0.0,0.0,0.0,0.0,0.0,0.0,0.0,0.0,0.0,0.0,0.0,0.0,0.0,0.0,0.0,0.0,0.0,0.0,501.49335,0.0,0.0,0.0,126.14729,80.734215,184.19603,0.0,0.0,0.0
PSMB5,109.83051,0.0,0.0,27.798143,812.49945,417.5344,0.0,10.366632,0.0,286.39865,32.430134,257.42508,334.6309,250.4643,164.86525,49.452923,105.23957,174.8155,77.00152,303.50583,0.0,13.978944,249.11855,6.459485,178.29439,561.2356,0.0,0.0,0.0,180.62947
CEBPE,5.5646467,0.0,0.0,0.0,0.0,0.0,0.0,0.0,0.0,0.0,0.0,0.0,0.0,251.32806,11.505013,0.0,0.0,4.5710444,2.6415045,0.0,0.0,0.0,0.0,0.0,0.0,0.0,0.0,111.27443,0.0,0.0
CMTM5,0.0,0.0,0.0,0.0,0.0,0.0,0.0,0.0,0.0,0.0,0.0,0.0,0.0,0.0,0.0,0.0,0.0,808.5713,0.0,536.68384,0.0,0.0,0.0,2816.0188,0.0,0.0,0.0,0.0,0.0,0.0
DHRS4,29.340837,23.934483,0.0,23.963276,154.9861,96.733376,42.279644,64.558174,16.475483,123.739105,23.992336,0.0,183.88135,62.221355,173.64076,0.0,33.812286,0.0,63.080925,37.13579,137.23813,0.0,29.303717,0.0,59.690884,157.6424,0.0,0.0,20.849352,0.0
DCAF11,203.43169,32.07205,158.43094,204.76543,359.80524,0.0,79.61152,191.61574,0.0,218.19054,30.69167,315.42953,0.0,155.72452,0.0,906.0684,128.31401,64.90102,305.2242,235.39168,0.0,127.50128,13.167679,0.0,469.63504,0.0,52.595703,49.875423,432.0677,0.0
REC8,4.2922072,1.5331548,0.0,48.736107,124.69855,210.33452,27.781256,0.0,28.650164,265.52145,52.44093,213.31476,262.04013,0.0,59.78869,80.64145,94.334366,0.0,0.0,0.0,7.1951976,0.0,0.0,11.894075,0.0,132.42029,0.0,159.1429,25.93732,0.0
AL136295.6,0.0,0.0,0.59333265,3.2361925,0.0,0.0,0.0,0.46267194,0.0,7.0499034,0.0,12.517174,0.0,0.0,3.8063943,0.0,6.8673983,2.8635306,0.0,0.0,0.0,0.0,0.0,0.0,0.0,0.0,0.0,0.0,0.0,0.0
NFATC4,0.0,0.0,9.773866,0.0,0.0,0.0,0.0,86.156204,0.0,2.2337961,0.0,0.0,0.0,0.0,5.3929853,0.0,37.179573,0.0,15.31632,0.0,0.0,0.0,0.0,15.576645,55.128536,0.0,0.0,25.465889,0.0,0.0
CBLN3,0.2697432,0.89056176,42.0507,2.534748,7.017118,0.0,0.0,0.0,0.0,0.0,0.7671102,0.0,0.0,0.0,0.0,3.3800437,0.0,0.0,0.0,0.0,0.0,0.0,0.0,0.0,6.7383456,0.0,0.0,0.0,0.0,0.0
CTSG,0.0,0.0,0.0,0.0,0.0,0.0,0.0,0.0,0.0,0.0,0.0,0.0,0.0,14825.655,0.0,0.0,0.0,0.0,0.0,0.0,0.0,0.0,0.0,0.0,0.0,0.0,0.0,2581.2559,0.0,0.0
GZMH,71.31067,0.0,0.0,10186.346,0.0,0.0,25.313663,0.0,0.0,0.0,0.0,1.0885311,44.76312,0.0,0.0,0.0,0.0,0.0,0.0,0.0,921.26556,0.0,0.0,249.67389,0.0,0.0,787.31775,0.0,1108.2456,0.0
GZMB,0.0,0.0,0.0,13971.361,0.0,0.0,0.0,0.0,0.0,0.0,0.0,0.0,0.0,0.0,0.0,0.0,15137.556,0.0,0.0,0.0,0.0,0.0,0.0,0.0,0.0,0.0,0.0,0.0,0.0,0.0
STXBP6,0.0,0.0,0.0,0.0,0.0,38.025803,0.0,0.0,0.0,10.190395,0.0,0.0,0.0,0.0,0.0,0.0,0.23036179,0.0,0.0,139.53296,0.0,0.0,0.0,0.0,0.0,0.0,0.0,0.0,0.0,0.0
COCH,0.0,0.0,80.66735,0.0,26.723429,45.987812,0.0,0.0,0.0,0.0,0.0,61.966537,375.94925,0.0,92.46484,0.0,0.0,104.196884,0.0,0.0,0.0,79.15131,0.0,0.0,98.58511,0.0,0.0,0.0,0.0,73.264244
EGLN3,0.0,0.0,0.0,0.0,0.0,0.0,0.0,58.727707,0.0,0.0,0.0,0.0,0.0,0.0,28.457664,0.0,422.12762,0.0,0.0,101.94608,0.0,0.0,0.0,50.485336,0.0,0.0,46.537693,0.0,0.0,263.37488
SLC25A21,0.0,0.0,0.0,0.0,139.03578,11.734857,0.0,0.0,0.0,0.0,0.0,71.76117,1.9990836,0.0,0.0,181.07845,0.0,0.0,0.0,0.0,0.0,0.0,86.390526,0.0,0.0,0.0,0.0,0.0,0.0,0.0
GEMIN2,35.771465,0.0,37.366028,45.667934,143.16194,84.098206,0.0,46.861675,0.0,29.360601,11.2254305,0.0,104.84113,2.4823148,18.852129,0.0,23.329775,74.50971,0.0,10.047209,0.0,0.0,440.14236,0.0,0.0,166.89598,32.88119,0.0,0.0,0.0
LRR1,4.876166,4.447976,0.0,51.24093,139.06578,0.0,0.0,136.24577,18.739347,13.159546,50.136974,0.0,508.5937,58.810547,51.097546,29.91352,61.349262,0.0,56.940994,18.000544,0.0,0.0,471.00473,78.69485,84.509735,21.166306,21.649797,71.74011,0.0,113.571
POLE2,0.0,0.0,0.0,0.0,117.74572,45.236694,0.0,0.0,0.0,0.0,0.0,73.102036,322.31732,0.0,0.0,122.928085,0.0,0.0,0.0,10.611781,0.0,0.0,54.21174,0.0,0.0,0.0,0.0,0.0,0.0,0.0
CDKL1,0.0,0.0,0.0,2.9589005,0.0,23.357977,0.0,74.26108,0.0,0.0,0.0,0.0,0.0,0.0,0.0,0.0,2.1555107,0.0,32.616886,0.0,0.0,0.0,0.0,303.30536,0.0,0.0,0.0,0.0,0.0,0.0
CDKN3,0.0,0.0,0.0,0.0,79.03306,0.0,0.0,69.19314,0.0,0.0,0.0,0.0,166.5236,36.503384,0.0,21.823503,0.0,0.0,0.0,197.88329,0.0,0.0,2354.6562,0.0,0.0,0.0,0.0,0.0,0.0,0.0
LGALS3,22.45099,578.9501,0.0,21.676525,0.0,0.0,630.082,0.0,1837.7534,0.0,959.71277,223.3339,0.0,0.0,0.0,1742.9872,0.0,0.0,0.0,0.0,377.06024,278.6835,0.0,0.0,0.0,0.0,600.0405,455.4505,0.0,625.1887
DLGAP5,0.0,0.0,0.0,0.0,179.51047,0.0,0.0,0.0,0.0,0.0,0.0,40.456764,0.0,0.0,0.0,158.21753,0.0,0.0,0.0,0.0,0.0,0.0,1694.2295,0.0,0.0,0.0,0.0,0.0,0.0,0.0
DAAM1,17.28982,0.0,87.64238,16.02586,194.74992,108.74647,0.0,350.06454,0.0,3.3684003,0.0,391.32092,0.0,0.0,122.66395,279.82266,245.83131,717.06213,48.16362,567.3812,0.0,52.21467,93.37952,257.1276,0.0,0.0,8.453465,0.0,356.2451,264.18985
CCDC175,0.0,0.0,0.0,0.0,0.0,0.0,0.0,0.0,0.0,23.84048,0.0,0.0,0.0,0.0,0.0,0.0,0.0,0.0,0.0,111.644775,0.0,0.0,0.0,39.61539,0.0,0.0,0.0,30.149265,3.82966,0.0
RTN1,0.0,38.722507,0.0,0.0,0.0,0.0,110.870544,0.0,22.57796,0.0,98.02646,0.0,0.0,0.0,0.0,0.0,0.0,22.690325,0.0,32.03415,0.0,0.0,0.0,0.0,0.0,0.0,0.0,0.0,0.0,26.117281
MTHFD1,48.874672,0.0,30.976961,25.09731,87.27642,249.11746,0.0,38.264664,0.0,101.30335,0.0,0.0,854.91034,0.0,24.956503,0.0,33.149673,7.2335978,13.991385,83.7033,0.0,34.986553,123.28689,0.0,0.0,59.9862,0.0,0.0,80.05994,67.96115
MAX,460.95502,35.792206,213.21025,251.39247,89.01015,66.45518,58.246864,157.82751,272.73413,697.4737,51.849976,140.31888,0.0,60.927395,4.7085094,0.0,28.349043,2111.0247,306.19696,730.9775,695.7315,373.93005,0.0,3001.7483,1461.0054,18.818518,297.3426,0.0,45.548115,0.0
EIF2S1,119.98317,37.092785,60.16364,88.331345,548.25824,242.36316,25.016764,147.2274,0.7784668,90.104774,32.25975,84.53386,361.8891,66.64922,50.82976,0.0,66.89806,104.94926,14.875351,433.8342,64.682175,90.194496,247.78249,67.536934,24.843939,0.0,61.852924,0.0,74.45031,0.0
AL121820.2,0.0,0.0,11.213813,0.033736717,0.0,0.0,0.0,0.0,0.0,0.0,0.0,0.0,4.188522,0.0,6.2838,0.0,0.0,0.0,0.0,0.0,0.0,4.9740367,0.0,0.0,0.0,0.0,0.0,0.0,0.0,0.0
ZFP36L1,221.02652,389.96564,1349.525,375.8531,22.357273,1213.673,0.0,0.0,12099.001,0.0,323.57034,0.0,0.0,0.0,147.9629,165.27557,0.0,903.4135,505.61453,0.0,24.860992,0.0,218.21239,4.417232,1930.2839,4301.1206,2349.1394,231.40129,1505.7954,756.07245
ACTN1,375.7708,144.65219,0.0,0.0,68.97414,195.65993,0.0,0.0,4.5895,39.54915,0.0,0.0,0.0,503.9299,21.80519,43.08739,0.0,2056.3264,375.11002,1047.2782,135.90741,0.0,0.0,1127.8175,0.0,277.608,322.79572,0.0,600.75653,29.37464
ERH,1052.2043,483.56638,454.0627,1065.601,1592.9332,2016.3835,830.06165,2557.492,164.37112,1452.7904,769.16266,899.52985,3654.0012,1066.3271,756.44684,17.412579,1377.2692,1278.4902,2155.9216,1336.0503,201.02783,1187.263,2552.7004,457.19397,861.34064,1444.7416,787.7691,812.0757,0.2808181,311.08673
SLC8A3,0.0,0.0,0.0,0.0,0.0,0.20518066,0.0,0.0,0.0,15.298368,0.0,0.0,0.0,0.0,0.0,0.0,0.0,0.0,0.0,10.151686,0.0,0.0,0.0,0.0,0.0,0.52918494,0.0,1.0495571,1.170227,0.0
RGS6,0.0,0.0,0.0,0.0,0.0,0.0,0.0,0.0,0.0,0.0,0.0,0.0,0.0,0.0,0.0,4.17544,0.0,8.453589,0.0,32.20096,0.0,0.0,0.0,401.78537,63.273796,15.881344,0.0,0.0,0.0,0.0
AC005480.1,5.3433137,0.0,10.057537,8.89886,13.036797,0.0,0.0,0.0,0.0,0.7876064,0.0,0.0,0.0,10.300366,0.5952232,0.0,0.0,0.0,10.123361,0.0,15.358946,15.98786,0.0,0.0,0.0,11.090435,0.0,0.0,0.0,0.0
RPS6KL1,4.262597,0.0,0.0,0.0,131.194,0.0,0.0,0.0,0.0,4.673942,0.0,268.3587,0.0,0.0,0.0,0.0,37.37371,0.0,0.0,12.412228,43.699516,0.0,0.0,0.0,0.0,4.5397105,0.0,0.0,22.293173,0.0
PGF,0.0,0.0,0.0,0.0,0.0,0.0,0.0,0.0,0.0,0.0,0.0,0.0,0.0,0.0,0.0,0.0,0.0,0.0,0.0,0.0,0.0,0.0,0.4115729,0.0,300.55435,419.139,0.0,0.0,499.61273,0.0
AL049780.2,0.92169863,0.0,3.1577435,0.0,0.0,0.0,3.1980686,0.0,0.014757499,0.0,0.0,13.482059,0.0,0.38461745,0.0,0.0,0.0,6.583496,0.0,56.137688,0.0,0.0,0.0,0.0,0.0,0.0,31.515703,2.5075247,21.11874,0.0
FOS,3692.3088,12303.367,0.0,272.47556,0.0,0.0,6322.283,655.8348,20979.74,4460.1924,3323.374,3297.5945,0.0,0.0,23788.875,0.0,1152.1838,0.0,0.0,0.0,4939.3916,1881.2656,0.0,953.1691,44648.188,16463.627,3161.591,2140.4019,5681.3335,5726.544
AHSA1,192.41737,0.0,20.92316,266.76126,451.29572,365.4189,44.844448,292.9269,0.0,235.88911,93.3798,0.0,265.2566,60.94502,238.66049,0.0,215.87279,161.20714,43.747208,159.81798,0.0,1.070184,615.6888,123.72535,0.0,104.81774,0.0,0.0,0.0,309.6595
SLIRP,438.54803,206.09888,60.916065,380.75494,1865.8835,1046.4258,341.42728,490.70132,274.1583,486.70154,491.47632,846.09015,1206.594,1043.3657,615.33606,252.5495,307.47607,34.713676,491.32056,358.5704,290.10904,439.88766,978.8906,157.57964,397.81833,438.47397,19.701586,608.7942,0.0,622.1842
LGMN,4.129049,0.0,0.0,0.0,0.0,0.0,143.67514,0.0,0.0,0.0,0.0,0.0,21.820553,0.0,0.0,0.0,1304.2404,122.96196,0.0,0.0,59.478886,36.35168,0.0,0.0,0.0,252.70918,112.89859,0.0,204.66077,5449.1587
OTUB2,0.0,1.2345567,0.0,0.0,0.0,0.0,1.7515818,0.0,0.0,0.12545241,5.2886677,0.0,1.6556727,1.5829425,0.0,0.0,0.0,0.0,0.0,0.0,0.0,0.0,0.72347325,0.0,0.0,0.0,0.0,0.0,0.0,0.0
IFI27,0.0,0.0,0.0,0.0,82.97385,0.0,0.0,0.0,34.771442,0.0,0.0,444.826,72.95533,0.0,0.0,239.5145,0.0,0.0,0.0,0.0,0.0,0.0,0.0,0.0,0.0,866.8929,0.0,0.0,25.994764,647.3563
SERPINA1,0.0,1888.3972,0.0,0.0,0.0,0.0,0.0,0.0,2253.619,0.0,6124.22,0.0,0.0,0.0,0.0,0.0,0.0,0.0,0.0,0.0,0.0,0.0,0.0,0.0,0.0,0.0,0.0,0.0,0.0,0.0
GLRX5,24.92774,34.965782,0.0,182.94011,882.9646,254.3618,24.504833,493.99805,150.20299,98.74816,26.356457,868.84955,282.4058,129.64024,126.090385,1073.6387,283.12665,77.08088,361.23242,95.922356,0.0,68.28445,1008.45856,152.18602,85.67073,219.54504,0.0,117.36847,104.98627,0.8731395
TCL1B,0.0,0.0,179.01149,0.0,0.0,0.0,0.0,684.3667,0.0,0.0,0.0,0.0,0.0,0.0,0.0,0.0,0.0,0.0,330.4809,0.0,0.0,0.0,0.0,114.65332,0.0,14.659696,0.0,0.0,0.0,0.0
TCL1A,0.0,0.0,5798.0415,0.0,0.0,0.0,0.0,20797.635,0.0,0.0,0.0,0.0,0.0,0.0,0.0,0.0,1541.5452,0.0,2336.586,0.0,0.0,0.0,0.0,1183.0093,0.0,0.0,0.0,0.0,0.0,0.0
AL139020.1,0.0,0.0,486.16708,0.0,0.0,0.0,0.0,639.69495,0.0,0.0,0.0,0.0,0.0,0.0,0.0,0.0,0.0,0.0,0.0,0.0,0.0,0.0,0.0,38.579285,0.0,51.2878,0.0,0.0,0.0,0.0
VRK1,127.88405,0.0,91.39106,106.59948,245.85861,128.45186,0.0,197.79553,18.271435,170.15948,0.0,424.49475,1100.2871,177.83298,0.0,512.23584,91.05371,92.01568,148.65565,189.8704,179.08316,350.07697,806.1352,77.968124,0.0,148.712,330.9026,163.70357,442.304,0.0
MEG3,0.0,0.0,0.0,0.0,0.0,0.0,0.0,0.0,0.0,124.075874,420.48465,0.0,0.0,0.0,0.0,0.0,0.0,0.0,0.0,0.0,0.0,0.0,0.0,0.0,0.0,0.0,0.0,0.0,0.0,0.0
HSP90AA1,2305.3433,0.0,132.11441,2559.3125,6156.64,4490.9204,934.49994,3874.3125,1072.2417,3516.945,761.2124,5247.014,8717.213,1964.9154,12748.844,2015.8068,2670.0232,374.8396,2105.8584,2872.015,1286.7233,2615.5703,11454.095,823.2669,9333.314,3439.2883,2178.4268,1230.7786,1024.298,2995.1584
EXOC3L4,0.0,0.0,0.0,0.0,0.0,0.0,0.0,0.0,0.0,0.0,0.0,0.0,0.123629436,0.0,0.0,0.0,0.0,5.474304,0.0,14.935633,0.0,0.0,0.0,0.0,6.226921,118.2414,0.0,0.0,0.0,0.0
CKB,0.0,0.0,0.0,0.0,0.0,0.0,0.0,0.0,0.0,70.11714,470.64584,0.0,8.503705,0.0,0.0,0.0,0.0,0.0,0.0,65.56713,505.88446,0.0,10.641888,0.0,0.0,0.0,0.0,0.0,0.0,0.0
ZFYVE21,8.379132,4.2159505,0.0,31.520807,190.88936,0.35946456,0.0,17.468979,0.0,24.22794,86.39393,0.0,0.0,0.0,2.8019154,216.57814,0.0,163.34496,22.957626,147.53934,46.091396,0.0,183.59451,55.444363,37.551426,2.079128,0.0,0.0,0.0,278.13287
PLD4,0.0,0.0,173.44229,0.0,0.0,0.0,359.1425,828.9978,0.0,0.0,0.0,0.0,0.0,279.3663,0.0,0.0,5501.926,0.0,0.0,0.0,0.0,0.0,0.0,0.0,0.0,0.0,0.0,0.0,0.0,0.0
CDCA4,43.204926,0.0,0.0,115.729805,60.36543,43.73885,0.0,25.399704,118.51647,24.844713,26.536978,842.71564,904.08044,0.0,0.0,219.59164,0.0,37.49803,0.0,109.36901,0.0,0.0,571.0824,0.0,0.0,0.0,0.0,53.417557,29.340757,0.0
TMEM121,35.838894,0.0,0.0,0.0,0.0,0.0,0.0,271.67316,0.0,55.37786,0.0,0.0,0.0,78.803,0.0,0.0,0.0,0.0,0.0,381.79025,0.0,0.0,0.0,0.0,0.0,8.115885,25.534105,0.0,0.0,0.0
IGHA2,0.0,0.0,105.5824,0.0,0.0,0.0,0.0,0.0,0.0,0.0,0.0,0.0,0.0,0.0,0.0,0.0,0.0,0.0,0.0,0.0,0.0,11832.565,0.0,0.0,0.0,0.0,0.0,0.0,0.0,0.0
IGHE,0.0,0.0,140.70116,0.0,0.0,0.0,0.0,0.0,0.0,0.0,0.0,0.0,2.8612523,0.0,3.9545963,0.0,0.0,23.319477,0.0,0.0,0.0,0.0,0.0,0.0,0.0,0.0,273.51755,0.0,0.0,0.0
IGHG4,0.0,0.0,0.0,0.0,0.0,0.0,0.0,0.0,64.668365,0.0,0.0,0.0,4.4596586,0.0,100.97272,0.0,0.0,0.0,0.0,0.0,149.30478,3149.1917,183.78389,22.661587,0.0,0.0,65.13724,0.0,0.0,468.74255
IGHG2,0.0,0.0,130.52837,0.0,0.0,0.0,0.0,0.0,0.0,0.0,0.0,0.0,0.0,0.0,0.0,0.0,0.0,0.0,0.0,0.0,0.0,4009.0408,0.0,0.0,0.0,0.0,0.0,0.0,0.0,0.0
IGHGP,0.0,0.0,0.0,0.0,0.0,0.0,0.0,0.0,0.0,0.0,0.0,0.0,0.0,0.0,0.0,0.0,0.0,0.0,0.0,0.0,347.63464,1784.9747,0.0,0.0,0.0,0.0,0.0,0.0,0.0,0.0
IGHA1,0.0,0.0,140.47168,0.0,0.0,0.0,0.0,0.0,0.0,0.0,0.0,0.0,0.0,0.0,0.0,0.0,0.0,0.0,0.0,0.0,0.0,54593.625,0.0,413.39038,0.0,0.0,0.0,0.0,0.0,256.1035
IGHG1,0.0,0.0,87.75567,0.0,0.0,0.0,0.0,0.0,0.0,0.0,0.0,0.0,0.0,0.0,0.0,0.0,0.0,0.0,0.0,0.0,428.54205,16995.188,0.0,0.0,0.0,0.0,0.0,0.0,0.0,0.0
IGHG3,0.0,0.0,0.0,0.0,0.0,0.0,0.0,0.0,0.0,0.0,0.0,0.0,0.0,0.0,0.0,0.0,0.0,0.0,0.0,0.0,230.96802,25647.312,0.0,0.0,0.0,0.0,0.0,0.0,0.0,0.0
IGHD,0.0,0.0,8165.8887,0.0,0.0,0.0,199.30704,0.0,0.0,0.0,0.0,0.0,0.0,0.0,0.0,0.0,0.0,0.0,0.0,0.0,0.0,25100.236,0.0,0.0,0.0,0.0,0.0,0.0,0.0,0.0
IGHM,0.0,0.0,46566.176,0.0,0.0,0.0,0.0,27279.207,0.0,0.0,0.0,0.0,0.0,0.0,0.0,0.0,1072.5266,0.0,4788.959,0.0,0.0,0.0,0.0,0.0,0.0,0.0,0.0,0.0,378.27585,0.0
FAM30A,0.0,0.0,1289.2769,0.0,0.0,0.0,0.0,0.0,0.0,3794.007,0.0,0.0,0.0,0.0,0.0,0.0,229.87537,0.0,1141.887,0.0,0.0,0.0,0.0,0.0,0.0,0.0,0.0,0.0,0.0,0.0
IGHV1-2,0.0,0.0,14.099778,0.0,0.0,0.0,0.0,9.366542,0.0,0.0,1.5127035,21.80031,0.0,11.261238,0.0,0.0,0.0,0.0,0.0,16.325903,0.0,53.20461,0.0,5.7352147,0.0,8.128503,0.0,0.0,0.0,0.0
IGHV3-7,0.0,0.0,11.221628,0.0,0.0,0.0,0.0,8.527505,0.0,0.0,0.0,4.329196,0.0,0.0,0.0,0.0,0.0,0.0,34.845875,0.0,110.54188,213.93973,0.0,19.229284,0.0,0.0,0.0,0.0,10.940731,0.0
IGHV3-21,2.1409268,0.0,8.119344,1.4443963,0.4801723,0.0,0.0,4.69243,0.0,0.0,2.2132134,0.0,0.0,0.0,0.0,0.0,0.0,0.0,0.0,0.0,0.0,0.0,0.0,0.0,12.423465,0.0,0.0,53.625877,0.0,0.0
ARHGAP11A,0.0,0.0,0.0,0.0,0.0,5.259372,0.0,0.0,0.0,26.49933,0.0,203.16086,110.00162,9.48858,0.0,0.0,8.028414,0.0,18.350761,0.0,0.0,0.0,769.1933,0.0,0.0,0.0,0.0,13.695926,55.071857,122.117516
NOP10,466.5225,798.3795,163.29962,724.79535,2278.1475,1167.4337,346.59036,701.59125,1018.65607,587.18945,1043.4586,632.7716,1123.6575,437.61667,1743.2062,327.46838,928.04016,548.7263,510.38568,471.9772,628.9346,477.00027,1308.5269,463.56116,760.7764,613.87897,192.25589,179.72878,1022.20734,768.8734
LINC02345,0.0,0.0,0.0,0.0,0.0,0.0,0.0,0.0,0.0,0.0,168.65813,0.0,0.0,0.0,0.0,0.0,0.0,0.0,0.0,0.0,0.0,0.0,0.0,0.0,0.0,0.0,0.0,0.0,0.0,0.0
THBS1,0.0,397.45535,0.0,0.0,0.0,0.0,0.0,0.0,1789.3851,0.0,0.0,0.0,0.0,0.0,0.0,0.0,0.0,627.28375,0.0,0.0,0.0,0.0,0.0,0.0,9.7682905,912.9181,531.83844,0.0,0.0,0.0
AC023908.3,0.0,0.0,0.0,1.7517725,0.0,0.0,0.0,0.0,0.0,0.0023103694,0.0,0.0,0.0,0.0,388.7277,0.0,0.0,0.0,0.0,0.0,0.0,0.0,0.0,0.0,0.0,48.006054,0.0,0.0,0.0,0.0
CCDC9B,0.0,0.0,0.0,0.0,0.0,0.0,0.0,0.0,0.0,12.918582,0.0,0.0,0.0,0.0,0.0,0.0,3.3695316,263.4785,40.89364,0.0,0.0,0.0,0.0,127.88549,0.0,0.0,0.0,0.0,6.3571186,0.0
KNSTRN,0.0,0.0,8.959811,4.4444895,18.570112,7.369879,0.0,0.0,0.0,9.5776005,15.524429,0.0,0.0,0.0,0.0,15.846586,0.0,108.38211,0.0,0.0,13.700611,0.0,988.1529,7.04598,0.0,39.09171,71.61909,23.945812,0.0,0.0
KNL1,0.0,0.0,0.0,0.0,0.0,0.0,0.0,102.58382,0.0,0.0,0.0,93.11854,131.12311,12.187894,0.0,0.0,0.0,0.0,3.8098652,0.0,0.0,19.020512,791.9363,0.0,0.0,0.0,46.144566,0.0,21.439896,0.0
OIP5,0.0,0.0,0.0,0.0,8.188205,55.419132,0.0,25.083916,0.0,18.863392,0.0,0.0,198.08643,61.89542,0.0,63.347054,12.391503,0.0,0.0,38.95004,0.0,0.0,547.9797,0.0,0.0,31.440441,32.81053,0.0,30.619076,0.0
NUSAP1,0.0,0.0,0.0,0.0,0.0,0.0,0.0,616.4947,0.0,6.692557,0.0,0.0,1031.9441,0.0,0.0,0.0,0.0,0.0,0.0,0.0,0.0,0.0,5085.492,0.0,0.0,0.0,0.0,0.0,0.0,0.0
AC090510.1,0.0,0.0,0.0,6.9284763,0.0,1.4473363,0.0,42.870052,0.0,0.0,0.0,0.0,0.0,0.0,0.0,0.0,0.0,0.0,0.0,0.0,0.0,0.0,0.0,0.95575917,0.0,0.0,2.645215,0.5893751,0.0,11.030229
EPB42,0.0,0.0,0.0,0.0,176.20236,0.0,0.0,0.0,0.0,0.0,0.0,64.9204,3.9379833,0.0,0.0,507.7554,0.0,0.0,0.0,0.0,0.0,0.0,281.89862,0.0,0.0,0.0,0.0,0.0,0.0,0.0
MAP1A,0.0,0.0,0.0,0.0,0.0,0.0,0.0,0.0,0.0,139.31511,0.0,0.0,0.0,0.0,0.0,0.0,804.12726,0.0,56.811115,0.0,100.76924,0.0,0.0,173.65001,0.0,0.0,0.0,0.0,0.0,0.0
SORD,0.0,24.726063,2.6812222,1.7747033,121.861496,386.39676,10.244263,21.186747,0.0,121.71847,10.289384,0.0,50.612186,39.603306,9.309043,26.820349,5.7764773,0.0,0.0,0.0,0.0,0.0,155.09892,0.0,0.0,110.075676,3.3148537,0.0,0.0,113.43926
C15orf48,0.0,0.0,0.0,0.0,0.0,0.0,14.871597,0.0,1200.4866,0.0,0.0,0.0,0.0,0.0,0.0,0.0,0.0,0.0,0.0,0.0,0.0,0.0,0.0,0.0,0.0,0.0,0.0,0.0,0.0,0.0
DUT,654.2773,36.444065,75.47856,183.9869,1086.0465,1666.1559,80.76396,1154.2875,0.0,1478.6222,200.52222,837.3992,10823.883,1997.583,710.4793,490.7433,632.58844,993.20123,1107.1573,1514.4694,0.0,0.0,1358.2772,39.884888,0.0,175.67514,1230.0809,787.7816,138.03673,0.0
FBN1,0.0,0.0,0.0,0.0,0.0,0.4905671,0.0,0.0,0.0,2.5627131,0.0,0.0,0.0,0.0,0.0,0.0,0.0,0.0,0.0,3.8797503,0.0,0.0,0.0,0.0,177.4595,994.88556,84.29498,0.0,91.02331,0.0
ATP8B4,0.0,21.263609,0.0,76.63086,0.0,0.0,31.773458,0.0,0.0,234.11995,5.3045363,0.0,1.062563,364.85397,0.0,0.0,0.0,0.0,0.0,0.0,0.0,0.0,0.0,0.0,0.0,11.132635,0.0,236.04655,0.0,34.323174
SLC27A2,0.0,0.0,0.0,0.0,0.0,119.32871,0.0,2.6458442,0.0,44.969982,0.0,0.0,122.682816,2.2364666,0.0,0.0,0.0,0.0,0.15572654,0.0,0.0,0.0,41.147385,0.0,0.0,0.0,52.444157,40.735416,20.891853,0.0
HDC,0.0,0.0,0.0,0.0,0.0,0.0,0.0,0.0,0.0,0.0,0.0,0.0,0.0,0.0,0.0,0.0,0.0,0.0,0.0,0.0,0.0,0.0,0.0,0.0,0.0,0.0,0.0,1577.9442,0.0,0.0
GLDN,0.0,0.0,0.0,0.0,0.0,0.0,0.0,0.0,0.0,0.0,0.0,0.0,0.0,0.0,0.0,0.0,0.0,0.0,0.0,0.0,0.0,0.0,0.0,0.0,74.90893,298.8826,59.150715,0.0,17.961771,0.0
GNB5,280.55496,0.0,594.75195,19.150023,0.0,0.0,0.0,0.0,0.0,225.84192,0.0,0.0,183.13316,0.0,0.0,0.0,54.71704,2508.9917,48.41515,0.0,0.0,0.0,0.0,0.0,0.0,215.26622,461.58615,0.0,502.04547,0.0
PYGO1,0.0,0.0,0.0,0.0,1.5344245,0.0,0.0,0.0,0.0,0.0,0.0,0.0,1.0238329,0.0,0.0,3.6948678,0.0,0.0,0.0053608115,0.0,0.0,0.0,0.05781916,0.0,0.0,0.0,0.0,0.0,0.0,0.0
MNS1,0.0,0.0,0.0,0.0,20.107649,34.94455,0.0,14.989167,0.0,0.96713364,0.0,70.590935,316.98193,9.096718,0.0,0.0,0.0,0.0,8.233582,6.212296,0.0,0.0,196.00764,0.0,0.0,3.8110092,0.0,27.329004,0.0,0.0
AC090515.2,1.4811621,0.0,2.9419901,0.0,0.0,5.2909136,0.0,0.0,0.0,7.1791134,0.0,12.760592,0.0,0.0,0.0,0.20770037,27.129475,0.0,0.0,0.0,11.87007,10.384105,0.0,0.0,0.0,0.0,0.0,7.8590417,0.0,0.0
CCNB2,0.0,0.0,0.0,0.0,277.571,0.0,0.0,99.45203,0.0,0.0,0.0,0.0,104.653015,0.0,0.0,243.87059,0.0,0.0,29.003912,0.0,0.0,0.0,2850.1418,0.0,0.0,0.0,78.38879,0.0,0.0,0.0
ANXA2,329.92303,1419.9279,0.0,1008.0348,0.0,0.0,4627.24,225.09608,513.4365,0.0,1990.7739,0.0,596.55084,656.43195,0.0,0.0,592.71246,0.0,17.335644,0.0,274.35,952.50397,1312.9806,198.06107,0.0,478.04382,1141.7362,473.04233,543.98773,0.0
TPM1,0.0,0.0,0.0,0.0,353.21414,687.4102,0.0,0.0,0.0,0.0,0.0,0.0,163.54172,0.0,0.0,293.36407,0.0,665.1698,0.0,1248.5417,0.0,0.0,212.93571,1089.2723,0.0,539.40063,196.65884,0.0,191.5625,0.0
SNX22,0.0,0.0,704.3263,0.0,0.0,0.0,0.0,59.964012,0.0,0.0,0.0,0.0,0.0,0.0,0.0,1046.3661,0.0,0.0,6.754299,0.0,0.0,0.0,0.0,0.0,0.0,0.0,0.0,0.0,0.0,0.0
PPIB,1512.8273,155.57646,290.28732,2319.4517,551.4972,1423.8217,1721.8474,1158.0332,274.24118,874.70526,277.17392,318.64825,57.790203,2192.7334,1079.9227,0.0,4701.924,535.5228,1527.3408,2941.9614,2203.0884,8590.119,840.1596,284.84872,1118.4465,1018.9124,940.2091,2056.4,2033.855,439.79022
PCLAF,0.0,0.0,0.0,0.0,718.3394,807.1306,0.0,609.8692,0.0,98.75431,0.0,132.40057,9279.116,920.02655,0.0,0.0,0.0,0.0,0.0,0.0,0.0,0.0,5224.637,0.0,0.0,0.0,0.0,1050.0054,0.0,55.295017
RBPMS2,0.0,0.0,0.0,39.53846,0.0,28.159626,0.0,0.0,0.0,0.0,0.0,0.0,6.677435,0.0,0.0,0.0,0.0,240.17455,0.0,59.63015,0.0,0.0,0.0,154.72523,0.0,0.0,0.0,0.0,0.0,0.0
PIF1,0.0,0.0,0.0,110.24091,0.0,0.0,0.0,0.0,0.0,0.0,0.0,0.0,0.0,0.0,0.0,0.0,0.0,0.0,0.0,0.0,0.0,0.0,1295.9392,0.0,95.22137,0.0,0.0,0.0,83.5983,26.220007
HACD3,52.985706,0.0,0.0,65.754456,358.15775,183.55074,0.0,232.1957,0.0,82.09762,0.0,0.0,434.7118,72.22268,197.96515,127.63114,70.73995,0.0,208.9872,207.54343,0.0,29.282846,271.03677,64.292145,0.0,34.423244,98.976715,80.77371,0.0,190.67293
ZWILCH,0.0,0.0,0.0,36.743095,81.26886,26.914946,0.0,73.06813,0.0,11.949393,0.0,0.0,363.22708,39.021103,51.686573,38.61161,12.1809635,40.051468,5.6038685,52.0363,46.64251,54.585526,183.42159,24.955442,102.45666,58.53605,140.55757,75.23777,0.0,0.0
SPESP1,1.924872,0.8336875,0.0,0.0,10.684308,0.0,0.0,0.0,0.0,4.488513,0.0,19.054287,0.0,3.2821658,0.0,11.395903,0.0,0.0,0.23663925,0.0,0.0,0.0,0.0,0.0,0.0,0.0,0.0,0.0,0.0,0.0
KIF23,0.0,12.091286,0.0,0.0,6.0982146,0.0,0.0,0.0,0.0,0.0,0.0,26.754568,69.188126,0.0,0.0,58.5034,0.0,0.0,0.0,0.0,0.0,0.0,634.68964,0.0,0.0,0.0,0.0,0.0,0.0,0.0
DRAIC,25.374088,0.0,0.0,54.017918,0.0,0.0,0.0,0.0,0.0,0.0,0.0,0.0,0.0,0.0,0.0,0.0,0.0,0.0,0.0,0.0,0.0,0.0,16.267765,30.495947,0.0,14.647934,32.311428,0.0,0.0,89.09313
PKM,1138.4298,1229.8179,0.0,313.14352,0.0,0.0,2123.2104,2649.5032,0.0,788.58167,448.7605,0.0,1886.7198,1226.2798,0.0,0.0,289.80466,1632.1663,285.55377,3042.65,1062.3823,137.5018,198.52574,2284.2432,0.0,159.19684,676.19574,129.72127,0.0,420.33936
AC100835.2,0.0,0.0,0.0,0.0,0.0,0.0,0.0,0.0,0.0,0.0,0.0,0.0,0.0,0.0,0.0,54.85948,0.0,0.0,0.0,3.035133,1.8150083,0.0,0.0,0.887536,0.0,0.0,0.0,0.0,0.0,0.0
COX5A,490.01538,386.31757,19.390692,814.1332,1134.1708,1728.5857,1280.0779,1039.5245,415.3961,1068.5504,827.69354,850.8892,3053.0728,1265.1124,377.09897,0.0,1046.7428,960.3924,799.6778,856.53864,617.6398,294.36157,866.4945,0.0,0.0,0.0,707.7074,455.30573,950.1492,495.7291
COMMD4,55.159496,33.505775,84.88621,211.71632,320.0641,100.33722,13.973427,451.69043,0.0,140.54686,78.429,345.7468,575.6116,138.52974,92.31572,205.51118,119.00605,0.0,274.67462,127.2257,35.582912,0.0,255.56282,0.0,0.0,210.3805,0.0,89.53733,195.47739,25.366049
ETFA,139.6456,66.52353,25.427948,330.697,541.5911,424.65732,243.40726,475.5985,0.0,246.2922,156.54324,260.4154,640.5092,334.6284,328.6034,368.6574,184.8045,341.30652,103.490906,141.89435,15.681714,0.0,152.68333,1509.205,0.0,159.9572,434.27133,215.62599,486.9784,267.15958
DNAJA4,0.0,0.0,0.0,1.3753035,253.25296,21.191584,0.0,0.0,0.0,0.0,0.0,200.87573,0.0,0.0,99.41901,495.06052,0.6433383,0.0,0.0,0.0,108.555786,0.0,229.1995,17.023241,35.34512,0.0,0.0,0.0,0.0,11.810886
CRABP1,0.0,0.0,0.0,0.0,0.0,0.0,0.0,0.0,0.0,5.3498106,0.0,0.0,8.473441,0.4488851,0.0,0.0,0.0,0.0,0.0,7.395614,0.0,0.0,0.0,0.0,18.814848,251.63281,0.6096441,0.0,0.0,0.0
PSMA4,527.9894,416.73386,43.508633,1066.8901,1415.0466,1703.184,1134.6438,1630.3779,493.69833,1328.6853,1316.4028,178.5268,2560.4834,1227.1667,1308.5077,0.0,919.45306,385.1795,1599.5643,1100.5132,653.94824,819.0523,3122.3118,533.0309,909.28534,514.42316,1247.6339,341.92078,614.5563,756.9422
FAH,0.0,38.001865,0.0,12.666789,127.0308,146.82898,13.628539,0.0,0.0,223.22264,11.887123,0.0,156.1902,284.1106,0.0,97.731384,0.0,0.0,0.0,0.0,0.0,0.0,64.59091,185.53455,0.0,0.0,0.0,68.64242,0.0,0.0
MEX3B,0.0,2.2203922,0.0,0.0,0.0,41.720398,2.5029304,0.0,2.2252018,91.778656,0.0,0.0,0.0,2.2409048,0.0,0.0,0.0,0.0,7.931741,0.0,0.0,0.0,0.0,0.0,0.0,20.844496,0.0,0.0,0.0,0.0
TM6SF1,0.0,50.555668,0.0,26.777838,0.0,0.0,14.590765,9.394361,23.902447,0.0,16.84411,0.0,0.0,0.0,0.0,0.0,2.294835,379.58127,0.0,0.0,0.0,0.0,0.0,195.849,0.0,0.0,0.0,0.0,21.149364,0.0
FANCI,0.0,0.0,0.0,2.2789657,0.0,6.723856,0.0,22.768946,0.0,10.878094,0.0,0.0,560.919,22.377563,12.294295,10.455396,9.405995,0.0,17.614328,28.626024,0.0,0.0,416.1388,11.128364,41.027836,6.389311,0.0,66.90123,0.0,0.0
IDH2,222.76001,0.0,0.0,628.42957,571.19617,439.05417,195.98286,771.83563,0.0,523.5384,234.50073,325.84695,2763.3176,37.296825,88.54318,750.04724,345.68768,0.0,620.22046,763.37994,0.0,101.30895,1748.3109,126.695305,0.0,0.0,76.27035,160.77896,648.742,118.43398
RCCD1,12.51695,0.0,31.029276,16.00026,2.5528617,176.22678,0.0,0.0,0.0,0.0,2.410878,178.30989,111.61149,0.0,182.16347,35.774822,37.303734,0.0,72.58525,0.0,0.0,0.0,649.3528,0.0,0.0,0.0,0.0,0.0,0.0,0.0
PRC1,0.0,0.0,0.0,0.0,77.876495,0.0,0.0,0.0,0.0,0.0,0.0,111.36452,208.91824,3.4954615,0.0,75.52895,0.0,0.0,0.0,0.0,30.601915,0.0,794.14105,0.0,0.0,23.61771,0.0,4.553774,41.253452,0.0
RGMA,0.81056947,8.706808,1.4693028,0.14152691,0.0,0.0,0.0,0.0,0.7769422,23.831806,0.117336124,0.0,0.0,0.0,0.0,0.0,2.02383,0.0,0.0,0.0,0.0,0.0,0.4963415,0.0,0.0,0.0,12.749145,0.0,0.0,0.0
SYNM,28.191534,0.0,0.0,21.880264,0.0,0.0,0.0,0.0,8.6184,0.0,0.0,11.196071,0.0,0.0,2.8728967,0.0,0.0,123.93717,0.0,0.0,0.0,0.0,14.0190115,0.0,3.8191266,0.0,0.0,0.0,0.0,0.0
ALDH1A3,0.0,0.0,0.0,0.0,0.0,0.0,0.0,0.0,0.0,0.0,0.0,0.0,0.0,0.0,0.0,0.0,0.0,0.0,0.0,0.0,0.0,0.0,0.0,0.0,215.67374,1099.6265,185.96623,0.0,26.464745,0.0
PCSK6,0.0,0.0,0.0,0.0,0.0,0.0,0.0,0.0,0.0,0.0,0.0,0.0,0.0,0.0,0.0,0.0,0.0,127.69725,0.0,0.0,0.0,0.0,0.0,0.0,441.3964,142.77603,9.119435,0.0,36.015507,0.0
SNRNP25,52.74963,28.244505,225.35567,34.282215,275.37646,94.62214,239.86461,226.82596,0.0,99.12911,246.30513,115.61181,1326.9739,346.96802,79.35672,130.79733,845.77625,76.784706,16.294971,101.50354,21.287264,0.0,288.35004,19.087536,0.0,0.0,211.27263,91.48243,0.0,0.0
HBZ,0.0,0.0,0.0,0.0,0.0,0.0,0.0,0.0,0.0,0.0,0.0,0.0,0.0,0.0,0.0,62.66204,0.0,0.0,0.0,0.0,0.7316049,0.0,0.0,0.0,0.0,0.0,0.0,0.0,0.0,0.0
HBM,0.0,0.0,0.0,0.0,0.0,0.0,0.0,0.0,0.0,0.0,0.0,0.0,0.0,0.0,0.0,9939.64,0.0,0.0,0.0,0.0,0.0,0.0,438.16937,0.0,0.0,0.0,0.0,0.0,0.0,0.0
HBA2,0.0,0.0,0.0,0.0,6121.842,0.0,0.0,0.0,0.0,0.0,0.0,0.0,0.0,0.0,0.0,123609.79,0.0,0.0,0.0,0.0,0.0,0.0,15241.311,0.0,0.0,0.0,0.0,0.0,0.0,0.0
HBA1,0.0,0.0,0.0,0.0,19478.27,0.0,0.0,0.0,0.0,0.0,0.0,0.0,2919.1653,0.0,0.0,122506.234,0.0,0.0,0.0,0.0,0.0,0.0,17089.324,0.0,0.0,0.0,0.0,0.0,0.0,0.0
HBQ1,0.0,0.0,0.0,0.0,551.35126,96.37602,0.0,0.0,0.0,0.0,0.0,22.613056,281.8911,0.0,0.0,386.19336,0.0,0.0,0.0,0.0,0.0,0.0,182.55469,0.0,0.0,0.0,0.0,160.67905,0.0,0.0
NME4,80.75493,0.0,50.885468,10.41275,1688.0343,1250.2671,0.0,0.0,0.0,552.3446,0.0,782.1416,885.5432,369.89374,172.38754,1084.8536,465.06375,100.2625,128.1845,338.26422,241.76668,0.0,580.8687,0.0,165.57576,205.54785,92.504364,549.34796,410.91644,622.7463
AL023881.1,0.0,0.0,0.0,0.0,0.0,0.0,0.0,0.0,0.0,0.0,0.0,98.541,0.0,0.0,0.0,0.0,0.0,0.0,0.0,136.43634,0.0,0.0,0.0,0.0,0.0,0.0,0.0,0.0,0.0,0.0
PIGQ,26.275312,0.0,31.136295,44.907497,64.65552,16.638628,0.0,13.479166,25.105839,24.191149,0.0,309.00797,0.0,0.21230334,119.44524,495.683,39.35381,0.0,77.17453,89.74919,51.287823,31.860403,197.60226,62.49223,16.035997,83.13599,219.96585,21.113123,18.209412,167.8027
MSLN,0.0,0.0,0.0,0.0,0.0,0.0,20.071243,0.0,0.0,0.0,0.93192685,0.0,0.0,0.0,0.0,0.0,0.0,0.0,0.0,0.0,0.0,0.0,0.0,0.0,0.0,0.0,0.0,0.0,0.0,4.5560913
TPSB2,0.0,0.0,0.0,0.0,0.0,0.0,0.0,0.0,0.0,0.0,0.0,0.0,0.0,0.0,0.0,0.0,0.0,0.0,0.0,0.0,0.0,0.0,0.0,0.0,0.0,0.0,0.0,30403.621,0.0,0.0
TPSAB1,0.0,0.0,0.0,0.0,0.0,0.0,0.0,0.0,0.0,0.0,0.0,0.0,0.0,0.0,0.0,0.0,0.0,0.0,0.0,0.0,0.0,0.0,0.0,0.0,0.0,0.0,0.0,30095.795,0.0,0.0
JPT2,11.662768,0.0,22.88261,6.5838695,184.41046,22.04475,0.0,36.315685,0.0,24.800436,0.0,0.0,137.24408,0.0,16.478146,0.0,24.084461,0.0,33.094215,89.24781,0.0,0.0,105.33819,9.207408,0.0,0.0,0.0,0.0,0.0,0.0
MRPS34,323.56644,183.341,96.1738,316.4093,987.9994,608.0788,73.8056,537.70746,0.0,188.85486,237.21877,597.4082,660.7433,548.44415,434.27463,0.0,277.90503,186.76546,111.78112,432.28436,393.3033,320.22354,620.126,186.53577,0.0,153.60284,99.832565,396.55972,716.0922,496.5875
HAGH,364.13107,0.0,106.73609,274.6387,594.0357,136.95505,15.268975,139.67627,0.0,62.721252,226.58566,0.0,0.0,0.0,0.0,894.7574,233.11365,187.25204,81.41194,68.79305,0.0,0.0,153.35745,91.936775,0.0,46.268845,217.94197,240.2576,335.33673,55.671658
RPL3L,0.0,0.0,0.0,0.0,0.0,1.9859834,0.62438387,0.0,0.0,0.0,0.0,0.0,0.0,0.0,0.0,42.608414,0.0,0.30847406,0.0,0.0,0.0,0.0,3.303839,0.0,0.0,0.0,0.0,0.0,0.0,0.0
RPS2,81139.05,0.0,48724.25,290.45712,52427.543,75887.664,32762.602,29848.822,13099.366,90782.81,10648.6045,63963.535,0.0,36851.38,40181.3,5303.7163,30527.125,57733.297,16049.844,43997.91,82044.92,44089.176,0.0,4310.662,95387.91,26507.082,38889.22,41520.39,40029.168,0.0
NPW,0.0,0.0,0.0,0.0,0.0,320.51297,0.0,0.0,0.0,295.80347,0.0,0.0,10.823861,877.96216,0.0,0.0,0.0,0.0,0.0,0.0,0.0,0.0,0.0,0.0,0.0,0.0,0.0,0.0,0.0,0.0
CCNF,0.0,0.0,4.279069,7.7779007,0.0,0.0,0.0,0.34464392,0.0,0.0,0.0,0.0,19.383146,0.0,0.0,0.0,3.5934231,4.2966475,13.4597845,4.167444,3.7865858,0.0,525.1085,0.0,25.568947,0.0,0.0,0.0,6.7863255,0.0
TEDC2,0.0,0.0,0.0,0.0,14.375904,18.876648,0.0,22.391876,0.0,0.0,0.0,0.0,354.24905,0.0,0.0,0.0,0.0,0.0,0.0,0.0,0.0,0.0,23.67233,0.0,0.0,0.0,0.0,0.0,40.92185,0.0
PRSS27,0.0,0.0,0.0,0.0,0.0,0.0,0.0,0.0,0.0,31.017145,0.0,0.0,0.0,0.0,0.0,0.0,44.95195,297.4033,0.0,0.0,0.0,1.0194906,0.0,0.0,0.0,0.0,0.0,0.0,0.0,0.4400329
PRSS21,4.118704,0.0,0.0,6.130682,0.0,84.37294,0.0,0.0,0.0,103.12587,0.0,0.0,77.72304,132.7327,8.290962,4.29516,0.0,0.0,0.0,10.472261,0.0,34.693535,54.40969,0.0,0.0,14.033629,0.0,0.0,37.888546,0.0
PKMYT1,0.0,0.0,0.0,0.0,0.0,0.0,0.0,21.244907,0.0,0.0,0.0,45.339245,492.5264,10.96099,0.0,0.0,0.0,0.0,1.917818,0.0,0.0,0.0,125.96032,0.0,0.0,0.0,0.0,0.0,0.0,0.0
TNFRSF12A,0.0,0.0,0.0,0.0,0.0,0.0,0.0,0.0,0.0,0.0,2.7537944,0.0,0.0,0.0,0.0,0.0,0.0,0.0,0.0,0.0,0.0,0.0,0.0,0.0,129.51576,83.61257,2179.0771,0.0,0.0,74.36796
IL32,14222.096,0.0,0.0,11422.408,0.0,0.0,0.0,0.0,0.0,0.0,0.0,0.0,0.0,0.0,0.0,0.0,0.0,0.0,0.0,0.0,0.0,0.0,0.0,246.41391,0.0,651.9819,922.52527,0.0,5404.5938,0.0
AC108134.2,49.9383,0.2208526,1.1971484,0.0,0.0,0.0,0.0,0.0,12.285276,90.362755,0.0,0.0,4.640563,14.112271,0.0,0.0,12.799392,0.0,36.599365,0.0,0.0,0.0,0.0,41.07032,8.558596,51.779213,14.918886,33.74454,0.0,52.75999
TRAP1,79.730865,0.0,3.202251,0.0,543.57764,230.03285,0.0,19.868715,0.0,97.35023,0.0,261.20428,324.414,37.81552,124.03793,0.0,0.0,0.0,0.0,14.082309,137.64151,0.0,224.27179,0.0,0.0,0.0,121.62127,0.0,286.5557,0.0
VASN,0.0,0.0,0.0,0.0,0.0,0.0,0.0,0.0,0.0,0.0,0.0,0.0,0.0,0.0,0.0,0.0,7.129507,0.0,250.33267,0.0,0.0,0.0,0.0,0.0,250.63454,33.05708,538.34686,0.0,0.0,0.0
CDIP1,105.23739,0.0,68.61473,163.41444,0.0,327.87576,0.0,0.0,0.0,120.04404,147.74425,0.0,89.002045,0.0,0.0,0.0,77.33567,934.78375,0.0,64.01578,0.0,0.0,0.0,11.966525,0.0,155.25012,0.0,0.0,8.879247,0.0
ROGDI,26.28137,273.21362,0.0,0.0,274.51636,17.983868,171.63417,30.518213,93.442894,0.0,154.00496,181.36203,192.55246,236.83084,151.6498,204.35329,140.9945,180.19023,207.42595,22.877192,0.0,23.519556,0.0,9.532,36.07455,0.0,0.0,0.0,98.85124,0.0
CARHSP1,296.88565,71.234314,104.30075,545.02386,0.0,0.0,139.97542,1631.6471,121.29646,61.6488,157.15816,238.53639,2904.1694,8.062643,209.93066,263.17145,700.1137,0.0,806.5176,0.0,324.9801,33.709698,438.9768,234.7843,217.85196,32.7042,74.84646,333.8068,615.80194,0.0
EMP2,0.0,0.0,11.919609,0.0,0.0,0.0,0.0,169.23352,0.0,0.0,0.0,0.0,0.0,0.0,22.295187,0.0,0.0,0.0,77.014534,0.0,0.0,0.0,0.0,41.364647,0.0,1009.6886,1040.3042,0.0,763.6208,0.0
RMI2,0.0,0.0,0.0,0.0,0.0,0.0,0.0,73.92154,0.0,33.327152,0.0,0.0,902.49097,38.081028,0.0,14.062521,0.0,0.0,33.958454,49.958393,0.0,0.0,57.19385,17.230757,0.0,0.0,0.0,68.787285,0.0,127.64191
GSPT1,327.1963,0.0,0.0,137.85353,677.55725,666.9285,0.0,118.30396,165.79214,118.94086,12.458875,60.92204,0.0,146.1709,443.8694,0.0,12.965302,621.2197,55.99821,382.64868,134.26927,519.96045,658.0563,0.0,1595.5277,291.95102,0.0,0.0,0.0,293.29208
TNFRSF17,0.0,0.0,2.5644982,0.0,0.0,0.0,0.0,100.93221,0.0,0.0,0.0,0.0,0.0,0.0,0.0,0.0,47.118046,0.0,16.679205,0.0,0.0,1124.2161,0.0,0.0,0.0,0.0,0.0,0.0,0.0,0.0
ARL6IP1,715.5153,121.16899,429.31406,1070.5771,303.1031,482.2176,292.9399,392.47684,508.69803,642.15125,149.75473,0.0,0.0,364.6834,347.37015,10.030185,917.46857,133.7917,624.49725,283.79358,1153.4552,730.42865,8485.158,230.4679,829.28174,137.57785,482.83997,867.44977,323.92776,1717.7601
ITPRIPL2,0.0,23.51492,0.0,0.012565446,0.0,0.0,0.0,0.0,13.819642,15.868064,14.017582,0.0,0.0,55.852615,0.0,0.0,0.0,0.0,18.406195,0.0,371.9773,0.0,0.0,0.0,101.17087,102.98265,13.9310465,0.0,47.727966,227.77338
CCP110,25.188143,0.0,15.902867,54.649868,0.0,0.0,0.0,256.03006,31.389978,73.94798,28.197474,380.9546,246.94283,92.35673,10.474262,204.45299,7.256882,0.0,86.34155,37.708424,16.838783,66.04903,10.6120825,0.0,0.0,48.601658,28.77263,168.01993,26.646711,0.0
NDUFAB1,394.16614,125.7414,33.214268,440.73062,910.2967,733.6952,451.36374,522.986,27.628508,500.13412,335.6905,779.99805,759.9553,686.25635,507.12778,9.569859,484.21646,280.13312,386.68808,376.4242,335.67578,567.04034,554.0189,0.0,0.0,92.93558,287.21515,748.68555,265.5653,0.0
PLK1,0.0,0.0,0.0,0.0,31.63423,0.0,0.0,3.9703922,0.0,0.0,0.0,0.0,0.0,0.0,0.0,0.0,0.0,0.0,0.0,0.0,0.0,0.0,1569.6512,0.0,0.0,0.0,0.0,0.0,32.68246,0.0
LINC02195,6.87378,0.0,0.0,0.6069971,0.0,0.0,0.0,0.0,0.0,0.0,0.0,2.2681506,0.0,0.0,0.0,11.254565,0.0,0.0,0.0,0.0,0.0,0.0,0.0,0.0,0.0,0.0,0.0,49.46371,95.88288,0.0
LAT,2133.7917,0.0,0.0,607.0824,0.0,0.0,0.0,0.0,0.0,0.0,0.0,0.0,0.0,0.0,0.0,0.0,0.0,3745.2446,0.0,1827.0349,0.0,0.0,0.0,1235.506,0.0,200.32756,1019.27374,0.0,199.57407,0.0
SPN,170.46162,51.72493,0.0,913.2826,321.59583,820.45624,0.0,0.0,0.0,730.95294,983.9645,191.21677,73.05061,722.4574,386.2251,32.66589,532.4779,0.0,227.93114,908.19727,479.35678,0.0,468.785,218.22884,0.0,0.0,0.0,1028.3615,143.45525,0.0
KIF22,86.93953,143.51985,0.0,113.476555,0.0,36.63088,153.2541,50.79849,103.127266,11.534435,156.7243,487.3284,877.52515,489.69873,248.29253,0.0,38.788166,75.396194,0.0,155.56993,325.36896,0.0,2055.2712,48.978622,387.77692,339.69354,0.0,414.3957,0.0,0.0
DCTPP1,28.869799,0.0,81.40285,82.87792,192.1829,549.7478,127.94128,303.13092,0.0,381.06995,33.724125,0.0,737.7628,199.08609,53.495453,0.0,66.37195,0.0,78.60336,369.1524,27.52254,39.091434,59.640045,128.15787,0.0,0.0,241.10788,94.57644,279.6762,0.0
HSD3B7,0.0,0.70768803,0.0,0.0,74.90907,52.065174,0.0,0.0,0.0,0.0,0.0,43.80079,31.763096,0.0,0.0,10.749396,0.0,0.0,0.0,0.0,0.0,0.0,44.39791,0.0,0.0,11.540853,0.0,0.0,0.0,0.0
TGFB1I1,0.0,0.0,0.0,0.0,0.0,0.0,0.0,0.0,0.0,0.0,0.0,0.0,0.0,0.0,0.0,0.0,0.0,240.31879,0.0,103.62738,0.0,0.0,1.2677252,166.75148,0.0,87.61905,4.851589,0.0,0.0,0.0
AHSP,0.0,0.0,0.0,0.0,10473.539,0.0,0.0,0.0,0.0,0.0,0.0,753.8497,3507.9033,0.0,0.0,22276.475,0.0,0.0,0.0,0.0,0.0,0.0,6067.8,0.0,0.0,0.0,0.0,0.0,0.0,0.0
SHCBP1,0.0,1.3951163,0.0,0.0,0.0,0.0,0.0,41.306248,0.0,0.0,2.0884562,54.74609,327.4167,52.314182,0.0,24.352755,14.446987,0.0,0.0,0.0,0.0,0.0,400.5969,0.0,0.0,0.0,0.0,0.0,0.0,0.0
ORC6,0.0,0.0,0.0,0.0,2.7042108,20.45887,0.0,128.93593,0.0,0.0,0.0,300.0645,761.6912,0.0,65.757545,0.0,18.795515,0.0,0.0,56.83927,0.0,0.0,516.02655,0.0,0.0,0.0,194.96982,80.3284,0.0,187.02083
CES1,0.0,739.3716,0.0,219.35556,0.0,0.0,338.11984,0.0,0.0,0.0,0.0,34.098118,185.33931,195.78981,0.0,0.0,0.0,30.157526,0.0,0.0,0.0,123.85151,181.63203,1.1483662,0.0,305.70068,67.08222,48.643074,0.0,0.0
MT2A,2171.4612,311.74335,0.0,3230.0938,0.0,0.0,0.0,0.0,627.00775,0.0,3554.9656,2701.607,1587.7384,145.52902,1851.3208,0.0,0.0,0.0,0.0,0.0,0.0,0.0,162.66956,0.0,13361.52,325.33005,2822.1282,0.0,0.0,645.5403
MT1E,134.7341,0.0,0.0,193.19353,0.0,0.0,0.0,0.0,0.0,0.0,0.0,0.0,221.91722,0.0,502.84634,0.0,0.0,0.0,0.0,0.0,0.0,19.957846,5.562917,0.0,47.453922,593.62036,96.94546,0.0,172.0173,0.0
MT1G,0.0,0.0,0.0,0.0,0.0,10.464812,0.0,0.0,0.0,0.0,0.0,44.843006,0.0,4.612002,24.143887,0.0,0.0,0.0,0.0,0.0,0.0,0.0,0.0,0.0,140.0455,0.0,3.2326918,0.0,0.0,0.0
HERPUD1,415.50845,271.6965,2432.784,813.32086,0.0,0.0,1602.8855,533.36035,917.3561,0.0,739.57166,329.66464,0.0,0.0,2019.8815,150.6254,5120.5024,234.42113,0.0,0.0,308.31174,10583.997,447.35956,0.0,2335.9634,372.46902,817.9891,907.1653,835.08093,437.0117
CETP,0.0,6.8667417,0.0,0.0,0.0,0.0,0.0,21.90642,0.0,0.0,5.1234426,0.0,0.0,13.776183,0.0,0.0,17.205212,89.87313,56.86371,0.0,0.0,0.0,0.0,19.577183,0.0,0.0,0.0,0.0,0.0,425.2291
COQ9,53.33278,0.0,11.07796,63.609135,238.04283,123.09226,0.0,119.59993,0.0,86.26351,37.423264,0.0,51.7258,33.77752,85.72919,0.0,4.141504,86.41731,95.10881,78.299065,127.126465,0.0,42.2631,0.0,0.0,0.0,8.574571,135.71468,150.92134,63.883152
KIFC3,0.0,0.0,0.0,95.75437,0.0,0.0,0.0,0.0,0.0,0.0,0.26058215,0.0,0.0,0.0,0.0,0.0,0.0,455.97736,0.0,20.439949,0.0,0.0,0.0,321.63574,0.0,0.0,0.0,0.0,0.0,6.302515
CDH11,0.0,0.0,0.0,0.0,0.0,0.0,0.0,0.0,0.0,0.0,0.0,0.0,0.0,0.0,0.0,0.0,0.0,0.0,0.0,0.0,0.0,0.0,0.0,0.0,95.356575,711.0864,62.10126,0.0,208.68396,0.0
E2F4,140.71312,0.0,123.10079,175.56006,617.2189,43.44683,91.66067,113.829216,25.815214,104.29333,59.31365,482.59583,0.0,0.0,247.31953,472.84756,35.144505,382.1559,59.25499,162.78943,0.0,149.53218,213.79431,22.386461,0.0,77.590385,0.0,0.0,0.0,0.0
FHOD1,0.0,32.276924,0.0,31.55354,0.0,31.772139,20.757126,36.83048,28.231768,39.98987,35.39485,83.185074,0.0,5.096065,58.79735,0.0,1.4015172,376.96875,0.0,214.5368,0.0,14.387172,6.6956344,48.45572,86.073814,34.928173,0.0,138.87042,96.12309,0.0
DPEP3,2.9255488,0.0,5.221212,0.0,0.0,0.0,0.0,0.0,8.993545,28.679857,9.797097,42.012615,6.590221,0.6212488,0.0,0.0,0.0,0.0,0.0,0.0,0.0,0.0,0.0,9.423032,0.0,5.705307,0.0,0.0,26.810581,1.4113146
SMPD3,0.0,0.0,0.0,0.0,0.0,0.0,0.0,0.0,0.0,0.0,0.0,0.0,0.0,0.0,0.0,0.0,1614.2872,0.0,0.0,0.0,0.0,0.0,0.0,0.0,0.0,0.0,0.0,0.0,0.0,0.0
CDH1,0.0,0.0,0.0,0.0,22.158255,46.53003,0.0,0.0,0.0,0.0,0.0,64.38912,13.98528,0.0,0.0,9.599794,13.632649,0.0,0.0,0.0,0.0,0.0,25.330252,0.0,0.0,0.0,0.0,0.0,0.0,0.0
HP,0.0,188.9244,0.0,0.0,0.0,0.0,0.0,0.0,0.0,0.0,0.0,0.0,0.0,0.0,0.0,0.0,0.0,0.0,0.0,0.0,0.0,0.0,0.0,0.0,117.69922,1153.8771,66.94737,0.0,0.0,0.0
NPIPB15,1.2973096,0.0,21.800343,23.747492,9.290193,0.0,0.0,0.0,8.916753,0.0,2.1900551,10.329668,0.0,0.0,50.0596,0.0,0.0,0.0,0.0,31.656927,164.9879,488.3838,0.0,17.647284,0.0,7.6826534,49.098385,0.0,0.0,0.0
BCAR1,0.0,0.0,0.0,0.0,0.0,0.0,0.0,0.0,0.0,0.0,0.0,0.0,0.0,0.0,0.0,0.0,0.0,0.0,0.0,0.0,0.0,0.0,0.0,0.0,351.5088,19.265066,0.0,0.0,0.0,0.0
CENPN,0.0,0.0,0.0,15.470407,0.0,0.0,6.3063912,129.06926,29.236032,59.68822,16.703224,292.63226,785.8982,87.64266,10.0147705,0.0,22.452368,0.0,38.53947,57.110016,0.0,0.0,1289.5675,0.0,0.0,40.477783,37.962994,0.0,0.0,0.0
GCSH,11.994409,0.0,0.0,61.32344,315.18542,740.66656,0.0,104.68998,0.0,370.83612,0.0,112.71023,563.77026,329.8835,74.195625,0.0,165.69585,34.286224,64.115105,112.257454,86.58819,0.0,0.0,303.60892,0.0,205.62056,36.439915,66.95441,83.680756,86.5466
CMIP,2.4217606,230.10478,85.31664,218.67775,0.0,132.71324,78.76387,267.12424,263.4843,53.087788,85.715256,697.45544,0.0,84.88704,309.62054,0.0,31.430405,884.79224,204.90552,0.0,0.0,152.20401,6.406445,674.53735,0.0,0.0,0.0,0.0,2.558652,44.56063
PLCG2,44.995422,0.0,340.57837,108.38114,0.0,0.0,0.0,235.78192,0.0,23.14989,87.28089,0.0,0.0,77.52297,3849.6218,0.0,82.40703,256.99014,74.955956,211.8873,89.04964,25.591267,0.0,40.87499,0.0,0.0,0.0,328.3453,1080.0516,0.0
WFDC1,0.0,0.0,0.0,0.0,0.0,0.0,0.0,0.0,0.0,0.0,0.0,0.0,0.0,17.222738,0.0,0.0,0.0,46.923977,0.0,153.95854,0.0,0.0,0.0,0.0,0.0,0.0,0.0,0.0,0.0,0.82810396
COTL1,1892.8915,2653.7725,850.1501,0.0,0.0,0.0,7103.9624,0.0,5567.5947,0.0,13596.808,0.0,1597.5896,280.41498,234.67307,0.0,0.0,1690.8556,0.0,605.4046,165.09393,1328.2312,423.68683,876.13947,0.0,142.14769,529.0623,621.58057,636.69525,979.6006
GINS2,0.0,0.0,0.0,0.0,129.88202,66.206505,0.0,180.5953,0.0,19.097095,0.0,0.0,1410.2932,31.964422,0.0,83.23969,0.0,0.0,24.071615,0.0,0.0,0.0,0.0,0.0,0.0,0.0,0.0,0.0,0.0,0.0
IRF8,0.0,0.0,1535.8457,47.39206,0.0,0.0,1159.7633,0.0,54.00514,61.880466,39.78529,0.0,276.82172,161.9521,125.03048,0.0,6852.488,0.0,0.0,0.0,0.0,0.0,175.32211,0.0,0.0,0.0,954.8497,0.0,0.0,0.0
JPH3,0.0,0.0,0.0,3.0317116,0.0,0.0,0.0,0.0,0.0,0.0,0.0,0.0,0.0,2.5373623,0.0,0.0,0.0,0.0,25.527231,0.0,0.0,0.0,0.0,15.493836,0.0,0.0,0.0,0.0,0.0,0.0
SLC7A5,53.115143,30.291317,0.0,77.60854,0.0,0.0,0.0,261.54358,281.88275,0.0,0.0,168.10313,0.0,49.109688,0.0,0.0,727.6519,0.0,0.0,0.0,0.0,170.21999,68.73535,0.0,229.10326,0.0,220.41061,42.986465,229.34386,0.0
LINC02182,0.0,0.0,0.0,0.0,0.0,0.0,14.333411,0.0,0.0,0.0,0.84152865,0.0,0.0,0.0,0.0,0.0,0.0,0.12616651,0.0,0.0,0.0,0.0,0.0,0.0,0.0,15.628141,0.0,0.0,0.0,0.0
SNAI3-AS1,12.368986,18.03487,0.0,4.0167017,0.0,1.8555716,14.662982,22.989317,0.0,69.183716,0.0,0.0,9.9797,0.5060003,84.618286,5.6352015,14.861012,5.679357,0.0,0.0,14.581004,0.0,10.456078,5.724122,8.212206,0.0,0.0,0.0,0.0,38.890514
CDT1,0.0,0.0,0.0,0.0,187.28557,50.77808,0.0,98.55531,0.0,83.47072,0.0,51.767048,1100.0239,114.40928,0.0,139.77441,0.0,0.0,30.323593,0.0,0.0,0.0,725.1301,0.0,0.0,0.0,0.0,0.0,0.0,0.0
CBFA2T3,0.0,0.5672596,71.0408,0.0,0.0,253.9456,43.502003,106.17227,0.0,105.00739,17.727947,0.0,0.0,8.454605,0.0,0.0,476.83557,0.0,209.77594,46.26347,0.0,0.0,16.314547,10.256961,0.0,0.0,0.0,2.4298348,0.0,0.0
YWHAE,31.561646,422.19656,0.0,71.000046,1063.2728,1104.0635,921.15027,786.8917,128.95024,1697.6945,431.20035,847.6285,2203.761,914.8654,609.199,273.40225,591.2908,236.89363,949.9152,785.78546,41.434944,743.6566,1810.6206,738.7281,1303.1771,480.89456,289.44772,709.7227,878.0594,159.97302
RILP,0.0,96.20577,0.0,0.0,129.97548,187.00676,12.362663,0.0,40.29502,69.714134,66.847824,314.50784,3.1624572,0.0,14.038293,188.56898,133.63539,10.137065,0.0,30.969233,0.0,0.0,10.145043,221.80286,0.0,51.278763,3.1091902,48.591763,37.80695,14.458341
SERPINF1,0.0,0.0,0.0,0.0,0.0,0.0,0.0,28.868233,0.0,0.0,0.0,0.0,0.0,0.0,0.0,0.0,4236.8667,0.0,51.533894,0.0,0.0,0.0,0.0,0.0,0.0,1501.1726,0.0,0.0,398.72983,0.0
P2RX5,0.0,0.0,2337.1523,12.157891,0.0,485.6418,0.0,0.0,0.0,0.0,0.0,0.0,0.0,0.0,0.0,0.0,0.0,0.0,585.61414,0.0,0.0,0.0,0.0,0.0,0.0,0.0,61.5491,0.0,18.092388,0.0
P2RX1,0.0,49.285244,32.57454,0.0,0.0,108.282974,0.0,59.901115,55.287933,119.16219,254.74171,0.0,0.0,129.25633,0.0,0.0,264.17416,193.12997,399.15985,93.81389,0.0,73.09691,0.0,168.1032,0.0,0.0,18.376648,419.12872,0.0,0.0
ATP2A3,82.61272,10.874674,244.3416,99.660515,0.0,0.0,0.0,788.40076,0.0,18.892683,0.0,0.0,0.0,243.95164,140.05728,0.0,307.58,429.3868,300.0389,926.82715,58.987423,0.0,0.0,153.2476,0.0,69.05464,3.4850957,366.4858,491.96423,0.0
CXCL16,0.0,0.0,0.0,0.0,0.0,0.0,304.25143,0.0,1139.653,0.0,1484.8745,0.0,0.0,0.0,15.319932,0.0,0.0,0.0,0.0,0.0,0.0,0.0,0.0,174.14153,0.0,260.52908,23.04932,0.0,0.0,270.47467
VMO1,0.0,0.0,0.0,0.0,0.0,0.0,0.0,0.0,0.0,0.0,1215.1067,0.0,0.0,0.0,0.0,0.0,0.0,0.0,0.0,0.0,0.0,0.0,0.0,0.0,0.0,0.0,0.0,0.0,0.0,0.0
GP1BA,0.0,0.0,0.0,0.0,1.6153455,0.0,0.0,0.0,0.0,0.0,0.0,0.0,1.7436521,0.0,0.0,13.815899,16.488728,899.47205,0.0,151.18471,0.0,1.2648823,0.0,292.74048,0.0,195.29768,0.0,0.0,0.0,0.0
PFN1,10183.614,5108.1914,3374.6138,18920.701,236.27774,5818.227,11252.852,5418.1543,0.0,2623.1497,12740.549,0.0,10711.197,5300.38,1178.9762,0.0,8453.822,8316.989,2319.542,12022.5625,1978.1473,1128.9152,6291.129,3004.8594,0.0,3177.5483,2306.1013,3369.2231,6013.489,3224.792
C1QBP,919.41595,0.0,255.60347,97.505775,1458.5647,2313.821,519.1622,873.8676,0.0,1345.851,70.60747,902.5094,1675.0657,969.57355,692.1921,0.0,777.95465,429.40683,549.3725,581.0186,140.59338,453.1401,295.97458,168.40247,807.8335,73.41121,703.7203,742.0511,134.81416,0.0
PIMREG,0.0,0.0,0.0,0.0,0.0,0.0,0.0,67.624176,0.0,0.0,0.0,0.0,0.0,0.0,0.0,0.0,0.0,0.0,0.0,31.712822,0.0,0.0,365.3898,0.0,0.0,0.0,0.0,0.0,0.0,0.0
ALOX12,0.0,0.0,0.0,0.0,0.0,0.0,0.0,0.0,0.0,0.0,0.0,0.0,0.0,0.0,0.0,0.0,0.0,121.22111,0.0,82.29464,0.0,0.0,0.0,433.3948,0.0,0.0,0.0,0.0,0.0,0.0
CLEC10A,0.0,0.0,0.0,0.0,0.0,0.0,1586.9867,0.0,0.0,0.0,0.0,0.0,0.0,0.0,0.0,0.0,0.0,0.0,0.0,0.0,0.0,0.0,0.0,0.0,0.0,0.0,0.0,0.0,0.0,112.62124
SLC2A4,0.0,0.0,0.0,0.0,14.605577,4.327468,0.0,0.0,0.0,0.0,0.0,10.740162,0.08480874,0.0,0.0,4.2996783,0.0,0.0,0.0,0.0,0.0,0.0,13.058278,0.0,0.0,0.0,0.0,0.0,0.0,0.0
EIF5A,1650.1814,257.04865,1311.1809,1619.4023,3350.024,3410.3591,1142.9958,1319.3583,798.8594,1356.2012,1027.8618,1666.15,1601.3091,1662.5822,441.2434,600.15173,1636.5342,1476.9469,771.99255,2324.7634,924.1311,2754.4307,1279.7238,869.45105,2666.7097,1767.9786,1708.9791,1533.3755,2001.3397,291.38605
CD68,0.0,842.67847,0.0,0.0,0.0,0.0,6.949356,0.0,1071.9404,0.0,2701.9543,0.0,0.0,0.0,0.0,0.0,1742.4269,0.0,0.0,0.0,1511.5432,0.0,0.0,278.33847,0.0,0.0,0.0,0.0,0.0,2145.8352
MPDU1,71.65584,22.869465,52.396133,79.101395,296.83972,179.80283,74.763885,19.05898,40.886253,55.568233,128.61652,273.06335,305.0484,79.48006,110.31797,189.91428,110.27993,7.47922,92.611115,151.73459,0.0,30.565092,520.70557,0.0,61.048103,90.40045,24.943672,53.56976,102.02159,123.87257
NAA38,328.7345,701.1533,213.47346,620.6384,0.0,2448.07,939.4416,540.42615,0.0,695.6099,702.0124,0.0,1661.579,2558.4797,651.11096,0.0,387.17862,1243.44,349.6832,3418.8093,76.748665,195.06366,2099.3948,546.29584,0.0,951.45825,600.6468,1642.205,556.40344,445.2872
GUCY2D,0.0,3.8401704,0.0,0.0,0.0,0.0,5.0598373,0.0,0.0,0.0,0.0,0.0,0.0,7.7502704,3.5303013,0.0,53.7468,0.0,0.0,0.0,0.0,0.0,0.7781359,0.0,0.0,0.0,0.0,0.0,0.0,0.0
TMEM107,0.0,876.05756,0.0,84.79165,0.0,0.0,0.0,0.0,0.0,0.0,0.0,0.0,0.0,202.56175,14934.6045,0.0,812.2244,0.0,219.89412,0.0,0.0,0.0,0.0,0.0,0.0,0.0,0.0,0.0,0.0,0.0
AURKB,0.0,0.0,0.0,0.0,0.0,0.0,0.0,220.7289,0.0,0.0,0.0,0.0,490.51758,0.0,0.0,0.0,0.0,0.0,0.0,0.0,0.0,0.0,2269.9668,0.0,0.0,0.0,0.0,17.73898,0.0,0.0
RNF222,11.00811,0.0,0.0,0.0,0.0,0.0,0.0,5.1241536,0.0,0.0,14.222948,13.436204,0.0,0.0,0.23777618,0.0,0.0,0.0,0.0,0.0,12.514383,0.0,0.0,0.0,0.0,0.0,0.0,47.953716,0.0,0.0
MYH10,0.0,0.0,0.0,0.0,146.08563,67.70929,0.0,8.387974,0.0,22.870825,0.0,183.49895,41.285477,0.0,41.05353,125.672516,0.0,0.0,0.0,0.0,0.0,0.0,9.727343,32.14931,115.192184,30.630066,0.0,10.081969,0.0,0.0
CCDC42,0.0,0.0,0.0,0.0,0.0,30.290771,0.0,0.0,0.0,175.86838,0.0,0.0,0.0,4.574848,0.0,0.0,0.0,0.0,0.0,0.0,0.0,0.0,0.0,0.0,0.0,0.0,0.0,0.0,0.0,0.0
PMP22,0.0,0.0,0.0,0.0,33.69564,87.720055,9.312667,0.0,2.7294235,0.0,0.3112154,66.95937,34.16595,0.0,0.0,0.0,70.998985,0.0,0.0,0.0,0.0,0.0,51.113937,0.0,90.41379,461.2336,354.24527,0.0,0.0,168.81721
CENPV,105.31543,0.0,0.13960056,7.6462016,145.36783,747.2468,0.0,44.720142,0.0,90.57538,0.0,456.07648,130.94847,0.0,85.639,0.0,67.13431,366.67163,0.0,450.86526,218.71234,129.86061,0.0,0.0,404.9476,45.69316,27.224798,120.56889,29.67276,50.90094
UBB,4610.7427,0.0,4603.8135,9546.135,2768.6345,5088.7983,1904.7566,10247.486,839.3138,5616.1357,1319.1613,3189.8699,2590.617,947.982,5625.289,2115.608,5601.4062,2661.4302,8254.027,5254.877,2469.175,2265.1194,12296.306,2895.999,7400.739,2564.0225,5675.1665,4755.416,3015.1404,3096.4897
TNFRSF13B,0.0,0.0,342.59586,0.0,0.0,0.0,0.0,0.0,0.0,0.0,0.0,0.0,0.0,0.0,0.0,0.0,0.0,0.0,0.0,0.0,0.0,1440.3102,0.0,0.0,0.0,0.0,0.0,0.0,0.0,0.0
COPS3,115.19498,13.869749,25.30555,167.91916,398.48343,410.10095,231.73225,351.56284,234.63313,176.43866,90.884224,552.6359,979.1071,110.509346,204.14275,472.91214,52.75934,128.80846,275.02844,298.4022,0.0,126.20456,288.6027,125.64606,279.87717,267.229,660.9759,361.35748,246.50671,65.4607
RASD1,0.0,0.0,0.0,0.0,0.0,0.0,0.0,52.15919,0.0,0.0,0.0,0.0,0.0,0.0,0.0,0.0,849.97485,0.0,179.10954,0.0,0.0,0.0,0.0,0.0,2571.7393,876.99835,82.43052,0.0,46.25582,0.0
AC007952.4,0.0,2521.8809,100.88976,353.74872,0.0,0.0,0.0,534.7838,254.23427,298.79227,0.0,145.00797,0.0,732.5323,19041.357,0.0,2363.7778,0.0,1051.0294,0.0,0.0,0.0,0.0,12.179002,0.0,0.0,53.898808,320.4266,53.257744,507.1055
MAP2K3,62.598503,132.28421,240.33237,576.64136,39.396126,0.0,254.80983,816.52747,477.75278,0.26411116,634.62354,788.3453,0.0,53.098354,235.83707,1281.3071,996.0536,86.49475,416.7742,295.693,252.89163,183.55908,11.505273,372.39075,20.809027,222.09471,426.1936,160.74863,128.41446,0.0
TMEM97,2.8213198,0.0,0.0,6.2185388,151.69516,151.44283,35.895016,38.04068,0.0,112.14884,0.0,0.0,453.21118,39.876225,24.101774,0.0,28.645792,0.0,0.0,50.339336,0.0,0.0,38.43316,133.73116,0.0,0.0,0.0,79.196144,44.98203,0.0
AC024267.1,0.0,0.0,0.0,0.0,5.3865175,0.0,0.0,0.0,0.0,0.0,0.0,0.0,0.4634441,0.0,0.0,67.49348,0.0,0.0,0.0,0.0,0.0,0.0,0.0,0.0,0.0,0.0,0.0,0.0,0.0,0.0
DHRS13,49.184982,0.0,10.484252,58.436848,0.0,89.0847,0.0,0.0,0.0,43.517315,0.0,0.0,0.0,0.0,83.341324,800.05365,6.818478,0.0,0.0,0.0,0.0,0.0,57.70343,0.0,0.0,0.0,269.8596,1.0680096,62.781136,0.0
ATAD5,4.4801917,0.0,0.0,26.242773,99.812355,17.024729,13.169387,81.2667,0.53398585,99.237816,0.0,199.17693,666.31354,64.432434,121.93428,71.41691,20.554317,40.095665,20.819077,0.0,172.94537,113.42119,193.07343,0.0,19.686554,122.6055,45.322514,124.52701,0.0,0.0
CCL2,0.0,0.0,0.0,0.0,0.0,0.0,0.0,0.0,0.0,0.0,0.0,0.0,0.0,0.0,0.0,0.0,0.0,0.0,0.0,0.0,0.0,0.0,0.0,0.0,5519.6284,2161.3591,2761.3103,1056.9813,0.0,1004.9563
CCL7,0.0,0.0,0.0,0.0,0.0,0.0,0.0,0.0,145.9316,0.0,0.0,0.0,0.0,0.0,0.0,0.0,0.0,0.0,0.0,0.0,0.0,0.0,0.0,0.0,2.9577315,34.84386,0.0,0.0,0.0,0.0
CCL8,0.0,0.0,0.0,0.0,0.0,0.0,0.0,0.0,5.442917,0.0,0.0,0.0,0.0,0.0,0.0,0.0,0.046892695,0.0,0.0,0.0,0.0,0.0,0.0,0.0,115.889824,0.0,36.647285,0.0,0.0,718.83044
CCL5,6273.447,0.0,0.0,44194.668,0.0,0.0,0.0,0.0,958.7002,0.0,0.0,0.0,0.0,0.0,0.0,0.0,0.0,0.0,0.0,0.0,0.0,955.3186,2232.2305,9247.499,0.0,0.0,4454.7876,0.0,3996.2605,3791.2683
CCL18,0.0,0.0,0.0,0.0,0.0,0.0,0.0,0.0,0.0,0.0,0.0,0.0,0.0,0.0,0.0,0.0,0.0,0.0,0.0,0.0,0.0,0.0,0.0,0.0,0.0,0.0,0.0,0.0,0.0,4245.1187
AC243829.4,11.391989,0.0,0.0,124.4865,0.0,0.0,0.0,0.0,20.50553,0.0,0.0,0.0,0.0,0.0,38.51115,0.0,0.0,0.0,0.0,0.0,0.0,140.12418,26.836517,0.0,0.0,40.03478,0.0,0.0,0.0,248.69252
CCL3,0.0,190.28673,0.0,3665.5225,0.0,0.0,0.0,0.0,4037.26,0.0,0.0,0.0,0.0,0.0,2252.7393,0.0,0.0,0.0,0.0,0.0,0.0,0.0,245.29095,0.0,731.74304,708.4219,0.0,0.0,665.87335,3212.188
CCL4,518.68915,0.0,0.0,12185.653,0.0,0.0,0.0,0.0,3050.6875,0.0,0.0,0.0,0.0,0.0,2046.8528,0.0,0.0,0.0,0.0,0.0,0.0,0.0,0.0,0.0,1833.8787,1483.3392,645.8324,0.0,1669.1268,4335.302
CCL3L1,26.640997,57.440918,0.0,447.83838,0.0,0.0,0.0,0.0,1562.0625,0.0,45.152954,12.337714,0.0,0.0,279.69333,0.0,0.0,0.0,0.0,0.0,0.0,69.177986,6.9290648,156.74475,0.0,0.0,0.0,0.0,0.0,487.9886
CCL4L2,59.167168,0.0,0.0,2370.6736,0.0,0.0,0.0,0.0,1689.3805,0.0,0.0,0.0,0.0,0.0,124.14127,0.0,0.0,0.0,0.0,0.0,0.0,0.0,0.0,0.0,89.59107,631.9696,0.0,0.0,0.0,1149.1879
DHRS11,0.0,0.0,0.0,13.9186125,1.1335557,361.3579,0.0,49.443813,0.0,0.0,14.017514,6.555036,44.08165,0.017546348,0.0,38.27299,0.0,0.0,35.933647,0.0,0.0,0.0,0.0,0.0,0.0,39.395237,48.69204,14.637742,0.0,0.0
MRM1,0.0,0.0,0.0,0.95259714,80.438515,57.96559,0.0,0.0,0.0,16.591898,0.0,0.0,0.0,0.0,18.797173,0.0,15.965391,11.951879,2.4544823,0.0,0.0,18.67916,20.185783,10.516702,0.0,0.0,1.8201861,0.0,0.0,0.0
PNMT,0.0,0.0,0.0,0.0,0.0,189.43195,0.0,0.0,0.0,0.0,0.0,0.0,8.42284,0.0,0.0,0.0,0.0,3.962639,0.0,0.0,0.0,0.0,13.055458,0.0,0.0,34.4967,0.0,0.0,0.0,10.306715
CDC6,0.0,0.0,0.0,0.0,22.282509,17.386942,0.0,7.9398947,0.0,0.0,0.0,10.233549,640.6922,9.969564,0.0,42.743496,5.3747416,0.0,0.0,0.0,0.0,0.0,0.0,0.0,0.0,0.0,0.0,20.13199,12.347481,0.0
TOP2A,0.0,0.0,0.0,0.0,0.0,0.0,0.0,349.1547,0.0,0.0,0.0,6.617734,546.96643,19.879486,0.0,0.0,0.0,0.0,0.0,0.0,0.0,0.0,6043.2725,0.0,0.0,0.0,0.0,0.0,0.0,0.0
AC004585.1,40.21722,0.0,70.405205,22.794611,0.0,0.0,0.0,147.17006,0.0,0.0,0.0,0.0,0.0,0.0,0.0,0.0,0.0,0.0,0.0,0.0,0.0,0.0,0.0,2.825778,0.0,0.0,0.0,0.0,0.0,0.0
KRT13,0.0,0.0,0.0,0.0,74.32197,0.0,0.0,0.0,0.0,0.0,0.0,20.501886,15.053446,0.0,0.0,111.77426,0.0,0.0,0.0,0.0,0.0,0.0,54.585705,0.0,0.0,0.0,0.0,0.0,0.0,0.0
CAVIN1,0.0,0.0,0.0,0.0,0.0,207.40352,0.0,0.0,0.0,331.04025,0.0,0.0,0.0,0.0,0.0,0.0,0.0,0.0,0.0,160.02254,0.0,0.0,0.0,0.0,0.0,409.8129,100.421394,23.028522,0.0,0.0
TUBG1,0.0,0.0,0.0,0.0,266.64966,0.0,0.0,0.39370206,0.0,0.0,0.0,21.255508,458.7849,0.0,0.0,648.9772,50.85004,0.0,0.0,0.0,0.0,0.0,435.1948,0.0,0.0,1.6608183,0.0,0.0,0.0,0.0
CCR10,7.9927983,6.864543,0.0,0.0,0.0,0.0,3.4612234,0.0,0.0,0.0,0.0,0.0,0.0,0.0,8.743142,0.0,0.0,0.66823524,0.0,21.811838,0.0,355.19778,0.0,5.904609,0.0,17.09844,0.0,30.912964,25.141123,0.0
BRCA1,0.0,0.0,0.0,10.431583,7.655885,0.0,0.0,59.995262,0.0,25.50448,0.0,49.55294,524.5307,0.0,8.553204,0.0,1.1684879,0.0,66.086494,31.438547,0.0,0.0,87.59478,0.0,0.0,3.4709296,156.83385,50.012463,0.0,0.0
DUSP3,0.0,70.289894,0.0,0.0,0.0,0.0,77.03476,0.0,70.14332,56.8418,0.0,0.0,0.0,143.9077,0.0,5.602914,80.12683,379.77216,0.0,0.0,140.1653,0.0,0.0,0.0,13.209945,0.0,0.0,0.0,0.0,0.0
LINC01976,1.0168278,0.0,0.0,0.0,0.0,0.0,0.0,0.0,0.0,0.0,0.0,0.0,0.0,0.0,86.83568,0.0,0.0,1.3700336,0.0,0.0,0.0,0.0,0.0,0.0,0.0,14.770558,0.0,0.0,0.0,0.0
SLC4A1,0.0,0.0,0.0,0.0,0.0,0.0,0.0,0.0,0.0,0.0,0.0,73.00791,0.0,8.741393,0.0,1618.6536,0.0,0.0,0.0,0.0,0.0,0.0,0.0,0.0,0.0,0.0,0.0,0.0,0.0,0.0
SLC25A39,387.51773,0.0,117.25957,254.80678,994.2077,341.24588,132.94661,342.74567,73.168594,241.56148,119.70706,711.1311,277.50055,184.43417,164.59874,1547.817,337.49826,57.87362,39.969635,173.8915,711.9257,465.56616,148.65451,141.50958,232.51884,212.27849,198.23305,157.59148,566.6842,0.0
GRN,0.0,1970.3951,2.6345625,0.0,0.0,0.0,2078.574,338.96753,356.55173,0.0,621.8966,0.0,91.07454,826.47986,0.0,0.0,2040.2875,0.0,0.0,0.0,2002.713,0.0,118.980515,37.668774,0.0,0.0,0.0,0.0,12.520001,1426.9915
ITGA2B,0.0,0.0,0.0,0.0,0.0,223.92287,0.0,0.0,0.0,0.0,0.0,0.0,0.0,0.0,0.0,0.0,0.0,261.71362,0.0,1343.62,0.0,0.0,11.687459,970.009,0.0,0.0,0.0,189.68651,0.0,0.0
CDC27,67.53787,1.987093,82.38348,58.752163,204.8727,31.100069,0.0,102.10066,35.371788,55.71003,37.241505,353.35587,0.0,5.426851,177.93378,386.3717,58.572243,88.77233,105.28278,109.524414,30.996027,87.49343,489.91562,0.0,115.82361,113.88086,30.003944,72.480446,455.351,66.20921
MYL4,0.0,0.0,0.0,0.0,598.47217,0.0,0.0,368.91788,0.0,0.0,0.0,19.393345,240.70227,0.0,0.0,1470.6837,0.0,0.0,14.092418,0.0,0.0,0.0,159.38144,468.70834,0.0,0.0,0.0,0.0,0.0,0.0
ATP5MC1,509.87473,179.45087,344.75415,309.95084,1732.298,1618.9996,472.9633,428.85748,0.0,719.56824,256.99088,956.91113,1837.079,1701.0223,333.03458,277.43295,897.9891,503.916,383.42203,474.2273,430.55508,834.739,428.25146,78.3983,0.0,265.12292,99.81813,861.42255,349.94116,208.94214
PHOSPHO1,0.0,0.0,0.0,0.03812384,7.825625,0.0,0.0,0.0,0.0,0.0,0.0,0.0,0.0,0.0,0.0,35.69659,0.0,0.0,0.0,0.0,8.092483,0.0,7.7570186,0.0,0.0,0.0,1.1437972,0.0,0.0,0.0
PHB,324.66156,0.0,24.4945,321.7188,1024.7103,920.07574,200.51671,190.1009,0.0,531.8582,77.99226,62.08849,855.91016,322.89212,356.56067,64.227486,1625.6406,133.40485,745.60834,284.58975,133.54922,137.27477,272.33047,134.00548,0.0,475.3396,281.93942,340.66202,357.28848,110.01444
NGFR,0.0,0.0,0.0,2.5579824,0.0,0.0,0.0,0.0,0.0,0.0,0.0,0.0,11.322444,0.0,0.0,0.06384511,71.28144,0.0,0.0,0.0,0.0,3.5048804,0.0,0.0,0.0,396.9925,0.0,25.445494,0.0,0.0
COL1A1,0.0,0.0,0.0,0.0,0.0,0.0,0.0,2.0784566,0.0,0.0,0.0,0.0,0.0,0.0,0.0,0.0,0.0,0.0,0.0,0.0,0.0,14.67206,0.0,0.0,0.0,841.8029,0.0,0.0,936.34515,0.0
MRPL27,102.02569,94.1077,100.51522,234.01534,524.2211,284.52203,86.75108,217.2708,52.585785,59.57515,122.31565,29.14072,505.3175,162.11829,243.1085,115.39382,194.0034,53.33527,218.48651,80.56617,0.0,0.0,634.211,38.123737,109.49696,256.006,116.05143,0.0,3.7145278,226.2216
LRRC59,48.17428,43.593662,14.650388,107.15368,438.11896,228.65446,127.40553,150.9684,136.40057,107.6579,75.220276,349.70062,508.82913,238.59973,167.0789,0.0,200.37016,22.180885,227.82951,218.60222,0.0,313.81332,528.155,78.28425,0.0,0.0,148.10277,74.08714,0.0,232.86497
CHAD,0.0,0.0,7.541913,0.0,0.0,0.0,0.0,0.0,0.0,0.0,0.0,0.0,2.9503205,0.0,0.0,0.0,0.6972731,0.0,0.0,0.0,0.0,22.586943,0.0,0.0,0.0,0.0,0.0,0.0,0.0,0.53486127
MYCBPAP,0.0,0.0,0.0,0.0,0.0,0.0,0.0,0.0,0.0,0.0,0.0,0.0,0.0,0.0,0.0,0.0,0.0,102.930725,0.0,0.0,664.9121,0.0,0.0,0.0,0.0,61.067,0.0,0.0,0.0,0.0
NME1,138.17746,0.0,0.0,113.0781,990.4324,1382.3231,220.26422,479.30606,0.0,915.6353,0.0,221.58403,1241.3026,1023.1827,121.45102,0.0,194.12015,0.0,289.00967,593.7541,0.0,97.556206,618.2862,0.0,0.0,0.0,0.0,0.0,221.63297,0.0
HLF,0.0,0.0,0.0,0.0,0.0,0.0,0.0,0.0,0.0,150.4086,0.0,0.0,0.0,0.0,0.0,0.0,0.0,0.0,0.0,0.0,0.0,0.0,0.0,0.0,0.0,36.618618,0.0,0.0,14.371549,0.0
MPO,0.0,0.0,0.0,0.0,0.0,0.0,0.0,0.0,0.0,0.0,0.0,0.0,0.0,33583.164,0.0,0.0,0.0,0.0,0.0,0.0,0.0,0.0,0.0,0.0,0.0,0.0,0.0,0.0,0.0,0.0
PRR11,0.0,0.0,0.0,0.0,0.0,10.010064,17.281847,18.601618,0.5377336,23.1262,32.56129,0.0,0.0,17.38386,0.0,0.0,11.858906,0.0,3.5488722,71.86451,0.0,35.66466,738.40247,0.0,0.0,18.106415,0.0,32.666588,8.025721,0.0
AC025048.4,0.0,0.0,0.24586923,0.0,0.0,0.0,77.95677,0.0,38.155807,0.0,6.67086,0.0,0.0,0.0,0.0,0.0,0.0,0.0,2.9157708,0.0,0.0,0.0,0.0,0.0,0.0,0.0,0.0,0.0,0.0,0.0
CD79B,0.0,0.0,7876.9985,0.0,0.0,0.0,0.0,22618.236,0.0,0.0,0.0,0.0,0.0,0.0,0.0,0.0,0.0,0.0,24465.832,0.0,0.0,0.0,0.0,3006.1921,0.0,0.0,0.0,0.0,0.0,0.0
ICAM2,407.8841,0.0,171.33679,358.45273,0.0,1125.7578,0.0,0.0,0.0,82.767815,542.81995,0.0,0.0,36.829082,140.99004,0.0,0.0,1472.156,211.92249,0.0,0.0,181.20753,0.0,674.074,0.0,335.72147,0.0,0.0,0.0,0.0
RGS9,0.0,0.0,0.0,177.36829,0.0,0.0,14.031222,3.8560348,0.0,0.0,0.0,0.0,0.0,0.0,0.0,0.0,0.0,283.67084,15.467897,0.0,0.0,70.177666,52.587048,0.0,0.0,0.0,82.27034,5.983433,0.0,0.0
PSMD12,212.62949,0.0,44.5404,180.87381,917.4376,186.81573,62.065117,325.70685,207.13103,262.35062,49.40545,785.19135,69.73336,43.396347,435.62396,96.550705,202.44135,375.80087,205.06093,93.229294,170.19106,287.5874,0.0,22.821125,425.28937,149.08199,187.05078,152.35237,226.16684,138.48555
KPNA2,86.805595,0.0,17.4138,95.94234,0.0,74.61772,86.271515,110.22934,135.65872,114.05183,10.963558,146.36293,285.5002,162.24681,216.07089,0.0,156.73749,0.0,32.459194,56.722202,0.0,4.1058283,3506.2356,0.0,370.64035,0.0,21.019665,276.54907,0.0,72.13762
JPT1,231.62608,275.7645,63.756134,484.8585,74.45907,355.21796,363.8738,0.0,260.0741,168.55087,1831.1958,0.0,309.37885,245.05504,165.94554,0.0,120.053925,274.0317,227.15654,178.8027,0.0,169.3586,4685.9614,71.51579,0.0,247.77498,39.252735,429.86005,178.22202,169.22964
SMIM5,0.0,0.0,0.0,0.0,0.0,0.0,0.0,0.0,0.0,0.0,0.0,0.0,0.0,0.0,0.0,212.96887,279.6156,0.0,0.0,0.0,0.0,0.0,0.0,1652.1332,0.0,0.0,0.0,0.0,0.0,0.0
SMIM6,0.0,0.0,0.0,0.0,0.0,9.162013,0.0,0.0,0.0,59.660824,0.0,0.0,0.0,7.7037215,0.0,0.0,193.04018,0.0,0.0,0.0,0.0,0.0,0.0,12.168882,0.0,0.0,0.0,0.0,0.0,0.0
UNC13D,237.65569,26.809742,0.0,289.7642,0.0,881.1438,0.0,0.0,0.0,50.84748,88.11463,0.0,0.0,0.0,444.075,0.0,80.649605,712.53784,143.05461,363.56146,351.0133,0.0,2.5242221,16.248894,0.0,0.0,249.52943,0.0,0.0,0.0
GALR2,7.4558883,1.5759194,0.0,0.0,0.0,0.0,18.084064,44.61959,24.91499,0.0,4.9410825,0.0,0.0,0.0,29.034435,5.238859,13.471416,0.0,0.0,0.0,0.0,12.486245,0.0,0.0,0.0,3.60755,0.0,0.0,0.0,3.199247
FOXJ1,0.0,0.0,0.0,0.0,0.0,27.581995,0.0,0.0,0.0,0.0,0.0,0.0,0.0,0.0,0.0,0.0,0.0,0.0,0.0,0.0,0.0,0.0,0.0,0.0,0.0,0.0,0.0,978.68915,303.12988,0.0
SPHK1,0.0,12.543491,0.0,1.1740339,78.77511,0.0,0.0,0.0,48.42374,0.0,10.39326,0.4849166,55.67233,0.0,0.0,90.41598,68.46925,14.851505,0.0,0.0,0.0,0.0,0.0,172.16602,0.0,24.749434,21.97343,0.0,7.831794,0.0
CYGB,0.0,0.0,0.0,0.0,0.0,0.0,0.0,0.0,0.0,38.02556,0.0,0.0,85.11396,0.0,0.0,0.0,0.0,0.0,898.67554,0.0,0.0,0.0,0.0,0.0,112.90492,765.17285,42.673386,0.0,43.026413,0.0
SRSF2,1541.5806,114.6859,540.82056,1742.3354,1244.6483,1772.8184,799.5511,1802.2063,562.30566,1159.6592,219.14462,2006.3634,3503.8098,556.2794,1990.3447,442.3386,1101.227,949.95294,1595.8927,1751.7057,839.4066,1606.5851,2008.2543,407.85516,2766.9778,632.1011,1752.4393,559.2277,726.7556,442.28412
C17orf99,0.0,0.0,2.5999656,0.0,6.1091332,1.7161015,0.0,0.0,0.0,1.4422896,0.0,27.151985,0.0,0.0,0.0,86.54658,0.0,0.0,0.0,0.0,0.0,0.0,28.113974,0.0,0.0,3.5691166,14.445022,0.0,0.0,0.0
TK1,0.0,0.0,0.0,0.0,0.0,0.0,0.0,89.76817,0.0,0.0,0.0,25.962976,2411.1616,95.82335,0.0,338.74353,0.0,0.0,0.0,132.91159,0.0,0.0,572.3805,0.0,0.0,0.0,0.0,7.493975,0.0,0.0
BIRC5,0.0,0.0,0.0,0.0,274.18295,0.0,0.0,319.8089,0.0,0.0,0.0,16.087978,558.1647,73.12849,0.0,197.99365,0.0,0.0,6.254585,100.964096,0.0,0.0,4506.908,0.0,0.0,0.0,0.0,27.201769,0.0,152.42
SOCS3,529.10016,60.95835,0.0,0.0,130.61017,93.36549,0.0,0.0,243.1333,75.95404,0.0,219.17284,0.0,0.0,0.0,0.0,0.0,0.0,0.0,138.43282,381.31412,0.0,0.0,0.0,43973.42,4278.652,0.0,0.0,0.0,0.0
LGALS3BP,169.90082,0.0,0.0,0.0,154.45221,54.371174,0.0,0.0,0.0,176.93515,0.0,82.50334,81.82849,0.0,0.0,0.0,0.0,288.14636,316.46964,0.0,0.0,0.0,7.1025667,0.0,114.766235,931.53326,519.3122,152.31563,0.0,584.3815
C1QTNF1,0.0,0.0,0.0,0.0,0.0,0.0,0.0,0.0,0.0,0.0,0.0,0.0,0.0,0.0,0.0,0.0,0.0,0.0,0.0,0.0,0.0,0.0,0.0,0.0,186.19688,424.30536,23.799044,0.0,161.9734,0.0
EIF4A3,122.50165,16.82916,0.0,113.42066,0.0,49.49299,115.08243,897.1834,23.88099,69.87478,73.26155,268.84644,1166.5614,19.071651,203.35077,0.0,820.56067,0.0,0.0,0.0,123.23504,0.0,857.8802,64.15414,629.43494,433.91956,326.82184,0.0,0.0,173.7892
NPTX1,0.0,0.0,0.0,0.0,0.0,0.0,0.0,52.909454,0.0,0.0,0.0,0.0,0.0,0.0,0.0,0.0,0.0,0.0,43.927563,0.0,0.0,0.0,0.0,0.0,0.0,0.0,3.8819544,0.0,0.0,0.0
AC110285.6,0.0,9.8968115,0.0,0.0,0.0,0.0,0.0,13.2514925,0.0,0.0,1.5300634,0.0,0.0,8.483282,1.8148898,0.0,0.0,0.0,0.0,0.0,0.0,0.0,0.0,0.0,0.0,1.7384714,0.0,0.0,0.0,0.0
ACTG1,5491.853,2555.9785,0.0,3660.6016,0.0,2602.4038,6809.2173,14497.376,0.0,8769.066,2934.0327,0.0,4020.8662,5589.3633,828.6295,0.0,5291.2305,3513.8757,13272.14,7434.702,2334.7393,0.0,5647.4624,1992.6631,0.0,1214.4996,4928.0425,1929.9214,5371.112,1914.2799
MRPL12,65.14516,133.89659,0.0,128.28932,692.0762,532.03015,133.89183,251.13724,0.0,204.62163,137.24504,304.08676,718.3941,758.85864,51.190884,0.0,125.50013,0.0,204.98268,166.784,0.0,16.54501,495.3079,48.62258,0.0,158.23029,0.0,35.445335,352.11563,279.7014
PPP1R27,0.0,0.0,0.0,0.0,0.0,0.0,0.0,0.0,15.380093,0.0,0.0,0.0,1.3803076,60.13596,0.0,0.0,0.0,0.0,0.0,0.0,0.0,0.0,0.0,0.0,2.2408895,5.985392,0.0,69.3996,0.0,0.0
PYCR1,0.0,0.0,0.0,0.0,245.04657,122.42328,0.0,0.0,0.0,34.07582,0.0,0.0,55.971786,0.04630051,0.0,0.0,0.0,0.0,0.0,43.210712,0.0,0.0,307.34427,0.0,0.0,0.0,0.0,0.0,0.0,0.0
CENPX,316.7164,68.82678,104.35383,222.0219,466.4924,419.05423,70.06676,492.65216,64.82878,147.6042,175.0745,353.6333,1569.1648,397.36285,345.36563,0.0,149.38005,327.7249,196.42543,365.79214,199.6513,227.65474,275.05316,100.91518,0.0,0.0,23.182009,314.74896,42.400246,0.0
RAC3,0.0,0.0,0.0,0.0,0.0,0.0,0.0,0.0,0.0,105.319824,0.0,0.0,24.939865,116.22839,0.0,0.0,0.0,0.0,0.0,335.6346,0.0,0.0,0.0,0.0,0.0,37.57922,0.0,0.0,9.778865,0.0
SLC16A3,0.0,272.86975,0.0,81.58204,0.0,0.0,117.428535,0.0,0.0,0.0,473.6179,0.0,0.0,83.718094,266.53683,0.0,38.64784,262.19678,0.0,0.0,1379.9772,0.0,8.960326,0.0,0.0,0.0,0.0,0.0,0.0,34.147327
NARF,166.10364,0.0,95.590004,386.5653,693.375,311.884,0.0,742.935,60.166252,288.03738,69.05304,704.87646,104.217094,0.0,244.32736,497.77704,176.8242,17.166348,362.96597,175.20834,114.16251,21.725046,384.80188,271.14566,0.0,13.110184,0.0,189.21768,513.03796,0.0
FN3K,3.1322448,0.0,0.0,4.049328,55.824272,43.68222,0.0,0.0,0.0,0.0,0.0,313.158,0.0,0.0,3.95343,44.461067,0.0,97.55918,0.0,0.0,0.0,0.0,18.83454,89.21388,0.0,0.0,87.0641,7.359356,154.10806,0.0
USP14,174.67342,10.750052,28.51389,148.87646,430.86536,220.36433,88.479065,105.63074,170.28041,227.62483,0.0,312.1147,227.38017,138.51628,349.07938,667.9291,153.99118,438.5369,110.223915,316.6234,65.986885,283.409,94.20357,83.2695,169.87105,213.59335,0.0,496.35068,224.3106,0.0
TYMS,0.0,0.0,0.0,0.0,19.53452,239.74132,0.0,570.08215,0.0,185.24406,0.0,0.0,5712.6357,46.455723,0.0,0.0,0.0,0.0,65.15213,401.6646,0.0,0.0,2843.8542,0.0,0.0,0.0,0.0,0.0,0.0,0.0
ENOSF1,204.9392,0.0,0.0,12.03974,377.16953,5.0382104,0.0,0.0,0.0,150.607,0.0,626.834,0.0,5.6507454,86.110344,0.0,0.0,57.586185,23.01835,152.0527,69.131226,0.0,0.0,0.0,0.0,163.63371,268.10892,0.0,0.0,209.46025
NDC80,9.604857,0.0,0.07018357,7.9645514,0.0,0.0,0.0,32.749615,0.0,0.0,0.0,205.04189,195.1559,0.0,0.0,0.0,27.676704,0.0,0.0,0.0,0.0,0.0,1135.7582,18.112255,0.0,0.0,0.0,0.0,0.0,0.0
MYOM1,0.0,0.0,0.0,0.0,0.0,0.0,0.0,0.0,0.0,0.0,0.0,0.0,0.0,0.0,0.0,0.0,0.0,733.3128,0.0,0.0,0.0,0.0,0.0,0.0,0.0,1.260291,0.0,0.0,0.0,0.0
RALBP1,104.93256,84.108795,74.383545,308.59714,447.1186,319.87793,55.630787,287.42874,1.7154684,332.28235,214.22858,229.6682,0.0,244.13394,251.41263,149.52803,202.98564,0.0,623.862,288.8482,127.09543,0.0,218.35722,341.78503,0.0,0.0,504.32126,173.15382,360.31042,6.6535916
TUBB6,0.0,0.0,94.60006,0.0,175.15308,0.0,47.09001,128.3321,58.945778,0.0,0.8107753,64.765114,23.276249,91.24355,0.0,104.51907,280.45743,0.0,0.0,0.0,0.0,0.0,207.4703,0.0,0.0,0.0,0.0,0.0,139.9099,0.0
SNRPD1,854.1107,0.0,257.92532,654.57837,1756.7601,1998.0226,788.64465,1458.2534,315.66507,1620.4546,123.02378,1544.2224,2783.2212,1231.3419,1128.7017,50.882877,826.89905,369.75742,1143.2952,1075.8971,1074.9425,1625.5643,1527.2783,0.0,662.5626,607.0887,419.6144,1561.0037,803.2051,113.847626
PSMA8,10.523665,0.0,10.7175455,6.019546,0.0,0.0,0.0,0.0,0.0,0.0,0.0,0.0,113.741806,0.0,0.0,0.0,4.284009,0.0,0.0,0.0,0.0,0.0,0.0,0.0,0.0,0.0,12.525402,0.0,0.0,0.0
KCTD1,0.0,0.0,0.0,1.0445584,0.0,56.029495,0.0,2.300242,0.2312558,0.0,1.2002383,0.0,0.0,0.0,0.0,0.0,0.0,0.0,5.8359184,0.0,0.0,0.0,0.0,0.0,0.0,0.0,0.0,0.0,0.0,59.007355
PCAT18,0.0,0.0,0.0,0.0,0.0,84.58372,0.0,0.0,0.0,0.0,0.0,0.0,0.0,0.0,0.0,0.0,0.0,0.0,8.42648,0.0,0.0,0.0,0.0,0.0,0.0,0.0,0.0,0.0,0.0,0.0
TPGS2,77.79776,0.0,0.0,178.47363,729.2401,506.2707,0.0,181.06429,0.0,212.81888,63.040596,717.61884,1133.7278,0.0,70.2012,276.89597,73.40076,197.22836,543.0338,67.901505,123.08199,0.0,438.7213,138.35838,0.0,0.0,206.26544,178.60767,0.0,324.9375
AC011139.1,0.0,0.0,0.0,0.0,0.0,0.0,0.0,0.0,0.0,662.4244,0.0,0.0,0.0,0.0,0.0,0.0,0.0,0.0,0.0,48.962936,0.0,0.0,0.0,0.0,0.0,0.0,0.0,0.0,0.0,0.0
ATP5F1A,1040.6824,0.0,200.32996,435.67783,1857.7317,2002.6187,718.0581,1910.7565,0.0,1709.007,265.13474,1155.6852,1037.7919,600.2777,583.7043,515.1819,1392.5564,775.355,1771.3386,1111.8661,1918.0073,955.7205,253.30186,0.0,778.3202,533.0208,879.2366,569.509,1545.5085,15.317629
ACAA2,108.34705,8.343482,0.0,365.901,443.24194,102.204605,68.41508,209.2791,0.0,177.07983,120.20048,17.300941,858.0793,0.0,0.0,0.0,65.85711,111.05764,76.92718,0.0,0.0,66.7514,84.176254,39.13137,0.0,64.121376,0.0,128.69928,24.728697,0.0
RAB27B,0.0,0.0,0.0,72.46639,0.0,0.0,0.0,0.0,0.0,0.0,0.0,0.0,0.0,0.0,0.0,0.0,0.0,50.858192,0.0,930.9329,0.0,0.0,0.0,386.40106,0.0,0.0,0.0,98.96505,0.0,0.0
CCDC68,0.0,0.0,0.0,0.0,0.0,0.0,0.0,0.0,0.0,0.0,5.9477954,4.7022176,5.2264137,0.0,0.0,15.044925,0.0,44.197315,0.0,13.98872,0.0,0.0,0.0,5.731793,2.6715043,0.0,0.0,0.017261997,19.60013,0.0
TCF4,0.0,0.0,536.647,0.0,0.0,0.0,0.0,1025.8413,0.0,313.96155,0.0,0.0,0.0,0.0,0.0,0.0,5400.4272,0.0,4368.4326,0.0,0.0,0.0,0.0,85.165344,0.0,0.0,0.0,0.0,0.0,0.0
TXNL1,299.039,75.85478,218.95421,130.35313,838.821,894.9819,213.86008,584.8835,266.80826,643.40295,220.93198,391.84912,70.15835,146.20596,241.05342,365.38245,246.73209,318.10544,752.2201,541.05585,253.58502,264.30643,807.71796,411.02567,625.44617,246.90079,532.07245,438.8614,0.0,133.4574
FECH,0.0,0.0,0.0,57.42239,663.77515,218.90468,0.0,0.0,0.0,0.0,0.0,257.8007,271.1946,0.0,0.0,941.443,0.0,0.0,0.0,0.0,0.0,0.0,316.21048,0.0,0.0,0.0,0.0,0.0,0.0,0.0
SEC11C,395.3117,0.0,103.39938,443.6052,9.287735,254.45874,112.53938,0.0,0.0,35.635292,171.86258,0.0,241.51451,88.83956,0.0,0.0,876.99243,19.432232,103.68976,244.66092,131.45575,10141.463,0.0,0.0,89.736626,168.85982,457.4153,0.0,0.0,0.0
PMAIP1,495.78345,0.0,1624.8788,1188.2974,0.0,0.0,182.1008,171.97293,2643.3916,401.88205,0.0,1145.3729,104.74521,0.0,793.818,0.0,0.0,0.0,2579.1685,0.0,0.0,2039.2086,615.6435,0.0,2980.6846,110.30008,722.7015,850.1628,0.0,116.839294
AC090409.1,0.0,0.0,0.0,0.0,0.0,0.0,0.0,0.0,0.0,0.0,0.0,0.0,0.0,0.0,0.0,0.0,0.0,0.0,0.0,50.282845,0.0,0.0,0.0,1484.9229,0.0,0.0,0.0,0.0,0.0,0.0
SERPINB2,0.0,161.51428,0.0,0.0,0.0,0.0,0.0,0.0,7.9539647,0.0,0.0,0.0,27.840578,55.555218,0.0,0.0,0.0,0.0,0.0,0.0,0.0,0.0,34.955326,0.0,0.0,0.0,16.398928,0.0,0.0,0.0
SERPINB10,0.0,117.13673,0.0,0.0,0.0,0.0,0.0,0.0,0.0,0.0,0.0,0.0,0.0,975.4511,0.0,0.0,0.0,0.0,0.0,0.0,0.0,0.0,0.0,0.0,0.0,0.0,0.0,0.0,0.0,0.0
CD226,118.95516,0.0,0.0,238.47043,0.0,0.0,0.0,0.0,0.0,0.0,0.0,0.0,0.0,0.0,0.0,0.0,0.0,1981.4785,0.0,0.0,0.0,96.15641,0.0,668.4112,0.0,0.0,0.0,176.92842,0.0,0.0
FAM110A,32.293156,0.0,21.802061,48.96966,0.0,0.0,0.0,8.76366,0.0,0.0,771.58655,0.0,0.0,0.0,23.942482,63.314034,0.0,331.8884,89.894516,0.0,0.0,0.0,256.1266,1858.177,0.0,0.0,0.0,425.96347,34.399517,44.240913
SNRPB,1142.7295,0.0,1019.65607,1502.7963,1296.439,2088.053,1206.2836,1732.3417,687.5857,1382.407,494.9927,2014.4689,2727.7705,638.1004,1080.8267,0.0,1322.357,656.52277,1023.2937,1085.6251,747.6726,1400.0142,1542.6327,259.28818,895.49,0.0,1093.5006,465.71323,1111.2236,0.0
CPXM1,0.0,0.0,0.0,0.0,0.0,36.858147,0.0,0.30311397,0.0,229.7483,0.0,0.0,36.570034,132.04013,0.0,0.0,0.0,0.0,0.0,141.32248,0.0,0.0,0.0,0.0,0.0,11.784538,0.0,78.72277,72.00255,0.0
AVP,0.0,0.0,0.0,0.0,0.0,0.0,0.0,0.0,0.0,3161.0906,0.0,0.0,0.0,0.0,0.0,0.0,0.0,0.0,0.0,0.0,0.0,0.0,0.0,0.0,0.0,0.0,0.0,0.0,0.0,0.0
C20orf27,107.35877,524.6738,0.0,15.250457,947.55615,282.10718,794.8161,107.23878,0.0,198.41417,721.93756,40.592346,447.93317,1140.4453,118.07081,396.52084,52.655514,156.08134,0.0,201.82712,69.60409,11.44269,379.46088,121.754036,0.0,250.43498,0.0,94.61798,152.12708,520.6654
SMOX,0.0,0.0,0.0,0.0,0.0,0.0,137.88507,0.0,92.315575,0.0,0.0,0.0,0.0,0.0,0.0,19.442541,0.0,0.0,0.0,0.0,0.0,0.0,0.0,2222.0369,0.0,0.0,0.0,0.0,0.0,0.0
PCNA,0.0,0.0,0.0,66.46997,367.85593,318.11307,0.0,720.1433,0.0,162.10135,0.0,614.1007,7634.9,487.7694,0.0,519.25867,0.0,0.0,130.7272,0.0,0.0,0.0,1053.7375,0.0,0.0,407.3133,0.0,0.0,0.0,26.121515
CRLS1,51.413853,79.18978,0.0,54.694286,627.0773,135.50993,60.60803,57.17414,0.0,172.00836,26.938166,0.0,0.0,207.48195,220.58226,163.1151,56.27323,158.22386,228.0667,302.29468,59.270115,84.590096,100.94799,168.65831,0.0,62.54052,0.0,66.05659,159.4805,0.0
FERMT1,0.0,0.0,0.0,0.0,0.0,24.75342,0.0,0.0,0.0,34.73437,0.0,0.0,0.0,0.0,0.0,0.0,0.0,0.0,0.0,61.388798,0.0,0.0,3.0685081,0.0,0.0,0.0,0.0,0.0,0.0,0.0
BMP2,0.0,0.0,0.0,0.0,0.0,0.0,0.0,0.0,0.0,0.0,0.0,0.0,0.0,0.0,0.0,0.0,0.0,0.0,10.173246,0.0,0.0,0.0,0.0,0.1064501,44.978542,15.376715,529.1308,0.0,0.0,0.0
PLCB4,0.0,0.0,0.0,0.0,0.0,0.51870763,0.0,0.0,0.0,38.570564,0.0,0.0,0.0,0.0,0.0,0.0,57.00535,0.0,4.7993155,15.95709,0.0,0.0,0.0,0.0,0.0,0.0,0.0,0.0,0.0,0.0
ISM1,14.314382,0.0,0.0,0.0,0.0,0.0,0.0,0.0,0.0,0.0,0.0,0.0,0.0,0.0,0.0,0.0,0.0,0.0,26.400331,0.0,0.0,0.0,8.560012,0.0,186.37447,0.0,0.0,0.0,0.0,0.0
SLC24A3,0.0,0.0,0.0,0.0,0.0,3.3675704,0.0,0.0,0.0,0.29015288,0.0,0.0,1.7763747,0.0,0.0,0.0,0.0,1.33135,0.0,0.7735535,0.0,0.0,0.0,0.0,0.0,0.0,0.0,18.095434,0.0,0.0
CST3,0.0,9842.493,0.0,0.0,0.0,0.0,26896.873,0.0,13581.1455,0.0,16765.836,0.0,0.0,0.0,0.0,0.0,9373.507,0.0,0.0,0.0,7164.1147,0.0,0.0,0.0,0.0,0.0,0.0,0.0,0.0,25764.268
CST7,788.35956,0.0,0.0,15085.367,0.0,0.0,0.0,0.0,0.0,0.0,0.0,0.0,0.0,2992.942,488.85638,0.0,0.0,0.0,0.0,0.0,0.0,0.0,0.0,0.0,0.0,0.0,1950.7925,0.0,165.51605,279.2894
ACSS1,80.44762,0.0,180.23282,186.64293,498.77408,123.79065,0.0,187.01117,0.0,98.16841,13.38694,235.58176,0.0,18.311663,182.35703,259.69055,20.38338,126.97469,1059.0751,176.36632,233.46307,0.0,0.0,0.0,0.0,213.98004,75.988464,182.87848,143.17853,0.0
ID1,0.0,124.68779,0.0,27.062284,0.0,0.0,75.9923,0.0,624.64264,110.35259,0.0,54.699524,0.0,26.136772,23.864708,0.0,5.481787,0.0,0.0,23.102772,0.0,0.0,2.2709782,0.0,1129.0365,0.0,102.976906,0.0,2798.8547,0.0
BCL2L1,0.0,4.246074,0.0,142.55016,0.0,157.06438,0.0,368.20508,8.86899,0.0,33.27747,0.0,0.0,8.952727,70.288055,268.59518,0.0,234.38515,427.31543,46.37004,23.865599,0.0,0.0,434.1628,0.0,5.266149,107.70403,23.825264,53.85875,0.0
TPX2,0.0,0.0,0.0,0.0,22.507637,12.001611,0.0,55.482895,0.0,0.0,0.0,106.66855,161.94775,19.070862,0.0,113.17477,0.0,0.0,21.433012,34.147198,0.0,0.0,1925.6013,0.0,0.0,0.0,0.0,0.0,0.0,0.0
HCK,0.0,197.06546,256.33588,0.0,0.0,0.0,73.461296,1231.5048,0.0,0.0,1554.9823,0.0,0.0,0.0,0.0,0.0,8.261113,0.0,327.6061,0.0,0.0,0.0,0.0,215.86298,0.0,0.0,0.0,0.0,0.0,0.0
EIF2S2,657.3165,154.96794,178.17342,232.51491,991.7971,528.31616,413.95334,646.2024,137.8124,734.8479,294.5513,584.3236,657.44073,466.37048,514.1245,825.2882,565.75854,666.2131,796.37805,955.135,312.27274,683.13806,858.5138,574.5582,1502.662,753.6287,268.61472,138.7038,1520.5144,566.55695
AHCY,20.499002,0.0,13.027536,0.0,233.84389,565.49316,123.21598,278.92548,0.0,460.968,74.94866,0.0,457.28778,265.2148,117.37655,0.0,284.5732,0.0,19.9365,18.3805,0.0,0.0,0.0,120.749344,0.0,71.836914,244.57298,124.42414,0.0,0.0
MYL9,0.0,0.0,0.0,0.0,0.0,0.0,0.0,0.0,0.0,0.0,0.0,0.0,0.0,0.0,0.0,0.0,0.0,704.00256,0.0,96.57841,0.0,0.0,0.0,887.23474,0.0,136.81029,0.0,0.0,78.55559,0.0
SRC,0.0,0.0,0.0,0.0,0.0,0.0,14.352523,0.0,84.725044,0.0,13.8263,0.0,0.0,0.0,0.0,0.0,36.857155,155.0865,0.0,107.44814,0.0,0.0,0.0,49.438953,0.0,0.0,0.0,0.0,0.0,0.0
FAM83D,0.0,0.0,0.0,7.8751235,41.891003,41.987534,0.0,0.0,0.0,0.0,0.0,81.96172,13.865269,0.0,33.932995,220.04443,0.0,0.0,0.0,0.0,0.0,23.006685,228.36172,0.0,0.0,0.0,4.2965417,0.0,0.0,44.37568
MAFB,0.0,887.8046,0.0,0.0,0.0,0.0,0.0,0.0,5811.4595,0.0,1088.8136,0.0,0.0,0.0,0.0,0.0,0.0,0.0,0.0,0.0,0.0,0.0,0.0,0.0,0.0,234.93843,151.05064,0.0,4.8888507,2182.7993
TOP1,133.11948,66.95994,57.2136,171.81084,710.65466,170.66632,95.819145,854.32043,431.41733,200.11494,89.67624,67.877174,0.0,172.17883,561.5276,295.2686,377.27713,315.47263,418.2518,252.51433,193.68692,349.7585,431.89288,325.31717,637.4199,306.63293,538.54956,180.69823,442.79697,267.61362
MYBL2,0.0,0.0,0.0,0.0,0.0,0.0,0.0,279.11224,0.0,0.0,0.0,227.67026,539.45636,64.730774,0.0,0.0,891.5885,0.0,60.15466,0.0,0.0,0.0,128.60307,10.202276,0.0,0.0,0.0,0.0,0.0,0.0
PKIG,0.0,0.0,820.772,0.0,119.16338,816.0627,0.0,0.0,0.0,71.46855,0.0,0.0,0.0,0.0,0.0,65.18856,0.0,0.0,384.57626,451.54706,0.0,0.0,111.505226,112.63588,0.0,0.0,104.900475,0.0,0.0,0.0
ADA,105.63775,0.0,0.0,291.80176,0.0,0.0,0.0,12.448993,0.0,673.17804,428.61984,0.0,517.9199,41.55402,0.0,0.0,712.22046,0.0,2084.4531,0.0,0.0,0.0,92.93412,0.0,0.0,51.811317,0.0,0.0,316.1581,268.9885
SLPI,0.0,0.0,0.0,0.0,0.0,0.0,0.0,0.0,0.0,0.0,8.731548,0.0,0.0,120.38804,0.0,0.0,0.0,0.0,0.0,0.0,0.0,0.0,0.0,0.0,0.0,606.2495,0.0,0.0,0.0,0.0
SDC4,0.0,17.726683,0.0,0.0,56.39041,0.0,0.0,0.0,42.074753,0.0,0.0,0.0,14.750073,8.105989,0.0,0.0,0.0,111.94133,0.0,24.90331,11.350845,0.0,10.783252,222.20424,142.406,27.416523,8.540784,0.0,47.548695,0.0
UBE2C,0.0,0.0,0.0,0.0,0.0,0.0,0.0,265.61188,0.0,0.0,0.0,0.0,118.06449,64.99561,0.0,0.0,0.0,0.0,0.0,943.37616,0.0,0.0,8384.27,0.0,0.0,0.0,0.0,0.0,0.0,119.17031
TNNC2,0.0,0.0,9.433556,0.0,0.0,0.0,0.0,0.0,0.0,22.19454,0.0,0.0,0.0,0.0,0.0,0.0,0.0,150.46506,0.0,0.0,0.0,0.0,0.0,1080.0984,0.0,50.98943,30.595688,0.0,0.0,0.0
CTSA,296.78036,489.18536,5.2608676,123.04483,124.653915,0.0,71.994225,0.0,30.002626,71.49529,149.29765,68.02518,185.54498,347.6015,0.0,0.0,23.952066,1262.7587,0.0,244.01204,0.0,386.18176,0.0,3947.7122,0.0,0.0,267.3707,395.20306,374.95667,579.3018
CSE1L,57.89906,0.0,21.400715,14.318685,295.21204,66.84318,9.487632,0.0,20.051998,50.236294,37.140404,0.0,460.23923,10.384297,118.84906,72.69085,0.0,84.77908,68.30444,85.33105,0.0,37.87098,416.15686,0.0,0.0,77.32693,0.0,177.83783,5.8880796,40.08882
SMIM25,0.0,386.87296,0.0,0.0,0.0,0.0,0.0,0.0,180.44609,0.0,2812.161,0.0,0.0,0.0,56.066517,0.0,0.0,0.0,0.0,0.0,0.0,0.0,0.0,0.0,0.0,0.0,0.0,0.0,0.0,0.0
BCAS1,0.01681861,1.5861742,1.2273872,0.0,0.0,2.025508,0.0,0.0,4.217118,0.0,2.7871642,0.519538,0.0,0.0,0.7234358,0.86089426,0.0,12.965615,0.0,0.0,0.8784297,0.0,0.0,0.0,0.0,0.0,0.0,0.0,0.0,0.0
FAM210B,27.800041,52.671165,0.0,19.375862,364.71365,58.575367,0.0,0.0,63.345913,71.01426,42.67798,430.99945,110.85758,0.0,0.31132212,802.8465,37.664124,197.40686,0.0,142.48549,123.41689,0.0,114.04187,1.3303738,0.0,164.85909,39.731693,30.951197,143.4689,0.0
AURKA,0.0,0.0,0.0,0.0,50.39014,3.049318,0.0,0.0,0.0,0.0,0.0,10.548215,0.0,0.0,13.776932,121.05344,0.0,0.0,0.0,0.0,0.0,0.0,818.1054,0.0,0.0,0.0,0.0,0.0,0.0,0.0
TUBB1,0.0,0.0,0.0,0.0,0.0,0.0,0.0,0.0,0.0,0.0,0.0,0.0,0.0,0.0,0.0,0.0,0.0,334.09012,0.0,0.0,0.0,0.0,0.0,9898.168,0.0,0.0,0.0,0.0,0.0,0.0
CDH4,0.0,0.0,0.0,0.0,0.0,0.0,0.0,0.0,0.0,4.3743587,0.0,0.0,0.0,0.0,3.6671863,0.0,0.0,0.0,0.0,0.0,0.0,0.0,0.0,0.0,0.0,161.80414,0.0,0.0,0.0,0.0
GATA5,0.0,0.0,0.0,0.0,0.5446619,0.36660382,0.0,0.0,0.0,0.0,0.0,0.0,0.0,0.0,0.0,1.3285315,0.0,0.0,0.0,0.0,0.0,0.0,0.3486796,0.0,0.0,0.0,0.0,0.0,0.0,0.0
MYT1,0.0,0.56596,0.7693891,0.0,0.0,0.0,3.6029844,0.0,0.09233347,0.0,0.0,3.1091518,0.0,0.0,0.0,54.296024,0.0,0.0,0.0,0.0,0.0,0.0,0.7379729,0.0,0.0,0.0,0.0,0.0,0.0,0.0
MIER2,19.470753,24.647926,20.815226,14.364776,52.25207,0.0,0.0,10.699548,20.421497,0.0,19.36811,0.0,27.091808,7.0753965,53.34764,0.0,18.132303,30.866947,16.435589,13.418157,13.593397,0.0,0.0,0.0,0.0,38.039986,0.0,0.0,52.222805,0.0
BSG,560.9718,309.98328,162.18721,1505.0105,1088.7373,717.2574,217.78629,503.0755,0.0,552.9676,556.43274,797.6779,898.5952,740.8399,365.1515,1567.4078,659.3354,170.93762,586.6711,915.9278,287.50592,209.63821,566.8517,605.631,0.0,539.05426,250.91084,572.7027,558.5512,0.0
PRSS57,0.0,0.0,0.0,0.0,0.0,1022.595,0.0,0.0,0.0,2251.015,0.0,0.0,0.0,4854.8457,0.0,0.0,0.0,0.0,0.0,0.0,0.0,0.0,0.0,0.0,0.0,0.0,0.0,1717.2745,0.0,0.0
AZU1,0.0,0.0,0.0,0.0,0.0,0.0,0.0,0.0,0.0,0.0,0.0,0.0,0.0,25670.463,0.0,0.0,0.0,0.0,0.0,0.0,0.0,0.0,0.0,0.0,0.0,0.0,0.0,0.0,0.0,0.0
PRTN3,0.0,0.0,0.0,0.0,0.0,0.0,0.0,0.0,0.0,0.0,0.0,0.0,0.0,32249.736,0.0,0.0,0.0,0.0,0.0,0.0,0.0,0.0,0.0,0.0,0.0,0.0,0.0,0.0,0.0,0.0
ELANE,0.0,0.0,0.0,0.0,0.0,0.0,0.0,0.0,0.0,0.0,0.0,0.0,0.0,34597.848,0.0,0.0,0.0,0.0,0.0,0.0,0.0,0.0,0.0,0.0,0.0,0.0,0.0,0.0,0.0,0.0
CFD,0.0,1879.5734,0.0,0.0,0.0,0.0,0.0,0.0,2557.4402,0.0,5346.1855,0.0,134.38448,3709.5222,0.0,0.0,0.0,0.0,0.0,0.0,0.0,0.0,0.0,0.0,619.68835,12732.349,1357.5826,0.0,96.0915,139.39049
PLEKHJ1,428.93216,81.1107,443.89807,395.86972,904.90594,333.82962,168.17863,566.9491,0.0,57.92593,240.0984,60.94479,0.0,309.3322,231.45076,0.0,437.98917,143.00014,491.10605,458.95975,0.0,0.0,0.0,158.99898,0.0,15.4461775,234.87517,141.95654,497.64188,0.0
JSRP1,0.0,0.0,0.0,0.0,0.0,0.0,0.0,0.0,0.0,0.0,0.0,0.0,0.0,0.0,0.0,0.0,0.0,0.0,0.0,0.0,0.0,852.8927,0.0,24.386944,0.0,0.0,0.0,0.0,0.0,32.51229
OAZ1,3646.7197,7099.913,5807.374,4080.2393,2592.4778,2730.8667,6478.85,4232.113,3028.0706,1479.6052,11268.846,0.0,3629.2988,4166.529,1480.2179,1118.1083,6809.831,6194.0083,6879.975,5340.8584,2647.8518,535.9773,4052.687,19320.666,0.0,2393.527,3842.245,2681.6797,3945.0151,2168.4753
TMPRSS9,0.0,0.0,0.0,0.0,12.849818,12.411357,0.0,2.5940158,0.0,1.345441,0.0,0.0,32.26428,0.0,0.0,112.36943,2.988835,0.0,0.7237417,0.0,0.0,0.0,7.067855,0.0,0.0,0.0,12.96168,0.0,6.8384743,0.0
TIMM13,219.40347,356.57437,0.0,145.37358,1622.5243,1529.3219,195.09872,738.93774,226.58943,770.48364,435.589,289.44028,348.98022,1781.5792,666.5586,160.94444,971.64813,447.3622,1443.9719,798.91077,212.33594,85.215515,355.35773,251.89679,0.0,805.47815,357.2915,484.84442,1038.6748,50.991104
GADD45B,1024.7572,0.0,658.7848,1195.9598,0.0,0.0,354.69922,815.47644,1469.1555,0.0,28.41255,121.5849,0.0,0.0,1183.0999,0.0,720.94775,0.0,89.125175,0.0,376.83752,312.18225,0.0,82.394325,28852.441,0.0,0.0,170.91113,0.0,383.32272
SLC39A3,28.354248,32.03218,171.22772,103.682724,412.47913,853.2014,0.0,0.0,0.0,492.606,56.631577,340.37558,116.008224,266.21118,150.01152,209.99771,77.589005,172.87727,0.0,480.9381,0.0,0.0,302.02548,464.74954,112.084175,148.72035,126.82119,314.71625,619.14026,77.11875
GNA15,0.0,101.87671,0.0,0.0,0.0,199.66394,81.66631,0.0,751.6208,763.37177,0.0,0.0,90.91837,126.56831,0.0,0.0,558.8543,0.0,0.0,0.0,0.0,0.0,160.07204,110.9085,0.0,0.0,0.0,238.19138,0.0,0.0
SMIM24,0.0,0.0,0.0,0.0,0.0,0.0,0.0,303.9207,0.0,1673.7408,0.0,0.0,0.0,813.3036,0.0,0.0,0.0,0.0,227.86983,0.0,0.0,0.0,0.0,0.0,0.0,0.0,0.0,0.0,0.0,0.0
MAP2K2,60.876278,97.55316,83.46035,221.66426,446.72833,0.0,44.015335,83.932625,95.850044,46.885757,124.00163,734.5752,0.0,87.049095,172.60114,0.0,49.34433,327.21912,76.68447,0.0,234.80594,200.50963,0.0,64.58587,0.0,23.76794,0.0,557.6721,165.34315,186.24619
CREB3L3,0.0,0.0,0.0,0.0,1.0563678,3.9863374,0.0,2.9322176,0.0,0.0,0.0,2.73633,0.0,0.0,0.0,0.0,0.0,0.0,0.0,0.0,0.0,0.0,0.049279075,0.0,13.610953,0.0,0.0,2.7968545,0.0,0.0
EBI3,0.0,0.0,25.51465,0.0,0.0,0.0,0.0,0.0,0.0,0.0,0.0,0.0,0.0,0.0,0.0,0.0,0.0,0.0,0.0,0.0,0.0,0.0,0.0,0.0,18.327486,0.0,0.0,0.0,0.0,659.99194
SHD,0.0,0.0,0.0,0.0,0.0,0.0,0.0,0.0,0.0,9.994198,0.0,0.0,0.0,0.0,0.0,0.0,661.39453,0.0,0.0,0.0,0.0,0.0,0.0,0.0,0.0,0.0,0.0,0.0,0.0,0.0
CHAF1A,0.0,0.0,0.0,18.690475,86.56212,94.547806,31.70663,69.47394,0.0,12.208857,38.787872,0.0,900.904,0.0,24.865662,109.43302,338.16776,73.76662,14.692085,11.830852,0.0,0.0,0.0,0.0,103.222664,65.6879,84.63726,82.380905,89.33515,224.479
MYDGF,343.11932,144.55666,0.0,741.37775,286.27072,503.7423,708.74316,286.5651,64.67296,273.02747,331.331,498.74625,0.0,1113.0466,285.46954,0.0,1246.1008,60.649418,425.65384,810.4904,724.7799,4270.634,646.22626,0.0,849.7497,178.9787,597.8437,703.8021,357.08392,451.2317
AC005523.1,0.8767636,0.0,0.44145614,0.48410827,0.0,0.0,0.0,0.0,0.0,0.0,0.0,3.4285858,0.0,0.0,0.0,1.0028628,0.0,0.0,32.13423,0.0,0.0,0.0,0.0,0.0,17.206326,0.0,0.0,0.0,0.0,0.0
UHRF1,0.0,0.0,0.0,0.0,0.0,0.0,0.0,178.29327,0.0,198.5951,0.0,0.0,2103.6724,109.74112,0.0,0.0,30.480097,0.0,1029.4056,0.0,0.0,0.0,243.48593,0.0,0.0,0.0,0.0,0.0,0.0,0.0
RETN,0.0,3026.5327,0.0,0.0,0.0,0.0,0.0,0.0,0.0,0.0,0.0,0.0,797.15344,4764.555,357.76633,0.0,0.0,0.0,0.0,0.0,0.0,0.0,1397.7778,0.0,0.0,4.224538,0.0,0.0,0.0,0.0
ANGPTL4,0.0,0.0,0.0,0.0,0.0,0.0,0.0,0.0,0.0,0.0,0.0,0.0,0.0,0.0,0.0,0.0,0.0,0.0,0.0,0.0,0.0,0.0,0.0,0.0,703.9975,731.54535,356.4276,0.0,0.0,0.0
MARCH2,11.748973,19.13005,0.0,103.26948,14.644159,21.456367,5.092315,0.0,270.328,0.0,223.54767,0.0,0.0,0.0,156.6513,7.6838536,278.7521,1108.228,0.0,0.0,0.0,16.586279,0.0,3611.0476,0.0,0.0,0.0,9.865188,199.17776,0.0
MRPL4,204.90196,13.649553,87.111565,187.54996,577.9326,781.75684,169.32098,305.6037,0.0,229.23416,86.838554,147.50761,169.95618,352.4826,364.9727,0.0,206.22003,130.0745,270.758,7.602749,328.67267,0.0,230.60698,0.0,189.76733,119.89388,0.0,130.87402,180.12144,29.181652
ICAM4,0.0,2.5730817,0.0,0.0,75.59803,225.6423,0.0,0.0,0.0,87.985176,192.52559,0.0,64.310005,0.0,0.0,137.21033,0.0,0.0,0.0,19.438894,0.0,0.0,78.43362,0.0,0.0,0.0,0.0,0.0,0.0,0.0
ICAM5,0.0,0.0,0.05214839,0.0,0.050938714,5.669454,0.0,0.0,7.137802,0.0,0.0,0.0,0.061229676,0.0,0.0,0.15354928,0.0,14.990687,0.0,0.0,0.0,0.0,0.0,0.0,0.0,0.0,0.0,0.0,0.0,0.0
ZGLP1,0.0,49.060493,0.0,0.0,0.0,0.0,4.620006,0.0,34.276302,0.0,25.430244,0.0,0.0,8.909721,51.39004,4.288788,0.0,284.01755,0.0,0.0,96.5036,0.0,0.0,58.354904,0.0,0.0,0.0,60.327175,0.0,34.20663
KEAP1,14.720499,0.0,0.0,64.09308,209.0655,118.955605,0.0,0.6461681,2.3047194,59.680523,22.183538,1.92161,196.36728,51.587154,57.040485,0.0,28.693148,0.0,19.391125,48.250393,33.159412,0.0,137.33878,0.0,0.0,91.7957,0.0,60.312416,137.31163,35.43774
CDKN2D,231.8844,193.82127,235.58371,749.48175,0.0,47.371647,253.60707,1886.842,975.6295,0.0,563.39526,1006.1182,0.0,0.0,0.0,0.0,1502.0452,3493.8298,757.04254,814.84845,944.4413,1202.5111,585.2966,878.0475,3068.468,0.0,425.9721,508.7894,440.852,0.0
AP1M2,0.0,0.0,0.0,0.0,0.0,0.0,0.0,0.0,0.0,0.0,0.0,0.0,0.0,0.0,0.0,0.0,0.0,0.0,0.0,0.0,0.0,0.0,0.0,384.6456,0.0,0.0,0.0,0.0,0.0,0.0
SPC24,0.0,0.0,0.0,0.0,31.866894,0.0,0.0,39.56961,0.0,0.0,0.0,90.54465,486.2158,5.078855,0.0,96.21012,0.0,0.0,20.488886,8.968441,0.0,0.0,618.0904,0.0,0.0,0.0,0.0,0.0,0.0,0.0
EPOR,0.0,0.0,0.0,17.290323,283.16367,99.34644,0.0,0.0,0.0,0.0,12.021624,257.75604,90.35889,0.0,0.0,462.253,0.0,0.0,0.0,0.0,0.0,0.0,66.28697,57.805584,0.0,0.0,75.44052,3.0744898,0.0,0.0
CCDC151,0.0,39.3301,75.00904,0.0,0.0,0.0,0.0,0.0,0.0,0.0,59.953533,0.0,0.0,0.0,0.0,0.0,0.0,0.0,0.0,6.434992,44.367462,0.0,0.0,0.0,134.59608,125.24402,0.0,17.663774,25.513336,98.8291
PRDX2,421.75052,0.0,0.0,0.0,9303.676,1704.4749,0.0,147.32895,0.0,0.0,0.0,3471.0173,4780.256,0.0,117.753265,14108.565,0.0,0.0,118.44988,0.0,0.0,0.0,3930.3115,156.05717,0.0,0.0,0.0,0.0,0.0,596.23865
KLF1,0.0,0.0,0.0,0.0,832.33905,386.9069,0.0,0.0,0.0,0.0,0.0,0.0,244.94815,0.0,0.0,849.5197,0.0,0.0,0.0,0.0,0.0,0.0,693.1693,0.0,0.0,0.0,0.0,0.0,0.0,0.0
FARSA,45.721546,2.4512608,0.08586644,57.438614,376.5247,124.974945,0.0,62.178345,0.0,156.86902,30.201012,0.0,250.0717,276.49188,247.15443,100.48337,43.893066,23.84436,142.28638,122.72564,9.513814,0.0,240.79253,130.53522,0.0,57.144093,16.652906,154.47823,1.2876072,0.0
CALR,1110.0096,0.0,704.41986,2425.2834,694.427,768.4427,958.13635,1830.5232,308.43408,1859.8701,721.0495,0.0,980.16064,5355.2637,304.33676,641.7988,1586.7394,472.90936,736.1398,2505.2202,1727.5287,3725.386,2333.6245,502.0282,230.62294,514.67737,1014.6858,2230.2893,48.68867,382.57562
RAD23A,754.28143,93.79422,525.16785,490.1841,930.3759,415.81567,369.46393,476.74973,77.09298,477.58002,288.48856,1151.8859,217.45227,153.1988,585.7765,1329.7651,353.04822,460.6891,188.33264,667.5102,400.48154,165.31186,0.0,103.19664,652.0106,482.24115,0.0,693.16,0.0,0.0
GADD45GIP1,783.7155,169.87271,211.43147,553.8782,1743.4501,935.7412,442.03827,491.0582,291.00687,511.92767,461.30325,1160.5067,611.7196,1086.7289,673.258,714.4049,567.88635,695.2732,304.71213,954.80756,602.6536,1237.7876,0.0,45.135307,561.5717,452.6208,786.3309,533.5312,37.114296,104.51699
LYL1,0.0,76.14921,423.97757,0.0,0.0,499.60165,0.0,0.0,0.0,595.54456,409.66095,0.0,111.38125,334.5912,135.41438,455.784,0.0,0.0,281.7192,348.10742,0.0,0.0,636.77875,1043.8789,0.0,0.0,0.0,664.18555,0.0,0.0
MISP3,0.0,0.0,0.0,16.626413,0.0,0.0,0.0,0.0,0.0,0.0,0.0,0.0,32.103424,0.0,0.0,0.0,0.0,0.0,0.0,0.0,0.0,0.0,0.0,1106.4556,0.0,21.493519,0.0,0.0,0.0,0.0
ASF1B,0.0,0.0,0.0,0.0,0.0,0.0,0.0,111.50718,0.0,0.0,0.0,0.0,1050.6638,0.0,0.0,0.0,0.0,0.0,0.0,122.011185,0.0,0.0,318.69806,0.0,0.0,0.0,0.0,0.0,0.0,0.0
DDX39A,199.36343,0.0,203.8047,371.91248,316.82217,303.77258,243.0965,659.1383,76.393166,129.91199,25.009443,518.5481,915.90015,317.9318,551.436,31.44068,222.40962,267.38284,178.9625,164.01524,708.573,468.14233,2220.69,43.251987,683.5276,470.1704,0.0,275.73468,263.19257,33.61351
DNAJB1,2116.9277,0.0,0.0,17.123226,0.0,0.0,0.0,0.0,46.338245,0.0,0.0,0.0,0.0,0.0,15197.079,53.02665,0.0,0.0,0.0,0.0,0.0,0.0,0.0,0.0,3718.139,175.69556,0.0,0.0,204.03748,0.0
SLC1A6,0.0,0.0,0.0,0.0,0.0,0.0,0.0,0.0,0.0,73.642494,0.0,0.0,0.0,0.0,0.0,0.0,0.0,0.0,0.0,8.221006,0.0,0.0,0.0,0.0,0.0,0.8086731,0.0,0.0,0.0,0.0
NOTCH3,0.0,0.0,0.0,0.0,0.0,0.0,0.0,0.0,0.0,0.0,0.0,0.0,0.0,0.0,0.0,0.0,5.147551,0.0,0.0,0.0,0.0,1.3284701,0.0,0.0,19.584845,487.1185,41.765553,0.0,0.0,0.0
UCA1,0.0,0.0,0.0,0.0,113.65988,107.962265,0.0,0.0,0.0,0.0,0.0,10.103156,45.91062,0.0,0.0,0.031645518,0.0,0.0,0.0,0.0,0.0,0.0,0.0,0.0,0.0,0.0,0.0,0.0,0.0,0.0
TPM4,71.8267,184.4099,37.176407,252.2801,0.0,0.0,515.3319,431.38766,343.11557,645.6824,56.570717,0.0,500.54453,294.45386,194.795,0.0,438.72314,2241.0051,560.31396,1109.6118,0.0,749.38324,422.09918,3256.624,104.83749,178.95555,773.03577,446.03162,106.362854,0.0
CIB3,0.0,0.0,0.0,0.0,0.0,0.0,0.0,0.0,0.0,1.2732764,0.0,0.0,0.10562638,2.3533158,0.0,0.0,0.0,0.0,0.0,41.809322,0.0,0.0,0.0,0.0,0.0,0.0,0.0,0.0,0.0,0.16968903
AC020911.1,6.180147,0.0,8.275749,0.0,0.0,0.0,0.0,0.0,0.0,4.153942,0.0,24.026737,0.0,0.0,3.0837345,0.0,0.0,0.0,0.0,0.0,0.0,0.0,23.3835,14.706366,0.0,9.110211,0.0,0.0,0.0,5.7811255
ANKLE1,0.0,0.0,0.0,0.48086068,55.728134,73.569534,0.0,0.0,0.0,3.9413865,5.26234,28.712421,48.12289,0.0,0.0,252.08453,0.0,0.0,0.0,0.0,0.0,0.0,145.4865,0.0,0.0,0.0,0.0,0.0,0.0,0.0
IFI30,0.0,233.41873,0.0,0.0,0.0,0.0,1065.5358,0.0,2325.8137,0.0,1926.4595,0.0,0.0,0.0,0.0,0.0,0.0,0.0,0.0,0.0,0.0,0.0,0.0,0.0,0.0,131.1512,0.0,0.0,0.0,483.38306
LRRC25,0.0,149.48387,0.0,0.0,0.0,0.0,238.6126,0.0,428.08295,0.0,1659.1747,0.0,0.0,2.298517,0.0,0.0,97.992226,0.0,0.0,0.0,0.0,0.0,0.0,0.0,0.0,3.5299833,0.0,0.0,0.0,44.899876
ISYNA1,51.04086,0.0,0.0,21.10498,0.0,637.1303,0.0,0.0,0.0,531.5953,0.0,0.0,154.16615,0.0,0.0,0.0,0.6473488,0.0,0.0,64.66637,85.06499,0.0,0.0,205.50679,0.0,104.71145,100.67398,0.0,0.0,75.03877
AC011503.1,0.0,0.0,7.470889,0.0,0.0,0.0,0.0,0.0,0.0,0.0,0.0,18.43085,0.0,0.0,0.0,0.0,0.0,0.0,63.478767,0.0,0.0,0.0,0.0,1.9746128,0.0,0.0,0.0,0.0,0.0,0.0
CCNE1,0.0,0.0,0.0,0.0,201.31343,0.0,0.0,0.0,0.0,0.0,0.0,18.397669,348.0412,0.0,0.0,223.03645,0.0,0.0,0.0,0.0,0.0,0.0,12.697091,0.0,0.0,0.0,0.0,0.0,0.0,0.0
TDRD12,0.3764705,0.0,0.15468419,0.0,2.0324876,0.0,1.1218016,0.84813195,0.0,0.7818972,0.0,0.0,2.944081,0.99315226,3.594564,0.0,0.587616,6.076774,1.8469759,0.0,14.099416,0.0,1.0228261,0.0,0.0,0.0,7.349651,0.0,0.0,0.0
SLC7A10,0.0,0.0,0.0,0.0,0.0,0.0,0.0,0.0,0.0,0.0,0.0,0.0,0.0,0.0,0.0,0.0,0.0,0.0,0.0,0.0,0.0,0.0,0.0,0.0,133.13441,385.1334,0.0,0.0,86.7396,0.0
SCN1B,0.0,0.0,0.0,0.0,0.0,0.0,0.0,0.0,0.0,0.0,0.0,0.0,0.0,0.0,0.0,0.0,0.0,328.90527,0.0,0.0,0.0,0.0,0.0,1080.9501,0.0,0.0,0.0,0.0,0.0,103.93257
LGI4,0.0,0.0,0.0,0.0,0.0,0.0,0.0,0.0,0.0,0.0,0.0,0.0,0.0,0.0,0.0,0.0,0.0,0.0,4.198321,0.0,0.0,0.0,0.0,0.0,0.0,714.40955,0.0,0.0,1322.0604,45.571224
HAMP,0.0,0.0,0.0,1.080783,0.0,0.0,13.067711,12.830742,52.63974,0.0,0.0,0.0,1.9706264,0.0,0.0,0.0,15.336172,0.0,0.0,0.0,0.0,0.0,6.1522346,0.0,0.0,0.0,0.0,0.0,0.0,0.0
ZBTB32,0.0,0.0,117.96193,0.0,0.0,0.0,0.0,0.0,0.4955903,0.0,0.0,0.0,0.0,0.0,0.0,0.0,0.0,0.0,0.0,14.386802,0.0,368.74628,0.0,0.0,16.160044,0.0,0.0,0.0,51.766438,19.645191
TYROBP,0.0,15120.966,0.0,8801.346,0.0,0.0,2145.8835,0.0,20806.771,0.0,21322.863,0.0,0.0,0.0,0.0,0.0,5561.9595,0.0,0.0,0.0,0.0,0.0,0.0,0.0,0.0,0.0,0.0,0.0,0.0,7502.3906
SPINT2,227.86063,0.0,609.4396,0.0,0.0,939.95746,350.69284,1524.6007,0.0,1104.1595,0.0,992.98883,0.0,0.0,226.83308,148.81473,1388.6152,1068.2803,1186.6033,1043.0178,22.401005,0.0,0.0,1368.1868,77.37967,0.0,471.263,948.8109,966.75604,0.0
PPP1R14A,0.0,0.0,585.64874,0.0,0.0,564.0652,70.55672,899.3705,0.0,0.0,0.0,0.0,0.0,0.0,0.0,0.0,594.72754,95.54006,119.76281,0.0,0.0,0.0,0.0,694.5219,0.0,454.59323,0.0,0.0,0.0,0.0
RYR1,2.4459057,0.0,0.0,0.65984416,0.0,0.5018413,52.134666,0.0,0.0,0.0,5.41129,0.0,0.0,0.0,12.489296,0.0,0.0,0.0,0.0,0.0,0.0,0.0,0.0,0.0,0.0,0.0,18.725147,0.0,0.0,0.0
ECH1,463.6714,53.990448,442.10397,583.4359,1192.062,1007.66003,153.66158,237.01599,0.0,535.70886,304.66473,0.0,925.82513,264.30582,561.38257,286.77362,360.80078,231.61786,509.62436,393.5855,82.01487,0.0,269.44937,279.21155,0.0,307.6742,799.17773,0.0,879.8102,575.968
LGALS14,3.3511577,0.0,0.0,0.0,0.14967133,0.0,0.0,0.0,0.0,0.0,0.0,7.332758,0.0,2.6077914,0.0,0.99495775,0.31060728,15.046088,0.6663507,0.0,4.8750544,2.5108984,0.0,0.0,0.0,13.732368,10.69786,0.0,0.0,0.0
CLC,0.0,0.0,0.0,0.0,0.0,0.0,0.0,0.0,0.0,0.0,0.0,0.0,0.0,0.0,0.0,0.0,0.0,0.0,0.0,0.0,0.0,0.0,0.0,0.0,0.0,0.0,0.0,34860.49,0.0,0.0
BLVRB,0.0,1122.3746,0.0,0.0,5591.484,992.0658,0.0,0.0,0.0,0.0,122.21853,1061.8099,2701.5005,0.0,0.0,8545.271,0.0,0.0,0.0,0.0,0.0,0.0,3086.0227,0.0,0.0,0.0,0.0,0.0,0.0,5518.7803
AXL,0.0,0.0,0.0,0.0,0.0,0.0,121.28879,0.0,0.0,0.0,0.0,0.0,0.0,0.0,0.0,0.0,98.60932,0.0,0.0,0.0,0.0,0.0,0.0,0.0,0.0,43.676876,0.0,0.0,0.0,737.7951
TGFB1,416.9307,627.0393,120.13092,1249.0251,0.0,503.03595,71.800514,0.0,1106.136,0.0,559.52673,242.56628,0.0,0.0,192.70135,0.0,361.82874,1488.9296,0.0,2271.6794,44.876373,884.7049,46.321365,654.55756,0.0,173.59662,0.0,419.07614,51.706936,240.53065
TMEM91,52.41161,186.04985,0.0,56.900574,0.0,34.63209,0.0,0.0,192.28685,292.47964,0.0,0.0,0.0,0.0,68.62636,0.0,39.99358,1343.0425,16.845133,49.359703,0.0,0.0,0.0,556.11566,0.0,1.0102401,0.0,269.23694,343.1265,37.77796
CD79A,0.0,0.0,18263.36,0.0,0.0,0.0,0.0,1411.9015,0.0,0.0,0.0,0.0,0.0,0.0,0.0,0.0,0.0,0.0,3371.7087,0.0,0.0,0.0,0.0,0.0,0.0,0.0,239.28993,0.0,0.0,0.0
ATP1A3,7.1293297,0.0,0.0,59.028362,0.0,0.0,0.0,68.23555,0.0,17.00554,0.0,0.0,0.0,0.0,0.0,0.0,0.0,0.0,112.48683,0.0,0.0,0.0,0.0,0.0,18.576647,0.0,0.0,45.454533,8.236724,0.0
GRIK5,0.0,0.0,0.0,0.0,0.0,0.0,0.0,0.0,0.0,9.376175,0.0,0.0,3.8522723,2.5770607,0.0,0.0,0.0,0.0,1.6925846,12.813229,0.0,0.0,0.0,0.0,0.0,0.26714486,0.0,0.0,0.0,0.0
PAFAH1B3,165.77893,32.62533,0.0,17.092617,484.96442,625.31354,73.73286,195.87338,0.0,383.93793,19.831701,320.09323,664.1483,94.89703,38.480896,24.632027,97.68834,19.074522,475.6895,48.259254,56.06376,0.0,319.73505,10.016925,0.0,82.63633,180.72368,181.87509,137.82564,5.877059
PLAUR,0.0,1591.4927,0.0,0.0,0.0,0.0,673.78015,0.0,2563.1516,0.0,832.1069,0.0,0.0,0.0,0.0,0.0,368.66095,0.0,0.0,0.0,0.0,0.0,0.0,0.0,0.0,0.0,380.1268,0.0,0.0,0.0
KCNN4,21.133522,4.5728965,80.94503,0.0,46.46882,200.94664,1.2896599,0.0,0.0,47.691902,0.0,2.2546113,7.784807,0.0,105.43772,218.93967,0.0,64.47568,0.0,42.07314,0.0,107.375534,116.4588,0.0,0.0,0.0,269.57883,42.121296,0.0,0.0
TOMM40,176.1528,0.0,61.79087,140.43297,694.40765,636.99005,88.070274,266.54343,0.0,157.07704,1.2122575,560.8385,346.73633,137.39362,285.31052,0.0,94.180916,198.11104,168.05257,293.04816,0.0,238.4673,0.0,14.263196,0.0,630.0836,185.90546,57.322315,445.8784,0.0
APOE,0.0,0.0,0.0,0.0,0.0,182.26918,0.0,0.0,0.0,0.0,0.0,0.0,0.0,0.0,0.0,0.0,0.0,0.0,0.0,0.0,0.0,0.0,0.0,0.0,2128.023,18641.967,2090.214,0.0,313.16736,35203.285
APOC1,0.0,0.0,0.0,0.0,1008.49854,2284.6848,0.0,0.0,0.0,0.0,0.0,352.93057,700.7672,0.0,0.0,0.0,0.0,0.0,0.0,0.0,0.0,0.0,240.66582,0.0,0.0,0.0,0.0,0.0,0.0,16165.145
EXOC3L2,0.0,0.0,0.0,0.0,0.0,0.0,0.0,2.3037946,0.0,0.0,0.0,0.0,0.0,0.0,0.0,0.0,0.0,58.554615,19.449438,15.310684,0.0,0.0,0.0,0.0,0.0,0.0,0.0,0.0,0.0,0.0
CD3EAP,0.0,0.0,0.0,2.217467,115.31232,45.783184,2.3016431,4.349033,0.0,29.677887,0.0,0.0,69.031654,9.632677,93.872795,0.0,53.04445,0.0,0.0,30.147041,0.0,0.0,19.256535,0.0,0.0,0.0,12.399413,0.0,92.52727,23.310863
RTN2,0.0,0.0,0.0,0.0,0.0,0.0,0.0,0.0,0.0,38.567432,4.4928284,0.0,0.0,0.0,0.0,0.0,8.928775,14.067355,0.0,61.84992,0.0,0.0,0.0,197.66025,0.0,28.99941,0.0,81.37612,0.0,0.0
VASP,365.99713,367.61664,461.41156,734.45154,0.0,39.228027,657.2433,54.766968,0.0,31.597767,1558.677,0.0,0.0,0.0,173.14725,14.534266,60.843864,825.5162,52.645084,2777.316,0.0,0.0,69.018715,146.5552,0.0,0.0,326.03363,57.17446,400.06485,149.06781
PTGIR,0.0,9.254601,0.0,0.0,0.0,0.0,40.427708,0.0,38.75555,14.7976265,71.669304,0.0,0.0,0.0,0.0,0.0,0.0,501.1225,0.0,0.0,0.0,0.0,0.0,388.96533,0.0,73.15536,0.0,0.0,0.0,0.0
GNG8,7.5897765,0.0,17.17077,0.0,0.0,0.0,0.0,0.0,0.0,6.255077,0.0,0.0,0.0,0.0,0.0,0.0,0.0,0.0,0.0,0.0,0.0,0.0,0.0,0.0,0.0,0.0,0.0,24.273924,0.0,0.0
SLC1A5,0.0,4.17157,0.0,40.358295,72.10033,10.516277,8.761948,24.438772,0.0,0.0,61.501587,44.012043,198.58444,41.223656,18.745596,173.23828,201.31667,0.0,56.22274,0.0,0.0,53.128025,130.61153,0.0,315.9762,323.68936,36.981335,54.432087,106.45274,57.701706
C5AR1,0.0,430.79004,0.0,0.0,0.0,0.0,0.0,0.0,743.8002,0.0,1280.5149,0.0,0.0,0.0,0.0,0.0,0.0,0.0,0.0,0.0,0.0,0.0,0.0,0.0,0.0,87.06911,0.0,0.0,0.0,0.0
LIG1,61.979958,0.0,31.290012,4.3801136,0.0,0.0,0.0,39.316498,0.0,46.773712,0.0,223.19572,1567.5424,0.0,49.267982,44.18751,15.295008,103.048416,0.0,43.10265,82.6436,40.167698,0.0,102.31351,69.69515,0.0,15.263153,224.39764,0.0,0.0
RASIP1,4.462601,0.0,0.0,0.0,0.0,9.903664,0.0,0.0,0.0,3.595929,0.0,6.129059,25.569263,2.3033109,0.0,0.0,0.0,0.0,2.141295,0.082218744,0.0,6.286838,5.8828154,1.1861211,158.86328,21.941235,6.9750767,0.0,7.2191825,0.0
FTL,13567.388,62148.37,17603.936,7430.7075,11512.093,11503.974,11536.47,2918.5325,105621.0,11134.027,108735.82,11280.861,0.0,15225.452,11309.403,4558.112,10071.976,21685.42,3622.9807,9819.576,34835.477,8879.19,0.0,15461.653,10423.084,20317.701,23612.904,22238.145,17152.912,315659.8
RUVBL2,19.518532,0.0,0.0,76.36049,578.9433,378.9774,35.62533,219.69632,0.0,286.6481,40.070854,181.55688,351.90958,504.0777,28.077162,0.0,56.02872,0.0,251.76399,119.30705,7.382135,0.0,976.9753,75.20735,0.0,17.037914,148.89731,178.14885,36.873276,0.0
PRMT1,354.4128,0.0,379.62872,334.523,733.4959,1113.7666,110.07985,395.46976,0.0,570.88885,57.210377,0.0,62.413433,166.70445,289.04788,0.0,267.81927,119.64967,727.8148,658.9759,81.42319,198.98578,255.92545,153.30841,0.0,199.62593,68.632706,498.83713,463.5046,17.009869
CLEC11A,32.516994,0.0,0.0,0.0,0.0,264.3451,0.0,54.022896,0.0,803.71936,24.946236,0.0,207.76256,4201.489,0.0,0.0,15.720255,0.0,294.0896,172.01926,19.268612,0.0,221.65622,18.662012,84.552025,468.25293,23.602888,446.8513,276.16833,4.624734
AC010325.1,3.4107215,0.0,1.1241877,0.0,0.0,0.72658974,2.4757555,0.0,0.0,0.0,0.0,0.0,0.0,0.0,0.0,0.0,0.449915,0.0,0.0,0.0,4.6698694,0.0,0.0,0.0,33.29183,0.0,0.0,0.0,0.0,0.0
C19orf48,114.88096,0.0,100.07171,85.11429,500.88855,413.5197,0.0,240.0411,0.0,426.40787,0.0,290.76904,903.3682,302.98633,62.98409,36.706863,15.055691,20.542263,205.2307,388.5758,90.11916,151.89847,306.69202,73.91942,191.23918,0.0,85.17611,376.91214,168.06674,115.75371
KLK1,0.0,5.1412497,158.79501,0.0,0.0,0.0,0.0,0.0,6.4409475,0.0,0.0,0.0,33.36811,0.0,0.0,0.0,16.243946,0.0,0.0,0.0,0.0,0.0,0.0,0.0,0.0,0.0,0.0,0.0,0.0,23.230757
NKG7,0.0,0.0,0.0,63627.04,0.0,0.0,0.0,0.0,0.0,0.0,0.0,235.30997,495.31445,871.08276,0.0,0.0,0.0,3709.6914,0.0,1391.6162,609.4639,0.0,566.96643,1195.7349,0.0,1139.2546,588.9708,1095.008,2576.5247,0.0
LIM2,0.0,0.0,0.0,96.01048,0.0,0.0,0.0,0.0,0.0,0.0,1.0560315,0.0,0.0,0.0,0.0,0.0,0.0,0.0,0.0,0.0,0.0,0.0,0.0,0.0,0.0,4.1598716,0.0,0.0,0.0,0.0
LILRB2,0.0,356.37875,0.0,0.0,0.0,0.0,0.0,0.0,306.86688,0.0,1621.5918,0.0,0.0,0.0,0.0,0.0,101.12007,0.0,106.59082,0.0,0.0,0.0,0.0,0.0,0.0,0.0,8.295426,0.0,0.0,0.0
LILRA5,0.0,748.9949,0.0,0.0,0.0,0.0,0.0,0.0,0.0,0.0,1838.2614,0.0,0.0,0.0,0.0,0.0,94.382,0.0,0.0,0.0,0.0,0.0,0.0,0.0,0.0,2.4627438,0.0,0.0,0.0,0.0
LILRA4,0.0,0.0,0.0,0.0,0.0,0.0,0.0,0.0,0.0,0.0,0.0,0.0,0.0,0.0,0.0,0.0,3842.2153,0.0,0.0,0.0,0.0,0.0,0.0,0.0,0.0,0.0,0.0,0.0,0.0,0.0
LILRB4,0.0,100.94639,0.0,0.0,0.0,0.0,271.0737,0.0,29.527145,0.0,128.8474,0.0,0.0,3.3896224,0.0,0.0,1482.9956,0.0,0.0,0.0,0.0,0.0,79.17781,0.0,0.0,0.0,0.0,0.0,0.0,100.88816
KIR3DL2,0.0,0.0,0.0,502.56015,0.0,0.0,0.0,0.0,0.0,16.196407,0.0,0.0,0.0,0.0,24.63878,0.0,0.0,0.0,0.0,0.0,0.0,0.0,0.0,0.0,128.81874,61.90046,16.188093,0.0,0.0,0.0
GP6,0.0,0.0,0.0,8.649295,0.0,0.0,0.0,0.0,0.0,0.0,0.0,0.0,0.0,0.0,19.681204,0.0,0.0,289.08612,0.0,92.256195,0.0,0.0,0.0,227.65646,19.775358,0.0,0.0,0.0,0.0,0.0
DNAAF3,0.0,0.0,0.0,0.0,0.0,2.2538035,0.0,0.0,0.0,5.6537185,0.0,0.0,0.0,0.0,0.0,0.0,0.0,47.62034,0.0,26.890633,0.0,0.0,5.5194383,0.0,0.0,0.0,0.0,0.0,0.0,0.0
UBE2S,9.196412,36.862526,0.0,48.4098,0.0,0.0,2.5726278,128.14203,56.956608,20.605513,33.57441,81.72312,0.0,100.666595,215.52469,0.0,115.333305,0.0,47.40349,0.0,0.0,159.48581,2008.827,0.0,452.40964,99.46471,131.95073,0.0,0.0,43.23783
ISOC2,0.0,6.8922772,0.0,86.45423,657.4979,477.17557,79.624504,3.8336864,0.0,106.11856,49.44038,271.0908,334.8421,221.67546,127.17556,0.0,183.72083,0.0,46.28766,16.587656,0.0,0.0,647.19556,16.77609,0.0,20.754086,43.42914,115.550865,104.03953,130.58066
SLC27A5,114.44068,0.0,27.175026,26.657284,0.0,830.05005,0.0,78.01422,0.0,105.4182,0.0,0.0,0.0,283.72757,0.0,0.0,1.6427375,0.0,4.819536,0.0,84.398834,0.0,0.0,22.908577,0.0,41.444202,0.0,0.0,189.06631,357.1639
TRIM28,49.214985,12.105312,9.903678,28.578602,30.213432,337.98874,22.714119,196.44379,0.0,113.01771,47.41343,1013.035,177.39098,506.9878,141.28569,0.0,111.67669,169.2658,76.75477,243.85123,0.0,0.0,45.835857,0.0,385.2442,128.12236,149.71835,0.0,14.016128,0.0
ZFY-AS1,0.0,0.0,0.29783052,0.0,0.0,0.98966473,0.0,0.0,0.0,0.0,5.5839,0.0,0.0,14.778569,8.279116,4.817862,0.0,7.5821347,0.0,0.0,0.0,0.81968296,0.0,1.1973128,0.0,0.0,0.0,0.0,0.0,0.0
TMSB4Y,0.0,3.248173,0.010695301,2.3995924,0.589399,0.0,0.0,0.0,18.066116,35.310684,0.0,3.082674,26.346539,19.58648,0.0,0.0,17.233643,311.03506,41.312202,0.0,0.0,0.0,0.0,81.612076,0.0,13.804718,30.767311,15.605753,9.171211,0.0
EIF1AY,42.363316,33.089676,493.8211,130.95624,425.46887,199.57855,146.87212,0.0,143.9719,252.69667,189.43254,1235.2458,255.94722,0.0,192.40489,1191.3333,419.68097,122.18304,593.8712,241.7768,0.0,213.09091,560.5505,318.94348,437.1219,100.12505,341.7758,133.01756,138.46536,27.599022
RPS4Y2,0.0,0.0,0.0,0.0,0.0,0.0,0.0,0.0,0.0,0.0,0.0,0.0,0.0,0.0,0.0,0.0,0.0,0.0,731.4268,0.0,0.0,0.0,0.0,0.0,0.0,0.0,0.0,0.0,230.6776,0.0
CDC45,0.0,0.0,0.0,0.0,0.0,19.46769,0.0,17.65789,0.0,0.0,0.0,0.10200667,754.26544,0.0,0.0,0.0,0.0,0.0,5.229148,36.915348,0.0,0.0,0.0,0.0,0.0,0.0,0.0,0.0,0.0,0.0
CLDN5,0.0,0.0,0.0,0.0,0.0,0.0,0.0,0.0,0.0,0.0,0.0,0.0,0.0,0.0,0.0,0.0,0.0,102.249504,0.0,0.0,0.0,0.0,0.0,1753.3594,0.0,0.0,7.3101687,0.0,0.0,0.0
AC000093.1,0.0,0.0,0.0,0.0,0.0,0.0,0.0,0.0,0.0,3.4601166,0.0,0.0,0.0,0.0,0.0,0.0,0.0,6.3515134,0.0,23.397161,0.0,0.0,0.0,82.06433,0.0,0.0,0.0,0.0,0.0,0.0
TANGO2,31.673866,35.48356,28.236374,77.923035,183.04033,9.574043,0.0,55.038612,14.44042,18.469059,58.374382,82.27588,0.0,0.0,52.346085,562.0201,29.80945,99.760315,0.0,64.94519,0.0,0.0,0.0,163.09842,15.986822,0.0,81.9373,96.78044,0.0,19.15453
RANBP1,626.87036,0.0,218.65166,428.79083,1577.5084,1780.5316,496.0387,1143.9591,124.54263,1076.3287,235.98013,1094.9542,5482.978,1647.8024,670.54114,141.46729,774.4748,25.63952,637.4248,1520.5819,8.877373,202.43016,2427.7258,211.33759,0.0,855.3482,786.9448,315.5435,1173.2467,493.61514
IGLV6-57,0.0,0.0,0.0,0.0,0.0,0.0,0.0,0.0,0.0,0.0,0.0,0.0,0.0,0.0,0.0,0.0,0.0,0.0,2.170792,0.0,0.0,394.18753,0.0,0.0,0.0,0.0,0.0,0.0,0.0,0.0
VPREB1,0.0,0.0,0.0,0.0,0.0,0.0,0.0,6011.753,0.0,0.0,0.0,0.0,0.0,0.0,0.0,0.0,0.0,0.0,15830.534,0.0,0.0,0.0,0.0,0.0,0.0,0.0,0.0,0.0,0.0,0.0
IGLV3-25,0.0,0.0,0.0,0.0,0.0,0.0,0.0,0.0,0.0,0.0,0.0,0.0,0.0,0.0,0.0,0.0,0.0,7.829011,0.0,0.0,0.0,273.60132,0.0,0.0,0.0,0.0,0.0,0.0,0.0,0.0
IGLV2-23,0.0,0.0,0.0,0.0,0.0,0.0,0.0,0.0,0.0,0.0,0.0,0.0,0.0,0.0,0.0,0.0,0.0,0.0,0.0,0.0,17.348688,355.86728,0.0,0.0,0.0,0.0,0.0,0.0,0.0,0.0
IGLV3-21,0.0,0.0,0.0,0.0,2.9873405,0.0,0.0,11.12618,12.860769,0.0,0.3509601,55.41622,0.0,0.0,0.0,0.0,0.0,0.0,0.0,0.0,0.8528513,659.03265,0.0,39.934113,0.0,0.0,20.186071,13.918608,8.071447,5.266128
IGLV3-9,0.0,0.0,0.0,0.0,10.949969,0.0,0.0,0.8863446,50.71024,7.5545387,0.0,1.4287928,0.0,0.0,0.47489226,0.0,0.0,0.0,0.2632055,0.0,0.0,162.75925,0.0,4.5239644,88.319405,10.804139,0.0,0.0,0.0,151.7603
IGLV3-1,0.0,0.0,0.0,0.0,0.0,0.0,0.0,0.0,0.0,0.0,0.0,0.0,0.0,0.0,0.0,0.0,0.0,0.0,0.0,0.0,0.0,1080.744,0.0,0.0,0.0,0.0,0.0,0.0,0.0,0.0
IGLL5,0.0,0.0,214.29018,0.0,0.0,0.0,0.0,1746.606,0.0,0.0,0.0,0.0,0.0,0.0,0.0,0.0,0.0,0.0,751.8995,0.0,0.0,8683.676,0.0,0.0,0.0,0.0,0.0,0.0,0.0,0.0
IGLC2,0.0,0.0,22696.293,0.0,0.0,0.0,0.0,8575.872,0.0,0.0,0.0,217.47562,0.0,0.0,0.0,0.0,0.0,0.0,1634.128,0.0,0.0,44192.07,0.0,2677.9531,0.0,0.0,1063.8387,0.0,0.0,0.0
IGLC3,0.0,0.0,10379.063,0.0,0.0,0.0,0.0,5385.68,0.0,0.0,0.0,1241.087,0.0,0.0,0.0,0.0,0.0,0.0,3064.0735,0.0,0.0,23612.57,0.0,3715.3704,0.0,0.0,1097.9724,0.0,1607.7451,0.0
IGLC6,0.0,0.0,354.80655,0.0,0.0,0.0,0.0,105.85599,0.0,0.0,0.0,74.84566,0.0,0.0,0.0,0.0,0.0,0.0,667.127,0.0,0.0,669.4716,0.0,383.8022,0.0,0.0,0.0,0.0,0.0,0.0
IGLC7,0.0,0.0,211.23007,0.0,0.0,0.0,0.0,0.0,0.0,0.0,0.0,0.0,0.0,0.0,4.031981,0.0,0.0,0.0,51.549244,0.0,0.0,4447.778,0.0,66.55795,0.0,0.0,0.0,0.0,0.0,0.0
IGLL1,0.0,0.0,0.0,0.0,0.0,0.0,0.0,8571.051,0.0,1346.8948,0.0,0.0,2673.3567,1183.3325,0.0,0.0,0.0,0.0,19496.186,0.0,0.0,0.0,5132.025,0.0,0.0,0.0,0.0,0.0,0.0,0.0
AP000345.2,0.0,0.0,0.0,0.0,0.0,0.0,0.0,16.009844,0.0,0.012007292,0.0,0.0,0.0,0.0,0.0,0.0,0.0,0.0,109.74542,0.0,0.0,0.0,18.062897,0.0,0.0,0.0,0.0,0.0,0.0,0.0
RGL4,716.58777,0.0,0.0,64.697914,0.0,0.0,0.0,0.0,0.0,416.8224,18.975445,0.0,0.0,132.41888,0.0,0.0,0.0,0.0,402.75952,0.0,0.0,0.0,0.0,0.0,0.0,50.878586,0.0,0.0,0.0,0.0
VPREB3,0.0,0.0,2671.909,0.0,0.0,0.0,0.0,7731.2456,0.0,0.0,0.0,0.0,0.0,0.0,0.0,0.0,0.0,0.0,17708.637,0.0,0.0,0.0,0.0,0.0,0.0,0.0,0.0,0.0,0.0,0.0
DERL3,0.0,0.0,102.40961,0.0,0.0,0.0,0.0,207.55838,0.0,0.0,0.0,0.0,0.0,0.0,0.0,0.0,2416.8516,0.0,0.0,0.0,0.0,2878.261,0.0,0.0,0.0,0.0,0.0,0.0,0.0,0.0
MIF,1475.6174,71.589874,502.5269,903.5435,0.0,4914.714,730.13367,1366.655,965.06177,1298.0953,248.25525,0.0,591.23376,3256.676,1344.6887,0.0,554.4447,779.62024,394.9415,275.17258,944.6118,1352.2936,182.74118,385.1701,1710.5677,373.11963,850.273,904.6996,701.78406,105.33454
GGT5,0.0,0.0,0.0,0.0,0.0,0.0,0.0,0.0,0.0,0.0,0.0,0.0,0.0,0.0,0.0,0.0,0.0,0.0,0.0,0.0,0.0,0.0,0.0,0.0,187.92822,1406.3201,384.5613,0.0,213.82843,0.0
GUCD1,3.9742854,10.10978,627.222,67.75617,412.30252,52.64401,0.0,66.6553,91.95503,41.025345,47.449272,159.34343,0.0,59.029297,77.924545,286.13083,92.49302,59.852962,436.77374,79.22729,92.87358,0.0,0.0,77.849976,0.0,23.711504,186.62816,350.18863,81.71511,0.0
XBP1,1087.6367,81.83931,0.0,865.9326,40.09054,0.0,0.0,0.0,541.8772,1947.9135,0.0,139.40001,0.0,1631.4346,936.255,0.0,1510.1847,320.37918,3070.8174,2364.2148,1068.4398,6397.6333,1052.8822,163.26878,1922.655,198.63214,1226.3038,574.4049,1794.2445,272.6905
GAS2L1,0.0,9.746321,0.0,0.0,70.091774,0.0,0.0,0.0,39.96738,0.0,36.94123,0.0,0.0,0.0,0.0,179.89874,0.0,125.67775,0.0,50.313885,0.0,0.0,0.0,920.5323,0.0,0.0,0.0,284.4711,0.0,181.4997
NEFH,0.0,0.0,0.0,1.8357903,20.576683,29.329168,0.0,0.0,0.0,5.889384,30.499619,0.0,0.0,2.8923485,105.82204,0.0,0.0,0.0,0.0,0.0,0.0,0.0,14.611086,0.0,0.0,1.4970556,0.0,0.0,27.581762,9.712553
SMTN,0.0,0.0,0.0,0.0,0.0,0.0,0.0,0.0,0.0,0.0,0.0,0.0,0.0,0.0,0.0,0.0,0.0,446.96973,0.0,0.0,0.0,0.0,524.01624,0.0,29.688738,23.734545,0.0,0.0,0.0,0.0
PISD,29.157808,30.922127,39.6389,40.99314,272.7252,32.13674,0.0,47.23916,35.1424,55.661896,23.842688,318.74985,0.0,4.1454325,4.8040752,0.0,16.655584,116.812256,37.039886,9.248262,41.044846,57.717422,132.22119,0.0,0.0,0.0,30.427008,0.0,0.0,8.599994
YWHAH,0.0,171.6349,224.13496,237.04982,508.33264,374.53818,734.978,229.05144,0.0,309.2782,317.8787,14.339829,1799.1418,478.8935,501.5207,564.5484,77.97413,503.70044,310.9966,350.25558,0.0,130.0306,1404.7206,2770.1,0.0,217.11455,640.34534,53.558044,61.446682,527.94867
RFPL2,1.146325,0.0,0.0,0.0,0.0,0.0,0.0,0.0,0.13549997,0.0,0.0,0.0,0.0,0.0,0.0,58.129307,1.52816,0.0,0.0,0.0,0.0,0.0,0.0,0.0,0.0,18.127264,26.22144,0.0,0.0,0.0
FBXO7,249.43088,9.541943,209.21207,492.1955,978.81696,1158.3167,117.70782,363.94806,290.8024,167.44136,135.84111,777.19135,169.00655,52.861336,578.8473,991.0261,246.28026,489.85764,605.88873,379.96066,1184.207,517.3834,424.06543,167.1728,661.4339,645.4427,485.6216,903.26447,473.70435,122.60472
TIMP3,0.0,0.0,0.0,0.0,0.0,4.0495286,0.0,0.0,0.0,10.621407,0.0,0.0,0.0,0.0,0.0,0.0,0.0,0.0,0.0,65.380516,0.0,0.0,0.0,0.0,376.91055,149.23524,801.02423,588.29065,0.0,0.0
HMOX1,0.0,10.377777,0.0,0.0,0.0,0.0,0.0,0.0,1248.1694,0.0,1114.8798,0.0,0.0,0.0,0.0,0.0,0.0,0.0,0.0,0.0,0.0,0.0,0.0,0.0,207.63602,27.619043,2179.4949,0.0,0.0,9173.219
MCM5,0.0,0.0,117.97624,75.3698,278.9928,240.71309,100.94907,107.52277,0.0,168.71492,76.650505,0.0,2366.2747,122.04758,68.56867,226.60825,285.25613,0.0,123.53333,143.30824,60.319077,0.0,0.0,0.0,0.0,0.0,59.74231,33.900967,37.566547,265.2969
APOL4,0.0,0.0,0.0,0.0,90.00863,0.0,0.0,0.0,0.0,0.0,0.0,0.0,0.0,0.0,0.0,38.780186,0.0,0.0,0.0,0.0,0.0,0.0,95.2083,0.0,13.348752,375.19913,0.0,0.0,37.003086,0.0
TST,0.0,31.477882,0.0,0.0,206.77917,112.36424,0.0,0.0,0.0,0.0,0.0,41.397816,145.10669,30.385054,0.0,65.6312,0.0,0.0,0.0,0.0,0.0,0.0,233.54106,172.68268,0.0,0.0,0.0,0.0,0.0,0.0
MPST,0.0,144.51945,0.0,258.00058,555.57056,661.17505,169.98726,495.1124,33.656235,185.99153,115.39148,264.48474,238.66966,331.07083,0.0,240.85696,29.786758,0.0,427.48334,0.0,0.0,0.0,1022.69,392.24832,0.0,0.0,0.0,72.63172,113.212036,0.0
ELFN2,0.0,0.0,0.0,0.0,0.0,0.0,0.0,5.28378,0.0,0.0,3.4266026,0.0,0.06894526,0.0,0.0,0.0,0.0,0.0,12.483175,0.0,0.0,4.485898,0.0,0.0,0.0,0.0,0.0,0.0,0.0,0.0
LGALS2,0.0,1235.2637,0.0,0.0,0.0,0.0,1794.9187,0.0,3245.5852,0.0,1012.1538,0.0,0.0,0.0,0.0,0.0,0.0,0.0,0.0,0.0,0.0,0.0,0.0,0.0,0.0,0.0,0.0,0.0,0.0,0.0
LGALS1,0.0,18263.715,0.0,3511.3638,0.0,0.0,13701.926,0.0,6243.1084,0.0,7844.1016,1033.5424,0.0,15547.701,0.0,0.0,3365.5496,1328.7172,0.0,1837.2899,4971.1206,1574.7622,13006.157,0.0,0.0,0.0,4803.914,7049.7637,1613.6023,1154.0793
H1F0,0.0,126.14449,0.0,0.0,87.65704,0.0,0.0,0.0,358.14337,673.1288,40.056736,1084.1035,0.0,222.17769,0.0,1018.23175,13.541329,0.0,421.39288,235.02003,0.0,0.0,0.0,612.30725,0.0,0.0,72.841125,19.707804,0.0,591.2872
GCAT,0.0,0.0,0.0,0.0,132.39366,125.51616,0.0,0.0,0.0,106.10677,0.0,124.10757,64.75365,42.826916,0.0,0.0,0.0,0.0,0.0,11.762616,0.0,0.0,11.79452,0.0,0.0,79.371346,0.0,0.0,0.0,0.0
APOBEC3A,0.0,117.65892,0.0,0.0,0.0,0.0,0.0,0.0,1304.1036,0.0,1134.8453,0.0,0.0,0.0,0.0,0.0,0.0,0.0,0.0,0.0,0.0,0.0,0.0,0.0,0.0,0.0,0.0,0.0,0.0,0.0
APOBEC3C,180.19032,151.22661,664.5132,1187.8354,523.7716,733.0423,151.34183,275.71793,46.48554,10.843209,541.2261,6.1229024,280.9064,91.718506,286.3238,319.61365,167.97751,110.02057,224.95769,263.49548,0.0,472.86484,467.88892,187.4318,0.0,32.45325,88.53139,177.76799,1429.7102,0.0
PDGFB,0.0,0.0,0.0,0.0,0.0,0.0,0.0,0.0,0.0,0.0,0.0,0.0,0.0,0.0,0.0,0.0,26.530888,330.7869,0.0,0.0,0.0,0.0,0.0,0.0,0.0,0.0,0.0,0.0,0.0,133.87932
AL022326.1,4.075559,0.0,0.0,0.14343704,0.0,22.855577,0.0,0.0,0.0,0.0,0.0,0.0,0.0,2.725835,15.235342,0.0,0.0,0.0,29.99246,0.0,5.3845177,0.0,0.0,6.0717335,0.0,5.5668654,0.0,0.0,0.0,0.0
SYNGR1,0.0,0.61878026,0.0,456.84738,1744.4198,365.64304,0.0,0.0,0.0,58.991558,0.0,693.0237,1056.5845,269.9822,0.0,917.6508,0.0,0.0,783.13245,0.0,0.0,0.0,886.9046,0.0,0.0,0.0,0.0,0.0,0.0,0.0
GRAP2,566.01117,0.0,0.0,59.536922,0.0,0.0,0.0,0.0,0.0,0.0,0.0,0.0,0.0,0.0,0.0,0.0,0.0,0.0,0.0,0.0,0.0,0.0,0.0,7364.3203,0.0,0.0,0.0,7.452034,0.0,0.0
RBX1,613.1465,464.34476,321.18744,736.57764,1366.7638,1039.9175,708.6505,1009.2202,270.6768,674.3679,1080.2922,587.3918,1674.2057,1141.4719,1498.6222,926.8303,1187.5782,346.7717,610.0496,854.68506,871.9094,716.9917,1998.3914,3782.303,10.876639,749.70264,562.22766,252.71275,0.0,510.40796
CHADL,0.0,0.0,0.0,0.0,0.0,0.0,0.0,0.0,0.0,0.0,0.0,0.0,0.0,0.0,0.0,0.0,0.0,312.02267,0.0,0.0,5.183244,0.0,0.0,0.0,0.0,0.0,4.275259,0.0,0.0,0.0
CENPM,29.188046,0.0,147.27423,0.0,0.0,26.331427,0.0,85.088936,0.0,0.0,0.0,0.0,1768.719,94.49994,0.0,0.0,0.0,0.0,0.0,0.0,0.0,0.0,811.43964,0.0,0.0,0.0,18.26646,6.659331,264.16882,37.823463
Z93241.1,0.0,0.0,0.0,9.939761,0.0,0.0,0.0,0.0,0.0,0.0,0.0,0.0,0.0,0.0,10107.239,0.0,641.2913,0.0,143.96939,0.0,0.0,0.0,0.0,3.0653722,0.0,0.0,0.0,57.30707,0.0,0.0
A4GALT,0.0,0.0,0.0,0.0,173.37503,0.0,0.0,0.0,23.900944,0.0,0.0,153.41962,23.178503,0.0,0.0,199.77007,0.0,0.0,0.0,0.0,0.0,0.0,84.620705,0.0,0.0,67.11015,0.0,0.0,0.0,0.0
TTLL12,0.0,6.0214353,0.0,0.0,188.79126,214.749,0.0,0.0,0.0,20.699245,4.3139815,69.12484,79.87128,89.98551,19.122833,14.183459,0.0,0.0,8.922682,27.499624,0.0,0.0,237.9509,17.25799,0.0,2.2202072,121.01857,16.490973,144.55,0.0
SAMM50,112.89144,23.728107,46.15539,149.07295,386.36737,252.70576,92.540276,142.9239,0.0,168.45772,49.340572,186.99136,496.1544,63.733597,131.66217,160.64363,61.398346,3.8783271,157.23293,124.33158,0.0,271.72397,48.601803,91.1925,0.0,180.69759,0.0,191.3922,90.55115,0.0
PARVB,0.0,21.537397,122.85134,0.0,451.43643,221.99144,147.2659,0.0,61.73378,101.61695,42.564507,124.091,322.76157,31.187363,56.965454,394.65033,364.79044,295.39883,0.0,313.7208,0.0,0.0,255.67247,599.8071,0.0,0.0,56.201717,195.9985,0.0,214.19804
FBLN1,0.0,0.0,0.0,0.0,0.0,0.0,0.0,0.0,0.0,0.0,0.0,0.0,0.0,0.0,0.0,0.0,0.0,0.0,0.0,0.0,0.0,0.0,0.0,0.0,111.938774,857.6837,165.39914,0.0,562.24146,0.0
GTSE1,0.0,0.0,0.0,0.0,0.0,0.0,0.0,27.859022,0.0,0.0,0.0,0.0,23.33075,0.0,0.0,0.0,0.0,0.0,9.085126,140.11852,0.0,0.0,1374.6965,0.0,0.0,0.0,0.0,78.51265,0.0,116.558556
CELSR1,3.170657,0.0,34.39704,3.221221,0.0,0.0,0.0,0.0,0.0,6.748231,0.0,4.9285145,0.0,2.8951328,0.0,0.0,0.0,0.0,0.0,0.0,0.0,0.0,0.0,0.0,0.0,0.0,0.0,0.0,0.0,0.0
MAPK11,1.2653859,0.0,0.0,0.0,0.0,0.0,0.0,0.0,0.0,14.270083,0.0,0.0,0.0,0.0,0.0,0.0,0.0,0.0,19.829245,118.54921,0.0,8.1504755,0.0,0.0,78.47396,6.4965143,0.0,35.108807,0.0,0.0
DENND6B,11.709581,84.169914,0.0,0.0,0.0,0.0,36.63849,81.06612,100.36803,115.41427,154.94467,0.0,0.0,0.0,0.0,0.0,94.10633,635.90375,122.64212,0.0,27.702394,2.6175084,0.0,0.0,0.0,0.0,131.88806,0.0,0.0,0.0
TYMP,69.8492,3558.3777,75.42003,22.745762,0.0,0.0,1564.0809,0.0,2485.27,93.12706,5049.5234,0.0,14.921208,0.0,25.34607,0.0,444.04883,485.04007,2.5811927,0.0,77.717155,310.18167,0.0,0.0,689.9744,779.0502,394.6542,208.77371,368.84406,0.0
NRIP1,0.0,78.60628,30.634413,0.0,0.0,0.0,35.61412,45.09956,536.98425,761.0879,25.39382,405.83685,0.0,7.1658845,115.19121,0.0,47.3867,0.0,671.3935,1317.8568,0.0,0.0,0.0,0.0,0.0,0.0,152.9002,0.0,9.508164,311.8194
AJ009632.2,0.0,0.0,0.0,0.0,0.0,0.0,0.0,0.0,0.0,233.54593,0.0,0.0,0.0,0.0,0.0,0.0,0.0,0.0,0.0,95.60466,0.0,0.0,0.0,0.0,0.0,0.0,0.0,0.0,9.280413,0.0
CXADR,0.0,0.0,0.0,0.0,43.425224,118.90769,0.0,0.0,0.0,0.0,0.0,245.07516,0.0,0.0,0.0,0.0,0.0,0.0,0.0,0.0,0.0,0.0,0.0,0.0,0.0,0.0,0.0,0.0,0.0,354.4772
ADAMTS1,0.0,0.0,0.0,0.0,0.0,0.0,0.0,0.0,0.0,0.0,0.0,0.0,0.0,0.0,0.0,0.0,0.0,0.0,0.0,0.0,0.0,0.0,0.0,0.0,895.88544,358.35538,259.74744,0.0,0.0,0.0
CCT8,592.44946,110.881546,47.369152,66.94379,977.0533,1297.2495,579.8091,902.6657,10.48293,1397.1934,415.06546,800.468,1809.9404,465.44778,562.7713,387.9637,715.0806,323.30923,1462.9635,752.1372,392.9487,340.9363,578.04425,35.366894,684.76294,0.0,359.32147,491.70422,415.34485,206.87886
MAP3K7CL,0.0,0.0,0.0,0.0,0.0,0.0,0.0,0.0,0.0,0.0,0.7347142,0.0,0.0,0.0,0.0,0.0,0.0,0.0,0.0,0.0,0.0,0.0,0.0,10235.046,0.0,0.0,0.0,0.0,0.0,0.0
SOD1,3059.2922,0.0,509.6267,970.0189,3264.2905,2791.208,99.71097,864.55774,0.0,1818.1722,1291.3438,1670.0936,1707.9011,552.5407,1668.7932,814.2919,658.0567,1074.4596,986.1929,1994.3817,1970.0369,422.44952,0.0,696.42834,3990.5796,1285.3105,1926.0939,297.22104,0.0,777.48395
MIS18A,8.771549,0.0,7.746757,28.714127,234.78859,29.189924,0.0,39.320927,0.0,37.80922,0.0,55.085888,469.80502,23.695223,66.34079,0.0,10.627233,0.0,74.07107,0.0,0.0,98.55791,423.21542,55.10203,0.0,0.0,0.0,0.0,0.0,0.0
EVA1C,36.48044,0.0,0.0,34.08732,0.0,42.011734,0.0,0.0,0.0,0.0,0.0,0.4592934,27.95829,0.0,0.0,0.0,0.0,757.23846,0.0,0.0,0.0,0.0,0.0,0.0,0.0,0.0,0.0,0.0,21.700314,19.369974
TCP10L,0.0,0.0,0.0,0.72336984,3.0220978,2.787,1.7528317,3.2937794,0.0,0.0,0.0,0.0,0.0,0.5942017,0.0,0.89220554,0.0,0.0,0.0,0.0,0.0,0.0,0.0,0.0,7.864699,17.387064,0.0,0.0,2.6297908,0.0
GART,37.976803,0.0,16.09921,37.729492,350.70456,122.23145,25.050127,38.63209,0.0,116.779755,7.824824,60.246845,353.79523,34.169224,149.36357,0.0,6.387137,16.795527,44.584583,57.344116,89.30121,18.50303,0.0,3.3428898,3.370295,75.30725,153.06657,0.0,220.39288,0.0
LINC01426,0.0,0.0,1.1580778,0.0,0.0,0.0,0.0,0.0,0.0,1.5635756,0.0,15.9723835,0.0,0.0,0.0,0.0,5.6156526,0.0,0.0,0.0,0.0,0.0,0.0,0.0,0.0,76.14338,45.274593,0.0,0.0,0.0
ETS2,0.0,257.5353,0.0,0.0,0.0,176.4325,9.324547,116.294426,673.7603,736.01227,242.34836,310.6099,53.2252,97.52838,0.0,0.0,34.328762,0.0,527.7223,137.22018,0.0,0.0,253.53271,10.353775,0.0,0.0,247.42148,1118.6354,0.0,207.32898
PSMG1,5.489957,10.621677,0.0,21.669767,527.1209,369.7856,0.0,82.57117,147.32198,266.53317,39.178238,176.97255,692.32056,182.04999,127.61584,46.009487,0.0,0.0,102.43519,204.24763,73.32384,0.0,245.21904,139.14769,0.0,0.0,33.20139,92.43659,184.84941,36.46241
HMGN1,2575.5872,0.0,2069.111,1362.3171,1994.4872,3745.4705,2761.185,4443.861,118.40558,3180.3896,0.0,2193.0652,4499.676,3848.0237,1713.5035,0.0,3461.295,3512.1018,3680.3235,4365.804,2794.4104,949.8278,2122.5894,568.34845,743.4302,2670.0747,1928.3492,1732.134,3269.9824,681.4611
RSPH1,0.0,0.0,0.0,0.0,0.0,0.0,0.0,0.0,0.0,25.893616,0.0,0.0,0.0,0.0,0.0,0.0,16.90813,60.103634,8.179193,39.96243,0.0,0.0,13.6891165,0.0,0.0,0.0,0.0,0.0,0.0,0.0
SLC37A1,7.822195,0.0,120.9567,36.937965,0.0,0.0,4.498397,0.0,0.0,31.513329,0.0,0.0,0.0,9.463049,122.91887,0.0,113.27275,721.86896,17.66047,663.1388,70.86206,0.0,0.0,0.0,0.0,255.34955,0.0,0.0,0.0,0.0
CSTB,1131.2301,513.68134,172.18188,763.36786,114.9774,672.00507,2122.0688,413.6202,0.0,476.73376,2991.9634,0.0,476.25894,214.73201,335.45276,0.0,2.3220758,722.4133,290.96274,100.89379,5021.5913,118.71094,61.751545,36.230484,0.0,160.9595,0.0,274.82953,898.5169,950.99725
SLC19A1,0.0,14.627622,0.0,0.0,36.747932,122.50957,4.774309,0.0,25.250288,17.200592,40.91973,83.34081,65.43982,47.586136,167.22539,0.0,0.0,0.0,4.623134,36.06479,19.5444,0.0,17.36201,0.0,0.0,0.0,0.0,0.0,0.0,11.001665
COL6A1,0.0,0.0,0.0,0.0,0.0,0.0,0.0,0.0,0.0,0.0,0.0,0.0,0.0,0.0,0.0,0.0,0.0,0.0,0.0,0.0,672.2601,0.0,0.0,0.0,26.033062,745.98773,1112.2286,16.098606,0.0,0.0
COL6A2,14.5244055,0.0,0.0,326.29068,0.0,0.0,0.0,0.0,0.0,0.0,0.0,10.156285,0.0,0.0,0.0,0.0,0.0,0.0,0.0,0.0,1434.408,0.0,0.0,0.0,921.46466,3449.9167,0.0,8.073203,0.0,0.0
S100B,598.5753,0.0,0.0,19.856619,0.0,0.0,0.0,0.0,0.0,83.88139,16.47885,214.56873,0.0,11.914983,0.0,0.0,0.0,0.0,0.0,0.0,0.0,0.0,0.0,0.0,98.34047,1232.9374,0.0,0.0,352.7389,176.92055
MT-ND1,13618.17,4641.6978,12856.201,7487.965,6474.9487,10596.137,7032.4814,6217.552,10508.242,10941.318,5641.621,21235.4,957.996,12313.401,5362.802,0.0,8489.193,11400.61,4324.887,7330.899,10289.86,10978.519,2500.463,5125.1636,8784.644,9450.792,12107.97,12098.401,16595.576,2637.5823
MT-CO1,40849.613,38300.31,48064.207,55983.25,17155.242,33277.22,32517.951,20111.047,50470.375,32654.662,42006.777,39560.496,5142.368,36667.504,30932.83,3768.2512,33633.16,47870.82,20801.354,29217.342,47636.934,34369.812,3268.8079,14191.664,14439.392,33001.215,40316.89,39929.82,49521.723,16441.97
MT-CO2,38223.453,21430.465,39374.566,30759.54,16326.741,29831.322,19087.197,16461.637,21291.318,24544.281,24486.646,43589.582,4493.7993,37665.426,38914.53,0.0,21246.86,35014.97,15714.411,24152.79,42903.508,31744.531,3236.7473,12547.649,29765.537,25843.031,32828.297,26660.088,42144.57,6562.352
MT-CO3,43553.016,27770.158,46442.887,25943.16,21966.863,39563.633,23649.707,14240.125,31670.008,31178.004,20114.293,68738.16,4896.2783,45319.78,36054.586,365.02136,19633.404,42639.785,15194.22,25635.648,51587.74,42120.766,4950.965,8779.43,50096.97,28760.363,35301.844,43702.8,46068.938,11685.811
MT-ND4,28960.78,13553.541,30173.457,18366.766,11880.567,21074.893,14372.956,12039.104,19732.139,25144.34,12087.881,32474.012,0.0,26974.332,24949.385,0.0,16327.693,25208.342,12930.791,19198.271,28177.006,22724.43,0.0,9054.085,19232.201,19112.215,24369.553,23157.97,32946.332,5660.7686
MT-ND5,7585.8755,2583.2356,5895.561,7564.6846,4036.7139,5089.7188,3765.3494,2594.466,2550.1462,7031.55,3289.5142,6808.3037,1888.0504,8096.0493,4503.4976,0.0,4461.385,6245.113,2088.5723,5085.6396,7347.6724,7375.4155,479.6324,2366.8809,4066.4553,5257.8057,6085.4165,6172.2324,7124.6787,0.0
