cell_type,gene,scores,logfoldchanges,pvals,pvals_adj,pct_nz_group,pct_nz_reference
B naive,CD74,108.26778,5.098616,0.0,0.0,0.9992028696691909,0.505926014605531
B naive,HLA-DRA,100.11241,5.065318,0.0,0.0,0.9928258270227183,0.30542918711840056
B naive,CD79A,98.01908,6.5647407,0.0,0.0,0.883419689119171,0.052256674248772894
B naive,IGHM,94.64428,6.7956476,0.0,0.0,0.8696691909127142,0.07545193343708848
B naive,CD37,91.801384,3.059922,0.0,0.0,0.9390195296931049,0.5372919909014725
B naive,HLA-DPB1,91.40665,4.031545,0.0,0.0,0.9262654444001595,0.29695917634382857
B naive,HLA-DRB1,90.97648,4.2424746,0.0,0.0,0.9220805101634117,0.2695738058182689
B naive,HLA-DPA1,90.028,4.1663265,0.0,0.0,0.899561578318055,0.24356518616066083
B naive,HLA-DQB1,85.5173,4.382194,0.0,0.0,0.8389796731765644,0.1648808811205555
B naive,MS4A1,78.3952,7.523657,0.0,0.0,0.693503387803906,0.012001676044534898
B naive,IGKC,72.4152,4.986376,0.0,0.0,0.7196094061379036,0.2217167484736023
B naive,IGHD,71.36664,6.8575253,0.0,0.0,0.6361100039856517,0.0202621812522447
B naive,HLA-DQA1,69.13925,4.683159,0.0,0.0,0.6544440015942606,0.07156111576679038
B naive,CD52,65.411095,1.9353552,0.0,0.0,0.9473893981666003,0.7092062731952592
B naive,LAPTM5,62.94391,1.8300122,0.0,0.0,0.8762455161418892,0.6386627558960852
B naive,CD79B,61.70111,3.9472537,0.0,0.0,0.618772419290554,0.08164731234287083
B naive,TSC22D3,54.009594,1.8160932,0.0,0.0,0.8449581506576325,0.5752124985035316
B naive,LTB,53.866238,2.1711247,0.0,0.0,0.8214428058987644,0.43355680593798634
B naive,LINC00926,51.592335,7.9502997,0.0,0.0,0.454563571143882,0.004938345504609122
B naive,HLA-DMA,51.50866,2.7846837,0.0,0.0,0.5924671183738541,0.17945648270082606
B naive,CXCR4,47.23944,1.6163431,0.0,0.0,0.8264248704663213,0.5811385131090626
B naive,MEF2C,46.251312,3.4848943,0.0,0.0,0.4774810681546433,0.09942535615946367
B naive,HLA-DMB,46.097485,3.3628945,0.0,0.0,0.47489039457951376,0.08933915958338322
B naive,BTG1,45.58495,1.2249188,0.0,0.0,0.9380231167795935,0.80659643241949
B naive,TNFRSF13C,44.79006,6.410244,0.0,0.0,0.39936229573535276,0.009966479109302047
B naive,TCL1A,44.37944,4.1866827,0.0,0.0,0.42606616181745716,0.03199449299652819
B naive,BIRC3,43.967808,3.0037305,0.0,0.0,0.47249900358708646,0.11507841494073985
B naive,IGLC2,42.482506,4.1908417,0.0,0.0,0.4326424870466321,0.08628636418053394
B naive,BANK1,41.91985,6.1561017,0.0,0.0,0.37664408130729377,0.013917155512989346
B naive,CD83,40.13352,3.9679654,0.0,0.0,0.39218812275807097,0.05294504968274871
B naive,VPREB3,37.460724,3.4167697,4.018506213036933e-307,1.5709268134348995e-304,0.3736548425667597,0.038818388602897165
B naive,JCHAIN,37.156536,4.011268,3.4384498596886357e-302,1.2943853471805663e-299,0.3571143882024711,0.03274272716389321
B naive,FCER2,36.659412,7.108049,3.2397247663493176e-294,1.1974022736427078e-291,0.32423276205659624,0.004609122470968514
B naive,RALGPS2,32.956547,5.005925,3.4087285128830365e-238,1.0498883819679751e-235,0.30589876444798725,0.021878367053753144
B naive,NOP53,32.624275,0.85125893,1.856863007001686e-233,5.633777791989593e-231,0.8638899960143483,0.7385969112893571
B naive,ADAM28,31.947857,5.35483,5.785872650579084e-224,1.7045683947966902e-221,0.29254683140693505,0.01738896204956303
B naive,NCF1,31.863482,1.945328,8.563604483711241e-223,2.4868707420697444e-220,0.4292546831406935,0.16829282892373998
B naive,PLPP5,30.65915,3.9976032,1.995720965920426e-206,5.2687033500299244e-204,0.3021123953766441,0.043457440440560276
B naive,MARCH1,30.167984,3.8806407,6.232021839900843e-200,1.6036017716646118e-197,0.2913511359107214,0.03133604692924698
B naive,HVCN1,28.716604,4.4609175,2.3672598611014722e-181,5.661371583114203e-179,0.26962933439617376,0.022057943253920746
B naive,EZR,28.632072,1.777815,2.6805235244523393e-180,6.336009558728739e-178,0.42188122758070945,0.21486292350053873
B naive,IGLC3,28.47574,4.0709834,2.3400830928829403e-178,5.344854956418473e-176,0.2801913112793942,0.0363043218005507
B naive,TCOF1,27.92456,2.477336,1.343037419150351e-171,2.904389857073227e-169,0.3375846950976485,0.11373159343948282
B naive,P2RX5,27.921787,4.2092633,1.4513354481387986e-171,3.1055523147121574e-169,0.2666400956556397,0.025140668023464624
B naive,CD22,27.165268,4.988504,1.6716406751601537e-162,3.205765249495812e-160,0.24970107612594658,0.01409673171315695
B naive,ARHGAP24,26.86933,5.2534304,5.015015988530381e-159,9.267749546804144e-157,0.2433240334794739,0.009038668741769423
B naive,IRF8,26.793497,2.8953009,3.847314403269137e-158,7.045784431500451e-156,0.28517337584695096,0.05489045851789776
B naive,TXNIP,26.659857,0.90344226,1.3756660264182363e-156,2.474737963276983e-154,0.7168194499800717,0.6073566383335328
B naive,BCL11A,25.395824,2.8454826,2.8044041934741734e-142,4.711399045036612e-140,0.28935831008369867,0.08149766550939783
B naive,ISG20,24.889235,1.3458705,9.731167082749151e-137,1.5334508872722848e-134,0.43543244320446395,0.2499700706333054
B naive,RCSD1,24.330572,1.6148716,9.30968001473301e-131,1.4122923532797956e-128,0.36608210442407335,0.17314138632826528
B naive,CIRBP,24.110994,0.61299556,1.9168335323219583e-128,2.8651023562529975e-126,0.8027102431247509,0.7250089788100084
B naive,EEF1B2,23.931614,0.62401116,1.4360611653320232e-126,2.0851608120620977e-124,0.9023515344758868,0.8117143541242667
B naive,PTMA,23.923834,0.29877597,1.730489184119068e-126,2.494849938636342e-124,0.9954165005978477,0.9869507961211541
B naive,EEF2,23.91476,0.5790412,2.1507599807661706e-126,3.078918935846107e-124,0.824830609804703,0.7484436729318807
B naive,FAM129C,22.724932,3.3814692,2.5401888530383697e-114,3.3749646408211755e-112,0.2255878836189717,0.02705614749191907
B naive,BLK,22.715694,4.797668,3.1346700785321074e-114,4.1377645036623817e-112,0.2086488640892786,0.010684783909972465
B naive,FCRLA,22.488865,4.301117,5.3346838439392775e-112,6.777715823724852e-110,0.20964527700278995,0.012989345145456722
B naive,LY86,22.199646,2.1553123,3.4616067787090265e-109,4.3170271532268156e-107,0.27182144280589876,0.08404166167843888
B naive,ARPC3,21.838797,0.6687104,9.93356993909222e-106,1.19484976166785e-103,0.6759665205261061,0.5793427511073865
B naive,LIMD2,21.763708,0.81583977,5.123247482612498e-105,6.126198519208639e-103,0.584296532483061,0.47267448820782954
B naive,SNX3,21.509699,0.9001086,1.2631988170001034e-102,1.4507517261004577e-100,0.502192108409725,0.37719980845205314
B naive,EEF1A1,21.33825,0.320452,5.013660373621068e-101,5.630811495854644e-99,0.9990035870864886,0.9922183646594038
B naive,IL4R,20.98946,2.7767322,8.187026044069609e-98,8.995992725613352e-96,0.22857712235950578,0.05186759248174309
B naive,HLA-DRB5,20.831509,1.870573,2.242846567525757e-96,2.4381061510515285e-94,0.2865683539258669,0.11403088710642882
B naive,HERPUD1,20.821758,1.3409001,2.7491340963416123e-96,2.972574356937888e-94,0.37724192905540055,0.22429067400933797
B naive,SNX2,20.43709,1.8139207,7.826801540427028e-93,8.243690244238375e-91,0.3019131127939418,0.14764156590446545
B naive,GNG7,19.886564,3.173267,5.319809270448728e-88,5.301033473023615e-86,0.2070546034276604,0.03666347420088591
B naive,NFKBID,19.822256,3.2335768,1.9133627133981324e-87,1.869944097978713e-85,0.20426464726982863,0.03417933676523405
B naive,TPD52,19.705404,2.4320753,1.9378716603618645e-86,1.8848351728151187e-84,0.23595057791948984,0.07230934993415539
B naive,HLA-DOB,19.552822,6.2158613,3.903241175651386e-85,3.7426927650302534e-83,0.17437225986448784,0.0038010295702142942
B naive,CYB561A3,19.54124,2.5620346,4.897700077754819e-85,4.6741993981502326e-83,0.23355918692706257,0.0722494912007662
B naive,CD40,19.198875,4.768937,3.78190776781002e-82,3.47867063819195e-80,0.178158628935831,0.011462947444032085
B naive,PNISR,18.969639,0.68606246,3.0398836592045092e-80,2.7102962729960203e-78,0.5779194898365883,0.49042260265772775
B naive,REL,18.682657,1.4436628,6.852251389943961e-78,5.978221727672997e-76,0.31725787166201674,0.17559559439722255
B naive,EVI2B,18.205717,0.8837837,4.649291268423392e-74,3.8575833838575795e-72,0.4453965723395775,0.32395546510235845
B naive,CD24,18.113571,2.588743,2.4905290418908372e-73,2.049695318362629e-71,0.19131127939418094,0.03064767149527116
B naive,FAM30A,18.024609,2.9865525,1.248933110282164e-72,1.0196109343701137e-70,0.19689119170984457,0.044205674607925294
B naive,POU2F2,17.681273,2.3111203,5.846215387293797e-70,4.58848904991924e-68,0.20944599442008768,0.05997845085597989
B naive,DRAM2,17.587309,1.6215336,3.081707995940997e-69,2.3819376479653454e-67,0.27461139896373055,0.13905183766311505
B naive,SPIB,17.050997,3.2434778,3.436280175173511e-65,2.503681125481259e-63,0.1711837385412515,0.022476954387645156
B naive,FCRL1,17.026384,5.9889193,5.233975860785706e-65,3.772917067306803e-63,0.15165404543642885,0.002783431102597869
B naive,PDLIM1,16.982826,2.4286501,1.100572049152134e-64,7.768204380265479e-63,0.20346751693901952,0.060187956422842095
B naive,ORAI2,16.973215,2.2577243,1.2963809277471016e-64,9.118626816347087e-63,0.2100438421681945,0.0684185322638573
B naive,LINC01781,16.898455,5.6069307,4.618533385063969e-64,3.2374326431579437e-62,0.15145476285372658,0.0037711002035196936
B naive,FCMR,16.606562,1.8070539,6.247299460626802e-62,4.20513587535171e-60,0.22100438421681945,0.08122830120914641
B naive,TSPAN13,16.518372,2.9246824,2.7060410558143915e-61,1.7976602151174822e-59,0.19350338780390594,0.057524242787022624
B naive,RNASET2,15.98748,0.80889577,1.5622229693137604e-57,9.71158058722022e-56,0.42168194499800715,0.31578474799473244
B naive,SMIM14,15.792899,2.3459141,3.4820038129470314e-56,2.1384342450026362e-54,0.18612993224392188,0.05210702741529989
B naive,TMEM156,15.474407,2.9027803,5.1646785497437416e-54,3.0969789250498754e-52,0.1667995217218015,0.03417933676523405
B naive,KLF2,15.097058,0.7532843,1.693208222881023e-51,9.806135827557105e-50,0.4368274212833798,0.3385011373159344
B naive,CD19,14.984573,3.959881,9.261774905117899e-51,5.25903240981108e-49,0.14248704663212436,0.011762241110978091
B naive,TSTD1,14.979096,0.9438132,1.0057578994769404e-50,5.694999047511767e-49,0.3614986050219211,0.26843648988387403
B naive,AFF3,14.744401,2.9970105,3.3427193629699385e-49,1.831557930200887e-47,0.15583897967317656,0.028702262660122112
B naive,PNOC,14.672388,5.571808,9.687486072138607e-49,5.265433606268277e-47,0.13192506974890394,0.003830958936908895
B naive,LINC02397,14.607263,5.888517,2.5246071451587408e-48,1.3648993097549701e-46,0.13033080908728578,0.002663713635819466
B naive,PRDM2,14.525143,1.6244348,8.396700754861933e-48,4.445003462105036e-46,0.22120366679952172,0.10289716269603735
B naive,LINC01857,14.507903,8.511983,1.0797037462200222e-47,5.700835780041717e-46,0.1273415703467517,0.0005686579671974141
B naive,STX7,14.49635,2.212662,1.277641170674384e-47,6.728468838722507e-46,0.19290554005579913,0.07428468813599905
B naive,CD72,14.320799,3.3832664,1.6224777147550206e-46,8.435224292976997e-45,0.1422877640494221,0.017658326349814436
B naive,SWAP70,14.260805,3.406085,3.839993150955911e-46,1.986243785563149e-44,0.14726982861697888,0.024871303723213216
B naive,SYNGR2,14.08661,1.5256987,4.590748780268941e-45,2.270577644897981e-43,0.23674770825029892,0.1291452172872022
B naive,SEL1L3,14.081463,2.902894,4.937721763814746e-45,2.4362623304569456e-43,0.1492626544440016,0.027684664192505686
B naive,FOXP1,13.893702,0.8006466,6.916601546292472e-44,3.2927558836775964e-42,0.4029493822239936,0.3259308033042021
B naive,SMCHD1,13.873103,0.9915972,9.219969987579041e-44,4.379054904380999e-42,0.32762056596253486,0.23455644678558601
B naive,SYPL1,13.72283,1.3367841,7.411490120332308e-43,3.4555222744521827e-41,0.2560781187724193,0.1568897402130971
B naive,ZFAS1,13.405949,0.43337303,5.580533942432541e-41,2.4661107387341018e-39,0.609206855320845,0.5643780677600861
B naive,IFT57,13.225704,2.15826,6.23508199786035e-40,2.668352565315899e-38,0.17656436827421285,0.06793966239674369
B naive,ANAPC16,13.150584,0.57886064,1.6886528963870425e-39,7.151445016199125e-38,0.4834595456357114,0.43472405123907576
B naive,HHEX,13.111259,2.1969638,2.8384396764879924e-39,1.1896866338896476e-37,0.17018732562774014,0.06165449539087753
B naive,POU2AF1,13.034034,3.4789407,7.835290759873955e-39,3.2505263380962807e-37,0.12813870067756078,0.014575601580270561
B naive,PHACTR1,13.004208,1.8271743,1.1579299119534244e-38,4.77452317448057e-37,0.17995217218015144,0.07120196336645516
B naive,SP110,12.939546,1.2170238,2.692159514778333e-38,1.094524372328279e-36,0.2502989238740534,0.15099365497426073
B naive,SP100,12.936982,1.171975,2.7835204371189924e-38,1.129409250414269e-36,0.2688322040653647,0.176762839698312
B naive,CHCHD10,12.841101,0.95778483,9.649260799083795e-38,3.8087412334713666e-36,0.3060980470306895,0.21929246977133965
B naive,RRAS2,12.567348,2.7685997,3.192547707967636e-36,1.2198892820971072e-34,0.1351135910721403,0.026277983957859453
B naive,LYN,12.343197,1.2165831,5.300873120294304e-35,1.9735558386326485e-33,0.22997210043842167,0.1286962767867832
B naive,RUBCNL,12.322339,3.051117,6.867339020387042e-35,2.5427917596799235e-33,0.12714228776404943,0.01978331138513109
B naive,SF1,12.290184,0.5124177,1.0227305203986492e-34,3.7595056091616164e-33,0.4842566759665205,0.44172752304561236
B naive,CALHM6,12.193446,2.2198985,3.3686900063676344e-34,1.2250220116179119e-32,0.1500597847748107,0.04668981204357716
B naive,PMAIP1,12.020587,1.1997783,2.7699598932297215e-33,9.895912954230892e-32,0.2291749701076126,0.1321680833233569
B naive,PKIG,11.935902,2.7083054,7.692096321716602e-33,2.6866827152552424e-31,0.14966121960940615,0.05180773374835389
B naive,EAF2,11.922995,2.328382,8.982052011543492e-33,3.1158217285094898e-31,0.15404543642885613,0.05572848078534658
B naive,TMEM154,11.920293,2.0998285,9.278177956728173e-33,3.2075986650403112e-31,0.14547628537265844,0.04333772297378188
B naive,SNHG7,11.892021,0.84992063,1.3021643308283567e-32,4.478916500351749e-31,0.30888800318852133,0.22919909014725248
B naive,PRKCB,11.865253,1.065779,1.7935801073970502e-32,6.138029700869905e-31,0.24073335990434436,0.14608523883634622
B naive,SH3BP5,11.813155,1.5401053,3.3379474092907665e-32,1.1308965822677117e-30,0.17417297728178557,0.07485334610319645
B naive,NAP1L1,11.669177,0.32847744,1.831873137534949e-31,6.084692343106282e-30,0.6763650856915105,0.6345325032922303
B naive,GGA2,11.613752,1.9145906,3.508713014403787e-31,1.1560459700399868e-29,0.1681944998007174,0.0726984317011852
B naive,ARID5B,11.499235,1.2322133,1.3308984496357944e-30,4.287560013343333e-29,0.19788760462335592,0.10146055309469651
B naive,JUN,11.39623,0.4217621,4.366214223992001e-30,1.3868187928954594e-28,0.6636110003985651,0.5916736501855621
B naive,SELL,11.263692,0.6261743,1.9827435629550147e-29,6.024695238826537e-28,0.37325627740135514,0.30390278941697596
B naive,ZCCHC7,11.183109,1.5309368,4.933083265257748e-29,1.470377076483277e-27,0.18752491032283777,0.09837782832515264
B naive,PAX5,11.132713,3.626096,8.694786300143658e-29,2.5652774442571886e-27,0.1082104424073336,0.011133724410391475
B naive,PDE4B,10.982529,1.5531509,4.6375714272482365e-28,1.3277824221563683e-26,0.16440813072937424,0.0724290674009338
B naive,ADAM19,10.932936,3.2700427,8.021101625174418e-28,2.283654815637893e-26,0.10980470306895178,0.014785107147132766
B naive,GAPT,10.860805,2.4013891,1.77180771935139e-27,4.988546720079648e-26,0.12893583100836986,0.0363641805339399
B naive,RASGRP3,10.826882,4.1817074,2.5674745892764224e-27,7.188928849973983e-26,0.10302909525707453,0.008889021908296421
B naive,CHPT1,10.817836,1.3939242,2.8339090252288782e-27,7.924030627902701e-26,0.19968114786767638,0.11846043337722974
B naive,C16orf74,10.653131,2.3555784,1.685988545212037e-26,4.581921811105653e-25,0.12455161418891988,0.03295223273075542
B naive,STRBP,10.593554,2.3712754,3.1923659496398443e-26,8.606686342742542e-25,0.139298525308888,0.051358793247934874
B naive,GABPB1-AS1,10.571214,1.0955127,4.0521476009643875e-26,1.0910206149987294e-24,0.22957353527301713,0.15129294864120676
B naive,VAMP2,10.451642,0.35782233,1.4400983580012188e-25,3.777331538251455e-24,0.6177760063770427,0.590476475517778
B naive,TMEM243,10.274157,0.9139827,9.214710884872108e-25,2.362126643980835e-23,0.24013551215623755,0.16215730875134682
B naive,FCRL2,10.167574,6.257683,2.7671602805903985e-24,6.918921793830457e-23,0.09027500996412914,0.001406680234646235
B naive,COBLL1,10.121943,4.6427245,4.4156066520699746e-24,1.0973160394043818e-22,0.09744918294141092,0.009756973542439842
B naive,RHBDF2,10.113955,2.0035777,4.7910241687446406e-24,1.1862599184195013e-22,0.12415304902351534,0.036453968634023705
B naive,EEF1D,10.101955,0.19496834,5.415155415569126e-24,1.335913583588461e-22,0.9284575528098844,0.9070992457799593
B naive,PPM1K,10.063167,1.4253627,8.037065361414207e-24,1.968403188756964e-22,0.16779593463531287,0.08496947204597151
B naive,FCGR2B,10.049234,4.7926273,9.258427007694905e-24,2.26208298332238e-22,0.0926664009565564,0.005087992338082126
B naive,SLC25A6,9.92051,0.23356262,3.3901762929227654e-23,8.146040624412999e-22,0.7813870067756078,0.754040464503771
B naive,CIITA,9.783508,2.879628,1.3253527180068152e-22,3.121873702391951e-21,0.10701474691111997,0.022895965521369566
B naive,PFDN5,9.764584,0.16227643,1.597672997476938e-22,3.741647084413732e-21,0.9238740534077322,0.9133245540524363
B naive,RIPOR2,9.74998,0.77516764,1.8450486279095323e-22,4.3061020101199736e-21,0.2680350737345556,0.1975936789177541
B naive,SNX22,9.655904,3.7872252,4.640492118895675e-22,1.0695229454978603e-20,0.10362694300518134,0.02101041541960972
B naive,RASGRP2,9.563765,0.81504864,1.1354993854153967e-21,2.5675674645966835e-20,0.2502989238740534,0.18256913683706452
B naive,KLF6,9.528684,0.4419559,1.592903766428241e-21,3.566139621580758e-20,0.48086887206058193,0.42146534179336764
B naive,CXXC5,9.475207,1.6113274,2.6623093760458345e-21,5.908234169897349e-20,0.1568353925866879,0.07982162097450018
B naive,RIC3,9.447057,1.8245993,3.484917931011863e-21,7.666819448226098e-20,0.12435233160621761,0.04363701664072788
B naive,CTSH,9.386806,1.284929,6.184780103884512e-21,1.3432073712795339e-19,0.15882821841371064,0.08018077337483538
B naive,MDM4,9.361114,0.76176834,7.890071313820644e-21,1.6990399329168012e-19,0.29972100438421684,0.2422183646594038
B naive,MZB1,9.33399,1.3715035,1.0195898461147433e-20,2.1771242008214814e-19,0.13630928656835392,0.05408236561714354
B naive,BLNK,9.3277445,3.1222258,1.0814806446439713e-20,2.3068560906949264e-19,0.09744918294141092,0.016760445348976416
B naive,IGHA1,9.317716,1.3805815,1.1887180381641808e-20,2.5302890345341853e-19,0.16958947787963333,0.09463665748832754
B naive,NFKB2,9.307749,1.4420631,1.305703913422303e-20,2.7706001202555923e-19,0.14388202471104025,0.06527594876092421
B naive,CD69,9.293526,0.60435736,1.4926085840772592e-20,3.154027785563672e-19,0.3375846950976485,0.27499102118999164
B naive,TAGAP,9.233738,1.2837474,2.6134765087155412e-20,5.476984584450466e-19,0.1578318055001993,0.08107865437567341
B naive,RHOH,9.20768,0.78627056,3.3325051730485347e-20,6.940898069439612e-19,0.24770825029892388,0.17930683586735305
B naive,BCL7A,9.198763,1.8551674,3.620946614632055e-20,7.495580731389044e-19,0.14268632921482663,0.06749072189632467
B naive,SP140,9.196421,2.0709107,3.700728562909241e-20,7.645163640936895e-19,0.11060183339976086,0.03100682389560637
B naive,ANKRD44,9.139251,0.7434632,6.288646213421216e-20,1.2886653248631703e-18,0.24790753288162615,0.17843888423320964
B naive,P2RY10,9.055133,1.5760732,1.3640165139678246e-19,2.7534982816224367e-18,0.1287365484256676,0.05141865198132407
B naive,CYBA,9.027537,0.33811295,1.7557815679673957e-19,3.519874527972506e-18,0.7929453965723395,0.701574284688136
B naive,FCRL5,9.023431,5.301447,1.8228847557920131e-19,3.650798159186211e-18,0.08150657632522917,0.002693643002514067
B naive,EBF1,9.001297,2.6836796,2.2306602874836497e-19,4.445574737643885e-18,0.0954563571143882,0.01688016281575482
B naive,RNASE6,8.911791,1.1483533,5.021479467907738e-19,9.872014953929255e-18,0.16381028298126743,0.0887705016161858
B naive,STK4,8.687358,0.46464306,3.7096648896451214e-18,7.001863312600374e-17,0.40195296931048224,0.3598108464024901
B naive,NCOA3,8.645261,1.7358634,5.368233951532828e-18,1.009486214308597e-16,0.12255878836189717,0.049084161379145216
B naive,PIM2,8.599336,1.1992517,8.01790433989878e-18,1.496675476781106e-16,0.1675966520526106,0.09840775769184724
B naive,OSBPL10-AS1,8.555516,8.362737,1.173426788635463e-17,2.172442601036584e-16,0.07512953367875648,0.0003591524003352089
B naive,CXCR5,8.434414,4.918366,3.32867556288235e-17,6.020045982408577e-16,0.07672379434037466,0.0030827247695438763
B naive,EBLN3P,8.429918,1.0567832,3.4590656913281106e-17,6.239209172432816e-16,0.19649262654444002,0.13396384532503292
B naive,TRIM38,8.400426,1.2049236,4.4486158415718125e-17,7.960516093967588e-16,0.15603826225587883,0.08664551658086915
B naive,CDCA7L,8.362566,2.0960276,6.136852030184043e-17,1.0885683077624889e-15,0.12813870067756078,0.061025978690290916
B naive,TCF4,8.308882,1.5608842,9.660781503629916e-17,1.6929686759119735e-15,0.1345157433240335,0.06488686699389441
B naive,LAT2,8.197799,1.2556884,2.448290366712307e-16,4.2141275676992195e-15,0.14806695894778796,0.0803004908416138
B naive,TRAF5,8.076597,2.060068,6.659901677637061e-16,1.1170171724670477e-14,0.10203268234356318,0.032712797797198614
B naive,RAB30,8.047181,3.3695915,8.472298067064269e-16,1.411679304158053e-14,0.07971303308090873,0.00963725607566144
B naive,FAM3C,8.005738,1.8778183,1.1875235373855049e-15,1.9625998754449223e-14,0.12056596253487445,0.054142224350532744
B naive,ZFP36L1,7.8982987,0.617671,2.8273560939228315e-15,4.5723543895993094e-14,0.25707453168593064,0.1970848796839459
B naive,STAG3,7.89172,3.0786004,2.9805059422972477e-15,4.804736304125174e-14,0.0840972499003587,0.015922423081527595
B naive,FGD2,7.867987,2.3942826,3.603927628574463e-15,5.768554396351312e-14,0.08987644479872459,0.021698790853585538
B naive,HLA-DOA,7.8653226,3.413377,3.6814766410633275e-15,5.883416443359695e-14,0.079912315663611,0.011762241110978091
B naive,TNFRSF13B,7.8346114,6.343438,4.7029416522212354e-15,7.463028720246158e-14,0.06974890394579514,0.0013168921345624327
B naive,MTSS1,7.798396,1.9380431,6.269888774285133e-15,9.857254369966602e-14,0.11279394180948585,0.04713875254399617
B naive,IKZF3,7.48163,1.4262927,7.340652750795254e-14,1.0884083816058784e-12,0.1110003985651654,0.046240871543158146
B naive,BACH2,7.478536,1.6101059,7.515512629372548e-14,1.1135228916172387e-12,0.10641689916301315,0.042499700706333056
B naive,LY9,7.4243274,1.6422012,1.1335464098734368e-13,1.6613360793011696e-12,0.1046233559186927,0.04106309110499222
B naive,PTPN6,7.407105,0.77898556,1.2908642869727783e-13,1.885106984596454e-12,0.2100438421681945,0.15572249491200765
B naive,ODC1,7.3962216,0.6282229,1.4011427708992974e-13,2.0432159431019308e-12,0.2586687923475488,0.21450377110020352
CD4 T memory,IL32,55.48281,3.008137,0.0,0.0,0.9432362698120162,0.3711957891200269
CD4 T memory,LTB,52.16547,2.6654255,0.0,0.0,0.9321784002948765,0.45017778648822687
CD4 T memory,TRAC,43.05874,2.338775,0.0,0.0,0.8090674530040546,0.31461208948119945
CD4 T memory,IL7R,42.14098,2.664434,0.0,0.0,0.6653151492812385,0.19343729876529384
CD4 T memory,CD3D,39.874344,2.090521,0.0,0.0,0.819756726870623,0.3400901531483607
CD4 T memory,B2M,39.744026,0.7557917,0.0,0.0,1.0,0.9923285830276899
CD4 T memory,JUNB,38.619125,1.7081803,0.0,0.0,0.9141172134168817,0.6727328723017051
CD4 T memory,CD52,35.546055,1.5085119,9.561182464043244e-277,2.4294964641133885e-273,0.9741983044600073,0.7225410868773973
CD4 T memory,EEF1A1,34.762848,0.54461426,8.864769072629562e-265,2.0022558412045972e-261,1.0,0.9925805638771453
CD4 T memory,ZFP36L2,34.673473,1.5165279,1.978666404787709e-263,4.022233067652455e-260,0.8510873571691854,0.5702326623176639
CD4 T memory,CD3E,33.63503,1.7972863,5.161991790700677e-248,8.744414093446947e-245,0.7327681533357906,0.3184757958395162
CD4 T memory,TPT1,31.76404,0.5192201,2.0321242003399384e-221,3.1776169803469433e-218,0.9981570217471434,0.9821093596886636
CD4 T memory,FXYD5,31.043447,1.2828217,1.398540107562771e-211,2.0306802361811433e-208,0.8385551050497604,0.5775681048240334
CD4 T memory,S100A4,30.671824,1.6913203,1.3524742344581294e-206,1.832873082537657e-203,0.9812016218208626,0.6353277150936529
CD4 T memory,ANXA1,29.26518,1.6483178,2.878429295880764e-188,3.657044420416511e-185,0.6638407666789532,0.33407061063359184
CD4 T memory,CD2,28.185688,1.9160521,8.7585704681494e-175,9.891345582030055e-172,0.5152967194987099,0.18064227118738976
CD4 T memory,LDHB,28.163385,1.3291507,1.6431552132390296e-174,1.7580031144591048e-171,0.7747880575009215,0.47100820337654337
CD4 T memory,VIM,27.573696,1.3194491,2.3011083975481542e-167,2.2274729288266133e-164,0.8477699963140435,0.52137637539547
CD4 T memory,HLA-C,26.947996,0.9333621,6.021134438796363e-160,5.563528221447839e-157,0.9694065610025802,0.8517232690315536
CD4 T memory,GSTK1,26.459507,1.4481493,2.8363787404245586e-154,2.5068655232761055e-151,0.607814227792112,0.3419660105831957
CD4 T memory,SARAF,26.35741,1.075645,4.220681336213811e-153,3.5749170917730983e-150,0.8931072613343163,0.6882996892236191
CD4 T memory,KLRB1,26.318405,2.2834606,1.180798444980617e-152,9.232027226756145e-150,0.4423147806855879,0.12666237365960187
CD4 T memory,S100A10,26.299683,1.3452837,1.933787419603067e-152,1.4559270616922645e-149,0.7312937707335053,0.41688831648794694
CD4 T memory,HLA-A,25.757524,0.8413463,2.654832060928609e-146,1.8609457287778194e-143,0.985256173977147,0.8872525688047709
CD4 T memory,LEPROTL1,25.458483,1.368902,5.686761844231177e-143,3.8533498256510456e-140,0.6535200884629562,0.3636643615085253
CD4 T memory,TNFAIP3,25.340532,1.9300878,1.1427980334325751e-141,7.493805943102383e-139,0.4533726502027276,0.16079177982473333
CD4 T memory,TRBC2,24.7139,1.4560905,7.581991798328504e-135,4.670506947770358e-132,0.5915960191669738,0.30313296189489597
CD4 T memory,TMSB4X,23.621067,0.6983721,2.3416445771660155e-123,1.32224863790641e-120,1.0,0.9774617129098189
CD4 T memory,EVL,23.219818,1.2447103,2.872044178767493e-119,1.577916596377989e-116,0.6490969406561002,0.3657082061763306
CD4 T memory,AES,22.346699,1.2079667,1.3000615364177277e-110,6.95464497692094e-108,0.6196092886103944,0.3680040316935913
CD4 T memory,RORA,22.227877,1.9211739,1.8466490737018917e-109,9.625303171849245e-107,0.3866568374493181,0.12361060559397485
CD4 T memory,CD3G,22.034931,1.5368035,1.3324857695777818e-107,6.771692680994287e-105,0.45595281975672686,0.18514992860542598
CD4 T memory,FYB1,21.042902,1.2404093,2.656133511256703e-98,1.255671674809913e-95,0.5436785845927018,0.29506957471232187
CD4 T memory,ITM2B,20.87454,0.8509629,9.124066480494134e-97,4.21531871398829e-94,0.8518245484703281,0.6640255340594114
CD4 T memory,MYL12A,20.797874,0.89059335,4.524265985008184e-96,2.0437617542943636e-93,0.8249170659786215,0.6283562449253857
CD4 T memory,TRBC1,20.737566,1.4860452,1.587565924231874e-95,7.015660892996855e-93,0.4659049023221526,0.22412296665453427
CD4 T memory,ITGB1,20.67268,1.7883341,6.103132571484239e-95,2.6396697641091828e-92,0.38776262440103204,0.16384354789036032
CD4 T memory,HSPA8,20.05738,1.0423957,1.7401473928203953e-89,7.3695242085943745e-87,0.6266126059712496,0.3940980485483103
CD4 T memory,TSC22D3,20.013365,0.9437682,4.212378026317686e-89,1.7475351126323655e-86,0.8068558791006266,0.5955147408796931
CD4 T memory,ARHGAP15,19.94203,1.6921332,1.7578506255709102e-88,7.146717503321092e-86,0.3829708809436049,0.15639611389534394
CD4 T memory,CRIP1,19.78386,1.4454993,4.100700364382452e-87,1.6344909217091466e-84,0.42720235901216363,0.19592910938768654
CD4 T memory,PLP2,19.698904,1.2894433,2.2033840105338216e-86,8.451017012477646e-84,0.4802801326944342,0.2613321387574544
CD4 T memory,CD48,19.670336,0.9966905,3.8720698218478006e-86,1.4576191729355942e-83,0.6564688536675267,0.42441974409944844
CD4 T memory,SH3BGRL3,19.066614,0.9109335,4.782799626481166e-81,1.7361562644126632e-78,0.9163287873203096,0.6874037573144441
CD4 T memory,LAT,18.977247,1.5085715,2.630209572452545e-80,9.218431067037127e-78,0.3851824548470328,0.15480023518212616
CD4 T memory,KLF2,18.951038,1.0661883,4.329597370236246e-80,1.4917297515620747e-77,0.5687430888315518,0.3348265531819582
CD4 T memory,CORO1B,18.873926,1.9923127,1.8688466540282016e-79,6.331652463847547e-77,0.32215259859933654,0.10947168015230842
CD4 T memory,NOSIP,18.757776,1.2395631,1.6725219348962376e-78,5.573610802060773e-76,0.47659417618872096,0.2699274855111012
CD4 T memory,CALM1,18.621016,0.834539,2.1706052258747095e-77,7.003819528822396e-75,0.7460375967563583,0.5584455581375816
CD4 T memory,CD69,18.547646,1.176299,8.520263797829622e-77,2.706248788785634e-74,0.49207519351271656,0.2672956855278999
CD4 T memory,CXCR4,18.182896,0.8949176,7.0509791352725376e-74,2.1717015736639414e-71,0.8304460007371913,0.5966626536383235
CD4 T memory,RGCC,18.037823,1.6374947,9.834268905297062e-73,2.9398679162776276e-70,0.36232952451161077,0.16532743511493125
CD4 T memory,AQP3,17.76514,3.0260832,1.3160966390987365e-70,3.8773351419708865e-68,0.24290453372650203,0.039337010387210575
CD4 T memory,LCK,17.726942,1.2198906,2.5978946400900994e-70,7.544286034821649e-68,0.4294139329155916,0.20183666041380854
CD4 T memory,TOMM7,17.692982,0.6033739,4.7493806146269433e-70,1.359794494846993e-67,0.9336527828971618,0.8256852479211579
CD4 T memory,ARHGDIB,17.691973,0.7482184,4.8351870403899245e-70,1.365134474403422e-67,0.850718761518614,0.6829520956407313
CD4 T memory,GPR183,17.618174,1.5191348,1.786838107566676e-69,4.9757321987144373e-67,0.3475856984887578,0.13948539910966767
CD4 T memory,ACAP1,16.96693,1.0620142,1.4427956535750411e-64,3.963398654847762e-62,0.48728345005528934,0.2791107875801439
CD4 T memory,CD27,16.688831,1.567282,1.5803596424663153e-62,4.2834067749407006e-60,0.3195724290453373,0.1220707226250805
CD4 T memory,MAL,16.624323,1.8645569,4.645918514472859e-62,1.242660941607951e-59,0.2838186509399189,0.08970518240613713
CD4 T memory,DNAJB1,16.417776,1.3003411,1.427026195005788e-60,3.719049806676623e-58,0.3848138591964615,0.1964330710865974
CD4 T memory,HLA-B,16.222,0.5923632,3.5252060347363483e-59,8.95754853426506e-57,0.9937338739402876,0.9211019962482851
CD4 T memory,HINT1,16.160557,0.6884898,9.569368185037269e-59,2.4015569934004643e-56,0.8558791006266127,0.6867038105104012
CD4 T memory,NOP53,16.042545,0.6410624,6.445844902031333e-58,1.5786883755240112e-55,0.8849981570217471,0.7450793739675785
CD4 T memory,SPOCK2,15.697915,1.4636738,1.562952580601583e-55,3.7823452450558307e-53,0.31146332473276817,0.12212671836940392
CD4 T memory,IL2RG,15.681495,1.1225104,2.024352299193567e-55,4.785003899768236e-53,0.4043494286767416,0.21454769437522747
CD4 T memory,CD44,15.341537,0.82335806,4.0352348491052653e-53,9.428534943978371e-51,0.5919646148175451,0.4146764845871714
CD4 T memory,TRADD,15.333362,2.1097186,4.576746710820399e-53,1.0572284901995123e-50,0.2521194249907851,0.07861802503009771
CD4 T memory,FLT3LG,15.2734785,1.7316673,1.1487857477850107e-52,2.62387827876109e-50,0.2687062292664947,0.08844527815885993
CD4 T memory,ITM2A,15.1438465,1.2794137,8.320184084304118e-52,1.8792522451748232e-49,0.35532620715075564,0.1815941988408881
CD4 T memory,TMEM123,15.135543,0.90199256,9.439813443807853e-52,2.1087090954475388e-49,0.49723553262071507,0.3240473723996976
CD4 T memory,PIK3R1,15.079295,1.1278365,2.2162065203739608e-51,4.896852841974117e-49,0.3851824548470328,0.2055043816669933
CD4 T memory,IFITM1,15.007351,1.3720455,6.572048702813739e-51,1.4365226454924483e-48,0.3110947290821968,0.1299381247025226
CD4 T memory,TAGLN2,14.899735,0.8100073,3.3088487957571036e-50,7.155561523420255e-48,0.5628455584224106,0.3748355125010499
CD4 T memory,ISG20,14.827584,0.9409062,9.716657258594059e-50,2.0791600921336845e-47,0.4522668632510136,0.26066018982557326
CD4 T memory,GPSM3,14.764121,0.7677203,2.4955479734674684e-49,5.284322833817365e-47,0.612237375598968,0.43531091637035585
CD4 T memory,PTPRC,14.29126,0.7297534,2.480807904580789e-46,4.993055750922601e-44,0.647622558053815,0.4733880225102892
CD4 T memory,PBXIP1,14.183666,1.5183308,1.1564349174819671e-45,2.3047067649581793e-43,0.27828971618134907,0.11285942268387603
CD4 T memory,EMP3,14.152166,0.69440913,1.810901607136591e-45,3.539616141333906e-43,0.718392922963509,0.5233082285746283
CD4 T memory,RARRES3,14.059341,0.8850029,6.75113859577411e-45,1.3070204321418677e-42,0.44931809804644307,0.26813562169275135
CD4 T memory,TRAT1,14.017433,2.2128742,1.2194580234685595e-44,2.31674230851111e-42,0.21120530777736823,0.04717641459249097
CD4 T memory,EML4,13.971723,1.2513378,2.319465020904823e-44,4.3256958665094716e-42,0.32215259859933654,0.15580815857994793
CD4 T memory,ICAM3,13.816392,0.8429153,2.029929451599432e-43,3.684321954652969e-41,0.4721710283818651,0.30307696615057256
CD4 T memory,LY6E,13.775692,0.7747963,3.5694444867867455e-43,6.4212095156992e-41,0.523405823811279,0.34216199568832767
CD4 T memory,CD99,13.568769,0.7557193,6.134353590021937e-42,1.0938521033154907e-39,0.5293033542204202,0.3587927317523868
CD4 T memory,CD6,13.450168,1.4605953,3.071732782884528e-41,5.382946897454887e-39,0.25875414670106894,0.09718061427331523
CD4 T memory,PIK3IP1,13.324792,0.9040974,1.6609421833203057e-40,2.861324805299591e-38,0.39992628086988574,0.22342301985049137
CD4 T memory,GATA3,13.196566,2.2810366,9.182759346670054e-40,1.555559433325907e-37,0.19572429045337264,0.04174482739311812
CD4 T memory,COMMD6,13.016775,0.558083,9.823315725480345e-39,1.6234826184354832e-36,0.8238112790269074,0.6929753338746255
CD4 T memory,ARL4C,12.990048,1.0023123,1.3933877486856095e-38,2.284256948006538e-36,0.3402137854773314,0.17859842651958452
CD4 T memory,TTC39C,12.967745,1.6448094,1.8643615701662122e-38,3.0078366665348223e-36,0.24290453372650203,0.09418484195201164
CD4 T memory,SSR2,12.946994,0.6435259,2.443355145789162e-38,3.880353390906413e-36,0.63509030593439,0.48363524372147715
CD4 T memory,RNASET2,12.82164,0.7706664,1.2404885494604977e-37,1.939742402571769e-35,0.4817545152967195,0.31805582775709046
CD4 T memory,EEF2,12.735015,0.5360432,3.77774134094268e-37,5.817721665051727e-35,0.8776262440103206,0.749363048408321
CD4 T memory,HLA-E,12.731239,0.6120401,3.96497423739472e-37,6.06015009757593e-35,0.863251013638039,0.698546910434807
CD4 T memory,ARID5B,12.666423,1.4022512,9.076007426239349e-37,1.37684387284025e-34,0.2539624032436417,0.10342413976537783
CD4 T memory,EIF3E,12.5396185,0.58792216,4.5317019098306764e-36,6.823736031336148e-34,0.8695171396977516,0.7129378167259288
CD4 T memory,SAMSN1,12.5173855,1.3005356,5.997833261262175e-36,8.964996656980697e-34,0.27312937707335055,0.12775429067390878
CD4 T memory,SEPT9,12.510316,0.9343642,6.556316552823763e-36,9.728233787284777e-34,0.366015481017324,0.21622756670493043
CD4 T memory,SOD1,12.466642,0.6657648,1.1350821956046734e-35,1.672025425525493e-33,0.5727976409878364,0.40932889100428366
CD4 T memory,APRT,12.34382,0.61291045,5.259995091162044e-35,7.692459008139714e-33,0.6070770364909694,0.4624968502393818
CD4 T memory,ANKRD12,12.263766,0.8479625,1.417543677122366e-34,2.0436757353576918e-32,0.41872465904902323,0.2764789875969426
CD4 T memory,BTG1,12.260161,0.58625335,1.4820491479169281e-34,2.1216264140038957e-32,0.9340213785477331,0.8153820309656467
CD4 T memory,TNFRSF25,12.193385,2.1450384,3.37119791023536e-34,4.79228749085765e-32,0.1887209730925175,0.047400397569784695
CD4 T memory,SYNE2,12.166604,1.4443271,4.681557762199182e-34,6.551311649500408e-32,0.23184666420936234,0.08637343561889296
CD4 T memory,LMNA,12.021266,1.7778578,2.747285913535425e-33,3.7734343277262245e-31,0.22078879469222262,0.08777332922697875
CD4 T memory,IFITM2,11.973291,0.6213449,4.904365409151401e-33,6.691002687062394e-31,0.5492075193512717,0.38651062519248536
CD4 T memory,SELENOK,11.971272,0.74371785,5.025169062212567e-33,6.810109113110471e-31,0.4670106892738666,0.328443038329087
CD4 T memory,PFN1,11.969423,0.53251773,5.138467272327459e-33,6.917533954428648e-31,0.9450792480648729,0.8179298373323627
CD4 T memory,RCAN3,11.895332,1.3922209,1.2515382820364553e-32,1.6737677761340175e-30,0.23626981201621822,0.09550074194361229
CD4 T memory,JUN,11.892425,0.6102178,1.2958963473254284e-32,1.7217634606817848e-30,0.7136011795060818,0.5925189685583896
CD4 T memory,ARL6IP5,11.803578,0.78704435,3.7405779498337987e-32,4.90570764930461e-30,0.42720235901216363,0.2940336534423384
CD4 T memory,SEPT1,11.772481,0.95216566,5.41096988289119e-32,7.050909985859751e-30,0.329524511610763,0.18576588179298373
CD4 T memory,EIF1,11.67738,0.30246335,1.663439544342482e-31,2.126691764615973e-29,0.9900479174345743,0.9603550130190106
CD4 T memory,PPP1R15A,11.642121,0.7816122,2.516759382760109e-31,3.1776822815371115e-29,0.43641725027644673,0.31629196181090236
CD4 T memory,SRSF7,11.609271,0.62565345,3.6975272901864016e-31,4.611247530976023e-29,0.5433099889421305,0.3984937144776997
CD4 T memory,TNFRSF4,11.594487,4.258081,4.394910536569983e-31,5.414529781054219e-29,0.1411721341688168,0.007615421227986673
CD4 T memory,LDHA,11.590022,0.6606617,4.630152088708426e-31,5.669983834895474e-29,0.511979358643568,0.353753114763278
CD4 T memory,AC058791.1,11.51429,1.3994565,1.117760520455868e-30,1.3524902297516003e-28,0.2266863251013638,0.09037713133801831
CD4 T memory,TCF7,11.503233,0.99252737,1.2706454137576474e-30,1.5283834302287253e-28,0.31072613343162553,0.17229890528319847
CD4 T memory,AAK1,11.405637,0.87630844,3.9189913720763714e-30,4.631700965788865e-28,0.3405823811279027,0.19674104768037629
CD4 T memory,SOCS3,11.390249,1.301815,4.676503760482712e-30,5.495027077635409e-28,0.2344268337633616,0.0998124142565165
CD4 T memory,OST4,11.2568865,0.51208633,2.1419381254447248e-29,2.45996148101923e-27,0.744563214154073,0.6069658705938349
CD4 T memory,GTF3A,11.254155,0.6163434,2.2093349592666642e-29,2.5231101714591435e-27,0.5164025064504238,0.38007111459529075
CD4 T memory,FOS,11.072339,0.59273905,1.708816865246976e-28,1.9298238464855847e-26,0.612237375598968,0.46006103536131254
CD4 T memory,GIMAP7,11.029731,1.0764453,2.74687176374915e-28,3.084994984170868e-26,0.2635458901584961,0.12923817789847972
CD4 T memory,PPDPF,10.97117,0.4921974,5.258697490294118e-28,5.873560581466969e-26,0.7817913748617766,0.6475067894839992
CD4 T memory,MZT2A,10.958793,0.7568343,6.029834623449885e-28,6.698058919425643e-26,0.38960560265388866,0.2659517876641375
CD4 T memory,TSTD1,10.899053,0.74112105,1.1646319399341763e-27,1.2797101662152398e-25,0.4043494286767416,0.27118738975837836
CD4 T memory,PEBP1,10.867986,0.644744,1.637760119666966e-27,1.7899133178811875e-25,0.46627349797272394,0.3204916426351597
CD4 T memory,BIN1,10.735843,1.0115292,6.908561520123122e-27,7.510012758345605e-25,0.27534095097677846,0.1456449309852451
CD4 T memory,COX7C,10.636495,0.4483417,2.015713820098445e-26,2.1795441773915525e-24,0.8997419830446001,0.7866002183834029
CD4 T memory,ARPC1B,10.632772,0.6338842,2.0978246611509333e-26,2.2563269688823372e-24,0.4850718761518614,0.34672564885068735
CD4 T memory,AP3M2,10.622575,1.5842268,2.3401496986634843e-26,2.5029715047621947e-24,0.19683007740508662,0.07310244421423971
CD4 T memory,CREM,10.622113,1.1718361,2.3517687790711295e-26,2.5029715047621947e-24,0.24659049023221527,0.12212671836940392
CD4 T memory,PPP2R5C,10.599365,0.688143,3.000089756143491e-26,3.1598872830510306e-24,0.42388499815702174,0.289050032197553
CD4 T memory,ETS1,10.548432,1.0057094,5.165171132686392e-26,5.4122473600643795e-24,0.26059712495392556,0.13005011619116946
CD4 T memory,CMPK1,10.441633,0.62473947,1.600335393044556e-25,1.6513511609040475e-23,0.4821231109472908,0.35478903603326145
CD4 T memory,BIRC3,10.383413,0.8512015,2.950329468510556e-25,3.029004921004171e-23,0.28603022484334684,0.15230842455973345
CD4 T memory,SF1,10.341417,0.5479037,4.577165576473111e-25,4.6522310919272703e-23,0.5635827497235533,0.438446678052468
CD4 T memory,EIF4A2,10.32172,0.5327198,5.620716680140476e-25,5.68447406337789e-23,0.5923332104681165,0.4699722821065599
CD4 T memory,TNFAIP8,10.191041,0.9583974,2.1742434515901746e-24,2.156001018728052e-22,0.28455584224106156,0.16401153512333064
CD4 T memory,BCL11B,10.156163,1.1837358,3.110795783124474e-24,3.0697211980269083e-22,0.21784002948765205,0.095528739815774
CD4 T memory,TOB1,10.153261,1.1594695,3.2047230781010556e-24,3.1471309532192397e-22,0.23884998157021747,0.12106279922725872
CD4 T memory,CLEC2D,10.129874,0.70796084,4.0717163237070065e-24,3.979319684053655e-22,0.3590121636564689,0.22342301985049137
CD4 T memory,DDIT4,10.058406,0.9725777,8.435343598369434e-24,8.050406791908632e-22,0.27128639882049393,0.15172046924433744
CD4 T memory,SKAP1,10.045807,1.2083021,9.586015835260819e-24,9.10581915416738e-22,0.21452266863251013,0.09284094408824929
CD4 T memory,CUTA,10.010274,0.55311626,1.3737205941630824e-23,1.2928237147290342e-21,0.4998157021747143,0.3805190805498782
CD4 T memory,NFKBIA,10.000054,0.55893624,1.523137428531322e-23,1.4202907177607667e-21,0.537043862882418,0.41428451437690733
CD4 T memory,CLDND1,9.9603815,1.3221122,2.271888600615216e-23,2.0897263110093266e-21,0.2215259859933653,0.10843575888232494
CD4 T memory,PPIB,9.9563875,0.5590018,2.3650034526255747e-23,2.165576134458229e-21,0.49649834131957243,0.37018786572220513
CD4 T memory,RAC2,9.910896,0.6077333,3.732823014904281e-23,3.4027276343934624e-21,0.46037596756358273,0.3387742531567601
CD4 T memory,EIF3F,9.862454,0.47726017,6.055062509006104e-23,5.494969226923039e-21,0.6612605971249539,0.5336114455301397
CD4 T memory,EEF1B2,9.817795,0.50692606,9.438580778575982e-23,8.452311456691302e-21,0.9369701437523037,0.8149340650110591
CD4 T memory,FKBP11,9.736264,1.0856235,2.1117559515168268e-22,1.866424999236263e-20,0.2406929598230741,0.12652238429879328
CD4 T memory,SLC2A3,9.622754,0.6765682,6.409178886753843e-22,5.640077420343382e-20,0.3232583855510505,0.19620908810930368
CD4 T memory,DUSP2,9.596258,0.669313,8.289928154983221e-22,7.263692221314609e-20,0.3195724290453373,0.19326931153232355
CD4 T memory,TRAF3IP3,9.571113,0.7367479,1.0576126282687434e-21,9.227102792895715e-20,0.3258385551050498,0.20360052635999665
CD4 T memory,OCIAD2,9.54282,0.81028116,1.3899994808602412e-21,1.2075174977319223e-19,0.3225211942499078,0.21370775821037602
CD4 T memory,TIMP1,9.502951,0.6811163,2.0402470012218353e-21,1.764857065567552e-19,0.32215259859933654,0.20220063275191086
CD4 T memory,CD7,9.440203,0.52303314,3.7205904994420385e-21,3.177822003052847e-19,0.4342056763730188,0.2855502981773385
CD4 T memory,DAD1,9.389612,0.67090535,6.022145115673907e-21,5.122098992109589e-19,0.36675267231846664,0.2598482515328835
CD4 T memory,CDC42SE2,9.387846,0.62521166,6.123976380067e-21,5.187007993916749e-19,0.416144489495024,0.300277178934401
CD4 T memory,UBC,9.366041,0.4389771,7.53042368128166e-21,6.325555892276595e-19,0.8783634353114633,0.7603942100400369
CD4 T memory,COTL1,9.339724,0.44830674,9.658553059484156e-21,8.079796979143782e-19,0.5278289716181349,0.3575328275051096
CD4 T memory,CD96,9.301498,1.189247,1.3848016958663826e-20,1.1536987243267142e-18,0.19683007740508662,0.0846375675448666
CD4 T memory,SELENOM,9.174969,1.103912,4.5170678282907716e-20,3.7326404395729596e-18,0.2060449686693697,0.09488478875605454
CD4 T memory,AC016831.5,9.115258,1.3756509,7.848336883849353e-20,6.433104523181034e-18,0.17692591227423515,0.06918274211159951
CD4 T memory,CAPZB,9.026332,0.55462044,1.7752255912212946e-19,1.437720550531732e-17,0.4585329893107261,0.35033737435954865
CD4 T memory,PSME1,9.011373,0.44533888,2.0349363353465313e-19,1.6415153105128684e-17,0.6660523405823812,0.538315088053308
CD4 T memory,MIF,8.98561,0.55254763,2.573026036067545e-19,2.0673704846316624e-17,0.4360486546258754,0.32021166391354255
CD4 T memory,PAG1,8.969363,1.3136797,2.9823237793123973e-19,2.3681514760102507e-17,0.18282344268337633,0.07822605481983369
CD4 T memory,HLA-F,8.882069,0.66193885,6.562857962741282e-19,5.150956628054238e-17,0.32510136380390714,0.20864014334910547
CD4 T memory,CSTB,8.866264,0.6500633,7.564089107732054e-19,5.891295148734758e-17,0.36564688536675266,0.25923229834532574
CD4 T memory,BIN2,8.8341255,0.6549766,1.0088415969209341e-18,7.827378619163644e-17,0.33063029856247694,0.21454769437522747
CD4 T memory,ARHGEF1,8.817824,0.71722007,1.1670504105550933e-18,9.020456557324691e-17,0.31256911168448215,0.20200464764677883
CD4 T memory,ANXA6,8.794108,0.7626229,1.4418813145612706e-18,1.1102486122121783e-16,0.2760781422779211,0.16619536915194444
CD4 T memory,FAM107B,8.786512,0.7290062,1.5427437983344218e-18,1.183430035190269e-16,0.28566162919277555,0.17369879889128426
CD4 T memory,KLF6,8.735983,0.50037724,2.4154741228010565e-18,1.82534416239033e-16,0.537043862882418,0.42103200156788084
CD4 T memory,GMFG,8.6980095,0.45091492,3.377549530147053e-18,2.5335360460822614e-16,0.7401400663472171,0.610297617381079
CD4 T memory,SH3YL1,8.682012,1.1498611,3.888281923333523e-18,2.905918931526612e-16,0.1964614817545153,0.09384886748607106
CD4 T memory,CNN2,8.678139,0.7978325,4.022966904563651e-18,2.995563048936626e-16,0.2867674161444895,0.18696979029593752
CD4 T memory,CD5,8.6324215,1.6128448,6.00664793919869e-18,4.424026786522862e-16,0.15001842978252858,0.048800291177870485
CD4 T memory,CAMK4,8.601138,1.2817688,7.892974930495046e-18,5.750838508498325e-16,0.17471433837080722,0.07338242293585688
CD4 T memory,PASK,8.518265,1.7417766,1.6196210796538492e-17,1.1716604023915818e-15,0.1489126428308146,0.051124114567292885
CD4 T memory,C12orf57,8.467438,0.482113,2.508491770304332e-17,1.80185938893097e-15,0.5175082934021379,0.4013494974381947
CD4 T memory,PRDX2,8.405438,0.3593649,4.2626695167863486e-17,3.0297743334696816e-15,0.3682270549207519,0.2498250132989893
CD4 T memory,SSR4,8.391718,0.4290195,4.7908775834029623e-17,3.3933435371224884e-15,0.6196092886103944,0.5004339670185066
CD4 T memory,CORO1A,8.368095,0.47362873,5.855680608259385e-17,4.1331345626630825e-15,0.7128639882049392,0.5621692751350897
CD4 T memory,MYL12B,8.346674,0.42340806,7.021218255209506e-17,4.938661754044942e-15,0.6103943973461113,0.4903547330402889
CD4 T memory,ATP5PD,8.343242,0.5576633,7.228118268277382e-17,5.066661660604918e-15,0.38260228529303353,0.2887700534759358
CD4 T memory,MT2A,8.320906,0.59214985,8.729390511880467e-17,6.05634984046096e-15,0.377441946185035,0.2811546322479492
CD4 T memory,PPP1R2,8.267911,0.6213648,1.3632704876187268e-16,9.426041657249482e-15,0.36159233321046813,0.26169611109555674
CD4 T memory,ALOX5AP,8.264176,0.60302854,1.4066305930146576e-16,9.69287684569558e-15,0.2897161813490601,0.17795447545986506
CD4 T memory,MGAT4A,8.235573,0.64583194,1.7870043444677453e-16,1.227237307916903e-14,0.29929966826391446,0.19133745835316515
CD4 T memory,RWDD1,8.23364,0.59296435,1.816095903365741e-16,1.243016751636996e-14,0.3744931809804644,0.28219055351793265
CD4 T memory,S100A6,8.216101,0.4316376,2.1022715934661655e-16,1.434059629261081e-14,0.9244378916328787,0.7082621720749223
CD4 T memory,CYLD,8.159998,0.8763179,3.3503129696808332e-16,2.277764616978996e-14,0.23000368595650572,0.13200996724248956
CD4 T memory,OPTN,8.147538,1.3409369,3.7140872219256023e-16,2.516665501576788e-14,0.17692591227423515,0.08382562925217683
CD4 T memory,RHOH,8.13186,0.6901456,4.2275474801261606e-16,2.84561540317896e-14,0.2838186509399189,0.18097824565333034
CD4 T naive,SARAF,76.78237,1.7053604,0.0,0.0,0.8831398049233627,0.6325682270016266
CD4 T naive,EEF1A1,74.87422,0.64694357,0.0,0.0,0.9980492336274965,0.9911801915778059
CD4 T naive,LTB,72.82021,2.340347,0.0,0.0,0.8297259637714817,0.34975600939815654
CD4 T naive,TRAC,69.12832,2.4650319,0.0,0.0,0.6805387830933581,0.22071209108982467
CD4 T naive,CD3D,68.1123,2.302816,0.0,0.0,0.7123084068741291,0.2422917043195373
CD4 T naive,EIF3E,61.857475,1.2465622,0.0,0.0,0.8660473757547608,0.668714982830291
CD4 T naive,CD3E,61.65854,2.1359525,0.0,0.0,0.6482117974918719,0.23079703596602205
CD4 T naive,MALAT1,60.100266,0.93794644,0.0,0.0,0.9995355318160706,0.9802638713175492
CD4 T naive,LEPROTL1,60.097366,2.0418808,0.0,0.0,0.6338132837900604,0.2869690945237665
CD4 T naive,LDHB,58.735394,1.6612654,0.0,0.0,0.7307942405945193,0.3997108259533707
CD4 T naive,EEF1B2,56.88391,1.0730736,0.0,0.0,0.9332094751509522,0.7808783661666365
CD4 T naive,NOP53,54.707985,1.0954248,0.0,0.0,0.8788666976312123,0.706741369962046
CD4 T naive,NOSIP,54.451096,2.3746023,0.0,0.0,0.5078495123084069,0.19761431411530814
CD4 T naive,TPT1,53.503174,0.4963301,0.0,0.0,0.993032977241059,0.97943249593349
CD4 T naive,PIK3IP1,53.42054,2.4076302,0.0,0.0,0.48360427310729215,0.13949033074281583
CD4 T naive,IL7R,52.428185,2.3866937,0.0,0.0,0.47654435671156525,0.12954997288993314
CD4 T naive,TOMM7,46.936176,0.80274546,0.0,0.0,0.9069205759405481,0.8046629315018977
CD4 T naive,JUNB,46.81276,1.2441816,0.0,0.0,0.8236878773803994,0.6376649195734683
CD4 T naive,CD7,46.63776,1.7350976,0.0,0.0,0.5299581978634463,0.20502439906018435
CD4 T naive,NPM1,46.062145,0.9743306,0.0,0.0,0.8932652113330237,0.7157419121633833
CD4 T naive,TRBC2,45.802326,1.7101036,0.0,0.0,0.5376683697166744,0.24015904572564611
CD4 T naive,C6orf48,43.93103,1.2936039,0.0,0.0,0.6283325592196934,0.4087836616663654
CD4 T naive,RGS10,41.9792,1.8060368,0.0,0.0,0.4543427775197399,0.21680824146032893
CD4 T naive,IL32,40.853886,1.3649113,0.0,0.0,0.6754296330701347,0.3089101753117658
CD4 T naive,CD3G,40.717663,2.002584,0.0,0.0,0.3989781699953553,0.12850171697090187
CD4 T naive,LEF1,39.9004,3.3595066,0.0,0.0,0.30552717138875984,0.05024399060184349
CD4 T naive,CCR7,38.321144,3.209449,0.0,0.0,0.292243381328379,0.041677209470450026
CD4 T naive,FYB1,36.778522,1.3973067,4.0710988041494865e-296,9.094208405577007e-294,0.4816535067347887,0.24684619555394904
CD4 T naive,NACA,36.39723,0.5591671,4.7095502017587886e-290,9.670276414278047e-288,0.9471435206688342,0.8793782757997469
CD4 T naive,CD27,36.23763,2.4935305,1.556430343363456e-287,3.1639116019892337e-285,0.30664189503019046,0.06961865172600759
CD4 T naive,EVL,35.51562,1.201192,2.8214322037002853e-276,5.56835668318635e-274,0.5486298188574082,0.32232062172420023
CD4 T naive,MGAT4A,35.200886,1.8582544,1.9381038360467865e-271,3.752169026586579e-269,0.3610775661867162,0.1358756551599494
CD4 T naive,TRBC1,34.77343,1.5725135,6.134202596783358e-265,1.1545932443278899e-262,0.4099396191360892,0.17552864630399423
CD4 T naive,LCK,34.691734,1.6199067,1.0496808971678315e-263,1.9576067227181356e-261,0.386809103576405,0.15217784203867704
CD4 T naive,MAL,34.21784,3.2217057,1.3128405764981373e-256,2.382805646344119e-254,0.26233163028332557,0.04156876920296403
CD4 T naive,PABPC1,33.365337,0.61682355,4.3651875616322656e-244,7.783818662531641e-242,0.8824895494658616,0.7815651545273812
CD4 T naive,EEF1D,33.27765,0.4590384,8.131063439233945e-243,1.4127201503653644e-240,0.9432419879238272,0.8969094523766492
CD4 T naive,TCF7,32.13222,1.8906068,1.5648423359513438e-226,2.446931923478378e-224,0.32902926149558753,0.12488704138803543
CD4 T naive,UQCRB,31.964334,0.5277721,3.4155682905819344e-224,5.2599751674961786e-222,0.9071063632141199,0.8314115308151093
CD4 T naive,CD48,30.96094,0.95924616,1.810151921261623e-210,2.503181513973216e-208,0.5764979098931723,0.3879992770648834
CD4 T naive,ZFP36L2,30.510216,0.83277047,1.907536621530371e-204,2.5510792396361436e-202,0.7055271713887599,0.5451292246520875
CD4 T naive,COMMD6,29.185696,0.64379656,2.945735872239089e-187,3.6963530130170495e-185,0.7748258244310264,0.6739562624254473
CD4 T naive,SNHG8,29.18511,0.9425627,2.9965825809874366e-187,3.737087773393412e-185,0.5289363678588017,0.38084221941080787
CD4 T naive,RCAN3,27.662828,2.5251954,1.956303472894934e-168,2.173100382350176e-166,0.2337203901532745,0.05552141695282849
CD4 T naive,PRMT2,27.057005,1.4500734,3.1592947586279102e-161,3.38011283438885e-159,0.341105434277752,0.17614314115308152
CD4 T naive,CLEC2D,26.902128,1.2544142,2.0738775909051807e-159,2.19571789937086e-157,0.3624709707385044,0.18261341044641244
CD4 T naive,LAT,26.876442,1.5527645,4.141494793038302e-159,4.3620884017037626e-157,0.2996748722712494,0.12101933851436833
CD4 T naive,ACAP1,26.861425,1.128306,6.203394551465449e-159,6.500134249597403e-157,0.4150487691593126,0.24662931501897706
CD4 T naive,GIMAP7,26.73486,1.811074,1.852191183005403e-157,1.911235653204763e-155,0.2656758012076173,0.08931863365262968
CD4 T naive,COX7C,26.56712,0.5047968,1.6288415046602497e-155,1.655554505336678e-153,0.8589874593590339,0.769528284836436
CD4 T naive,CD2,26.135092,1.274787,1.45601270013911e-150,1.4027405767027408e-148,0.33358104969809566,0.1539490330742816
CD4 T naive,BCL11B,25.891209,2.2398357,8.365158937351993e-148,7.946119199929501e-146,0.2266604737575476,0.056497379360202424
CD4 T naive,AES,25.834923,0.92862517,3.5944748555991395e-147,3.382800225213857e-145,0.4956804458894566,0.3429965660581963
CD4 T naive,FLT3LG,25.20584,2.303189,3.456640115675012e-140,3.041843301794011e-138,0.2193218764514631,0.0551960961503705
CD4 T naive,FOXP1,24.837238,1.006555,3.552375369579975e-136,2.971715494354803e-134,0.43743613562470973,0.2965118380625339
CD4 T naive,EEF2,24.782808,0.55534506,1.3738978041078935e-135,1.1446145312256254e-133,0.8413376683697167,0.7261521778420387
CD4 T naive,TRAF3IP3,24.67594,1.2707819,1.9389771534320077e-134,1.5893357893131394e-132,0.3261495587552253,0.16790168082414603
CD4 T naive,VAMP2,24.049679,0.6574236,8.41269779070878e-128,6.628423282539848e-126,0.6781235485369252,0.5613229712633291
CD4 T naive,CAMK4,23.983034,2.7044606,4.180615743761156e-127,3.2685983399683377e-125,0.19312587087784486,0.036725103921923005
CD4 T naive,ATM,23.964848,1.2810898,6.470393205551882e-127,5.020234850475522e-125,0.3246632605666512,0.17202241098861376
CD4 T naive,SH3YL1,23.77646,2.389966,5.852298510538113e-125,4.422510190417055e-123,0.21040408732001858,0.05855774444243629
CD4 T naive,TMEM123,23.62077,0.9272299,2.3582010814142664e-123,1.768911866530967e-121,0.4315838365071993,0.29918669799385506
CD4 T naive,AAK1,22.793142,1.2181218,5.362588561716844e-115,3.7719965495702423e-113,0.31212261960055737,0.16594975600939815
CD4 T naive,EIF3H,22.422092,0.58640116,2.396489659351848e-111,1.597240714600143e-109,0.6103111936832327,0.5050424724380986
CD4 T naive,SELL,22.214014,0.8458419,2.514402143425592e-109,1.6382297042165202e-107,0.4183000464468184,0.2719681908548708
CD4 T naive,FHIT,22.073315,2.622662,5.705282202965193e-108,3.65857970416014e-106,0.19739897816999535,0.05906379902403759
CD4 T naive,GYPC,21.590092,0.7315374,2.2257456394631651e-103,1.3710593139093098e-101,0.4856479331165815,0.34158684258087835
CD4 T naive,KLF2,21.25139,0.75863314,3.200474617022186e-100,1.8695186211157182e-98,0.4589874593590339,0.3094523766491957
CD4 T naive,C12orf57,21.056986,0.7164837,1.973358533022853e-98,1.1299840073039027e-96,0.49354389224338135,0.3768660762696548
CD4 T naive,EIF4A2,20.951529,0.6424402,1.817067921584207e-97,1.028895730082556e-95,0.5503947979563399,0.4506777516717875
CD4 T naive,LINC00861,20.829763,2.1304364,2.3261046520656878e-96,1.3026186051567852e-94,0.18383650719925684,0.04623170070486174
CD4 T naive,ST13,20.338593,0.6926876,5.8587409822939736e-92,3.1341180707387342e-90,0.461216906641895,0.3496837158864992
CD4 T naive,STK4,20.29035,0.7740365,1.5647538396749827e-91,8.28341563877944e-90,0.4528564793311658,0.33124887041388035
CD4 T naive,OXNAD1,20.104902,2.5312557,6.685165818031414e-90,3.4491383438817913e-88,0.17529029261495588,0.04615940719320441
CD4 T naive,NDFIP1,19.607557,0.9977358,1.3328132685778397e-85,6.5285368972651385e-84,0.3258708778448676,0.21991686246159406
CD4 T naive,CD8B,19.542318,1.5877078,4.7954696241539375e-85,2.326546694983323e-83,0.20529493729679518,0.0759081872401952
CD4 T naive,PNRC1,19.273243,0.5300397,9.010838230303823e-83,4.289749872262672e-81,0.6764514630747793,0.5783119465028014
CD4 T naive,NAP1L1,19.237392,0.49164847,1.80039544983233e-82,8.531104593051656e-81,0.723176962378077,0.6076269654798482
CD4 T naive,TSC22D3,19.146065,0.5618058,1.0438274283650619e-81,4.8891529870518384e-80,0.7142591732466326,0.5700343394180373
CD4 T naive,DNAJB1,18.766142,1.1067016,1.428957076942907e-78,6.498398089506804e-77,0.2930794240594519,0.17729983733959878
CD4 T naive,TRABD2A,18.551144,3.3673432,7.983531814804452e-77,3.558974445862827e-75,0.13776126335346028,0.01666365443701428
CD4 T naive,N4BP2L2,18.134653,0.65891486,1.697667429750738e-73,7.100860804932716e-72,0.47580120761727823,0.38178203506235314
CD4 T naive,CD6,18.05685,1.4934058,6.968606728802414e-73,2.885088341814572e-71,0.19498374361356247,0.07496837158864991
CD4 T naive,TSHZ2,17.710886,3.0453234,3.4559202180172057e-70,1.3562151774489142e-68,0.1353460287970274,0.019627688414964758
CD4 T naive,SEPT1,17.537676,1.0112873,7.388886416747368e-69,2.85553770113385e-67,0.27700882489549467,0.16435929875293692
CD4 T naive,RARRES3,17.009611,0.70939857,6.969842329334511e-65,2.5854553808524076e-63,0.36646539712029724,0.24764142418217966
CD4 T naive,SNRPD2,16.92527,0.41339955,2.9299774670247846e-64,1.0751007572144372e-62,0.6673478866697631,0.5866618470992229
CD4 T naive,EIF4B,16.556355,0.5786793,1.4406429878474042e-61,5.040514743022725e-60,0.4431026474686484,0.3621543466473884
CD4 T naive,ITM2A,16.3994,1.0473591,1.9313422057045296e-60,6.6206280535517165e-59,0.2665118439386902,0.1655882884511115
CD4 T naive,STMN3,16.174002,1.6448325,7.693401374519711e-59,2.572228012191393e-57,0.17724105898745937,0.07381167540213265
CD4 T naive,IKZF1,16.127783,0.82491094,1.6276078692910988e-58,5.415059372659486e-57,0.3370181142591733,0.24753298391469367
CD4 T naive,CMPK1,15.95791,0.6383687,2.50996568730408e-57,8.22944878895441e-56,0.4214584300975383,0.3413338152900777
CD4 T naive,SVIP,15.850412,0.8863249,1.3966225129989185e-56,4.542486791078722e-55,0.30534138411518813,0.21839869871679016
CD4 T naive,NELL2,15.747419,2.8136714,7.154182535345072e-56,2.30475788555459e-54,0.12252670692057593,0.019193927345020786
CD4 T naive,HSPA8,15.73747,0.5142778,8.372534576518766e-56,2.688734326563562e-54,0.48583372039015327,0.3812036869690945
CD4 T naive,STAT3,15.597602,0.99121684,7.558007126490533e-55,2.3746393951669176e-53,0.2711565257779842,0.17827579974697272
CD4 T naive,SERINC5,15.586376,1.9398193,9.01013482876304e-55,2.826512666652702e-53,0.16182071528100325,0.06390746430507861
CD4 T naive,SSR2,15.577069,0.47056875,1.0422554951623729e-54,3.254526836507023e-53,0.5443567115652578,0.47485993132116394
CD4 T naive,TXK,15.516383,2.243155,2.6878015589677264e-54,8.2909909090585645e-53,0.13107292150487693,0.02855593710464486
CD4 T naive,RHOH,15.244846,0.9025181,1.7815050653240317e-52,5.2713879138146887e-51,0.26019507663725033,0.1602385685884692
CD4 T naive,SPOCK2,15.1817665,1.0403618,4.670326603304251e-52,1.3719421848550405e-50,0.20975383186251742,0.10659678293873125
CD4 T naive,LDLRAP1,15.1654215,2.3242736,5.991330217245236e-52,1.7549245051320053e-50,0.14054807245703668,0.043412253750225914
CD4 T naive,EIF3L,15.061085,0.43843743,2.919575840851908e-51,8.430275240459885e-50,0.540362285183465,0.4597867341406109
CD4 T naive,ANXA2R,14.967915,1.4147544,1.1899424205704346e-50,3.4165465431293494e-49,0.17352531351602415,0.07565515994939455
CD4 T naive,EIF2S3,14.962259,0.7028166,1.295528404526039e-50,3.714457180141794e-49,0.36163492800743147,0.28682450750045185
CD4 T naive,TXNIP,14.909661,0.41773954,2.851955296633375e-50,8.097003808654085e-49,0.6769159312587087,0.6001445870233146
CD4 T naive,ETS1,14.692664,1.005634,7.183332919586356e-49,1.997575808335861e-47,0.2107756618671621,0.11144044821977228
CD4 T naive,SELENOM,14.497616,1.2883209,1.2543135224465162e-47,3.4502957082940164e-46,0.1719461216906642,0.0757997469727092
CD4 T naive,PNISR,14.425415,0.42892274,3.5810772480134143e-47,9.771293731223716e-46,0.5536460752438458,0.4816916681727815
CD4 T naive,ABLIM1,14.349409,1.9715562,1.074493269437978e-46,2.9123065574846954e-45,0.1340455178820251,0.040339779504789446
CD4 T naive,SEPT6,14.253492,0.7699112,4.264136503953328e-46,1.1390455565356536e-44,0.2978169995355318,0.21503705042472437
CD4 T naive,GCC2,14.239074,0.99870366,5.241709736914243e-46,1.3965068877063267e-44,0.2468183929400836,0.1605277426350985
CD4 T naive,ANAPC16,14.20832,0.48635313,8.135425937868558e-46,2.1477524475972993e-44,0.4870413376683697,0.4232062172420025
CD4 T naive,CHRM3-AS2,13.746486,3.8909264,5.3464066064168645e-43,1.3141687242471828e-41,0.09893172317696237,0.009145129224652087
CD4 T naive,SMDT1,13.676922,0.49547723,1.3947283062154685e-42,3.3954535339818013e-41,0.46261031119368323,0.405277426350985
CD4 T naive,GPSM3,13.636795,0.4614221,2.419631214014179e-42,5.855507537914313e-41,0.506177426846261,0.42508584854509307
CD4 T naive,TBC1D10C,13.590364,0.68609005,4.56802194949051e-42,1.1015272857561457e-40,0.28834184858337203,0.19526477498644496
CD4 T naive,SATB1,13.564112,1.500719,6.536633983731317e-42,1.5706465203462199e-40,0.16219228982814676,0.07663112235676849
CD4 T naive,AL031280.1,13.560878,3.4045105,6.831390397774377e-42,1.6395336954658505e-40,0.09958197863446354,0.010771733236941984
CD4 T naive,IFITM1,13.496653,0.86467296,1.6364318615293604e-41,3.899810888765397e-40,0.20966093822573154,0.11668172781492861
CD4 T naive,OCIAD2,13.466543,0.8375973,2.4612124966369265e-41,5.824392040935441e-40,0.2754296330701347,0.20036146755828665
CD4 T naive,LINC02446,13.462783,3.8105505,2.5897735789815166e-41,6.114392254766117e-40,0.0959591267998142,0.007663112235676848
CD4 T naive,AL445686.2,13.400952,2.674927,5.969221348687059e-41,1.396344437009327e-39,0.10747793776126335,0.019953009217422737
CD4 T naive,BTF3,13.327501,0.32495087,1.601734927206364e-40,3.712664492616986e-39,0.8691128657686948,0.7936381709741551
CD4 T naive,LINC01550,13.286763,3.2710943,2.762743573221438e-40,6.389198106535313e-39,0.09902461681374826,0.012036869690945237
CD4 T naive,UXT,13.059367,0.3942557,5.619324817419661e-39,1.2622059103702417e-37,0.5019043195541105,0.4477860112054943
CD4 T naive,PFDN5,13.029806,0.21739888,8.281802421300965e-39,1.845970171274189e-37,0.9385044124477473,0.905440086752214
CD4 T naive,SOCS3,12.909975,1.1734153,3.954269622263096e-38,8.624720266240795e-37,0.16888063167673015,0.0861377191397072
CD4 T naive,C19orf53,12.835338,0.41993716,1.0394839592567515e-37,2.2266206452867488e-36,0.46855550394797957,0.4194108078799928
CD4 T naive,ARHGEF1,12.818695,0.7509608,1.2885139962953856e-37,2.751356356795441e-36,0.2683697166744078,0.1870233146575095
CD4 T naive,AP3M2,12.80748,1.6840651,1.4889289712875997e-37,3.1726360721524455e-36,0.14054807245703668,0.05899150551238026
CD4 T naive,APBA2,12.543963,1.9535563,4.28992809352802e-36,8.856055823301477e-35,0.11509521597770553,0.032315199710825956
CD4 T naive,LINC01089,12.432021,1.626376,1.7514918042231065e-35,3.5472017319526593e-34,0.14203437064561078,0.06322067594433399
CD4 T naive,PDE3B,12.249273,2.1123097,1.6950810740424601e-34,3.332457260457943e-33,0.11676730143985137,0.03770106632929694
CD4 T naive,RGCC,12.193764,0.8500136,3.355586064774079e-34,6.521257507144117e-33,0.23251277287505806,0.1585035243086933
CD4 T naive,COX4I1,12.1502,0.2161118,5.7225626638575225e-34,1.1047317552791616e-32,0.875150952159777,0.8353153804446051
CD4 T naive,GIMAP1,12.091975,2.0149937,1.1645311110705872e-33,2.2269603410952867e-32,0.10896423594983744,0.029748780046990782
CD4 T naive,CD247,11.91433,0.54708236,9.966412399198076e-33,1.8552860004661033e-31,0.23548536925220623,0.1444785830471715
CD4 T naive,ZFAS1,11.835241,0.3344487,2.5660432206547436e-32,4.707809258977403e-31,0.6140269391546679,0.5531899512018796
CD4 T naive,EIF3F,11.781779,0.3187853,4.845934548625234e-32,8.811105322401946e-31,0.5856014862981885,0.525899150551238
CD4 T naive,GIMAP4,11.715716,1.1471634,1.0589214299470719e-31,1.9134004291523623e-30,0.14788666976312123,0.07030544008675221
CD4 T naive,PASK,11.710146,2.0154283,1.1308436493603558e-31,2.0415443787031362e-30,0.11258708778448677,0.036797397433580334
CD4 T naive,TNRC6B,11.657971,0.69373024,2.089612309905107e-31,3.7458235481261916e-30,0.29066418950301903,0.22400144587023316
CD4 T naive,RSL1D1,11.650543,0.47818854,2.280004222926694e-31,4.079923049617415e-30,0.3742684626103112,0.3219953009217423
CD4 T naive,TECR,11.60082,0.8109388,4.081511322547829e-31,7.220971467776525e-30,0.2549001393404552,0.1954093620097596
CD4 T naive,FXYD5,11.507367,0.346855,1.2112020120095715e-30,2.1097955869863383e-29,0.6486762656758012,0.5754924995481655
CD4 T naive,SLFN5,11.464316,1.4629056,1.9932683162345485e-30,3.4338269773233816e-29,0.12234091964700418,0.046520874751491054
CD4 T naive,CCND3,11.44479,0.5034856,2.4970862931076197e-30,4.287227209990853e-29,0.35921969345099863,0.28761973612868247
CD4 T naive,RNF125,11.238831,0.767627,2.628421949268081e-29,4.404827814074324e-28,0.21012540640966093,0.1352611603108621
CD4 T naive,ATP6V0E2,11.175743,1.4718189,5.360006966833493e-29,8.872819350308733e-28,0.13497445424988389,0.06358214350262063
CD4 T naive,SEPT9,11.152789,0.6085147,6.939615050316946e-29,1.145036483302296e-27,0.2769159312587088,0.2073016446773902
CD4 T naive,AC026979.2,11.149644,0.9648838,7.189350957791512e-29,1.1852808294402745e-27,0.1789131444496052,0.10706669076450388
CD4 T naive,TMIGD2,11.034432,1.8584049,2.6069362065264286e-28,4.20252174514427e-27,0.10701346957733396,0.03517079342129044
CD4 T naive,SFXN1,10.992423,1.3193071,4.15616243804466e-28,6.657720255364211e-27,0.1676730143985137,0.1030905476233508
CD4 T naive,SNRPN,10.990029,0.7901123,4.2678649480003485e-28,6.831272335665439e-27,0.23966558290757084,0.17469727091993495
CD4 T naive,TCEA3,10.898539,3.3651214,1.1712296714450235e-27,1.8470718976830442e-26,0.08109614491407338,0.009868064341225375
CD4 T naive,ARHGAP45,10.772151,0.70997363,4.659877095116209e-27,7.208978811987998e-26,0.22470970738504412,0.15611783842400145
CD4 T naive,PRKCA,10.5608425,2.394927,4.525828924432271e-26,6.744945042218417e-25,0.08889921040408733,0.019953009217422737
CD4 T naive,TRAT1,10.560211,1.5897951,4.5563438520624855e-26,6.785447459686902e-25,0.10849976776590803,0.03939996385324417
CD4 T naive,RGL4,10.475058,1.5510494,1.1246929357628864e-25,1.657922987540823e-24,0.112401300510915,0.04406289535514188
CD4 T naive,SF1,10.459629,0.3539322,1.3237276899686723e-25,1.9442728671736393e-24,0.47951695308871345,0.4347370323513465
CD4 T naive,BIN1,10.276808,0.71729714,8.964752076186461e-25,1.2788454751208307e-23,0.2037157454714352,0.1357672148924634
CD4 T naive,SAMHD1,10.234008,0.6646846,1.3961929789821563e-24,1.977826541933747e-23,0.2149558755225267,0.1488523405024399
CD4 T naive,SOD1,10.220368,0.3437146,1.6072941112826431e-24,2.270540284513799e-23,0.47189967487227125,0.4010121091632026
CD4 T naive,DGKA,10.216892,1.8460593,1.665963769877848e-24,2.3517855218108953e-23,0.10292614955875523,0.036797397433580334
CD4 T naive,EPHX2,10.175363,3.4660938,2.5544563303196452e-24,3.5836430836948067e-23,0.07617278216442173,0.009759624073739382
CD4 T naive,MPHOSPH8,10.053675,0.72542477,8.85042801152539e-24,1.2107099637839038e-22,0.24737575476079887,0.19078257726369058
CD4 T naive,ISG20,9.892284,0.41107297,4.496466117579009e-23,6.013431791983296e-22,0.3315373896888063,0.25187059461413336
CD4 T naive,ACTN1,9.714088,1.4751469,2.6258839704165214e-22,3.404271004504276e-21,0.11918253599628426,0.05790710283752033
CD4 T naive,DYNLT1,9.684913,0.7222542,3.495060696834997e-22,4.508096056171435e-21,0.23947979563399907,0.18608349900596421
CD4 T naive,BIN2,9.677253,0.52863485,3.767039683289252e-22,4.846606498854678e-21,0.2687412912215513,0.20484366528104103
CD4 T naive,MCUB,9.450759,0.6185773,3.3638142056521375e-21,4.1694887300302836e-20,0.2683697166744078,0.2172420025302729
CD4 T naive,PSIP1,9.449609,0.6167631,3.400988727512612e-21,4.212998101942497e-20,0.25824431026474687,0.21200072293511657
CD4 T naive,NUCB2,9.431953,0.5819896,4.0252110053032745e-21,4.962067272031835e-20,0.24291686019507663,0.1872040484366528
CD4 T naive,SUSD3,9.429378,1.7053884,4.125286870415132e-21,5.0823534243514425e-20,0.0988388295401765,0.03802638713175493
CD4 T naive,ICOS,9.407276,2.0523205,5.0915896299880146e-21,6.242181650234114e-20,0.08360427310729215,0.022013374299656607
CD4 T naive,ITPKB,9.377274,1.6998713,6.770054681284967e-21,8.250699733882542e-20,0.09856014862981886,0.03780950659678294
CD4 T naive,GRAP2,9.371222,1.502905,7.169774109704012e-21,8.727375335452885e-20,0.09818857408267534,0.03650822338695102
CD4 T naive,FCMR,9.358983,0.83762866,8.050746575803229e-21,9.776318780939549e-20,0.14537854156990246,0.08161937466112416
CD4 T naive,MHENCR,9.354082,1.0668238,8.432850217733405e-21,1.0222002339062889e-19,0.13711100789595912,0.07645038857762516
CD4 T naive,CCDC57,9.270899,0.97423613,1.8458350908465715e-20,2.1981333173244936e-19,0.1610775661867162,0.10413880354238207
CD4 T naive,TOB1,9.228132,0.89215094,2.753916994345071e-20,3.2585346135649946e-19,0.1700882489549466,0.11353696005783481
CD4 T naive,ANKRD44,9.217367,0.5506935,3.044847754264509e-20,3.600678600854505e-19,0.23195541105434278,0.17021507319718054
CD4 T naive,SC5D,9.180304,1.5769227,4.298791240693851e-20,5.054125410111312e-19,0.1072921504876916,0.0484005060545816
CD4 T naive,TESPA1,9.176596,2.0160375,4.449336837127615e-20,5.228099377175154e-19,0.09122155132373433,0.03235134646665462
CD4 T naive,FAM107B,9.135006,0.5626781,6.540321889708403e-20,7.649692944418435e-19,0.22517417556897354,0.16464847279956624
CD4 T naive,ITK,9.132637,1.5761825,6.685040389195357e-20,7.814462393994434e-19,0.09159312587087784,0.031266943791794684
CD4 T naive,TNFAIP8,9.124805,0.6973431,7.186530161245285e-20,8.381399031428236e-19,0.2126335346028797,0.15691306705223207
CD4 T naive,TNFRSF25,9.096365,1.5746005,9.340551070382466e-20,1.0843787673257268e-18,0.0997677659080353,0.04088198084221941
CD4 T naive,ADD3,9.059236,0.7603604,1.3136821209481067e-19,1.5138622536640086e-18,0.19368323269856014,0.13818904753298392
CD4 T naive,TSTD1,9.004721,0.48322678,2.1621500168525067e-19,2.4761794671874793e-18,0.3166744078030655,0.26654617748057113
CD4 T naive,ADTRP,8.9263935,4.342579,4.401244881406034e-19,4.9954498017432645e-18,0.062238736646539713,0.0037954093620097594
CD4 T naive,CD5,8.86362,1.3638936,7.745777943740151e-19,8.694432580913849e-18,0.09800278680910357,0.039580697632387495
CD4 T naive,S100B,8.858402,2.7444994,8.116918023808415e-19,9.105999425385069e-18,0.07097073850441245,0.013085125609976505
CD4 T naive,AK5,8.833182,2.6940665,1.0173911770888453e-18,1.136972394055088e-17,0.07004180213655364,0.01214530995843123
CD4 T naive,CDKN1B,8.772642,0.9280532,1.7452168067914456e-18,1.932285797846215e-17,0.1568973525313516,0.10211458521597687
CD4 T naive,GIMAP2,8.664972,1.059171,4.516228490074815e-18,4.898927040887985e-17,0.12865768694844404,0.07341406108801735
CD4 T naive,LBH,8.614824,0.73408735,7.004882019365401e-18,7.53015556264727e-17,0.18708778448676266,0.13215253930959697
CD4 T naive,RIPOR2,8.613984,0.5390134,7.056465189755532e-18,7.577592412960934e-17,0.24533209475150952,0.19179468642689318
CD4 T naive,IL6ST,8.450618,1.6434126,2.897656021728121e-17,3.008352993344701e-16,0.09159312587087784,0.03708657148020965
CD8 T cytotoxic,NKG7,70.57199,5.8637695,0.0,0.0,0.9917641959254443,0.19012817318605874
CD8 T cytotoxic,CCL5,67.79385,5.4862113,0.0,0.0,0.9757260511486779,0.18099271932010078
CD8 T cytotoxic,GNLY,66.52459,6.6890793,0.0,0.0,0.918075422626788,0.08645461340420231
CD8 T cytotoxic,GZMH,61.831352,5.895593,0.0,0.0,0.8084091894234937,0.05367771226088642
CD8 T cytotoxic,B2M,56.309624,1.2123526,0.0,0.0,0.9995665366276549,0.9924424881654348
CD8 T cytotoxic,HLA-B,52.543404,1.4522763,0.0,0.0,0.9878630255743389,0.9222932757522908
CD8 T cytotoxic,FGFBP2,50.082447,5.0120173,0.0,0.0,0.6736020806241872,0.04930376768263987
CD8 T cytotoxic,HLA-C,49.551235,1.669314,0.0,0.0,0.964456003467707,0.8533621238546079
CD8 T cytotoxic,CST7,47.749596,3.609023,0.0,0.0,0.7386215864759428,0.1521191484649669
CD8 T cytotoxic,HLA-A,45.70369,1.3648523,0.0,0.0,0.9752925877763329,0.888990393931844
CD8 T cytotoxic,GZMB,45.591698,4.195301,0.0,0.0,0.6480277416558301,0.06530465354483293
CD8 T cytotoxic,GZMA,40.113346,3.3107274,0.0,0.0,0.6280884265279584,0.12404839022229604
CD8 T cytotoxic,MALAT1,40.02089,0.97304875,0.0,0.0,1.0,0.9847465603632035
CD8 T cytotoxic,IL32,37.500114,2.3198726,9.170918183095888e-308,1.3316173201855229e-304,0.740788903337668,0.3905544943664701
CD8 T cytotoxic,CTSW,36.51928,2.6953166,5.482504311143318e-292,7.429889842461425e-289,0.6215864759427828,0.20823298175677546
CD8 T cytotoxic,CD99,35.14722,2.0602696,1.2817499069467587e-270,1.532671300494924e-267,0.6723016905071522,0.3515765578717161
CD8 T cytotoxic,HCST,32.71073,1.6575928,1.0991632549176957e-234,1.2413217025537176e-231,0.7711313394018205,0.5031697256595521
CD8 T cytotoxic,C12orf75,31.684046,2.7167168,2.5773431360812416e-220,2.7574858563294463e-217,0.5114867793671435,0.14312211056667498
CD8 T cytotoxic,LYAR,31.448404,2.746015,4.413899781668233e-217,4.27265498865485e-214,0.5123537061118335,0.15671455859147912
CD8 T cytotoxic,SH3BGRL3,31.28913,1.3294482,6.559451572430292e-215,6.06093325292559e-212,0.8634590377113134,0.6933532652326773
CD8 T cytotoxic,S100A4,31.110907,1.7510791,1.7149541246670954e-212,1.515721193314466e-209,0.9219765929778934,0.6429975361957756
CD8 T cytotoxic,CD3D,30.292131,1.8295637,1.4552940193269262e-201,1.2326340343699066e-198,0.6653662765496315,0.3553414721922321
CD8 T cytotoxic,GZMM,30.234203,2.3468175,8.41686950372362e-201,6.843924930867751e-198,0.5288253142609449,0.17684024029011985
CD8 T cytotoxic,CALM1,30.082922,1.3622848,8.10491592133427e-199,6.336797340341655e-196,0.7555266579973993,0.5599479555961576
CD8 T cytotoxic,TMSB4X,29.548214,0.8228356,6.9233062013999724e-192,5.212480313409579e-189,0.99913307325531,0.9777703955928356
CD8 T cytotoxic,PPP2R5C,28.54553,1.9766563,3.191677567070614e-179,2.3171579136932654e-176,0.5643693107932379,0.2815934446197713
CD8 T cytotoxic,HLA-E,28.44362,1.0854512,5.843943763126746e-178,4.096403062649672e-175,0.8413524057217165,0.7017966392603051
CD8 T cytotoxic,KLRD1,28.394146,3.0858734,2.388304546744397e-177,1.6183151608740034e-174,0.4308625921109666,0.07402485950779282
CD8 T cytotoxic,PRF1,26.920435,2.985336,1.2662688911900046e-159,8.303456135519488e-157,0.4070221066319896,0.06740857625335658
CD8 T cytotoxic,HOPX,26.659704,2.6928873,1.38128709318153e-156,8.508728493998224e-154,0.42869527524924145,0.10107133958973508
CD8 T cytotoxic,CD52,26.394754,1.1330413,1.5739591063880816e-153,9.410423739604977e-151,0.8660598179453837,0.7322758353403649
CD8 T cytotoxic,CD3E,26.379688,1.5945016,2.3437426402576e-153,1.3612457254616142e-150,0.6185522323363676,0.3304265980123467
CD8 T cytotoxic,CCL4,25.24385,2.6387115,1.3231131592994715e-140,7.269255216821529e-138,0.400086692674469,0.07873100240843783
CD8 T cytotoxic,MYO1F,24.421206,2.2398405,1.018280710790081e-131,5.447265865510728e-129,0.43302990897269183,0.14807740220911883
CD8 T cytotoxic,ITGB2,23.247023,1.5564003,1.52467884397452e-119,7.559432083003426e-117,0.53012570437798,0.29214074135592283
CD8 T cytotoxic,ID2,21.27893,1.5463874,1.7795611612656608e-100,7.536441517960074e-98,0.5028175119202427,0.26949588904576033
CD8 T cytotoxic,LITAF,21.218716,1.4298103,6.41532978823254e-100,2.661445386432471e-97,0.5080190723883832,0.2998643523516873
CD8 T cytotoxic,RAP1B,20.46764,1.201624,4.184022499664774e-93,1.7010561874637106e-90,0.5504984828781968,0.38881045317387813
CD8 T cytotoxic,MYL12A,20.410992,0.8581212,1.3354756077313772e-92,5.323048657639889e-90,0.7368877329865626,0.6361874705866069
CD8 T cytotoxic,ARPC2,20.206125,0.88157105,8.647682227545046e-91,3.380578544644917e-88,0.7100130039011704,0.593610718932536
CD8 T cytotoxic,TRBC1,20.181416,1.624878,1.426053794910129e-90,5.469588970364736e-88,0.45947117468573906,0.22725133571408798
CD8 T cytotoxic,LINC01871,19.63928,2.9483206,7.140247961287378e-86,2.687906676982404e-83,0.293888166449935,0.052681117293691
CD8 T cytotoxic,CD3G,19.455626,1.6503106,2.6114964081182314e-84,9.652090724404983e-82,0.41092327698309494,0.19106940176618775
CD8 T cytotoxic,TRAC,19.017405,1.2678527,1.2239340416751076e-80,4.2896777929606187e-78,0.5413957520589511,0.3372643468150486
CD8 T cytotoxic,PTPRC,18.828484,0.99038553,4.412173166783423e-79,1.5201806124470072e-76,0.6228868660598179,0.47692605819007283
CD8 T cytotoxic,EIF1,18.808275,0.38728535,6.460512405283988e-79,2.1888216029102152e-76,0.9661898569570871,0.9622124408271738
CD8 T cytotoxic,PFN1,18.77599,0.58033794,1.1871539585803222e-78,3.956141913118162e-76,0.8547897702644126,0.8251252664507378
CD8 T cytotoxic,KLRG1,18.652714,3.0581043,1.2002762316745633e-77,3.9353572963678265e-75,0.2756827048114434,0.04600946765218836
CD8 T cytotoxic,UBB,18.474297,0.7103284,3.325306288976499e-76,1.039951172958681e-73,0.7867360208062418,0.6888132214932314
CD8 T cytotoxic,DUSP2,18.4138,1.5830101,1.0182082723415507e-75,3.136081478811976e-73,0.40788903337667964,0.1890485286382637
CD8 T cytotoxic,TMA7,17.97304,0.5474635,3.1686839189646935e-72,9.613881597718551e-70,0.8378846987429562,0.7860089139883177
CD8 T cytotoxic,TRGC2,17.811941,3.174121,5.709569153215848e-71,1.682088720964808e-68,0.26007802340702213,0.04127564155801013
CD8 T cytotoxic,ITGB1,17.685217,1.8729762,5.4510730602548986e-70,1.5829916166980225e-67,0.35717381881231036,0.16831381668189244
CD8 T cytotoxic,CD8A,17.682428,2.3219573,5.7275910275126364e-70,1.6398657803841813e-67,0.29908972691807545,0.08747889156493092
CD8 T cytotoxic,RORA,17.64793,1.902112,1.0555288449346395e-69,2.980109772198799e-67,0.33550065019505854,0.1298341776707361
CD8 T cytotoxic,MT2A,17.503061,1.3802896,1.3577080878109626e-68,3.7807520560303083e-66,0.4495015171218032,0.27763474794452286
CD8 T cytotoxic,CMC1,17.271769,1.9695109,7.675334048318094e-67,2.080322540456136e-64,0.3554399653229302,0.15289427788389667
CD8 T cytotoxic,CD2,17.082825,1.5024587,1.992379868529407e-65,5.259882852917634e-63,0.3827481577806675,0.19286880934584613
CD8 T cytotoxic,ZEB2,16.969263,1.5869519,1.3866278760728868e-64,3.6137655724114927e-62,0.3870827915041179,0.19848849763308696
CD8 T cytotoxic,GUK1,16.863766,0.9393014,8.312162023838579e-64,2.138856071146717e-61,0.5504984828781968,0.43221770063394516
CD8 T cytotoxic,CD247,16.835295,1.6042688,1.3451900949229478e-63,3.375928919702924e-61,0.35370611183355005,0.15823713423580543
CD8 T cytotoxic,UBC,16.57177,0.5650583,1.1149671876278443e-61,2.698220594059383e-59,0.8183788469874296,0.7655510339672784
CD8 T cytotoxic,SYNE2,16.427269,2.2377083,1.2203348499453203e-60,2.884531026707962e-58,0.2808842652795839,0.08487667137280956
CD8 T cytotoxic,S100A10,16.345564,0.9532929,4.678275432834467e-60,1.0931032528581499e-57,0.5869094061551798,0.429643163635357
CD8 T cytotoxic,RARRES3,16.295588,1.2512054,1.0608047943671841e-59,2.4504590749881955e-57,0.4312960554833117,0.2713229798189519
CD8 T cytotoxic,DSTN,16.173567,1.4700493,7.747921576217698e-59,1.769660110127566e-56,0.3784135240572172,0.219998339008388
CD8 T cytotoxic,MYL12B,15.934057,0.77640814,3.6770260820668565e-57,8.213910571017039e-55,0.5812743823146944,0.4935636575035296
CD8 T cytotoxic,DDX5,15.772281,0.5228632,4.827438012963153e-56,1.0329701045001576e-53,0.7949718248807975,0.7480829388478255
CD8 T cytotoxic,S100A6,15.21624,0.68872195,2.759419136227405e-52,5.499360019728498e-50,0.870394451668834,0.714143343576115
CD8 T cytotoxic,PIK3R1,14.835679,1.3868032,8.612821395277772e-50,1.6674422221257765e-47,0.3684438664932813,0.20859286327270715
CD8 T cytotoxic,ARPC5L,14.816431,1.8364252,1.1471921902079048e-49,2.1794507329482514e-47,0.3073255309926311,0.14710849043545662
CD8 T cytotoxic,SYTL3,14.6391735,2.0407126,1.579775635462744e-48,2.973488807193209e-46,0.26051148677936714,0.08432300750214544
CD8 T cytotoxic,SEPT7,14.604883,0.80890834,2.614284928535683e-48,4.831198547933943e-46,0.5348938014737755,0.4401074107909088
CD8 T cytotoxic,PYHIN1,14.12859,2.30136,2.531639837815909e-45,4.55426324098423e-43,0.23276983094928477,0.05863300390333029
CD8 T cytotoxic,IFITM2,14.09897,0.90340465,3.8534894961628855e-45,6.871380217368346e-43,0.49978326831382747,0.3914957229465991
CD8 T cytotoxic,YWHAQ,13.888444,1.0940039,7.443479489633115e-44,1.3044056126315686e-41,0.39228435197225836,0.26215984275946075
CD8 T cytotoxic,LGALS1,13.578244,0.8383483,5.390318726707993e-42,9.365333254403427e-40,0.5227568270481144,0.3078094288957174
CD8 T cytotoxic,PPDPF,13.521333,0.49868146,1.170354819921965e-41,2.016184133845229e-39,0.7009102730819246,0.6541815463831908
CD8 T cytotoxic,CD8B,13.502116,1.725112,1.51947043837759e-41,2.5956130312050126e-39,0.2670134373645427,0.10226171691166293
CD8 T cytotoxic,MATK,13.413775,2.1054373,5.02161988771535e-41,8.367171235858821e-39,0.23970524490680536,0.07754062508650998
CD8 T cytotoxic,TRBC2,13.200612,0.9438945,8.702528203706978e-40,1.4266531719754471e-37,0.4577373211963589,0.31492400963375133
CD8 T cytotoxic,PAXX,13.045617,1.2885022,6.730989655464906e-39,1.0946204617303247e-36,0.3459037711313394,0.21662098939733687
CD8 T cytotoxic,PTPN7,12.883924,1.8201514,5.544364188990466e-38,8.805143377640485e-36,0.2661465106198526,0.12125238767544223
CD8 T cytotoxic,VAMP2,12.873634,0.5834447,6.334955623233955e-38,9.982711465821692e-36,0.6371911573472041,0.5912853306757467
CD8 T cytotoxic,CLEC2B,12.645388,1.1670942,1.186381084865588e-36,1.7997578129214682e-34,0.35240572171651496,0.2245383827478338
CD8 T cytotoxic,ZBP1,12.567595,2.4364686,3.1826099756088866e-36,4.792303376605737e-34,0.20286085825747724,0.05027267945630208
CD8 T cytotoxic,ANXA1,12.5570345,0.83283645,3.637117150276608e-36,5.436420399325212e-34,0.49024707412223667,0.3488636049054619
CD8 T cytotoxic,FLNA,12.510527,1.3638642,6.538927077911688e-36,9.702431360568525e-34,0.30905938448201126,0.17307532596960384
CD8 T cytotoxic,BIN2,12.392845,1.1572675,2.85724259870517e-35,4.20884257583179e-33,0.34373645426961424,0.21501536417241093
CD8 T cytotoxic,CHST12,12.28878,1.9843997,1.040638270690376e-34,1.489724983562955e-32,0.23580407455570004,0.09138222185311297
CD8 T cytotoxic,CCDC12,12.19133,1.0887986,3.457335214973061e-34,4.8806048784703044e-32,0.3706111833550065,0.2641807158873848
CD8 T cytotoxic,ARL4C,12.002919,1.2151808,3.429823262382815e-33,4.648096485181191e-31,0.3129605548331166,0.18215541344849542
CD8 T cytotoxic,KLRB1,11.90721,1.3075589,1.0854845822476527e-32,1.4443651642472883e-30,0.2925877763328999,0.13977244414915704
CD8 T cytotoxic,RUNX3,11.907085,1.8706181,1.0871107346017075e-32,1.4443651642472883e-30,0.22410056350238405,0.08169310411649087
CD8 T cytotoxic,S1PR5,11.820073,2.997734,3.0741512390706983e-32,4.0316997669567195e-30,0.1707845687039445,0.02347534811615868
CD8 T cytotoxic,PATL2,11.769372,2.8774204,5.614069745742952e-32,7.222962645029286e-30,0.17641959254443,0.03244470282091742
CD8 T cytotoxic,LY6E,11.628215,0.79156834,2.96228656936386e-31,3.740208781492456e-29,0.4482011270047681,0.3490020208731279
CD8 T cytotoxic,CYTOR,11.509285,1.5225624,1.1845603339571799e-30,1.4593783314352458e-28,0.2631122670134374,0.13669960966697117
CD8 T cytotoxic,FKBP11,11.481512,1.5926269,1.633975671495367e-30,1.9889495479136418e-28,0.25487646293888166,0.12689975915621626
CD8 T cytotoxic,SRP14,11.183683,0.39132604,4.9012693455091626e-29,5.660966094063083e-27,0.7152145643693107,0.6740027129529662
CD8 T cytotoxic,FCRL6,11.1042385,3.0229335,1.1963215854103388e-28,1.3585935859341548e-26,0.1599479843953186,0.021565207762367467
CD8 T cytotoxic,IRF1,10.879023,0.97524565,1.4511103153419677e-27,1.6297331762580949e-25,0.3493714781100997,0.23511336267751848
CD8 T cytotoxic,C1orf21,10.876108,2.8842483,1.4982408110836411e-27,1.6734197366872667e-25,0.1694841785869094,0.037067796140962825
CD8 T cytotoxic,MIAT,10.83952,3.409599,2.236393504618774e-27,2.457373360102186e-25,0.15214564369310793,0.018603106054314426
CD8 T cytotoxic,LSP1,10.814541,0.68606424,2.9376000668744677e-27,3.19334407269648e-25,0.46900736887732986,0.38194502117764306
CD8 T cytotoxic,FYN,10.717641,1.4820559,8.412186657580102e-27,8.860255459859498e-25,0.23667100130039012,0.1118401018741522
CD8 T cytotoxic,DOK2,10.674382,1.4395143,1.3414722476670999e-26,1.4056416417823095e-24,0.235370611183355,0.1099576447138942
CD8 T cytotoxic,LCK,10.645361,0.95732725,1.832720199836646e-26,1.900792664402007e-24,0.32769830949284784,0.21089056833596323
CD8 T cytotoxic,SRGN,10.549109,0.6002027,5.128084004899452e-26,5.264832911696771e-24,0.7546597312527091,0.5842537995183125
CD8 T cytotoxic,DNAJB6,10.482029,0.9032591,1.0447745641567434e-25,1.0462156325210974e-23,0.37494581707845687,0.2909780472275282
CD8 T cytotoxic,WIPF1,10.389998,1.0690297,2.7535805693981285e-25,2.7304773568158615e-23,0.30515821413090594,0.19483431608670376
CD8 T cytotoxic,SUB1,10.251873,0.43206367,1.1607238767217017e-24,1.139864491111051e-22,0.6324230602514087,0.5801013204883315
CD8 T cytotoxic,SPON2,10.195464,1.9194909,2.077497750696734e-24,2.0014869325195834e-22,0.1755526657997399,0.04706142900645018
CD8 T cytotoxic,APOBEC3G,10.07014,1.8372331,7.487117679534325e-24,7.013738626247638e-22,0.19635890767230169,0.07612878221631647
CD8 T cytotoxic,HLA-F,9.895522,0.9341574,4.353314260713805e-23,3.986223977107668e-21,0.3142609449501517,0.21064141959416438
CD8 T cytotoxic,STAT4,9.832285,1.5845426,8.174293676795766e-23,7.352523976190457e-21,0.20156046814044212,0.08476593859867675
CD8 T cytotoxic,TUBA4A,9.808379,1.2667829,1.0361968647556479e-22,9.279211395045291e-21,0.2535760728218466,0.14450627024333526
CD8 T cytotoxic,ARHGDIB,9.725469,0.3472746,2.348210408479263e-22,2.0844725407670942e-20,0.7095795405288253,0.6938515627162749
CD8 T cytotoxic,RBM39,9.720799,0.51037854,2.4584462534825334e-22,2.1728389322083884e-20,0.5236237537928045,0.4962212440827174
CD8 T cytotoxic,SUN2,9.685846,1.0753167,3.4632776597906105e-22,3.034547770182049e-20,0.28305158214130904,0.17924867812750878
CD8 T cytotoxic,PCSK7,9.654743,0.996999,4.693349851115567e-22,4.0946959559432296e-20,0.31772865192891203,0.22714060293995517
CD8 T cytotoxic,SAMD3,9.60727,2.1168363,7.449774546310115e-22,6.471752862281711e-20,0.1625487646293888,0.044514575201395234
CD8 T cytotoxic,ARF6,9.551123,0.65362406,1.282979950461546e-21,1.109804954594992e-19,0.44646727351538795,0.37555020347147244
CD8 T cytotoxic,ZNF683,9.525226,5.7349005,1.6468407485046294e-21,1.4125307483376415e-19,0.12093628088426528,0.002934418514519835
CD8 T cytotoxic,RNF166,9.469433,1.3631155,2.8136605716153948e-21,2.3831705041582393e-19,0.23840485478977028,0.13514935082911164
CD8 T cytotoxic,AES,9.386303,0.65089613,6.2143545294364775e-21,5.220057804726642e-19,0.4490680537494582,0.38172355562937743
CD8 T cytotoxic,EFHD2,9.376135,1.4464501,6.843523735025627e-21,5.724903312164648e-19,0.21976592977893367,0.11120338842288846
CD8 T cytotoxic,CD6,9.206806,1.3873899,3.3597407597424264e-20,2.742843781688516e-18,0.20806241872561768,0.10223403371812972
CD8 T cytotoxic,ATG2A,9.203474,1.8878592,3.465589691565178e-20,2.8179402900054775e-18,0.1755526657997399,0.06566453506076461
CD8 T cytotoxic,KLRF1,9.176009,1.6366054,4.4736493423065463e-20,3.623121268143724e-18,0.1716514954486346,0.05478504000221465
CD8 T cytotoxic,PSME1,9.154581,0.40080112,5.456915972210698e-20,4.384513355063204e-18,0.5726051148677936,0.5457187941200897
CD8 T cytotoxic,SPOCK2,9.153555,1.1720396,5.509008152857643e-20,4.40894164296418e-18,0.23363675769397485,0.12922514741300556
CD8 T cytotoxic,MRPL10,9.008022,1.834886,2.0980484587601693e-19,1.6154973132453302e-17,0.18899003034243606,0.08567948398527254
CD8 T cytotoxic,CFL1,8.997563,0.25126356,2.30782774301483e-19,1.770321598490772e-17,0.7485912440398786,0.7516817540071422
CD8 T cytotoxic,AKNA,8.9794445,1.4215726,2.7213762495610113e-19,2.0797043759803097e-17,0.2045947117468574,0.09938266478420951
CD8 T cytotoxic,PRSS23,8.9210205,3.3726525,4.620106231252215e-19,3.491357601074165e-17,0.12397052449068054,0.013066467347673227
CD8 T cytotoxic,EML4,8.877269,1.1016182,6.852232914530053e-19,5.1589700254284046e-17,0.25704377980060683,0.16183594939512222
CD8 T cytotoxic,PPIB,8.829386,0.5851519,1.052524570607515e-18,7.808656741353857e-17,0.4295622019939315,0.37588240179387095
CD8 T cytotoxic,PRKCH,8.697413,1.3814,3.3953440060734147e-18,2.447537338846113e-16,0.19939315127871696,0.09719569249508624
CD8 T cytotoxic,DDX6,8.685658,0.9273718,3.765559355575704e-18,2.70481592155982e-16,0.31339401820546164,0.23608227445118068
CD8 T cytotoxic,LINC00623,8.5877495,1.367962,8.868949297867864e-18,6.19546396312914e-16,0.2058951018638925,0.10763225645710489
CD8 T cytotoxic,H3F3B,8.57225,0.24823575,1.014821869529489e-17,7.040716369896058e-16,0.9471174685739056,0.9277745480718655
CD8 T cytotoxic,FCGR3A,8.5573635,1.7241219,1.1547750702228617e-17,7.930495820098086e-16,0.15474642392717816,0.04639703236165324
CD8 T cytotoxic,GNG2,8.552915,1.2914926,1.2001847990510318e-17,8.214598180171507e-16,0.2154312960554833,0.1178750380643911
CD8 T cytotoxic,CRIP1,8.54979,0.8520692,1.2331200450399069e-17,8.411699421332626e-16,0.2977893368010403,0.20679345569304874
CD8 T cytotoxic,SYNE1,8.5224495,2.0296352,1.562143035933511e-17,1.058508121148547e-15,0.15127871694841785,0.047725825651247125
CD8 T cytotoxic,LAT,8.501079,0.94851613,1.878377670641351e-17,1.2560414897630719e-15,0.25964456003467706,0.1654070813609058
CD8 T cytotoxic,GPR65,8.452862,1.4396949,2.842492138330205e-17,1.882155706448743e-15,0.1859557867360208,0.08562411759820612
CD8 T cytotoxic,AHNAK,8.392371,1.1442902,4.764336162994146e-17,3.1041482538892626e-15,0.22626788036410922,0.13091382221853112
CD8 T cytotoxic,MYL6,8.309981,0.24860032,9.571749945956286e-17,6.08045415316873e-15,0.7351538794971825,0.7280956731168508
CD8 T cytotoxic,IL2RG,8.233564,0.8342194,1.8172420947507793e-16,1.1472328354687528e-14,0.3025574338968357,0.2231819062647067
CD8 T cytotoxic,TSEN54,8.202828,1.7401905,2.347964802775235e-16,1.4776912851645507e-14,0.1729518855656697,0.07792818979597486
CD8 T cytotoxic,CIRBP,8.1880455,0.24772674,2.655025203063511e-16,1.665782479255403e-14,0.7329865626354573,0.7352933034354843
CD8 T cytotoxic,TGFBR3,8.174212,3.245784,2.9780548779913603e-16,1.8627046018402576e-14,0.1153012570437798,0.014173795089001467
CD8 T cytotoxic,CIB1,8.172469,0.6637368,3.0214126135945473e-16,1.884026859176379e-14,0.3788469874295622,0.3256927719181685
CD8 T cytotoxic,RHOC,8.168306,1.3331957,3.1274890917261813e-16,1.9442078977556518e-14,0.1894234937147811,0.09030257730531795
CD8 T cytotoxic,ZAP70,8.036856,1.3670435,9.21728064989047e-16,5.5764547931837333e-14,0.18075422626788037,0.085070453727542
CD8 T cytotoxic,PTP4A2,8.012343,0.55584043,1.1254292206932012e-15,6.788642492062728e-14,0.42522756827048114,0.3711762588932259
CD8 T cytotoxic,STK17A,7.9475613,0.93077505,1.902191310832077e-15,1.137286616664543e-13,0.2743823146944083,0.19192758076571714
CD8 T cytotoxic,CD48,7.8826594,0.4495758,3.204851399353587e-15,1.8883541810452093e-13,0.48981361074989166,0.4376712897599867
CD8 T cytotoxic,PSMB9,7.8689976,0.69383866,3.574940183204232e-15,2.1003290186177926e-13,0.3389683571738188,0.26957893862635995
CD8 T cytotoxic,LAIR2,7.8442316,3.0208385,4.356127962923066e-15,2.530039120865717e-13,0.11270047680970958,0.015474905185062149
CD8 T cytotoxic,GAPDH,7.8016467,0.39328098,6.1104611671280005e-15,3.508854649869435e-13,0.8209796272214998,0.7131467486089196
CD8 T cytotoxic,TMSB10,7.789537,0.25548634,6.725525074200679e-15,3.840350385066051e-13,0.9891634156913741,0.9790991888824295
CD8 T cytotoxic,RNF213,7.737865,1.0581565,1.011002645197795e-14,5.708794936550214e-13,0.22540095361941917,0.14068598953575284
CD8 T cytotoxic,SRSF7,7.7233133,0.47492296,1.1334410661971824e-14,6.347269970704222e-13,0.44993498049414826,0.40608476593859866
CD8 T cytotoxic,CDC42SE2,7.491345,0.66219914,6.81713483641649e-14,3.715247103342478e-12,0.3610749891634157,0.3050964759294632
CD8 T cytotoxic,IFITM1,7.446165,0.9454176,9.609244567054143e-14,5.1676381893935616e-12,0.22366710013003901,0.13755778866650056
CD8 T cytotoxic,ARL6IP5,7.444368,0.6624924,9.740965424125944e-14,5.2246529061116676e-12,0.3515387949718249,0.300362649835285
CD8 T cytotoxic,SSR2,7.4414268,0.37967187,9.960366303458231e-14,5.314286777341179e-12,0.5049848287819679,0.4936467070841292
CD8 T cytotoxic,MYO1G,7.3990526,0.9953444,1.3715945909926265e-13,7.260878866067217e-12,0.2223667100130039,0.14051989037455362
CD8 T cytotoxic,LDHA,7.3794007,0.5011831,1.5900368737823505e-13,8.352007640890859e-12,0.41569137407889034,0.3616809235113363
CD8 T cytotoxic,APMAP,7.3746786,1.4061344,1.6474206071298187e-13,8.631125283952307e-12,0.1868227134807109,0.1021233009439969
CD8 T cytotoxic,SF3B2,7.339899,0.67514753,2.137548206670723e-13,1.111306392460421e-11,0.33506718682271347,0.28873570855133845
CD8 T cytotoxic,FUS,7.326393,0.3587329,2.3642988486760945e-13,1.2229380914984135e-11,0.5288253142609449,0.5088170971403261
CD8 T cytotoxic,AAK1,7.3074455,0.8088163,2.7226864662293593e-13,1.4047403676525486e-11,0.27394885132206326,0.20261329346953463
CD8 T cytotoxic,ADGRG1,7.299933,2.898341,2.879107565333636e-13,1.481683508559548e-11,0.11746857390550498,0.028541372532735376
CD8 T cytotoxic,TRGC1,7.278626,2.4388494,3.372368727362128e-13,1.7267887025142905e-11,0.11746857390550498,0.02796002546853805
CD8 T cytotoxic,UBE2L3,7.2084985,0.67559946,5.657228406351958e-13,2.853601465119668e-11,0.3242306025140876,0.2762782714613958
CD8 T cytotoxic,TNFAIP3,7.1821256,0.8068403,6.863583004240449e-13,3.411318222743272e-11,0.25574338968357174,0.17670182432245385
CD8 T cytotoxic,CALR,7.1434913,0.54884255,9.09896844629889e-13,4.500336510373815e-11,0.37971391417425226,0.3287102400132879
CD8 T cytotoxic,CLEC2D,7.1391816,0.68154126,9.388829439917147e-13,4.6324302149183435e-11,0.3012570437798006,0.2286354953907483
CD8 T cytotoxic,RAB5IF,7.1283603,1.1581548,1.015717844161142e-12,4.987321820315869e-11,0.2223667100130039,0.15056888962710738
CD8 T cytotoxic,TBX21,7.1259484,2.8520725,1.033665814844814e-12,5.062134853889157e-11,0.10446467273515388,0.016139301829859093
CD8 T cytotoxic,TRDC,7.103503,1.8280412,1.2163370136185852e-12,5.901121435045013e-11,0.1330732553099263,0.046064834039254765
CD8 T cytotoxic,TERF2IP,7.069256,0.7879725,1.5576661764077348e-12,7.432919726294938e-11,0.29475509319462506,0.23622069041884672
CD8 T cytotoxic,F2R,7.0195436,2.4260297,2.2259390270049282e-12,1.0426011184552115e-10,0.11833550065019506,0.03272153475624948
CD8 T cytotoxic,ARF1,6.8826504,0.55820036,5.874909799361908e-12,2.695827684005166e-10,0.3597745990463806,0.32059906430805857
CD8 T cytotoxic,TGFB1,6.8433433,0.9482157,7.736587309243816e-12,3.5104764915693816e-10,0.2293021239705245,0.15701907372034438
CD8 T cytotoxic,CEP78,6.775275,2.192821,1.2416970232467865e-11,5.559739446819532e-10,0.12960554833116603,0.048916202973174984
CD8 T cytotoxic,ASCL2,6.7638903,2.5381465,1.343346739200242e-11,5.975394423295956e-10,0.10619852622453403,0.02300473382609418
CD8 T cytotoxic,KLF3,6.6989455,0.7382531,2.0992899617779608e-11,9.177283084520942e-10,0.29822280017338537,0.24419345015641003
CD8 T cytotoxic,OGA,6.6882834,0.79378796,2.2580312560885024e-11,9.85005565960667e-10,0.28651928912006935,0.23026880380920742
CD8 T cytotoxic,TTC38,6.666155,2.3143883,2.6259202477413623e-11,1.1430344067684456e-09,0.11920242739488514,0.03825817346289068
CD8 T cytotoxic,IL10RA,6.651982,1.0132686,2.8917230578722743e-11,1.2507009855410127e-09,0.19029042045947117,0.11289206322841402
CD8 T cytotoxic,HNRNPDL,6.596113,0.2198873,4.2207655257098345e-11,1.798736302025776e-09,0.6094495015171218,0.6161448384685657
CD8 T cytotoxic,STK4,6.5460896,0.48086053,5.906322608103896e-11,2.4961273592003326e-09,0.40615517988729954,0.3627052016720649
CD8 T cytotoxic,PLA2G16,6.462556,1.9854243,1.0294901846380566e-10,4.2535521287240675e-09,0.11140008669267447,0.031531157434321624
CD8 T cytotoxic,POMP,6.45392,0.41404468,1.089933864064183e-10,4.494153263427325e-09,0.41959254442999566,0.3817512388229106
CD8 T cytotoxic,EVL,6.442234,0.44071385,1.1772738431285504e-10,4.844458033019671e-09,0.43302990897269183,0.38269246740303964
CD8 T memory,CCL5,76.54521,5.524221,0.0,0.0,0.9815250251931474,0.1654867007023383
CD8 T memory,DUSP2,64.79123,4.4089804,0.0,0.0,0.7944239166946591,0.15245536343891913
CD8 T memory,GZMK,61.50752,6.4333553,0.0,0.0,0.6970104131676184,0.02755761148562886
CD8 T memory,B2M,61.213493,1.1115294,0.0,0.0,1.0,0.9922714579866302
CD8 T memory,HLA-A,59.206078,1.5906398,0.0,0.0,0.9855559287873699,0.8864976165627733
CD8 T memory,IL32,58.890114,3.1332262,0.0,0.0,0.8901578770574404,0.37139311200744646
CD8 T memory,CST7,58.59033,3.9214916,0.0,0.0,0.7806516627477326,0.13750599385101403
CD8 T memory,NKG7,58.282955,3.9018764,0.0,0.0,0.8653006382264025,0.18559783375172764
CD8 T memory,HLA-B,54.026752,1.3293623,0.0,0.0,0.9879072892173328,0.9210504047612332
CD8 T memory,GZMA,52.485935,3.859817,0.0,0.0,0.6902922405105811,0.1092996361379855
CD8 T memory,CMC1,52.249306,4.371535,0.0,0.0,0.6607322808196171,0.12343102135221279
CD8 T memory,HLA-C,50.473183,1.5109818,0.0,0.0,0.9680886798790729,0.8509576058443573
CD8 T memory,CXCR4,50.309406,2.1326022,0.0,0.0,0.8867987907289218,0.5901898287874087
CD8 T memory,HCST,49.197163,2.1799803,0.0,0.0,0.8481692979509573,0.49163681493808703
CD8 T memory,EIF1,44.67007,0.93328786,0.0,0.0,0.9872354719516292,0.960370067413195
CD8 T memory,CD3D,43.590416,2.2588048,0.0,0.0,0.7527712462210279,0.3421431190590359
CD8 T memory,MALAT1,41.960896,0.9069093,0.0,0.0,0.9996640913671482,0.9844865032578343
CD8 T memory,BTG1,41.4559,1.3627754,0.0,0.0,0.9445750755794424,0.8136123882323075
CD8 T memory,CTSW,40.881577,2.6620874,0.0,0.0,0.618743701713134,0.20066002877048486
CD8 T memory,RGS1,38.537907,4.0737467,0.0,0.0,0.47766207591535104,0.07463402250867346
CD8 T memory,CD3E,36.5679,1.9370753,9.262854478740999e-293,8.966443135421287e-290,0.6674504534766543,0.3208755253434124
CD8 T memory,GZMM,35.553997,2.4839778,7.207669991370747e-277,6.65988707202657e-274,0.5340947262344642,0.16974586071700562
CD8 T memory,JUN,35.096394,1.6184185,7.651503693928042e-270,6.7625985691377935e-267,0.7809875713805845,0.5859588751304544
CD8 T memory,LYAR,34.931023,2.8061688,2.514338979023416e-267,2.1296451152328333e-264,0.4998320456835741,0.1510450455532677
CD8 T memory,SRSF7,34.853886,1.7573252,3.718235740608519e-266,3.023371845403599e-263,0.6432650319113201,0.3890220855780893
CD8 T memory,UBC,34.606117,1.1008935,2.044170637525281e-262,1.5982269507543813e-259,0.8683238159220692,0.7603587848701098
CD8 T memory,CD8A,34.485245,3.459569,1.3349030822754465e-260,1.0050336983887138e-257,0.4403762176687941,0.0716159422333794
CD8 T memory,CCL4,33.60903,3.6416328,1.23800687957212e-247,8.987929945693591e-245,0.43500167954316427,0.06972611626660649
CD8 T memory,PIK3R1,32.599155,2.4106748,4.215760924280974e-233,2.955103036854608e-230,0.5062143097077595,0.19400332835021014
CD8 T memory,CD69,32.509933,2.0625572,7.718438377325235e-232,5.230013844475579e-229,0.5666778636210951,0.2593574591712972
CD8 T memory,TRAC,32.473564,1.8468769,2.5189354364123566e-231,1.651771598431948e-228,0.6419213973799127,0.32496544721180154
CD8 T memory,ZFP36L2,32.37923,1.3585385,5.38153598607383e-230,3.418620735153401e-227,0.7571380584481021,0.5760302372154684
CD8 T memory,TMSB4X,30.48264,0.78935635,4.4269633270015775e-204,2.646803250332002e-201,1.0,0.9772938820410121
CD8 T memory,SRGN,30.417404,1.4635706,3.2337065805050553e-203,1.878136781957336e-200,0.8451461202552906,0.5734352523058698
CD8 T memory,H3F3B,30.396719,0.7852833,6.069665068025767e-203,3.4273375417452164e-200,0.9586832381592207,0.9264378190844216
CD8 T memory,ZFP36,28.839281,1.5969577,6.90507780597032e-183,3.793687071344991e-180,0.6133691635875042,0.36394663357120693
CD8 T memory,CALM1,27.853117,1.1336998,9.874865994527895e-171,5.14708399837854e-168,0.7158212966073229,0.5595859306687727
CD8 T memory,CD8B,26.549913,2.6490512,2.5741765347388614e-155,1.3081965149542892e-152,0.3768894860597917,0.0899218683891349
CD8 T memory,TUBA4A,26.304289,2.5641253,1.7128452704116765e-152,8.492370404128918e-150,0.3913335572724219,0.1308774997884523
CD8 T memory,JUNB,26.062614,1.1159832,9.679921740926551e-150,4.6850821226084506e-147,0.8125629828686597,0.6794629509491439
CD8 T memory,TRBC2,25.994818,1.5735931,5.66758421402098e-149,2.679317486107407e-146,0.544507893852872,0.30493893323555127
CD8 T memory,HLA-E,25.59755,0.8788182,1.62449207874471e-144,7.338372217049436e-142,0.8139066174000672,0.7014639099653062
CD8 T memory,PPP2R5C,25.25364,1.6404607,1.0329799651278694e-140,4.564873202417246e-138,0.49916022841787033,0.28172510083772884
CD8 T memory,SELENOK,23.72756,1.4596939,1.8735152139142466e-124,7.934336930926835e-122,0.5052065838092039,0.3242038755535498
CD8 T memory,CD99,23.655125,1.3145287,1.0453442404853419e-123,4.2499515441172064e-121,0.5438360765871683,0.35630271063097624
CD8 T memory,PTPRC,23.458982,1.0985883,1.070381947403761e-121,4.2664165150634614e-119,0.6257977830030231,0.4739232222943051
CD8 T memory,GUK1,23.045647,1.1300739,1.6264506302468678e-117,6.238205360690251e-115,0.574067853543836,0.4280032719374947
CD8 T memory,YPEL5,22.019737,1.2899575,1.8634119241305967e-107,6.887170471586686e-105,0.5283842794759825,0.37740106620032154
CD8 T memory,IER2,21.997015,1.1245412,3.075600978690001e-107,1.1164431552644703e-104,0.6106818945246892,0.45195046963585594
CD8 T memory,NR4A2,21.714987,2.1872523,1.4808415902023253e-104,5.190094456143598e-102,0.3443063486731609,0.12458748201844695
CD8 T memory,TRGC2,21.708967,3.4866142,1.6880844223577717e-104,5.719230022948131e-102,0.2727578098757138,0.03607593151496347
CD8 T memory,ID2,21.441614,1.4741484,5.468306977033795e-102,1.822290889002344e-99,0.4699361773597581,0.26784757284291877
CD8 T memory,KLRB1,21.419584,2.2190092,8.776940843310015e-102,2.877704088109774e-99,0.3574067853543836,0.13144162694271289
CD8 T memory,SARAF,21.365705,0.7847631,2.7860989078322968e-101,8.989812475938878e-99,0.7944239166946591,0.6950610667644487
CD8 T memory,DUSP1,20.946598,1.0075698,2.0152099164090935e-97,6.400810496994384e-95,0.705408128988915,0.5747609511183821
CD8 T memory,UBB,20.62949,0.72755986,1.492171641989011e-94,4.6665946366696336e-92,0.7940880080618072,0.6863453022311229
CD8 T memory,SRSF5,20.59804,0.7817982,2.857738941575574e-94,8.670465254380338e-92,0.6761840779308028,0.5853101289030548
CD8 T memory,FYN,19.931059,2.1433468,2.1888404080950238e-88,6.356392545107949e-86,0.3113873026536782,0.10320706287197134
CD8 T memory,MT2A,19.798033,1.448392,3.095533072658781e-87,8.619999493288728e-85,0.4410480349344978,0.2750966067751671
CD8 T memory,RARRES3,19.225254,1.3000672,2.2752418045465574e-82,6.166815387042989e-80,0.4366812227074236,0.26784757284291877
CD8 T memory,XCL2,19.09368,3.493892,2.8497106077314817e-81,7.622225951837574e-79,0.2381592206919718,0.028262770428454573
CD8 T memory,KLRG1,18.965805,3.0173354,3.2698487228125147e-80,8.632400628225038e-78,0.2502519314746389,0.04380447352833328
CD8 T memory,LEPROTL1,18.577343,1.0712605,4.901811128020222e-77,1.2455502076299383e-74,0.5193147463889822,0.3727752235353849
CD8 T memory,DDX5,18.222364,0.53510135,3.4301013937688187e-74,8.40085555813645e-72,0.792072556264696,0.7474402730375427
CD8 T memory,TSC22D3,18.078728,0.7935724,4.687665806215581e-73,1.1344151251041706e-70,0.700369499496137,0.6028826897582715
CD8 T memory,TRBC1,17.617607,1.3386056,1.804817481719383e-69,4.217049398665703e-67,0.4071212630164595,0.22725862409387076
CD8 T memory,TMA7,17.426468,0.44973883,5.195767975389789e-68,1.2002224023150413e-65,0.8212966073228082,0.7864214593969481
CD8 T memory,DNAJB6,17.355448,1.2201357,1.7939446283424295e-67,4.051922933882767e-65,0.4192139737991266,0.2856739909175528
CD8 T memory,PPDPF,17.352001,0.57587725,1.9049316978518662e-67,4.255324346586015e-65,0.7117903930131004,0.6523848475446365
CD8 T memory,TNFAIP3,17.256065,1.5637519,1.0074598239148462e-66,2.1557519263727362e-64,0.3379240846489755,0.16830733647364116
CD8 T memory,PFN1,17.064419,0.53782314,2.7309272121274697e-65,5.723122512178062e-63,0.8928451461202553,0.8213691366033904
CD8 T memory,LITAF,17.058975,1.0773231,2.99763908933143e-65,6.217959939584623e-63,0.44239166946590525,0.30144134487913576
CD8 T memory,LINC01871,16.97925,2.5620933,1.1697045360039274e-64,2.377775380788784e-62,0.23748740342626806,0.05285871435421544
CD8 T memory,ITM2A,16.58396,1.5649122,9.102747695668014e-62,1.7965112151217416e-59,0.3352368155861606,0.18198741996446
CD8 T memory,SYTL3,16.581764,2.0963569,9.441657396146353e-62,1.8454808802775294e-59,0.2576419213973799,0.08123431021352213
CD8 T memory,CD3G,16.320717,1.3050373,7.030501605942531e-60,1.3482644966566014e-57,0.3533758817601612,0.19174681973316784
CD8 T memory,DNAJB1,16.290363,1.4566607,1.1554159876363368e-59,2.1950744109038743e-57,0.3446422573060128,0.1984035201534426
CD8 T memory,KLRD1,16.28909,1.8686677,1.1797469244172239e-59,2.220545877736419e-57,0.26570372858582464,0.08114969114038305
CD8 T memory,DDX24,16.198233,1.1714224,5.1896641704194485e-59,9.590499386935141e-57,0.40779308028216327,0.28558937184441374
CD8 T memory,CLEC2B,15.997825,1.289073,1.323191248521407e-57,2.4232280810759604e-55,0.3647967752771246,0.2210814317547175
CD8 T memory,LCK,15.922552,1.2326077,4.4197744509323654e-57,7.950900445889658e-55,0.3594222371514948,0.2060192367359603
CD8 T memory,ARHGDIB,15.8975,0.5373612,6.594466133856434e-57,1.1758974348160842e-54,0.7467248908296943,0.6904352240995121
CD8 T memory,CREM,15.840617,1.8919482,1.6321191781020155e-56,2.8601481596946354e-54,0.27678871346993617,0.11866414689871096
CD8 T memory,IRF1,15.830411,1.2935587,1.9196290785706836e-56,3.335232470870501e-54,0.37319449109842123,0.2309536569542775
CD8 T memory,C12orf75,15.677484,1.4573405,2.15627703265945e-55,3.6834285310841423e-53,0.314410480349345,0.1527092206583364
CD8 T memory,CIRBP,15.570901,0.4711778,1.1477872124422635e-54,1.896928329636287e-52,0.7752771246221027,0.7317857445068119
CD8 T memory,PYHIN1,15.277964,2.327478,1.072400562113419e-52,1.7165164272946128e-50,0.22237151494793417,0.05621527092206583
CD8 T memory,CDC42SE2,15.205589,1.0644708,3.2469609353143817e-52,5.116606348300058e-50,0.4165267047363117,0.2993822807660847
CD8 T memory,HOPX,15.094394,1.568279,1.7630215067123147e-51,2.7568231683421486e-49,0.27611689620423246,0.10769187374834288
CD8 T memory,WIPF1,15.090911,1.3339458,1.8585808709083473e-51,2.884063507162205e-49,0.3312059119919382,0.19056215270922067
CD8 T memory,FUS,15.030168,0.653897,4.6582523664173755e-51,7.173708644282757e-49,0.5710446758481693,0.5048938030632104
CD8 T memory,PNRC1,14.898407,0.5995199,3.375305121480665e-50,5.1203882469745493e-48,0.6546859254282835,0.6016980227343243
CD8 T memory,RNF125,14.884623,1.535445,4.1481879557096733e-50,6.246249241753055e-48,0.29224051058112194,0.1448114404986884
CD8 T memory,TSPYL2,14.817467,1.9480078,1.129655665599135e-49,1.6761781292189208e-47,0.2485723883103796,0.09632471158999238
CD8 T memory,SEPT7,14.733384,0.7335372,3.9349794064183156e-49,5.754695062854067e-47,0.514947934161908,0.43999097396553183
CD8 T memory,STK17A,14.726267,1.3815064,4.3720118077588616e-49,6.348161144865867e-47,0.3238159220691972,0.18621837362141427
CD8 T memory,MYL12A,14.661846,0.54180455,1.1315327879759753e-48,1.6313332279415337e-46,0.6872690628149143,0.6384509068344004
CD8 T memory,SH2D1A,14.249713,2.5891433,4.501267842848547e-46,6.224610388396276e-44,0.1975142761168962,0.04363523538205512
CD8 T memory,CD2,14.103806,1.18944,3.598310816836501e-45,4.812267255569237e-43,0.32986227746053076,0.19372126477307985
CD8 T memory,ZNF331,13.758822,1.8878495,4.508101332263685e-43,5.83698623453861e-41,0.2361437688948606,0.09497080641976702
CD8 T memory,RBM39,13.731167,0.62558836,6.606078419165234e-43,8.445808937408231e-41,0.5478669801813907,0.4936676726934251
CD8 T memory,HSP90AA1,13.719726,0.5915664,7.735777588617917e-43,9.828305426339064e-41,0.6224386966745046,0.5219868558373058
CD8 T memory,HSPA5,13.576207,1.0492586,5.542322507462259e-42,6.954588390845234e-40,0.37655357742693985,0.27196570106902096
CD8 T memory,CD7,13.385527,0.8599063,7.347436823928777e-41,8.943634476456537e-39,0.4215653342290897,0.28550475277127463
CD8 T memory,PDCD4,13.071478,1.1495012,4.792538446964454e-39,5.697235178356341e-37,0.3328854551561975,0.22762530674414014
CD8 T memory,CD96,12.770247,1.8343382,2.4038795491465735e-37,2.760794546613082e-35,0.215317433658045,0.08224973909119115
CD8 T memory,RUNX3,12.711038,1.8354548,5.1348435858761415e-37,5.766911625065757e-35,0.21430970775948943,0.0798239923278707
CD8 T memory,HNRNPA0,12.617489,0.57302094,1.6912788692515443e-36,1.8484041319433007e-34,0.5179711118575747,0.4687050461173949
CD8 T memory,MYO1F,12.610345,1.2214333,1.8518027676980757e-36,2.0130185380623786e-34,0.28585824655693653,0.15505034834851775
CD8 T memory,PTPN7,12.494462,1.6899092,8.003574651100667e-36,8.518150026574573e-34,0.24353375881760161,0.12041294107691873
CD8 T memory,VAMP2,12.446701,0.5025889,1.4574509421676564e-35,1.5430761850200063e-33,0.6274773261672825,0.5912334640227908
CD8 T memory,TENT5C,12.416956,2.0291266,2.114543109785355e-35,2.204329863370087e-33,0.207927443735304,0.07886497616562774
CD8 T memory,GADD45B,12.40325,1.1187836,2.509372670224617e-35,2.6025779408329598e-33,0.30735639905945583,0.189913406481821
CD8 T memory,DDIT4,12.271079,1.3387693,1.2951634060793741e-34,1.3033703821178968e-32,0.2700705408128989,0.15093222012241558
CD8 T memory,EML4,12.190145,1.2934682,3.5079770893533573e-34,3.5128156784421204e-32,0.2754450789385287,0.15849152398950722
CD8 T memory,SON,12.148991,0.588436,5.807816012584743e-34,5.759087019698666e-32,0.5052065838092039,0.4574789157476095
CD8 T memory,MATK,11.892693,1.8159945,1.291735190616073e-32,1.2386034412662045e-30,0.2049042660396372,0.07739824556455024
CD8 T memory,STAT4,11.866583,1.6916142,1.7653176801029808e-32,1.6847595211799718e-30,0.2069197178367484,0.08210870730262601
CD8 T memory,CD160,11.759954,2.7643294,6.27681213506242e-32,5.9071776426643e-30,0.15552569701041316,0.025724198234282007
CD8 T memory,SRSF2,11.752476,0.6936058,6.857960834338426e-32,6.424360729973803e-30,0.43298622774605305,0.3611824105153302
CD8 T memory,PRKCH,11.640693,1.6048698,2.559291249153616e-31,2.3647851142179415e-29,0.21464561639234128,0.09398358389981101
CD8 T memory,CCL3,11.515953,2.0883858,1.0964052301916666e-30,9.905655786371644e-29,0.1823983876385623,0.05779482695399543
CD8 T memory,IDS,11.474304,1.2615054,1.7759991372874775e-30,1.5904189631180547e-28,0.2663755458515284,0.15868896849349842
CD8 T memory,SLA,11.415687,1.8461277,3.491376500100498e-30,3.112837784826444e-28,0.19381928115552569,0.07412630806983894
CD8 T memory,ACAP1,11.378666,0.82273364,5.341036698380387e-30,4.700112294574741e-28,0.3768894860597917,0.286830451583787
CD8 T memory,RORA,11.344524,1.2722503,7.895417916219547e-30,6.91801962934961e-28,0.2485723883103796,0.13324683383634672
CD8 T memory,ITM2B,11.324968,0.3723818,9.871498651308482e-30,8.612352986429135e-28,0.7027208599261001,0.6751473782190506
CD8 T memory,CYCS,11.3080435,0.8285033,1.1972914488612945e-29,1.0401085714723246e-27,0.3678199529727914,0.29453078723944376
CD8 T memory,RSRP1,11.017513,0.86732435,3.1463123618607785e-28,2.6320262424652634e-26,0.3604299630500504,0.2797788621555299
CD8 T memory,CCL4L2,10.927219,3.6860693,8.542643947881209e-28,6.974091010944949e-26,0.13402754450789386,0.0140467661410882
CD8 T memory,GABARAPL1,10.897719,1.5778451,1.1818187225886908e-27,9.569983138490238e-26,0.2032247228753779,0.08899105858460497
CD8 T memory,EVL,10.89737,0.62654465,1.1863615460938312e-27,9.569983138490238e-26,0.4601948270070541,0.3794601303133726
CD8 T memory,GZMH,10.758731,1.2562348,5.390745191579821e-27,4.247405746295915e-25,0.21397379912663755,0.08932953487716132
CD8 T memory,HLA-F,10.738891,0.9429672,6.684290158703421e-27,5.246264492128307e-25,0.30399731273093716,0.20954503145008885
CD8 T memory,IL2RG,10.469132,0.9155225,1.1973514968243528e-25,8.948441627737295e-24,0.31205911991938196,0.2208839872507263
CD8 T memory,IDI1,10.377945,1.3118397,3.1242860381842505e-25,2.309472239425798e-23,0.24420557608330534,0.14703974275801765
CD8 T memory,MYL6,10.308871,0.31819832,6.425147994372772e-25,4.7151771996248996e-23,0.7662075915351024,0.7253546949482413
CD8 T memory,LAG3,10.195711,3.727477,2.0722251820248224e-24,1.4937657269574678e-22,0.12361437688948607,0.011762051166332891
CD8 T memory,MYL12B,10.138178,0.43598425,3.740099068641776e-24,2.6770680939207756e-22,0.5253611017803158,0.4966011338955801
CD8 T memory,RNF19A,10.095182,1.8475412,5.8022935383138035e-24,4.0960266119608477e-22,0.18374202216996977,0.07990861140100979
CD8 T memory,SPOCK2,10.095169,1.1815794,5.803107360511236e-24,4.0960266119608477e-22,0.22875377897211957,0.12766197500916707
CD8 T memory,ITGB2,10.028009,0.6683602,1.1480828264242397e-23,8.04766472260412e-22,0.38461538461538464,0.29986178884720616
CD8 T memory,AC058791.1,9.965096,1.4549135,2.166631308608851e-23,1.5083315493630386e-21,0.19617064158548875,0.09192451978675993
CD8 T memory,SBDS,9.874995,1.0074666,5.343562631605946e-23,3.657371756743625e-21,0.2955995969096406,0.2196711138690661
CD8 T memory,ARL4C,9.711437,0.9261797,2.695095100591131e-22,1.7962587936005413e-20,0.27510917030567683,0.18286181705356389
CD8 T memory,LAT,9.673249,0.9630785,3.917384324544404e-22,2.5771064255449398e-20,0.25831373866308366,0.16373790652413053
CD8 T memory,AC114760.2,9.662021,0.9812563,4.371530120052047e-22,2.8665956219489684e-20,0.27074235807860264,0.18198741996446
CD8 T memory,SRP14,9.624436,0.30097172,6.30518447354104e-22,4.0949453667138104e-20,0.7037285858246557,0.6741883620568077
CD8 T memory,MORF4L1,9.595738,0.42085755,8.331840617582284e-22,5.3939380915354353e-20,0.504870675176352,0.4824697486813528
CD8 T memory,ATG2A,9.521031,1.8486915,1.714680431386583e-21,1.0961013776486306e-19,0.16493113873026538,0.0644797337319832
CD8 T memory,SOD1,9.451798,0.48829886,3.3305859638005974e-21,2.0768144623355383e-19,0.4638898219684246,0.41725664964883086
CD8 T memory,FKBP11,9.235195,1.2857314,2.5781556217785677e-20,1.5597841511760334e-18,0.21699697682230434,0.12766197500916707
CD8 T memory,PIP4K2A,9.148101,1.1583345,5.794309767802616e-20,3.4141080857939584e-18,0.24185421565334228,0.15863255577807236
CD8 T memory,ALOX5AP,9.136405,0.8544885,6.456296843301691e-20,3.7713678801907116e-18,0.2700705408128989,0.17877189518517475
CD8 T memory,LYST,9.016406,1.3902323,1.94361304839821e-19,1.1160950860971418e-17,0.19516291568693314,0.10419428539192734
CD8 T memory,TIGIT,8.991367,2.9517956,2.441731080962946e-19,1.39818336376943e-17,0.11656029559959691,0.017939243505486136
CD8 T memory,IFRD1,8.879944,1.3882275,6.689423618247299e-19,3.725550775663866e-17,0.20288881424252603,0.11697176543592926
CD8 T memory,APMAP,8.670921,1.522283,4.286371949675092e-18,2.305115581825272e-16,0.18743701713134028,0.10047104617380757
CD8 T memory,PAXX,8.4777775,0.8741474,2.295360060720095e-17,1.1933524121308976e-15,0.28653006382264024,0.21916339943023158
CD8 T memory,F2R,8.456859,2.6320143,2.7467618540134076e-17,1.4207678109003703e-15,0.1222707423580786,0.03077313626491411
CD8 T memory,XCL1,8.42956,3.7350137,3.469688920309871e-17,1.776620563527936e-15,0.10178031575411488,0.009054240825882154
CD8 T memory,CEMIP2,8.38779,1.4741942,4.953676853233557e-17,2.5111806252501685e-15,0.16291568693315417,0.07454940343553437
CD8 T memory,SAP18,8.360564,0.41983423,6.241899013755066e-17,3.1485191849035482e-15,0.44743029895868325,0.42783403379121654
CD8 T memory,ADGRE5,8.311137,1.3267133,9.478952664567681e-17,4.734352574086777e-15,0.18844474302989586,0.1063379685781175
CD8 T memory,TERF2IP,8.254051,0.8511743,1.5311388123520778e-16,7.554609169294427e-15,0.29123278468256636,0.235410261472936
CD8 T memory,NFKBIA,8.208748,0.52131706,2.235078440740426e-16,1.0869539364442913e-14,0.4551561975142761,0.42024652356641184
CD8 T memory,SUB1,8.18813,0.28761968,2.6531531428635796e-16,1.2841261211459725e-14,0.5999328182734296,0.5818407469043523
CD8 T memory,PPP1R15A,8.131898,0.66200984,4.226213408418517e-16,2.0214227333254497e-14,0.3647967752771246,0.3214114461399599
CD8 T memory,CD48,8.068022,0.40709886,7.144609103978156e-16,3.39335546415112e-14,0.47766207591535104,0.43770625899077653
CD8 T memory,PSMB9,8.051709,0.6527614,8.1645538907132e-16,3.8507900577823186e-14,0.32784682566341955,0.26920147801314415
CD8 T memory,SELENOM,8.017978,1.1930146,1.0750070244778065e-15,5.0236190330080115e-14,0.17735975814578434,0.09646574337855753
CD8 T memory,CD247,7.9239454,0.7350392,2.300906775313477e-15,1.048718227098035e-13,0.24622102788041653,0.16356866837785236
CD8 T memory,CYTOR,7.9223757,1.1596495,2.3301463664802723e-15,1.0596692469308943e-13,0.2106147127981189,0.13871886723267424
CD8 T memory,S100A4,7.8477874,0.5118734,4.234420534154626e-15,1.9043650579268857e-13,0.8061807188444743,0.6474487349448566
CD8 T memory,MAF,7.8423924,2.7731,4.420427908237532e-15,1.983630430875332e-13,0.10446758481692979,0.018700815163737908
CD8 T memory,JMJD6,7.833284,1.7841643,4.752893011907975e-15,2.1234463548585785e-13,0.14612025529056097,0.06464897187826137
CD8 T memory,RHOC,7.829918,1.2224544,4.8818884079245255e-15,2.1715323316474781e-13,0.17299294591871012,0.08980904295828279
CD8 T memory,PPIB,7.785531,0.46480536,6.942103135304519e-15,3.0283062775637395e-13,0.4101444407121263,0.3764984627535046
CD8 T memory,FNBP1,7.7376165,0.82304674,1.0129797696837608e-14,4.3626806690956546e-13,0.26100100772589857,0.1997292189659549
CD8 T memory,ARHGAP9,7.7157516,1.1391556,1.2027151290632231e-14,5.157973237045822e-13,0.1944910984212294,0.12024370293064057
CD8 T memory,ETS1,7.6957536,0.9450791,1.4066264841236851e-14,5.994528966303201e-13,0.2096069868995633,0.13335965926719884
CD8 T memory,KLF6,7.693597,0.475993,1.4305550665698353e-14,6.083749663855985e-13,0.4729593550554249,0.42554931881646124
CD8 T memory,PARP8,7.616322,1.5099711,2.61005804029094e-14,1.0783995903055738e-12,0.14511252939200536,0.06445152737427016
CD8 T memory,AKNA,7.6009307,1.170678,2.940089093557697e-14,1.2100658818042516e-12,0.1776956667786362,0.09965306180012976
CD8 T memory,CLEC2D,7.5148873,0.65332055,5.695997216061191e-14,2.301952910697652e-12,0.29291232784682564,0.22796378303669648
CD8 T memory,FCRL6,7.510019,2.2972522,5.911887289914189e-14,2.384461206932056e-12,0.10614712798118911,0.023467689617239725
CD8 T memory,CBLB,7.505542,1.7537822,6.117514710378055e-14,2.4625116640111902e-12,0.13234800134363453,0.05243561898852001
CD8 T memory,OST4,7.5020466,0.22124489,6.282907451472702e-14,2.519111295336037e-12,0.611353711790393,0.6171269004033509
CD8 T memory,CHCHD2,7.46152,0.26402912,8.552983768057922e-14,3.40911870660944e-12,0.6083305340947263,0.5868332722195583
CD8 T memory,HERPUD2,7.4322395,1.35301,1.067743000061771e-13,4.231009689133661e-12,0.16996976822304333,0.09609906072828815
CD8 T memory,RNF166,7.4013944,1.1025112,1.3476194151944892e-13,5.298724849530673e-12,0.20423244877393348,0.13606746960764957
CD8 T memory,TRMT112,7.3848634,0.49058092,1.5261026496388692e-13,5.9658874349728714e-12,0.3661404098085321,0.3336530053874143
CD8 T memory,FAM177A1,7.3366914,1.1066324,2.1893867350504734e-13,8.429138929944322e-12,0.2069197178367484,0.14046766141088202
CD8 T memory,ARID5A,7.3192854,0.9358354,2.4929449255029353e-13,9.561619706721447e-12,0.21666106818945247,0.14969114038304235
CD8 T memory,CRTAM,7.31721,3.672287,2.5317871400346645e-13,9.67409191402719e-12,0.08968760497144776,0.009561955264716667
CD8 T memory,CLK1,7.294733,0.76324534,2.992515457403694e-13,1.1307036100019015e-11,0.2811555256970104,0.2262996079316278
CD8 T memory,RASAL3,7.287349,1.2803043,3.161130020462062e-13,1.1921976077171206e-11,0.1588847833389318,0.08428059684652921
CD8 T memory,CXCR3,7.2805834,2.631318,3.3237958929076455e-13,1.2485083423156628e-11,0.0997648639570037,0.020393196626519616
CD8 T memory,CCDC12,7.2670546,0.67452455,3.674103672449868e-13,1.3729260928963403e-11,0.3123950285522338,0.267057794826954
CD8 T memory,PRF1,7.2488394,0.79356956,4.2035745892102106e-13,1.565023154752109e-11,0.16694659052737656,0.08114969114038305
Dendritic cell,CST3,35.763542,5.8416424,4.075108729639661e-280,8.283881025611503e-276,1.0,0.23820947459995254
Dendritic cell,HLA-DPA1,34.604073,4.6753716,2.1940358504931544e-262,2.2300180384412424e-258,1.0,0.3204333957240397
Dendritic cell,HLA-DRA,34.425194,5.043082,1.0587972561147327e-259,7.174410207433429e-256,1.0,0.38726175098199456
Dendritic cell,HLA-DRB1,34.00675,4.619737,1.770755688542558e-253,8.99898040917328e-250,0.9959758551307847,0.3463738697176601
Dendritic cell,HLA-DPB1,33.787834,4.429982,2.976073287133376e-250,1.2099523556169452e-246,0.9959758551307847,0.3710489547359819
Dendritic cell,VIM,32.684643,3.4055402,2.5813469744213333e-234,8.745603549339478e-231,1.0,0.5384493712598529
Dendritic cell,ACTB,32.218193,1.9739722,9.817388236652064e-228,2.8509695439237596e-224,1.0,0.9630400970131547
Dendritic cell,CD74,32.174454,4.4284797,4.019534392625193e-227,1.0028345918003559e-223,1.0,0.5647061924972979
Dendritic cell,ANXA2,32.171364,4.1378446,4.439940636660371e-227,1.0028345918003559e-223,0.959758551307847,0.18735665515514197
Dendritic cell,FCER1A,31.641443,7.916461,9.944079325318825e-220,2.0214324452508108e-216,0.8329979879275654,0.014710146837845675
Dendritic cell,GSTP1,31.098532,3.329411,2.521217075399322e-212,4.6592091553379476e-209,0.9959758551307847,0.4057680647457359
Dendritic cell,HLA-DMA,30.968695,3.746242,1.4233612405966868e-210,2.4111739415707875e-207,0.9738430583501007,0.2236838636543379
Dendritic cell,HLA-DQB1,30.931843,4.05332,4.4585625446206525e-210,6.971819954388355e-207,0.9839034205231388,0.2433237550417842
Dendritic cell,HLA-DQA1,30.860636,4.5015626,4.033064635332455e-209,5.856009850502724e-206,0.9195171026156942,0.13755832652308017
Dendritic cell,COTL1,30.842993,3.44317,6.954946212943788e-209,9.425343107781421e-206,0.9899396378269618,0.3614267260696491
Dendritic cell,S100A10,30.326933,3.2401235,5.062399592132523e-202,6.431778681804371e-199,0.9839034205231388,0.4319457991722247
Dendritic cell,TMSB10,29.380558,1.3133837,9.730868249855962e-190,1.163582881076894e-186,1.0,0.9794374291513985
Dendritic cell,LYZ,28.81048,5.770631,1.5854886673223826e-182,1.7905452016294108e-179,1.0,0.2206258402973664
Dendritic cell,GRN,28.80214,3.4913793,2.016676700798435e-182,2.157631788096347e-179,0.9195171026156942,0.14280441831650542
Dendritic cell,SPI1,28.049316,3.4984856,4.0719668826045286e-173,4.138747139479243e-170,0.8953722334004024,0.13025597764479477
Dendritic cell,TUBA1B,27.822397,3.3920653,2.324813525076655e-170,2.2504194922742017e-167,0.9557344064386318,0.3045633089921704
Dendritic cell,GAPDH,27.819416,2.4176867,2.5261148321115185e-170,2.3341301048710432e-167,0.9979879275653923,0.7159728995861123
Dendritic cell,LGALS1,27.763168,3.8617902,1.208408363588342e-169,1.0680228354358181e-166,0.9778672032193159,0.31210291830332426
Dendritic cell,HLA-DMB,26.922129,3.366135,1.209768905671186e-159,1.0246742631034946e-156,0.869215291750503,0.13012416629320117
Dendritic cell,ANXA5,26.888514,3.3343658,2.992363496802104e-159,2.433150606519727e-156,0.8651911468812877,0.14425434318403502
Dendritic cell,H2AFY,26.865543,2.920328,5.55289979909254e-159,4.3415133506135825e-156,0.9496981891348089,0.261592808372657
Dendritic cell,CFL1,26.799797,1.8921499,3.2489174894849465e-158,2.4460738787499996e-155,1.0,0.7482403184562254
Dendritic cell,CAPG,26.2805,3.5123446,3.204411507501461e-152,2.3264027544460605e-149,0.8189134808853119,0.11625761210555453
Dendritic cell,ACTG1,26.19229,2.2403963,3.253173504305735e-151,2.28036244812162e-148,0.9919517102615694,0.636965175440909
Dendritic cell,AP1S2,26.15594,3.0828085,8.435599374684284e-151,5.715962136286071e-148,0.903420523138833,0.21316531779716869
Dendritic cell,FCER1G,26.050089,3.333871,1.3422013249119363e-149,8.801376946067691e-147,0.9436619718309859,0.20325310415733003
Dendritic cell,LST1,25.682522,3.1264217,1.832638543812221e-145,1.1641836349567134e-142,0.9416498993963782,0.21474705401629188
Dendritic cell,RAC1,25.648663,2.636743,4.375880371530274e-145,2.6955423088626488e-142,0.959758551307847,0.3183771386391796
Dendritic cell,AIF1,25.442373,3.0564427,8.574180669040188e-143,4.979884132578541e-140,0.9537223340040242,0.27419397358500514
Dendritic cell,CFP,25.412743,3.3869197,1.8234633519952794e-142,1.0296489727600011e-139,0.7947686116700201,0.09490417314739145
Dendritic cell,AP2S1,25.324562,2.6903002,1.713665043691622e-141,9.414968380584674e-139,0.9295774647887324,0.27079324071389027
Dendritic cell,FCGRT,25.195456,2.8901796,4.49244514201859e-140,2.403221706498787e-137,0.8631790744466801,0.1790261777344265
Dendritic cell,ALDH2,24.668907,4.417001,2.3069961947839055e-134,1.2024774012196726e-131,0.6921529175050302,0.04188964753644584
Dendritic cell,ARPC1B,24.644203,2.546727,4.2462600946007047e-134,2.157949380076078e-131,0.9436619718309859,0.34879919858698233
Dendritic cell,C1orf162,24.626917,2.799469,6.505123731360612e-134,3.225272078319476e-131,0.8873239436619719,0.2092900640603169
Dendritic cell,LY86,24.530783,3.186884,6.936387193512654e-133,3.3572114016601244e-130,0.7806841046277666,0.0997548308860359
Dendritic cell,SAMHD1,24.52952,3.0557761,7.155131373997517e-133,3.382546757456315e-130,0.8209255533199196,0.15880631639996837
Dendritic cell,HLA-DRB5,24.512138,4.035428,1.0965459469610239e-132,5.06604227495993e-130,0.7263581488933601,0.1288324150475839
Dendritic cell,ARPC3,24.508286,2.0386443,1.2053073371017565e-132,5.444775010801001e-130,0.9798792756539235,0.5868768618353413
Dendritic cell,LSP1,24.38819,2.4541843,2.282350274794835e-131,1.0086003562180306e-128,0.9577464788732394,0.37969577940052196
Dendritic cell,ANXA1,24.380194,2.6764522,2.774533369832552e-131,1.1844533727127816e-128,0.9557344064386318,0.34951097988558777
Dendritic cell,TPI1,24.379866,2.499822,2.7968202425331325e-131,1.1844533727127816e-128,0.9496981891348089,0.34734927371945273
Dendritic cell,CPVL,24.361977,3.9069915,4.328499446875416e-131,1.7957089133894583e-128,0.7142857142857143,0.07660875754619988
Dendritic cell,TIMP1,24.229507,2.6985343,1.0875368027069447e-129,4.421489625085355e-127,0.8732394366197183,0.20198771518203149
Dendritic cell,CTSH,24.14473,3.4506047,8.481995583587297e-129,3.3808236514345604e-126,0.738430583501006,0.08196029842090001
Dendritic cell,SLC25A5,24.000584,2.476702,2.7420167503141395e-127,1.0719176250074198e-124,0.9295774647887324,0.33250731553001345
Dendritic cell,YBX1,23.932215,1.7527214,1.415539409097982e-126,5.429261341159204e-124,0.9979879275653923,0.7302348878285398
Dendritic cell,S100A11,23.890474,2.7039502,3.847148199822339e-126,1.4482375667775648e-123,0.9195171026156942,0.22624100387525373
Dendritic cell,CSTA,23.393585,3.070331,4.966953492657088e-121,1.8357860108860598e-118,0.8229376257545271,0.15044947670893416
Dendritic cell,GPR183,23.335312,3.0492985,1.9430311177793158e-120,7.053202957538916e-118,0.7766599597585513,0.14602061529538923
Dendritic cell,PYCARD,23.326487,2.6598873,2.3881640749498048e-120,8.516947248347305e-118,0.8390342052313883,0.1799752194659004
Dendritic cell,TYMP,23.317802,2.5711272,2.9252952568953846e-120,1.0252655514167135e-117,0.8551307847082495,0.17884164184219545
Dendritic cell,CLEC10A,23.271542,7.6939425,8.611005201168643e-120,2.9668561649043415e-117,0.6116700201207244,0.00524609179342525
Dendritic cell,BID,23.268347,3.1394913,9.276819620621584e-120,3.1429864874665926e-117,0.7344064386317908,0.11876202778583292
Dendritic cell,PHACTR1,23.23287,3.2472649,2.1197193797627848e-119,7.063877959314408e-117,0.7122736418511066,0.07718872749321172
Dendritic cell,RNF130,23.206764,2.9386497,3.8907713753551997e-119,1.2756709761003308e-116,0.7605633802816901,0.13370943505654706
Dendritic cell,GDI2,23.203602,2.440462,4.187574680380014e-119,1.3511907635359512e-116,0.89738430583501,0.2898004376136873
Dendritic cell,PFN1,23.172237,1.5493046,8.67735145548579e-119,2.7561437560486744e-116,1.0,0.8246381778398756
Dendritic cell,RNH1,23.038681,2.6072035,1.9102113717551694e-117,5.973965656159859e-115,0.8289738430583501,0.19800701236390478
Dendritic cell,FKBP1A,22.83686,2.2811875,1.974129760014748e-115,6.080319660845423e-113,0.9496981891348089,0.35441436216486966
Dendritic cell,ENO1,22.83156,2.3991299,2.2285513809007713e-115,6.761491413574758e-113,0.9134808853118712,0.34937916853399414
Dendritic cell,OAZ1,22.728241,1.7794397,2.3558376494625572e-114,7.04256878504042e-112,0.9959758551307847,0.7119394722273482
Dendritic cell,MAP3K8,22.677553,2.9320135,7.462489399929716e-114,2.1985142684314675e-111,0.7545271629778671,0.13276039332507317
Dendritic cell,PKM,22.524687,2.4953477,2.3783464821088115e-112,6.906718184043988e-110,0.8611670020120724,0.2586665963672791
Dendritic cell,CEBPD,22.485086,3.2000146,5.808706042404276e-112,1.6630898088731568e-109,0.7062374245472837,0.08989534178683468
Dendritic cell,PPA1,22.433767,2.4282877,1.843459169653167e-111,5.204699722320775e-109,0.8571428571428571,0.23559960983839928
Dendritic cell,CLIC1,22.31464,2.2431378,2.6638316317513864e-110,7.417858823320847e-108,0.9537223340040242,0.38378193129992355
Dendritic cell,FTH1,22.24533,1.4535087,1.2516779626225068e-109,3.438393192458151e-107,1.0,0.9559750085677379
Dendritic cell,PLAUR,22.178078,3.2560365,5.591679024936321e-109,1.5155686829187405e-106,0.6861167002012073,0.08304115150396753
Dendritic cell,YWHAE,22.17365,2.530441,6.169819858893151e-109,1.6502644485734207e-106,0.8169014084507042,0.1880684364537474
Dendritic cell,MYL6,22.131205,1.6338742,1.5828903876817106e-108,4.178830623479716e-106,0.993963782696177,0.725041520575752
Dendritic cell,CCDC88A,22.050978,3.3461401,9.348320359600198e-108,2.4363161060250364e-105,0.6619718309859155,0.08090580760815122
Dendritic cell,H3F3A,22.042278,1.5296451,1.1329083394965005e-107,2.9151595854790965e-105,0.9979879275653923,0.801913900825139
Dendritic cell,ARPC2,22.030144,1.8673986,1.481003715624936e-107,3.763230441402963e-105,0.9758551307847082,0.5956818601217937
Dendritic cell,MNDA,22.005375,2.9368296,2.5580011441788593e-107,6.419635464057759e-105,0.7283702213279678,0.11322595101890175
Dendritic cell,CSTB,21.96263,2.3686426,6.559073031281792e-107,1.626010202193857e-104,0.8611670020120724,0.2589565813407851
Dendritic cell,PLD4,21.94828,4.1261954,8.993986439856122e-107,2.2027681487878944e-104,0.6197183098591549,0.03767168428545066
Dendritic cell,SRGN,21.934347,2.3681645,1.2217739197196185e-106,2.956692885721477e-104,1.0,0.5891703793530699
Dendritic cell,FOS,21.871717,2.5038486,4.830521719879573e-106,1.1552334767260232e-103,0.9798792756539235,0.46413413123138164
Dendritic cell,CYBA,21.863962,1.908034,5.725265239995006e-106,1.3532929278909127e-103,0.9959758551307847,0.709804128331532
Dendritic cell,ATP6V0B,21.64706,2.2718124,6.478186409184203e-104,1.513661762366626e-101,0.8772635814889336,0.2645981071889911
Dendritic cell,TAGLN2,21.61945,2.199098,1.1787333826472697e-103,2.722874113915193e-101,0.9255533199195171,0.3810666174570954
Dendritic cell,KLF4,21.592026,3.1339555,2.134460404725682e-103,4.8752034951981645e-101,0.6659959758551308,0.07468431181293333
Dendritic cell,PPT1,21.514767,2.6072903,1.1324667434503236e-102,2.557864884539797e-100,0.7424547283702213,0.1585954182374186
Dendritic cell,JAML,21.49641,3.1933115,1.6820503014430601e-102,3.7574415964543433e-100,0.6680080482897385,0.08364748372129807
Dendritic cell,RNASE6,21.481842,3.0111022,2.3019932202548414e-102,5.086404150145697e-100,0.6841046277665996,0.09089710805894603
Dendritic cell,ATP5F1B,21.33685,2.2664018,5.166029378442181e-101,1.1291940344620716e-98,0.8792756539235412,0.2784119368360003
Dendritic cell,LDHA,21.267904,2.1846347,2.251128306062591e-100,4.868184702727697e-98,0.9074446680080482,0.3578150950359845
Dendritic cell,PPIA,21.241146,1.7837669,3.9805510680884467e-100,8.5175412749581e-98,0.9859154929577465,0.6296628265626236
Dendritic cell,PRELID1,21.225964,2.1852891,5.498639795804814e-100,1.1643369767616695e-97,0.8933601609657947,0.3101257480294203
Dendritic cell,VAMP8,21.116293,2.16243,5.6348065880158834e-99,1.1808695703215142e-96,0.9054325955734407,0.3467956660427596
Dendritic cell,TYROBP,21.10469,2.7630641,7.202342341030791e-99,1.4939715827395297e-96,0.9537223340040242,0.2624364010228561
Dendritic cell,COX5A,21.026375,2.2530954,3.763391249344103e-98,7.727496698653224e-96,0.8591549295774648,0.26530988848759657
Dendritic cell,RTN4,21.019693,2.2046652,4.332217580857552e-98,8.806531898367234e-96,0.8490945674044266,0.24361374001529013
Dendritic cell,COX8A,20.940933,1.9868059,2.2697332763843304e-97,4.56823148934066e-95,0.9456740442655935,0.43532016977302085
Dendritic cell,S100A4,20.932804,2.3337448,2.6919063039722104e-97,5.36481091638697e-95,0.9839034205231388,0.655497851474969
Dendritic cell,GLIPR1,20.925074,2.5209174,3.1658022070302815e-97,6.248002647039958e-95,0.7344064386317908,0.13605567711491315
Dendritic cell,HMGN1,20.901903,1.9433917,5.145129074761703e-97,1.0056748445361144e-94,0.96579476861167,0.5014894682730077
Dendritic cell,FAM49B,20.736343,2.1656668,1.6284100596724965e-95,3.152601875525953e-93,0.8792756539235412,0.2933857063770332
Dendritic cell,VDAC1,20.711773,2.2640328,2.712828901433215e-95,5.202489236635321e-93,0.7907444668008048,0.19558168349458255
Dendritic cell,ITGB2,20.569645,2.1549895,5.13403032073247e-94,9.753697977556044e-92,0.9074446680080482,0.2985527113595023
Dendritic cell,AREG,20.534876,3.5311823,1.0508319292408066e-93,1.977899209037696e-91,0.6297786720321932,0.0935069728204993
Dendritic cell,TALDO1,20.481445,2.2630606,3.151725724623104e-93,5.877823901847565e-91,0.8128772635814889,0.2215221574882029
Dendritic cell,C20orf27,20.395458,2.6420386,1.834897718736221e-92,3.3908909842245366e-90,0.6861167002012073,0.12928057364300213
Dendritic cell,SH3BGRL3,20.270006,1.7607138,2.3662342016279734e-91,4.333406202765175e-89,0.9919517102615694,0.6997864656104184
Dendritic cell,TMSB4X,20.171036,1.0878221,1.759156181421996e-90,3.1928684692809224e-88,1.0,0.9787783723934306
Dendritic cell,S100A6,20.132036,1.9866072,3.8677379805313664e-90,6.957821032587754e-88,0.9919517102615694,0.7200063269448765
Dendritic cell,LCP1,20.079185,2.0476732,1.1222177170153822e-89,2.0010913817095343e-87,0.9014084507042254,0.2920675928610972
Dendritic cell,ATP5MF,20.077633,2.0361185,1.157841353216738e-89,2.0466607850599866e-87,0.9074446680080482,0.3627448395855851
Dendritic cell,FABP5,20.009718,2.9822197,4.531981858203203e-89,7.941907518409888e-87,0.635814889336016,0.09611683758205257
Dendritic cell,DBI,19.953497,2.08192,1.3976034031981658e-88,2.4282463230950697e-86,0.8853118712273642,0.31922073128937867
Dendritic cell,GSN,19.925697,4.094557,2.436274891909033e-88,4.196999661248036e-86,0.5573440643863179,0.030817494002583504
Dendritic cell,PGLS,19.857216,2.1040256,9.54560974092164e-88,1.6172883243547978e-85,0.8008048289738431,0.22091582527087233
Dendritic cell,TPM3,19.857208,1.9396018,9.547156578245559e-88,1.6172883243547978e-85,0.9114688128772636,0.4166293201170485
Dendritic cell,CD63,19.784904,2.1181605,4.0166084005398608e-87,6.747902112906966e-85,0.8350100603621731,0.26694434924735716
Dendritic cell,PGAM1,19.718971,2.1159782,1.4821361103919452e-86,2.469578922298972e-84,0.7927565392354124,0.22436928268262463
Dendritic cell,CMTM6,19.69885,2.052331,2.2057236696317228e-86,3.6453618501035495e-84,0.7847082494969819,0.20011599398940236
Dendritic cell,ATP5PB,19.5803,2.0464191,2.2767702223174486e-85,3.732434280586218e-83,0.8390342052313883,0.2599319853425777
Dendritic cell,SLC25A6,19.541054,1.3906013,4.9157101849685256e-85,7.994124531203215e-83,0.993963782696177,0.7545145387920807
Dendritic cell,TGFBI,19.51679,3.5368185,7.905145627056068e-85,1.275363494498379e-82,0.5674044265593562,0.04244325521313896
Dendritic cell,LGALS9,19.400215,2.5509703,7.68489914617386e-84,1.220458045651736e-81,0.6458752515090543,0.11939472227348219
Dendritic cell,IGFBP7,19.378523,3.4124167,1.171599749965981e-83,1.8462232338998808e-81,0.5774647887323944,0.06529934357946907
Dendritic cell,HEXB,19.376614,2.8018858,1.2159108269509015e-83,1.9013104069429174e-81,0.6177062374245473,0.09382332006432394
Dendritic cell,PSAP,19.366459,1.9489985,1.4809914989416412e-83,2.2981370374416554e-81,0.903420523138833,0.32615400838320197
Dendritic cell,PLSCR1,19.301641,2.645232,5.203049864917564e-83,8.012696791973048e-81,0.6297786720321932,0.10813803284738882
Dendritic cell,H2AFZ,19.295862,2.27134,5.8186598143575445e-83,8.893362158365425e-81,0.8269617706237424,0.3180871536656737
Dendritic cell,COX7B,19.285965,1.8756475,7.046369945241996e-83,1.0689448376632784e-80,0.959758551307847,0.438694540373817
Dendritic cell,TXN,19.249222,2.0708983,1.4330141172953824e-82,2.1578008130652248e-80,0.8511066398390342,0.26662800200353254
Dendritic cell,MCL1,19.216017,1.9684175,2.718583942509762e-82,4.0634834105395916e-80,0.8571428571428571,0.2866369651754409
Dendritic cell,ATP5MC3,19.18741,1.9815125,4.715601003710639e-82,6.996988117038677e-80,0.8853118712273642,0.32734031054754437
Dendritic cell,ATP5F1C,19.178188,2.0269606,5.630833106730213e-82,8.294461985044332e-80,0.8249496981891348,0.25821843777186093
Dendritic cell,HSP90B1,19.134577,2.0372238,1.3013015962236094e-81,1.9030833703621247e-79,0.8309859154929577,0.28510795349695517
Dendritic cell,LAMTOR2,19.130177,2.0985403,1.4159529770989685e-81,2.055963722747702e-79,0.7283702213279678,0.18052882714259352
Dendritic cell,THEMIS2,19.100914,2.648222,2.4810174739916673e-81,3.5768881710143697e-79,0.6217303822937625,0.09622228666332745
Dendritic cell,NPC2,19.073452,1.9131576,4.1966185856152847e-81,6.00766638087236e-79,0.8672032193158954,0.2862415311206601
Dendritic cell,RAB7A,19.068075,2.0066824,4.651195842589802e-81,6.611853782389195e-79,0.7746478873239436,0.21403527271768644
Dendritic cell,GNB2,19.014297,2.1344104,1.2986531637235401e-80,1.8332653827897307e-78,0.7323943661971831,0.18864840640075922
Dendritic cell,CD86,19.012146,3.3823233,1.3530138586396356e-80,1.8968321185121733e-78,0.5553319919517102,0.0424959797537764
Dendritic cell,CNPY3,18.963932,2.086769,3.388358013127209e-80,4.71770833498972e-78,0.7545271629778671,0.20849919595075528
Dendritic cell,SUB1,18.939604,1.6550019,5.380030218079527e-80,7.439813215858546e-78,0.9758551307847082,0.5780982258192076
Dendritic cell,SNX3,18.922129,1.9079393,7.496489818483204e-80,1.0296530069603146e-77,0.93158953722334,0.386470882872433
Dendritic cell,SEC11A,18.904577,1.969966,1.0457281349620082e-79,1.4266819817119264e-77,0.8148893360160966,0.2551604144148894
Dendritic cell,HACD4,18.892069,2.4694028,1.3254558120496894e-79,1.7962577164897392e-77,0.6317907444668008,0.10555453035615427
Dendritic cell,ARPC5,18.874489,1.9630594,1.849049366214949e-79,2.4892367891667208e-77,0.8531187122736419,0.31697993831228743
Dendritic cell,BRK1,18.86298,1.9137173,2.298923322172889e-79,3.074507453495427e-77,0.8752515090543259,0.3126301637096987
Dendritic cell,RAB11FIP1,18.841692,2.714153,3.4379171005866444e-79,4.567711034034334e-77,0.6096579476861167,0.09601138850077769
Dendritic cell,IFI30,18.771608,3.4177902,1.2892224998220534e-78,1.7017736997651105e-76,0.5553319919517102,0.05058919674162339
Dendritic cell,IGSF6,18.749325,3.750866,1.9606431730892472e-78,2.5713518982295623e-76,0.5352112676056338,0.0344027627659294
Dendritic cell,ARF6,18.716534,1.9012082,3.630233294903768e-78,4.7304732319746025e-76,0.9094567404426559,0.3728679513879735
Dendritic cell,PLP2,18.69598,2.0078437,5.338148065581746e-78,6.91171171192011e-76,0.806841046277666,0.26984419898241635
Dendritic cell,CORO1A,18.693048,1.6958879,5.639599687727165e-78,7.255809015956824e-76,0.96579476861167,0.5676587667729945
Dendritic cell,MGST2,18.56121,2.8900273,6.619575088376902e-77,8.46306430166828e-75,0.579476861167002,0.08615189940157647
Dendritic cell,ENHO,18.46734,8.698603,3.78262545978388e-76,4.8058256466554194e-74,0.482897384305835,0.001397200326892152
Dendritic cell,PSMA4,18.460396,1.963477,4.30175460984029e-76,5.431432776946175e-74,0.8289738430583501,0.2847652439828118
Dendritic cell,CTSS,18.4594,1.7363963,4.381735910503787e-76,5.4982671351062335e-74,0.9175050301810865,0.30580233569715026
Dendritic cell,LAPTM4A,18.445175,1.9054857,5.701374881413067e-76,7.11027905456226e-74,0.8028169014084507,0.25560857301030765
Dendritic cell,GNG5,18.42648,1.8904237,8.055829694414328e-76,9.985299148052101e-74,0.8169014084507042,0.25676851290433134
Dendritic cell,MYDGF,18.414167,2.0564518,1.0113088513272338e-75,1.2459325048351521e-73,0.704225352112676,0.17549363351171804
Dendritic cell,DEK,18.395546,2.0603712,1.4261870625096116e-75,1.746477747391288e-73,0.7605633802816901,0.22811272506788285
Dendritic cell,RILPL2,18.338484,2.3841906,4.080173755688821e-75,4.966573179978584e-73,0.6277665995975855,0.11812933329818363
Dendritic cell,PTRHD1,18.222486,2.0692937,3.4223929223001605e-74,4.141095435983194e-72,0.682092555331992,0.16247067197427043
Dendritic cell,CALM2,18.218704,1.689779,3.667356422093462e-74,4.4112438667642536e-72,0.9476861167002012,0.5550839638309651
Dendritic cell,SERF2,18.206553,1.1077402,4.57889077246899e-74,5.475275977808802e-72,0.9979879275653923,0.8633116283974376
Dendritic cell,HMGA1,18.195078,2.0543292,5.645898522088861e-74,6.711685681697215e-72,0.7243460764587525,0.17794532465135898
Dendritic cell,BLOC1S1,18.182102,1.8341366,7.153904805463655e-74,8.45491726078286e-72,0.8571428571428571,0.3149236812274273
Dendritic cell,SYNGR2,18.078148,2.2527354,4.73736524752259e-73,5.56654108390978e-71,0.6398390342052314,0.13668837160256242
Dendritic cell,IQGAP1,18.061779,1.8332851,6.373552926799953e-73,7.446068039999392e-71,0.7947686116700201,0.2324361374001529
Dendritic cell,CTSZ,17.949554,2.7763066,4.837692018798466e-72,5.619463049036298e-70,0.5593561368209256,0.07133630348245591
Dendritic cell,HERPUD1,17.948132,1.9383543,4.96317802567463e-72,5.7324706196541976e-70,0.7706237424547284,0.23736588194975353
Dendritic cell,SLC25A3,17.939531,1.8461214,5.794234469459997e-72,6.654530977128974e-70,0.8672032193158954,0.35119816518598584
Dendritic cell,PSMB3,17.934086,1.8128697,6.390648695532796e-72,7.298264420381499e-70,0.8611670020120724,0.30975667624495823
Dendritic cell,ATG3,17.895214,2.2217772,1.2850295973575147e-71,1.4593341706750593e-69,0.635814889336016,0.130045079482245
Dendritic cell,NAA38,17.859459,1.9135067,2.43991406969294e-71,2.755476289373227e-69,0.772635814889336,0.23831492368122742
Dendritic cell,SSR1,17.849173,2.0927136,2.933476107276419e-71,3.294569188326798e-69,0.670020120724346,0.16613502754857248
Dendritic cell,PLBD1,17.830482,3.2227256,4.098650865279457e-71,4.577877735681363e-69,0.5291750503018109,0.04697756570795877
Dendritic cell,SPINT2,17.825998,2.1441503,4.440931851835931e-71,4.933074463613159e-69,0.6498993963782697,0.14670603432367596
Dendritic cell,SAT1,17.768688,1.875056,1.2354530720562193e-70,1.3649070678673275e-68,0.9175050301810865,0.4285977908417473
Dendritic cell,YWHAH,17.763542,2.3075879,1.354121062940584e-70,1.48792286310574e-68,0.6297786720321932,0.13668837160256242
Dendritic cell,TPP1,17.733013,2.4324129,2.3319323855794825e-70,2.5485764265623506e-68,0.5895372233400402,0.10109930667229061
Dendritic cell,MTDH,17.70876,1.7889311,3.5889126274418426e-70,3.901359138536779e-68,0.8611670020120724,0.315424564363483
Dendritic cell,RHOG,17.670849,1.8098872,7.033068759589392e-70,7.604692646007083e-68,0.7907444668008048,0.2533941423035352
Dendritic cell,PGK1,17.65822,1.8234446,8.79696255790646e-70,9.461621951170503e-68,0.8229376257545271,0.3156881870666702
Dendritic cell,TSPO,17.608028,1.7367911,2.137604814208035e-69,2.287012140169523e-67,0.9215291750503019,0.4126749795692405
Dendritic cell,SSR3,17.583702,2.030287,3.284151799109001e-69,3.495300406926062e-67,0.6559356136820925,0.157145493369889
Dendritic cell,CAP1,17.578821,1.8583039,3.579450150948547e-69,3.789742847316774e-67,0.7927565392354124,0.2648090053515409
Dendritic cell,EIF6,17.56716,2.0029428,4.3964625273139426e-69,4.630636800789525e-67,0.6680080482897385,0.16510689900614242
Dendritic cell,NDUFB5,17.563345,1.9695203,4.702046218924722e-69,4.9269688421805025e-67,0.6881287726358148,0.18232146152426648
Dendritic cell,STX11,17.48197,2.8085606,1.9658941847545465e-68,2.0493690762918163e-66,0.5472837022132797,0.06914823504600216
Dendritic cell,OSTC,17.42188,1.8739883,5.629610999336614e-68,5.838710836454831e-66,0.7344064386317908,0.2131916800674874
Dendritic cell,TKT,17.418661,1.7267865,5.955422685985572e-68,6.145270678208868e-66,0.8088531187122736,0.26465083172962856
Dendritic cell,CHMP4B,17.39874,2.1056004,8.433749358703037e-68,8.658649341601784e-66,0.6378269617706237,0.148867740489811
Dendritic cell,CAT,17.342121,2.0931115,2.2623510435725078e-67,2.31100864390663e-65,0.6458752515090543,0.1420135502069438
Dendritic cell,COMT,17.319685,2.2664728,3.341874084493687e-67,3.3966808194793838e-65,0.5975855130784709,0.11939472227348219
Dendritic cell,PTPRE,17.302526,2.35998,4.502074254776378e-67,4.55314255975593e-65,0.5814889336016097,0.09582685260854665
Dendritic cell,NUDT1,17.272642,2.400318,7.560029016886204e-67,7.60793415125063e-65,0.5935613682092555,0.12345451190256505
Erythroid early,BLVRB,56.331703,6.2182975,0.0,0.0,1.0,0.12355481638455967
Erythroid early,PRDX2,56.103516,5.7121863,0.0,0.0,0.9991311902693311,0.23530674106065078
Erythroid early,AHSP,55.964558,8.34861,0.0,0.0,0.9878366637706343,0.035650097910351675
Erythroid early,TMEM14C,55.515182,5.224952,0.0,0.0,0.9973935708079931,0.12387671343115426
Erythroid early,KLF1,55.18043,7.2882752,0.0,0.0,0.9661164205039097,0.010756726307036134
Erythroid early,FAM178B,55.056705,7.5245724,0.0,0.0,0.9661164205039097,0.013975696772982108
Erythroid early,KCNH2,55.048416,7.3571725,0.0,0.0,0.9635099913119027,0.009898334182783873
Erythroid early,UROD,54.61521,5.34072,0.0,0.0,0.9939183318853171,0.07323157810027094
Erythroid early,ATP5IF1,54.605537,4.0550885,0.0,0.0,1.0,0.3546232463317149
Erythroid early,PCLAF,54.518875,5.7145634,0.0,0.0,0.998262380538662,0.06395021325679337
Erythroid early,SMIM1,54.33293,6.219402,0.0,0.0,0.9626411815812337,0.01751656428552268
Erythroid early,SYNGR1,54.299736,5.518491,0.0,0.0,0.9843614248479583,0.06427211030338796
Erythroid early,TUBB,53.950138,4.8425813,0.0,0.0,1.0,0.21070844175004694
Erythroid early,HMBS,53.90931,6.022654,0.0,0.0,0.9626411815812337,0.03382601464631562
Erythroid early,APOC1,53.852234,6.9615483,0.0,0.0,0.947871416159861,0.015343759221009147
Erythroid early,TUBA1B,53.82031,4.7248487,0.0,0.0,0.9991311902693311,0.2917996727380026
Erythroid early,CA2,53.79739,7.09289,0.0,0.0,0.947871416159861,0.01912604951849567
Erythroid early,GATA1,53.728584,6.7139754,0.0,0.0,0.9426585577758471,0.010649427291504601
Erythroid early,HEBP1,53.589424,5.215327,0.0,0.0,0.9774109470026064,0.04852597977413557
Erythroid early,TYMS,53.430267,5.311241,0.0,0.0,0.9782797567332754,0.04597762815526168
Erythroid early,FECH,53.42055,5.8123674,0.0,0.0,0.9539530842745438,0.024169103248477694
Erythroid early,REXO2,53.30039,4.980488,0.0,0.0,0.9895742832319722,0.09026529681590172
Erythroid early,HMGA1,53.246014,4.4830627,0.0,0.0,0.9947871416159861,0.16000965691139785
Erythroid early,NME4,53.208027,4.7600036,0.0,0.0,0.9895742832319722,0.1000026824753883
Erythroid early,NFIA,53.13732,6.0608416,0.0,0.0,0.9417897480451781,0.017301966254459615
Erythroid early,HMGB1,52.94223,2.9746575,0.0,0.0,1.0,0.6808122535475737
Erythroid early,MPC2,52.874577,4.4653335,0.0,0.0,0.996524761077324,0.1458998363690013
Erythroid early,UBAC1,52.768166,5.472047,0.0,0.0,0.9539530842745438,0.03634754151130663
Erythroid early,SNCA,52.70489,5.53405,0.0,0.0,0.945264986967854,0.03117036401191019
Erythroid early,HMGN5,52.697853,5.2549863,0.0,0.0,0.9513466550825369,0.03286032350653183
Erythroid early,HSPD1,52.602722,4.47939,0.0,0.0,0.9921807124239791,0.1454169907991094
Erythroid early,PCNA,52.569565,4.8857183,0.0,0.0,0.9860990443092963,0.08047426164864938
Erythroid early,CENPU,52.542736,5.2611904,0.0,0.0,0.94874022589053,0.03428203546232463
Erythroid early,CKS2,52.486618,5.1076636,0.0,0.0,0.9652476107732406,0.055500415783685184
Erythroid early,YBX1,52.440865,2.4606447,0.0,0.0,1.0,0.7254754687625741
Erythroid early,RAN,52.39049,3.7326412,0.0,0.0,0.998262380538662,0.29861316022425494
Erythroid early,MYL4,52.36769,6.509916,0.0,0.0,0.9226759339704604,0.01244668580165777
Erythroid early,HSP90AA1,52.118507,3.446347,0.0,0.0,1.0,0.515249872582419
Erythroid early,GLRX5,52.034668,4.6484585,0.0,0.0,0.9791485664639444,0.07481423857936104
Erythroid early,ALDH1A1,51.75533,5.440196,0.0,0.0,0.9304952215464813,0.027602671745486734
Erythroid early,HNRNPAB,51.74643,4.57633,0.0,0.0,0.9774109470026064,0.08436385096166743
Erythroid early,CA1,51.68797,7.779203,0.0,0.0,0.9131190269331017,0.029990074841063332
Erythroid early,GMNN,51.566452,5.1280866,0.0,0.0,0.9304952215464813,0.03031197188765793
Erythroid early,TPM1,51.228916,4.8138075,0.0,0.0,0.9348392701998263,0.03202875613616245
Erythroid early,MCM7,51.22766,4.540462,0.0,0.0,0.9669852302345786,0.06435258456503662
Erythroid early,TFR2,51.20427,6.8891034,0.0,0.0,0.894874022589053,0.0076718796105045735
Erythroid early,RHAG,51.201492,7.842852,0.0,0.0,0.8905299739357081,0.0041578368518468845
Erythroid early,EPCAM,51.010193,7.277311,0.0,0.0,0.8905299739357081,0.008503446980873951
Erythroid early,TMEM14B,50.98117,3.859674,0.0,0.0,0.998262380538662,0.21738780546688485
Erythroid early,CD36,50.88839,4.532822,0.0,0.0,0.9756733275412685,0.08087663295689262
Erythroid early,TPGS2,50.88227,4.3259153,0.0,0.0,0.9730668983492615,0.07465329005606373
Erythroid early,CDK4,50.867523,4.5986805,0.0,0.0,0.9530842745438749,0.06360149145631588
Erythroid early,AKR1C3,50.775867,5.21759,0.0,0.0,0.9235447437011295,0.03833257329863998
Erythroid early,PAICS,50.63919,4.5624413,0.0,0.0,0.9435273675065161,0.05410552858177526
Erythroid early,MPST,50.61622,4.209218,0.0,0.0,0.9704604691572546,0.07197081466777543
Erythroid early,MBOAT2,50.60218,6.0924487,0.0,0.0,0.891398783666377,0.013251428418144263
Erythroid early,DNAJC9,50.585857,4.264283,0.0,0.0,0.9765421372719374,0.07881112690791062
Erythroid early,CCT6A,50.531296,4.1397114,0.0,0.0,0.9843614248479583,0.1317900158266048
Erythroid early,AC084033.3,50.509365,4.406549,0.0,0.0,0.9652476107732406,0.07218541269883849
Erythroid early,CNRIP1,50.411034,6.6111317,0.0,0.0,0.8835794960903562,0.008825344027468547
Erythroid early,FAM210B,50.32704,4.8148713,0.0,0.0,0.9165942658557776,0.030258322379892164
Erythroid early,MPP1,50.275562,4.2577405,0.0,0.0,0.945264986967854,0.054373776120604095
Erythroid early,OAT,50.259857,4.297792,0.0,0.0,0.9600347523892268,0.07041497894256821
Erythroid early,HMGB3,50.22485,4.3144255,0.0,0.0,0.9383145091225021,0.04849915502025269
Erythroid early,FKBP4,50.06593,4.638011,0.0,0.0,0.9278887923544744,0.047855360927063495
Erythroid early,PARVB,50.047054,4.4965577,0.0,0.0,0.9270199826238054,0.043348802274739126
Erythroid early,TUBB4B,50.04551,4.436787,0.0,0.0,0.9635099913119027,0.098232248719118
Erythroid early,DHFR,49.927494,4.899408,0.0,0.0,0.9079061685490878,0.03342364333807237
Erythroid early,TFDP1,49.925953,4.086889,0.0,0.0,0.9800173761946134,0.09831272298076665
Erythroid early,MINPP1,49.90886,5.969411,0.0,0.0,0.8835794960903562,0.016094852329729875
Erythroid early,FXN,49.861877,4.3151493,0.0,0.0,0.9339704604691572,0.04815043321977521
Erythroid early,CAT,49.854374,4.0387278,0.0,0.0,0.9904430929626412,0.12253547573701011
Erythroid early,LMNA,49.849586,4.312859,0.0,0.0,0.9600347523892268,0.07052227795809973
Erythroid early,SLC25A37,49.848316,4.5724416,0.0,0.0,0.945264986967854,0.07655784758174844
Erythroid early,PSMG1,49.828625,4.3763785,0.0,0.0,0.9287576020851434,0.04801630945036079
Erythroid early,STRADB,49.755817,4.670125,0.0,0.0,0.9122502172024327,0.03573057217200032
Erythroid early,CENPW,49.744022,4.601702,0.0,0.0,0.9148566463944396,0.03980793476219856
Erythroid early,METAP2,49.737724,3.89132,0.0,0.0,0.9947871416159861,0.16727916521365915
Erythroid early,CENPF,49.73572,5.499115,0.0,0.0,0.8905299739357081,0.024786072587784008
Erythroid early,H2AFZ,49.527058,3.6662369,0.0,0.0,0.9991311902693311,0.30384398723141715
Erythroid early,SMC2,49.39511,4.6345263,0.0,0.0,0.9070373588184187,0.03833257329863998
Erythroid early,CDT1,49.32982,5.1922593,0.0,0.0,0.8853171155516942,0.02585906274309933
Erythroid early,TFRC,49.248653,4.4398584,0.0,0.0,0.9261511728931364,0.05662705544676628
Erythroid early,EPOR,49.246605,5.8967085,0.0,0.0,0.8688097306689835,0.01150781941575686
Erythroid early,ECI2,49.240437,4.480251,0.0,0.0,0.9070373588184187,0.03833257329863998
Erythroid early,PSMB5,49.2059,4.1312284,0.0,0.0,0.9365768896611643,0.060114273451541085
Erythroid early,CD82,49.170837,4.1157613,0.0,0.0,0.9322328410078193,0.05161082647066713
Erythroid early,DUT,49.124622,3.7231593,0.0,0.0,0.996524761077324,0.2325437914107138
Erythroid early,HIST1H4C,49.11025,5.007219,0.0,0.0,0.9348392701998263,0.11698275168325331
Erythroid early,LPCAT3,49.08869,5.0749617,0.0,0.0,0.8827106863596872,0.023847206201883096
Erythroid early,BLVRA,49.0715,3.9382844,0.0,0.0,0.947002606429192,0.06537192521258617
Erythroid early,DTYMK,49.038273,4.195761,0.0,0.0,0.9226759339704604,0.050350063038171626
Erythroid early,MRPL37,48.98449,4.162661,0.0,0.0,0.9244135534317984,0.05536629201427077
Erythroid early,CENPH,48.983192,4.15469,0.0,0.0,0.9209383145091226,0.049894042222162614
Erythroid early,CCT2,48.98091,3.8747756,0.0,0.0,0.9860990443092963,0.12816867405241558
Erythroid early,MCM3,48.970062,4.3183885,0.0,0.0,0.9131190269331017,0.045307009308189594
Erythroid early,RANBP1,48.966404,3.5353081,0.0,0.0,0.9991311902693311,0.23753319563293007
Erythroid early,BOLA3,48.865837,3.8508167,0.0,0.0,0.9652476107732406,0.08176184983502777
Erythroid early,FEN1,48.7908,4.8035784,0.0,0.0,0.8879235447437012,0.032055580890045336
Erythroid early,VDAC3,48.79015,3.8747427,0.0,0.0,0.9800173761946134,0.118887309208938
Erythroid early,UBE2T,48.78793,5.424445,0.0,0.0,0.8696785403996524,0.01974301885780198
Erythroid early,CCNB2,48.710617,5.66379,0.0,0.0,0.8662033014769766,0.01958207033450468
Erythroid early,PRDX3,48.669937,3.85869,0.0,0.0,0.9643788010425717,0.09286729794254138
Erythroid early,UROS,48.640186,3.8078544,0.0,0.0,0.9704604691572546,0.09385981383620805
Erythroid early,ISOC2,48.630455,4.4350705,0.0,0.0,0.9061685490877498,0.04973309369886531
Erythroid early,MCM5,48.62011,4.147846,0.0,0.0,0.9209383145091226,0.05676117921618069
Erythroid early,RUVBL2,48.546005,4.081404,0.0,0.0,0.9200695047784535,0.057163550524423935
Erythroid early,MAD2L1,48.52849,4.1901484,0.0,0.0,0.9131190269331017,0.04978674320663108
Erythroid early,PTTG1,48.50495,4.351994,0.0,0.0,0.9131190269331017,0.055607714799216716
Erythroid early,CD59,48.450943,4.132812,0.0,0.0,0.9183318853171155,0.057217200032189705
Erythroid early,SPTA1,48.417965,7.260054,0.0,0.0,0.8427454387489139,0.004023713082432469
Erythroid early,GAR1,48.37544,4.018029,0.0,0.0,0.9270199826238054,0.06440623407280238
Erythroid early,SLC39A3,48.369186,3.9148943,0.0,0.0,0.9322328410078193,0.06400386276455913
Erythroid early,SMC4,48.307922,3.9175432,0.0,0.0,0.9304952215464813,0.06346736768690148
Erythroid early,ARV1,48.273968,4.7035413,0.0,0.0,0.8748913987836664,0.02661015585182006
Erythroid early,RFESD,48.248436,6.2549686,0.0,0.0,0.8479582971329279,0.009174065827946028
Erythroid early,TSPAN17,48.2376,5.0418596,0.0,0.0,0.8748913987836664,0.027253949945009254
Erythroid early,RPA3,48.20613,3.7686648,0.0,0.0,0.9800173761946134,0.11601706054346951
Erythroid early,TK1,48.202614,5.0392523,0.0,0.0,0.8705473501303215,0.027093001421711956
Erythroid early,BIRC5,48.18802,5.153001,0.0,0.0,0.8714161598609904,0.02883661042409936
Erythroid early,LXN,48.149033,5.8081307,0.0,0.0,0.8505647263249348,0.014109820542396524
Erythroid early,CKS1B,48.110794,4.185184,0.0,0.0,0.9218071242397915,0.06679363716837898
Erythroid early,PKLR,48.10738,7.698476,0.0,0.0,0.8357949609035621,0.003031197188765793
Erythroid early,PA2G4,48.051777,3.4334366,0.0,0.0,0.996524761077324,0.2465731376914617
Erythroid early,STMN1,48.026432,3.962101,0.0,0.0,0.9904430929626412,0.14909198208106442
Erythroid early,ZWINT,47.99659,4.765429,0.0,0.0,0.8722849695916595,0.03012419861047775
Erythroid early,IDH2,47.985527,3.7691846,0.0,0.0,0.9817549956559514,0.12967086026985702
Erythroid early,DKC1,47.912178,3.849751,0.0,0.0,0.9322328410078193,0.07146114434400064
Erythroid early,SLC39A8,47.88349,4.3362775,0.0,0.0,0.8853171155516942,0.03876176936076611
Erythroid early,ANK1,47.88106,6.9390993,0.0,0.0,0.8349261511728931,0.005123527991630677
Erythroid early,SLC25A39,47.87998,3.7522457,0.0,0.0,0.9721980886185926,0.11829716462351458
Erythroid early,NASP,47.795494,3.7511017,0.0,0.0,0.9774109470026064,0.11993347461037045
Erythroid early,TUBG1,47.76928,5.691824,0.0,0.0,0.8470894874022589,0.01751656428552268
Erythroid early,GYPC,47.739613,3.167939,0.0,0.0,0.998262380538662,0.3629120952815258
Erythroid early,TUBA1C,47.699837,4.1622868,0.0,0.0,0.9052997393570807,0.06051664475978433
Erythroid early,DDX1,47.694447,3.6686237,0.0,0.0,0.9331016507384883,0.07079052549692856
Erythroid early,TESC,47.520428,3.7581704,0.0,0.0,0.9131190269331017,0.057378148555487
Erythroid early,GFI1B,47.493015,6.585441,0.0,0.0,0.8314509122502172,0.008127900426513587
Erythroid early,SERBP1,47.48321,3.226313,0.0,0.0,0.998262380538662,0.29523324123501166
Erythroid early,SLC38A5,47.47896,5.318272,0.0,0.0,0.8462206776715899,0.018616379194720888
Erythroid early,MRPL12,47.46902,3.7546978,0.0,0.0,0.9357080799304952,0.08079615869524397
Erythroid early,CISD2,47.465065,3.5779355,0.0,0.0,0.944396177237185,0.081708200327262
Erythroid early,C19orf48,47.337757,3.6918583,0.0,0.0,0.9226759339704604,0.0683494728935862
Erythroid early,ALAD,47.310883,4.9256315,0.0,0.0,0.8531711555169418,0.024115453740711928
Erythroid early,YWHAH,47.18558,3.5070064,0.0,0.0,0.9791485664639444,0.11725099922208214
Erythroid early,NARF,47.167755,3.6459098,0.0,0.0,0.944396177237185,0.08653665602618096
Erythroid early,PDHA1,47.16335,3.8128252,0.0,0.0,0.894874022589053,0.0516644759784329
Erythroid early,GYPA,47.107193,7.386949,0.0,0.0,0.8245004344048653,0.008530271734756834
Erythroid early,CCDC34,47.097763,4.7400093,0.0,0.0,0.8514335360556038,0.026341908312991227
Erythroid early,ALAS2,47.07443,7.2893257,0.0,0.0,0.8227628149435273,0.007001260763432496
Erythroid early,CCT5,47.065758,3.6944258,0.0,0.0,0.945264986967854,0.09560342283859545
Erythroid early,MTCH2,47.059383,3.5829988,0.0,0.0,0.9244135534317984,0.07272190777649615
Erythroid early,UQCC2,47.057037,3.4628365,0.0,0.0,0.950477845351868,0.0890045333834062
Erythroid early,NME1,47.046196,3.6922305,0.0,0.0,0.9582971329278888,0.10990101665817216
Erythroid early,FBXO7,46.98457,3.5970511,0.0,0.0,0.9834926151172894,0.1352772338313796
Erythroid early,CRLS1,46.926723,3.8341982,0.0,0.0,0.8861859252823632,0.048257732235306744
Erythroid early,HDAC2,46.916954,3.4999225,0.0,0.0,0.9574283231972198,0.09882239330454143
Erythroid early,LRRC59,46.836456,3.6996922,0.0,0.0,0.9044309296264118,0.06201883097722578
Erythroid early,COPS3,46.81746,3.5567021,0.0,0.0,0.9391833188531712,0.08755599667373051
Erythroid early,EEF1E1,46.770763,3.4595306,0.0,0.0,0.9348392701998263,0.0805815606641809
Erythroid early,HPRT1,46.73802,3.459814,0.0,0.0,0.9678540399652477,0.10869390273344243
Erythroid early,PCCB,46.707474,4.8012767,0.0,0.0,0.841876629018245,0.024169103248477694
Erythroid early,PPA2,46.694225,3.522277,0.0,0.0,0.9409209383145091,0.09072131763191073
Erythroid early,SLBP,46.65967,3.5211792,0.0,0.0,0.9565595134665508,0.10273880737144236
Erythroid early,NDUFA8,46.61698,3.5313334,0.0,0.0,0.9035621198957429,0.06188470720781137
Erythroid early,HACD3,46.611725,4.1878047,0.0,0.0,0.8618592528236316,0.03752783068215349
Erythroid early,CMAS,46.601402,3.8774881,0.0,0.0,0.8774978279756733,0.04637999946350492
Erythroid early,HBS1L,46.560207,3.697948,0.0,0.0,0.893136403127715,0.05501757021379329
Erythroid early,LAGE3,46.526447,3.3378282,0.0,0.0,0.9574283231972198,0.09860779527347836
Erythroid early,HMGB2,46.51801,2.9515152,0.0,0.0,0.9991311902693311,0.4989135974677432
Erythroid early,ATG3,46.51455,3.4855633,0.0,0.0,0.9591659426585578,0.11118860484455055
Erythroid early,TRAP1,46.50903,4.2749887,0.0,0.0,0.8575152041702867,0.03634754151130663
Erythroid early,MRPL13,46.508766,3.6153784,0.0,0.0,0.9018245004344049,0.06349419244078436
Erythroid early,ATP5MC1,46.495987,3.4075518,0.0,0.0,0.9913119026933102,0.20306338689342526
Erythroid early,VBP1,46.479362,3.398683,0.0,0.0,0.9600347523892268,0.1034899004801631
Erythroid early,RRM1,46.464714,4.3233395,0.0,0.0,0.8540399652476107,0.034013787923495804
Erythroid early,SCCPDH,46.461807,3.8391604,0.0,0.0,0.8870547350130321,0.05625150889240591
Erythroid early,E2F4,46.459976,3.7170463,0.0,0.0,0.895742832319722,0.05904128329622576
Erythroid early,AK6,46.443336,3.7730136,0.0,0.0,0.8861859252823632,0.0540518790740095
Erythroid early,NMNAT3,46.388023,6.0844426,0.0,0.0,0.8140747176368376,0.00893264304300008
Erythroid early,ADD2,46.360752,6.4453273,0.0,0.0,0.8114682884448305,0.006411116178009066
Erythroid early,SLIRP,46.30397,3.4448388,0.0,0.0,0.9878366637706343,0.17940395396872233
Erythroid early,YWHAE,46.266727,3.4704423,0.0,0.0,0.9930495221546481,0.17159795058880334
Erythroid early,PRKDC,46.250965,3.4754086,0.0,0.0,0.9157254561251086,0.0748678880871268
Erythroid early,MCM4,46.245,4.7917733,0.0,0.0,0.8349261511728931,0.025617639958153384
Erythroid early,ANP32B,46.17355,2.9369297,0.0,0.0,0.9947871416159861,0.37358834732691326
Erythroid early,DNAJA4,46.168682,5.960252,0.0,0.0,0.8132059079061685,0.010005633198315406
Erythroid early,MLLT3,46.11257,3.6181152,0.0,0.0,0.89748045178106,0.061187263606856404
Erythroid early,MRPL27,46.07709,3.3584397,0.0,0.0,0.9061685490877498,0.06759837978486548
Erythroid early,POLD2,46.047546,3.5341215,0.0,0.0,0.9026933101650738,0.06789345207757719
Erythroid early,STK25,46.032856,3.73081,0.0,0.0,0.8757602085143353,0.05045736205370316
Erythroid early,PAFAH1B3,46.027588,3.551473,0.0,0.0,0.9044309296264118,0.071380670082352
Erythroid early,CHCHD3,46.014446,3.551567,0.0,0.0,0.8870547350130321,0.05775369510984737
Erythroid early,MPDU1,45.96366,3.818721,0.0,0.0,0.8679409209383145,0.04734569060328871
Erythroid early,HADH,45.94849,3.926111,0.0,0.0,0.8644656820156386,0.04697014404892835
Erythroid early,TCP1,45.94188,3.4883535,0.0,0.0,0.9565595134665508,0.12041632018026234
Erythroid early,SUPT16H,45.93956,3.506941,0.0,0.0,0.9113814074717637,0.07666514659727997
Erythroid early,SSRP1,45.90428,3.3628426,0.0,0.0,0.946133796698523,0.0993588883821991
Erythroid early,RFK,45.89169,3.8934615,0.0,0.0,0.8601216333622936,0.04399259636792832
Erythroid early,ETFA,45.867157,3.343695,0.0,0.0,0.9417897480451781,0.09860779527347836
Erythroid late,AHSP,37.843624,7.8545537,0.0,0.0,0.9262981574539364,0.05056432215261809
Erythroid late,PRDX2,36.397503,5.3660965,4.662402884139339e-290,1.353961797554064e-286,0.914572864321608,0.2478259720349959
Erythroid late,BLVRB,34.88289,5.5432963,1.3513699637263205e-266,3.0522942914031827e-263,0.8793969849246231,0.13829196733010862
Erythroid late,HMGB1,33.50031,2.7768512,4.770032869109764e-246,9.696522816326328e-243,0.9430485762144054,0.6863849020696218
Erythroid late,TUBA1B,32.875076,4.190877,4.992245539252188e-237,8.456863943493207e-234,0.8860971524288107,0.3039410038854968
Erythroid late,ATP5IF1,32.405704,3.7501385,2.281184825266787e-230,3.5670711636940954e-227,0.8659966499162479,0.36618824835461106
Erythroid late,CA1,32.282745,7.0424333,1.22182124586028e-228,1.7740844489891263e-225,0.7956448911222781,0.044775724896254594
Erythroid late,TUBB,30.219055,4.182705,1.3310890045915446e-200,1.5916692520786422e-197,0.8123953098827471,0.22522665397933023
Erythroid late,YBX1,28.942026,2.0263677,3.535777880556234e-184,3.593764637797356e-181,0.9045226130653267,0.7310020352602226
Erythroid late,FTH1,25.246994,1.401404,1.2220370292784291e-140,9.936627492468764e-138,0.9949748743718593,0.9559379377791875
Erythroid late,PCLAF,24.430231,4.446727,8.165146853980773e-132,5.7234863878524536e-129,0.6415410385259631,0.08326064546824201
Erythroid late,PTMA,24.33204,0.8429233,8.982356162416349e-131,5.890107615148372e-128,0.9916247906197655,0.9879998942721963
Erythroid late,RAN,23.927547,2.7968976,1.583128793834035e-126,9.465247682664196e-124,0.7236180904522613,0.31319218671530147
Erythroid late,S100A6,23.477861,2.1212547,6.867169800190522e-122,3.877661880507582e-119,0.932998324958124,0.7202177992757646
Erythroid late,FAM178B,22.934086,5.431334,2.1242099932093067e-116,1.0795235185489695e-113,0.5728643216080402,0.03412364866650808
Erythroid late,HSP90AA1,22.922901,2.2446,2.7466048664930816e-116,1.3617800908797893e-113,0.7839195979899497,0.5257579361932704
Erythroid late,GYPC,22.014858,2.4052122,2.0751617584365473e-107,8.975295367127262e-105,0.7236180904522613,0.3765495731239923
Erythroid late,H2AFZ,21.881945,2.6036196,3.860317153482191e-106,1.634844314499708e-103,0.7169179229480737,0.31847857690376125
Erythroid late,TMEM14C,21.791794,3.5599132,2.7756263682971673e-105,1.1063320159753886e-102,0.6080402010050251,0.14281183094124178
Erythroid late,HSP90AB1,21.63036,2.1298711,9.305615729562793e-104,3.569142576425518e-101,0.7487437185929648,0.4662067507202707
Erythroid late,HMGB2,21.10255,2.022603,7.535959233867701e-99,2.7355532018939756e-96,0.7772194304857621,0.5097401739222372
Erythroid late,SYNGR1,20.966787,4.114372,1.3187262286139996e-97,4.70299417109919e-95,0.5577889447236181,0.08447651521158776
Erythroid late,NPM1,20.877447,1.3207954,8.585668810275869e-97,3.009128889229101e-94,0.8509212730318257,0.7641212697909233
Erythroid late,HMGA1,20.839409,3.1149023,1.901702032302108e-96,6.552169307226651e-94,0.6113902847571189,0.1782835091058071
Erythroid late,HSPD1,20.706667,3.2641294,3.0161312102044554e-95,1.0051133646071503e-92,0.5963149078726968,0.16406311949885022
Erythroid late,REXO2,20.479412,3.6917193,3.2859886360277047e-93,1.0773802740834062e-90,0.5644891122278057,0.11014193957656014
Erythroid late,DUT,20.408253,2.700353,1.41245190262363e-92,4.55751147246558e-90,0.6415410385259631,0.24933259323870696
Erythroid late,CA2,20.375343,4.9415154,2.767694126354779e-92,8.790888468834367e-90,0.5175879396984925,0.03951576665873708
Erythroid late,NME4,20.278877,3.5629156,1.9758912637646225e-91,6.1793719399703454e-89,0.5628140703517588,0.119763169719557
Erythroid late,UROD,19.59983,3.8214266,1.5513756073734677e-85,4.380050464817757e-83,0.5309882747068677,0.09401844950175772
Erythroid late,STMN1,19.29744,2.9091568,5.643738829518778e-83,1.5503503098169962e-80,0.5996649916247906,0.16757856897417597
Erythroid late,PPIA,19.252726,1.4733592,1.3392970749768492e-82,3.630030792017252e-80,0.7839195979899497,0.6319086511775435
Erythroid late,RANBP1,19.200089,2.535469,3.694590413781063e-82,9.882057096229139e-80,0.6164154103852596,0.25472471123093593
Erythroid late,MPC2,18.841526,3.0332417,3.4488322282046053e-79,9.104917082460158e-77,0.559463986599665,0.16525255729125365
Erythroid late,SNRPG,17.924007,2.2113063,7.660511052698424e-72,1.8761791407138983e-69,0.628140703517588,0.3008220336743055
Erythroid late,TMEM14B,17.87511,2.5234172,1.843103717928386e-71,4.4603109973866937e-69,0.5829145728643216,0.23537652314117305
Erythroid late,METAP2,17.715818,2.7716246,3.1658548787794074e-70,7.397183675382505e-68,0.5510887772194305,0.1863981180450929
Erythroid late,TXN,17.57205,2.251312,4.0333610377261166e-69,9.317063997147329e-67,0.6130653266331658,0.26883937303412364
Erythroid late,ATP5MC3,17.480618,2.082821,2.013053331169059e-68,4.5979042826971497e-66,0.6231155778894473,0.33000290751460365
Erythroid late,HMBS,17.408895,4.3230157,7.063429280924499e-68,1.5953932269181467e-65,0.4556113902847571,0.05542780112600111
Erythroid late,APOC1,17.40006,4.6397333,8.241578361652363e-68,1.8410418124798817e-65,0.4455611390284757,0.03692543546639177
Erythroid late,NOP10,17.332884,2.3406932,2.656627627110618e-67,5.869992000424418e-65,0.592964824120603,0.262152089445722
Erythroid late,PA2G4,17.330046,2.352707,2.7910586307797905e-67,6.100713961988343e-65,0.5862646566164154,0.2640287579626252
Erythroid late,AKR1C3,17.123617,4.2339406,9.893144472479969e-66,2.116924640384977e-63,0.45058626465661644,0.05875822694473079
Erythroid late,PCNA,17.107212,3.2665024,1.3112888987040643e-65,2.776654243005856e-63,0.490787269681742,0.10155155552031296
Erythroid late,NCL,17.088926,2.0076673,1.7944991639544112e-65,3.7606782479242544e-63,0.6348408710217756,0.3607432664604974
Erythroid late,HSPE1,17.073792,2.271753,2.3259486051566497e-65,4.824681963839222e-63,0.5912897822445561,0.27246055031321864
Erythroid late,SERBP1,17.051086,2.073477,3.4309960545286345e-65,7.044978565298796e-63,0.6147403685092128,0.3115798377078212
Erythroid late,CKS2,16.983025,3.850554,1.0968386595536768e-64,2.207577848654172e-62,0.46063651591289784,0.07678481748737874
Erythroid late,SLIRP,16.849901,2.602761,1.0509160591008077e-63,2.094413887196198e-61,0.541038525963149,0.19829249596912749
Erythroid late,CCT6A,16.773514,2.8378277,3.81274261260844e-63,7.452445368183111e-61,0.5125628140703518,0.15171939840879656
Erythroid late,TUBB4B,16.459044,3.134814,7.22317553071506e-61,1.372268338209119e-58,0.4824120603015075,0.11849443607432665
Erythroid late,SOD1,16.377468,1.7243612,2.770373503774258e-60,5.214458572659548e-58,0.6549413735343383,0.4171754817223059
Erythroid late,GYPA,16.360033,4.9934535,3.689234912950198e-60,6.880253881692809e-58,0.4120603015075377,0.026987021912087333
Erythroid late,SNRPE,16.13012,2.0282226,1.5671592107939832e-58,2.870019138470278e-56,0.592964824120603,0.31057542357201384
Erythroid late,UBB,15.986213,1.1366007,1.5943428360840384e-57,2.8681239975147197e-55,0.7872696817420436,0.6932307773636772
Erythroid late,ATP5MF,15.839202,1.8205521,1.6692485955786828e-56,2.90021243170286e-54,0.6231155778894473,0.36579176909047656
Erythroid late,TYMS,15.703203,3.5406487,1.4379372247300039e-55,2.4358656586926265e-53,0.4321608040201005,0.06824729733301615
Erythroid late,MYL4,15.3487015,4.722713,3.6134539529124412e-53,5.923733222161621e-51,0.39195979899497485,0.034150080617450375
Erythroid late,EIF5A,15.30548,1.7586312,7.028145976198629e-53,1.1429452112333257e-50,0.628140703517588,0.3929373827082177
Erythroid late,SNRPD1,15.279358,2.0245519,1.0496937653949568e-52,1.6935059415038636e-50,0.5628140703517588,0.2843284962863109
Erythroid late,GAPDH,15.271868,1.1839464,1.1775103950904008e-52,1.8847583709761945e-50,0.8425460636515912,0.7176803319853038
Erythroid late,SMIM1,15.163399,4.493397,6.178785088973835e-52,9.661718714512318e-50,0.39195979899497485,0.04036158908889065
Erythroid late,PTGES3,15.116111,1.6806681,1.268143385800689e-51,1.967848759279115e-49,0.6080402010050251,0.3809637089313562
Erythroid late,ATP5MC1,15.069365,2.2620263,2.575791545416114e-51,3.9368940252044184e-49,0.5192629815745393,0.22205481986625433
Erythroid late,TIMM13,15.05723,2.3825717,3.094840635724317e-51,4.694919436045068e-49,0.507537688442211,0.19083868580339916
Erythroid late,CALM2,14.76943,1.276835,2.3065434354987416e-49,3.3976387649868423e-47,0.711892797319933,0.5577670287843945
Erythroid late,ERH,14.389344,1.6909078,6.036576383300681e-47,8.58122550487666e-45,0.5912897822445561,0.35270795337403854
Erythroid late,UQCRQ,14.265265,1.6234101,3.602182785384788e-46,4.947646733871755e-44,0.6046901172529313,0.3840033832897206
Erythroid late,YWHAE,14.251958,2.2438264,4.358846620333069e-46,5.907108939875375e-44,0.49581239530988275,0.19147305262601433
Erythroid late,KCNH2,14.186383,4.453876,1.112505393266277e-45,1.487829581205058e-43,0.36515912897822445,0.033304258187296806
Erythroid late,ANP32B,14.151862,1.5773238,1.8187732180358404e-45,2.4164720245903636e-43,0.6164154103852596,0.38865540665556525
Erythroid late,BOLA3,14.124332,3.0313857,2.689353732912743e-45,3.5499469274448204e-43,0.4187604690117253,0.103322496233447
Erythroid late,KLF1,14.052545,4.482415,7.431520576883106e-45,9.683842967107678e-43,0.36180904522613067,0.03428224037216187
Erythroid late,EEF1B2,14.036593,0.7210163,9.30803640951298e-45,1.2051832110355404e-42,0.8391959798994975,0.8233024079507308
Erythroid late,NME1,13.863917,2.6973271,1.0479591322274177e-43,1.331432077494934e-41,0.4321608040201005,0.13062670155684192
Erythroid late,FECH,13.848156,4.0730367,1.3052035191416974e-43,1.6479613128641255e-41,0.36683417085427134,0.04704887267729231
Erythroid late,PSMA4,13.78734,1.8268481,3.0375613451499804e-43,3.7881930689698653e-41,0.5443886097152428,0.28781751381069437
Erythroid late,NDUFS5,13.731052,1.4371548,6.616530604108564e-43,8.201270373190177e-41,0.6331658291457286,0.4410699653741443
Erythroid late,HNRNPA1,13.483292,0.6445108,1.9615678314314947e-41,2.387709633373618e-39,0.8341708542713567,0.828271614727883
Erythroid late,HMGN2,13.303191,1.1102391,2.2179460118278625e-40,2.667834705824662e-38,0.6984924623115578,0.5719874183913515
Erythroid late,UBAC1,13.299542,3.5618837,2.3288962876766384e-40,2.7848119844641594e-38,0.36683417085427134,0.05904897840509608
Erythroid late,ATP5F1B,13.268231,1.7867553,3.538318099503e-40,4.181798274807964e-38,0.5309882747068677,0.28231966801469616
Erythroid late,CCT2,13.168265,2.4494305,1.3363256488723566e-39,1.570221259553599e-37,0.4304857621440536,0.14949911452964343
Erythroid late,H3F3A,13.11024,0.7509816,2.8768669919954308e-39,3.3417686979018925e-37,0.8375209380234506,0.8039277879100256
Erythroid late,COX5A,13.014696,1.7548736,1.0094260476673125e-38,1.1463470780436386e-36,0.52428810720268,0.26902439669071976
Erythroid late,TFDP1,12.991387,2.6069422,1.3692225294885237e-38,1.5463086433023726e-36,0.4103852596314908,0.12021251288557608
Erythroid late,IDH2,12.982676,2.3630042,1.5342541787352785e-38,1.723111543940925e-36,0.4338358458961474,0.15079428012581608
Erythroid late,HSPA8,12.872668,1.5076705,6.414692133474889e-38,7.010637725229977e-36,0.5963149078726968,0.40758068353025134
Erythroid late,NASP,12.86057,2.4500158,7.50216648317802e-38,8.068996839684803e-36,0.4221105527638191,0.14125234583564614
Erythroid late,ALAS2,12.761272,4.5822654,2.6975715050539365e-37,2.856053830975855e-35,0.32663316582914576,0.02677556630454894
Erythroid late,BIRC5,12.684846,3.8825438,7.175463821584112e-37,7.518702503358857e-35,0.3417085427135678,0.04953347606586842
Erythroid late,MCM7,12.662468,2.9450245,9.545015557101228e-37,9.899544706364988e-35,0.37520938023450584,0.08690825469827929
Erythroid late,GADD45GIP1,12.496479,1.8647555,7.803155064403373e-36,8.01123919945413e-34,0.48743718592964824,0.2400285465070177
Erythroid late,HEBP1,12.471273,3.3080914,1.0710050782529481e-35,1.0940397603379864e-33,0.35510887772194305,0.07194777046493801
Erythroid late,PTTG1,12.399985,3.228483,2.6137113742832927e-35,2.643359443603521e-33,0.35845896147403683,0.07691697724209023
Erythroid late,OAT,12.388814,2.889314,3.004530533668217e-35,3.0235691429904708e-33,0.37185929648241206,0.09272328390558507
Erythroid late,DYNLL1,12.259994,2.0162847,1.485122519996132e-34,1.4726619798283597e-32,0.4556113902847571,0.2005920757011075
Erythroid late,CDK4,12.152822,2.8991091,5.5419627025875286e-34,5.364619896104727e-32,0.36180904522613067,0.08595670446435652
Erythroid late,SNRPF,12.15113,1.5875965,5.657852075477704e-34,5.450844407123732e-32,0.5309882747068677,0.32194116247720245
Erythroid late,SSB,12.037118,1.9148774,2.26739528158188e-33,2.174132607735682e-31,0.4656616415410385,0.22081251817196626
Erythroid late,ECH1,12.0146265,2.1399598,2.977107232015727e-33,2.8412505076251504e-31,0.4355108877721943,0.18243332540374804
Erythroid late,RPA3,11.886445,2.3343582,1.3920604832421948e-32,1.31617700015569e-30,0.40033500837520936,0.13781619221314725
Erythroid late,TALDO1,11.75852,1.7295443,6.384326483730111e-32,5.980672293145885e-30,0.46901172529313234,0.225385245684984
Erythroid late,ALDH1A1,11.751278,3.6437154,6.955925134985877e-32,6.39819213321235e-30,0.32160804020100503,0.05043216239790659
Erythroid late,LMNA,11.702283,2.6836262,1.2406942255909195e-31,1.1360735233248743e-29,0.36180904522613067,0.09298760341500806
Erythroid late,SLC25A39,11.679145,2.28421,1.6292549274765604e-31,1.4851791105714584e-29,0.3969849246231156,0.13987788438664658
Erythroid late,HPRT1,11.657438,2.4014287,2.1027276930299083e-31,1.9082253814246416e-29,0.3869346733668342,0.13044167790024583
Erythroid late,ATP5F1A,11.650954,1.5768492,2.2690359588347436e-31,2.0499983542752296e-29,0.5041876046901173,0.287606058203156
Erythroid late,MRPL51,11.5669985,2.2055318,6.056459795865523e-31,5.399812049576946e-29,0.4020100502512563,0.15256522083895013
Erythroid late,TPGS2,11.537136,2.7245784,8.573232894549516e-31,7.610335296087448e-29,0.35678391959798994,0.0975338989770835
Erythroid late,S100A4,11.492133,1.251285,1.4449872076742934e-30,1.2771173894610016e-28,0.847571189279732,0.6567811170142468
Erythroid late,HMGN5,11.427238,3.7083185,3.0567553521290016e-30,2.6899447098735213e-28,0.3165829145728643,0.056326487458039275
Erythroid late,VBP1,11.390951,2.448917,4.6389723449928456e-30,4.064699561595455e-28,0.37520938023450584,0.1252610155155552
Erythroid late,C1QBP,11.362743,1.6899655,6.409945706650779e-30,5.592333747845366e-28,0.4656616415410385,0.24367615573705495
Erythroid late,GLRX5,11.326908,2.6253676,9.655333122823519e-30,8.316678462743918e-28,0.35510887772194305,0.09790394629027568
Erythroid late,GLRX,11.303134,2.0857756,1.2661700404059992e-29,1.0860212903532975e-27,0.40871021775544386,0.1643274390082732
Erythroid late,RBX1,11.262826,1.6053269,2.0023370381693632e-29,1.703075619745055e-27,0.49413735343383586,0.2787513546374858
Erythroid late,SNCA,11.19878,3.5074406,4.133851090235122e-29,3.472434915797503e-27,0.31155778894472363,0.05455554674490524
Erythroid late,SRSF3,10.9946165,1.0746382,4.056334820389086e-28,3.3115331015610175e-26,0.609715242881072,0.47440065551238336
Erythroid late,IMPDH2,10.964145,2.1562016,5.68354963627775e-28,4.6214078802501634e-26,0.38358458961474035,0.1444770438506066
Erythroid late,DNAJC9,10.949055,2.5003197,6.714488299589925e-28,5.437932994185816e-26,0.35175879396984927,0.10181587502973595
Erythroid late,HNRNPAB,10.931917,2.4597337,8.111603742389488e-28,6.543360352194186e-26,0.35343383584589616,0.10728728887479184
Erythroid late,FKBP4,10.930863,3.1116128,8.206390775382381e-28,6.593656588220278e-26,0.31993299832495814,0.07033542145745778
Erythroid late,GATA1,10.851933,4.134804,1.952527526019965e-27,1.5626369901155057e-25,0.2864321608040201,0.034652287685354055
Erythroid late,VDAC3,10.786467,2.2046359,3.988283111524636e-27,3.1793654545518747e-25,0.37520938023450584,0.14104089022810773
Erythroid late,CD36,10.775193,2.3011308,4.5083277670515685e-27,3.565964468818065e-25,0.35510887772194305,0.10377183939946608
Erythroid late,CAT,10.7269745,2.0994766,7.604513442911368e-27,5.991649196414817e-25,0.38023450586264657,0.1448735231147411
Erythroid late,NACA,10.715726,0.35843647,8.588130276274529e-27,6.740521708730062e-25,0.88107202680067,0.8986334681362831
Erythroid late,PRDX3,10.710915,2.4420512,9.046405740283424e-27,7.072897534172363e-25,0.35175879396984927,0.11529617001030847
Erythroid late,HNRNPF,10.657991,1.6631348,1.6001518898359738e-26,1.2415224281139571e-24,0.45226130653266333,0.23252187243940475
Erythroid late,TIMM8B,10.641431,2.1350434,1.911701096540586e-26,1.4776068399420925e-24,0.38358458961474035,0.15446832130679566
Erythroid late,YWHAH,10.556328,2.1270204,4.7487516403673426e-26,3.6290459904280956e-24,0.37353433835845895,0.1394285412206275
Erythroid late,CCT8,10.425473,1.7311311,1.8971216291328191e-25,1.4443703549442676e-23,0.4271356783919598,0.21594903919858324
Erythroid late,TCEA1,10.415336,1.5207696,2.110512522562503e-25,1.5948884222546678e-23,0.47068676716917923,0.27214336690191104
Erythroid late,COX7B,10.401657,1.1020646,2.436592446229342e-25,1.834483379516669e-23,0.5795644891122278,0.44331668120423967
Erythroid late,SLC25A3,10.338372,1.2810535,4.724960205085802e-25,3.5312129062126534e-23,0.5326633165829145,0.35511326090978773
Erythroid late,SRI,10.318463,1.7891128,5.814641128125245e-25,4.3296712400194126e-23,0.4120603015075377,0.19612507599185897
Erythroid late,ISOC2,10.30551,3.061069,6.653843232551291e-25,4.936471723770169e-23,0.304857621440536,0.07176274680834192
Erythroid late,SNRPC,10.300037,1.6979964,7.043359586837708e-25,5.206451406590434e-23,0.4288107202680067,0.2176406840588904
Erythroid late,ILF2,10.298939,1.9847397,7.124262542128751e-25,5.24717423755048e-23,0.3852596314907873,0.16398382364602332
Erythroid late,TCP1,10.280823,2.082766,8.599067250374332e-25,6.31053570633969e-23,0.36683417085427134,0.1419660085110882
Erythroid late,TUBA1C,10.280318,2.9172711,8.644137183648332e-25,6.320792110402997e-23,0.3132328308207705,0.08222979938149234
Erythroid late,CAST,10.210299,1.484267,1.783156799291148e-24,1.2899648190743934e-22,0.4656616415410385,0.25570269341580104
Erythroid late,CCT5,10.196799,2.278913,2.0491378477924283e-24,1.4771231975150525e-22,0.34338358458961477,0.11754288584040389
Erythroid late,HEMGN,10.195974,4.059697,2.066621216616082e-24,1.4844620526986472e-22,0.271356783919598,0.0335157137948352
Erythroid late,PAICS,10.158211,2.8714972,3.0461515979343386e-24,2.1803580874228605e-22,0.3065326633165829,0.07718129675151322
Erythroid late,UQCRH,10.148339,0.9616183,3.370507478121895e-24,2.4040588075530487e-22,0.6130653266331658,0.508841487590199
Erythroid late,FBXO7,10.143223,1.9306177,3.551840274854404e-24,2.5157424776041925e-22,0.38023450586264657,0.15721724420479474
Erythroid late,CACYBP,10.128902,1.8140179,4.112394900906303e-24,2.902665400889699e-22,0.39865996649916247,0.18272407686411335
Erythroid late,SNRPB,9.9474325,1.2642862,2.5877354564303864e-23,1.807656760981669e-21,0.5209380234505863,0.34676076441202125
Erythroid late,MPST,9.947092,2.523718,2.5965947176635543e-23,1.807656760981669e-21,0.31993299832495814,0.09539291095075728
Erythroid late,CDC20,9.937912,4.120136,2.847324372235206e-23,1.9687214230883426e-21,0.2646566164154104,0.03309280257975841
Erythroid late,NUDC,9.916865,1.8424672,3.516255398643141e-23,2.4148121535006003e-21,0.3869346733668342,0.17505881109084662
Erythroid late,BSG,9.914696,1.5787643,3.5934900069860406e-23,2.4595442714482233e-21,0.440536013400335,0.23606375386567283
Erythroid late,CENPU,9.899232,3.2699456,4.19483397856123e-23,2.8614961448386808e-21,0.2847571189279732,0.05815029207305791
Erythroid late,GAR1,9.892779,2.7007883,4.4743031828838e-23,3.0419275953733075e-21,0.3098827470686767,0.08677609494356779
Erythroid late,PHB,9.880169,1.9946506,5.074717398072532e-23,3.438628508933948e-21,0.36515912897822445,0.15008061745037402
Erythroid late,TAF9,9.842054,1.9951744,7.418036888345446e-23,4.9931739690823255e-21,0.36515912897822445,0.15097930378241217
Erythroid late,CHCHD2,9.814343,0.79294956,9.767216598120276e-23,6.531183519953584e-21,0.6465661641541038,0.587582269447308
Erythroid late,UROS,9.802185,2.2189083,1.1017655236725956e-22,7.343176906628368e-21,0.33668341708542715,0.11669706341025031
Erythroid late,EPCAM,9.77562,4.0398626,1.4327698046837436e-22,9.518086467193184e-21,0.25963149078726966,0.03137472576850897
Erythroid late,MRPL12,9.756211,2.3869736,1.7351633178924005e-22,1.1452077898089843e-20,0.32160804020100503,0.1030053128221394
Erythroid late,CKS1B,9.665961,2.513585,4.206539392601075e-22,2.723265374929766e-20,0.3082077051926298,0.0889963788227209
Erythroid late,STOML2,9.64029,2.0248349,5.403475149581957e-22,3.4870426298635566e-20,0.35175879396984927,0.13998361219041577
Erythroid late,HNRNPA2B1,9.53357,0.8089393,1.5196484551760128e-21,9.623493394647349e-20,0.661641541038526,0.5828245182776941
Erythroid late,TPI1,9.5154,1.1802249,1.8101552604917566e-21,1.1392209329806944e-19,0.5226130653266332,0.35249649776650016
Erythroid late,PSMB5,9.483805,2.692616,2.451766003500944e-21,1.533523055974375e-19,0.2964824120603015,0.08304918986070361
Erythroid late,ATG3,9.401866,2.0376878,5.360385830091604e-21,3.3221318034787235e-19,0.3417085427135678,0.1333491925038987
Erythroid late,LAGE3,9.398566,2.1647036,5.53116724834828e-21,3.4175552530220008e-19,0.32998324958123953,0.12108476726667196
Erythroid late,PPA2,9.380459,2.2852476,6.5686319115781605e-21,4.0169717927477737e-19,0.32160804020100503,0.11294372637644384
Erythroid late,SLC25A5,9.380334,1.1687465,6.576396659989763e-21,4.0169717927477737e-19,0.5058626465661642,0.3376153093859858
Erythroid late,CENPH,9.339881,2.872525,9.64427570217534e-21,5.800261434136696e-19,0.2847571189279732,0.07268786509132238
Erythroid late,TK1,9.282009,3.3711836,1.6631186830778464e-20,9.885344032048673e-19,0.2629815745393635,0.04903126899796474
Erythroid late,CCNB2,9.278375,3.6429138,1.720829431563866e-20,1.0198548304615238e-18,0.2562814070351759,0.04160389078317871
Erythroid late,LDHB,9.247701,0.9453274,2.2937461232877725e-20,1.3554439300637745e-18,0.6130653266331658,0.4905505775381281
Erythroid late,MRPS34,9.198909,1.8709861,3.616031755302454e-20,2.1122613080973642e-18,0.35343383584589616,0.15454761715962256
Erythroid late,AC084033.3,9.183328,2.3185546,4.179704552323086e-20,2.4206562432941226e-18,0.304857621440536,0.09568366241112257
Erythroid late,AP2M1,9.110949,1.4641539,8.166490088322867e-20,4.663157598747956e-18,0.4137353433835846,0.23051304416779003
Erythroid late,UQCC2,9.102035,2.21656,8.865554904446638e-20,5.034050282055622e-18,0.3149078726968174,0.11164856078027119
Erythroid late,NDUFC1,9.09215,1.707792,9.710011013626002e-20,5.467731409556492e-18,0.37520938023450584,0.18190468638490206
Erythroid late,BLVRA,9.070187,2.4642584,1.1881367567379586e-19,6.671945853858901e-18,0.2931323283082077,0.08859989955858642
Erythroid late,GYPB,9.0562,4.473481,1.3507369068615245e-19,7.564126678424538e-18,0.23450586264656617,0.021515608067031428
Erythroid late,CENPW,9.046291,3.1144092,1.4790611233410325e-19,8.259987504196843e-18,0.26800670016750416,0.06282874738984484
Erythroid late,MPP1,9.034223,2.6523833,1.65172417832583e-19,9.198972355344513e-18,0.2830820770519263,0.077868527476013
Erythroid late,RFESD,9.028666,4.03672,1.7377765887189031e-19,9.625482968795058e-18,0.24120603015075376,0.031031110406259086
Erythroid late,RUVBL2,9.0119505,2.70625,2.0242324337665183e-19,1.1151381277399941e-17,0.2830820770519263,0.07985092379668543
Erythroid late,LSM5,8.981406,1.2884754,2.673281431584595e-19,1.4687152686824772e-17,0.4556113902847571,0.2895355906219438
Erythroid late,CCT3,8.901453,1.6583892,5.512038785444954e-19,2.9959551986771395e-17,0.37353433835845895,0.18491792879232416
Erythroid late,COPS3,8.890758,2.126965,6.069367523705454e-19,3.281332527177778e-17,0.3098827470686767,0.10995691591996405
Erythroid late,PARVB,8.8727045,2.8096604,7.139086014425866e-19,3.849425477486711e-17,0.2696817420435511,0.06666138027647821
Erythroid late,BANF1,8.849708,1.5321139,8.774913236126445e-19,4.7065022760944164e-17,0.3869346733668342,0.1979488806068776
Erythroid late,NHP2,8.837119,1.4644694,9.821807747656934e-19,5.254150207746583e-17,0.4154103852596315,0.2370681680014802
Erythroid late,PSMC3,8.833964,1.9012486,1.010296029063593e-18,5.3903668448306344e-17,0.33835845896147404,0.14669732772975974
Erythroid late,NDUFA6,8.808662,1.49413,1.2664774958194295e-18,6.739516893983603e-17,0.4020100502512563,0.2172442047947559
Erythroid late,NDUFB6,8.787233,1.8785142,1.5328859782547235e-18,8.09363796518494e-17,0.3417085427135678,0.14860042819760527
Erythroid late,TUBG1,8.758479,3.768802,1.9790311017917473e-18,1.0422213532959234e-16,0.24120603015075376,0.03922501519837179
Erythroid late,HSPB1,8.723682,1.4847679,2.6929782608258387e-18,1.4072715189220475e-16,0.40033500837520936,0.22102397377950467
Erythroid late,EIF4EBP1,8.675527,1.9691075,4.116407584661442e-18,2.1292196789057966e-16,0.31993299832495814,0.1260275420928819
Erythroid late,HMGB3,8.667901,2.750285,4.401600230306705e-18,2.270957601057734e-16,0.2696817420435511,0.07207993021964951
Granulocyte precursor,LYZ,45.072968,6.6471925,0.0,0.0,0.9730021598272138,0.21237734641638226
Granulocyte precursor,SRGN,42.340828,3.5289874,0.0,0.0,0.990280777537797,0.5847109641638225
Granulocyte precursor,AZU1,41.031982,8.748812,0.0,0.0,0.7937365010799136,0.010372226962457338
Granulocyte precursor,RNASE2,38.769337,5.849543,0.0,0.0,0.775377969762419,0.04140891638225256
Granulocyte precursor,MPO,38.70672,8.842073,0.0,0.0,0.7494600431965442,0.014745093856655291
Granulocyte precursor,H2AFZ,38.116745,3.5334585,0.0,0.0,0.8790496760259179,0.31098016211604096
Granulocyte precursor,GAPDH,37.8745,2.4420779,0.0,0.0,0.9730021598272138,0.7133639078498294
Granulocyte precursor,LGALS1,36.010864,4.1005893,5.65567946154902e-284,1.1496865209436846e-280,0.8736501079913607,0.30706058020477817
Granulocyte precursor,CSTA,35.44536,3.840055,3.4198168632448256e-275,6.319821563276438e-272,0.8390928725701944,0.14235814846416384
Granulocyte precursor,HMGN2,35.283226,2.5190682,1.0620072449445225e-272,1.7990402729360213e-269,0.9190064794816415,0.5654330204778157
Granulocyte precursor,ATP5MPL,35.162373,2.264954,7.52134493623027e-271,1.1761069220283763e-267,0.9449244060475162,0.598842790102389
Granulocyte precursor,GSTP1,34.048653,2.8029315,4.249646703714584e-254,6.170487013793576e-251,0.8725701943844493,0.40206377986348124
Granulocyte precursor,SERF2,33.440567,1.5181253,3.5292199906012564e-245,4.7827989312628226e-242,0.9870410367170627,0.8620413822525598
Granulocyte precursor,ELANE,32.79524,8.885947,6.884000553405538e-236,8.231644897036928e-233,0.6339092872570194,0.006425981228668942
Granulocyte precursor,CYBA,32.75531,2.1486387,2.5510046164862004e-235,2.8809345468850824e-232,0.9697624190064795,0.7071779010238908
Granulocyte precursor,CFD,32.245796,3.8195472,4.029075412101688e-228,4.3106865777475324e-225,0.7311015118790497,0.12174701365187714
Granulocyte precursor,VIM,32.045944,2.4561143,2.5002966851452665e-225,2.5413015507816487e-222,0.91792656587473,0.5351962457337884
Granulocyte precursor,ENO1,30.961979,2.6054142,1.752763361393968e-210,1.6195533459280263e-207,0.8110151187904968,0.34545648464163825
Granulocyte precursor,S100A8,30.90554,4.747297,1.0063337024384115e-209,8.8942397839861e-207,0.7742980561555075,0.19376599829351535
Granulocyte precursor,FTL,29.8977,1.4083441,2.1080192615242617e-196,1.6481467518563533e-193,0.9935205183585313,0.9523517491467577
Granulocyte precursor,STMN1,29.6867,3.3152902,1.1401831965542813e-193,8.584312599835344e-191,0.7073434125269978,0.1611294795221843
Granulocyte precursor,HSP90B1,29.485207,2.7485375,4.4559775059085473e-191,3.2350396692896055e-188,0.7494600431965442,0.28087670648464164
Granulocyte precursor,HMGB2,28.997002,2.2734349,7.177951355174706e-185,5.031496384413497e-182,0.8704103671706264,0.505092790102389
Granulocyte precursor,S100A9,28.967793,4.29922,1.675329318760439e-184,1.1352031463920736e-181,0.765658747300216,0.2060313566552901
Granulocyte precursor,PTMA,28.43009,0.77624613,8.590548591151307e-178,5.457145992528868e-175,1.0,0.9877613054607508
Granulocyte precursor,MNDA,28.171986,3.4337869,1.2892201188366191e-174,7.941595932033573e-172,0.6576673866090713,0.10793515358361774
Granulocyte precursor,PLAC8,27.870459,2.471887,6.087121551656589e-171,3.639382555943386e-168,0.7678185745140389,0.31969923208191126
Granulocyte precursor,CTSG,27.836294,7.175358,1.5784208753884016e-170,9.167468444255835e-168,0.5431965442764579,0.012372013651877133
Granulocyte precursor,RETN,27.723143,4.8662086,3.6736479050997464e-169,2.0743865170796568e-166,0.5766738660907127,0.053354308873720134
Granulocyte precursor,ATP5ME,27.469223,1.9899795,4.095239027054493e-166,2.2499464578909116e-163,0.8639308855291576,0.4893344709897611
Granulocyte precursor,TSPO,26.966536,2.1882324,3.6504166252791693e-160,1.9527807673335514e-157,0.826133909287257,0.40920968430034127
Granulocyte precursor,VAMP8,26.948761,2.322506,5.898367189373174e-160,3.07441046732251e-157,0.7537796976241901,0.34414995733788395
Granulocyte precursor,TUBA1B,26.456768,2.4694319,3.0498697355808194e-154,1.5499437996221723e-151,0.7580993520518359,0.3019944539249147
Granulocyte precursor,MGST1,26.262938,3.8126233,5.086463272724235e-152,2.5218933026326404e-149,0.5734341252699784,0.07988481228668942
Granulocyte precursor,NAA38,26.227743,2.5402431,1.2827931176757014e-151,6.208718689550394e-149,0.6943844492440605,0.23413502559726962
Granulocyte precursor,PPIA,25.484013,1.5773344,2.9649362541948205e-143,1.3393605372282735e-140,0.8887688984881209,0.6279863481228669
Granulocyte precursor,PRTN3,25.318008,9.797744,2.0235580563533128e-141,8.942366993380467e-139,0.48812095032397407,0.0029596843003412967
Granulocyte precursor,AP2S1,25.158972,2.3301525,1.1272818787617693e-139,4.875614049248775e-137,0.7073434125269978,0.2687446672354949
Granulocyte precursor,HMGB1,25.149906,1.5449961,1.4165418931854757e-139,5.999054917640489e-137,0.9028077753779697,0.6851269197952219
Granulocyte precursor,CST3,25.14615,2.70004,1.5570831102831556e-139,6.459670503231834e-137,0.7602591792656588,0.2354148890784983
Granulocyte precursor,TXN,24.975357,2.3374798,1.1327573202508096e-137,4.605338161211692e-135,0.6922246220302376,0.2638651877133106
Granulocyte precursor,PCLAF,24.756603,3.4961555,2.6320651746648118e-135,1.028935016742044e-132,0.5583153347732182,0.08041808873720137
Granulocyte precursor,SEC61G,24.641382,1.8704131,4.552638085215946e-134,1.7461514527598068e-131,0.7937365010799136,0.43923314846416384
Granulocyte precursor,AIF1,24.60819,2.269541,1.0322845261515644e-133,3.8859777495572224e-131,0.775377969762419,0.27082444539249145
Granulocyte precursor,JUND,24.60125,2.1997268,1.2248892572745456e-133,4.52719069488672e-131,0.765658747300216,0.3480962030716723
Granulocyte precursor,COX8A,24.435104,1.8559351,7.246931298003474e-132,2.630636061175261e-129,0.7883369330453563,0.4333671075085324
Granulocyte precursor,ATP5MC2,24.090221,1.3453763,3.165070988355322e-128,1.1093028112290859e-125,0.8952483801295896,0.6878732935153583
Granulocyte precursor,FABP5,23.841404,3.4901397,1.2434488857362051e-125,4.284208296482301e-123,0.5334773218142549,0.09247013651877133
Granulocyte precursor,LST1,23.70579,2.284033,3.1425894736681033e-124,1.0647093136787534e-121,0.7084233261339092,0.21219069965870307
Granulocyte precursor,OAZ1,23.180775,1.4051552,7.117196236710458e-119,2.2605994546851592e-116,0.9222462203023758,0.7105108788395904
Granulocyte precursor,H1FX,23.044155,2.4482818,1.6834557659868423e-117,5.2648136632277735e-115,0.6457883369330454,0.24728029010238908
Granulocyte precursor,PYCARD,23.042355,2.4776485,1.754850600685967e-117,5.404939850112778e-115,0.6144708423326134,0.17798101535836178
Granulocyte precursor,AC020656.1,22.985235,4.4989643,6.549620276148365e-117,1.987174342888716e-114,0.5086393088552916,0.08817726109215017
Granulocyte precursor,H2AFY,22.942066,2.1531289,1.7683116669758946e-116,5.286211700924409e-114,0.673866090712743,0.26053220989761094
Granulocyte precursor,ATP5F1E,22.681303,1.02558,6.852905781820198e-114,2.0189256338092896e-111,0.9557235421166307,0.8538555887372014
Granulocyte precursor,C4orf48,22.663336,2.395864,1.0306939122156053e-113,2.993135121074118e-111,0.6112311015118791,0.17438139931740615
Granulocyte precursor,GRN,22.582117,2.6996574,6.496132086520997e-113,1.8599066627436454e-110,0.572354211663067,0.14249146757679182
Granulocyte precursor,ACTG1,22.571562,1.4955319,8.247957838328565e-113,2.328673429688098e-110,0.8844492440604752,0.6355588737201365
Granulocyte precursor,CLEC11A,22.485863,4.567405,5.708119762900624e-112,1.5895158704142997e-109,0.468682505399568,0.05223442832764505
Granulocyte precursor,SERPINB1,22.314396,2.3628776,2.6783172692166057e-110,7.357409925491238e-108,0.6166306695464363,0.21731015358361774
Granulocyte precursor,UQCRQ,22.20079,1.8184689,3.374626217390636e-109,9.14658689961558e-107,0.7462203023758099,0.37857295221843
Granulocyte precursor,ELOB,21.710295,1.5129182,1.6400390926576357e-104,4.329703204616158e-102,0.8552915766738661,0.5465816979522184
Granulocyte precursor,LSM5,21.705791,1.9963548,1.808796886890941e-104,4.714002963681929e-102,0.661987041036717,0.28298314846416384
Granulocyte precursor,POLR2L,21.631964,1.7322607,8.987372428345124e-104,2.3125988192835403e-101,0.7505399568034558,0.3958777730375427
Granulocyte precursor,TPI1,21.56083,1.8374329,4.1903247519874947e-103,1.0516163155358247e-100,0.7051835853131749,0.34649637372013653
Granulocyte precursor,SUB1,21.5302,1.4153906,8.118359885115215e-103,2.0125612163978306e-100,0.8401727861771058,0.5768984641638225
Granulocyte precursor,MYL6,21.326553,1.2392955,6.437941562691933e-101,1.5579818581714477e-98,0.9200863930885529,0.7237894624573379
Granulocyte precursor,RAB32,21.3195,4.064598,7.485372259038215e-101,1.7901487915497512e-98,0.44924406047516197,0.0430087457337884
Granulocyte precursor,NDUFB1,21.232222,1.7888728,4.81332709245066e-100,1.1377361992481049e-97,0.7192224622030238,0.35486881399317405
Granulocyte precursor,COX6B1,21.207766,1.4128449,8.09696159645532e-100,1.891896957847629e-97,0.8358531317494601,0.5613267918088737
Granulocyte precursor,NDUFS6,21.134895,2.0934489,3.800303239002556e-99,8.680063398027412e-97,0.6187904967602592,0.23784129692832764
Granulocyte precursor,HMGN1,21.02291,1.4916872,4.048492945169824e-98,9.14419606549024e-96,0.7937365010799136,0.5004266211604096
Granulocyte precursor,ANXA2,20.892418,2.3000197,6.276027193401821e-97,1.401967920741453e-94,0.5799136069114471,0.18789995733788395
Granulocyte precursor,UQCRH,20.801903,1.4455526,4.1597079875461396e-96,9.191146083786731e-94,0.7786177105831533,0.503839590443686
Granulocyte precursor,ATP5MD,20.762127,1.6712492,9.525674983582544e-96,2.0821281835082363e-93,0.7354211663066955,0.3925714590443686
Granulocyte precursor,DUT,20.573019,2.0911994,4.788951645475799e-94,1.0356362664811919e-91,0.6123110151187905,0.24661369453924914
Granulocyte precursor,LCP1,20.52825,1.8838536,1.2043766565716198e-93,2.577112492082936e-91,0.6630669546436285,0.290982295221843
Granulocyte precursor,ANXA1,20.254929,1.7776102,3.2141555255683575e-91,6.735809641624079e-89,0.7311015118790497,0.34812286689419797
Granulocyte precursor,AC007952.4,20.200132,2.3066995,9.763527766937328e-91,2.0252346167989998e-88,0.5701943844492441,0.19176621160409557
Granulocyte precursor,NDUFB11,20.15083,1.6040397,2.6464318615793593e-90,5.434006755776284e-88,0.7213822894168467,0.3974776023890785
Granulocyte precursor,ATP6V0B,19.963655,1.8912629,1.140574771048284e-88,2.318560394586952e-86,0.6328293736501079,0.2636252133105802
Granulocyte precursor,COX7B,19.731874,1.5237969,1.14832329549315e-86,2.3111995990875992e-84,0.7473002159827213,0.43797994880546076
Granulocyte precursor,CD63,19.342972,1.8319025,2.3361365647276602e-83,4.593414537596155e-81,0.6306695464362851,0.265491680887372
Granulocyte precursor,DBI,19.342667,1.75634,2.3500349857831568e-83,4.593414537596155e-81,0.6587473002159827,0.3183393771331058
Granulocyte precursor,TKT,19.336166,1.834552,2.6657506012336418e-83,5.160893163988331e-81,0.6274298056155507,0.26290529010238906
Granulocyte precursor,TUBB,19.27235,2.0869343,9.167736040632701e-83,1.758129605980958e-80,0.5799136069114471,0.22581591296928327
Granulocyte precursor,MS4A3,19.204887,7.692674,3.368502942219846e-82,6.399525963499536e-80,0.3714902807775378,0.002853029010238908
Granulocyte precursor,STXBP2,19.168333,2.0210953,6.805470690432889e-82,1.2809408166214792e-79,0.5691144708423326,0.1973122866894198
Granulocyte precursor,ANP32B,19.086185,1.5651664,3.289263615982344e-81,6.078559162335372e-79,0.6997840172786177,0.384598976109215
Granulocyte precursor,BLOC1S1,19.0606,1.7236606,5.3654836308303e-81,9.826085697974625e-79,0.6490280777537797,0.3138598549488055
Granulocyte precursor,S100A4,19.050562,1.6042167,6.500048778333813e-81,1.179758853267587e-78,0.906047516198704,0.6536636092150171
Granulocyte precursor,TNFSF13B,18.9141,2.6828814,8.729570189257038e-80,1.5703956000638678e-77,0.46004319654427644,0.09287009385665529
Granulocyte precursor,TYROBP,18.809895,1.8242149,6.266270860663663e-79,1.1076587309180081e-76,0.734341252699784,0.2599456058020478
Granulocyte precursor,IRF2BP2,18.736032,2.1493971,2.517139041276651e-78,4.411069175092393e-76,0.5421166306695464,0.19955204778156996
Granulocyte precursor,ACTB,18.586414,0.8183947,4.139354185613197e-77,7.1309145665377175e-75,0.9913606911447084,0.9628306313993175
Granulocyte precursor,APLP2,18.572205,2.0518498,5.39412877057921e-77,9.21444114691884e-75,0.5388768898488121,0.18488694539249148
Granulocyte precursor,MZT2B,18.520702,1.4961362,1.4058949171447716e-76,2.381585989643243e-74,0.6987041036717062,0.39691766211604096
Granulocyte precursor,TMEM258,18.502514,1.4917061,1.9706390839651762e-76,3.310673661061496e-74,0.7062634989200864,0.40587670648464164
Granulocyte precursor,FOS,18.446356,1.613871,5.578165201664533e-76,9.294503460609559e-74,0.8002159827213823,0.46267064846416384
Granulocyte precursor,MS4A6A,18.087572,2.7341619,3.9929073069642727e-73,6.441890455235693e-71,0.4427645788336933,0.09092363481228669
Granulocyte precursor,IQGAP1,18.060545,1.8517393,6.517525605858356e-73,1.0432146497314068e-70,0.5734341252699784,0.2314686433447099
Granulocyte precursor,H2AFV,18.008015,1.7607713,1.6856677618030034e-72,2.677051114213395e-70,0.5896328293736501,0.2565859641638225
Granulocyte precursor,HSPA5,17.968266,1.7926198,3.453478943834879e-72,5.3589557229217875e-70,0.5907127429805615,0.2723976109215017
Granulocyte precursor,DEK,17.958176,1.8334409,4.141930633992081e-72,6.378573176347805e-70,0.5658747300215983,0.22682913822525597
Granulocyte precursor,PKM,17.938538,1.7375349,5.898703842433727e-72,9.015703136014497e-70,0.5982721382289417,0.2582657849829352
Granulocyte precursor,PHPT1,17.770021,2.1220753,1.2064462141777441e-70,1.8166398993929765e-68,0.5,0.1698752133105802
Granulocyte precursor,RANBP1,17.66791,1.7695867,7.40911946856084e-70,1.1074454452713585e-67,0.5777537796976242,0.25250639931740615
Granulocyte precursor,PCNA,17.66123,2.6681802,8.340074844018998e-70,1.237496652768016e-67,0.4352051835853132,0.09950938566552901
Granulocyte precursor,SNRPE,17.583372,1.6026267,3.303351400754423e-69,4.865980237285211e-67,0.6241900647948164,0.30732721843003413
Granulocyte precursor,ATP5MF,17.445515,1.4768043,3.7234578465959e-68,5.445356194647587e-66,0.6771058315334774,0.3622013651877133
Granulocyte precursor,S100A6,17.173656,1.3092943,4.1822184749417197e-66,5.987051912578541e-64,0.8941684665226782,0.7193099402730375
Granulocyte precursor,NUDT1,17.027336,2.4351892,5.1496174259484296e-65,7.320379233194383e-63,0.43844492440604754,0.12190699658703072
Granulocyte precursor,C20orf27,17.01515,2.3341362,6.341107306584826e-65,8.951529814462245e-63,0.4470842332613391,0.12881292662116042
Granulocyte precursor,MINOS1,16.96621,1.6245971,1.4606127236263136e-64,2.0476783066121173e-62,0.5874730021598272,0.27618387372013653
Granulocyte precursor,LAMTOR4,16.960243,1.3209345,1.6167622520063235e-64,2.2357512284887444e-62,0.744060475161987,0.45584470989761094
Granulocyte precursor,TPM3,16.887234,1.3416715,5.5860555854083483e-64,7.672522833796007e-62,0.7008639308855291,0.4161689419795222
Granulocyte precursor,ROMO1,16.882141,1.7872864,6.08950115550168e-64,8.307877818056253e-62,0.5399568034557235,0.22904223549488054
Granulocyte precursor,SNHG25,16.871271,1.7729582,7.320467491339593e-64,9.920697544263417e-62,0.5464362850971922,0.24216083617747441
Granulocyte precursor,COX5A,16.83318,1.6011062,1.3941173612064376e-63,1.876795875404269e-61,0.5809935205183585,0.2653850255972696
Granulocyte precursor,NDUFA11,16.726007,1.4456689,8.473077727746574e-63,1.1331626582212656e-60,0.6393088552915767,0.34223016211604096
Granulocyte precursor,IFI27L2,16.64166,1.9586473,3.4783327740629893e-62,4.6214084072648663e-60,0.48596112311015116,0.16352922354948807
Granulocyte precursor,SSR4,16.604265,1.2245268,6.491007107345772e-62,8.568129381696418e-60,0.744060475161987,0.5030396757679181
Granulocyte precursor,ATOX1,16.585587,2.1602213,8.859722938746584e-62,1.1619383735409068e-59,0.45788336933045354,0.1485441552901024
Granulocyte precursor,HNRNPD,16.468172,1.9395541,6.211940096343913e-61,7.992172042941712e-59,0.4870410367170626,0.17947418941979523
Granulocyte precursor,MRPL23,16.359663,1.899782,3.711743203454405e-60,4.745428669171141e-58,0.49136069114470843,0.18688673208191126
Granulocyte precursor,SPI1,16.305557,1.9309983,9.01141626699489e-60,1.1449004367217007e-57,0.4632829373650108,0.13217256825938567
Granulocyte precursor,FCER1G,16.280235,1.6578606,1.3634262648985228e-59,1.721473857941439e-57,0.5669546436285097,0.2040848976109215
Granulocyte precursor,NDUFB7,16.250475,1.4452344,2.2164389011402946e-59,2.7812203692827104e-57,0.6209503239740821,0.3252453071672355
Granulocyte precursor,NUCB2,16.245306,1.9957452,2.411346972392109e-59,3.0072307518274104e-57,0.48488120950323976,0.19584577645051193
Granulocyte precursor,SEC61B,16.1314,1.37645,1.5350411277093448e-58,1.9027021978094856e-56,0.6317494600431965,0.35396224402730375
Granulocyte precursor,PRSS57,16.058926,4.3396997,4.9504686887731255e-58,6.062236596709644e-56,0.3390928725701944,0.03844923208191126
Granulocyte precursor,ANKRD28,16.012234,2.656576,1.0497298452095365e-57,1.277778939725716e-55,0.3930885529157667,0.08983041808873721
Granulocyte precursor,YWHAE,16.004686,1.7918103,1.1850921385312442e-57,1.4339614876228055e-55,0.5,0.18869987201365188
Granulocyte precursor,CAPG,15.99562,2.2366512,1.3708625055809412e-57,1.6489285806774775e-55,0.42548596112311016,0.11793408703071673
Granulocyte precursor,PDIA6,15.860086,1.8511993,1.1972970164396646e-56,1.4316855147167944e-54,0.48488120950323976,0.19232615187713312
Granulocyte precursor,CTSD,15.825347,1.6773479,2.08049538779696e-56,2.4732345171424917e-54,0.5323974082073434,0.22976215870307168
Granulocyte precursor,PSMB3,15.811416,1.4293398,2.595675807156185e-56,3.067726616736682e-54,0.6058315334773218,0.30975362627986347
Granulocyte precursor,PGAM1,15.789338,1.6851537,3.6842773986137613e-56,4.329132425376909e-54,0.519438444924406,0.2246160409556314
Granulocyte precursor,RNASEH2C,15.788666,1.9008099,3.7237140046163843e-56,4.350325188841486e-54,0.4708423326133909,0.17502133105802048
Granulocyte precursor,HNRNPA3,15.764131,1.3228294,5.49227897501149e-56,6.379831257373347e-54,0.6663066954643628,0.3893984641638225
Granulocyte precursor,RFLNB,15.759381,3.2439475,5.920997353044721e-56,6.838751942766653e-54,0.34773218142548595,0.043355375426621164
Granulocyte precursor,MIF,15.748534,1.4730935,7.0292000226879e-56,8.072857517581901e-54,0.5885529157667386,0.321965656996587
Granulocyte precursor,MCL1,15.703818,1.4619263,1.4240558130093882e-55,1.6263037397109464e-53,0.593952483801296,0.2866094283276451
Granulocyte precursor,RBX1,15.595494,1.47319,7.81161334237232e-55,8.871199777862824e-53,0.5755939524838013,0.27485068259385664
Granulocyte precursor,SPCS3,15.513112,1.9805844,2.828321195900862e-54,3.1941174039040397e-52,0.4470842332613391,0.15275703924914677
Granulocyte precursor,TIMM13,15.447018,1.8077339,7.901618489001898e-54,8.874259704112186e-52,0.47840172786177104,0.18877986348122866
Granulocyte precursor,NPC2,15.446353,1.4462414,7.983440661870568e-54,8.91688910848928e-52,0.5874730021598272,0.2865027730375427
Granulocyte precursor,SDF2L1,15.406164,2.1473985,1.487853569676686e-53,1.6527370144474136e-51,0.4287257019438445,0.14097162969283278
Granulocyte precursor,H2AFJ,15.331876,1.9735129,4.682645000359057e-53,5.1733047590923325e-51,0.44924406047516197,0.16374253412969283
Granulocyte precursor,CANX,15.318869,1.7605428,5.720465220657354e-53,6.285709027325551e-51,0.47840172786177104,0.19269944539249148
Granulocyte precursor,HSBP1,15.310839,2.0514634,6.472409852279316e-53,7.073717606297524e-51,0.43088552915766737,0.14315806313993173
Granulocyte precursor,TMEM160,15.264414,1.6294338,1.3200822375590823e-52,1.4350070441230493e-50,0.5161987041036717,0.23178860921501707
Granulocyte precursor,EIF4EBP1,15.239967,2.185546,1.9196664074345356e-52,2.075690357996236e-50,0.40928725701943847,0.1221203071672355
Granulocyte precursor,PFN1,15.215721,0.8030482,2.7813704160871823e-52,2.991518403080436e-50,0.9287257019438445,0.8243920648464164
Granulocyte precursor,NUCKS1,15.130929,1.5510625,1.012552039706062e-51,1.083324098060254e-49,0.5323974082073434,0.25253306313993173
Granulocyte precursor,LAMTOR2,15.125519,1.8389571,1.0993119492078372e-51,1.1699902253139747e-49,0.46220302375809935,0.18083404436860068
Granulocyte precursor,AC245014.3,15.110524,1.8856021,1.380365257278338e-51,1.4614617161434403e-49,0.47516198704103674,0.19213950511945393
Granulocyte precursor,P4HB,15.048223,1.5608445,3.5463268155501203e-51,3.735219249041599e-49,0.5226781857451404,0.24733361774744028
Granulocyte precursor,POMP,15.029518,1.2617555,4.7041401364869325e-51,4.9291629223972346e-49,0.6609071274298056,0.37718643344709896
Granulocyte precursor,NEAT1,14.90971,1.2278482,2.849883047261717e-50,2.970893465883907e-48,0.7483801295896328,0.4752293088737201
Granulocyte precursor,NDUFA3,14.8907,1.3066905,3.7877844746005594e-50,3.92847361222858e-48,0.6198704103671706,0.3469763225255973
Granulocyte precursor,AC084033.3,14.800858,2.4600587,1.4462607323655742e-49,1.4848276852286563e-47,0.37257019438444927,0.09217683447098976
Granulocyte precursor,NDUFA13,14.780435,1.4031183,1.958966509842743e-49,2.001099055883582e-47,0.5669546436285097,0.29426194539249145
Granulocyte precursor,TYMP,14.734498,1.536849,3.870633476230628e-49,3.9341118652408105e-47,0.4892008639308855,0.18014078498293515
Granulocyte precursor,MRPL33,14.675533,1.5157938,9.248498412286546e-49,9.353406752485618e-47,0.521598272138229,0.2460537542662116
Granulocyte precursor,PRDX5,14.6148615,1.4067476,2.2581194879872058e-48,2.272428363950689e-46,0.5572354211663066,0.27770371160409557
Granulocyte precursor,CALR,14.525704,1.46552,8.328205865969895e-48,8.339693046474681e-46,0.5680345572354212,0.32593856655290104
Granulocyte precursor,HSPB1,14.522733,1.6619213,8.697275367628889e-48,8.666579101625492e-46,0.48272138228941686,0.21741680887372014
Granulocyte precursor,HNRNPA2B1,14.455629,1.0070437,2.3100978366616193e-47,2.2907155523735316e-45,0.7980561555075594,0.5787649317406144
Granulocyte precursor,HMGN3,14.422489,1.4031119,3.7361929466412266e-47,3.686860690258391e-45,0.5518358531317494,0.27893024744027306
Granulocyte precursor,RPA3,14.360567,1.9954001,9.147538123418346e-47,8.98314758322938e-45,0.408207343412527,0.13531889931740615
Granulocyte precursor,SEM1,14.247253,1.565374,4.662607600912103e-46,4.556802274583713e-44,0.49136069114470843,0.22776237201365188
Granulocyte precursor,PSMA4,14.217846,1.352552,7.100536813643512e-46,6.906206332428005e-44,0.5647948164146869,0.2850629266211604
Granulocyte precursor,ATP5F1D,14.214988,1.0878252,7.396404478137264e-46,7.159719534836871e-44,0.7051835853131749,0.46512372013651876
Granulocyte precursor,SRSF9,14.202547,1.524036,8.834193316146792e-46,8.510970698134218e-44,0.49352051835853133,0.22490934300341298
Granulocyte precursor,PSAP,14.186754,1.241531,1.1066360297369246e-45,1.0611177930420852e-43,0.6123110151187905,0.32673848122866894
Granulocyte precursor,TYMS,14.1746,2.637499,1.315914780256165e-45,1.255864584650109e-43,0.34017278617710583,0.0673261518771331
Granulocyte precursor,CFL1,14.123834,0.80825174,2.708481102971317e-45,2.5608373888930663e-43,0.8801295896328294,0.7483201791808873
Granulocyte precursor,SNRPG,14.094796,1.3213744,4.088287097625315e-45,3.847532412987379e-43,0.572354211663067,0.2993280716723549
Granulocyte precursor,FLNA,14.080302,1.6094995,5.019447211828293e-45,4.702088613919149e-43,0.45680345572354214,0.17443472696245735
Granulocyte precursor,ATP5MG,14.048692,0.75397605,7.84697438902978e-45,7.317123641293457e-43,0.8801295896328294,0.7569592576791809
Granulocyte precursor,ENY2,13.966128,1.4675745,2.509004509792031e-44,2.3289061038836715e-42,0.49892008639308855,0.23106868600682595
Granulocyte precursor,CAPNS1,13.941347,2.0513039,3.55172850070378e-44,3.2817971346502926e-42,0.38444924406047515,0.11785409556313993
Granulocyte precursor,VCAN,13.880427,1.9241703,8.324558640924726e-44,7.588413814023221e-42,0.39956803455723544,0.11598762798634812
Granulocyte precursor,SET,13.808096,1.204942,2.2777166254227315e-43,2.0670278375711288e-41,0.6198704103671706,0.3546555034129693
Granulocyte precursor,OSTC,13.801053,1.5373651,2.511577368127191e-43,2.2691264328573126e-41,0.47300215982721383,0.21368387372013653
Granulocyte precursor,TALDO1,13.797238,1.4653054,2.6480299454873823e-43,2.3818209173392704e-41,0.49136069114470843,0.2226962457337884
Granulocyte precursor,UBL5,13.768892,1.0827473,3.921804702907526e-43,3.512002026462739e-41,0.6879049676025918,0.4425127986348123
Granulocyte precursor,ANP32E,13.669802,1.8547661,1.538131553043668e-42,1.3713657109768281e-40,0.4114470842332613,0.15627666382252559
Granulocyte precursor,IGFBP7,13.643959,2.5451415,2.1932204983534768e-42,1.946890231027488e-40,0.3282937365010799,0.06559300341296928
Granulocyte precursor,TAGLN2,13.6143675,1.1480659,3.289835945344897e-42,2.90764283030309e-40,0.6349892008639308,0.3820125853242321
Granulocyte precursor,UQCR11,13.5770855,0.9655116,5.476282423592406e-42,4.8191285327613166e-40,0.7591792656587473,0.5550607935153583
Granulocyte precursor,NDUFB9,13.55453,1.1727074,7.448744329139817e-42,6.526641151842853e-40,0.6295896328293736,0.3625213310580205
Granulocyte precursor,NDUFA2,13.499537,1.2668345,1.5736067063282284e-41,1.3728874303107393e-39,0.5475161987041036,0.2846096416382253
Granulocyte precursor,DDT,13.48087,1.32972,2.027014173993566e-41,1.760903595253898e-39,0.5248380129589633,0.2683180460750853
Granulocyte precursor,TMSB4X,13.44358,0.59741944,3.357926118466637e-41,2.904677537710204e-39,0.9978401727861771,0.9785889505119454
Granulocyte precursor,TIMM8B,13.335949,1.7464978,1.4302224758997696e-40,1.226732594518587e-38,0.4060475161987041,0.15190379692832764
Granulocyte precursor,TMSB10,13.32808,0.48926163,1.5893598174179987e-40,1.3575002675829024e-38,0.9859611231101512,0.9795488481228669
Granulocyte precursor,RNF130,13.274432,1.7950404,3.2573171581589772e-40,2.770491346906096e-38,0.3930885529157667,0.1356122013651877
Granulocyte precursor,SUMO3,13.209817,1.41203,7.70113484849292e-40,6.495795402496435e-38,0.48272138228941686,0.23197525597269625
HSPC,NPM1,43.35493,2.1490793,0.0,0.0,0.9979445015416238,0.7594308140000534
HSPC,STMN1,41.72338,4.0401483,0.0,0.0,0.9280575539568345,0.15471073497610593
HSPC,HNRNPA1,41.695595,1.8432934,0.0,0.0,0.998972250770812,0.8239314413861227
HSPC,SOX4,41.61863,4.2248054,0.0,0.0,0.8828365878725591,0.09197212804015271
HSPC,HSP90AB1,41.553024,2.8318675,0.0,0.0,0.9856115107913669,0.4572176095255893
HSPC,PRSS57,40.78744,5.870173,0.0,0.0,0.7903391572456321,0.026350214913100356
HSPC,H2AFY,39.69718,3.2059133,0.0,0.0,0.94655704008222,0.25293002643030676
HSPC,AC084033.3,38.237724,4.1083055,0.0,0.0,0.8016443987667009,0.08067917879168113
HSPC,HMGA1,38.04178,3.337101,0.0,0.0,0.8920863309352518,0.16664441893371065
HSPC,ENO1,38.029858,2.9034853,0.0,0.0,0.9455292908530318,0.3413781135702272
HSPC,IMPDH2,37.8333,3.443527,0.0,0.0,0.8489208633093526,0.12998905411538564
HSPC,ANKRD28,37.640842,4.0156193,4.61940941133707e-310,7.223334962589224e-307,0.7923946557040082,0.07907734201884828
HSPC,PRDX1,37.595345,3.1942196,2.561075055195806e-309,3.71868098014431e-306,0.8890030832476875,0.21817016845983395
HSPC,NUCB2,37.54326,3.19038,1.814987323415764e-308,2.4596708206930434e-305,0.8910585817060637,0.18493205542355234
HSPC,CDK6,37.503296,4.278694,8.138606661268919e-308,1.0340099763142161e-304,0.7677286742034943,0.0655151240088635
HSPC,SERPINB1,37.476074,3.1980653,2.2598065670647364e-307,2.702196935017174e-304,0.8961973278520041,0.20954694716608377
HSPC,EBPL,37.15341,3.4528224,3.8619101982610506e-302,4.3613839172361465e-299,0.8221993833504625,0.10852444135942547
HSPC,FAM30A,36.973785,4.603482,3.0215566434012597e-299,3.232747549845306e-296,0.7461459403905447,0.046426569132605386
HSPC,BEX3,36.915413,3.8031542,2.6153880221677595e-298,2.6582803857313104e-295,0.7831449126413155,0.07937101209386764
HSPC,GAPDH,36.832687,2.3157911,5.537138665476916e-297,5.3599502281816544e-294,0.9979445015416238,0.7123902074378621
HSPC,HINT1,35.77581,1.8570821,2.626654908398344e-280,2.3215061294748495e-277,0.9928057553956835,0.6910056865205435
HSPC,SPINK2,35.242855,6.547086,4.414214473581568e-272,3.738839659123588e-269,0.6742034943473793,0.019248738553541395
HSPC,TXN,34.71663,2.7324717,4.421153407335633e-264,3.59492825857275e-261,0.9229188078108942,0.2573350775555971
HSPC,TUBA1B,34.649654,3.0415974,4.5210356600505284e-263,3.534754342211813e-260,0.920863309352518,0.2971941159195878
HSPC,YWHAE,34.41046,2.8298223,1.758727693345081e-259,1.3241265389006965e-256,0.8705035971223022,0.17868489200950424
HSPC,TUBB,34.35105,2.9554985,1.3584411269181193e-258,9.862282581425546e-256,0.8869475847893115,0.21739594735296472
HSPC,LDHB,34.23195,2.3216362,8.096356439426935e-257,5.6752666793334734e-254,0.9722507708119219,0.479990388979363
HSPC,HSPD1,34.170017,2.9883237,6.744353137421045e-256,4.5699736859165e-253,0.8314491264131552,0.15361614651467015
HSPC,TALDO1,34.151207,2.752661,1.2830626947718114e-255,8.413580148168188e-253,0.8848920863309353,0.21213658328216356
HSPC,IGFBP7,33.552395,3.7977157,8.306782055189358e-247,4.9664784005261546e-244,0.6988694758478932,0.055637130576394266
HSPC,FABP5,33.390793,3.5756001,1.8650441817571312e-244,1.0832176607645418e-241,0.7255909558067831,0.08692634220572924
HSPC,CAT,33.18457,3.025003,1.7975487644509496e-241,1.0150158689933028e-238,0.7831449126413155,0.13204474464052113
HSPC,EGFL7,33.08831,5.293427,4.3769204296726895e-240,2.4047037430915253e-237,0.6433710174717369,0.028352510879141417
HSPC,DDAH2,32.95658,3.4276962,3.404960586313842e-238,1.8214747052259942e-235,0.710174717368962,0.06992017513415383
HSPC,APEX1,32.86259,2.6583264,7.528262199628051e-237,3.9239618972830517e-234,0.8376156217882836,0.17537442934564967
HSPC,BTF3,32.629536,1.3925751,1.5636776107178224e-233,7.752789870895584e-231,0.9948612538540597,0.8101022505806659
HSPC,SNRPE,32.01449,2.4163988,6.855306733165474e-225,3.3179684588520894e-222,0.9270298047276464,0.29906292548789276
HSPC,BZW2,31.979013,3.3346572,2.1351865119902229e-224,1.0093970096683082e-221,0.6916752312435765,0.0802520223189257
HSPC,CYTL1,31.883612,5.2691107,4.50534558193908e-223,2.081469658855855e-220,0.6207605344295992,0.026590490429025282
HSPC,HMGB1,31.740896,1.945093,4.2405384447790775e-221,1.8739492501188932e-218,0.9917780061664954,0.6825426489040767
HSPC,ANP32B,31.733091,2.2932107,5.433556517306417e-221,2.3500709975277624e-218,0.9496402877697842,0.37771311103398564
HSPC,SMIM24,31.615732,6.503098,2.2444288522099898e-219,9.505156189109307e-217,0.6022610483042138,0.008623221293750167
HSPC,DUT,31.511017,2.5553682,6.136886384414478e-218,2.545931151477092e-215,0.8746145940390545,0.23934111114077475
HSPC,GSTP1,31.431236,2.3765824,7.576457529579827e-217,3.0802845732259746e-214,0.9558067831449126,0.3993112101876819
HSPC,EEF1B2,31.425688,1.4615569,9.021338681070047e-217,3.5957994648782726e-214,0.9979445015416238,0.8190191419494354
HSPC,ACTG1,31.27792,2.03701,9.317758478880132e-215,3.6425268145899095e-212,0.9845837615621789,0.6326454334303334
HSPC,ESD,31.248693,2.4145484,2.325611562432686e-214,8.919817328515404e-212,0.8571428571428571,0.20669033825453187
HSPC,CCT8,30.953762,2.394258,2.2610854741342404e-210,8.511730651518674e-208,0.8550873586844809,0.20271244360199694
HSPC,NME1,30.705423,2.8332098,4.8178479774146944e-207,1.780676612452471e-204,0.7286742034943474,0.1198974824465387
HSPC,MSI2,30.360245,3.0027122,1.8403618954121134e-202,6.680513680345972e-200,0.6803699897225077,0.08703313132391809
HSPC,AIF1,30.303864,2.4907842,1.0195543295480093e-201,3.636052703693322e-199,0.9013360739979445,0.26691940091304694
HSPC,ITM2C,30.1997,3.343872,2.3901764380955637e-200,8.377156316139073e-198,0.6608427543679343,0.07768908348239315
HSPC,CCT2,30.046682,2.5651698,2.4124602224693404e-198,8.311947695314703e-196,0.7543679342240494,0.13826521077502202
HSPC,SLC25A5,30.040787,2.244494,2.8804648647657815e-198,9.759014961826467e-196,0.9064748201438849,0.325519929519182
HSPC,OSTC,30.020811,2.3190603,5.251405135449977e-198,1.7500092392365102e-195,0.829393627954779,0.20410070213845208
HSPC,SCCPDH,30.008057,3.3885782,7.70399881932422e-198,2.5259175483745605e-195,0.6392600205549845,0.06663640974984648
HSPC,SYPL1,29.98115,2.4376395,1.728319157203316e-197,5.576709813909366e-195,0.762589928057554,0.1544437621806338
HSPC,CLNS1A,29.820187,2.3330266,2.13882186182133e-195,6.7934329386099995e-193,0.7975334018499486,0.17681608244119923
HSPC,NASP,29.800947,2.719457,3.797684254655524e-195,1.1876819312098075e-192,0.7266187050359713,0.1305229997063299
HSPC,COMT,29.596466,2.6489584,1.6592437743498466e-192,5.110470824997527e-190,0.697841726618705,0.11071361828229703
HSPC,H2AFZ,29.309397,2.3710654,7.872502005374134e-189,2.3885406084364983e-186,0.8828365878725591,0.3101689937795339
HSPC,TSC22D1,29.291712,3.9679508,1.3225693336260038e-188,3.953704325580795e-186,0.5971223021582733,0.04661345008943588
HSPC,CLIC1,29.183502,2.1366735,3.1407587289264854e-187,9.252948324872116e-185,0.9527235354573484,0.37656512801345543
HSPC,PDIA6,28.929752,2.3306463,5.045493131861554e-184,1.4652112054925952e-181,0.7790339157245632,0.1843180179939664
HSPC,HDAC2,28.895922,2.7001362,1.3434732977540488e-183,3.846496506583705e-181,0.68448098663926,0.10999279173452225
HSPC,NAP1L1,28.713568,1.7020199,2.5832784706466e-181,7.293456215458902e-179,0.9886947584789312,0.6309368075393117
HSPC,H3F3A,28.661766,1.4771798,1.143767427856596e-180,3.1850005854066967e-178,0.9969167523124358,0.7994500360413274
HSPC,TKT,28.627487,2.0924072,3.057067030305254e-180,8.397845755681784e-178,0.8766700924974307,0.25597351629868914
HSPC,SNRPD1,28.600763,2.165417,6.573620665994031e-180,1.781714145311022e-177,0.880781089414183,0.2732733534452839
HSPC,MEST,28.592867,4.639318,8.24107557393682e-180,2.204270845618259e-177,0.5642343268242549,0.02928691566329391
HSPC,BCL11A,28.580166,2.7511804,1.1854118970181345e-179,3.129487408127875e-177,0.6536485097636177,0.09448167231759083
HSPC,OLA1,28.469234,2.4295602,2.816876585130516e-178,7.341213746478607e-176,0.7050359712230215,0.1293750166857997
HSPC,SPINT2,28.454304,2.3693826,4.310913346089957e-178,1.1092689430293247e-175,0.7153134635149023,0.13861227540913582
HSPC,RANBP1,28.407309,2.2433197,1.6425907672804974e-177,4.1738231396597436e-175,0.829393627954779,0.24556157727527564
HSPC,SERBP1,28.40276,2.119755,1.8695154354134833e-177,4.691791329763616e-175,0.9033915724563206,0.30103852417438665
HSPC,CCT4,28.264496,2.2074785,9.444977449705043e-176,2.3414329463122453e-173,0.7882836587872559,0.18947059294657875
HSPC,VAMP8,28.240807,2.0671625,1.8459527254904525e-175,4.521027349851797e-173,0.9270298047276464,0.3391355420882612
HSPC,PEBP1,28.236353,2.0673862,2.0936576243024067e-175,5.066651450811824e-173,0.9095580678314491,0.3157487252049016
HSPC,ATP5F1B,28.161911,2.1731067,1.7129065001217598e-174,4.0964662746441335e-172,0.8581706063720452,0.27132445203833727
HSPC,RAN,28.100935,2.1403923,9.541491517205128e-174,2.255342320485417e-171,0.8756423432682425,0.3051232079451104
HSPC,CD164,28.071587,2.128361,2.178026997724129e-173,5.089072736751275e-171,0.8252826310380267,0.24628240382305044
HSPC,ZNF22,28.062244,2.4506993,2.831998668086611e-173,6.541916923280071e-171,0.6690647482014388,0.10809728488667004
HSPC,PARP1,27.981083,2.3827994,2.760860705090672e-172,6.235864045898131e-170,0.7040082219938335,0.13455428891795926
HSPC,SLC25A3,27.97218,2.0445685,3.5428213460737783e-172,7.914117837690962e-170,0.9136690647482014,0.34343380409536267
HSPC,IGLL1,27.943438,4.496699,7.92127168082042e-172,1.7502566383447554e-169,0.566289825282631,0.03903142269802707
HSPC,NONO,27.932716,2.0906575,1.069137538518366e-171,2.3369277293549835e-169,0.7831449126413155,0.18773526977600982
HSPC,RNASEH2B,27.931583,2.3153875,1.10355098925118e-171,2.3864877137763815e-169,0.7297019527235354,0.1532957791601036
HSPC,HSBP1,27.815464,2.2804713,2.8200806858776177e-170,6.034378966581075e-168,0.7009249743062693,0.1357823637771311
HSPC,C1QBP,27.621834,2.1371791,6.084416458978062e-168,1.2883751851886048e-165,0.8242548818088387,0.23213284566302694
HSPC,HMGN1,27.600227,1.8647668,1.105753082721479e-167,2.317293676862085e-165,0.9743062692702981,0.49536802199855834
HSPC,GGCT,27.597086,2.90957,1.2060122485495008e-167,2.5016139784198216e-165,0.6166495375128469,0.08337560402594976
HSPC,NAA38,27.55032,2.1707075,4.386531813104752e-167,9.007011989575091e-165,0.8006166495375129,0.23079798168566623
HSPC,NCL,27.523876,2.0392375,9.094720969010607e-167,1.8487748785804763e-164,0.9095580678314491,0.3508556478094882
HSPC,HSP90AA1,27.522259,1.912782,9.50922679324421e-167,1.9138966559709735e-164,0.9640287769784173,0.5184878660864458
HSPC,SRP9,27.514832,2.073054,1.1668359293503132e-166,2.3254353697875655e-164,0.8478931140801644,0.2533037883439678
HSPC,LDHA,27.458738,2.02962,5.463900240004155e-166,1.0783511075612084e-163,0.8859198355601233,0.3513895934004325
HSPC,ATP5F1C,27.336006,2.0355356,1.5841182245537303e-164,3.09634185276233e-162,0.8561151079136691,0.2502069039164909
HSPC,NREP,27.21586,4.296156,4.215981588537918e-163,8.162140355409408e-161,0.5447070914696814,0.035053528045492166
HSPC,DEK,27.213884,2.0916507,4.449378161523865e-163,8.532732006363881e-161,0.8088386433710175,0.22009237258723335
HSPC,COX5A,27.18976,2.0593011,8.58349424395902e-163,1.630703467207467e-160,0.8561151079136691,0.2578423258669941
HSPC,VDAC1,27.152529,2.117848,2.3637588356785637e-162,4.4491194084883185e-160,0.7605344295991778,0.1888031609578984
HSPC,QARS,27.09297,2.2418857,1.191563438060253e-161,2.2222111531090663e-159,0.6885919835560124,0.13559548282030062
HSPC,AKR1A1,27.067034,2.4193187,2.407476343649704e-161,4.4490162830646534e-159,0.6557040082219938,0.1146114210961903
HSPC,EEF2,27.044476,1.3939192,4.435813271472835e-161,8.123532629054035e-159,0.9886947584789312,0.7524361267586833
HSPC,PAICS,27.00135,3.079185,1.424884079583572e-160,2.586164604444183e-158,0.590955806783145,0.06749072269535734
HSPC,CDK4,26.99492,2.9119086,1.6954435429129244e-160,3.0499979062242416e-158,0.6063720452209661,0.07683477053688229
HSPC,PRDX6,26.94805,1.9713677,6.012522391258515e-160,1.0721276769254658e-157,0.9003083247687564,0.30482953787009104
HSPC,ZFAS1,26.93513,1.7844652,8.519905764360242e-160,1.506022994590565e-157,0.9732785200411099,0.5597618602664388
HSPC,CLTA,26.92998,2.0713828,9.789412861142153e-160,1.71551021242498e-157,0.7451181911613566,0.1703553407907734
HSPC,HPRT1,26.878288,2.3837748,3.940637273010913e-159,6.846604656903063e-157,0.6680369989722508,0.12056491443521905
HSPC,YBX3,26.86219,2.149865,6.077020972636019e-159,1.0468956129808897e-156,0.7009249743062693,0.14042769041834638
HSPC,YBX1,26.720526,1.4788352,2.718232887908529e-157,4.6433813567566865e-155,0.9886947584789312,0.7270737111888299
HSPC,NME4,26.71191,2.3927124,3.422881322174764e-157,5.79836095976405e-155,0.6628982528263104,0.1127159142483381
HSPC,LSM2,26.705698,2.1095493,4.041622459432462e-157,6.789925731846537e-155,0.71120246659815,0.15212109886002617
HSPC,ATP5F1A,26.702717,2.009941,4.377017383029732e-157,7.29311552149413e-155,0.8622816032887975,0.27612996235683585
HSPC,PCLAF,26.607487,3.15776,5.560751123350217e-156,9.190158441907578e-154,0.5971223021582733,0.07881036922337614
HSPC,HSPB1,26.60524,2.0858839,5.903523822707093e-156,9.677970344192724e-154,0.7667009249743063,0.20970713084336706
HSPC,PTMA,26.527363,0.7163071,4.687114531931137e-155,7.622373136407692e-153,1.0,0.9877459486878287
HSPC,ILF2,26.507616,2.1633759,7.91853122011101e-155,1.2775230368445762e-152,0.710174717368962,0.1533224764396508
HSPC,RNF130,26.483227,2.28752,1.512416575381404e-154,2.4208192239648173e-152,0.6649537512846866,0.1282270336652695
HSPC,MYL6B,26.4725,3.208522,2.0100418820257847e-154,3.1921977638921995e-152,0.5621788283658787,0.058226766692474036
HSPC,TIMM13,26.421026,2.0509443,7.856939706475652e-154,1.2285836181018235e-151,0.7543679342240494,0.1812478308460368
HSPC,NUCKS1,26.419092,1.9960074,8.269605630304013e-154,1.2832407881894656e-151,0.817060637204522,0.24478735616840644
HSPC,TCEAL4,26.377579,2.8431122,2.4780483699402495e-153,3.816194489707984e-151,0.5827338129496403,0.0696798996182289
HSPC,CD34,26.357754,7.0063457,4.182686146017314e-153,6.392905562123305e-151,0.4984583761562179,0.004138078329818192
HSPC,KHDRBS1,26.329466,1.9178833,8.821577545786476e-153,1.33172094422806e-150,0.8088386433710175,0.22612595776490377
HSPC,AMD1,26.32937,2.0085256,8.844073567039949e-153,1.33172094422806e-150,0.7327852004110997,0.17438663000240276
HSPC,STOML2,26.322079,2.2443557,1.0718493016900012e-152,1.602099456231937e-150,0.6742034943473793,0.12948180580398858
HSPC,PA2G4,26.177097,1.9918919,4.845321119264453e-151,7.189466256380131e-149,0.8314491264131552,0.25442507408495074
HSPC,EIF3L,26.123005,1.7661775,1.9977550712768243e-150,2.9427800789069046e-148,0.9527235354573484,0.470139092826441
HSPC,EIF3E,26.063463,1.4694493,9.46777589972302e-150,1.3846111402127306e-147,0.9835560123329907,0.7172491123154551
HSPC,YWHAQ,25.95208,1.9211478,1.7225999501652468e-148,2.5012151276399383e-146,0.8406988694758479,0.2551459006327255
HSPC,PPIA,25.942198,1.6209881,2.2269945473384393e-148,3.210662777184099e-146,0.9784172661870504,0.6253303788343968
HSPC,CCT6A,25.898897,2.0904396,6.85285834356467e-148,9.810204535773423e-146,0.696813977389517,0.1433109966094455
HSPC,NPM3,25.869871,2.672238,1.4543419893946115e-147,2.0674030741548013e-145,0.591983556012333,0.08631230477614331
HSPC,IDH2,25.808073,2.2213516,7.197299093916938e-147,1.0160187220912743e-144,0.6793422404933196,0.1415756734388766
HSPC,CCT3,25.788746,2.0205095,1.185871321864652e-146,1.662509809025148e-144,0.7297019527235354,0.17377259257281683
HSPC,PSMA4,25.779284,1.9231502,1.514128372468629e-146,2.1081644901056365e-144,0.8499486125385406,0.27730464265691324
HSPC,NDUFS4,25.742159,2.0508356,3.945763486924327e-146,5.456427221918213e-144,0.6742034943473793,0.14136209520249887
HSPC,MRPL57,25.701342,1.8843845,1.1292283794564586e-145,1.5406009729926773e-143,0.7810894141829393,0.21133566489574712
HSPC,NHP2,25.611883,1.9113605,1.124790369349569e-144,1.5243159085425357e-142,0.7923946557040082,0.22548522305577062
HSPC,TMEM14C,25.591272,2.1248763,1.9080178009133678e-144,2.5686215799315854e-142,0.6742034943473793,0.13642309848626424
HSPC,ARMH1,25.520388,2.6328528,1.1709059712835187e-143,1.5659326700165374e-141,0.590955806783145,0.08220092372587233
HSPC,UQCRH,25.508274,1.7319285,1.5957104880164904e-143,2.1201047581960273e-141,0.9609455292908531,0.49875857650105454
HSPC,PRMT1,25.495346,2.1167586,2.2200490826506084e-143,2.930464789098803e-141,0.6618705035971223,0.13506153722935632
HSPC,LAPTM4A,25.4404,1.7494375,9.016373192131583e-143,1.1824828016106505e-140,0.8232271325796505,0.24812451611180822
HSPC,SERPINB6,25.42577,2.2584636,1.308783884941523e-142,1.7054460777622616e-140,0.6197327852004111,0.09869984248605067
HSPC,RBBP4,25.389534,1.98622,3.290929460986155e-142,4.261020005281946e-140,0.7009249743062693,0.1610646875083429
HSPC,GDI2,25.387339,1.831685,3.4799848748731205e-142,4.477286869393721e-140,0.8663926002055499,0.282884374082281
HSPC,HNRNPR,25.373081,1.8972828,5.000048711195648e-142,6.392515106992775e-140,0.7646454265159301,0.2043142803748298
HSPC,UQCRC2,25.358316,1.8684635,7.275592627970527e-142,9.243640433836554e-140,0.7482014388489209,0.1927810556104333
HSPC,SEM1,25.349628,1.8514,9.071744631769208e-142,1.1454063656807731e-139,0.7862281603288798,0.2197720052326668
HSPC,RBMX,25.342213,1.8422072,1.0950795626800464e-141,1.3741220586518509e-139,0.8530318602261048,0.28208345569586457
HSPC,CCT7,25.298502,2.0341382,3.3177380121831896e-141,4.137606031390177e-139,0.68448098663926,0.1506794457644766
HSPC,CCNB1IP1,25.292274,3.007002,3.8848581864565313e-141,4.815329098432218e-139,0.5467625899280576,0.05894759324024882
HSPC,HNRNPAB,25.276875,2.4769282,5.737669731991077e-141,7.068809109813008e-139,0.6073997944501541,0.09821929145420082
HSPC,PRDX3,25.267143,2.359553,7.340129714675171e-141,8.988563665055232e-139,0.6166495375128469,0.10604159436153456
HSPC,EID1,25.249329,1.8149027,1.1519532908494207e-140,1.4022099698435342e-138,0.9054470709146968,0.33638572229489816
HSPC,PHB,25.229826,2.0820222,1.8860249553219569e-140,2.2820901959395678e-138,0.6700924974306269,0.14000053394559095
HSPC,SET,25.178236,1.8176246,6.936492267452132e-140,8.34349200075544e-138,0.9013360739979445,0.3470112395546894
HSPC,RTN3,25.139673,2.0863128,1.832941237246645e-139,2.1917664394558704e-137,0.6382322713257965,0.1267052887310783
HSPC,ATP5MC2,25.126158,1.4309102,2.575756295754584e-139,3.0619867824619408e-137,0.9907502569373073,0.6851322850201564
HSPC,RTRAF,25.060133,1.8180953,1.353853748206018e-138,1.6000662205541823e-136,0.894141829393628,0.3214352457484582
HSPC,SEPT6,25.02559,1.7848234,3.2199217094762736e-138,3.783501069955704e-136,0.7954779033915724,0.2237498998852017
HSPC,H2AFV,25.008198,1.8515882,4.978808303024927e-138,5.81662156229257e-136,0.817060637204522,0.25026029847558534
HSPC,PNN,24.981977,1.7915587,9.598230103625633e-138,1.1149304088371535e-135,0.8108941418293937,0.24238460100915718
HSPC,HIST1H4C,24.953074,2.3215523,1.9774714846750088e-137,2.283979564799635e-135,0.6351490236382322,0.12865419013802493
HSPC,DARS,24.948244,2.2361584,2.2311419844813157e-137,2.562409845228033e-135,0.6145940390544707,0.11362362175294337
HSPC,MGST1,24.922607,2.7186267,4.2326523541350757e-137,4.833784104205496e-135,0.5683453237410072,0.07939770937341485
HSPC,CANX,24.900982,1.8534867,7.26020981129013e-137,8.245002516419317e-135,0.7276464542651593,0.18586646020770484
HSPC,TCP1,24.886177,2.0685244,1.0501821122251504e-136,1.1860056654062698e-134,0.6546762589928058,0.13223162559735163
HSPC,SUMO2,24.868921,1.623323,1.6143772608329875e-136,1.8130972905090037e-134,0.9671120246659815,0.5432362442267133
HSPC,GSTO1,24.864313,1.8402601,1.810671912425195e-136,2.0223812437241408e-134,0.7307297019527236,0.1854393037349494
HSPC,GCSH,24.863003,3.0784934,1.870710021122447e-136,2.0780214923156887e-134,0.5344295991778006,0.058200069412926825
HSPC,TCEAL8,24.8605,2.2417884,1.991073759870257e-136,2.199703662534923e-134,0.6032887975334018,0.10590810796379849
HSPC,CCNG1,24.848331,1.8468173,2.6954954051553494e-136,2.961839491675565e-134,0.7142857142857143,0.18114104172784792
HSPC,BANF1,24.813332,1.852514,6.4370125520322096e-136,7.035031782672622e-134,0.7348406988694759,0.18701444322823504
HSPC,NDUFB5,24.770855,1.7982764,1.848328505256605e-135,2.009241810420121e-133,0.7091469681397738,0.17534773206610246
HSPC,SNHG19,24.73748,2.9433334,4.228328432882259e-135,4.57199257359737e-133,0.5405960945529291,0.06594228048161892
HSPC,ARL2,24.724197,2.3985763,5.875776239904359e-135,6.3197237780304656e-133,0.5899280575539568,0.0993138799156366
HSPC,CBX3,24.720951,1.8022481,6.367585485475104e-135,6.8126461973019955e-133,0.7985611510791367,0.23274688309261285
HSPC,SPN,24.694979,2.2029123,1.2109272044896742e-134,1.2887815818254501e-132,0.6238437821171634,0.12390207437862082
HSPC,BEX4,24.662369,2.2773678,2.7114279978502747e-134,2.870724392723979e-132,0.5971223021582733,0.10425287663187122
HSPC,MORF4L2,24.633743,2.1032498,5.497076996148236e-134,5.789874672419759e-132,0.6300102774922919,0.12550391115145368
HSPC,NENF,24.608566,1.946187,1.0227521494232256e-133,1.0716755512100684e-131,0.6752312435765673,0.15924927249913234
HSPC,MRPL16,24.58916,2.4411478,1.6497996482140526e-133,1.719852679430526e-131,0.5745118191161357,0.09117120965373629
HSPC,ATP5PF,24.56782,1.7944436,2.790017529061597e-133,2.8936467515695987e-131,0.8890030832476875,0.3070187147929626
HSPC,LSM7,24.506824,1.7582314,1.249309789625991e-132,1.2891355027166064e-130,0.9188078108941419,0.37224016872680676
HSPC,TYMS,24.479742,3.321544,2.4279041040508548e-132,2.492648213492211e-130,0.5292908530318602,0.06207117494727287
HSPC,MGST2,24.422007,2.601352,9.985202072556535e-132,1.0199959182458758e-129,0.5560123329907503,0.08049229783485062
HSPC,ATP5MC3,24.399426,1.8393124,1.7343775840578355e-131,1.762821376436384e-129,0.8663926002055499,0.3207411164802307
HSPC,RSL1D1,24.39245,1.7305702,2.0566899210568676e-131,2.080019538071841e-129,0.8869475847893115,0.3223429532530635
HSPC,FKBP3,24.333376,2.116393,8.694992576008908e-131,8.706985669217197e-129,0.6176772867420349,0.12200656753076862
HSPC,CALR,24.270756,1.8013157,3.992870291466965e-130,3.9787778080853174e-128,0.841726618705036,0.31852524227781187
HSPC,TPI1,24.246815,1.8046082,7.1441131182217425e-130,7.084172266693248e-128,0.8643371017471737,0.34191205916117146
HSPC,THOC7,24.241035,1.7206995,8.220590146063991e-130,8.112046431514021e-128,0.7348406988694759,0.19350188215820807
HSPC,HADHA,24.222225,1.7708943,1.297715245165739e-129,1.2743939856873982e-127,0.7440904419321686,0.20548896067490724
HSPC,RPN2,24.220236,2.0445554,1.3619214590936566e-129,1.3310163182911466e-127,0.6464542651593012,0.14603411912326134
HSPC,MYB,24.204874,3.6616035,1.976759533480284e-129,1.922658746248192e-127,0.49743062692702983,0.042421977200523264
HSPC,PSMA2,24.192024,1.7747687,2.6991307796207256e-129,2.6127585946728625e-127,0.7461459403905447,0.20666364097498466
Monocyte classical,S100A9,112.62875,9.405028,0.0,0.0,0.9972166998011929,0.10239520958083832
Monocyte classical,S100A8,111.94234,9.429549,0.0,0.0,0.9960238568588469,0.08904191616766467
Monocyte classical,FTL,109.37338,3.26236,0.0,0.0,1.0,0.9463173652694611
Monocyte classical,LYZ,108.58427,8.503061,0.0,0.0,0.9998011928429423,0.11488023952095808
Monocyte classical,S100A6,108.1236,3.8718183,0.0,0.0,0.9960238568588469,0.6824850299401197
Monocyte classical,TYROBP,103.9143,5.840272,0.0,0.0,0.9703777335984095,0.16610778443113772
Monocyte classical,S100A4,102.711296,3.7988715,0.0,0.0,0.9944333996023856,0.6093413173652694
Monocyte classical,CST3,99.09122,5.8455005,0.0,0.0,0.9423459244532804,0.14350299401197605
Monocyte classical,LGALS1,99.057495,5.224116,0.0,0.0,0.9526838966202783,0.22553892215568863
Monocyte classical,S100A12,98.43887,8.504473,0.0,0.0,0.8675944333996024,0.024191616766467066
Monocyte classical,FCN1,98.245155,6.8173785,0.0,0.0,0.8842942345924454,0.046347305389221556
Monocyte classical,LST1,94.40476,5.286158,0.0,0.0,0.8882703777335984,0.1241317365269461
Monocyte classical,SRGN,92.50823,3.495587,0.0,0.0,0.9652087475149106,0.5386526946107785
Monocyte classical,NEAT1,91.30449,3.7876456,0.0,0.0,0.9127236580516899,0.41691616766467066
Monocyte classical,CSTA,91.19131,6.0018387,0.0,0.0,0.831013916500994,0.05796407185628742
Monocyte classical,FOS,87.66831,3.8615742,0.0,0.0,0.9135188866799204,0.4041317365269461
Monocyte classical,AIF1,87.37603,4.4088683,0.0,0.0,0.8572564612326043,0.19649700598802394
Monocyte classical,VCAN,86.45691,7.0444803,0.0,0.0,0.7687872763419483,0.025538922155688624
Monocyte classical,FTH1,86.05858,2.0724993,0.0,0.0,0.983300198807157,0.9525149700598803
Monocyte classical,CTSS,85.97205,4.2631464,0.0,0.0,0.836182902584493,0.23502994011976047
Monocyte classical,ACTB,84.407166,1.6250212,0.0,0.0,0.9970178926441352,0.9584730538922156
Monocyte classical,CYBA,84.37661,2.5306065,0.0,0.0,0.9558648111332008,0.6770059880239521
Monocyte classical,PSAP,80.60818,3.736772,0.0,0.0,0.8137176938369781,0.2613173652694611
Monocyte classical,S100A11,80.2348,4.3462973,0.0,0.0,0.7817097415506958,0.15290419161676647
Monocyte classical,TSPO,80.083176,3.2040045,0.0,0.0,0.83220675944334,0.35706586826347303
Monocyte classical,VIM,79.7561,2.855095,0.0,0.0,0.8966202783300199,0.49137724550898204
Monocyte classical,SAT1,79.3643,3.4223397,0.0,0.0,0.852286282306163,0.37206586826347304
Monocyte classical,FCER1G,78.18304,4.341811,0.0,0.0,0.7860834990059642,0.12649700598802396
Monocyte classical,GAPDH,76.466286,2.2594755,0.0,0.0,0.9238568588469185,0.6888622754491018
Monocyte classical,TYMP,74.53249,4.572208,0.0,0.0,0.7105367793240557,0.10883233532934132
Monocyte classical,OAZ1,74.056984,1.9910861,0.0,0.0,0.9210735586481114,0.6846706586826348
Monocyte classical,DUSP1,73.149055,2.7670631,0.0,0.0,0.878131212723658,0.5407185628742515
Monocyte classical,NAMPT,71.6017,4.8761187,0.0,0.0,0.6763419483101392,0.09353293413173652
Monocyte classical,ATP5MPL,71.15881,2.1809616,0.0,0.0,0.8662027833001988,0.5681736526946107
Monocyte classical,COTL1,70.224,2.9764056,0.0,0.0,0.7860834990059642,0.3068263473053892
Monocyte classical,SERF2,67.51673,1.3870875,0.0,0.0,0.9570576540755468,0.8511976047904192
Monocyte classical,MNDA,67.08851,5.3417525,0.0,0.0,0.6180914512922465,0.046347305389221556
Monocyte classical,SH3BGRL3,66.927315,1.9320931,0.0,0.0,0.890258449304175,0.6754491017964072
Monocyte classical,ATP5F1E,65.09421,1.2888963,0.0,0.0,0.9383697813121272,0.8439520958083833
Monocyte classical,TMSB10,65.00828,1.0223424,0.0,0.0,0.9956262425447316,0.9773053892215569
Monocyte classical,CD14,63.478306,6.743613,0.0,0.0,0.5644135188866799,0.014850299401197605
Monocyte classical,SERPINA1,63.168415,5.4332657,0.0,0.0,0.5781312127236581,0.029580838323353294
Monocyte classical,AP1S2,63.093273,3.6215055,0.0,0.0,0.6429423459244533,0.1587125748502994
Monocyte classical,CFD,61.563442,4.412983,0.0,0.0,0.5934393638170974,0.06760479041916168
Monocyte classical,GSTP1,60.743248,2.4571412,0.0,0.0,0.7489065606361829,0.362874251497006
Monocyte classical,CTSD,60.365734,3.4176147,0.0,0.0,0.6355864811133201,0.17703592814371258
Monocyte classical,H3F3A,59.628494,1.3753062,0.0,0.0,0.9101391650099404,0.7885329341317365
Monocyte classical,MCL1,59.61533,2.9515893,0.0,0.0,0.6662027833001988,0.23796407185628743
Monocyte classical,STXBP2,59.02519,3.6511393,0.0,0.0,0.6067594433399602,0.14595808383233533
Monocyte classical,ELOB,58.06618,1.8901659,0.0,0.0,0.8015904572564613,0.5167365269461078
Monocyte classical,MS4A6A,57.26479,5.032532,0.0,0.0,0.5290258449304175,0.03470059880239521
Monocyte classical,EMP3,57.0206,1.9830188,0.0,0.0,0.7928429423459245,0.498562874251497
Monocyte classical,TKT,56.168045,2.8654554,0.0,0.0,0.6248508946322068,0.21850299401197604
Monocyte classical,S100A10,56.083763,2.2279615,0.0,0.0,0.7363817097415507,0.39431137724550896
Monocyte classical,AC020656.1,54.704575,5.5833497,0.0,0.0,0.5077534791252485,0.036646706586826346
Monocyte classical,RGS2,53.210693,3.0811596,0.0,0.0,0.5930417495029822,0.17158682634730538
Monocyte classical,JUND,52.4508,2.386679,0.0,0.0,0.6739562624254473,0.3105988023952096
Monocyte classical,CLEC7A,51.211548,5.0329165,0.0,0.0,0.4719681908548708,0.02964071856287425
Monocyte classical,GRN,51.20512,3.7009027,0.0,0.0,0.5168986083499006,0.09802395209580839
Monocyte classical,SPI1,49.940933,3.6205354,0.0,0.0,0.5041749502982107,0.08532934131736528
Monocyte classical,CFP,49.20195,4.321829,0.0,0.0,0.4679920477137177,0.04913173652694611
Monocyte classical,TIMP1,48.851994,2.9510157,0.0,0.0,0.5445328031809145,0.16038922155688623
Monocyte classical,PYCARD,48.564312,3.0337257,0.0,0.0,0.5274353876739563,0.13745508982035928
Monocyte classical,ASAH1,48.451397,3.059766,0.0,0.0,0.5296222664015905,0.15467065868263474
Monocyte classical,LAMTOR4,48.41366,1.8301222,0.0,0.0,0.6946322067594434,0.427874251497006
Monocyte classical,ANXA1,48.21197,2.1592696,0.0,0.0,0.6616302186878728,0.3115269461077844
Monocyte classical,NPC2,47.92456,2.4281156,0.0,0.0,0.5912524850894633,0.24895209580838323
Monocyte classical,KLF6,47.84056,1.997714,0.0,0.0,0.6978131212723658,0.38877245508982033
Monocyte classical,C4orf48,47.617306,3.0374658,0.0,0.0,0.5163021868787276,0.135
Monocyte classical,PFDN5,47.46738,0.79050696,0.0,0.0,0.9435387673956263,0.9103592814371257
Monocyte classical,AC007952.4,47.376232,3.141713,0.0,0.0,0.5226640159045726,0.1524251497005988
Monocyte classical,PLAUR,46.11814,4.685314,0.0,0.0,0.43240556660039764,0.03940119760479042
Monocyte classical,TMSB4X,44.469707,0.8639353,0.0,0.0,0.9978131212723658,0.9762275449101796
Monocyte classical,CXCL8,44.175457,5.9301186,0.0,0.0,0.3996023856858847,0.017035928143712575
Monocyte classical,TNFSF13B,43.87665,4.262113,0.0,0.0,0.42186878727634197,0.05350299401197605
Monocyte classical,CYBB,43.0281,4.532052,0.0,0.0,0.4043737574552684,0.03508982035928144
Monocyte classical,AP2S1,41.971897,2.152882,0.0,0.0,0.542544731610338,0.23967065868263474
Monocyte classical,LGALS2,41.95064,5.313308,0.0,0.0,0.38250497017892643,0.01937125748502994
Monocyte classical,FKBP1A,41.826157,1.8153669,0.0,0.0,0.5956262425447316,0.3269461077844311
Monocyte classical,FCGRT,41.640076,2.7595212,0.0,0.0,0.4711729622266402,0.14520958083832336
Monocyte classical,HLA-DRA,41.270473,2.0883598,0.0,0.0,0.7743538767395626,0.33808383233532935
Monocyte classical,APLP2,40.887283,2.7320936,0.0,0.0,0.46898608349900595,0.15191616766467067
Monocyte classical,ATP6V0B,40.597675,2.2058868,0.0,0.0,0.5262425447316104,0.234311377245509
Monocyte classical,KLF4,40.49684,4.359616,0.0,0.0,0.38389662027833005,0.03691616766467066
Monocyte classical,ANXA2,40.39795,2.445151,0.0,0.0,0.48628230616302187,0.15383233532934132
Monocyte classical,LCP1,40.377583,2.022122,0.0,0.0,0.5530815109343936,0.26182634730538923
Monocyte classical,RAB31,40.194023,4.404733,0.0,0.0,0.3801192842942346,0.035479041916167665
Monocyte classical,CEBPB,40.082535,2.5539672,0.0,0.0,0.48389662027833,0.16961077844311379
Monocyte classical,VSIR,40.027798,2.2582524,0.0,0.0,0.5061630218687873,0.20017964071856287
Monocyte classical,CEBPD,40.0242,3.6687639,0.0,0.0,0.3970178926441352,0.05281437125748503
Monocyte classical,IQGAP1,40.022682,2.317186,0.0,0.0,0.5041749502982107,0.1998802395209581
Monocyte classical,FGL2,39.763496,4.9487243,0.0,0.0,0.36640159045725645,0.023832335329341318
Monocyte classical,MAFB,39.527405,4.870858,0.0,0.0,0.36461232604373756,0.021047904191616767
Monocyte classical,AC245014.3,39.163,2.7357202,0.0,0.0,0.462624254473161,0.15925149700598804
Monocyte classical,CD36,38.963642,3.4880564,0.0,0.0,0.39423459244532805,0.06452095808383233
Monocyte classical,CD68,38.694126,3.9654083,0.0,0.0,0.3743538767395626,0.041077844311377246
Monocyte classical,ATP5MC2,38.64225,0.97347295,0.0,0.0,0.7874751491053678,0.6786227544910179
Monocyte classical,G0S2,38.256443,4.86331,0.0,0.0,0.3606361829025845,0.03362275449101797
Monocyte classical,MYL6,37.501526,0.9480065,8.697801501372213e-308,1.4032453088880502e-305,0.8238568588469185,0.7141616766467066
Monocyte classical,MPEG1,37.295555,4.378796,1.9371743181600054e-304,3.076474964027859e-302,0.35149105367793243,0.03089820359281437
Monocyte classical,POLR2L,37.07617,1.527227,6.803291895315218e-301,1.0720722298292074e-298,0.6017892644135189,0.3747005988023952
Monocyte classical,ATP5ME,36.96345,1.3208134,4.428890679442028e-299,6.925422287053657e-297,0.6673956262425448,0.47290419161676644
Monocyte classical,SLC2A3,36.48077,2.3534126,2.2382262528521306e-291,3.370271353183564e-289,0.4532803180914513,0.16781437125748502
Monocyte classical,CAPG,36.47051,3.0589767,3.25522855030796e-291,4.8656092625485445e-289,0.38946322067594435,0.0855688622754491
Monocyte classical,RETN,36.135384,4.489379,6.312381772149368e-286,9.231517745629666e-284,0.33936381709741553,0.024790419161676645
Monocyte classical,ATP2B1-AS1,35.442047,2.759757,3.845963312179472e-275,5.4671847699289725e-273,0.3966202783300199,0.10272455089820359
Monocyte classical,MGST1,35.409687,3.7991862,1.2113482889038276e-274,1.7100200011692365e-272,0.35129224652087476,0.05269461077844311
Monocyte classical,RNF130,35.37241,2.9673958,4.536353052072278e-274,6.359654127070708e-272,0.38866799204771374,0.10464071856287425
Monocyte classical,ANXA5,34.919853,2.5992503,3.715286706958617e-267,5.172900560209231e-265,0.40238568588469187,0.11610778443113773
Monocyte classical,RHOA,34.64064,1.3929639,6.179236907015255e-263,8.545001894272524e-261,0.5932405566600397,0.3931437125748503
Monocyte classical,CSF3R,34.42268,4.5348554,1.1545186422879788e-259,1.585746956785813e-257,0.3238568588469185,0.030089820359281438
Monocyte classical,DAZAP2,34.38504,1.4096533,4.219703857706851e-259,5.756922148957374e-257,0.6047713717693837,0.41350299401197604
Monocyte classical,RAC1,34.325424,1.6229317,3.2774875961409615e-258,4.4416511902902307e-256,0.5290258449304175,0.2961976047904192
Monocyte classical,RBP7,34.239895,6.968513,6.166267705058017e-257,8.301184762146978e-255,0.30278330019880717,0.0045209580838323354
Monocyte classical,GLUL,34.096474,2.6634173,8.319803579451517e-255,1.1053919422424212e-252,0.3958250497017893,0.1274251497005988
Monocyte classical,COX6B1,33.96195,1.0698819,8.12673701945737e-253,1.0727292865683728e-250,0.6982107355864812,0.5483233532934132
Monocyte classical,NFKBIA,33.703564,1.5527602,5.125946906288662e-249,6.722596691034576e-247,0.594831013916501,0.39706586826347307
Monocyte classical,BLVRB,33.304268,2.1751606,3.34890365424125e-243,4.3360836613640845e-241,0.4067594433399602,0.11110778443113772
Monocyte classical,PLBD1,33.064003,5.231621,9.788086774317219e-240,1.2593178984070913e-237,0.3015904572564612,0.015808383233532935
Monocyte classical,FOSL2,33.05328,3.0601642,1.3957294082571975e-239,1.7844268811982582e-237,0.3500994035785288,0.06940119760479042
Monocyte classical,PCBP1,32.77975,1.4826776,1.1445072393586707e-235,1.454096447605191e-233,0.5389662027833002,0.3323053892215569
Monocyte classical,METTL9,32.43217,2.0003326,9.664557112506422e-231,1.2052829262762611e-228,0.4433399602385686,0.21568862275449102
Monocyte classical,HIF1A,32.34201,2.4763126,1.7968776970415085e-229,2.200417459365047e-227,0.3926441351888668,0.13449101796407187
Monocyte classical,ZFP36,32.300774,1.4481623,6.82195291552199e-229,8.254563027781608e-227,0.5773359840954274,0.35404191616766467
Monocyte classical,CD63,32.209774,1.7444478,1.2878753680897584e-227,1.539995910736977e-225,0.48369781312127236,0.24275449101796406
Monocyte classical,C1orf162,31.989721,1.9453677,1.5154980030312439e-224,1.8015814857087208e-222,0.43697813121272366,0.18508982035928143
Monocyte classical,PFN1,31.57329,0.6940129,8.59076349450074e-219,1.0094395394000637e-216,0.8831013916500994,0.818443113772455
Monocyte classical,PTP4A2,31.323238,1.4314479,2.252445766713396e-215,2.6314780198706847e-213,0.5441351888667992,0.3488622754491018
Monocyte classical,LY96,31.150362,3.4234161,5.01510644700102e-213,5.825547648836385e-211,0.31491053677932407,0.05053892215568862
Monocyte classical,CD302,30.90431,4.0155454,1.0453347662413796e-209,1.200540402720608e-207,0.30238568588469183,0.040778443113772454
Monocyte classical,SERPINB1,30.505287,1.9018623,2.2173879151372736e-204,2.5181598625089665e-202,0.42882703777335984,0.19652694610778443
Monocyte classical,H2AFY,30.360771,1.5922784,1.8111592772287274e-202,2.0454025437503093e-200,0.47375745526838964,0.23988023952095808
Monocyte classical,NDUFB1,29.86563,1.3564616,5.502388277129194e-196,6.179698834115042e-194,0.5262425447316104,0.3391616766467066
Monocyte classical,UQCR11,29.739605,0.9699821,2.363276941188834e-194,2.6109072641568814e-192,0.6648111332007952,0.5441916167664671
Monocyte classical,TALDO1,29.577763,1.7565219,2.8874686179383965e-192,3.172781733267661e-190,0.4234592445328032,0.19991017964071855
Monocyte classical,GMFG,29.547817,0.8961666,7.005162880855053e-192,7.655965109786103e-190,0.7121272365805169,0.6055089820359282
Monocyte classical,KLF10,29.18305,3.162907,3.182388418447085e-187,3.4594434101707136e-185,0.3172962226640159,0.07775449101796407
Monocyte classical,RNASE6,29.144096,2.8403976,9.92436498297484e-187,1.0674205892799605e-184,0.3157057654075547,0.0658682634730539
Monocyte classical,COX8A,28.982588,1.1221589,1.0906340244739344e-184,1.154708773411778e-182,0.5803180914512922,0.42107784431137724
Monocyte classical,TPT1,28.961,0.3521308,2.04002664225836e-184,2.1486871286957486e-182,0.9892644135188867,0.9823353293413174
Monocyte classical,DUSP6,28.541971,4.1271677,3.533485265447263e-179,3.664729003878161e-177,0.2755467196819085,0.03119760479041916
Monocyte classical,CDA,28.497461,5.376076,1.2594111972886979e-178,1.2929954958830631e-176,0.2576540755467197,0.009850299401197605
Monocyte classical,LGALS3,27.946789,2.9108202,7.211973892371805e-172,7.257673528917527e-170,0.30397614314115307,0.06940119760479042
Monocyte classical,VMP1,27.67747,2.1523025,1.304005493778745e-168,1.2867875571618606e-166,0.3660039761431412,0.15089820359281436
Monocyte classical,BRI3,27.553482,2.8174238,4.01997163556876e-167,3.928749202300084e-165,0.30576540755467196,0.07544910179640718
Monocyte classical,GNAI2,27.54618,2.2224648,4.917026771733212e-167,4.782455512717356e-165,0.35168986083499004,0.13167664670658683
Monocyte classical,PLSCR1,27.502771,2.9500835,1.6266748972061607e-166,1.5746213004955634e-164,0.30934393638170976,0.08559880239520958
Monocyte classical,ZFP36L1,27.466875,2.0743864,4.36846206741581e-166,4.208630185138795e-164,0.38409542743538766,0.17793413173652695
Monocyte classical,CNPY3,27.44293,1.8758781,8.437377381251019e-166,8.090330538022204e-164,0.394831013916501,0.188562874251497
Monocyte classical,CD44,27.399843,1.1646707,2.754406499742672e-165,2.6287124566558233e-163,0.5608349900596421,0.4070658682634731
Monocyte classical,ZFAND5,27.172585,2.2722752,1.369957873652583e-162,1.3013319465238181e-160,0.347117296222664,0.13275449101796408
Monocyte classical,AGTRAP,27.134699,2.7140737,3.8376657710756007e-162,3.628468362531386e-160,0.3139165009940358,0.09188622754491017
Monocyte classical,RHOB,27.095207,2.8530922,1.1213594944085634e-161,1.0553238797378368e-159,0.294831013916501,0.06398203592814371
Monocyte classical,STX11,27.059198,3.342901,2.977030329576475e-161,2.7888051861580913e-159,0.27614314115308153,0.045089820359281434
Monocyte classical,TREM1,27.019842,5.2855144,8.641036533821184e-161,8.057568378876927e-159,0.24552683896620278,0.011017964071856288
Monocyte classical,NCF1,26.933565,1.7653856,8.886976991493402e-160,8.174410329551036e-158,0.3912524850894632,0.17392215568862276
Monocyte classical,LILRA5,26.773346,4.8570147,6.6050394077280524e-158,6.020952514811472e-156,0.24612326043737576,0.013652694610778443
Monocyte classical,ATP2B1,26.729109,2.2414358,2.1604429700924227e-157,1.9606019953588735e-155,0.3417495029821074,0.127874251497006
Monocyte classical,FGR,26.706463,2.792902,3.959701324408647e-157,3.5774581565590658e-155,0.2882703777335984,0.057395209580838324
Monocyte classical,SLC11A1,26.669796,4.3460135,1.055016531281508e-156,9.489546923845353e-155,0.25467196819085486,0.025508982035928145
Monocyte classical,SEC61G,26.471132,1.0377473,2.0842319925928828e-154,1.8582573660275494e-152,0.5759443339960238,0.42847305389221557
Monocyte classical,VAMP8,26.29061,1.2455604,2.455746772014354e-152,2.1799310210265408e-150,0.504572564612326,0.3313473053892216
Monocyte classical,SGK1,26.004631,3.876694,4.389635945034505e-149,3.829721866551992e-147,0.2514910536779324,0.026766467065868264
Monocyte classical,GLIPR1,25.964201,2.0977592,1.25702534614779e-148,1.0920004801919777e-146,0.33101391650099404,0.11559880239520957
Monocyte classical,CTSZ,25.870358,3.40362,1.4361213765389128e-147,1.2370116670458906e-145,0.26759443339960237,0.04904191616766467
Monocyte classical,HLA-DRB1,25.845451,1.2170656,2.7371318402875286e-147,2.347696879720037e-145,0.5660039761431411,0.32296407185628745
Monocyte classical,KCTD12,25.757982,4.5703773,2.6236595176099473e-146,2.240913893864496e-144,0.24015904572564611,0.01748502994011976
Monocyte classical,EVI2B,25.589243,1.2369659,2.0099396850813932e-144,1.70241891326394e-142,0.49105367793240556,0.31703592814371256
Monocyte classical,TPI1,25.463049,1.149812,5.06159748176027e-143,4.251741884678627e-141,0.5087475149105368,0.3320059880239521
Monocyte classical,CLIC1,25.460003,1.1122698,5.47037694916894e-143,4.5762066922924366e-141,0.5357852882703777,0.3693712574850299
Monocyte classical,COX7B,25.334291,0.9810008,1.3388720445030003e-141,1.1154340541252864e-139,0.5634194831013917,0.42766467065868263
Monocyte classical,CDC42,25.309519,0.85781056,2.5095210422610895e-141,2.0821854590646298e-139,0.6568588469184891,0.5468263473053893
Monocyte classical,NUP214,25.210138,3.1048334,3.101191904606297e-140,2.5522683820581702e-138,0.27117296222664017,0.059550898203592814
Monocyte classical,PGLS,25.190434,1.6892147,5.099324131388237e-140,4.1630144956971925e-138,0.3870775347912525,0.20452095808383233
Monocyte classical,SEC11A,24.89942,1.4758465,7.548489926565499e-137,6.089115207429502e-135,0.4135188866799205,0.23964071856287425
Monocyte classical,PRELID1,24.583176,1.2578939,1.9118520706679748e-133,1.5122229141065597e-131,0.4610337972166998,0.29607784431137724
Monocyte classical,LY86,24.56673,2.2973006,2.8657704795985273e-133,2.2579605546232116e-131,0.2914512922465209,0.08101796407185628
Monocyte classical,LYN,24.530664,2.1231096,6.956522460945378e-133,5.459930061239291e-131,0.31789264413518886,0.1154191616766467
Monocyte classical,PGAM1,24.454218,1.6226642,4.538524318807917e-132,3.548427782797205e-130,0.3856858846918489,0.2085329341317365
Monocyte classical,ZEB2,24.272316,1.6420534,3.844221623953912e-130,2.994074221139277e-128,0.3789264413518887,0.18434131736526946
Monocyte classical,IFI30,24.24533,3.4768028,7.406142465602203e-130,5.74626198628861e-128,0.23996023856858847,0.029580838323353294
Monocyte classical,BCL2A1,24.238821,2.7752793,8.67450088904829e-130,6.704762512265157e-128,0.2664015904572565,0.061137724550898206
Monocyte classical,BLOC1S1,23.970943,1.2670695,5.589359335017367e-127,4.271447239181693e-125,0.45825049701789267,0.3014071856287425
Monocyte classical,CARD16,23.847912,1.8996361,1.064455706429141e-125,8.043961189699471e-124,0.3343936381709742,0.14455089820359282
Monocyte classical,FOSB,23.819973,1.4985782,2.074061255860295e-125,1.561537674412151e-123,0.3978131212723658,0.21865269461077844
Monocyte classical,PKM,23.77486,1.3361453,6.079606207949831e-125,4.560377675099784e-123,0.41848906560636184,0.243562874251497
Monocyte classical,SDCBP,23.758947,1.4351064,8.880107751371317e-125,6.636574645951328e-123,0.4151093439363817,0.25179640718562873
Monocyte classical,FPR1,23.61765,5.5470753,2.538867680714178e-123,1.8767309895839204e-121,0.21292246520874752,0.0074850299401197605
Monocyte classical,MARCKS,23.567392,3.2038655,8.327188577310394e-123,6.111014057746054e-121,0.2411530815109344,0.037634730538922155
Monocyte classical,GCA,23.552206,3.162452,1.1917115199661463e-122,8.71406898484598e-121,0.25825049701789266,0.06353293413173652
Monocyte classical,TMEM167A,23.51209,2.0887246,3.0681846576314586e-122,2.227502061440439e-120,0.31809145129224653,0.13649700598802395
Monocyte classical,TMEM107,23.479382,2.58677,6.625756432063341e-122,4.7931806672947894e-120,0.28330019880715707,0.09254491017964071
Monocyte classical,NINJ1,23.422863,2.3716521,2.4998194296649292e-121,1.7893073720503056e-119,0.27813121272365804,0.081437125748503
Monocyte classical,FLNA,23.413113,1.7000469,3.1422869787175492e-121,2.241277533451591e-119,0.3467196819085487,0.15631736526946108
Monocyte classical,AHNAK,23.377954,1.9928235,7.16346560198569e-121,5.091570935565214e-119,0.30596421471172963,0.11113772455089821
Monocyte classical,ATP6V1F,23.290606,1.2759608,5.5199142893082624e-120,3.909714901500291e-118,0.43737574552683894,0.2852694610778443
Monocyte classical,PTPRE,23.245432,2.40399,1.582248413283057e-119,1.1168036717089577e-117,0.2731610337972167,0.07634730538922156
Monocyte classical,CTSH,23.139484,2.53031,1.8552181504131126e-118,1.3004439503999225e-116,0.26202783300198806,0.06461077844311378
Monocyte classical,ATP5F1D,23.077394,0.86020005,7.810410093743112e-118,5.437329328274314e-116,0.568389662027833,0.45622754491017964
Monocyte classical,ATP5MG,22.991724,0.47286147,5.640450525108119e-117,3.8867484160812825e-115,0.7840954274353876,0.7562874251497006
Monocyte non-classical,FTH1,47.021324,2.9286294,0.0,0.0,0.9977802441731409,0.9555543712862054
Monocyte non-classical,FTL,45.48952,3.2213168,0.0,0.0,1.0,0.9522236137387088
Monocyte non-classical,SAT1,44.161343,4.2528086,0.0,0.0,0.9622641509433962,0.4222601188414293
Monocyte non-classical,CST3,43.82633,5.199053,0.0,0.0,0.9800221975582686,0.2304884222867649
Monocyte non-classical,LST1,43.30774,5.1317687,0.0,0.0,0.925638179800222,0.20730634975618856
Monocyte non-classical,AIF1,43.085747,4.664365,0.0,0.0,0.9345172031076582,0.2673399237922673
Monocyte non-classical,NEAT1,41.853188,3.791887,0.0,0.0,0.9600443951165372,0.47032961176690025
Monocyte non-classical,TYROBP,41.504253,4.763846,0.0,0.0,0.9578246392896781,0.25489621359482
Monocyte non-classical,COTL1,40.22592,3.786327,0.0,0.0,0.9034406215316315,0.3567374563670761
Monocyte non-classical,CTSS,40.02832,3.9922135,0.0,0.0,0.9145394006659268,0.2992885501878547
Monocyte non-classical,PSAP,39.9051,3.8504338,0.0,0.0,0.9056603773584906,0.31988595486157373
Monocyte non-classical,S100A11,37.900093,4.0489945,0.0,0.0,0.8690344062153164,0.21998987449705562
Monocyte non-classical,NPC2,37.096848,3.5089402,3.158396644068813e-301,4.938760536971602e-298,0.8612652608213096,0.28013003277465426
Monocyte non-classical,CFD,36.704407,4.418484,6.212136207178528e-295,9.020021772823223e-292,0.8091009988901221,0.12028031655519732
Monocyte non-classical,FCER1G,35.530712,4.0141106,1.6498712362936684e-276,2.2359054994251793e-273,0.832408435072142,0.1979535825628181
Monocyte non-classical,SERPINA1,34.77965,4.53379,4.940046286091567e-265,6.276328806479336e-262,0.7524972253052165,0.08574702230275254
Monocyte non-classical,TIMP1,34.475266,3.8165886,1.8836705516548597e-260,2.2524267631788228e-257,0.7869034406215316,0.19683444802685923
Monocyte non-classical,S100A6,33.735283,2.5736303,1.7572709865771444e-249,1.9845447008411217e-246,0.9533851276359601,0.7180047429987476
Monocyte non-classical,LGALS1,33.213318,3.406629,6.915293794158138e-242,7.398636434086664e-239,0.9345172031076582,0.3059767113432279
Monocyte non-classical,S100A4,32.82752,2.697299,2.3846805303650206e-236,2.4237892910630067e-233,0.93007769145394,0.6532548162754137
Monocyte non-classical,FCN1,32.45506,3.8280225,4.5960213552888453e-231,4.448948671919602e-228,0.7980022197558269,0.14061126062511659
Monocyte non-classical,LYZ,32.39951,4.0812807,2.7887276901262445e-230,2.57678438567665e-227,0.9167591564927858,0.21423432545498147
Monocyte non-classical,SRGN,32.305786,2.6589959,5.801577140309764e-229,5.127585222096386e-226,0.946725860155383,0.5860268059367423
Monocyte non-classical,HLA-DRA,32.235348,3.487458,5.644904335570828e-228,4.781233972228491e-225,0.9400665926748057,0.3821045058488102
Monocyte non-classical,HLA-DPA1,32.106922,3.0423672,3.529780468783746e-226,2.855706581657357e-223,0.8745837957824639,0.31612886034799753
Monocyte non-classical,NAMPT,32.105858,3.6270797,3.652517272879343e-226,2.855706581657357e-223,0.7602663706992231,0.15563963867942124
Monocyte non-classical,SPI1,32.02491,3.8462975,4.9080590837868845e-225,3.695223150193325e-222,0.7192008879023307,0.12624903408031124
Monocyte non-classical,CEBPB,31.565912,3.4768379,1.0846954423793503e-218,7.874888911674083e-216,0.753607103218646,0.19771376801939833
Monocyte non-classical,CLEC7A,31.095621,4.1773057,2.7603331592121374e-212,1.9348983607056666e-209,0.6792452830188679,0.0733299581656852
Monocyte non-classical,IFITM3,30.459711,4.7788243,8.90932570228114e-204,6.036959095865701e-201,0.6470588235294118,0.08686615683871139
Monocyte non-classical,TYMP,29.897676,3.2411177,2.109531794510321e-196,1.3833084618969614e-193,0.7391786903440621,0.17434517306616218
Monocyte non-classical,CD68,29.741276,4.214091,2.2485766032623707e-194,1.428408287222421e-191,0.6426193118756937,0.07130485757680727
Monocyte non-classical,EMP3,29.34482,2.1600735,2.7823985954116885e-189,1.7139575347736e-186,0.8879023307436182,0.5286578379386607
Monocyte non-classical,HLA-DRB1,28.906963,2.7225199,9.76007353148863e-184,5.83537572788532e-181,0.8867924528301887,0.3420021849769512
Monocyte non-classical,ASAH1,28.69059,3.1280522,4.999554717494272e-181,2.9037413799206734e-178,0.7014428412874584,0.19179834261504436
Monocyte non-classical,ACTB,28.192923,1.2772961,7.140911873003467e-175,4.032234904289291e-172,0.9900110987791343,0.9628820378906978
Monocyte non-classical,IFI30,28.158852,4.768096,1.8672128518125477e-174,1.0258568338282559e-171,0.5871254162042175,0.04439233659303472
Monocyte non-classical,MAFB,27.867552,4.3536158,6.601405772876966e-171,3.5314046460800777e-168,0.5971143174250833,0.05326547469956567
Monocyte non-classical,HLA-DPB1,26.991001,2.5292485,1.884938769953421e-160,9.824880850157216e-158,0.832408435072142,0.3682485544512244
Monocyte non-classical,DUSP1,26.720772,2.089364,2.700468811142502e-157,1.3723782498226194e-154,0.9112097669256382,0.5770470835886914
Monocyte non-classical,OAZ1,26.420773,1.6174409,7.910081633669185e-154,3.9218570597372485e-151,0.9134295227524972,0.710863598816915
Monocyte non-classical,STXBP2,26.412788,3.0428371,9.770069125102962e-154,4.728713456549834e-151,0.6637069922308546,0.1952889765248208
Monocyte non-classical,GSTP1,26.381563,2.1983483,2.2303938289908652e-153,1.0544057152494491e-150,0.832408435072142,0.4033414159716486
Monocyte non-classical,CSTA,26.109865,2.824363,2.816997642661201e-150,1.3014529109094748e-147,0.7014428412874584,0.14612699512377095
Monocyte non-classical,PTP4A2,26.041758,2.1639357,1.6680346820792645e-149,7.53506867051273e-147,0.7824639289678136,0.3646246902395481
Monocyte non-classical,CFP,25.912626,3.470183,4.799375238041255e-148,2.1209065182370136e-145,0.5948945615982242,0.092168722854326
Monocyte non-classical,H3F3A,25.795765,1.3314054,9.89255597633765e-147,4.2786356997232284e-144,0.9433962264150944,0.8011138053238829
Monocyte non-classical,VSIR,25.690826,2.650287,1.4801167568764217e-145,6.268294465371646e-143,0.6748057713651499,0.2297956247168856
Monocyte non-classical,FOS,25.31673,2.357158,2.0902148241258735e-141,8.671405498945051e-139,0.8523862375138734,0.4616429960830291
Monocyte non-classical,S100A9,25.195938,2.3906457,4.438128052258047e-140,1.8043653409260317e-137,0.7824639289678136,0.20600069279756988
Monocyte non-classical,TKT,25.114775,2.4401999,3.429882467391257e-139,1.3671107999437152e-136,0.6936736958934517,0.2615577286898132
Monocyte non-classical,SH3BGRL3,25.079718,1.6084257,8.279305929044326e-139,3.236571748569482e-136,0.9156492785793563,0.6984731807402276
Monocyte non-classical,IFITM2,24.996984,2.3071544,6.593000247386683e-138,2.5287265854505e-135,0.7425083240843507,0.3897252791174825
Monocyte non-classical,TMSB10,24.89659,0.8785094,8.1007907318073205e-137,3.049497666595911e-134,0.9977802441731409,0.9792693650243811
Monocyte non-classical,ZFP36L1,24.862274,2.9352772,1.9049788592404594e-136,7.040801863752739e-134,0.6415094339622641,0.19443630259266168
Monocyte non-classical,CEBPD,24.73721,3.5433335,4.256730102530844e-135,1.5451930272186963e-132,0.564927857935627,0.08665298835567162
Monocyte non-classical,CYBA,24.728935,1.6339858,5.225003829530667e-135,1.8634013657315686e-132,0.9400665926748057,0.7080657624770178
Monocyte non-classical,S100A10,24.586012,2.0479374,1.782860411518437e-133,6.248618352645999e-131,0.8146503884572697,0.4300674145327613
Monocyte non-classical,FKBP1A,24.461147,2.0687482,3.829764831277237e-132,1.3195162625458249e-129,0.730299667036626,0.35327346851767966
Monocyte non-classical,FCGRT,24.213772,2.7483137,1.5931021876733676e-129,5.397430211837369e-127,0.6215316315205327,0.17746276213061898
Monocyte non-classical,CD74,23.708511,2.2338269,2.9459229590028624e-124,9.817167526329538e-122,0.9500554938956715,0.5612193237229876
Monocyte non-classical,ITM2B,23.413853,1.433084,3.088216762925815e-121,1.0125366186573544e-118,0.8890122086570478,0.6722001652055744
Monocyte non-classical,LYN,23.108438,2.9618294,3.808528176049116e-118,1.2288850914718481e-115,0.5671476137624861,0.13171147645820566
Monocyte non-classical,HMOX1,22.934895,5.264755,2.0851568212049292e-116,6.622979353352157e-114,0.46614872364039955,0.020357590130299235
Monocyte non-classical,MS4A7,22.896425,4.920431,5.0432136284930597e-116,1.5772068713847218e-113,0.4716981132075472,0.03050973913506888
Monocyte non-classical,SMIM25,22.679691,4.676275,7.108555979589216e-114,2.1894352417134783e-111,0.47058823529411764,0.029550480961389857
Monocyte non-classical,HLA-DRB5,22.635387,3.0011992,1.9434986621600245e-113,5.896632955878952e-111,0.5560488346281909,0.12648884862373097
Monocyte non-classical,ATP5F1E,22.524347,1.0187286,2.3966345535498353e-112,7.164527530082507e-110,0.9556048834628191,0.853926296996989
Monocyte non-classical,YBX1,22.175913,1.2453767,5.867339949880407e-109,1.7285693695821582e-106,0.9112097669256382,0.729435902901756
Monocyte non-classical,TSPO,22.157621,1.7938803,8.808354577091512e-109,2.557946169187375e-106,0.7880133185349611,0.4104026219723414
Monocyte non-classical,SLC25A6,22.136395,1.1073368,1.4108111313455241e-108,4.0392913630974386e-106,0.8879023307436182,0.7544831996589304
Monocyte non-classical,CXCL16,22.085836,4.7601104,4.324693224681583e-108,1.2210050537684336e-105,0.4550499445061043,0.02637959977617309
Monocyte non-classical,CMTM6,22.06035,2.4561613,7.59905491063739e-108,2.1160765510059847e-105,0.5971143174250833,0.1983266274081377
Monocyte non-classical,ZFP36,22.001553,1.9994744,2.7828408665303206e-107,7.644539072274103e-105,0.7602663706992231,0.3742172719763383
Monocyte non-classical,FCGR3A,21.995283,4.4020467,3.195358306248587e-107,8.66069915325617e-105,0.46614872364039955,0.04298009539289616
Monocyte non-classical,RGS2,21.639214,2.2108424,7.680058567611693e-104,2.027535461849487e-101,0.6459489456159823,0.21668576300993897
Monocyte non-classical,ZEB2,21.330544,2.3336015,5.911643210426133e-101,1.5406651689941338e-98,0.6059933407325194,0.2002984358762557
Monocyte non-classical,BID,21.27828,3.0961933,1.8043745624892105e-100,4.6429526716810976e-98,0.5061043285238623,0.11761571051720003
Monocyte non-classical,RNASET2,21.173124,1.9390883,1.6897553868544474e-99,4.2936684379971504e-97,0.6681465038845728,0.3214847184843721
Monocyte non-classical,ARPC3,21.165451,1.4272997,1.9884920932788434e-99,4.990378675576831e-97,0.8268590455049944,0.586319912600922
Monocyte non-classical,AP1S2,20.94523,2.234212,2.073943229173249e-97,5.1413558491016834e-95,0.611542730299667,0.212742146073703
Monocyte non-classical,ATP6V0B,20.792152,2.049766,5.097183606820686e-96,1.248380100716276e-93,0.6359600443951166,0.2637959977617309
Monocyte non-classical,BRI3,20.767048,3.0879765,8.59831059139044e-96,2.0807911631164866e-93,0.49278579356270813,0.09629886221322177
Monocyte non-classical,ANXA5,20.63447,2.5561771,1.3461133047831636e-94,3.219269559956724e-92,0.5394006659267481,0.1443150630179328
Monocyte non-classical,MARCKS,20.622673,3.7588425,1.7179626172238048e-94,4.0607841956890127e-92,0.45394006659267483,0.05491753044312398
Monocyte non-classical,PYCARD,20.5464,2.3741553,8.288724409432968e-94,1.9367033309764753e-91,0.5660377358490566,0.17943457059873696
Monocyte non-classical,RAC1,20.415329,1.8096962,1.2220423103953765e-92,2.82291773701332e-90,0.6847946725860156,0.31807402275573554
Monocyte non-classical,ANXA2,20.410597,2.2906845,1.3463103605775871e-92,3.075033371890022e-90,0.5804661487236404,0.1881478323429881
Monocyte non-classical,G0S2,20.345556,3.7452545,5.083292970668237e-92,1.1481464389749323e-89,0.4583795782463929,0.0672546563990514
Monocyte non-classical,RHOA,20.310501,1.6322405,1.0383921929942292e-91,2.319608406504032e-89,0.7203107658157603,0.41210796983665965
Monocyte non-classical,LGALS3,20.230953,3.087737,5.228294599018205e-91,1.1428040065466891e-88,0.47835738068812433,0.09102294225798715
Monocyte non-classical,GLUL,20.200089,2.5738325,9.772088686169674e-91,2.113266157579331e-88,0.5283018867924528,0.15377441445282314
Monocyte non-classical,TMSB4X,20.052042,0.9243811,1.9373129117470603e-89,4.102260090624401e-87,1.0,0.9785499213941219
Monocyte non-classical,PRELID1,19.741718,1.8460776,9.45071520219429e-87,1.980558130208304e-84,0.6415094339622641,0.3098936822190839
Monocyte non-classical,SERF2,19.679365,0.91249585,3.2404164423929514e-86,6.721549534792236e-84,0.9589345172031076,0.86279943510352
Monocyte non-classical,EVI2B,19.674139,1.7719187,3.59226082721486e-86,7.376108898547847e-84,0.6736958934517203,0.33179674385142155
Monocyte non-classical,ATP2B1-AS1,19.615889,2.5977862,1.1314367184702655e-85,2.2990915384038772e-83,0.5083240843507214,0.13237762796770497
Monocyte non-classical,NINJ1,19.615402,2.8528242,1.1423073857673731e-85,2.2990915384038772e-83,0.4794672586015538,0.0982440246209598
Monocyte non-classical,BCL2A1,19.592886,3.0794568,1.778199531405213e-85,3.543847066118154e-83,0.46059933407325193,0.07905886114737937
Monocyte non-classical,MYL6,19.552553,1.1262051,3.923840075652742e-85,7.74406029688048e-83,0.8745837957824639,0.7250126568786804
Monocyte non-classical,LRRC25,19.526741,4.4827147,6.506072158584778e-85,1.271686873458763e-82,0.40621531631520535,0.027605318553651843
Monocyte non-classical,VIM,19.205696,1.5473593,3.316428759900544e-82,6.36003432370361e-80,0.8490566037735849,0.5371046390791121
Monocyte non-classical,ELOB,19.201809,1.3414985,3.5742565166124995e-82,6.790419296233542e-80,0.8268590455049944,0.5474699565669215
Monocyte non-classical,PILRA,19.192564,4.3382626,4.2704767303653466e-82,8.037986201376551e-80,0.4017758046614872,0.029284020357590132
Monocyte non-classical,ARPC2,19.043793,1.2500172,7.397285524488012e-81,1.3795598178146084e-78,0.7869034406215316,0.596125662820752
Monocyte non-classical,PFDN5,18.995169,0.73178095,1.869826374015327e-80,3.4554391391803247e-78,0.9689234184239733,0.9134003037650883
Monocyte non-classical,RHOG,18.602808,1.9097983,3.0491445574113244e-77,5.485222173721894e-75,0.5826859045504994,0.25260465240214236
Monocyte non-classical,ITGB2,18.549091,1.7400577,8.294178570497874e-77,1.478982999834042e-74,0.6426193118756937,0.2983559380745557
Monocyte non-classical,HLA-DQB1,18.48241,1.8731924,2.86105921587518e-76,5.057357542635709e-74,0.6259711431742508,0.24394468277865117
Monocyte non-classical,TNFRSF1B,18.383446,2.7812517,1.7827541325215267e-75,3.124122931542896e-73,0.45394006659267483,0.09933651309653868
Monocyte non-classical,SEC11A,18.231943,1.8499669,2.8790843170289764e-74,5.002224444150858e-72,0.5837957824639289,0.25468304511178025
Monocyte non-classical,PLAUR,18.230377,2.7971513,2.962664951963343e-74,5.103818063009393e-72,0.4428412874583796,0.08238961869487596
Monocyte non-classical,RHOC,18.156036,3.0517766,1.1503617114425507e-73,1.9650884764877453e-71,0.4328523862375139,0.08817181379733006
Monocyte non-classical,SLC7A7,18.031057,3.9659836,1.1114507836679869e-72,1.8519320926559703e-70,0.38401775804661487,0.031628873671027735
Monocyte non-classical,RAB31,17.916931,2.9505389,8.69954395649395e-72,1.4377587768098294e-69,0.4239733629300777,0.07234405393162621
Monocyte non-classical,CSTB,17.873701,1.9599224,1.8902394818311817e-71,3.0987732408600213e-69,0.55826859045505,0.25974579658397506
Monocyte non-classical,ZFAND5,17.804434,2.3452096,6.528927817086035e-71,1.0533336878232137e-68,0.48612652608213097,0.15300167870180395
Monocyte non-classical,NAP1L1,17.787498,1.1570814,8.833651888821858e-71,1.413940752724179e-68,0.8057713651498335,0.6360148152095713
Monocyte non-classical,LY6E,17.691126,1.6599504,4.908512952503519e-70,7.795332132694652e-68,0.6392896781354052,0.3481307788643449
Monocyte non-classical,LILRB2,17.685852,3.9746814,5.390045917806851e-70,8.493709567223074e-68,0.3762486126526082,0.031309120946468066
Monocyte non-classical,CD63,17.538212,1.9098417,7.319371775102811e-69,1.1357877056816026e-66,0.5726970033296337,0.2671267553092275
Monocyte non-classical,LAPTM4A,17.533344,1.8337392,7.973851447916395e-69,1.2279731229791247e-66,0.5704772475027747,0.2552959045005196
Monocyte non-classical,ARRB2,17.526707,2.1884205,8.961281035917664e-69,1.3696610593844682e-66,0.4961154273029967,0.16347358043113325
Monocyte non-classical,CARD16,17.46294,2.199787,2.7442435757374665e-68,4.163058463253076e-66,0.4961154273029967,0.1615550640837752
Monocyte non-classical,JPT1,17.313005,2.4118047,3.753089988556043e-67,5.6513195027679444e-65,0.46170921198668147,0.14495456846705215
Monocyte non-classical,RNF130,17.093365,2.3676286,1.662940080413213e-65,2.4856063201941023e-63,0.4572697003329634,0.13424285219430307
Monocyte non-classical,PLEK,17.08785,2.4673355,1.8279041018102371e-65,2.7122361008466056e-63,0.4428412874583796,0.10799648272002985
Monocyte non-classical,AP2S1,17.007402,1.6676481,7.237707446677087e-65,1.0661457751887814e-62,0.5937846836847946,0.2717631698153428
Monocyte non-classical,LAMTOR4,16.976204,1.3391659,1.2320170211642644e-64,1.8017584177141849e-62,0.7347391786903441,0.4562604918862746
Monocyte non-classical,ATP2B1,16.972563,2.24815,1.3108643927666237e-64,1.9033750982971377e-62,0.4739178690344062,0.1482320338937888
Monocyte non-classical,CDC42,16.723675,1.2293259,8.81133044610648e-63,1.2613853894961445e-60,0.804661487236404,0.5553838364997735
Monocyte non-classical,NFKBIA,16.710094,1.5304368,1.1065896360174572e-62,1.5730597287386622e-60,0.6992230854605993,0.41631804737669537
Monocyte non-classical,VMP1,16.688658,2.1152992,1.5849409242426765e-62,2.237408271389245e-60,0.48501664816870144,0.17170721308854486
Monocyte non-classical,DRAP1,16.608437,1.5298665,6.055123269918309e-62,8.4888652297172e-60,0.6048834628190899,0.3375522928934957
Monocyte non-classical,STX11,16.58927,2.8931985,8.332858679050358e-62,1.1602078851214773e-59,0.39289678135405104,0.06770763942551093
Monocyte non-classical,SH3BGRL,16.435375,1.4918363,1.0676083474646545e-60,1.4663744923825334e-58,0.609322974472808,0.3325161874816808
Monocyte non-classical,CLIC1,16.178818,1.3978368,7.114721115044403e-59,9.706580592390781e-57,0.6859045504994451,0.38407631431692824
Monocyte non-classical,NFKBIZ,16.126755,2.4671364,1.6548883248501713e-58,2.242704657836952e-56,0.42064372918978915,0.1111673639052466
Monocyte non-classical,HLA-DMA,16.045448,1.837023,6.1513910173001545e-58,8.281157390707121e-56,0.5249722530521642,0.22638492898824908
Monocyte non-classical,ID2,16.034775,1.6716412,7.304740653684548e-58,9.705278954777744e-56,0.58157602663707,0.2763462922006981
Monocyte non-classical,MCL1,16.013866,1.59112,1.0225285949999858e-57,1.3497377453999812e-55,0.5926748057713651,0.28684483999040744
Monocyte non-classical,PFN1,15.983445,0.8437705,1.6667396789616693e-57,2.1859022060601816e-55,0.9078801331853497,0.8249620293639586
Monocyte non-classical,CYBB,15.944367,2.6431005,3.11780657215103e-57,4.062741794787573e-55,0.39178690344062156,0.07602121026406246
Monocyte non-classical,TPI1,15.9226675,1.4014418,4.4116157039591835e-57,5.712058855419253e-55,0.6437291897891232,0.34821071704548484
Monocyte non-classical,FGR,15.859377,2.5982375,1.2109005057095228e-56,1.5579231316495682e-54,0.3940066592674806,0.08025793386447813
Monocyte non-classical,CPVL,15.736488,2.9432056,8.503340915164599e-56,1.0871441139840626e-53,0.3762486126526082,0.07785978843028059
Monocyte non-classical,PECAM1,15.726214,3.0559287,1.0001494222265669e-55,1.2706898409388532e-53,0.365149833518313,0.06030003463987849
Monocyte non-classical,HIF1A,15.719953,2.2321382,1.1040598393765923e-55,1.3939955537172278e-53,0.44950055493895674,0.16152841802339524
Monocyte non-classical,ARPC1B,15.652812,1.4697473,3.178598215879845e-55,3.9885521316299685e-53,0.607103218645949,0.3504756321777825
Monocyte non-classical,C5AR1,15.645018,3.7532659,3.592724017883741e-55,4.480545634082251e-53,0.33518312985571586,0.02776519491593168
Monocyte non-classical,CD86,15.629394,3.4355474,4.591553312590802e-55,5.691286325508892e-53,0.3462819089900111,0.041994191158837166
Monocyte non-classical,PTPN6,15.56624,2.0465658,1.2345322509483598e-54,1.5209437331683795e-52,0.45172031076581576,0.155879453222841
Monocyte non-classical,LY96,15.554558,2.6085558,1.481751110880031e-54,1.8145202760222453e-52,0.38401775804661487,0.07796637267180047
Monocyte non-classical,BLOC1S1,15.527933,1.4781564,2.2449933699690165e-54,2.7327080972892314e-52,0.5871254162042175,0.31556929308001813
Monocyte non-classical,MAP3K8,15.525482,2.1946394,2.332433209837454e-54,2.8222441839033193e-52,0.43507214206437295,0.13373657704708358
Monocyte non-classical,GNAI2,15.457214,2.0071092,6.745348050774781e-54,8.11357604592602e-52,0.4528301886792453,0.15345466172826347
Monocyte non-classical,COX6B1,15.384081,1.0787361,2.093293406230761e-53,2.5030863742269945e-51,0.7935627081021087,0.5625249806816063
Monocyte non-classical,CHMP4B,15.294018,2.079056,8.381601152636462e-53,9.963812177239417e-51,0.43951165371809103,0.14836526419568866
Monocyte non-classical,S100A8,15.272706,1.1453621,1.162465565184985e-52,1.3738720935511847e-50,0.562708102108768,0.1992325934610568
Monocyte non-classical,TPM3,15.142076,1.2580955,8.547308287556167e-52,1.0043334269909928e-49,0.6703662597114317,0.4170907831277146
Monocyte non-classical,CTSD,15.123466,1.6718413,1.134130972152947e-51,1.324977839191098e-49,0.5227524972253053,0.2301953156225852
Monocyte non-classical,GAPDH,15.109088,1.0628718,1.410795416730231e-51,1.6387799560738365e-49,0.9134295227524972,0.7149670921154307
Monocyte non-classical,LCP1,15.104941,1.4859492,1.5024038807065807e-51,1.7352764822161007e-49,0.58157602663707,0.29318660236084093
Monocyte non-classical,THEMIS2,15.081442,2.5478988,2.145316162403401e-51,2.4638410705839738e-49,0.3851276359600444,0.09624557009246183
Monocyte non-classical,C19orf38,15.041431,3.3780594,3.929595418132985e-51,4.487686273022883e-49,0.33296337402885684,0.03919635481894002
Monocyte non-classical,KLF4,15.038388,2.5890915,4.114466159261074e-51,4.672562462874811e-49,0.37180910099889014,0.0753817048149431
Monocyte non-classical,WARS,15.025413,3.392948,5.0048862974193135e-51,5.652184925218878e-49,0.3407325194228635,0.053425351061845504
Monocyte non-classical,UBC,15.024373,0.8856952,5.083999440012049e-51,5.709808873843366e-49,0.8945615982241953,0.765701191078899
Monocyte non-classical,IQGAP1,15.023902,1.6107544,5.120263640459597e-51,5.718940619959488e-49,0.5305216426193119,0.23272669135868262
Monocyte non-classical,LILRA5,14.985142,3.4242578,9.182897253326997e-51,1.020054291615471e-48,0.33074361820199777,0.03719790029044206
Monocyte non-classical,GNG5,14.963246,1.5617877,1.276452255004414e-50,1.402579537282688e-48,0.5271920088790233,0.2576940499347172
Monocyte non-classical,HSBP1,14.9387865,2.1983657,1.8430081547767601e-50,2.0142295575431173e-48,0.41731409544950054,0.14367555756881345
Monocyte non-classical,ARF6,14.854839,1.335888,6.472292044149132e-50,7.035762175051527e-48,0.6337402885682575,0.3737109968291188
Monocyte non-classical,HES4,14.794911,6.5926967,1.5799338710729719e-49,1.7083455176154983e-47,0.29189789123196447,0.003943616936235977
Monocyte non-classical,PGLS,14.76572,1.7025912,2.4370541559663984e-49,2.621187136639415e-47,0.4916759156492786,0.22209491326707345
Monocyte non-classical,CD300E,14.576944,3.9679022,3.9374940514475063e-48,4.212704161990785e-46,0.3074361820199778,0.02211623011537744
Monocyte non-classical,HIGD2A,14.573786,1.2281034,4.1239050848278895e-48,4.3890441133183945e-46,0.6448390677025527,0.4087505662287831
Monocyte non-classical,CFL1,14.54984,0.847755,5.853997044446873e-48,6.1979193708081266e-46,0.8845726970033296,0.7483013136507767
Monocyte non-classical,GPX4,14.499981,1.1657665,1.2118432342886092e-47,1.2698118178669507e-45,0.6770255271920089,0.44624157318340485
Monocyte non-classical,SLC11A1,14.404261,3.0668237,4.864939770419864e-47,5.045637533321174e-45,0.33074361820199777,0.048895520797250125
Monocyte non-classical,MGAT1,14.335754,2.5155067,1.3081807395609442e-46,1.3498831509540544e-44,0.36958934517203107,0.09512643555650298
Monocyte non-classical,MIDN,14.2943535,2.3322618,2.373003286854891e-46,2.436283374504355e-44,0.37735849056603776,0.09757787311146048
Monocyte non-classical,C1orf162,14.252072,1.6369151,4.3517106102104934e-46,4.4453051901687896e-44,0.4872364039955605,0.21159636547736418
Monocyte non-classical,CLEC12A,14.217617,3.2247548,7.123761990760625e-46,7.2405916874091e-44,0.32075471698113206,0.044658797196834445
Monocyte non-classical,HLA-DQA1,14.158212,1.8598247,1.6616995817442234e-45,1.6722291632523055e-43,0.4295227524972253,0.14090436728929628
Monocyte non-classical,CTSH,13.986053,2.3499951,1.8964757180435746e-44,1.8990915466201865e-42,0.3607103218645949,0.08396173625729436
Monocyte non-classical,UPP1,13.932576,2.257489,4.016024287180249e-44,4.001850083813731e-42,0.37402885682574916,0.10290708518745503
Monocyte non-classical,CTSB,13.904241,2.397297,5.969669247389572e-44,5.919582266387084e-42,0.3706992230854606,0.10860934210876921
Monocyte non-classical,COX8A,13.902608,1.1185197,6.107497639710646e-44,6.02685495242903e-42,0.6759156492785794,0.436302592661675
Monocyte non-classical,IER5,13.863366,2.7332892,1.0560358261368692e-43,1.032071936236071e-41,0.3407325194228635,0.07346318846758507
Monocyte non-classical,LGALS9,13.845068,2.2417946,1.3625212126275735e-43,1.32523115838724e-41,0.37846836847946724,0.12014708625329745
Monocyte non-classical,C4orf48,13.777389,1.6578797,3.4865611557871097e-43,3.374991198801922e-41,0.4528301886792453,0.17847531242505796
Monocyte non-classical,SNX3,13.698978,1.1596507,1.0296273066133229e-42,9.872765985299823e-41,0.6403995560488346,0.3875935942870847
Monocyte non-classical,GRN,13.632722,1.8419483,2.5585723387081983e-42,2.4418149531108103e-40,0.41731409544950054,0.14650003996909056
Monocyte non-classical,MT2A,13.61589,1.5703359,3.2219796219238053e-42,3.0605795212367813e-40,0.5194228634850167,0.28239494790695197
Monocyte non-classical,FGL2,13.558844,2.5878928,7.023463600083136e-42,6.640603165697209e-40,0.33074361820199777,0.062378427349516374
Monocyte non-classical,VASP,13.515015,1.9643991,1.275300642538712e-41,1.1946687309459417e-39,0.40066592674805773,0.14455487756135255
Monocyte non-classical,VAMP5,13.506736,1.9231906,1.4271051654956137e-41,1.330742835054809e-39,0.4039955604883463,0.14610034906339098
Monocyte non-classical,LSP1,13.476777,1.1705022,2.1426268550096025e-41,1.9888273382938446e-39,0.6337402885682575,0.38125183191665113
Monocyte non-classical,LAPTM5,13.387374,0.88847375,7.167018338471643e-41,6.622324944747799e-39,0.8301886792452831,0.6658317567747608
NK,NKG7,74.59571,6.650381,0.0,0.0,0.9972131908964236,0.19320781762549274
NK,GNLY,72.45524,8.155493,0.0,0.0,0.9549465861588481,0.08779667557956833
NK,B2M,64.01573,1.4140176,0.0,0.0,1.0,0.9924470049893872
NK,CST7,63.75858,4.9887123,0.0,0.0,0.8996748722712494,0.14505058301403093
NK,GZMB,63.076252,6.5226536,0.0,0.0,0.8383650719925685,0.0564820685282686
NK,KLRB1,62.272243,5.522012,0.0,0.0,0.8750580585229911,0.10585219284946384
NK,GZMA,59.74752,4.9483986,0.0,0.0,0.8434742220157919,0.11340518786007664
NK,KLRF1,59.224403,7.2739897,0.0,0.0,0.7696237807710172,0.019792154808832042
NK,CTSW,58.812428,4.3502483,0.0,0.0,0.8379006038086391,0.1971497091821264
NK,KLRD1,58.25204,5.7136164,0.0,0.0,0.7830933581049698,0.05463516828844722
NK,PRF1,57.076622,6.132456,0.0,0.0,0.7552252670692058,0.048184800286683024
NK,CD7,56.450424,3.730315,0.0,0.0,0.8318625174175569,0.2642445626705626
NK,HLA-C,54.699722,1.921356,0.0,0.0,0.9730608453320948,0.8533230421479174
NK,PFN1,53.486298,1.9009897,0.0,0.0,0.969809568044589,0.8184248973178598
NK,TMSB4X,53.20593,1.3276038,0.0,0.0,1.0,0.9778096314469223
NK,IFITM2,51.580025,3.0861099,0.0,0.0,0.8137482582443103,0.3733219395209086
NK,TYROBP,50.48682,3.7916882,0.0,0.0,0.9303297724105899,0.23226837941395376
NK,FGFBP2,50.125847,5.4646544,0.0,0.0,0.681374825824431,0.05149268131322877
NK,CMC1,50.080006,4.4927297,0.0,0.0,0.7352531351602415,0.13121261405298124
NK,HLA-A,50.038914,1.5461484,0.0,0.0,0.97677659080353,0.8892686826363811
NK,HOPX,49.22899,4.6735864,0.0,0.0,0.6827682303762193,0.0873831904512501
NK,CCL5,48.90522,4.2577724,0.0,0.0,0.7803065490013934,0.1959643851476142
NK,HCST,45.784637,2.3538327,0.0,0.0,0.8583372039015328,0.49913168123053175
NK,CD247,45.612156,3.7872217,0.0,0.0,0.6618671620993962,0.14077790335474266
NK,TRDC,44.501953,6.1060605,0.0,0.0,0.5880167208546214,0.019433801030956252
NK,HLA-B,44.43398,1.2397268,0.0,0.0,0.97677659080353,0.9232295945089175
NK,CLIC3,44.152897,6.21669,0.0,0.0,0.5805852299117511,0.022245499903520136
NK,SPON2,43.96687,6.3069897,0.0,0.0,0.5773339526242453,0.023761612040686938
NK,FCER1G,43.3765,3.2897625,0.0,0.0,0.7296795169530887,0.1821539818617857
NK,CCL4,40.867252,4.389778,0.0,0.0,0.5838365071992568,0.06918984480524851
NK,ITGB2,39.96873,2.6275759,0.0,0.0,0.679052484904784,0.2843123742316068
NK,UBB,39.674553,1.5469637,0.0,0.0,0.8694844403158384,0.684317887366651
NK,CFL1,37.853863,1.3588985,0.0,0.0,0.8927078495123084,0.7431154726135016
NK,GZMM,37.49758,2.9534092,1.0085968142276446e-307,6.030222364593988e-305,0.6038086391082211,0.17388427929542133
NK,ID2,36.752514,2.6303444,1.0600216314343883e-295,6.156605635370927e-293,0.6497909893172318,0.2617636519006533
NK,PLAC8,36.206726,2.3457186,4.7715842154815716e-287,2.6943545536752607e-284,0.6576869484440316,0.31107864487140613
NK,HLA-E,36.074364,1.4100444,5.72476634529187e-285,3.145217574786301e-282,0.8597306084533209,0.7012983433029192
NK,FCGR3A,35.9358,5.0526175,8.435892360793248e-283,4.512758418689609e-280,0.4853692522062239,0.02723488711855997
NK,GZMH,35.682728,3.8603945,7.32578385436022e-279,3.8184239536265265e-276,0.5290292614955876,0.07346252446453676
NK,MYL12A,35.253086,1.5169008,3.077090735940581e-272,1.525636597078052e-269,0.8142127264282397,0.632025801472007
NK,RAP1B,35.13352,2.0655696,2.075532553624118e-270,1.0045577559540731e-267,0.669763121226196,0.38241861234390934
NK,MYO1F,33.224968,2.9925284,4.694589713832887e-242,2.168900447790794e-239,0.5304226660473758,0.14350690520164291
NK,CYBA,31.953432,1.3962889,4.84102137592363e-224,2.186850722883901e-221,0.889921040408732,0.7030349808418557
NK,MATK,30.65171,3.9202838,2.507611481310791e-206,1.1081462215670817e-203,0.440315838365072,0.0663230145822422
NK,ARPC2,29.798094,1.3165447,4.135107610768017e-195,1.788478032163665e-192,0.7575476079888528,0.5912837334950519
NK,CALM1,29.251337,1.3725157,4.3178405624191265e-188,1.75546125905712e-185,0.7301439851370181,0.5622846431623343
NK,IL2RB,28.578165,4.9796243,1.2551996108772286e-179,4.814282583002321e-177,0.3841151881096145,0.022410893954847425
NK,CD99,28.030901,1.7792441,6.828896581455266e-173,2.5239601765058664e-170,0.6024152345564329,0.3570857568156132
NK,MYL6,28.0267,1.0146075,7.683580911871726e-173,2.7891398710094368e-170,0.8374361356247098,0.7220552967444938
NK,LITAF,27.755121,1.8825276,1.5113366332521404e-169,5.3324126460686465e-167,0.5629354389224338,0.29748876698734733
NK,RAC2,27.75488,1.8284816,1.5214479214481578e-169,5.3324126460686465e-167,0.5750116117045982,0.33384789260412934
NK,CD63,27.030916,2.020212,6.403382643704878e-161,2.1694660396872125e-158,0.5373896888063168,0.2586762962758773
NK,APMAP,26.412882,3.3991737,9.746124333671296e-154,3.195471217014034e-151,0.4036228518346493,0.08961601014416848
NK,RHOC,26.079607,3.2892385,6.211616037996127e-150,1.9426112433905428e-147,0.3957268927078495,0.07847947735479781
NK,RARRES3,25.90619,1.9099504,5.671531523629911e-148,1.7468317092780127e-145,0.5239201114723642,0.2665049480387022
NK,SERF2,25.725088,0.7501729,6.126321062907536e-146,1.8587440980117075e-143,0.9205759405480725,0.861758138765609
NK,BIN2,25.7112,2.16005,8.760793914535048e-146,2.618962039627477e-143,0.4793311658151417,0.20751440306530308
NK,SRGN,25.66889,1.4259984,2.601990372097396e-145,7.665689896231286e-143,0.8499767765908035,0.5793202304490449
NK,MALAT1,25.546947,0.7252506,5.936636567785802e-144,1.723999259284997e-141,0.9990710636321412,0.9848664443035532
NK,CLIC1,24.502312,1.4768834,1.3956395033831745e-132,3.886378058188106e-130,0.5917324663260567,0.3792485596934697
NK,SEPT7,24.369444,1.3446108,3.6071983803992007e-131,9.909071442804724e-129,0.6075243845796563,0.4361992447004989
NK,ACTB,24.056278,0.71084636,7.17577351281098e-128,1.9449216529122878e-125,0.9786344635392475,0.9626209444000331
NK,IER2,23.970037,1.4033371,5.71225162470366e-127,1.5278769871970525e-124,0.6358569437993498,0.45406180224384596
NK,EVL,23.908731,1.4519905,2.484920207333625e-126,6.56018934736077e-124,0.5870877844867627,0.373762990324448
NK,SH3BGRL3,23.744415,1.0313101,1.254848776438182e-124,3.1885707409294203e-122,0.8118903855085927,0.6971359263445158
NK,H3F3B,23.484358,0.6632913,5.893877756454093e-122,1.461106671136571e-119,0.9563399907106364,0.9273093144416572
NK,IFITM1,23.318014,2.516445,2.910989072422521e-120,7.129468176410241e-118,0.39758476544356713,0.12760151059900213
NK,CD160,23.188288,4.695388,5.977341680653058e-119,1.44651668671804e-116,0.3144449605202044,0.01924084130440775
NK,ARHGDIB,23.101019,0.8830021,4.522154039036553e-118,1.0814864388886477e-115,0.7761263353460288,0.689968850787
NK,PSME1,22.836338,1.0491567,1.9978391931518994e-115,4.668054611309403e-113,0.6725499303297724,0.5399013148827081
NK,XCL2,22.8123,4.077194,3.4617600487216583e-115,7.906815536001559e-113,0.3190896423594984,0.028227251426523693
NK,JAK1,21.951797,1.8485326,8.324476016632435e-107,1.880221649623379e-104,0.458894565722248,0.24439727651128815
NK,KLRC1,21.514835,6.357431,1.1307893241597942e-102,2.471686600163473e-100,0.2805387830933581,0.005485569369021694
NK,C12orf75,21.514324,2.1395042,1.1433380182082905e-102,2.4725292802274605e-100,0.40222944728286114,0.15117016291314056
NK,CHST12,21.190525,2.9848177,1.1678562940179488e-99,2.4474415200821506e-97,0.339526242452392,0.0858395126388621
NK,FAM49B,21.114891,1.5920507,5.804448331145028e-99,1.2040084252603686e-96,0.48118903855085926,0.29026656007938917
NK,LSP1,21.107,1.2808512,6.858981800570206e-99,1.408377596383749e-96,0.5564328843474222,0.37712600270143615
NK,S1PR5,20.888966,4.59702,6.746594273304014e-97,1.37144768387724e-94,0.2833255921969345,0.01742150673980759
NK,NCR3,20.884563,3.5288699,7.397677842293374e-97,1.4889108433479178e-94,0.30376219228982815,0.04173443228491882
NK,IL2RG,20.430574,1.7887865,8.944200705923124e-93,1.7825265877451497e-90,0.42731072921504876,0.21611489373432202
NK,ARL4C,20.321901,1.9283737,8.232462664960772e-92,1.624752437410899e-89,0.4017649790989317,0.17744025139895803
NK,LY6E,20.256804,1.3700113,3.0940339869397104e-91,6.047646431395233e-89,0.5150952159777056,0.34545304187226067
NK,ALOX5AP,20.183878,1.920216,1.35672322854088e-90,2.626616170455144e-88,0.40222944728286114,0.17300217768834247
NK,IRF1,20.056326,1.7132275,1.777419382027014e-89,3.4086208677212396e-87,0.4412447747329308,0.23014582242192022
NK,DOK2,19.519093,2.4015348,7.55696038244196e-85,1.409338446369543e-82,0.33581049698095683,0.10452904043884555
NK,EFHD2,19.5037,2.4857333,1.0212063508447777e-84,1.8871893363611493e-82,0.337203901532745,0.10469443449017284
NK,PPP1CA,19.120588,1.3478924,1.701782755992791e-81,3.0887357021269153e-79,0.4825824431026475,0.3245031287041376
NK,IGFBP7,19.05768,3.4693818,5.673531139013121e-81,1.0206331061403428e-78,0.2893636785880167,0.05901811064862034
NK,PYHIN1,18.99273,2.9745483,1.958805644294286e-80,3.492859748878443e-78,0.2930794240594519,0.05579292664773824
NK,CD53,18.84134,1.428018,3.460995544919235e-79,6.117836298879844e-77,0.4579656293543892,0.28100449320506105
NK,CCL3,18.525314,3.0803485,1.2904904044822595e-76,2.2421443540440487e-74,0.2879702740362285,0.05435951153623508
NK,DDX5,18.473488,0.59254384,3.3754806504202316e-76,5.814980564554446e-74,0.782164421737111,0.7490420927860628
NK,SUN2,18.472233,1.862422,3.4549895939972106e-76,5.901935165275235e-74,0.3752902926149559,0.1742150673980759
NK,EIF3G,18.46087,1.1426475,4.264165665415491e-76,7.223496637213842e-74,0.5188109614491407,0.4073104170686661
NK,DBI,18.41006,1.3333138,1.0909979562764921e-75,1.8328765665445066e-73,0.47979563399907105,0.3174463158475067
NK,TTC38,18.406265,4.3758307,1.1701783934866524e-75,1.9497857690816943e-73,0.26056665118439387,0.03021198004245114
NK,MAP3K8,18.282139,2.2023396,1.1483153396078892e-74,1.8978011563861116e-72,0.341848583372039,0.128869531659178
NK,CORO1A,18.10415,0.8302924,2.9553817773599405e-73,4.8449194169494255e-71,0.6595448211797492,0.5676599498304711
NK,TRBC1,17.665028,1.4540218,7.797380975909945e-70,1.2383215662366983e-67,0.4431026474686484,0.22920858946439893
NK,TMSB10,17.63812,0.48997363,1.2556621246653478e-69,1.9786898969145107e-67,0.9948908499767766,0.978801995754886
NK,MYL12B,17.3986,0.86755186,8.454321047628077e-68,1.3119041088258287e-65,0.5838365071992568,0.4937839402376161
NK,ZAP70,17.319447,2.4893172,3.3557241411790405e-67,5.167815177415722e-65,0.28889921040408734,0.0790583565344433
NK,SAMD3,16.991056,3.2100515,9.565111442001161e-65,1.4402932251333305e-62,0.25313516024152344,0.03963944096810652
NK,CCND3,16.848204,1.2909713,1.0815125569717658e-63,1.5816537595771264e-61,0.4458894565722248,0.2994734956032748
NK,OSTF1,16.843267,1.82659,1.1756208096127611e-63,1.707001415557729e-61,0.3525313516024152,0.1724508641839182
NK,C1orf21,16.629536,3.905847,4.258837519684069e-62,6.139975113484948e-60,0.24105898745935903,0.03338203269289081
NK,GNG2,16.534882,2.1850178,2.0578378332387633e-61,2.9252956275578725e-59,0.30562006502554573,0.11293657138131599
NK,PSMB9,16.453838,1.3217382,7.871664330349909e-61,1.1112166146343955e-58,0.4231305155596842,0.26487857320065056
NK,DUSP2,16.253656,1.5455446,2.1043426525656518e-59,2.9100052681193586e-57,0.3822573153738969,0.19149874576177744
NK,TXNIP,16.25246,0.7658386,2.1457587718584537e-59,2.9472286698877467e-57,0.6934509986065954,0.6173884279295422
NK,NDUFB2,16.123203,1.1129215,1.7528135412076786e-58,2.3913552795751473e-56,0.47282861124013004,0.35829864652534665
NK,FGR,16.036085,2.3827012,7.152394273201105e-58,9.692924719042138e-56,0.2745006967022759,0.07652231441409157
NK,GSTP1,15.735321,0.9675424,8.661606558175024e-56,1.1508048242783132e-53,0.5610775661867162,0.40463654657220827
NK,PPIB,15.520389,1.0203036,2.5251717864608756e-54,3.333226758128356e-52,0.4816535067347887,0.3730187170934752
NK,PIP4K2A,15.36584,1.8776366,2.774215076607125e-53,3.6150156459788226e-51,0.3228053878309336,0.15571849932464096
NK,PPP2R5C,15.307953,1.2670926,6.765976817771571e-53,8.760431640233152e-51,0.4300975383186252,0.290762742233371
NK,ARF6,15.29114,1.044132,8.760336540502243e-53,1.1270893746539848e-50,0.4876915931258709,0.3734046365465722
NK,PAXX,15.233743,1.5417211,2.1115092352234635e-52,2.699544637334752e-50,0.36553646075243845,0.21600463103343717
NK,ARPC4,15.183169,1.2699226,4.571500366979581e-52,5.7720161155255225e-50,0.4175568973525314,0.28387132342806737
NK,TPST2,15.174281,2.721403,5.2347770187341756e-52,6.568675755359773e-50,0.25359962842545286,0.07040273451498194
NK,PDIA3,15.10501,1.2228498,1.500827855173348e-51,1.8602944292660866e-49,0.41802136553646074,0.29329878435372275
NK,NDUFB7,15.0485,1.10557,3.5315260573592135e-51,4.350840102666552e-49,0.4417092429168602,0.32588141246519836
NK,CALR,14.876944,1.08806,4.652763578743617e-50,5.663555570580852e-48,0.4482117974918718,0.3248614824820134
NK,GPR65,14.851604,2.2725775,6.792360842071819e-50,8.218756618906901e-48,0.2610311193683233,0.08159439865479505
NK,CIRBP,14.732167,0.48624524,4.006459371105444e-49,4.735075935804155e-47,0.7594054807245704,0.7337155773630675
NK,EIF1,14.695084,0.33391222,6.931280591229212e-49,8.144455020722972e-47,0.9749187180678124,0.961711277117733
NK,PPP1R18,14.588777,1.9968761,3.3108183456977787e-48,3.845846590362539e-46,0.2814677194612169,0.11233012652644926
NK,LCK,14.55729,1.2925612,5.249795870343512e-48,6.028788240713143e-46,0.3683232698560149,0.20897538385202746
NK,SYTL3,14.5569105,2.1333845,5.2790451930683756e-48,6.028788240713143e-46,0.26242452392011145,0.08495741103178323
NK,DDIT4,14.537718,1.6817753,6.988429926426266e-48,7.936357739910231e-46,0.31537389688806317,0.15094963751137083
NK,CD300A,14.516589,3.6841664,9.512724819551027e-48,1.0743037229546292e-45,0.21040408732001858,0.02844777682829341
NK,APOBEC3G,14.467584,2.4759824,1.9417508889417533e-47,2.1687863774949427e-45,0.24895494658615885,0.07351765581497918
NK,SH2D1B,14.392929,7.404101,5.731641088917617e-47,6.297989192190127e-45,0.18578727357176034,0.0015436778123880145
NK,WIPF1,14.17809,1.473459,1.2520807031432693e-45,1.3466823562696495e-43,0.34045517882025084,0.19320781762549274
NK,HNRNPA2B1,14.165579,0.60618794,1.496296953069833e-45,1.6008802348422929e-43,0.6507199256850905,0.5800920693552388
NK,ANXA6,14.0857525,1.5432125,4.646848215358963e-45,4.945608927843822e-43,0.31955411054342775,0.1653113543016236
NK,CDC42SE1,14.068423,1.5492439,5.937891396088472e-45,6.286742515608669e-43,0.3455643288434742,0.19629517325026877
NK,CTSD,13.887311,1.2938758,7.562136653408629e-44,7.84301601482095e-42,0.3766836971667441,0.2287675386608595
NK,ZFP36,13.758621,0.9609843,4.520677572508147e-43,4.617906215776162e-41,0.4965164886205295,0.37654712352179065
NK,FCRL6,13.698454,3.6276457,1.0370854934983796e-42,1.054093695591753e-40,0.19461216906641896,0.0200953772362654
NK,PRSS23,13.673191,4.6948905,1.468127759935762e-42,1.4847811494514512e-40,0.18439386901997212,0.00995120875485845
NK,TRAPPC1,13.586358,1.0450816,4.8250059749629294e-42,4.855580270249823e-40,0.4245239201114724,0.3220222179342283
NK,GUK1,13.570536,0.7989272,5.988248916198439e-42,5.996508569875954e-40,0.5071992568509057,0.43528957741819885
NK,RUNX3,13.478865,2.1136768,2.0828645376289725e-41,2.0653887961425247e-39,0.24570366929865303,0.08101551947514954
NK,SH2D2A,13.438988,3.3160138,3.5729053236125075e-41,3.525729097980342e-39,0.19739897816999535,0.02773106927254183
NK,AES,13.349449,0.92519283,1.193281512393749e-40,1.1662032011509678e-38,0.47282861124013004,0.3805992777793092
NK,TMA7,12.932698,0.36210316,2.9430584308119005e-38,2.808755482701611e-36,0.79842080817464,0.7885712710532844
NK,BSG,12.89397,1.2054974,4.867241457491536e-38,4.6234245022377545e-36,0.3525313516024152,0.23251647049094468
NK,CLEC2B,12.877201,1.2324425,6.048950014867171e-38,5.71921190242883e-36,0.35438922433813286,0.22496347548033188
NK,DHRS7,12.834783,1.7340972,1.0469613534493952e-37,9.807663775538851e-36,0.2805387830933581,0.13945475094412438
NK,PRKCH,12.815531,1.9237772,1.342162870722699e-37,1.251536093396836e-35,0.24756154203437064,0.0947707914105356
NK,AC004687.1,12.804165,1.4767815,1.5538796501807922e-37,1.4423408917294586e-35,0.3190896423594984,0.1857099539653224
NK,TRGC1,12.7883835,3.3908057,1.9039308833052086e-37,1.7592321361740128e-35,0.18671620993961913,0.024230228519447585
NK,TBC1D10C,12.774055,1.2262745,2.2891301479893516e-37,2.1055854139514726e-35,0.34277751973989784,0.21413016511839458
NK,UCP2,12.728472,1.0819528,4.108015169803393e-37,3.7616095662956465e-35,0.3924756154203437,0.2881440030873556
NK,CTSC,12.678999,1.7909255,7.731275703447363e-37,6.984949888874577e-35,0.2754296330701347,0.13501667723350882
NK,AC245297.3,12.5666,1.6757351,3.2228980895293134e-36,2.8988970072545082e-34,0.2791453785415699,0.13942718526890316
NK,ABHD17A,12.515313,2.4985292,6.15642638011161e-36,5.5131205046215335e-34,0.2169066418950302,0.06488959947073904
NK,ACTG1,12.34875,0.53639644,4.947426712790311e-35,4.372664792069628e-33,0.6850905712958663,0.6389723516277531
NK,DRAP1,12.3454,0.9158608,5.157744025262912e-35,4.538814742231363e-33,0.42173711100789596,0.33919563359704497
NK,PLEK,12.338243,1.7607152,5.637286986204849e-35,4.939429735153973e-33,0.2549930329772411,0.10758883038840036
NK,SCP2,12.330867,1.2722834,6.177866211813227e-35,5.389856839216278e-33,0.3423130515559684,0.23210298536262647
NK,ADGRG1,12.319046,4.0607867,7.153562780584793e-35,6.214428384774687e-33,0.17974918718067812,0.025222592827411308
NK,SYTL1,12.265533,1.6596279,1.3869592220448516e-34,1.184626347299485e-32,0.2656758012076173,0.12776690465032942
NK,TXK,12.2178335,2.574615,2.4964976326543556e-34,2.1145334948582394e-32,0.19972131908964236,0.048818810816770954
NK,IL32,12.138767,0.8811332,6.581037640082885e-34,5.551009674174477e-32,0.4969809568044589,0.40651101248725086
NK,FLNA,12.039407,1.376207,2.2053571236529887e-33,1.8373155577712275e-31,0.30515559684161636,0.17388427929542133
NK,IFITM3,11.955183,1.9247752,6.0999289866250124e-33,5.061198222045439e-31,0.2368787738039944,0.09187639551230807
NK,TPI1,11.928423,0.80354273,8.415262820745172e-33,6.953880594313328e-31,0.4440315838365072,0.349863549907655
NK,FYN,11.85998,1.6635437,1.910218181073346e-32,1.5721018293465173e-30,0.25127728750580586,0.11150315626981283
NK,LYAR,11.830156,1.410547,2.72632580940747e-32,2.2257329740415687e-30,0.30190431955411057,0.17071422664498168
NK,PCSK7,11.785429,1.2302736,4.640525400744145e-32,3.7433571566002764e-30,0.33813283790060383,0.2263141935661714
NK,LIMD2,11.771908,0.63903075,5.447859619415634e-32,4.3600035568299615e-30,0.5387830933581049,0.4841910852606335
NK,S100A4,11.692778,0.75235933,1.3877201789959754e-31,1.1062578744560859e-29,0.8081746400371574,0.6509358546737603
NK,ARPC5L,11.692102,1.6227947,1.398809011663623e-31,1.1107417808241456e-29,0.2763585694379935,0.14962648510075255
NK,PTPRC,11.5790825,0.6333123,5.260587214650406e-31,4.1288500733364265e-29,0.5494658615884812,0.48190313421727266
NK,CARD16,11.508552,1.4518485,1.1946750374318001e-30,9.304733394986067e-29,0.2870413376683697,0.1624169584033961
NK,PPIA,11.506054,0.4554279,1.2297822265211031e-30,9.520872348513319e-29,0.6716209939619137,0.6320533671472283
NK,CHST2,11.505913,3.5555542,1.2317933036496472e-30,9.520872348513319e-29,0.17649790989317232,0.033630123769881747
NK,CEP78,11.485417,3.0537512,1.5617962435573217e-30,1.2025831075391377e-28,0.18718067812354855,0.04584171789287979
NK,MIB2,11.396298,2.2619734,4.36276909056187e-30,3.3091929131694663e-28,0.20668834184858337,0.06954819858312429
NK,AKNA,11.382,1.7822042,5.1406890637592965e-30,3.8847556612676203e-28,0.23316302833255922,0.09813380378752377
NK,ABI3,11.349132,2.9344928,7.49032070593322e-30,5.6393792337115e-28,0.17603344170924293,0.03396091187253632
NK,MT2A,11.270086,1.051511,1.843882216726802e-29,1.3729830659934956e-27,0.38039944263817926,0.28246547399178545
NK,ARHGAP9,11.217696,1.6428441,3.338554591614499e-29,2.4678595541214377e-27,0.24663260566651185,0.1188356258786559
NK,HSH2D,11.174511,2.4194598,5.43490853724858e-29,4.002928287869172e-27,0.19693450998606596,0.061250930341538716
NK,PTGDR,11.16392,4.5700593,6.123045490987503e-29,4.4934754058048364e-27,0.15095215977705528,0.00837996526724922
NK,CDK2AP2,11.124069,2.0764277,9.580038044880874e-29,7.005144366055338e-27,0.21830004644681839,0.08768641287868346
NK,PTPN4,11.091106,1.9604592,1.38563398648448e-28,1.0059702741877326e-26,0.21830004644681839,0.08655622019461366
NK,CAPZB,11.0560055,0.83366585,2.050256373416187e-28,1.4727071222192315e-26,0.41848583372039017,0.35438432064393416
NK,CD164,11.049799,1.0582654,2.1970739374324415e-28,1.5726098239481223e-26,0.34881560613098,0.2557267690272073
NK,POLR2L,11.021042,0.67470175,3.0253530114033604e-28,2.1578728426599126e-26,0.46725499303297724,0.4006946550155746
NK,HLA-F,10.9418125,1.1003704,7.273085070179956e-28,5.115822605765334e-26,0.3190896423594984,0.2107947184166276
NK,ATP6V0E1,10.899444,0.80693686,1.1596453675378703e-27,8.100780423130524e-26,0.42638179284718997,0.35402596686605836
NK,EMP3,10.886839,0.56581044,1.3318328319788824e-27,9.271745824817371e-26,0.5912679981421273,0.533864432009262
NK,C1orf56,10.8563,1.4868879,1.8613893039604346e-27,1.2826549752850072e-25,0.2782164421737111,0.15819941009455027
NK,PSME2,10.800722,0.8941376,3.415068935867834e-27,2.345321666497342e-25,0.3892243381328379,0.3128152824103426
NK,TBX21,10.792639,3.7817256,3.7292693847197626e-27,2.552477712208193e-25,0.15141662796098468,0.013727706260164842
NK,RNF213,10.781475,1.4200132,4.21077071768714e-27,2.872367353998127e-25,0.2596377148165351,0.13901370014058495
NK,PRDX5,10.632938,1.0004934,2.094079652370132e-26,1.3924689664344558e-24,0.36182071528100324,0.27984673484577005
Plasmacytoid DC,JCHAIN,29.656507,7.41385,2.795671683286693e-193,5.68304139778519e-189,0.9606060606060606,0.06742782152230971
Plasmacytoid DC,ITM2C,27.76871,5.9667664,1.0359093129963362e-169,1.0528982257294762e-165,0.9090909090909091,0.08538057742782153
Plasmacytoid DC,SEC61B,27.614916,3.889767,7.3674933690808345e-168,4.992213506889174e-164,0.9575757575757575,0.35548556430446193
Plasmacytoid DC,C12orf75,25.869804,4.711598,1.456823069791541e-147,7.403574840680612e-144,0.8939393939393939,0.1589238845144357
Plasmacytoid DC,CD74,25.490288,4.257977,2.5260941281768222e-143,1.0270088287515688e-139,1.0,0.5666141732283465
Plasmacytoid DC,NPC2,25.267288,3.9861157,7.31349787834653e-141,2.477813081183805e-137,0.9181818181818182,0.28834645669291337
Plasmacytoid DC,PLAC8,24.774643,3.8603733,1.6824846707724802e-135,4.8859354839232824e-132,0.906060606060606,0.32551181102362203
Plasmacytoid DC,PLD4,24.634977,6.510701,5.33212364430068e-134,1.3548926180168029e-130,0.803030303030303,0.03863517060367454
Plasmacytoid DC,IRF7,24.36298,5.889368,4.2236719304307085e-131,9.539867000199493e-128,0.806060606060606,0.057795275590551184
Plasmacytoid DC,MZB1,24.346674,5.5309362,6.287090935682624e-131,1.2780398454055637e-127,0.8212121212121212,0.05826771653543307
Plasmacytoid DC,TCF4,24.29542,5.526123,2.1914958949236236e-130,4.0498844138188566e-127,0.8151515151515152,0.06755905511811024
Plasmacytoid DC,IRF8,23.532602,5.2584615,1.8921430790939478e-122,3.2052903759851475e-119,0.793939393939394,0.07881889763779527
Plasmacytoid DC,LILRA4,23.395742,9.678933,4.722113359250808e-121,7.38393233591157e-118,0.7484848484848485,0.0033595800524934384
Plasmacytoid DC,CCDC50,23.28143,5.696991,6.837714652231986e-120,9.928361675040843e-117,0.7727272727272727,0.05372703412073491
Plasmacytoid DC,SERPINF1,22.604162,8.050306,3.943811998352874e-113,5.344654020167815e-110,0.7272727272727273,0.010446194225721784
Plasmacytoid DC,SPCS1,22.512964,2.9663444,3.0985161016484694e-112,3.9366647071443805e-109,0.8818181818181818,0.3789763779527559
Plasmacytoid DC,ALOX5AP,22.497473,3.9959881,4.3939943489750535e-112,5.2541833603508755e-109,0.8151515151515152,0.18039370078740158
Plasmacytoid DC,UGCG,22.028069,6.079426,1.5504490269632623e-107,1.750973767783844e-104,0.7242424242424242,0.03753280839895013
Plasmacytoid DC,IGKC,22.018602,3.689255,1.9106567686035748e-107,2.044201620640709e-104,0.9272727272727272,0.2811811023622047
Plasmacytoid DC,SSR4,22.013134,2.5598104,2.155681036951584e-107,2.1910342059575898e-104,0.9181818181818182,0.5053018372703412
Plasmacytoid DC,BCL11A,21.746393,4.4323893,7.472802299529419e-105,7.233672625944478e-102,0.7666666666666667,0.10293963254593176
Plasmacytoid DC,GZMB,21.64832,5.1178064,6.303721226495981e-104,5.824638413282286e-101,0.7636363636363637,0.09454068241469817
Plasmacytoid DC,APP,21.178051,5.2096915,1.5220048090240086e-99,1.3451875546886977e-96,0.7121212121212122,0.05973753280839895
Plasmacytoid DC,HERPUD1,21.166676,3.3447292,1.9374898026648228e-99,1.641053862857105e-96,0.8303030303030303,0.23918635170603675
Plasmacytoid DC,SEC61G,20.799255,2.5604408,4.395719719726708e-96,3.5742476185041815e-93,0.896969696969697,0.44388451443569554
Plasmacytoid DC,DERL3,20.626474,6.6348405,1.5881342490053708e-94,1.241676654376199e-91,0.6727272727272727,0.02372703412073491
Plasmacytoid DC,PLP2,20.518078,3.0656042,1.4846870403752687e-93,1.1178043761758689e-90,0.8272727272727273,0.2720209973753281
Plasmacytoid DC,PPIB,20.506334,2.7320304,1.8901553710877304e-93,1.3722527994096923e-90,0.8727272727272727,0.3748293963254593
Plasmacytoid DC,SELENOS,20.216158,3.8770957,7.057049098292701e-91,4.946748071382553e-88,0.7393939393939394,0.14125984251968504
Plasmacytoid DC,CYBA,20.162346,2.1498227,2.09699341445812e-90,1.4209227376368222e-87,0.9848484848484849,0.7111548556430446
Plasmacytoid DC,HSP90B1,20.07842,2.9665418,1.1396260073109761e-89,7.473005637618556e-87,0.8363636363636363,0.2874540682414698
Plasmacytoid DC,TAGLN2,20.043768,2.6752315,2.2877865796960665e-89,1.4533164247519264e-86,0.8696969696969697,0.38393700787401575
Plasmacytoid DC,CST3,19.831768,3.6398268,1.5837144717239331e-87,9.755681145819428e-85,0.8909090909090909,0.24249343832020998
Plasmacytoid DC,FCER1G,19.373228,3.3326867,1.2985310964693399e-83,7.763688273243747e-81,0.8272727272727273,0.20750656167979004
Plasmacytoid DC,RNASE6,19.366636,3.9939718,1.4759182472445384e-83,8.572133179996278e-81,0.703030303030303,0.09333333333333334
Plasmacytoid DC,SRP14,19.196014,1.8335946,3.9960064710847115e-82,2.2564116540058338e-79,0.9454545454545454,0.6741469816272966
Plasmacytoid DC,PPP1R14B,18.92211,5.4332747,7.499233339967216e-80,4.1201193333744205e-77,0.6333333333333333,0.053779527559055115
Plasmacytoid DC,HLA-DRA,18.914637,3.3851771,8.641400748131326e-80,4.6226945896845685e-77,0.9515151515151515,0.39036745406824147
Plasmacytoid DC,RNASET2,18.788017,2.6257348,9.465047657535659e-79,4.933474071343202e-76,0.8303030303030303,0.3252755905511811
Plasmacytoid DC,HLA-DPB1,18.785425,2.7766163,9.938606383778597e-79,5.0507997642362823e-76,0.9,0.37461942257217845
Plasmacytoid DC,PARK7,18.683872,2.5419927,6.6978585397154865e-78,3.32083093647162e-75,0.8181818181818182,0.326246719160105
Plasmacytoid DC,VAMP8,18.323723,2.486926,5.3522201773353e-75,2.5904745658302855e-72,0.8424242424242424,0.3497900262467192
Plasmacytoid DC,ERP29,18.043148,2.1939273,8.93086172601939e-73,4.222012957360981e-70,0.8636363636363636,0.44238845144356953
Plasmacytoid DC,TXN,17.360386,2.7336287,1.6461581658003212e-67,7.605250725997484e-65,0.7545454545454545,0.2700262467191601
Plasmacytoid DC,IL3RA,17.260363,6.6096153,9.352257914581792e-67,4.224726641947081e-64,0.5606060606060606,0.012152230971128608
Plasmacytoid DC,TPM2,17.133224,7.868066,8.387477549199443e-66,3.7065357308723103e-63,0.5515151515151515,0.006745406824146981
Plasmacytoid DC,HLA-DPA1,16.99247,2.5006702,9.337433071850327e-65,4.038539137969648e-62,0.8636363636363636,0.3245931758530184
Plasmacytoid DC,HLA-DRB1,16.969479,2.6217449,1.3815461113737323e-64,5.850847781667757e-62,0.8606060606060606,0.35039370078740156
Plasmacytoid DC,IRF4,16.775896,5.6390357,3.6629330867809293e-63,1.5195939548588313e-60,0.5545454545454546,0.01952755905511811
Plasmacytoid DC,HLA-DMA,16.714699,2.6155896,1.0243585784427397e-62,4.164632236516803e-60,0.7575757575757576,0.22884514435695538
Plasmacytoid DC,SCT,16.469084,9.242226,6.1189324562133594e-61,2.392031903267407e-58,0.5272727272727272,0.001889763779527559
Plasmacytoid DC,SOX4,16.430826,3.689344,1.150795237237765e-60,4.413842562748922e-58,0.6181818181818182,0.10761154855643044
Plasmacytoid DC,OSTC,16.121983,2.645337,1.7878175950619425e-58,6.60777383134894e-56,0.6848484848484848,0.21590551181102363
Plasmacytoid DC,CLIC3,16.097925,4.268808,2.638062607981429e-58,9.576167266972588e-56,0.5666666666666667,0.049081364829396325
Plasmacytoid DC,FKBP2,15.963506,3.0605376,2.294713743625308e-57,8.183673856213205e-55,0.6363636363636364,0.15191601049868766
Plasmacytoid DC,TGFBI,15.9222555,4.350076,4.4407699492093455e-57,1.5564133021987514e-54,0.5515151515151515,0.04488188976377953
Plasmacytoid DC,SERF2,15.492911,1.1238401,3.873477966300992e-54,1.3345772898129926e-51,0.9727272727272728,0.8641207349081365
Plasmacytoid DC,SLC15A4,15.44743,5.1330805,7.851266883301275e-54,2.660009220062472e-51,0.5181818181818182,0.027349081364829397
Plasmacytoid DC,ATP5F1E,15.328029,1.1310627,4.968389945698337e-53,1.6556955871500948e-50,0.9727272727272728,0.8553018372703413
Plasmacytoid DC,TSPAN13,15.213776,4.0454326,2.865313973572891e-52,9.394532653998344e-50,0.5424242424242425,0.07123359580052493
Plasmacytoid DC,MAPKAPK2,15.151415,4.1048756,7.415286517528654e-52,2.3926657829892457e-49,0.5333333333333333,0.0536745406824147
Plasmacytoid DC,GPR183,14.826057,2.9372885,9.940174095109443e-50,3.157247796959137e-47,0.6060606060606061,0.15026246719160105
Plasmacytoid DC,MYL6,14.792731,1.3638195,1.6319572347795416e-49,5.103757949015157e-47,0.9272727272727272,0.7267979002624672
Plasmacytoid DC,SMPD3,14.747625,8.564306,3.186804685595175e-49,9.81535843163314e-47,0.4727272727272727,0.002099737532808399
Plasmacytoid DC,PTCRA,14.723583,7.8335266,4.5490520952914456e-49,1.3801959849714105e-46,0.4727272727272727,0.002440944881889764
Plasmacytoid DC,HLA-DQB1,14.663909,2.2742422,1.0976790333478398e-48,3.2814146161610128e-46,0.7484848484848485,0.24860892388451444
Plasmacytoid DC,STMN1,14.465779,2.5643094,1.9933525086357392e-47,5.872589825441639e-45,0.6424242424242425,0.17023622047244094
Plasmacytoid DC,SPIB,14.43453,4.313525,3.1377603919235097e-47,9.112056178145871e-45,0.5,0.03792650918635171
Plasmacytoid DC,CD68,14.424123,3.323797,3.648818444405543e-47,1.0446926948996602e-44,0.5454545454545454,0.08070866141732283
Plasmacytoid DC,UBE2J1,14.38717,2.9935262,6.229313574375747e-47,1.758742865832086e-44,0.5757575757575758,0.1421522309711286
Plasmacytoid DC,MYL12A,14.304186,1.5162574,2.0603564430609215e-46,5.73738709240307e-44,0.906060606060606,0.6399475065616798
Plasmacytoid DC,GRN,14.264228,2.6931763,3.65614090761266e-46,1.0043517887831101e-43,0.603030303030303,0.1489501312335958
Plasmacytoid DC,CNPY3,14.136101,2.39268,2.2754640924033316e-45,6.167417876049989e-43,0.6424242424242425,0.21186351706036746
Plasmacytoid DC,LILRB4,14.06634,5.3147655,6.115312802570745e-45,1.6356852454033963e-42,0.4666666666666667,0.02047244094488189
Plasmacytoid DC,PHACTR1,13.986747,3.3405964,1.8780738542922198e-44,4.9581149753314604e-42,0.5272727272727272,0.0815748031496063
Plasmacytoid DC,CTSB,13.976593,3.0784447,2.1661091648436768e-44,5.645213731146444e-42,0.5454545454545454,0.1110236220472441
Plasmacytoid DC,P4HB,13.874468,2.1629844,9.04624497098576e-44,2.3277476932936526e-41,0.6696969696969697,0.25036745406824146
Plasmacytoid DC,UCP2,13.635663,2.0747354,2.4574752701640984e-42,6.244444661486973e-40,0.6878787878787879,0.2905774278215223
Plasmacytoid DC,DSTN,13.515245,2.2211053,1.2713131053544512e-41,3.190525037733986e-39,0.6424242424242425,0.22593175853018374
Plasmacytoid DC,PSAP,13.29996,1.8448675,2.31591842903134e-40,5.741218271384035e-38,0.7696969696969697,0.32984251968503936
Plasmacytoid DC,FTH1,13.286951,0.9052711,2.755813760597011e-40,6.749419533182654e-38,0.9939393939393939,0.9562204724409449
Plasmacytoid DC,TYROBP,13.265128,2.2146342,3.687892911880728e-40,8.819704366201346e-38,0.8090909090909091,0.26671916010498686
Plasmacytoid DC,CCDC88A,13.16535,3.440472,1.388932640362772e-39,3.283049152708655e-37,0.4909090909090909,0.08493438320209974
Plasmacytoid DC,CAPG,13.1177225,2.6273203,2.6065016460477156e-39,6.090225915041145e-37,0.5484848484848485,0.12167979002624672
Plasmacytoid DC,SIVA1,13.103754,1.9976813,3.133658674467766e-39,7.238751538020539e-37,0.6666666666666666,0.26448818897637794
Plasmacytoid DC,TMEM258,13.079056,1.7025973,4.337932312452537e-39,9.908032364891594e-37,0.7515151515151515,0.41018372703412076
Plasmacytoid DC,CYB561A3,13.070248,3.2916892,4.8706561965811633e-39,1.100118879601132e-36,0.49696969696969695,0.08981627296587927
Plasmacytoid DC,PHB,12.959274,2.6019726,2.0820912601650153e-38,4.651071553476311e-36,0.5424242424242425,0.15005249343832022
Plasmacytoid DC,LGMN,12.916889,5.6683874,3.614602099681248e-38,7.986699074165263e-36,0.42424242424242425,0.013097112860892388
Plasmacytoid DC,FCER1A,12.882097,4.8045173,5.677132680896422e-38,1.2409113240565857e-35,0.43333333333333335,0.021758530183727035
Plasmacytoid DC,TRAF4,12.855902,4.5766926,7.969072360756566e-38,1.7233542866963775e-35,0.4393939393939394,0.03125984251968504
Plasmacytoid DC,FAM129C,12.843376,3.532895,9.369735162090072e-38,2.0049260671049155e-35,0.4666666666666667,0.04939632545931758
Plasmacytoid DC,LSP1,12.8424015,1.7330728,9.488420641660058e-38,2.0091730708715174e-35,0.7606060606060606,0.38393700787401575
Plasmacytoid DC,VIM,12.790128,1.6450292,1.86167023880477e-37,3.901446661280759e-35,0.8909090909090909,0.5414173228346457
Plasmacytoid DC,AC007952.4,12.727411,2.2697394,4.164180903173082e-37,8.550451454515395e-35,0.603030303030303,0.1974015748031496
Plasmacytoid DC,XBP1,12.611085,2.1257122,1.8344988517645668e-36,3.7291692658670117e-34,0.6181818181818182,0.2311548556430446
Plasmacytoid DC,GUK1,12.495979,1.5944277,7.852294250056667e-36,1.5804102724272468e-33,0.8,0.4361942257217848
Plasmacytoid DC,DBI,12.418656,1.8076134,2.0700867273841648e-35,4.125561077869147e-33,0.7121212121212122,0.32320209973753283
Plasmacytoid DC,SUB1,12.390934,1.4053745,2.9261708190409613e-35,5.7750680009188995e-33,0.8666666666666667,0.5807874015748031
Plasmacytoid DC,PPM1K,12.2323,2.9486163,2.089368478102519e-34,4.045017373606476e-32,0.4818181818181818,0.09244094488188977
Plasmacytoid DC,HINT1,12.19089,1.2197485,3.4760306140659215e-34,6.666108521012458e-32,0.9242424242424242,0.6966929133858267
Plasmacytoid DC,SLC20A1,12.177886,3.5377624,4.077133079507921e-34,7.745790770115609e-32,0.4484848484848485,0.06545931758530184
Plasmacytoid DC,PPIA,12.172015,1.3194954,4.381289471765e-34,8.246560405744344e-32,0.9151515151515152,0.6318372703412074
Plasmacytoid DC,SPINT2,12.13902,2.444064,6.560708561948921e-34,1.2235420518100702e-31,0.5242424242424243,0.15
Plasmacytoid DC,AP3S1,12.134241,2.180582,6.955201238516132e-34,1.2853211888777813e-31,0.5727272727272728,0.20034120734908137
Plasmacytoid DC,AC245014.3,12.123524,2.2252965,7.9275649386135e-34,1.4518156763255427e-31,0.5818181818181818,0.19564304461942258
Plasmacytoid DC,TMED2,12.091032,1.9245317,1.1779788066583673e-33,2.1380315340849365e-31,0.6333333333333333,0.2589763779527559
Plasmacytoid DC,PRKCB,12.042505,2.3016417,2.1240499514091503e-33,3.8210342842694876e-31,0.5454545454545454,0.15509186351706036
Plasmacytoid DC,SSR3,11.932909,2.4358768,7.973709816652182e-33,1.4218383609903998e-30,0.5212121212121212,0.160498687664042
Plasmacytoid DC,CD164,11.89596,1.9212902,1.2421700286308887e-32,2.1957245514790176e-30,0.6212121212121212,0.2578215223097113
Plasmacytoid DC,MEF2C,11.870437,2.2713487,1.6858505266375624e-32,2.9543077159903764e-30,0.5333333333333333,0.14545931758530184
Plasmacytoid DC,CANX,11.782813,2.0690565,4.786855117129194e-32,8.31685391632498e-30,0.5666666666666667,0.19640419947506563
Plasmacytoid DC,TRAM1,11.779858,1.9921707,4.95767580015048e-32,8.540646920801605e-30,0.593939393939394,0.2409448818897638
Plasmacytoid DC,GAPT,11.748768,3.7996798,7.165563641935696e-32,1.2240468715400742e-29,0.41818181818181815,0.045249343832021
Plasmacytoid DC,OST4,11.732109,1.2281998,8.725744660843534e-32,1.4781411455468948e-29,0.8727272727272727,0.6144619422572178
Plasmacytoid DC,LAPTM4A,11.722159,1.8117396,9.813833754522921e-32,1.6487240707598508e-29,0.6333333333333333,0.2594750656167979
Plasmacytoid DC,OFD1,11.695575,2.9403553,1.342747047248107e-31,2.237324752168813e-29,0.4696969696969697,0.10658792650918635
Plasmacytoid DC,TMED10,11.657623,1.9948773,2.0981709804442815e-31,3.439646749231561e-29,0.5818181818181818,0.22666666666666666
Plasmacytoid DC,JAML,11.6255,2.8977191,3.0579717322687215e-31,4.972995949884685e-29,0.4575757575757576,0.08803149606299213
Plasmacytoid DC,OAZ1,11.619373,1.1887704,3.2853854587140004e-31,5.300421873391921e-29,0.9393939393939394,0.7136745406824146
Plasmacytoid DC,MYDGF,11.591712,2.269923,4.539650967047484e-31,7.266301169932382e-29,0.5333333333333333,0.17929133858267718
Plasmacytoid DC,RRBP1,11.539311,3.5194018,8.359177288327082e-31,1.3275418431024448e-28,0.4212121212121212,0.05540682414698163
Plasmacytoid DC,PAXX,11.532073,2.0487328,9.092765540504297e-31,1.432850681452491e-28,0.5757575757575758,0.22133858267716536
Plasmacytoid DC,SELENOF,11.524984,1.7081368,9.87306532095616e-31,1.5438436295722832e-28,0.6515151515151515,0.31383202099737534
Plasmacytoid DC,SNX3,11.43968,1.5119084,2.6486167422734528e-30,4.110006193659141e-28,0.7636363636363637,0.39031496062992127
Plasmacytoid DC,CDK2AP2,11.423336,2.9176881,3.197195089883607e-30,4.886660284748418e-28,0.45151515151515154,0.09191601049868767
Plasmacytoid DC,LDLRAD4,11.392945,4.0975795,4.5340244513047345e-30,6.827233262675751e-28,0.4,0.04005249343832021
Plasmacytoid DC,SPCS3,11.361676,2.3467844,6.488755588610302e-30,9.69878114744634e-28,0.5060606060606061,0.1568503937007874
Plasmacytoid DC,A1BG,11.341429,2.6809914,8.179830206990565e-30,1.21371962370587e-27,0.4636363636363636,0.09884514435695538
Plasmacytoid DC,TNFRSF21,11.292894,5.5534925,1.4227273206712605e-29,2.095739201058361e-27,0.37272727272727274,0.014094488188976378
Plasmacytoid DC,RAB11FIP1,11.292114,2.8327928,1.4354104556436049e-29,2.099210341174331e-27,0.45454545454545453,0.09960629921259842
Plasmacytoid DC,HLA-DMB,11.246469,2.2112985,2.4105073319470346e-29,3.500056645987094e-27,0.5121212121212121,0.13645669291338583
Plasmacytoid DC,COPE,11.200504,1.6271448,4.054211468739431e-29,5.844965300463486e-27,0.6666666666666666,0.3303674540682415
Plasmacytoid DC,PDIA4,11.190881,2.83056,4.5192191018272984e-29,6.4430478018076806e-27,0.45454545454545453,0.1083989501312336
Plasmacytoid DC,HLA-DRB5,11.190621,2.432946,4.5324470467261823e-29,6.4430478018076806e-27,0.4909090909090909,0.13349081364829396
Plasmacytoid DC,PTPRE,11.18122,2.6863158,5.0392210736141904e-29,7.113700415585365e-27,0.4575757575757576,0.09902887139107612
Plasmacytoid DC,GAS6,11.059973,6.233868,1.961566353294672e-28,2.749980746880972e-26,0.3606060606060606,0.009238845144356956
Plasmacytoid DC,N4BP2L1,11.0333185,2.452781,2.6394100089627156e-28,3.6749264837119236e-26,0.47575757575757577,0.12724409448818896
Plasmacytoid DC,TM9SF2,11.026148,2.7654521,2.858484526238065e-28,3.952875744854924e-26,0.44242424242424244,0.09616797900262467
Plasmacytoid DC,PDIA3,11.009196,1.6284987,3.4506709745294846e-28,4.739543214205092e-26,0.6484848484848484,0.2972703412073491
Plasmacytoid DC,SPCS2,11.000368,1.7767859,3.8057399739649313e-28,5.192153167165042e-26,0.6,0.2656692913385827
Plasmacytoid DC,MTDH,10.973647,1.609329,5.116602433332842e-28,6.934019617652667e-26,0.6575757575757576,0.3195800524934383
Plasmacytoid DC,HIGD1A,10.963608,2.8530943,5.717359864853877e-28,7.696853730645669e-26,0.43636363636363634,0.10007874015748032
Plasmacytoid DC,GNG7,10.8842535,3.0838225,1.3701593507212997e-27,1.8324078474646435e-25,0.4090909090909091,0.055879265091863514
Plasmacytoid DC,MPEG1,10.874073,2.948312,1.5320559213524147e-27,2.035531553545875e-25,0.4212121212121212,0.06984251968503936
Plasmacytoid DC,ARL4C,10.836842,2.0160487,2.3028512007862157e-27,3.020152207069819e-25,0.5363636363636364,0.18700787401574803
Plasmacytoid DC,MYL12B,10.832287,1.3024355,2.4203487112849146e-27,3.153900551474343e-25,0.803030303030303,0.4961942257217848
Plasmacytoid DC,CHCHD2,10.808062,1.2176988,3.1526007231361287e-27,4.08191512738288e-25,0.8575757575757575,0.5861679790026246
Plasmacytoid DC,NUCB2,10.798399,1.9545344,3.5025741409579684e-27,4.506349818822379e-25,0.5424242424242425,0.19986876640419948
Plasmacytoid DC,CLEC4C,10.595762,8.760055,3.1179170269184325e-26,3.986227504603641e-24,0.3393939393939394,0.0013910761154855642
Plasmacytoid DC,SEC11C,10.5499115,2.6207056,5.084489858102591e-26,6.4197211077956194e-24,0.4484848484848485,0.12566929133858268
Plasmacytoid DC,BRK1,10.536212,1.5038216,5.882056741649691e-26,7.380891941003391e-24,0.6484848484848484,0.31706036745406824
Plasmacytoid DC,NCF1,10.498776,1.7824908,8.75070219390097e-26,1.0913145656295639e-23,0.5636363636363636,0.19923884514435697
Plasmacytoid DC,CLN8,10.370507,3.5966232,3.377269317885955e-25,4.1861665057308355e-23,0.37575757575757573,0.04664041994750656
Plasmacytoid DC,SEL1L3,10.356018,3.392266,3.929837480009398e-25,4.841559775371579e-23,0.37575757575757573,0.04068241469816273
Plasmacytoid DC,GLIPR1,10.323755,2.0636678,5.502799286609655e-25,6.738608668566328e-23,0.4818181818181818,0.14086614173228346
Plasmacytoid DC,ARPC3,10.31836,1.1816319,5.82086029071987e-25,7.08541604729063e-23,0.8515151515151516,0.5897112860892388
Plasmacytoid DC,DNAJC4,10.304389,2.4137812,6.731782506619041e-25,8.145456833009039e-23,0.44545454545454544,0.11960629921259842
Plasmacytoid DC,CALM2,10.283414,1.2476784,8.370880394562177e-25,1.0068831755068635e-22,0.8363636363636363,0.5577690288713911
Plasmacytoid DC,FCGRT,10.2787895,1.896168,8.782377732634908e-25,1.0501657326411907e-22,0.5181818181818182,0.18501312335958006
Plasmacytoid DC,AC103591.3,10.2646265,2.1326647,1.017139073769119e-24,1.2091463796244827e-22,0.4909090909090909,0.16782152230971129
Plasmacytoid DC,GRAMD1B,10.203131,4.788821,1.9198246845980956e-24,2.2558494906653226e-22,0.3424242424242424,0.017086614173228345
Plasmacytoid DC,C12orf45,10.166761,3.5850518,2.7903239996043486e-24,3.259868176089494e-22,0.37272727272727274,0.05582677165354331
Plasmacytoid DC,COX7A2,10.148564,1.1392059,3.362738925580151e-24,3.906157535953903e-22,0.8333333333333334,0.5705249343832021
Plasmacytoid DC,RUNX2,10.099614,4.5907197,5.545986693481061e-24,6.405614630970626e-22,0.3424242424242424,0.02120734908136483
Plasmacytoid DC,COX6A1,10.046209,1.2719753,9.546955120709364e-24,1.096443523693672e-21,0.7575757575757576,0.4459580052493438
Plasmacytoid DC,PPP1R15A,10.041363,1.5095364,1.002790745840622e-23,1.1452095663734925e-21,0.6393939393939394,0.3220472440944882
Plasmacytoid DC,ATP6V0B,10.022197,1.5185847,1.2176635446629992e-23,1.382830421000528e-21,0.6060606060606061,0.2696325459317585
Plasmacytoid DC,COMT,9.90577,2.3119166,3.929295620128051e-23,4.4374845203312784e-21,0.43333333333333335,0.12291338582677165
Plasmacytoid DC,SELL,9.886581,1.4554992,4.760044688986959e-23,5.341132620546042e-21,0.6484848484848484,0.3100524934383202
Plasmacytoid DC,PYCARD,9.886121,1.7247415,4.782005789745079e-23,5.341132620546042e-21,0.5212121212121212,0.18561679790026248
Plasmacytoid DC,CDKN2D,9.856818,2.0259461,6.404694278396577e-23,7.114460398428722e-21,0.4727272727272727,0.15398950131233596
Plasmacytoid DC,CHD9,9.815697,2.3874998,9.636961192573211e-23,1.0646747126229796e-20,0.42424242424242425,0.11700787401574803
Plasmacytoid DC,SCARB2,9.768753,3.2258508,1.5332766252497817e-22,1.6847809317879763e-20,0.36666666666666664,0.05816272965879265
Plasmacytoid DC,GNAS,9.763871,1.5599145,1.608929561728616e-22,1.758404308108565e-20,0.5818181818181818,0.2751968503937008
Plasmacytoid DC,PSENEN,9.702871,2.2179294,2.9312987166889245e-22,3.186494134377136e-20,0.43333333333333335,0.1258267716535433
Plasmacytoid DC,PDIA6,9.695543,1.8513374,3.1495615665673624e-22,3.4055472087862416e-20,0.49393939393939396,0.19682414698162728
Plasmacytoid DC,AC119428.2,9.665012,6.8553185,4.245684161733995e-22,4.56646918728723e-20,0.31212121212121213,0.003648293963254593
Plasmacytoid DC,UNC93B1,9.664322,3.5786982,4.274399267937378e-22,4.573157279927948e-20,0.3484848484848485,0.041784776902887136
Plasmacytoid DC,SSR1,9.653725,1.9309558,4.740193916038271e-22,5.0449561217395794e-20,0.47575757575757577,0.1700262467191601
Plasmacytoid DC,UBB,9.607444,1.0434023,7.437252187426751e-22,7.874190753438073e-20,0.9151515151515152,0.6927821522309712
Plasmacytoid DC,NDUFA4,9.590901,1.1147718,8.731910996507638e-22,9.197009675492605e-20,0.803030303030303,0.5535695538057743
Plasmacytoid DC,GNG5,9.575181,1.5399703,1.0167933953497614e-21,1.0654317598283479e-19,0.5696969696969697,0.26136482939632544
Plasmacytoid DC,SFT2D2,9.561,3.022665,1.1662398203016373e-21,1.215760157286753e-19,0.3696969696969697,0.06879265091863516
Plasmacytoid DC,HLA-DQA1,9.54969,1.8771621,1.3008451808455873e-21,1.349162287562709e-19,0.4696969696969697,0.14488188976377953
Plasmacytoid DC,DHRS7,9.511784,2.0267158,1.8742086706979165e-21,1.9339550181699111e-19,0.45151515151515154,0.1447244094488189
Plasmacytoid DC,THEMIS2,9.4901085,2.4253492,2.3079460830895207e-21,2.369491311971908e-19,0.403030303030303,0.10041994750656168
Plasmacytoid DC,CXXC5,9.488743,2.6055353,2.3383752180654615e-21,2.388667911197724e-19,0.3878787878787879,0.08729658792650918
Plasmacytoid DC,TMED9,9.480724,1.9433422,2.525239873752819e-21,2.5666538076823655e-19,0.4636363636363636,0.17131233595800524
Plasmacytoid DC,PLEK,9.438499,2.2004876,3.781555015001658e-21,3.8244502659180944e-19,0.4212121212121212,0.11320209973753281
Plasmacytoid DC,CD99,9.393801,1.319589,5.787347656462752e-21,5.824019958444298e-19,0.6696969696969697,0.368241469816273
Plasmacytoid DC,ARPC1B,9.330812,1.3473332,1.0506275736098093e-20,1.0418125520165954e-18,0.6424242424242425,0.35401574803149605
Plasmacytoid DC,MLF2,9.316288,1.9955087,1.2048189671031238e-20,1.1889106778287525e-18,0.4393939393939394,0.14196850393700788
Plasmacytoid DC,RPN2,9.279485,2.0377157,1.7029960048549388e-20,1.6723914389705894e-18,0.4393939393939394,0.1562729658792651
Plasmacytoid DC,CD2AP,9.25006,3.428231,2.2436613387256327e-20,2.1927474852699356e-18,0.3424242424242424,0.051942257217847766
Plasmacytoid DC,TUBA1B,9.192192,1.2688193,3.849147892947938e-20,3.7438027927198886e-18,0.6484848484848484,0.3100787401574803
Plasmacytoid DC,H3F3B,9.159144,0.68567866,5.2310286182400895e-20,5.0396374289850495e-18,0.9757575757575757,0.9285301837270341
Plasmacytoid DC,IRF2BP2,9.1522,1.7072982,5.578558138837699e-20,5.349100464447772e-18,0.49393939393939396,0.2053280839895013
Plasmacytoid DC,DDAH2,9.109261,2.5592508,8.294555740483035e-20,7.916043619368034e-18,0.37272727272727274,0.0836482939632546
Plasmacytoid DC,DAD1,9.106522,1.5104791,8.506531624594209e-20,8.042826737895398e-18,0.5484848484848485,0.26496062992125985
Platelet,PF4,16.688177,12.729655,1.5977272141146387e-62,3.247859880852238e-58,0.9514563106796117,0.006992459623763926
Platelet,TMSB4X,15.900394,2.7106283,6.296732938024538e-57,6.399999358208141e-53,1.0,0.9789965298614554
Platelet,PPBP,15.316065,12.23578,5.972526084085734e-53,4.046983674576494e-49,0.8737864077669902,0.00834920552091215
Platelet,H3F3A,15.006656,2.92767,6.641238314050392e-51,2.700061848960327e-47,0.9611650485436893,0.8040284916638402
Platelet,ACTB,14.202277,2.3996239,8.868364247193327e-46,3.004601806949099e-42,0.9805825242718447,0.9634722258460093
Platelet,TAGLN2,14.060619,4.3886633,6.63036083406898e-45,1.7562195259644695e-41,0.8737864077669902,0.3868030370235082
Platelet,RAP1B,14.05768,4.7528553,6.911529027801926e-45,1.7562195259644695e-41,0.8737864077669902,0.39723954392464844
Platelet,OAZ1,13.382551,3.1630616,7.647633445617781e-41,1.5546109268251825e-37,0.9223300970873787,0.71505727033162
Platelet,GP9,12.597071,11.81063,2.191317158943707e-36,4.0495541097279706e-33,0.7184466019417476,0.002556944190779346
Platelet,CAVIN2,12.489164,9.627642,8.554706152804288e-36,1.4491672222850465e-32,0.7184466019417476,0.023482140527565424
Platelet,GNG11,12.357757,9.478513,4.423273401537288e-35,6.916638592803845e-32,0.7087378640776699,0.013619641505987946
Platelet,RGS10,12.108047,4.3470535,9.574766795441531e-34,1.3902561386981102e-30,0.7766990291262136,0.28202050773606074
Platelet,RGS18,12.082179,8.139977,1.3119597209837494e-33,1.777967813877177e-30,0.6990291262135923,0.02541289430427636
Platelet,CLU,11.968924,8.264845,5.169510883307461e-33,6.567863577242129e-30,0.6893203883495146,0.018472617215018132
Platelet,CMTM5,11.744168,11.145095,7.566341106117674e-32,8.544921222508893e-29,0.6699029126213593,0.002374305320009393
Platelet,FERMT3,11.635554,5.352844,2.7181729039716116e-31,2.9081588837860486e-28,0.7087378640776699,0.13095207034205653
Platelet,TREML1,11.407482,11.507235,3.836747894812028e-30,3.545155054806314e-27,0.6504854368932039,0.001330654629895374
Platelet,MYL12A,11.191389,2.622561,4.4933713096842715e-29,3.971358781880951e-26,0.8349514563106796,0.6417147180838574
Platelet,TUBB1,11.048278,11.038277,2.234610346492244e-28,1.8170063649397735e-25,0.6310679611650486,0.004096328958697524
Platelet,PDLIM1,11.030717,5.6000266,2.716898915124001e-28,2.1241969671784877e-25,0.6601941747572816,0.0773345161374488
Platelet,NRGN,10.994351,7.1504693,4.068291563493873e-28,3.062971514914943e-25,0.6407766990291263,0.03310981814386725
Platelet,OST4,10.896036,2.5510867,1.2038785289035223e-27,8.740158119839572e-25,0.8155339805825242,0.6161452761760638
Platelet,SH3BGRL3,10.567435,2.3809042,4.218758061736127e-26,2.957203926861103e-23,0.8446601941747572,0.703185743731573
Platelet,ACRBP,10.522064,10.111671,6.835935371012884e-26,4.482609491030642e-23,0.6019417475728155,0.005583531192110001
Platelet,TPM4,10.404419,5.0089183,2.366949295851233e-25,1.4580407662443596e-22,0.6407766990291263,0.10882667571163931
Platelet,TUBA4A,10.299061,4.760379,7.115247753236695e-25,4.1325358950798726e-22,0.6601941747572816,0.14968560022960314
Platelet,LAMTOR1,10.204224,3.5442705,1.8983296121172423e-24,1.0429525501383594e-21,0.6990291262135923,0.2818639601325436
Platelet,HIST1H2AC,10.04714,7.2998323,9.457216150826205e-24,5.059112892473555e-21,0.5922330097087378,0.04383332898478879
Platelet,GPX4,9.721678,2.7048967,2.4373139252662858e-22,1.2704030121234118e-19,0.7378640776699029,0.450883189396509
Platelet,GSTO1,9.672706,4.012234,3.9382746462066484e-22,2.0014311752022185e-19,0.6407766990291263,0.19805880971638792
Platelet,CD9,9.634841,5.8476806,5.698034463619949e-22,2.8251132823528373e-19,0.5728155339805825,0.03723223836981762
Platelet,NAP1L1,9.593708,2.2281034,8.497531632637106e-22,4.1128053101963596e-19,0.8155339805825242,0.6395230516346179
Platelet,HMGB1,9.584627,1.8566617,9.279210692514694e-22,4.386692905986946e-19,0.8640776699029126,0.6899052886998721
Platelet,MYL6,9.507644,1.9798679,1.9502935804666115e-21,9.010356341755746e-19,0.7961165048543689,0.7283377253633209
Platelet,NT5C3A,9.279278,4.6782813,1.7063084164840644e-20,7.70796388673068e-18,0.5922330097087378,0.12304641636444281
Platelet,TMEM40,9.196625,12.537799,3.693684364937566e-20,1.6322872993576272e-17,0.5242718446601942,0.0007566467503326637
Platelet,RUFY1,9.182275,6.6266546,4.220773337879306e-20,1.8255293704768198e-17,0.5436893203883495,0.04031100790565398
Platelet,LIMS1,9.145554,4.802359,5.932528788795201e-20,2.512425942054768e-17,0.5728155339805825,0.10206903749315105
Platelet,PRDX6,9.031373,2.8912985,1.6953165932362299e-19,6.870304553455497e-17,0.6601941747572816,0.31899183343334986
Platelet,TSC22D1,9.029558,6.442512,1.7236596429861783e-19,6.870304553455497e-17,0.5436893203883495,0.059253267931223416
Platelet,GAPDH,8.943722,1.7194105,3.7627979004725647e-19,1.4164843652001166e-16,0.8349514563106796,0.7193101468938347
Platelet,CAPZA2,8.698182,3.4700367,3.372434489895401e-18,1.1619465815354865e-15,0.6116504854368932,0.22960315182508415
Platelet,TLN1,8.544415,4.381906,1.2918827208760147e-17,4.3768986583279376e-15,0.5533980582524272,0.1320739948339291
Platelet,YWHAH,8.510425,4.04078,1.732981245923741e-17,5.775088978219312e-15,0.5631067961165048,0.14193649385550655
Platelet,CALM3,8.469541,3.0038815,2.4636349932118715e-17,7.973337626840315e-15,0.6310679611650486,0.28739530879014796
Platelet,BEX3,8.469189,4.674335,2.4710757107976184e-17,7.973337626840315e-15,0.5339805825242718,0.09601586349048974
Platelet,ARPC5,8.45986,2.7900338,2.6769978388752922e-17,8.502814385727647e-15,0.6504854368932039,0.3230359798575417
Platelet,PKM,8.354781,2.9084136,6.555401534636822e-17,2.019063672668141e-14,0.6116504854368932,0.26553082683225926
Platelet,PTCRA,8.299632,8.838294,1.0443437324361842e-16,3.168570058651157e-14,0.47572815533980584,0.005218253450570094
Platelet,NCOA4,8.268539,5.0316505,1.3560952769273347e-16,4.053927174908656e-14,0.5339805825242718,0.12182012680355885
Platelet,FTH1,8.170008,1.3419833,3.0837044624416503e-16,8.828949903170967e-14,0.9514563106796117,0.956558040024004
Platelet,MAP3K7CL,8.043037,7.7532206,8.763841047268667e-16,2.4074508217415875e-13,0.46601941747572817,0.014141466851044955
Platelet,TALDO1,8.02758,2.9749796,9.94137380893433e-16,2.694509957173561e-13,0.5825242718446602,0.22822031466068307
Platelet,TPM1,7.960096,5.239252,1.7190629399397924e-15,4.59804097935475e-13,0.4854368932038835,0.057922613301328044
Platelet,MMD,7.9382396,6.19752,2.050709085651299e-15,5.413871986119428e-13,0.47572815533980584,0.0441986067263287
Platelet,MAX,7.915183,4.0345793,2.4688991225329713e-15,6.434330943955159e-13,0.5242718446601942,0.1165235995512302
Platelet,ARPC1B,7.906227,2.4821508,2.6530719692039687e-15,6.826790758225098e-13,0.6407766990291263,0.35572833772536333
Platelet,MPP1,7.897636,4.915174,2.842433368712253e-15,7.222623189897834e-13,0.49514563106796117,0.07994364286273384
Platelet,TIMP1,7.8813515,3.2686675,3.2385875448705693e-15,8.127655260756658e-13,0.5728155339805825,0.20969551491115923
Platelet,ACTG1,7.728123,1.661936,1.0914361395034673e-14,2.6465383757263486e-12,0.7572815533980582,0.641245075273306
Platelet,PLEK,7.70588,4.0326877,1.2994434840388307e-14,3.1076573110048648e-12,0.5048543689320388,0.11480157591254207
Platelet,C2orf88,7.700273,7.9206667,1.3577593448347986e-14,3.209364181604859e-12,0.44660194174757284,0.0138544629112636
Platelet,CTTN,7.669403,7.7561746,1.7279853227033274e-14,4.037527085047498e-12,0.44660194174757284,0.01714196258512276
Platelet,UQCRH,7.5073347,1.7659091,6.034333664207756e-14,1.3629548302890584e-11,0.6893203883495146,0.5099799097242153
Platelet,CLEC1B,7.488516,10.928048,6.965684208584086e-14,1.5391133542619272e-11,0.42718446601941745,0.0009653768883554674
Platelet,CTSA,7.442758,4.41219,9.860460206723204e-14,2.1553057535727882e-11,0.4854368932038835,0.10984423513450048
Platelet,GRAP2,7.40532,4.927265,1.3083427398790098e-13,2.799578022764264e-11,0.4563106796116505,0.05270435985075795
Platelet,SNCA,7.3986855,4.8615665,1.375389763077061e-13,2.912387823315677e-11,0.4563106796116505,0.05747906175802959
Platelet,SPARC,7.3684697,7.7017527,1.725978888026381e-13,3.617082354206213e-11,0.42718446601941745,0.01223680434158687
Platelet,CCL5,7.3069167,2.9402468,2.7334164117202217e-13,5.556488881744867e-11,0.6019417475728155,0.22769848931562606
Platelet,PTPN18,7.25464,4.4107504,4.027312275610592e-13,8.105663756298228e-11,0.46601941747572817,0.0825005870535132
Platelet,PTMA,7.2388673,0.685236,4.5244757698654954e-13,9.01701406370841e-11,0.970873786407767,0.9881023821327002
Platelet,GMPR,7.184109,6.3940787,6.764677302374766e-13,1.3222342327180214e-10,0.42718446601941745,0.030135413677042294
Platelet,WDR1,7.1594515,3.2317228,8.100040919990668e-13,1.5533738851091536e-10,0.5145631067961165,0.17971664883763405
Platelet,ACTN1,7.141571,4.335684,9.227018318267207e-13,1.7529610128386525e-10,0.4563106796116505,0.07404701646358963
Platelet,RAB11A,7.1338825,3.4191957,9.75766527899217e-13,1.836609442512526e-10,0.5145631067961165,0.18256059696819474
Platelet,AC147651.1,7.116758,9.794562,1.1049539881274609e-12,2.0606885018949564e-10,0.4077669902912621,0.0038615075534218697
Platelet,F13A1,6.976243,6.4215407,3.0317817007339673e-12,5.552257514641449e-10,0.4077669902912621,0.014689383463354815
Platelet,PGRMC1,6.957095,5.1640134,3.473606794813865e-12,6.304596332587165e-10,0.4368932038834951,0.06468025151981632
Platelet,SERF2,6.9396725,0.9146768,3.930102024139721e-12,7.070010083779845e-10,0.8640776699029126,0.8650559657682574
Platelet,ITGA2B,6.8624935,7.273068,6.7668796393227815e-12,1.1961489505056825e-09,0.39805825242718446,0.010801784642680095
Platelet,TUBA1C,6.72273,4.161553,1.7835058641236634e-11,3.0724667123649005e-09,0.4368932038834951,0.08487489237352258
Platelet,MARCH2,6.5941553,5.5037284,4.2768433312632723e-11,7.244972603159983e-09,0.39805825242718446,0.03436219897200407
Platelet,LCN2,6.584568,9.091016,4.562105007473224e-11,7.664336412555017e-09,0.3786407766990291,0.005583531192110001
Platelet,ILK,6.5532713,4.606275,5.629017429145634e-11,9.302980999973371e-09,0.4174757281553398,0.06950713596159365
Platelet,SNAP23,6.5308905,3.7670124,6.537985813769387e-11,1.0547950446214611e-08,0.44660194174757284,0.11764552404310277
Platelet,CCND3,6.5203204,2.3998673,7.015742974319486e-11,1.1229608124564292e-08,0.5533980582524272,0.3070159417642915
Platelet,CARD19,6.4796543,3.6886675,9.193308794675353e-11,1.4600123529543796e-08,0.44660194174757284,0.1170454248962872
Platelet,RBX1,6.420881,2.4885755,1.3548821871160777e-10,2.1024461908164604e-08,0.5436893203883495,0.2813943173219923
Platelet,HIST1H3H,6.372041,7.632848,1.865286092897028e-10,2.8296668430157303e-08,0.36893203883495146,0.00881884833146346
Platelet,DYNLL1,6.277391,2.8087583,3.4430162465042804e-10,5.071712627459349e-08,0.4854368932038835,0.20379888851201503
Platelet,TUBA1B,6.2174745,2.3027544,5.052199489139299e-10,7.283766752852743e-08,0.5533980582524272,0.31233856028387297
Platelet,KIF2A,6.157674,3.6453047,7.382118186021222e-10,1.0493964929051705e-07,0.4174757281553398,0.09716387924961516
Platelet,HIST1H2BJ,6.082158,8.681256,1.1857555558147067e-09,1.6509615711370795e-07,0.34951456310679613,0.004618154303754533
Platelet,AP2M1,6.076364,2.4231656,1.2293824726202776e-09,1.7000603335663267e-07,0.5048543689320388,0.2326297388264148
Platelet,SNX3,6.0750966,1.8539064,1.239131321910571e-09,1.7019636156620329e-07,0.5728155339805825,0.3930388498969395
Platelet,FKBP1A,6.0643263,1.9814428,1.325078256590719e-09,1.7957460533317423e-07,0.5728155339805825,0.361546690322749
Platelet,LAT,6.006193,2.665262,1.8992983882309757e-09,2.556883287149621e-07,0.46601941747572817,0.17027161009210218
Platelet,RNF11,5.9362936,3.902484,2.915372112065593e-09,3.8482911879265827e-07,0.39805825242718446,0.08531844391682104
Platelet,SPNS1,5.897891,4.0326514,3.6817680075887754e-09,4.797626926811835e-07,0.3883495145631068,0.07589949643854202
Platelet,SAT1,5.8966103,2.0423148,3.7104447403227753e-09,4.804198769508368e-07,0.6213592233009708,0.43441959975996036
Platelet,ITM2B,5.8574204,1.5244689,4.7011123835042224e-09,6.010327832193323e-07,0.7184466019417476,0.6771727502804811
Platelet,ODC1,5.799937,2.6644073,6.633994210523886e-09,8.273364068191998e-07,0.47572815533980584,0.21958410519998955
Platelet,PFN1,5.766808,0.80512494,8.078700428453764e-09,1.0013647701805372e-06,0.7961165048543689,0.8269888068463486
Platelet,TMEM50A,5.734942,2.3521886,9.754564320901071e-09,1.2017623243350121e-06,0.4854368932038835,0.24071803167479844
Platelet,CDKN2D,5.7039433,2.8553982,1.1706695729626851e-08,1.4249922801907462e-06,0.4368932038834951,0.15597359563754012
Platelet,BIN2,5.6964374,2.3610969,1.2233693066517501e-08,1.4802768610486176e-06,0.47572815533980584,0.22206277558901036
Platelet,AC090409.1,5.619387,12.094079,1.9163585608594545e-08,2.264868420066918e-06,0.32038834951456313,0.0003913690087927571
Platelet,SPX,5.610102,9.883079,2.0220700394603044e-08,2.3623356185143142e-06,0.32038834951456313,0.0010958332246197198
Platelet,PPP1R14A,5.604655,4.567804,2.0867019032841896e-08,2.4239129308549145e-06,0.34951456310679613,0.039241265948287106
Platelet,MYL9,5.596415,9.011928,2.1882946750841104e-08,2.5274803497221474e-06,0.32038834951456313,0.0021133926474808883
Platelet,RSU1,5.5407543,3.622468,3.011715240122119e-08,3.420231698391198e-06,0.3883495145631068,0.10741774727998539
Platelet,H2AFJ,5.533328,2.8501291,3.1421086164687234e-08,3.548487997532011e-06,0.4368932038834951,0.16990633235056227
Platelet,SMOX,5.504615,7.117881,3.699757535393305e-08,4.1323445703008304e-06,0.32038834951456313,0.009523312547290422
Platelet,GSN,5.4958816,4.7329645,3.88763450231482e-08,4.318460883227085e-06,0.33980582524271846,0.03681477809377202
Platelet,VIM-AS1,5.4478693,5.2119045,5.097679437731321e-08,5.631827587510994e-06,0.3300970873786408,0.026326088658126124
Platelet,SMIM5,5.4243054,6.806179,5.818025587029064e-08,6.3585389318885385e-06,0.32038834951456313,0.01604612936050304
Platelet,STXBP2,5.421771,2.358754,5.901146246405642e-08,6.414893096092721e-06,0.46601941747572817,0.20557309468520887
Platelet,RTN3,5.389296,2.8527167,7.073426304420716e-08,7.607862958532503e-06,0.4077669902912621,0.13893599812142876
Platelet,NAA38,5.303997,2.433765,1.1329408361299944e-07,1.1871351194252848e-05,0.4563106796116505,0.24465781302997885
Platelet,PARVB,5.3004484,4.0840125,1.1551849088255181e-07,1.2042358372618017e-05,0.34951456310679613,0.0690635844182952
Platelet,CLDN5,5.2738967,10.322937,1.3355711841792983e-07,1.3777168560638023e-05,0.30097087378640774,0.0007044642158269627
Platelet,RAC1,5.273025,1.8011937,1.3419320026595477e-07,1.3777168560638023e-05,0.5145631067961165,0.32616693192788376
Platelet,AP001189.1,5.2713,9.963938,1.3546103651466704e-07,1.3837446986282169e-05,0.30097087378640774,0.000887103086596916
Platelet,RPA1,5.26169,3.9017603,1.4273714366074383e-07,1.4507803281678005e-05,0.3592233009708738,0.07918699611240118
Platelet,MLH3,5.258128,5.127761,1.4552899189287678e-07,1.4717976851733328e-05,0.32038834951456313,0.028361207503848462
Platelet,SPINT2,5.255856,2.7973368,1.4733757472691153e-07,1.4827119896280482e-05,0.4077669902912621,0.15252954836016386
Platelet,DMTN,5.189545,6.075667,2.108084398778048e-07,2.0903970565053737e-05,0.3106796116504854,0.020820831267774675
Platelet,ARHGDIB,5.0938187,0.9156622,3.5092258047992766e-07,3.3969305790456995e-05,0.6893203883495146,0.694810446943408
Platelet,CLIC1,5.035588,1.642682,4.7638525180864576e-07,4.5679053767764866e-05,0.5145631067961165,0.3908210921804472
Platelet,NDUFAF3,5.026605,2.6471233,4.992391309310648e-07,4.764569508716754e-05,0.39805825242718446,0.16260077751976412
Platelet,VDAC3,5.0053406,2.8007622,5.576340919661354e-07,5.2479563988368516e-05,0.3883495145631068,0.1440237952357346
Platelet,H2AFZ,4.9378333,1.8827461,7.899531589013138e-07,7.266139282418963e-05,0.5048543689320388,0.3241839956166671
Platelet,ESAM,4.909116,8.370754,9.148794461068239e-07,8.33976205401772e-05,0.2815533980582524,0.002400396587262243
Platelet,RHOA,4.8721094,1.4316081,1.1041297757561678e-06,9.84418863226815e-05,0.5533980582524272,0.41897356954627285
Platelet,TPST2,4.868632,3.4417596,1.1237343318821707e-06,9.975227728602954e-05,0.33980582524271846,0.07996973412998669
Platelet,GFI1B,4.8677115,5.01708,1.1289795806891993e-06,9.978216050543497e-05,0.30097087378640774,0.03206616745375323
Platelet,PIP4K2A,4.848448,2.6253467,1.244311701329937e-06,0.00010949942971703445,0.39805825242718446,0.1644532574947165
Platelet,DAPP1,4.781381,4.3532777,1.7409493466325293e-06,0.00014995770473875446,0.30097087378640774,0.035092754455083884
Platelet,PPDPF,4.7617617,0.88161314,1.9191012692826153e-06,0.0001632279941505314,0.6601941747572816,0.6569781094267748
Platelet,RAB32,4.7546735,3.9913409,1.9876730241907353e-06,0.0001676573329284202,0.3106796116504854,0.05210426070394239
Platelet,TUBB4B,4.7206955,2.5566792,2.3503958898968675e-06,0.0001974332547513369,0.36893203883495146,0.12348996790774128
Platelet,PDZK1IP1,4.7026324,8.546828,2.5682839327954404e-06,0.00021396752371256438,0.27184466019417475,0.0054008923213400475
Platelet,MIR4435-2HG,4.70004,3.7674496,2.601104749112048e-06,0.00021581737689775393,0.32038834951456313,0.0696375922978579
Platelet,VCL,4.6963005,3.7330568,2.6491601164309523e-06,0.0002180248050478073,0.3106796116504854,0.05369582800636627
Platelet,GAS2L1,4.6871486,6.0769296,2.770376244785916e-06,0.00022616951126107674,0.2815533980582524,0.019777180577660657
Platelet,STOM,4.6658707,3.3635209,3.0731284338632553e-06,0.000249882219214289,0.3300970873786408,0.08403997182143137
Platelet,PRKAR2B,4.655025,5.1029916,3.2394144283510986e-06,0.00026235385059570173,0.2912621359223301,0.03551021473112949
Platelet,PDCD10,4.6171203,2.8993878,3.8910164063009035e-06,0.00031263470951495954,0.3592233009708738,0.1301171497899653
Platelet,SCN1B,4.577259,8.645317,4.711077590986627e-06,0.00037555602066500457,0.2621359223300971,0.001774206173193832
Platelet,CALD1,4.5567236,7.4334054,5.1957687088065734e-06,0.0004109711529673931,0.2621359223300971,0.0029222219323192526
Platelet,SLC40A1,4.5558968,4.3429775,5.216258305540215e-06,0.00041099263114349413,0.30097087378640774,0.05690505387846688
Platelet,MPIG6B,4.5294204,7.669741,5.914573294931732e-06,0.0004624286382283548,0.2621359223300971,0.005453074855845748
Platelet,TPM3,4.5237994,1.3948905,6.073925169490304e-06,0.00047126240780686604,0.5242718446601942,0.4227568032979362
Platelet,ARL6IP5,4.5086894,1.820655,6.522935694841312e-06,0.0005003707049235252,0.47572815533980584,0.30297179534009966
Platelet,TMEM140,4.502833,6.6646576,6.705362542472375e-06,0.0005124308637720993,0.2621359223300971,0.007044642158269627
Platelet,ITGB1,4.4456735,2.308017,8.761692828767645e-06,0.0006645809396387637,0.3883495145631068,0.17909045842356563
Platelet,PTGS1,4.424965,6.2838693,9.645804946406635e-06,0.0007289216466563349,0.2621359223300971,0.013071724893678086
Platelet,C9orf16,4.4183345,1.6603155,9.946439368069479e-06,0.0007488563684226532,0.5145631067961165,0.3799671250032614
Platelet,ADIPOR1,4.3908577,3.3535452,1.129044330240857e-05,0.0008441743632205455,0.32038834951456313,0.09510266913663996
Platelet,CA2,4.3874736,3.4862823,1.1467488640925056e-05,0.0008507704711413304,0.2912621359223301,0.046285908106556736
Platelet,ARHGAP18,4.383996,4.9076743,1.1652178835595277e-05,0.0008613290595272028,0.27184466019417475,0.02783938215879145
Platelet,CD63,4.2390256,1.8032334,2.244919414237385e-05,0.0015956196451964182,0.4368932038834951,0.27385394108591854
Platelet,DNAJB6,4.231715,1.8139737,2.3191599392488942e-05,0.001639467121247309,0.44660194174757284,0.29561405797479584
Platelet,ARF1,4.2256184,1.6950729,2.382853044462296e-05,0.001676077394042545,0.4563106796116505,0.32259242831424323
Platelet,CAPN1,4.2227683,2.94532,2.4132000108565895e-05,0.0016915699938169916,0.32038834951456313,0.10342578339029927
Platelet,ETFA,4.214555,2.9111054,2.5027125598005886e-05,0.0017329715956966134,0.3300970873786408,0.12330732903697132
Platelet,SERPINB1,4.210922,1.846033,2.5433070431055894e-05,0.0017525540871949296,0.4174757281553398,0.22642001722023639
Platelet,AP003068.2,4.20716,7.53081,2.586002091714613e-05,0.0017759544094721167,0.24271844660194175,0.0036788686826519164
Platelet,CAP1,4.19076,1.7932477,2.780215946102088e-05,0.0019029033586654292,0.4368932038834951,0.2711926318261278
Platelet,CAMTA1,4.188043,2.3714292,2.81370188919905e-05,0.0019129408696868994,0.3592233009708738,0.16132230542437445
Platelet,LYPLAL1,4.1488533,4.072934,3.341448947475026e-05,0.002241748323573344,0.27184466019417475,0.04310277350170898
Platelet,SH3BGRL,4.093388,1.5692792,4.25115131267674e-05,0.0028057598663666482,0.47572815533980584,0.33863855767474627
Platelet,LGALSL,4.0703716,8.899112,4.693822951970634e-05,0.0030779365473438403,0.23300970873786409,0.0014089284316539253
Platelet,HMGN1,4.0475636,1.0168828,5.1753481155807075e-05,0.003382780594647094,0.5436893203883495,0.5073968742661831
Platelet,LMNA,3.949863,2.7135355,7.819597627943042e-05,0.004982971178082325,0.30097087378640774,0.09661596263730529
Platelet,TUBB,3.9232576,1.7577624,8.735965472678215e-05,0.005481009448413665,0.4077669902912621,0.23388211965455163
Platelet,RASGRP2,3.919718,2.0772192,8.865266050367356e-05,0.005528010069689191,0.36893203883495146,0.19093589375635975
Platelet,LY6G6F,3.9173167,11.779731,8.954009525086914e-05,0.005566272343301736,0.22330097087378642,0.0001826388707699533
Platelet,HLA-E,3.9157336,0.75483924,9.012972748417596e-05,0.005585844817982711,0.6601941747572816,0.7103086596916012
Platelet,HIST1H1C,3.8981197,2.2821243,9.6942465932197e-05,0.0059716559014233355,0.34951456310679613,0.1577217105434811
Platelet,SLC39A3,3.8785493,2.9539402,0.00010508120751698338,0.006411747929537753,0.2912621359223301,0.08946695541002427
Platelet,MGLL,3.8779314,5.057683,0.00010534847542628934,0.006411747929537753,0.24271844660194175,0.027917655960550004
Platelet,HIST2H2BE,3.8678102,3.5573623,0.00010981703700563661,0.006663763367912183,0.2621359223300971,0.05205207816943669
Platelet,TAX1BP3,3.8433883,3.594154,0.00012134718473111666,0.007341504676232558,0.2621359223300971,0.051686800427896785
Platelet,DAD1,3.8217635,1.7210873,0.00013250069413373408,0.007968858314646587,0.4174757281553398,0.26699193779841884
Platelet,GUCY1B1,3.797893,6.7472944,0.00014593123962984258,0.008673948067822923,0.22330097087378642,0.008792757064210609
Platelet,ENO1,3.7784827,1.2601703,0.00015778677932751716,0.009297071449767446,0.47572815533980584,0.35635452813943175
Platelet,DAB2,3.7716124,5.982085,0.0001621960494076765,0.009494602954362797,0.22330097087378642,0.010279959297623086
Platelet,C19orf33,3.7079518,7.898011,0.00020894235752011366,0.011964451390616537,0.21359223300970873,0.0028961306650664024
Platelet,NDUFS5,3.7030826,1.1174041,0.00021299548693758856,0.012162281624908148,0.5145631067961165,0.44386463850549224
Platelet,AMD1,3.7007258,2.1195393,0.0002149836848192921,0.012241423935592632,0.3592233009708738,0.1880658543585462
Platelet,TBXA2R,3.698627,7.0285277,0.000216768964032386,0.012308601957682522,0.21359223300970873,0.003209225872100608
Platelet,GP1BA,3.657725,6.2124753,0.0002544637254983703,0.014328915822523188,0.21359223300970873,0.005818352597385655
Platelet,SEPT7,3.6434019,1.0775378,0.0002690581782403544,0.015067257981459848,0.5242718446601942,0.44558666214418036
Platelet,CD151,3.635571,3.52978,0.00027736546758028505,0.015489794574098995,0.2524271844660194,0.05437420095494038
Platelet,CST3,3.630235,1.2725997,0.00028316336408543467,0.015770259904462236,0.47572815533980584,0.24744957862603387
Platelet,FAM110A,3.6201985,4.418934,0.00029437711410112527,0.016305444074789302,0.23300970873786409,0.03243144519529313
Platelet,NFE2,3.613715,4.661906,0.00030184080498269075,0.016437875116565876,0.23300970873786409,0.033892556161452765
Platelet,NUTF2,3.613675,2.3215659,0.00030188742267216016,0.016437875116565876,0.32038834951456313,0.14538054113288282
Pre-B large,STMN1,31.162445,6.5611134,3.440511756865161e-213,6.993872299355499e-209,1.0,0.16705165896682067
Pre-B large,HMGB1,31.061028,4.0563936,8.097255581751708e-212,8.230050573292436e-208,1.0,0.6876574968500629
Pre-B large,PTMA,30.965508,2.1882243,1.571225828179196e-210,1.0646626211742234e-206,1.0,0.9879514909701806
Pre-B large,IGLL1,30.81678,8.347318,1.5618162615320587e-208,7.937150241105923e-205,0.9910179640718563,0.044151616967660644
Pre-B large,HMGN2,30.80145,4.1486683,2.5058639311525645e-208,1.0187840398493865e-204,1.0,0.5702173456530869
Pre-B large,TUBA1B,30.635075,5.713332,4.177137441410421e-206,1.4152141651498507e-202,1.0,0.3069613607727845
Pre-B large,H2AFZ,30.045185,4.76355,2.5235136336216506e-198,7.328283592037273e-195,0.9940119760479041,0.31879987400251997
Pre-B large,HMGB2,29.83392,4.2213407,1.4192936594786377e-195,3.606425188735218e-192,1.0,0.5096335573288534
Pre-B large,TUBB,29.801048,5.48419,3.7862813059537595e-195,8.551947376380891e-192,0.9910179640718563,0.22771419571608567
Pre-B large,VPREB1,29.374249,7.682371,1.1715046814647252e-189,2.3814347164814934e-186,0.9520958083832335,0.020212095758084837
Pre-B large,H3F3A,28.179188,2.5795846,1.0521730408268233e-174,1.9444157794479696e-171,1.0,0.802735195296094
Pre-B large,PCLAF,28.005075,5.5370126,1.4092760677613902e-172,2.387313658787795e-169,0.9401197604790419,0.08449706005879883
Pre-B large,ACTG1,27.76304,3.0757208,1.2127351610007542e-169,1.8963446425248714e-166,0.9910179640718563,0.6384922301553969
Pre-B large,VPREB3,27.423405,5.356139,1.4426366714325982e-165,2.0947084469201326e-162,0.9431137724550899,0.0749947501049979
Pre-B large,HNRNPA2B1,27.105064,2.7856684,8.581908083850154e-162,1.163020183523373e-158,0.9910179640718563,0.5804808903821923
Pre-B large,CD79B,27.101704,4.8789716,9.401584539005519e-162,1.1944713156806512e-158,0.9760479041916168,0.14455585888282235
Pre-B large,TYMS,26.934736,5.742684,8.610891203767977e-160,1.0296599787658555e-156,0.8862275449101796,0.06677866442671146
Pre-B large,SLC25A5,26.750324,3.4432485,1.2241015481372144e-157,1.3824186816962942e-154,0.9700598802395209,0.33470705585888283
Pre-B large,CD24,26.668427,5.728778,1.0943217137161686e-156,1.1708090419169619e-153,0.8922155688622755,0.044256614867702646
Pre-B large,H2AFV,26.191837,3.6094701,3.29197084770223e-151,3.345959169604546e-148,0.9730538922155688,0.2583998320033599
Pre-B large,PCNA,25.97009,5.034833,1.0784894585371025e-148,1.0439777958639151e-145,0.8802395209580839,0.1008242335153297
Pre-B large,H2AFY,25.891092,3.7500238,8.390186151519434e-148,7.752532004003957e-145,0.9461077844311377,0.2645684586308274
Pre-B large,HMGN1,25.876509,2.8162427,1.2244931580535952e-147,1.0822389963875427e-144,0.9910179640718563,0.503254934901302
Pre-B large,HNRNPA1,25.85894,1.9383757,1.9302770278173937e-147,1.6349446425613325e-144,0.9910179640718563,0.8269372112557749
Pre-B large,VDAC1,25.568832,3.9014144,3.390471246045555e-144,2.7568599795845623e-141,0.9281437125748503,0.19692356152876941
Pre-B large,SOX4,25.440832,4.4734516,8.917585117319085e-143,6.972179625571628e-140,0.907185628742515,0.10502414951700965
Pre-B large,CARHSP1,25.22223,4.1100855,2.2849808848918897e-140,1.7203367195586049e-137,0.9011976047904192,0.13523729525409492
Pre-B large,DEK,25.119555,3.6038618,3.0413805354818003e-139,2.1319028801818632e-136,0.9281437125748503,0.22892167156656867
Pre-B large,PPIA,25.062727,2.4718006,1.2685138986146414e-138,8.59545017701281e-136,0.9820359281437125,0.6312211255774884
Pre-B large,DUT,24.666477,3.7687986,2.4497902057821353e-134,1.606430171069008e-131,0.9101796407185628,0.249685006299874
Pre-B large,SMC4,24.623562,4.7574387,7.066528903587808e-134,4.489012486004155e-131,0.8383233532934131,0.08286959260814784
Pre-B large,IGHM,24.354946,4.606447,5.13849453207163e-131,3.165312631756124e-128,0.9730538922155688,0.17219655606887863
Pre-B large,HIST1H4C,24.305851,5.0592837,1.700077261661252e-130,1.0164461933838213e-127,0.8502994011976048,0.13526354472910543
Pre-B large,SRSF3,24.14162,2.70194,9.14416081883339e-129,5.3109286035784326e-126,0.9670658682634731,0.4722018059638807
Pre-B large,NUCKS1,24.112612,3.3716664,1.843453133911953e-128,1.0409365362822828e-125,0.9461077844311377,0.25325493490130196
Pre-B large,PRDX1,24.03252,3.505081,1.2716932344544775e-127,6.986751370267735e-125,0.9041916167664671,0.22928916421671566
Pre-B large,UBB,23.851332,2.403921,9.809310295209095e-126,5.2474647284476444e-123,0.9850299401197605,0.6921461570768584
Pre-B large,PDLIM1,23.832794,4.723829,1.5272720773265735e-125,7.960611996896048e-123,0.8173652694610778,0.07242230155396892
Pre-B large,HSP90AA1,23.640028,2.7732272,1.4947973159964225e-123,7.596559959893819e-121,0.9850299401197605,0.5257769844603108
Pre-B large,UHRF1,23.49246,6.038524,4.870873371069594e-122,2.4150027777342124e-119,0.7664670658682635,0.04013544729105418
Pre-B large,YWHAQ,23.338951,3.1670659,1.784482228498025e-120,8.636893985930441e-118,0.9101796407185628,0.2643584628307434
Pre-B large,NASP,23.286076,3.934193,6.135405540976418e-120,2.9004772985341545e-117,0.8383233532934131,0.1395422091558169
Pre-B large,HMGA1,23.214691,3.6197035,3.2357322942842385e-119,1.4949083199593182e-116,0.8712574850299402,0.17899517009659807
Pre-B large,MKI67,23.067532,5.760107,9.810376191327692e-118,4.431673938162429e-115,0.7574850299401198,0.04037169256614868
Pre-B large,IDH2,23.048807,3.6681917,1.512003511502144e-117,6.681740735177301e-115,0.8532934131736527,0.1490707685846283
Pre-B large,HNRNPA3,22.93605,2.7315207,2.0304531182942922e-116,8.781925742273695e-114,0.9700598802395209,0.39103842923141535
Pre-B large,ANP32B,22.903343,2.7809772,4.303045575645124e-116,1.8223398012857103e-113,0.9491017964071856,0.3873110037799244
Pre-B large,MAD2L2,22.75403,4.0382752,1.3090746261058791e-114,5.430789591730675e-112,0.811377245508982,0.0999842503149937
Pre-B large,USP1,22.752956,4.1022744,1.3414759040002155e-114,5.453904435303276e-112,0.8023952095808383,0.09255564888702227
Pre-B large,NUSAP1,22.747131,5.827824,1.5319772943594218e-114,6.1062812626937895e-112,0.7485029940119761,0.04617282654346913
Pre-B large,RANBP1,22.715437,3.2278085,3.153144551188913e-114,1.2326369699340042e-111,0.8862275449101796,0.25485615287694247
Pre-B large,SUMO2,22.496262,2.267711,4.51555290716657e-112,1.7319275376770197e-109,0.9700598802395209,0.5503202435951281
Pre-B large,NAP1L1,22.448708,2.160369,1.3174565065994347e-111,4.9594918270654275e-109,0.9910179640718563,0.6369172616547669
Pre-B large,RCSD1,22.442617,3.1988366,1.510865248482072e-111,5.584157958389739e-109,0.9191616766467066,0.19201490970180596
Pre-B large,MCM7,22.431412,4.4311166,1.9437068304596627e-111,7.055655794568576e-109,0.7754491017964071,0.08538954220915582
Pre-B large,SRP9,22.428036,3.0045586,2.0969200090516124e-111,7.478278937544066e-109,0.9041916167664671,0.2627834943301134
Pre-B large,ERH,22.425346,2.7454624,2.227577579828635e-111,7.807275352199395e-109,0.9251497005988024,0.3514279714405712
Pre-B large,PARP1,22.407232,3.618987,3.345971495724597e-111,1.1528289587303324e-108,0.8293413173652695,0.14300713985720287
Pre-B large,GAPDH,22.126198,2.4235497,1.768814114401042e-108,5.992742219590731e-106,0.9910179640718563,0.7172406551868963
Pre-B large,PPP1CA,21.958933,2.8293781,7.115096293176553e-107,2.3710766794703763e-104,0.9281437125748503,0.3281446871062579
Pre-B large,RNASEH2B,21.872566,3.3587449,4.741480089799215e-106,1.554593665571588e-103,0.8383233532934131,0.1620117597648047
Pre-B large,CFL1,21.828232,1.8432511,1.2516936109698337e-105,4.038798051395997e-103,0.9910179640718563,0.7493962620747585
Pre-B large,BIRC5,21.8189,5.0724964,1.5351085415169637e-105,4.875888504993256e-103,0.7305389221556886,0.048141537169256614
Pre-B large,RAN,21.654871,2.9033108,5.468309953515395e-104,1.7101508420778606e-101,0.8952095808383234,0.3145212095758085
Pre-B large,ZWINT,21.622013,4.9815187,1.1150530037756142e-103,3.4343632516288915e-101,0.7215568862275449,0.0495065098698026
Pre-B large,LAT2,21.620945,3.8691943,1.1411458611078226e-103,3.4622706066566894e-101,0.781437125748503,0.08307958840823183
Pre-B large,MAD2L1,21.536053,4.3235474,7.155010798784243e-103,2.138927345848325e-100,0.7425149700598802,0.06979735405291894
Pre-B large,CD79A,21.503418,3.347396,1.4463533998243868e-102,4.261082885743498e-100,0.9101796407185628,0.15421566568668627
Pre-B large,PKM,21.47,2.9768991,2.9702361795638803e-102,8.625565865453508e-100,0.8862275449101796,0.2610247795044099
Pre-B large,YWHAE,21.004852,3.0380068,5.921844164246676e-98,1.6719340023723113e-95,0.8622754491017964,0.19036119277614447
Pre-B large,SRSF2,20.98568,2.603974,8.864548517796625e-98,2.4684731817776684e-95,0.907185628742515,0.3620065098698026
Pre-B large,CKS2,20.982792,4.206889,9.419675530425215e-98,2.5876103267903212e-95,0.7365269461077845,0.07701595968080638
Pre-B large,LMNB1,20.813566,4.277183,3.2615728970462135e-96,8.723849190941504e-94,0.718562874251497,0.06822238555228896
Pre-B large,SSBP2,20.793852,4.2065043,4.919802050551023e-96,1.2988277413454699e-93,0.7215568862275449,0.057906341873162535
Pre-B large,CKS1B,20.710682,4.0027676,2.7750538152878835e-95,7.232217173996423e-93,0.7365269461077845,0.0867545149097018
Pre-B large,CMTM7,20.58103,3.232119,4.059576178367088e-94,1.044595753846154e-91,0.7964071856287425,0.11833263334733306
Pre-B large,HMGN3,20.474806,2.7028053,3.6117781933466817e-93,9.177528389293917e-91,0.8982035928143712,0.28013439731205375
Pre-B large,EIF4A3,20.466125,3.8931682,4.316033121431191e-93,1.0831644604006572e-90,0.7275449101796407,0.08672826543469131
Pre-B large,MZB1,20.44841,3.8713763,6.206476883469465e-93,1.5386007571605766e-90,0.7275449101796407,0.05900881982360353
Pre-B large,ACTB,20.195084,1.3924344,1.0814267289339962e-90,2.6170526840202705e-88,1.0,0.9631982360352793
Pre-B large,CENPU,20.154644,4.436383,2.450155340253772e-90,5.859618559609256e-88,0.688622754491018,0.05617387652246955
Pre-B large,HMGB3,20.090906,4.28381,8.86300130263867e-90,2.0949661683725454e-87,0.6946107784431138,0.06971860562788744
Pre-B large,ANP32E,20.041372,3.149172,2.400531240558331e-89,5.608965408973535e-87,0.7904191616766467,0.15691936161276773
Pre-B large,PTTG1,20.01617,4.3503923,3.98172274591667e-89,9.197779543067509e-87,0.6976047904191617,0.07588723225535489
Pre-B large,HNRNPR,19.992014,2.8299077,6.463412324164811e-89,1.4762724238833963e-86,0.844311377245509,0.21301448971020578
Pre-B large,CALM2,19.967453,2.2090156,1.0570845889891068e-88,2.387601724996729e-86,0.9550898203592815,0.5566988660226796
Pre-B large,PSMA4,19.888126,2.6379194,5.156690608821424e-88,1.151925348309032e-85,0.8922155688622755,0.2865392692146157
Pre-B large,TOP2A,19.88143,5.3506804,5.892965372618692e-88,1.302089131462965e-85,0.6616766467065869,0.041972910541789164
Pre-B large,SNRPD1,19.79491,2.6052701,3.293390448102725e-87,7.198714089143247e-85,0.8892215568862275,0.2833893322133557
Pre-B large,NONO,19.667288,2.7768252,4.11190374738891e-86,8.892210572012953e-84,0.8293413173652695,0.1973173036539269
Pre-B large,HNRNPK,19.630241,2.1062987,8.530831989228806e-86,1.8254184492320333e-83,0.937125748502994,0.5007087358252835
Pre-B large,MSI2,19.52993,3.4381843,6.112331651828599e-85,1.2942862272747058e-82,0.7275449101796407,0.09657181856362873
Pre-B large,DNAJC9,19.517641,3.4794753,7.774428019216711e-85,1.629263636851931e-82,0.7245508982035929,0.1002729945401092
Pre-B large,SLC25A3,19.510424,2.410412,8.95358037973788e-85,1.8572283873399144e-82,0.9101796407185628,0.3530291894162117
Pre-B large,ANP32A,19.494967,2.75081,1.2113494026790479e-84,2.4873041068343117e-82,0.8293413173652695,0.20986455270894583
Pre-B large,CENPF,19.45784,4.9854746,2.501059501245523e-84,5.084153754131899e-82,0.6526946107784432,0.04543784124317514
Pre-B large,FABP5,19.415161,3.7264621,5.745604561788004e-84,1.1564024706141242e-81,0.7095808383233533,0.09777929441411172
Pre-B large,CHCHD2,19.408802,1.9169236,6.502494090705352e-84,1.2959088223123372e-81,0.9700598802395209,0.5851532969340614
Pre-B large,GDI2,19.29843,2.5021815,5.5366249747003324e-83,1.0927040047156153e-80,0.8862275449101796,0.29249790004199916
Pre-B large,SMC2,19.295286,4.218837,5.8837865049482765e-83,1.1500539622364285e-80,0.6646706586826348,0.05908756824863503
Pre-B large,ATP5F1C,19.288029,2.5650573,6.77053337438411e-83,1.3107752612807636e-80,0.874251497005988,0.26021104577908444
Pre-B large,HNRNPF,19.192663,2.7320118,4.262199564338643e-82,8.173772900365654e-80,0.8263473053892215,0.23075913481730365
Pre-B large,CENPM,19.15449,4.394693,8.879051329288719e-82,1.6868537889886083e-79,0.6526946107784432,0.051475220495590085
Pre-B large,RRM2,19.08925,5.241493,3.1018272651880637e-81,5.838328208031756e-79,0.6317365269461078,0.03509554808903822
Pre-B large,TMPO,19.018385,3.3656867,1.2012700642650998e-80,2.2403135657230226e-78,0.7095808383233533,0.10434166316673667
Pre-B large,CD9,18.972376,4.753175,2.8855986759207766e-80,5.332586353101596e-78,0.6407185628742516,0.03338933221335573
Pre-B large,HSPB11,18.962172,3.0870814,3.5037173934813645e-80,6.416537583305331e-78,0.7365269461077845,0.1261812263754725
Pre-B large,SIVA1,18.95835,2.5789957,3.7677880848931926e-80,6.838535374081145e-78,0.8383233532934131,0.2629409911801764
Pre-B large,RPA3,18.936996,3.1299725,5.653098369746982e-80,1.0169573775240412e-77,0.7425149700598802,0.1366285174296514
Pre-B large,RBBP7,18.919924,2.9929466,7.816761555068747e-80,1.3938520078196273e-77,0.7574850299401198,0.15594813103737926
Pre-B large,CCND3,18.919258,2.6140857,7.91619911845806e-80,1.3993086580870909e-77,0.8473053892215568,0.30294519109617807
Pre-B large,LDHA,18.9085,2.426008,9.707861004590783e-80,1.7012189525975985e-77,0.874251497005988,0.3604577908441831
Pre-B large,RBMX,18.900898,2.478365,1.1212636446162924e-79,1.9481237066461532e-77,0.8802395209580839,0.2914216715665687
Pre-B large,SLBP,18.883675,3.3418183,1.5539022719982715e-79,2.676925880100073e-77,0.7125748502994012,0.12318878622427551
Pre-B large,CMTM8,18.83668,5.4619555,3.7793927927705415e-79,6.4560921589445015e-77,0.6197604790419161,0.01984460310793784
Pre-B large,SNRPB,18.82129,2.3298702,5.0540033321854044e-79,8.561481644722076e-77,0.9041916167664671,0.34460310793784127
Pre-B large,HNRNPM,18.768457,2.334678,1.3680181870684485e-78,2.2982705542749935e-76,0.9101796407185628,0.3393532129357413
Pre-B large,UBE2C,18.763432,5.309004,1.5037165779787555e-78,2.5055369341927983e-76,0.625748502994012,0.03892797144057119
Pre-B large,YBX1,18.755497,1.6830049,1.7457568003088331e-78,2.8851824582665006e-76,0.9850299401197605,0.7314941201175976
Pre-B large,TCF4,18.736118,3.699048,2.5130440625385286e-78,4.1197709438131624e-76,0.6706586826347305,0.06874737505249895
Pre-B large,DDX39A,18.722448,3.130994,3.248681185055273e-78,5.2831352903842865e-76,0.7245508982035929,0.12694246115077698
Pre-B large,NUCB2,18.60413,2.6682317,2.974815486642342e-77,4.799368985116312e-75,0.8143712574850299,0.19744855102897943
Pre-B large,RBBP4,18.566393,2.8226342,6.0108720282350415e-77,9.621181621256844e-75,0.7664670658682635,0.16954535909281815
Pre-B large,CDT1,18.557991,4.599569,7.02849235064748e-77,1.116212441437203e-74,0.625748502994012,0.04656656866862663
Pre-B large,SSRP1,18.542135,3.1860905,9.439711737076607e-77,1.4875229472193276e-74,0.7095808383233533,0.11959260814783704
Pre-B large,TK1,18.539993,4.7195086,9.823375123172266e-77,1.5360736115680447e-74,0.625748502994012,0.04732780344393112
Pre-B large,KHDRBS1,18.458696,2.56337,4.439230827023449e-76,6.888601851277304e-74,0.8173652694610778,0.2358252834943301
Pre-B large,SNRPE,18.435678,2.3960962,6.796001027491323e-76,1.0387151044123579e-73,0.874251497005988,0.31005879882402354
Pre-B large,CENPW,18.403719,4.08531,1.2264886783479405e-75,1.860601630854995e-73,0.6377245508982036,0.061003779924401515
Pre-B large,TCL1A,18.396399,4.70105,1.4039230095458998e-75,2.113996069485115e-73,0.6467065868263473,0.07851217975640487
Pre-B large,ATP5MC3,18.38464,2.3751385,1.743924688776357e-75,2.6066544906945427e-73,0.8652694610778443,0.3299034019319614
Pre-B large,TUBB4B,18.381063,3.5427241,1.8627990761926222e-75,2.7640131110104836e-73,0.688622754491018,0.11919886602267955
Pre-B large,SMARCA4,18.36265,3.4414594,2.6152545341678535e-75,3.852383635548125e-73,0.6676646706586826,0.08250209995800084
Pre-B large,MRPL51,18.360415,2.8484397,2.725223724498847e-75,3.985492652633997e-73,0.7485029940119761,0.1512494750104998
Pre-B large,TOP2B,18.330997,3.535799,4.682319798138483e-75,6.798728346897077e-73,0.6646706586826348,0.07851217975640487
Pre-B large,H2AFX,18.321554,4.310155,5.569951764594507e-75,8.030211309977102e-73,0.6287425149700598,0.053522679546409074
Pre-B large,SRSF10,18.319622,2.542734,5.771235275094513e-75,8.261807793811357e-73,0.8173652694610778,0.21532444351112978
Pre-B large,DHFR,18.299833,4.249146,8.300130470562394e-75,1.179895469969177e-72,0.6287425149700598,0.05462515749685006
Pre-B large,RAD21,18.28907,2.8704996,1.0112659308694544e-74,1.4275704057440465e-72,0.7485029940119761,0.1621167576648467
Pre-B large,MIS18BP1,18.271421,3.1760292,1.3976183824182992e-74,1.959364584675806e-72,0.6946107784431138,0.10982780344393112
Pre-B large,HAUS1,18.247429,3.4965472,2.1688259775939307e-74,3.0197187994883167e-72,0.6616766467065869,0.08326333473330533
Pre-B large,CENPH,18.243492,3.73831,2.3307976330701245e-74,3.2231601554455436e-72,0.6467065868263473,0.07097858042839143
Pre-B large,HNRNPAB,18.183462,3.2377868,6.978545821020127e-74,9.585126989844402e-72,0.6916167664670658,0.10602162956740865
Pre-B large,RALY,18.052496,2.5155134,7.54038082021832e-73,1.0287306128415973e-70,0.8023952095808383,0.2113870222595548
Pre-B large,MYL6B,18.033413,3.831168,1.0651106237395096e-72,1.4434379172917833e-70,0.6347305389221557,0.06604367912641747
Pre-B large,NCL,17.984838,2.2889843,2.561364794393011e-72,3.44817374439875e-70,0.8982035928143712,0.3603265434691306
Pre-B large,MCM3,17.916822,4.0217266,8.716688064455318e-72,1.1657423353568926e-69,0.625748502994012,0.06643742125157497
Pre-B large,ILF2,17.861467,2.7368512,2.353730896664035e-71,3.12723148152853e-69,0.7455089820359282,0.1623530029399412
Pre-B large,HNRNPA0,17.842464,2.0164142,3.307839370441703e-71,4.3663479689830475e-69,0.9431137724550899,0.46839563208735824
Pre-B large,SRP14,17.823956,1.5834177,4.6060546435638345e-71,6.040766373830041e-69,0.9640718562874252,0.6739552708945821
Pre-B large,PSIP1,17.8028,2.514382,6.722367328201733e-71,8.759761733825951e-69,0.7934131736526946,0.21997060058798823
Pre-B large,BUB3,17.752768,2.6776762,1.6406413626772895e-70,2.1242648165926077e-68,0.7574850299401198,0.1899412011759765
Pre-B large,CDCA7,17.744081,5.0885267,1.915051500992293e-70,2.4638713235551475e-68,0.5898203592814372,0.03541054178916422
Pre-B large,NDUFA4,17.713915,1.8651623,3.27477539037672e-70,4.18676944248918e-68,0.9670658682634731,0.552105207895842
Pre-B large,EZH2,17.706923,4.433514,3.7079439175901144e-70,4.71094274729824e-68,0.6017964071856288,0.04948026039479211
Pre-B large,SMARCB1,17.703907,2.7950087,3.9120497862279967e-70,4.9393880779156965e-68,0.7155688622754491,0.13841348173036538
Pre-B large,EBF1,17.686016,4.543417,5.3743591409073866e-70,6.7438254701460095e-68,0.592814371257485,0.022180806383872324
Pre-B large,HLA-DRA,17.654465,3.1774652,9.401985764778832e-70,1.172537218567019e-67,0.9910179640718563,0.38996220075598487
Pre-B large,SERBP1,17.638056,2.317303,1.257121309716846e-69,1.5582171941417104e-67,0.8502994011976048,0.311607517849643
Pre-B large,GLO1,17.62505,2.9209824,1.5822946598561798e-69,1.9493870209428137e-67,0.6976047904191617,0.13106362872742544
Pre-B large,CCT8,17.585814,2.507861,3.1640879500605456e-69,3.874673484869323e-67,0.7844311377245509,0.21427446451070978
Pre-B large,PPM1G,17.552767,2.7101793,5.66519004983436e-69,6.895927145690592e-67,0.7245508982035929,0.1505669886602268
Pre-B large,CBX3,17.4952,2.433595,1.5586782815424426e-68,1.8860007206663555e-66,0.8053892215568862,0.24217765644687106
Pre-B large,CACYBP,17.485844,2.5690691,1.8367491685554684e-68,2.2093158046387907e-66,0.7604790419161677,0.18104262914741706
Pre-B large,COX5A,17.324627,2.3365617,3.0667388582226246e-67,3.6670980888205596e-65,0.8173652694610778,0.26821713565728683
Pre-B large,HNRNPD,17.323483,2.5630789,3.1283467859499464e-67,3.718890845894182e-65,0.7514970059880239,0.18193511129777404
Pre-B large,RTRAF,17.298439,2.1760132,4.833036223798574e-67,5.711974439382408e-65,0.8712574850299402,0.33124212515749685
Pre-B large,RAD51AP1,17.297558,4.8627796,4.9075676817504544e-67,5.766533863273019e-65,0.5778443113772455,0.03858672826543469
Pre-B large,SRSF9,17.283306,2.369057,6.284089945515909e-67,7.341550598416517e-65,0.7964071856287425,0.2264279714405712
Pre-B large,ATP5F1B,17.280977,2.3154871,6.542978479869496e-67,7.600323802216406e-65,0.8233532934131736,0.28147312053758927
Pre-B large,PSMB8,17.271593,2.4014783,7.698834996737844e-67,8.89215442123221e-65,0.8053892215568862,0.22251679966400673
Pre-B large,SMC3,17.26214,2.813551,9.068583128184329e-67,1.0415037165521527e-64,0.6946107784431138,0.13324233515329692
Pre-B large,CD38,17.250793,4.072321,1.103720777615224e-66,1.2604739307506896e-64,0.592814371257485,0.040109197816043676
Pre-B large,ITM2C,17.249655,3.0708244,1.1257021723452598e-66,1.2783951820913096e-64,0.655688622754491,0.0875157496850063
Pre-B large,HNRNPC,17.248043,1.8834298,1.1575582917212278e-66,1.3072691641171731e-64,0.9311377245508982,0.5042524149517009
Pre-B large,NPM1,17.231274,1.5571774,1.547070558467563e-66,1.737505542128653e-64,0.9820359281437125,0.7635709785804284
Pre-B large,ESD,17.198172,2.4112852,2.7403912778524626e-66,3.060806258032135e-64,0.7904191616766467,0.21818563628727425
Pre-B large,ATP5PF,17.18084,2.1940274,3.695267379870161e-66,4.1047756993442974e-64,0.8532934131736527,0.3170936581268375
Pre-B large,MME,17.177334,5.375882,3.925386595923651e-66,4.336698843583477e-64,0.5598802395209581,0.010368542629147418
Pre-B large,PSMB2,17.110353,2.5775464,1.2424144765725118e-65,1.365178458365731e-63,0.7275449101796407,0.1620117597648047
Pre-B large,PSMA2,17.091759,2.373354,1.7094240548258215e-65,1.8682350637902851e-63,0.7904191616766467,0.21532444351112978
Pre-B large,DTYMK,17.089113,3.5716987,1.7887551028783183e-65,1.9444820177171364e-63,0.6137724550898204,0.07176606467870643
Pre-B large,PHGDH,17.05201,4.8281355,3.377250359445122e-65,3.651741771638321e-63,0.5688622754491018,0.02748320033599328
Pre-B large,SNRPD3,16.993673,2.4352827,9.147726878359271e-65,9.838888464724193e-63,0.7574850299401198,0.1896262074758505
Pre-B large,ENO1,16.981007,2.273075,1.1352313628404041e-64,1.2145780602010387e-62,0.844311377245509,0.3523992020159597
Pre-B large,UBE2I,16.969097,2.2476313,1.3905332132673522e-64,1.4799350345182584e-62,0.8233532934131736,0.26861087778244436
Pre-B large,LSM3,16.914543,2.223145,3.515287173349499e-64,3.721810294783782e-62,0.8383233532934131,0.26958210835783286
Pre-B large,TRABD,16.902323,2.396398,4.325278958274867e-64,4.555661692425467e-62,0.7574850299401198,0.18280134397312053
Pre-B large,SMS,16.864382,2.6571038,8.22583555174431e-64,8.619318819374141e-62,0.7035928143712575,0.15313943721125578
Pre-B large,LSM5,16.8564,2.219721,9.415402375014959e-64,9.815194845092517e-62,0.8473053892215568,0.2872480050398992
Pre-B large,MPC2,16.847427,2.4422853,1.0957883126234954e-63,1.1364890213780823e-61,0.7485029940119761,0.16631667366652667
Pre-B large,PAIP2,16.834269,2.0724957,1.3687129949861087e-63,1.4123450640648537e-61,0.9041916167664671,0.36586518269634605
Pre-B large,CDCA7L,16.805338,3.623267,2.2303917550460238e-63,2.289868868513918e-61,0.5988023952095808,0.06515119697606048
Pre-B large,SNRPG,16.787754,2.2024338,2.999837107854394e-63,3.06435621751076e-61,0.8592814371257484,0.3010552288954221
Pre-B large,SAE1,16.775269,3.5369592,3.701843317069796e-63,3.762553547469741e-61,0.6047904191616766,0.07402351952960941
Pre-B large,ERGIC1,16.753681,3.1972623,5.322745216800415e-63,5.383122625229793e-61,0.6227544910179641,0.08300083998320033
Pre-B large,YWHAH,16.748089,2.6417046,5.847448492355201e-63,5.8845016313166595e-61,0.6946107784431138,0.1382297354052919
Pre-B large,AURKB,16.680601,5.642063,1.8138375026899487e-62,1.8163393475212453e-60,0.5479041916167665,0.02745695086098278
Pre-B large,HSPA8,16.675917,2.0758514,1.9617584854596132e-62,1.9452988532889277e-60,0.8952095808383234,0.40626312473750525
Pre-B large,TFDP1,16.673996,2.6838553,2.0258838972517336e-62,1.99913436229773e-60,0.6766467065868264,0.11988135237295254
Pre-B small,CD79B,52.139286,6.769014,0.0,0.0,0.9697560975609756,0.12936773158668627
Pre-B small,VPREB3,45.222946,6.366149,0.0,0.0,0.8517073170731707,0.06146237134072985
Pre-B small,PTMA,44.551155,1.370502,0.0,0.0,0.9990243902439024,0.9877556476406898
Pre-B small,IGHM,43.396805,5.443563,0.0,0.0,0.9131707317073171,0.15904290870204518
Pre-B small,SOX4,41.34284,5.6192203,0.0,0.0,0.7931707317073171,0.09332976874749364
Pre-B small,HLA-DRA,41.151047,4.195737,0.0,0.0,0.975609756097561,0.379280844806844
Pre-B small,CD74,40.166237,3.8275583,0.0,0.0,0.9902439024390244,0.5588290335516642
Pre-B small,H3F3B,37.42578,1.5997398,1.48825379844177e-306,3.3614692460804774e-303,0.9863414634146341,0.9273626520518647
Pre-B small,HIST1H1C,36.242867,4.9771457,1.2871895207041592e-287,2.6165988576874147e-284,0.72,0.14284186606068708
Pre-B small,TCL1A,35.11541,5.6094084,3.922367423793556e-270,6.644490415906284e-267,0.68,0.0671033284320278
Pre-B small,MZB1,34.377666,5.5952163,5.438702694382209e-259,8.504457567030888e-256,0.6546341463414634,0.04865659671166956
Pre-B small,RCSD1,34.074932,3.7901332,1.734806455387186e-254,2.518938973222194e-251,0.7073170731707317,0.18438711402218955
Pre-B small,H3F3A,33.29369,1.6695706,4.764447870223734e-243,6.456779753727205e-240,0.9414634146341463,0.8006950942387382
Pre-B small,CD24,33.13591,5.783104,9.037729532414063e-241,1.1482435370932067e-237,0.6282926829268293,0.03582408768881166
Pre-B small,CD79A,30.69911,3.5894735,5.849627598076794e-207,6.2584857796686885e-204,0.7034146341463414,0.14591632134741345
Pre-B small,VPREB1,28.512506,6.949638,8.197520673588903e-179,8.33196001263576e-176,0.5317073170731708,0.014516775832108007
Pre-B small,LAPTM5,28.425777,1.741237,9.712432481692084e-178,9.401634642277937e-175,0.8253658536585365,0.6654190616227778
Pre-B small,HLA-DPB1,28.172535,2.5248215,1.269417148194366e-174,1.172941444931594e-171,0.7892682926829269,0.3678919930490576
Pre-B small,CD9,27.764566,6.181261,1.1623430130551409e-169,1.0273090769297785e-166,0.5229268292682927,0.025397674107739607
Pre-B small,SNHG7,24.953943,2.932272,1.934989863801036e-137,1.5733789580538986e-134,0.5804878048780487,0.23026333377890656
Pre-B small,CD37,24.215584,1.6801118,1.52464621676441e-129,1.1478891960884046e-126,0.7921951219512195,0.5841999732656062
Pre-B small,BTG1,24.156446,1.2995516,6.388326696774224e-129,4.6379251818580864e-126,0.9170731707317074,0.8212003742815132
Pre-B small,BCL7A,24.142122,4.729633,9.03398102486992e-129,6.332509181846749e-126,0.48097560975609754,0.06624782783050394
Pre-B small,RGS2,23.756382,2.8678093,9.439486711909025e-125,5.996433933740208e-122,0.5824390243902439,0.21700307445528672
Pre-B small,IGLC2,23.58772,3.822497,5.151965802445458e-123,3.1736109343064016e-120,0.5239024390243903,0.12075925678385242
Pre-B small,IGLL1,23.540422,5.22231,1.5735688877331846e-122,9.408090691129462e-120,0.46146341463414636,0.04117096644833578
Pre-B small,PCDH9,23.435242,5.9273796,1.8695460874918503e-121,1.0621976420671123e-118,0.4419512195121951,0.02010426413581072
Pre-B small,YBX3,23.364088,3.2583332,9.911195622140727e-121,5.445264448834506e-118,0.5170731707317073,0.1446865392327229
Pre-B small,STMN1,23.31418,2.894838,3.183669792943139e-120,1.7030957776565298e-117,0.5531707317073171,0.16390856837321213
Pre-B small,HNRNPA1,22.760857,0.9558783,1.1203420541620384e-114,5.693578319251479e-112,0.871219512195122,0.8271888784921801
Pre-B small,NEIL1,22.580708,5.3317614,6.706723198074169e-113,3.246054027867898e-110,0.43121951219512195,0.025665018045715814
Pre-B small,UBB,22.187265,1.2293445,4.558837651570111e-109,2.1551639949097028e-106,0.8224390243902439,0.691191017243684
Pre-B small,LIMD2,22.185268,1.6807057,4.765708493118233e-109,2.2017573238206237e-106,0.6897560975609756,0.48170030744552866
Pre-B small,HLA-DMA,22.14746,2.44637,1.1036661182499258e-108,4.985627744840998e-106,0.5678048780487804,0.2242213607806443
Pre-B small,FAM129C,21.71318,4.539616,1.540188162574489e-104,6.806292384524828e-102,0.4273170731707317,0.04272156128859778
Pre-B small,CMTM7,21.542847,3.305638,6.179022629482996e-103,2.672493021534688e-100,0.4682926829268293,0.11479748696698303
Pre-B small,MALAT1,21.334894,0.807861,5.3866948472729395e-101,2.28126526782009e-98,1.0,0.9852693490175111
Pre-B small,HIST1H2AC,21.26113,4.9653788,2.6007796491788447e-100,1.0789520144593379e-97,0.41365853658536583,0.035209196631466384
Pre-B small,TCF4,20.607716,4.1027813,2.3402222721886604e-94,9.148468913279055e-92,0.4224390243902439,0.06442988905226574
Pre-B small,CXCR4,20.33639,1.429443,6.1278293724797366e-92,2.306787323773483e-89,0.7882926829268293,0.6083678652586553
Pre-B small,NSMCE1,20.013233,3.3635416,4.223453624761441e-89,1.5062169348096593e-86,0.4526829268292683,0.14433899211335383
Pre-B small,TMEM243,19.611975,2.6229064,1.2219643899840033e-85,4.2101851050160706e-83,0.47024390243902436,0.16417591231118833
Pre-B small,CCDC191,19.258017,6.5206914,1.2092382115975238e-82,4.02973678120565e-80,0.3590243902439024,0.009731319342333913
Pre-B small,IGKC,18.98049,2.6216772,2.472791980964054e-80,7.854205529537077e-78,0.5531707317073171,0.27942788397273094
Pre-B small,SLC25A6,18.944803,0.8647292,4.874094186843711e-80,1.5243167173870609e-77,0.8156097560975609,0.7560219222029141
Pre-B small,MDM4,18.922619,2.3242302,7.427020143439093e-80,2.2875222041792402e-77,0.5121951219512195,0.24253442053201443
Pre-B small,HLA-DPA1,18.873997,1.81922,1.8663608421377716e-79,5.662594507309944e-77,0.6351219512195122,0.32083945996524527
Pre-B small,ZEB2,18.297749,2.3789546,8.624119680928159e-75,2.504444355341537e-72,0.4819512195121951,0.20235262665419063
Pre-B small,CCNI,18.148453,1.1315751,1.3206888549193645e-73,3.728744867055673e-71,0.6878048780487804,0.5865793343135944
Pre-B small,ACTG1,17.390478,1.1615582,9.741972901791793e-68,2.5718808460730334e-65,0.7170731707317073,0.6394866996390857
Pre-B small,TRABD,17.001652,2.419256,7.983833595179933e-65,2.0543717635799706e-62,0.4351219512195122,0.18101858040368934
Pre-B small,H1FX,16.875633,1.984285,6.79929915422553e-64,1.706372261816007e-61,0.4926829268292683,0.2504210667023125
Pre-B small,MME,16.740362,6.816778,6.658162663103685e-63,1.650574763604533e-60,0.31121951219512195,0.007031145568774228
Pre-B small,ACSM3,16.713207,5.4954314,1.0503163679666595e-62,2.5723892925332834e-60,0.3258536585365854,0.029381098783585084
Pre-B small,SRP14,16.542208,0.8343383,1.8222041966350847e-61,4.409734155856905e-59,0.7365853658536585,0.6748295682395402
Pre-B small,ERP29,16.361761,1.3561652,3.586001915983646e-60,8.576029052719478e-58,0.577560975609756,0.44240074856302636
Pre-B small,HLA-DQB1,15.984448,1.7566597,1.6401142187451637e-57,3.74609458861255e-55,0.5209756097560976,0.24555540703114556
Pre-B small,CDC25B,15.330519,3.363015,4.781556245290192e-53,1.023152372150095e-50,0.33658536585365856,0.07795749231386179
Pre-B small,HMGB1,15.329111,0.8440145,4.886248980140841e-53,1.0346632215448231e-50,0.7717073170731708,0.6881432963507552
Pre-B small,LHPP,15.134295,4.3651533,9.620531465233473e-52,1.9955730982170006e-49,0.30829268292682926,0.04232054538163347
Pre-B small,BTF3,15.118828,0.54784775,1.216891286136462e-51,2.4736966064582e-49,0.8195121951219512,0.8146504478010961
Pre-B small,BACH2,14.967592,3.7264478,1.1957202436977756e-50,2.406594169691919e-48,0.30829268292682926,0.0437909370405026
Pre-B small,RUBCNL,14.873457,4.410385,4.901547686169122e-50,9.580640515812107e-48,0.29365853658536584,0.0266809250100254
Pre-B small,AFF3,14.798997,3.9590418,1.4868252369527428e-49,2.87849365874051e-47,0.30146341463414633,0.03828365191819275
Pre-B small,IGLC3,14.796247,3.7026963,1.5488868775987954e-49,2.970355891304558e-47,0.32195121951219513,0.06119502740275364
Pre-B small,CD38,14.7903,4.255046,1.6919707511916513e-49,3.2144281710489614e-47,0.2995121951219512,0.037936104798823686
Pre-B small,ATP5MG,14.787093,0.63300914,1.7745487308559368e-49,3.3400950556332854e-47,0.7863414634146342,0.7592033150648309
Pre-B small,PNISR,14.725031,1.118175,4.452642665041509e-49,8.303974320638881e-47,0.6,0.499157866595375
Pre-B small,ARPC3,14.715033,0.9012708,5.1621121464593996e-49,9.53958324665697e-47,0.6721951219512196,0.5897607271755113
Pre-B small,EBF1,14.559915,4.6792,5.0520738131868615e-48,9.252122204906532e-46,0.28292682926829266,0.02013099852960834
Pre-B small,CIRBP,14.556188,0.6980053,5.3351189179431215e-48,9.683240836066765e-46,0.7492682926829268,0.7347680791338056
Pre-B small,ARPP21,14.544156,7.3193655,6.361043202333258e-48,1.1443122674073492e-45,0.26926829268292685,0.004464643764202646
Pre-B small,HLA-DRB1,14.496191,1.3963736,1.2806181128522155e-47,2.263687391135638e-45,0.6146341463414634,0.34765405694425877
Pre-B small,EEF2,14.431629,0.6227576,3.272570257764054e-47,5.685881042720315e-45,0.7873170731707317,0.7576259858307713
Pre-B small,SSBP2,14.393243,3.6639998,5.705644062248261e-47,9.829180720117172e-45,0.30634146341463414,0.057024461970324826
Pre-B small,RBM3,14.388187,0.8879304,6.138350955367342e-47,1.0485747749639272e-44,0.6478048780487805,0.5705119636412245
Pre-B small,ATP6V1G1,14.355549,0.9454654,9.834407880277745e-47,1.66594869491905e-44,0.6360975609756098,0.5503542307178185
Pre-B small,SPINT2,14.34876,2.446766,1.0845987440908816e-46,1.8221258900726813e-44,0.3678048780487805,0.14733324421868735
Pre-B small,UCP2,14.22316,1.6320187,6.581301572163799e-46,1.0965958881880795e-43,0.46634146341463417,0.2892661408902553
Pre-B small,SYF2,14.136082,1.3988723,2.2760931329356687e-45,3.76166026067612e-43,0.5053658536585366,0.35941719021521185
Pre-B small,REXO2,14.122011,2.624753,2.7794452314729433e-45,4.556496989143709e-43,0.344390243902439,0.11097446865392327
Pre-B small,IRF4,14.11821,4.953346,2.933487811369583e-45,4.77055521836167e-43,0.27219512195121953,0.017323887180858175
Pre-B small,SPIB,13.941059,3.868955,3.566092973510919e-44,5.576272151194612e-42,0.2839024390243902,0.035262665419061624
Pre-B small,FOXP1,13.924504,1.5009191,4.496513392961561e-44,6.977490400925391e-42,0.49560975609756097,0.3316134206656864
Pre-B small,YPEL5,13.780401,1.3005317,3.344063871159778e-43,5.149858361586058e-41,0.5346341463414634,0.3851089426547253
Pre-B small,QRSL1,13.705454,3.751412,9.417660922424352e-43,1.4180904535632758e-40,0.288780487804878,0.04865659671166956
Pre-B small,ZCCHC7,13.692836,2.7166197,1.120494190213846e-42,1.6748092572549308e-40,0.3307317073170732,0.10397005747894666
Pre-B small,HLA-DMB,13.682522,2.1776316,1.291345917796659e-42,1.9160934172971156e-40,0.36292682926829267,0.1335650314129127
Pre-B small,MLXIP,13.610284,3.241556,3.4788931403789043e-42,5.1245608520016206e-40,0.30634146341463414,0.07536425611549258
Pre-B small,PRDX1,13.58262,1.7202932,5.077755107748298e-42,7.425942865489742e-40,0.4165853658536585,0.2301831305975137
Pre-B small,IGLL5,13.420584,5.571454,4.580916119580269e-41,6.604316516228915e-39,0.25365853658536586,0.009731319342333913
Pre-B small,ITM2C,13.401735,2.763889,5.906546874276701e-41,8.45551301833076e-39,0.31414634146341464,0.08637882636011228
Pre-B small,LDLRAD4,13.369025,4.209542,9.173484989276863e-41,1.3040461738602803e-38,0.2731707317073171,0.03683999465312124
Pre-B small,VDAC1,13.100661,1.9994782,3.2640012527401663e-39,4.483149828763655e-37,0.3804878048780488,0.1984226707659404
Pre-B small,CCDC112,13.01345,4.3086452,1.0260373502009465e-38,1.3998179365694525e-36,0.27121951219512197,0.04413848415987168
Pre-B small,SLC25A5,12.93482,1.2592261,2.8629166812282927e-38,3.828774361579522e-36,0.48097560975609754,0.3363721427616629
Pre-B small,MSI2,12.828766,2.793042,1.1315188827237569e-37,1.4839687643876472e-35,0.30829268292682926,0.09640422403422003
Pre-B small,GNG7,12.538093,3.2278638,4.619812229787594e-36,5.6916086670983165e-34,0.2731707317073171,0.05304103729447935
Pre-B small,NCF1,12.390244,1.6878463,2.9514718371036994e-35,3.592665838601437e-33,0.3882926829268293,0.1972730918326427
Pre-B small,MAP1LC3B,12.308432,1.7103006,8.159304086503511e-35,9.814339258606116e-33,0.3931707317073171,0.22293810987835852
Pre-B small,PHACTR1,12.277651,2.710468,1.1941544521703358e-34,1.419577292615122e-32,0.29073170731707315,0.07977543109209999
Pre-B small,LSM7,12.167078,1.1041377,4.654497387698876e-34,5.480746804673685e-32,0.49560975609756097,0.3830771287261061
Pre-B small,FCRLA,12.122102,3.6723874,8.066355459936908e-34,9.316640556227129e-32,0.2497560975609756,0.03288330437107338
Pre-B small,AKAP12,11.975626,6.578559,4.768223009990497e-33,5.4149964998372535e-31,0.22341463414634147,0.005480550728512231
Pre-B small,TCOF1,11.960778,2.2181919,5.7025024395928804e-33,6.440026088446892e-31,0.32878048780487806,0.13786926881432965
Pre-B small,DNTT,11.901601,5.6511292,1.1609905470237526e-32,1.3039014276187205e-30,0.22731707317073171,0.011602726908167358
Pre-B small,ARGLU1,11.843924,1.2251246,2.3136956270184457e-32,2.556130690545161e-30,0.47317073170731705,0.35848148643229516
Pre-B small,ISG20,11.837106,1.429416,2.509639861463342e-32,2.7576194110176658e-30,0.4224390243902439,0.27012431493115896
Pre-B small,LAT2,11.83153,2.5781205,2.6820887794700153e-32,2.9312634789820687e-30,0.28585365853658534,0.08375885576794546
Pre-B small,BAZ2A,11.629477,2.2044027,2.9188169065894344e-31,3.106476967390054e-29,0.3151219512195122,0.12832509022857908
Pre-B small,TIFA,11.6217375,3.800583,3.195715257960382e-31,3.383463529365555e-29,0.24195121951219511,0.03574388450741879
Pre-B small,TRAM1,11.575502,1.6135051,5.484877253833975e-31,5.717773580304464e-29,0.3882926829268293,0.2400213875150381
Pre-B small,C16orf74,11.561879,3.562378,6.428669110696325e-31,6.633603334123599e-29,0.24390243902439024,0.03945996524528806
Pre-B small,CXXC5,11.12574,2.710074,9.402226909154348e-29,9.233259353105777e-27,0.27219512195121953,0.08488170030744553
Pre-B small,CD72,11.118729,3.6929746,1.0171135262453744e-28,9.940328731498063e-27,0.22829268292682928,0.028605801363454083
Pre-B small,POU2AF1,11.008486,3.8631058,3.477983504339741e-28,3.366688032200869e-26,0.2224390243902439,0.024114423205453817
Pre-B small,GABPB1-AS1,10.926841,1.9092582,8.578340593179118e-28,8.186878290053762e-26,0.3258536585365854,0.157011094773426
Pre-B small,HCK,10.874548,3.3521507,1.5241010084483201e-27,1.4277384930754585e-25,0.23317073170731709,0.040850153722764335
Pre-B small,HRK,10.838112,5.7926493,2.2711034680817527e-27,2.10808179448246e-25,0.20390243902439023,0.006656864055607539
Pre-B small,HIST1H2BG,10.793268,3.3710535,3.703777865705619e-27,3.3762509620656417e-25,0.2370731707317073,0.0475337521721695
Pre-B small,NOP53,10.777981,0.5000663,4.373815459682226e-27,3.96923752966162e-25,0.7697560975609756,0.7545515305440449
Pre-B small,PNN,10.754177,1.3947124,5.663718493194786e-27,5.116980867985049e-25,0.38926829268292684,0.25314797486966983
Pre-B small,C7orf50,10.725488,1.9514673,7.727805351101035e-27,6.859861448785233e-25,0.32195121951219513,0.16345408367865258
Pre-B small,MIR181A1HG,10.685732,4.121978,1.1870913449696365e-26,1.0491822982844683e-24,0.21951219512195122,0.029488036358775564
Pre-B small,CFAP73,10.640924,6.447291,1.9221298803536478e-26,1.6914742947112098e-24,0.1980487804878049,0.004010159069643096
Pre-B small,ERGIC1,10.63036,2.6759384,2.1528086477677395e-26,1.886305784130285e-24,0.2624390243902439,0.0829033551664216
Pre-B small,AEBP1,10.611332,5.2566175,2.63959259836905e-26,2.2930614675062412e-24,0.2029268292682927,0.010613554337655394
Pre-B small,AL031777.3,10.610015,3.9648397,2.677065256891816e-26,2.3157184060466737e-24,0.21951219512195122,0.03055741211068039
Pre-B small,TLE4,10.542612,1.6331221,5.495083740001242e-26,4.73322297740446e-24,0.34146341463414637,0.18206122176179654
Pre-B small,HMGN2,10.330096,0.6619149,5.1509047568246e-25,4.2737792610910396e-23,0.6273170731707317,0.5724903087822484
Pre-B small,P2RX5,10.223905,2.8955956,1.5496982781692929e-24,1.2600906639450152e-22,0.23219512195121952,0.05186472396738404
Pre-B small,UGP2,10.155744,1.7806945,3.1242059110028676e-24,2.52019276820898e-22,0.3229268292682927,0.17789065632936774
Pre-B small,DDX5,10.127669,0.4097454,4.16458856534316e-24,3.3329825337124316e-22,0.7326829268292683,0.7513968720759256
Pre-B small,SYK,10.038064,2.9664176,1.036891271385529e-23,8.26585324106864e-22,0.23414634146341465,0.060927683464777435
Pre-B small,LUC7L3,9.971833,1.4831594,2.0245706938645653e-23,1.601380274898011e-21,0.3570731707317073,0.22633337789065633
Pre-B small,EIF1,9.935058,0.27863204,2.930062574980834e-23,2.308616745124434e-21,0.9560975609756097,0.9626253174709264
Pre-B small,STIM2,9.927248,2.724583,3.1687951328388103e-23,2.4870759637199742e-21,0.23609756097560974,0.06531212404758723
Pre-B small,HNRNPA0,9.899314,0.77563536,4.191405500874276e-23,3.2770342700681645e-21,0.5248780487804878,0.4710867531078733
Pre-B small,ABHD15,9.804528,4.2515554,1.0764919881177909e-22,8.384264036190979e-21,0.1951219512195122,0.018286325357572516
Pre-B small,HLA-B,9.786018,0.4143996,1.2928739158810761e-22,9.992981354384227e-21,0.9434146341463414,0.9257585884240075
Pre-B small,TFDP2,9.722094,2.5011325,2.4273950590055835e-22,1.8275587688690927e-20,0.255609756097561,0.09696564630397006
Pre-B small,HLA-E,9.706687,0.4974095,2.823662187740176e-22,2.11805922333514e-20,0.728780487804878,0.7096644833578398
Pre-B small,WASF1,9.627628,5.5451784,6.1124009564052155e-22,4.501916182674102e-20,0.18536585365853658,0.01128191418259591
Pre-B small,TOP2B,9.561338,2.6779437,1.1624313951827076e-21,8.499965971681325e-20,0.24,0.07932094639754043
Pre-B small,SAP18,9.537014,0.820781,1.4700338928919962e-21,1.0634465827298398e-19,0.4868292682926829,0.42777703515572785
Pre-B small,LINC02227,9.498895,8.272462,2.1212957225576278e-21,1.523734962832207e-19,0.1746341463414634,0.001176313327095308
Pre-B small,ARID1B,9.386427,1.7897099,6.207032335795933e-21,4.442836384579568e-19,0.30048780487804877,0.1598449405159738
Pre-B small,CMTM8,9.224138,4.122551,2.858495862249616e-20,1.9899830098565135e-18,0.18634146341463415,0.020638952011763134
Pre-B small,HIST2H2BE,9.091812,2.957642,9.740185041291901e-20,6.757627355610299e-18,0.20780487804878048,0.04836251837989573
Pre-B small,PPP1CA,9.038018,0.99110776,1.5953795025175113e-19,1.099351678887321e-17,0.42341463414634145,0.33089159203315066
Pre-B small,TAX1BP3,9.005278,3.1638389,2.1512024438693012e-19,1.467437693925341e-17,0.2048780487804878,0.048068440048121906
Pre-B small,HMGB2,8.979678,0.6340119,2.715604689311201e-19,1.8400937374772696e-17,0.5746341463414634,0.5122309851624114
Pre-B small,CD19,8.83162,3.5109425,1.0317032011336765e-18,6.831421066008265e-17,0.18341463414634146,0.024595642293810987
Pre-B small,A1BG,8.788392,2.0368624,1.5171546849010218e-18,9.980815674649829e-17,0.24390243902439024,0.09808849084347013
Pre-B small,PPP1R14A,8.776713,3.5683959,1.6832170967992474e-18,1.1002069821136688e-16,0.19121951219512195,0.03593102526400214
Pre-B small,PARP1,8.776141,1.7588211,1.6917986532773077e-18,1.1022718917891383e-16,0.27707317073170734,0.1454618366528539
Pre-B small,BTG2,8.724539,1.3066133,2.6726826424474318e-18,1.7193130618883353e-16,0.33463414634146343,0.21176313327095309
Pre-B small,RBM39,8.655022,0.64362097,4.9281884849039155e-18,3.1404456276215296e-16,0.5326829268292683,0.49691217751637484
Pre-B small,PLEKHA2,8.653535,2.3623686,4.992847512480197e-18,3.171706382303045e-16,0.22341463414634147,0.07712872610613554
Pre-B small,UBE2J1,8.617285,1.8110495,6.856075493226668e-18,4.314870050350208e-16,0.27414634146341466,0.1423606469723299
Pre-B small,SF1,8.604923,0.75508493,7.636795660169288e-18,4.791382166046954e-16,0.4917073170731707,0.44606336051330037
Pre-B small,RB1,8.585252,2.4312873,9.06376390648115e-18,5.669175159721502e-16,0.22634146341463415,0.08306376152920733
Pre-B small,EIF1B,8.578477,1.2698755,9.61375797455663e-18,5.976405874825296e-16,0.344390243902439,0.24066301296618098
Pre-B small,BMP3,8.562988,8.703073,1.0997941829817191e-17,6.795324058253004e-16,0.15707317073170732,0.0006148910573452747
Pre-B small,IGHD,8.53421,1.6326333,1.4111598033163348e-17,8.666482320789865e-16,0.2546341463414634,0.09645769282181527
Pre-B small,CSNK1E,8.520067,3.5442512,1.5946123375984926e-17,9.763638433344023e-16,0.18536585365853658,0.03480818072450207
Pre-B small,YWHAZ,8.473237,0.7516652,2.3866531323972078e-17,1.4353812093304863e-15,0.48878048780487804,0.4434968587087288
Pre-B small,PAIP2,8.449502,0.8934887,2.925468324744585e-17,1.7542454308379918e-15,0.4302439024390244,0.3689079000133672
Pre-B small,MYO1C,8.39782,5.1342854,4.548429107858011e-17,2.6956404345346254e-15,0.16097560975609757,0.008448068440048122
Pre-B small,TAF7,8.342973,1.2497444,7.244565760023793e-17,4.268624138254019e-15,0.3434146341463415,0.24205320144365727
Pre-B small,C6orf48,8.331739,0.6842436,7.966334170080616e-17,4.669831150824777e-15,0.5053658536585366,0.46932228311723034
Pre-B small,PAX5,8.314808,3.7515035,9.190128505915547e-17,5.3224197227422015e-15,0.16975609756097562,0.019810185804036894
Pre-B small,GLO1,8.288236,1.9055593,1.1494049896935117e-16,6.6378138154800295e-15,0.25853658536585367,0.132629327629996
Pre-B small,WASF2,8.280909,1.5493042,1.2223886367167395e-16,7.03929637597107e-15,0.2965853658536585,0.18203448736799893
Pre-B small,HNRNPA3,8.279181,0.75039905,1.2402556770265533e-16,7.122010565705021e-15,0.4604878048780488,0.3943055741211068
Pre-B small,CHD9,8.243787,2.019989,1.6684470510583834e-16,9.553856803919666e-15,0.24682926829268292,0.11616094105066167
Pre-B small,APBB2,8.2063875,6.243412,2.2794287424176247e-16,1.2979335427413298e-14,0.15317073170731707,0.003582408768881166
Pre-B small,CDKN2D,8.129906,1.4801397,4.2962424025676455e-16,2.4192248077394766e-14,0.27902439024390246,0.1533752172169496
Pre-B small,PMAIP1,8.124925,1.6458888,4.476410512961838e-16,2.5067898872586292e-14,0.2702439024390244,0.14139820879561557
Pre-B small,CHCHD2,8.066861,0.42913,7.212851026796664e-16,3.9735185819166005e-14,0.6,0.5881833979414517
Pre-B small,ATP5F1C,8.016245,1.0897962,1.0902713599735182e-15,5.990009785281535e-14,0.35121951219512193,0.2632001069375752
Pre-B small,SPTBN1,8.001047,2.7976978,1.2336581094387958e-15,6.759515377000496e-14,0.1873170731707317,0.04748028338457425
Pre-B small,HNRNPA2B1,7.9811,0.46384543,1.4503459359440207e-15,7.862035249565347e-14,0.6039024390243902,0.5835048790268681
Pre-B small,CD69,7.970968,1.0462098,1.5743645806628796e-15,8.489040635468174e-14,0.3795121951219512,0.2805239941184334
Pre-B small,UBXN1,7.9329166,0.89648545,2.140579137369342e-15,1.1511558916519573e-13,0.4165853658536585,0.3652987568506884
Pre-B small,EIF4G2,7.926934,0.8825593,2.2462299570320724e-15,1.2016148043828413e-13,0.4117073170731707,0.34543510225905627
Pre-B small,EIF3F,7.8653846,0.48673323,3.679654224193288e-15,1.953002899984364e-13,0.5395121951219513,0.542708194091699
Pre-B small,PCBP2,7.8340955,0.54441774,4.7222979357136105e-15,2.4933733100567865e-13,0.511219512195122,0.48985429755380294
Pre-B small,TCF3,7.8290143,3.3551135,4.917096954872631e-15,2.5761532705837846e-13,0.1795121951219512,0.04269482689480016
Pre-B small,ATF4,7.794635,1.0733635,6.459511636511581e-15,3.375551479357517e-13,0.3570731707317073,0.27675444459296883
Pre-B small,MYB,7.7893324,3.2622433,6.736424507501928e-15,3.5112317279102355e-13,0.18439024390243902,0.05036759791471728
Pre-B small,CCDC69,7.778856,1.5741817,7.31833186700661e-15,3.7950778110334275e-13,0.2702439024390244,0.1550594840261997
Pre-B small,DDAH2,7.7666774,2.1555812,8.057170566328568e-15,4.1675868517131586e-13,0.2126829268292683,0.08266274562224302
Pre-B small,DONSON,7.7598753,1.0729871,8.50128817365061e-15,4.386146852638822e-13,0.3668292682926829,0.28212805774629063
Pre-B small,OAZ1,7.7083445,0.36739045,1.2746042801467573e-14,6.526487608771607e-13,0.7317073170731707,0.7151717684801497
Pre-B small,SH3BGRL,7.594645,0.84722,3.086377767732271e-14,1.5491330188262125e-12,0.39902439024390246,0.33736131533217484
Pre-B small,ORAI2,7.5856752,2.169145,3.307596646612005e-14,1.656079424441597e-12,0.2097560975609756,0.08354498061756449
Pre-B small,SMIM3,7.573484,3.5246055,3.6334567331237285e-14,1.810316384091646e-12,0.1629268292682927,0.02801764469990643
Pre-B small,SELENOF,7.554515,0.93881696,4.2042433805692074e-14,2.074365520393467e-12,0.37853658536585366,0.3150380965111616
Pre-B small,CD81,7.475867,2.6532552,7.66965169794261e-14,3.720970876271537e-12,0.17853658536585365,0.0467584547520385
T activated,EIF1,30.291956,1.3712789,1.4630587028871665e-201,2.974105731229032e-197,0.9965694682675815,0.9619256480038048
T activated,FTH1,22.54136,1.4034852,1.6322440477475192e-112,4.740036714658796e-109,0.9948542024013722,0.9559542367955188
T activated,PIK3R1,20.094893,2.6842866,8.179129738356085e-90,1.662653493213025e-86,0.6620926243567753,0.211350965730441
T activated,HLA-B,19.04499,1.0708799,7.229885697689931e-81,1.3360828769330992e-77,0.9879931389365352,0.9252780933759611
T activated,MALAT1,18.679585,0.8890291,7.2581434419036e-78,1.22952949905847e-74,1.0,0.9854413824081169
T activated,CD69,17.958485,2.131713,4.1190261343181316e-72,5.980825947029927e-69,0.6963979416809606,0.276798689460195
T activated,PABPC1,17.152704,1.0645338,5.999386606235388e-66,8.130368728770198e-63,0.9331046312178388,0.8079372209157926
T activated,SELENOK,16.951456,1.9325123,1.877459969437785e-64,2.385312891170706e-61,0.6740994854202401,0.3330514968161281
T activated,BTG1,16.595589,1.2281309,7.500528877858202e-62,8.968867707594208e-59,0.967409948542024,0.8215446402621079
T activated,SARAF,15.483144,1.2317173,4.508879327042096e-54,4.582824948005586e-51,0.8970840480274442,0.6997648426559568
T activated,UBC,15.029497,1.0714947,4.7056687600812445e-51,4.158992806736154e-48,0.9073756432246999,0.7665865194070864
T activated,TNFAIP3,14.714614,2.2293801,5.194158211495797e-49,4.39945200513694e-46,0.5197255574614065,0.1762358971649008
T activated,LEPROTL1,14.473041,1.5730711,1.793648729225254e-47,1.4584516547076385e-44,0.6981132075471698,0.3792903004201126
T activated,RBM39,14.132068,1.3125246,2.4096376960511676e-45,1.8839659648203128e-42,0.7530017152658662,0.49393611118450603
T activated,ZFP36L2,13.912192,1.2980604,5.341676704608646e-44,3.878057287545877e-41,0.8044596912521441,0.5867572066478188
T activated,SPOCK2,13.907445,2.3361678,5.708255319367186e-44,4.001290142486074e-41,0.4631217838765009,0.13044627051021218
T activated,RORA,13.613593,2.2676415,3.3248842405748205e-42,2.1802660271743534e-39,0.4648370497427101,0.1372103469231379
T activated,ELF1,13.407531,1.5854608,5.462755357271362e-41,3.470215340706633e-38,0.6037735849056604,0.3201838983274764
T activated,CNOT1,13.227459,2.257434,6.091188262302322e-40,3.6418139704729882e-37,0.45969125214408235,0.15924643961212248
T activated,EML4,12.991299,2.097646,1.3708098277009207e-38,7.740506160417865e-36,0.4665523156089194,0.16294554390044125
T activated,CIB1,12.736818,1.5240037,3.6914562362000614e-37,1.9747347991967068e-34,0.5849056603773585,0.32493988955531483
T activated,CXCR4,12.667711,1.207264,8.92814729347419e-37,4.6536250815831626e-34,0.8627787307032591,0.6093217428065633
T activated,DNAJB6,12.023618,1.5057915,2.6702048884041102e-33,1.233634658442699e-30,0.5540308747855918,0.29204428356276585
T activated,SRRM1,11.977056,1.2190688,4.686772704967428e-33,2.1171714565906195e-30,0.6518010291595198,0.41657198721166805
T activated,TOMM7,11.857628,0.75964236,1.964614948765993e-32,8.681889712720676e-30,0.9433962264150944,0.8316114883610326
T activated,FAM177A1,11.765463,2.1950119,5.880265434809622e-32,2.490292411641875e-29,0.411663807890223,0.14151716120168045
T activated,CD6,11.711818,2.275053,1.1087683414735071e-31,4.599804662341521e-29,0.38593481989708406,0.10431474093058896
T activated,KLRB1,11.636,2.2118652,2.704031519124832e-31,1.077795151387639e-28,0.42710120068610635,0.1446613998467514
T activated,CALM1,11.601447,1.0415841,4.051675943999332e-31,1.583893626723431e-28,0.7598627787307033,0.5687901286759849
T activated,UBE2D3,11.514814,1.0199016,1.1109887932040909e-30,4.10621457968232e-28,0.7221269296740995,0.5311913758025735
T activated,SBDS,11.494585,1.7401406,1.404546978343943e-30,5.098505531388513e-28,0.4716981132075472,0.22176130208470948
T activated,ITM2A,11.485299,1.8161737,1.5639393173195796e-30,5.577501481135512e-28,0.45454545454545453,0.18984331651121622
T activated,JUNB,11.44409,1.0783492,2.5173289911037847e-30,8.673265039179276e-28,0.8542024013722127,0.687240732422649
T activated,DDX24,11.156802,1.4472429,6.633494835942822e-29,2.0745489696160876e-26,0.5300171526586621,0.2914365735725421
T activated,CDC42SE2,11.129202,1.4224219,9.044200533900302e-29,2.785613764441293e-26,0.5385934819897084,0.30491188205141756
T activated,SOCS3,11.092541,2.3115375,1.3635915234858463e-28,4.1371773864806396e-26,0.3653516295025729,0.10537162787010859
T activated,EEF1A1,10.932644,0.39184996,8.046924198383522e-28,2.3368267872105747e-25,1.0,0.9929981240256823
T activated,CD44,10.625791,1.1321326,2.2608764058917946e-26,6.210688591752487e-24,0.6415094339622641,0.42389092926784155
T activated,STK17A,10.5388565,1.7075443,5.718989736614627e-26,1.5500749782120283e-23,0.43567753001715265,0.1931989325441911
T activated,GABARAPL1,10.276386,2.2880828,9.004084020378218e-25,2.316898986914537e-22,0.33962264150943394,0.09411578196422438
T activated,HNRNPH3,10.202494,1.3999906,1.932451153926661e-24,4.849736673706317e-22,0.47684391080617494,0.25933363278463284
T activated,AC114760.2,10.149377,1.5998471,3.334854894341841e-24,8.267186620997677e-22,0.42710120068610635,0.18519301397732976
T activated,RSRC2,10.097218,1.5230058,5.683197776058012e-24,1.3753338618060389e-21,0.44596912521440824,0.21594842391735145
T activated,PDCD4,9.968045,1.4917032,2.103274818080041e-23,4.858564829764895e-21,0.44596912521440824,0.23254154886780987
T activated,ARID5A,9.956674,1.8012495,2.3582206480012326e-23,5.38628194747967e-21,0.38421955403087477,0.15134620973921314
T activated,CHD1,9.878474,1.9835113,5.161284122415219e-23,1.140419387396267e-20,0.36363636363636365,0.1359949269426903
T activated,ARID4B,9.863058,1.578774,6.018778935804828e-23,1.3155885828714038e-20,0.42710120068610635,0.19932887679340502
T activated,TMA7,9.789652,0.6965201,1.2472504144119212e-22,2.6688533078068982e-20,0.9176672384219554,0.7871429703807435
T activated,PNRC1,9.636743,0.857334,5.593493391414476e-22,1.1485306430371058e-19,0.7615780445969125,0.6034031759452533
T activated,RELB,9.610547,2.692031,7.216476053977266e-22,1.4669652522524987e-19,0.28987993138936535,0.05997833381773985
T activated,PMAIP1,9.559073,2.2002544,1.1881550392602915e-21,2.367923101772863e-19,0.35334476843910806,0.14162284989563242
T activated,RWDD1,9.413654,1.2587305,4.791815316787632e-21,9.019261274042498e-19,0.4854202401372213,0.28567653975216
T activated,SNU13,9.394975,1.1066926,5.7231530992742545e-21,1.0673418000187803e-18,0.5403087478559176,0.34827066874521095
T activated,CCL5,9.390844,1.3145268,5.952120610856734e-21,1.0999518888863246e-18,0.5077186963979416,0.2244035194335086
T activated,SFPQ,9.377781,1.1657908,6.73755185223375e-21,1.2338824689388077e-18,0.5042881646655232,0.2940523687478532
T activated,TPT1,9.361418,0.3358167,7.867413876214772e-21,1.415299020138884e-18,0.9982847341337907,0.9830105424472217
T activated,HSP90AA1,9.274542,0.89640313,1.7838458397076892e-20,3.1808787920682374e-18,0.7547169811320755,0.5263032737072951
T activated,FAM133B,9.271549,1.2482051,1.8346196531525765e-20,3.2429694181987455e-18,0.48198970840480276,0.2848310302005443
T activated,FUS,9.246679,0.8728909,2.315749332715492e-20,4.058151072020735e-18,0.6775300171526587,0.5074378418368695
T activated,SNHG9,9.214899,1.512046,3.115700645378645e-20,5.4133301469450516e-18,0.411663807890223,0.20662139667609059
T activated,RNF125,9.153131,1.6335363,5.530728458626415e-20,9.527851534487946e-18,0.37392795883361923,0.15287869580151664
T activated,TSPYL2,9.0395155,2.0407782,1.5736816878517692e-19,2.665816779220897e-17,0.3190394511149228,0.10486960657383676
T activated,CIRBP,9.037952,0.68208313,1.5963419898688725e-19,2.681854542979706e-17,0.8593481989708405,0.7332417364652416
T activated,GUK1,9.035229,0.95521665,1.6366000626185179e-19,2.7269513174515762e-17,0.6106346483704974,0.4366792612360293
T activated,PRRC2C,9.018789,1.1381811,1.901792537398011e-19,3.117712798405385e-17,0.5094339622641509,0.3174888366317013
T activated,RGS1,8.986306,1.99523,2.556796023427692e-19,4.1249642511300095e-17,0.3190394511149228,0.10257087748038153
T activated,ANKRD12,8.973471,1.2074881,2.8731561538627062e-19,4.598859708324495e-17,0.48713550600343053,0.28343065500568076
T activated,YBX1,8.818118,0.7156001,1.1639951530539805e-18,1.7790746970888208e-16,0.8850771869639794,0.7313657621475943
T activated,PFDN2,8.770055,1.4084768,1.7857911806700536e-18,2.669232582401533e-16,0.4099485420240137,0.22577747245488414
T activated,DUSP2,8.758092,1.328371,1.985825140428646e-18,2.9465586463236143e-16,0.41852487135506006,0.1988532776706212
T activated,MPZL3,8.737682,3.1644442,2.3794116583955337e-18,3.479761164882332e-16,0.24356775300171526,0.03310698338045288
T activated,IDS,8.613412,1.5442564,7.091758874405154e-18,1.0011199611035277e-15,0.3653516295025729,0.1639760086664729
T activated,RNF145,8.59819,1.4957637,8.098324531220188e-18,1.135329248763062e-15,0.38078902229845624,0.18519301397732976
T activated,KMT2E,8.560684,1.1153002,1.1219949284317903e-17,1.55155870103139e-15,0.4974271012006861,0.32105583005258015
T activated,MORF4L1,8.548135,0.83767337,1.2509348086960133e-17,1.7181758642684161e-15,0.6397941680960549,0.4818083335535181
T activated,STRAP,8.5368,1.3673923,1.3798953745213754e-17,1.882584776729565e-15,0.39622641509433965,0.21325336222157634
T activated,PIK3IP1,8.513125,1.2192831,1.6930686081469828e-17,2.2867721541317977e-15,0.44082332761578047,0.2327265040822258
T activated,H3F3B,8.512744,0.5567508,1.6986550338149422e-17,2.2867721541317977e-15,0.9862778730703259,0.9280524215922001
T activated,HNRNPA0,8.471416,0.84726197,2.4242774986093683e-17,3.2121623692851383e-15,0.6329331046312179,0.47005046635136205
T activated,CCNL1,8.465139,0.99672824,2.5584652092331933e-17,3.355385856341442e-15,0.5557461406518011,0.37931672259360055
T activated,HLA-A,8.406517,0.65746945,4.223667409147528e-17,5.468707712939551e-15,0.9811320754716981,0.892831664332708
T activated,STAT3,8.393838,1.4048698,4.705261062032843e-17,6.053705498038204e-15,0.3927958833619211,0.20138980632546832
T activated,PHF1,8.303418,1.8692111,1.0115812163855936e-16,1.2693470967090338e-14,0.3053173241852487,0.10690411393241209
T activated,SMCHD1,8.30193,1.2522998,1.024333106461037e-16,1.2774627845484638e-14,0.4305317324185249,0.24387666129415805
T activated,DDX21,8.267991,1.3047485,1.3623516474824989e-16,1.688651481099039e-14,0.40308747855917665,0.22326736597352498
T activated,SON,8.1938925,0.8322758,2.5291147221796037e-16,3.0421209510335496e-14,0.6243567753001715,0.4586625095780379
T activated,RHBDD2,8.134852,2.0607393,4.124414410795617e-16,4.7909197795801885e-14,0.2864493996569468,0.09601817845535973
T activated,AC058791.1,8.123215,1.8702146,4.539944264086318e-16,5.2436356250196975e-14,0.2933104631217839,0.0970222210479034
T activated,EZR,8.05342,1.2730885,8.051223670450755e-16,9.194678358029379e-14,0.41509433962264153,0.23922635876027162
T activated,SRSF7,8.004171,0.9030231,1.2027355290707452e-15,1.3433630678544016e-13,0.5643224699828473,0.40632018389832747
T activated,HNRNPA1,7.97832,0.5939843,1.4833806358588965e-15,1.6477683915704726e-13,0.9416809605488851,0.8266176975718023
T activated,EPC1,7.9075584,1.0805701,2.6248624780793392e-15,2.868720669591226e-13,0.4614065180102916,0.28638993843633576
T activated,USP16,7.877048,1.4033539,3.35206375218003e-15,3.643890478840409e-13,0.3704974271012007,0.19267048907443127
T activated,HMGB2,7.874035,0.77386814,3.4338366035250782e-15,3.7129271530030735e-13,0.7324185248713551,0.5105292361349645
T activated,CCDC12,7.7792664,1.1044271,7.294622801933554e-15,7.723181891547151e-13,0.4391080617495712,0.26797368351520595
T activated,SNRPB2,7.731602,0.9434572,1.0620136221750368e-14,1.1071083544396999e-12,0.4957118353344768,0.3346632493988956
T activated,PPDPF,7.7288785,0.624578,1.0849804909057855e-14,1.125279766282286e-12,0.7718696397941681,0.6552170581552038
T activated,DNAJB1,7.719521,1.2625784,1.1676761753592245e-14,1.1988142067021372e-12,0.38593481989708406,0.20701772927841045
T activated,ODC1,7.6872315,1.2431332,1.503531074134661e-14,1.5358683253773564e-12,0.3876500857632933,0.21769228736755886
T activated,RSL24D1,7.6599865,0.725524,1.8595296878055255e-14,1.8806228603836178e-12,0.6483704974271012,0.5049013131820224
T activated,SRGN,7.65061,0.83655113,2.000283138103625e-14,1.995790790365355e-12,0.8473413379073756,0.5905884218035775
T activated,WHAMM,7.630454,2.1404738,2.3392846591429784e-14,2.308397017041673e-12,0.2607204116638079,0.07926652046397337
T activated,SRSF5,7.583226,0.70073694,3.370669071328234e-14,3.3100947285971185e-12,0.7530017152658662,0.5898750231194018
T activated,KLF3,7.5552435,1.1732273,4.180766197721183e-14,4.046981679394105e-12,0.4099485420240137,0.2449335482336777
T activated,IL7R,7.537138,1.0559616,4.803982775516867e-14,4.628216201929236e-12,0.4236706689536878,0.22371654292282084
T activated,FKBP11,7.495476,1.6565906,6.605841003274368e-14,6.274931584792587e-12,0.3053173241852487,0.13195233439902768
T activated,SEC61G,7.4677753,0.7632048,8.15619664517087e-14,7.711589088513183e-12,0.6157804459691252,0.44518720109916243
T activated,RUNX3,7.4535313,1.9168874,9.087456160907611e-14,8.552305964765273e-12,0.2658662092624357,0.08753666076571459
T activated,FXYD5,7.44262,0.69333464,9.870779758045277e-14,9.246691747536608e-12,0.7392795883361921,0.5937855047956245
T activated,UBE2B,7.41315,1.1534003,1.233345471458369e-13,1.150066364394758e-11,0.40823327615780447,0.24395592781462203
T activated,ZFP36,7.3655796,0.89919066,1.7637911379432904e-13,1.607818217583462e-11,0.548885077186964,0.3807170977884641
T activated,SNHG8,7.3506937,0.80886817,1.9718063887467713e-13,1.7894142977876948e-11,0.5746140651801029,0.4199804475916189
T activated,CAMLG,7.338658,1.1802654,2.1574640533879968e-13,1.949196856767609e-11,0.3910806174957118,0.2294501545697149
T activated,RNMT,7.2766833,1.1025776,3.4212672831216653e-13,3.0238052752737915e-11,0.41509433962264153,0.25035009379871587
T activated,SRSF11,7.2713795,1.0519795,3.5583529657314853e-13,3.131350609843707e-11,0.4219554030874786,0.2642745792268872
T activated,HSPA5,7.120842,0.99814343,1.0726977032597315e-12,9.318717483702489e-11,0.43739279588336194,0.2776441990118107
T activated,RICTOR,7.0416064,1.5002813,1.9003604190540836e-12,1.6299800252544899e-10,0.3053173241852487,0.1407244959970407
T activated,WTAP,6.9938912,1.1166314,2.673648113289814e-12,2.2740551818809764e-10,0.39622641509433965,0.2449863925806537
T activated,ZFAS1,6.9497347,0.64249796,3.659734291239415e-12,3.086932724992317e-10,0.7032590051457976,0.5681824186857611
T activated,YPEL5,6.944105,0.8258996,3.80866469222365e-12,3.199278341467866e-10,0.5506003430531733,0.3866092424762861
T activated,SNRPA1,6.898634,1.4477662,5.2504924117386044e-12,4.392263775548245e-10,0.307032590051458,0.15158400930060506
T activated,DDIT4,6.889967,1.3755058,5.5805409862759885e-12,4.649231031517143e-10,0.3190394511149228,0.157713953549819
T activated,PPP2R5C,6.866423,0.98692536,6.583151871993783e-12,5.43993135178413e-10,0.44768439108061747,0.29627183132084445
T activated,STAT4,6.7775726,1.7099754,1.222117717957026e-11,9.858416258186676e-10,0.2538593481989708,0.089280524215922
T activated,SAR1A,6.7556863,1.5268722,1.4216079441605208e-11,1.1288455581599636e-09,0.29845626072041165,0.14616746373556688
T activated,CREM,6.7475567,1.497112,1.5035529767699904e-11,1.1892694518202475e-09,0.2881646655231561,0.12849102967210083
T activated,NDUFA4,6.7404337,0.6425549,1.5791438730476886e-11,1.244218474857109e-09,0.7135506003430532,0.5532803128385341
T activated,LYAR,6.6643696,1.3558195,2.658038899485841e-11,2.0313013063439163e-09,0.3241852487135506,0.17581314238909293
T activated,ZNF331,6.6143804,1.6019782,3.731111862292698e-11,2.7884574241428665e-09,0.2624356775300172,0.10349565355246122
T activated,XBP1,6.5625987,1.0464269,5.287800575111341e-11,3.880520219886763e-09,0.379073756432247,0.23225090495944195
T activated,ISCA1,6.5291595,1.3940371,6.613966672488216e-11,4.8189503411591555e-09,0.30017152658662094,0.1511876766982852
T activated,SEC62,6.511829,0.7482747,7.424120766607797e-11,5.355976881239334e-09,0.5214408233276158,0.38729621898697386
T activated,SFXN1,6.485468,1.6456795,8.845680809064881e-11,6.309298227602488e-09,0.26758147512864494,0.11892620286944804
T activated,P2RY8,6.430846,1.7720652,1.2689559769286112e-10,8.956714270487781e-09,0.23842195540308747,0.08439242212064364
T activated,HINT1,6.408228,0.575276,1.472205816699453e-10,1.0355363267081827e-08,0.8301886792452831,0.696620604010886
T activated,GSPT1,6.4012685,1.7949644,1.540911514541694e-10,1.0801258368139157e-08,0.2504288164665523,0.10637567046265226
T activated,SYAP1,6.325927,1.4316615,2.517174114396888e-10,1.7404461019544196e-08,0.2915951972555746,0.15039501149364548
T activated,RNF139,6.323235,1.2970573,2.561432429684006e-10,1.7650440145971686e-08,0.30874785591766724,0.16503289560599255
T activated,FOXP1,6.2806773,0.8236745,3.371009995588132e-10,2.291835825763062e-08,0.47684391080617494,0.33381773984727986
T activated,DBF4,6.2782774,2.090293,3.4234484796366835e-10,2.3197286898018168e-08,0.22298456260720412,0.07659788094168626
T activated,SVIP,6.2648683,1.0034274,3.731406881770855e-10,2.4951328648894062e-08,0.37735849056603776,0.24067957830211112
T activated,SRRM2,6.257019,0.9913377,3.9240509557090926e-10,2.6068009094004717e-08,0.37735849056603776,0.24305757391603033
T activated,CLEC2B,6.2152967,0.981841,5.122776166461367e-10,3.3810322698645024e-08,0.37735849056603776,0.22997859803947474
T activated,NR3C1,6.21041,1.4094692,5.284651272488431e-10,3.4765822351826806e-08,0.2864493996569468,0.14635241894998283
T activated,EEF1D,6.1507344,0.37119383,7.712508049992439e-10,5.0089413303593075e-08,0.9622641509433962,0.9090813010278226
T activated,EPB41L4A-AS1,6.0942354,1.022023,1.0996189182035208e-09,7.007226761517608e-08,0.3653516295025729,0.22860464501809918
T activated,NFKB2,6.0644565,1.7253317,1.3240060174492745e-09,8.30691182799656e-08,0.22126929674099485,0.07329510925568737
T activated,MZT2B,6.027387,0.65899765,1.666312829204669e-09,1.0264487027900762e-07,0.5351629502572899,0.40217190266071284
T activated,ARPC5L,6.007352,1.3265771,1.8857798990835257e-09,1.1511751888459433e-07,0.2915951972555746,0.15464898142521205
T activated,DNAJB9,5.998835,1.5895059,1.9873810638923827e-09,1.2095653373294715e-07,0.24528301886792453,0.1038919861547811
T activated,VAMP2,5.9798717,0.5736437,2.2331352046323394e-09,1.355079774321379e-07,0.7049742710120068,0.592332285253785
T activated,KRT10,5.973247,0.7351982,2.3257728823349575e-09,1.4070925938126491e-07,0.48198970840480276,0.35244537215631355
T activated,SF1,5.941535,0.64004654,2.8236581759836244e-09,1.693195380572127e-07,0.5728987993138936,0.4453457341400904
T activated,COG3,5.919611,1.7910838,3.2270437153028397e-09,1.9237344470579507e-07,0.22298456260720412,0.08233149258858034
T activated,TENT5C,5.9184937,1.7620533,3.249037739109812e-09,1.9311824315972006e-07,0.2281303602058319,0.08671757338758686
T activated,HSPA9,5.8922286,1.1667145,3.810220248411081e-09,2.2581386941603631e-07,0.3018867924528302,0.17140063941659842
T activated,SLC2A3,5.8898697,0.9026683,3.865001660921587e-09,2.2839463303259893e-07,0.3516295025728988,0.20292229238777182
T activated,TRA2B,5.8866158,0.6555099,3.94183735063822e-09,2.315886406467449e-07,0.5557461406518011,0.41749676328374774
T activated,OCIAD2,5.8497496,1.0192817,4.923131239583375e-09,2.875787696501461e-07,0.346483704974271,0.21946257299125427
T activated,GPR183,5.78167,1.1630694,7.396271161477927e-09,4.2592464637542005e-07,0.28987993138936535,0.1520860305968769
T activated,AC026979.2,5.778004,1.2969964,7.559199586705491e-09,4.340774271145458e-07,0.2641509433962264,0.12508256929214998
T activated,NR4A2,5.744712,1.2766218,9.207768067902984e-09,5.184917154690633e-07,0.274442538593482,0.1395619203635691
T activated,PPP1CB,5.704932,0.92165196,1.1638936205670406e-08,6.499898219474395e-07,0.37564322469982847,0.25399635374005863
T activated,C9orf78,5.6892095,0.8051465,1.2762867831697818e-08,7.08862233012987e-07,0.4219554030874786,0.30131846645705074
T activated,ISCU,5.681778,0.8355792,1.3330148654897928e-08,7.363458202629486e-07,0.40823327615780447,0.2846460749861284
T activated,CYLD,5.658389,1.259339,1.528005263725985e-08,8.305795058431467e-07,0.2692967409948542,0.13691970301477
T activated,TOMM20,5.652663,0.7202451,1.5798045098056307e-08,8.563804286754364e-07,0.44082332761578047,0.3253362221576347
T activated,CD5,5.6486797,1.982244,1.6168481743855256e-08,8.741300449177916e-07,0.19039451114922812,0.053874811742013896
T activated,TRAM1,5.616471,0.9236962,1.948971347126914e-08,1.0481134800104737e-06,0.3653516295025729,0.24210637567046264
T activated,OASL,5.5603366,3.6599722,2.6925464906509133e-08,1.4290883828185839e-06,0.14922813036020582,0.015853304092794673
T activated,MED10,5.558905,0.94739157,2.7147186353659474e-08,1.4371041775968484e-06,0.34991423670668953,0.22044019341030993
T activated,EXOSC6,5.554555,1.683412,2.7832021868970102e-08,1.4695307546816214e-06,0.22126929674099485,0.09105080983961741
T activated,SEC61B,5.543809,0.6567628,2.9596149787516032e-08,1.5586283235249376e-06,0.48713550600343053,0.35870742727296745
T activated,HAUS3,5.5376153,2.1886246,3.066179427462375e-08,1.610576108564733e-06,0.19039451114922812,0.06016328903215579
T activated,SYNE2,5.533167,1.3837309,3.1450000407251165e-08,1.647720639893303e-06,0.23156089193825044,0.09456495891352022
T activated,RHOH,5.5152946,0.9782584,3.4819661132613415e-08,1.810266167528812e-06,0.32075471698113206,0.18619705656987343
T activated,RBM38,5.507451,1.4569876,3.64066777456873e-08,1.8879462888120697e-06,0.24013722126929674,0.11002193040399504
T activated,SIVA1,5.499587,0.8124962,3.8068217478389286e-08,1.9640881342657294e-06,0.38421955403087477,0.2661505535445346
T activated,EIF3A,5.4545465,0.9745595,4.909801592086446e-08,2.5203648172710423e-06,0.31732418524871353,0.1937009538404629
T activated,ATG2A,5.450574,1.803686,5.0207535557588775e-08,2.5708281682989032e-06,0.2006861063464837,0.07028298147805638
T activated,BCLAF1,5.402966,0.737957,6.55478921898429e-08,3.3394926126193647e-06,0.41852487135506006,0.2993632256189394
T activated,PSMD7,5.3709846,0.97862184,7.830783391668602e-08,3.936258530833598e-06,0.32246998284734135,0.20712341797236242
T activated,CNOT6L,5.3661017,1.3649329,8.045650540796983e-08,4.0163637686175735e-06,0.24013722126929674,0.1128226807937221
T activated,PDE4D,5.365754,1.838744,8.061178756375294e-08,4.0163637686175735e-06,0.19039451114922812,0.06108806510423547
T activated,IDI1,5.3614955,1.1936647,8.253577161579147e-08,4.10216910857166e-06,0.27615780445969124,0.1526937405871007
T activated,SRSF10,5.357109,0.91180444,8.45640077756089e-08,4.192724756250189e-06,0.3379073756432247,0.2187491743070785
T activated,NPM1,5.326516,0.5237237,1.0011441493169926e-07,4.927665440028045e-06,0.8970840480274442,0.7634422807620155
T activated,AC095055.1,5.2856135,3.1216102,1.2528405703973097e-07,6.092761510774285e-06,0.14922813036020582,0.022406003117816473
T activated,BCAS2,5.261154,1.1809808,1.431539099251521e-07,6.912191641231572e-06,0.27787307032590053,0.15850661875445873
T activated,G3BP2,5.230809,1.0949525,1.6876948721557847e-07,8.091382396505377e-06,0.2915951972555746,0.17465056675562132
T activated,ZEB1,5.229884,2.3256724,1.696164828684632e-07,8.112856150000281e-06,0.16638078902229847,0.04108647977382619
T activated,BIRC2,5.2040043,1.2350099,1.9503938254384818e-07,9.22037341477057e-06,0.25728987993138935,0.13565143868734642
T activated,AP3M2,5.1920137,1.596308,2.0803185649314396e-07,9.789054580538496e-06,0.20411663807890223,0.07995349697466114
T activated,MGAT4A,5.1804814,0.90860075,2.2131370386811644e-07,1.0389988388524414e-05,0.32075471698113206,0.19708299204692578
T activated,NOP53,5.1780195,0.4721263,2.2425376583641193e-07,1.050375703207968e-05,0.8644939965694682,0.7532697439691389
T activated,SELENOT,5.1615014,0.9193193,2.449771807287039e-07,1.1395643317741629e-05,0.3361921097770154,0.22073083731867785
T activated,BRAF,5.149394,1.4233749,2.613296341803672e-07,1.2128558912371015e-05,0.2281303602058319,0.1074061352286839
T activated,SYTL3,5.1484027,1.3559531,2.627141477276566e-07,1.2165041446487021e-05,0.2195540308747856,0.09297962850424075
T activated,ARID5B,5.114766,1.2336161,3.1412988665480234e-07,1.4414519945640682e-05,0.2367066895368782,0.11216212645652231
T activated,PAIP2,5.060692,0.62084174,4.177383352435024e-07,1.8828791305609573e-05,0.47684391080617494,0.36890638623933203
T proliferating,PFN1,10.875497,2.674103,1.5083109577445194e-27,2.033669794926203e-23,1.0,0.8266941093713362
T proliferating,STMN1,10.849698,5.1559887,2.000855760454745e-27,2.033669794926203e-23,1.0,0.17327983742802802
T proliferating,ACTB,10.794066,2.3871057,3.671736325913875e-27,2.4879685344392418e-23,1.0,0.9634734127087513
T proliferating,CFL1,10.298544,2.491811,7.153578879071077e-25,3.635448786343922e-21,1.0,0.7511919339290832
T proliferating,CORO1A,10.116811,2.9706264,4.653328670694379e-24,1.8918573043575065e-20,0.9787234042553191,0.5723106583643801
T proliferating,PCLAF,10.084176,4.8820915,6.4907172762590284e-24,2.1990550131965588e-20,0.9361702127659575,0.09089961701795066
T proliferating,GAPDH,10.041122,2.9004736,1.0052344278603023e-23,2.919200778506318e-20,1.0,0.719276763150353
T proliferating,ACTG1,9.996069,2.953035,1.5856670482413718e-23,4.029179969581326e-20,1.0,0.6411171612432587
T proliferating,PPIA,9.947799,2.589879,2.5782226052682946e-23,5.823345457765987e-20,1.0,0.6338222650652633
T proliferating,MT2A,9.894148,3.9524136,4.4135287424226474e-23,8.971821227596758e-20,0.9787234042553191,0.287106271005393
T proliferating,TUBA1B,9.664486,4.4234986,4.267559454892837e-22,7.886449872641963e-19,0.9574468085106383,0.3121955032175703
T proliferating,DEK,9.56142,3.4508438,1.1615157747369625e-21,1.9273215969498104e-18,0.9787234042553191,0.2340880077117474
T proliferating,TMSB4X,9.555276,1.5890375,1.2325452951764826e-21,1.9273215969498104e-18,1.0,0.9790271734882631
T proliferating,PSMB9,9.396349,3.4078522,5.6489178695146145e-21,8.20222874653522e-18,0.9787234042553191,0.27288122345830185
T proliferating,GZMA,9.384035,4.72596,6.349526130170142e-21,8.604877811606577e-18,0.8936170212765957,0.15340124534299038
T proliferating,TUBB,9.366208,4.152188,7.518510574248394e-21,9.552267684582586e-18,0.9574468085106383,0.23346273089649064
T proliferating,HMGN2,9.348954,2.8415182,8.851893921612599e-21,1.0584782331678876e-17,0.9787234042553191,0.5734569991923508
T proliferating,H2AFZ,9.267451,3.536433,1.9064748863366676e-20,2.1530456383028767e-17,0.9574468085106383,0.32389339030299874
T proliferating,IDH2,9.237415,3.6427522,2.5252332525603823e-20,2.5666470779023724e-17,0.9148936170212766,0.15426100096396841
T proliferating,HMGB1,9.231225,2.535219,2.6755350558528964e-20,2.5899179340656037e-17,1.0,0.6899929656358283
T proliferating,SUB1,9.173871,2.5633006,4.563322264700172e-20,4.216509772582959e-17,1.0,0.5827319386186594
T proliferating,TYMS,9.13179,4.7754188,6.737558446257066e-20,5.954829917196245e-17,0.8297872340425532,0.07297501498059036
T proliferating,PSMA4,9.1233635,3.1819243,7.282789671382354e-20,6.168522851660854e-17,0.9787234042553191,0.29096214469947634
T proliferating,C12orf75,9.110287,3.6400335,8.216457603797707e-20,6.680966006799992e-17,0.9361702127659575,0.1642914832087122
T proliferating,DUT,8.993401,3.5130188,2.396976339442357e-19,1.8740667318532395e-16,0.9148936170212766,0.2546179298126775
T proliferating,NASP,8.907621,3.5720181,5.213902398824501e-19,3.925489183826091e-16,0.8936170212765957,0.1446994763306672
T proliferating,ARPC2,8.866857,2.3233829,7.523944750530617e-19,5.462383888885228e-16,0.9787234042553191,0.6001354766433056
T proliferating,COX8A,8.786999,2.6378214,1.5360858860011902e-18,1.0485463197573731e-15,1.0,0.4412370059661829
T proliferating,PARK7,8.781046,2.8346658,1.6196202897217446e-18,1.0485463197573731e-15,0.9787234042553191,0.3296772008441237
T proliferating,MYL6,8.7800455,2.0626178,1.634083768339713e-18,1.0485463197573731e-15,1.0,0.7281869577677618
T proliferating,HNRNPA2B1,8.778914,2.3787782,1.6506042026877184e-18,1.0485463197573731e-15,1.0,0.5835395878383659
T proliferating,IL32,8.757062,3.4366653,2.0040600289278174e-18,1.2345009778195355e-15,0.9361702127659575,0.41093713362686607
T proliferating,PCNA,8.732131,4.481744,2.499193383722844e-18,1.4942236207152343e-15,0.8085106382978723,0.1067399630044551
T proliferating,COTL1,8.649614,3.2504826,5.167356682204314e-18,3.0012007610242655e-15,0.9148936170212766,0.36888726780084935
T proliferating,ENO1,8.634452,2.901032,5.9009122860025815e-18,3.3320484708294577e-15,0.9361702127659575,0.3559648802855431
T proliferating,H2AFV,8.5611725,3.1441016,1.1172585464178847e-17,6.138278846373719e-15,0.8936170212765957,0.2638407628377146
T proliferating,PPP1CA,8.530124,2.7878928,1.4619178516290356e-17,7.820491075767114e-15,0.9787234042553191,0.3325691061146862
T proliferating,CLIC1,8.514027,2.7566411,1.6799533877038672e-17,8.756433965447235e-15,0.9787234042553191,0.39043326472657164
T proliferating,CALM3,8.507245,2.9430985,1.7811544975466952e-17,8.946483928754085e-15,0.9361702127659575,0.2875231222155642
T proliferating,HMGB2,8.505738,2.8957744,1.8044364476530768e-17,8.946483928754085e-15,0.9787234042553191,0.5133262121251596
T proliferating,PSME2,8.485089,2.941473,2.1555265602560486e-17,1.0432748551639275e-14,0.9361702127659575,0.3163379621186463
T proliferating,SLC25A5,8.457277,2.7721505,2.736925746665116e-17,1.2938657343769416e-14,0.9574468085106383,0.3394732042831462
T proliferating,RANBP1,8.438898,2.9907525,3.203433767842782e-17,1.4799864007433654e-14,0.9361702127659575,0.2595159315321887
T proliferating,PSMB8,8.409382,3.0869248,4.121765123812603e-17,1.8619386985969462e-14,0.8936170212765957,0.22676705833311622
T proliferating,TPI1,8.389858,2.8024557,4.8672888600435647e-17,2.1509184336296866e-14,0.9574468085106383,0.3544016882474012
T proliferating,CCL5,8.323683,4.2721615,8.527191549429651e-17,3.688101059932041e-14,0.9148936170212766,0.22786129275981554
T proliferating,ITM2A,8.269781,3.1740599,1.3420496030786624e-16,5.6542579800119794e-14,0.8936170212765957,0.1930021103092515
T proliferating,RPA3,8.26794,3.4701762,1.3629409731433835e-16,5.6542579800119794e-14,0.8297872340425532,0.14105202824166949
T proliferating,CCDC167,8.189871,3.8661466,2.6150766847569167e-16,1.0631855769547721e-13,0.7872340425531915,0.09913242841883126
T proliferating,FABP5,8.184877,3.9812229,2.7258058137034367e-16,1.0864741290384992e-13,0.7872340425531915,0.10225881249511502
T proliferating,SNRPG,8.177477,2.8045042,2.898482310433666e-16,1.1330836232018376e-13,0.9361702127659575,0.3051350858452961
T proliferating,ARHGDIB,8.154217,2.0330892,3.514493472639115e-16,1.347974024751093e-13,0.9787234042553191,0.6944480629445328
T proliferating,LDHA,8.150948,2.7225378,3.6108333894940154e-16,1.3592781692895248e-13,0.9361702127659575,0.3642237448870594
T proliferating,PTTG1,8.121944,4.016743,4.58772103611597e-16,1.6956216949484625e-13,0.7659574468085106,0.08045228356303571
T proliferating,YWHAQ,8.01413,2.8304513,1.1091980734869132e-15,4.0263890067574947e-13,0.8936170212765957,0.2692077221686684
T proliferating,MZT2A,8.008163,2.7529562,1.164343919624366e-15,4.152418104934055e-13,0.9148936170212766,0.27389729828309406
T proliferating,SNRPB,7.961248,2.5579114,1.7031260464020062e-15,5.969163150217238e-13,0.9787234042553191,0.3486960373081833
T proliferating,SRSF3,7.9578075,2.321772,1.7511427187660105e-15,6.033428675775501e-13,0.9787234042553191,0.4758877628116614
T proliferating,PTMA,7.951407,0.9728174,1.8440478284028486e-15,6.247634042628851e-13,1.0,0.9880415809082146
T proliferating,SEM1,7.9413757,2.7662218,1.99951278286698e-15,6.663294401659011e-13,0.9148936170212766,0.23328035849204073
T proliferating,HSP90AA1,7.931686,2.38828,2.161905323872345e-15,7.088259907044682e-13,1.0,0.5291926113122997
T proliferating,WDR1,7.9282327,2.9008534,2.2228691220351613e-15,7.172457700433453e-13,0.8723404255319149,0.17976708438631686
T proliferating,MKI67,7.9151616,5.0012207,2.4693183654517538e-15,7.843172458266134e-13,0.7021276595744681,0.04580152671755725
T proliferating,MRPL51,7.9069195,3.130325,2.6383636589365704e-15,8.251177916748093e-13,0.8297872340425532,0.15561576739702473
T proliferating,COX6A1,7.9028344,2.332867,2.7263175291205567e-15,8.397057989691314e-13,1.0,0.44795873173019307
T proliferating,TK1,7.8283505,4.6572595,4.943127225132562e-15,1.4997595557088765e-12,0.7021276595744681,0.05155928405804653
T proliferating,SNRPD3,7.82468,2.635174,5.0895065537838565e-15,1.5214630768429152e-12,0.9148936170212766,0.19367949352577965
T proliferating,CBX3,7.802347,2.7305613,6.076623249587208e-15,1.7902260495305618e-12,0.8936170212765957,0.24628090560925409
T proliferating,HLA-A,7.7755547,1.5060929,7.511766387599646e-15,2.1814169589589372e-12,1.0,0.8940416330146158
T proliferating,IFI16,7.767529,3.1234536,8.003192921534437e-15,2.2838614159111777e-12,0.8297872340425532,0.16460412161634055
T proliferating,CAPZB,7.766174,2.4820323,8.089237600629909e-15,2.2838614159111777e-12,0.9148936170212766,0.3572935935179637
T proliferating,SRSF2,7.75434,2.5144806,8.880409270708569e-15,2.472889858287175e-12,0.9787234042553191,0.36599536253028686
T proliferating,COX5A,7.7495117,2.6775172,9.22465888965632e-15,2.5340387284991037e-12,0.9148936170212766,0.2722038402417737
T proliferating,CD99,7.717154,2.5389314,1.1895594489196726e-14,3.2241819303518804e-12,0.9574468085106383,0.37011176823072717
T proliferating,HSPB11,7.706675,3.453078,1.2913810349567007e-14,3.4222686217937172e-12,0.7659574468085106,0.13070890758929735
T proliferating,ATP5MC3,7.706188,2.5644174,1.2963138718915596e-14,3.4222686217937172e-12,0.9361702127659575,0.33381965974519967
T proliferating,CHCHD2,7.6844673,1.9951969,1.5363491397490393e-14,3.953279153521326e-12,0.9787234042553191,0.588020738347706
T proliferating,RALY,7.662187,2.7454147,1.8279289661463893e-14,4.644767502977975e-12,0.8723404255319149,0.21572050126358022
T proliferating,PGAM1,7.6444197,2.7955267,2.0988968142551176e-14,5.267453634589881e-12,0.8723404255319149,0.23093557043482793
T proliferating,RAN,7.620232,2.6954114,2.5322015678031438e-14,6.277389447597843e-12,0.8936170212765957,0.31886512258030897
T proliferating,HNRNPF,7.6185412,2.8053572,2.5655812898594036e-14,6.2835104168990305e-12,0.851063829787234,0.2351822421384467
T proliferating,SNRPD1,7.5763035,2.5338752,3.555398967651631e-14,8.604065501716948e-12,0.9574468085106383,0.28783576062319255
T proliferating,CENPM,7.5472083,4.50279,4.4468682809160735e-14,1.0634816284054347e-11,0.6808510638297872,0.055936221764843815
T proliferating,PSMA5,7.530796,3.0663614,5.0431936758588416e-14,1.1920702446844016e-11,0.7872340425531915,0.14256311387853998
T proliferating,NKG7,7.5258164,3.5986865,5.239194079023676e-14,1.224164795843601e-11,0.9148936170212766,0.23742281739311674
T proliferating,NUDT1,7.513509,3.1857219,5.756331913950079e-14,1.3297126721224681e-11,0.7659574468085106,0.12875491754162
T proliferating,HNRNPA3,7.492689,2.3358285,6.747667957141365e-14,1.541197688008648e-11,0.9361702127659575,0.39540942604799
T proliferating,NDUFA12,7.4752374,2.6247177,7.706470633939982e-14,1.7406348338525772e-11,0.8723404255319149,0.22100930099262694
T proliferating,LCP1,7.4611273,2.4969637,8.578540249113744e-14,1.9163139141097164e-11,0.9574468085106383,0.29914284969908556
T proliferating,MCM7,7.451905,3.5723295,9.200220901323714e-14,2.0328488095881353e-11,0.723404255319149,0.09061303181095798
T proliferating,EBP,7.4459515,3.212592,9.624819205171963e-14,2.1037991914272652e-11,0.7446808510638298,0.10496834536122762
T proliferating,UBB,7.4339004,1.933198,1.054414117938399e-13,2.280226615899125e-11,1.0,0.6943177969413542
T proliferating,SKA2,7.4198756,3.747434,1.1723019890081667e-13,2.508479456058738e-11,0.7021276595744681,0.07818565510772998
T proliferating,SH2D1A,7.418172,3.8915312,1.187477516044044e-13,2.5144836402232635e-11,0.7021276595744681,0.0547638277362374
T proliferating,ANP32B,7.4025164,2.4177244,1.336279120877836e-13,2.8004002030107882e-11,0.9148936170212766,0.39155355235390665
T proliferating,SIVA1,7.4005294,2.6303198,1.3564244621999828e-13,2.813611884449107e-11,0.8723404255319149,0.26720162571971967
T proliferating,PSMA7,7.3968325,2.2950294,1.3947110197997795e-13,2.863806627322214e-11,0.9361702127659575,0.4210978818747883
T proliferating,JPT1,7.3503056,3.122015,1.9775407616329253e-13,4.019944860247411e-11,0.7659574468085106,0.1516296276997629
T proliferating,CARHSP1,7.3358207,3.10774,2.2036692007458502e-13,4.405394954466112e-11,0.7659574468085106,0.1411301878435766
T proliferating,ATP5MF,7.3354063,2.372521,2.2104992392539523e-13,4.405394954466112e-11,0.9574468085106383,0.3690696402052992
T proliferating,PSMB3,7.325723,2.3498323,2.3761366471645365e-13,4.68952483141366e-11,0.9361702127659575,0.3161295365135607
T proliferating,DCTN3,7.2862678,2.7188516,3.1865939844159787e-13,6.228565626462309e-11,0.8297872340425532,0.19219446108954485
T proliferating,ACAA2,7.275907,3.4200544,3.441000490606463e-13,6.661776949814112e-11,0.7021276595744681,0.08313576322851263
T proliferating,UBE2L3,7.27173,2.485432,3.549121540895411e-13,6.806277611634142e-11,0.8723404255319149,0.2784305551937055
T proliferating,BUB3,7.259475,2.6777384,3.8859536248180453e-13,7.382585540682358e-11,0.8297872340425532,0.1940963447359508
T proliferating,SNRPF,7.2555285,2.3559933,4.000973593665548e-13,7.530721408521598e-11,0.9361702127659575,0.3244405075163484
T proliferating,SUMO2,7.2527194,1.9586818,4.0848590854735134e-13,7.61807481555097e-11,0.9574468085106383,0.5534741943047703
T proliferating,BIRC5,7.2051992,4.2203517,5.795911321099773e-13,1.0614350030208666e-10,0.6595744680851063,0.053330901701274004
T proliferating,SSRP1,7.2014165,3.0296578,5.95901498799139e-13,1.0815612203204372e-10,0.7446808510638298,0.12396112862465154
T proliferating,UQCRQ,7.199976,2.2609422,6.022314008370462e-13,1.0833769837358829e-10,0.9574468085106383,0.38673371023630254
T proliferating,PSMD8,7.190431,2.6434581,6.458701704179226e-13,1.1516884933557483e-10,0.8297872340425532,0.20295443295208818
T proliferating,GZMK,7.179288,3.9565332,7.007545652951357e-13,1.2386903307234363e-10,0.7021276595744681,0.07865461271917255
T proliferating,PDCD5,7.171269,2.7110047,7.430565107345339e-13,1.3021424784665176e-10,0.7872340425531915,0.1491024672381002
T proliferating,TAP1,7.1599874,3.3581698,8.068430744457605e-13,1.4018381211396086e-10,0.7021276595744681,0.07625771826068832
T proliferating,COX6C,7.116776,1.9096813,1.1048077415859028e-12,1.903265404318494e-10,0.9574468085106383,0.5625928145272647
T proliferating,VDAC1,7.0945287,2.5993016,1.297928752257893e-12,2.2171677038570126e-10,0.8297872340425532,0.2025115285412813
T proliferating,MYL12B,7.091181,2.0730667,1.3297266253173895e-12,2.252556903287658e-10,0.9787234042553191,0.4982414089570904
T proliferating,HDAC1,7.089674,2.7345126,1.344280666896757e-12,2.2583915203865518e-10,0.7872340425531915,0.16207696115467785
T proliferating,IL2RG,7.0849314,2.3599372,1.3911318958532225e-12,2.3179450146642873e-10,0.9148936170212766,0.2271057499413803
T proliferating,TXNDC17,7.077643,3.0783184,1.4662701266952732e-12,2.4172337082678045e-10,0.723404255319149,0.11968840372039705
T proliferating,CALM1,7.0768666,2.0075,1.4745030491204632e-12,2.4172337082678045e-10,0.9787234042553191,0.571190370737045
T proliferating,NUDT21,7.04614,2.9530783,1.839488294389535e-12,2.9811991813738577e-10,0.723404255319149,0.11320115676210822
T proliferating,ARPC5,7.045509,2.3981972,1.8478507322565236e-12,2.9811991813738577e-10,0.8936170212765957,0.3232160070864706
T proliferating,EZH2,6.9934826,4.071548,2.681453907144573e-12,4.2920153562547147e-10,0.6382978723404256,0.05356538050699528
T proliferating,DAD1,6.9763927,2.2493043,3.0285582218450253e-12,4.809729026067631e-10,0.9148936170212766,0.2666024021050986
T proliferating,NUDC,6.950988,2.5375566,3.6273711942379402e-12,5.716062142361926e-10,0.8085106382978723,0.17757861553291823
T proliferating,HPRT1,6.9403048,2.8251143,3.912543227933979e-12,6.118013749033995e-10,0.7446808510638298,0.13367897246176694
T proliferating,PSMB2,6.9389234,2.8824203,3.950987534314368e-12,6.130967526529959e-10,0.7446808510638298,0.16621942005575385
T proliferating,PSME1,6.934477,1.9057077,4.077273605341406e-12,6.279001352225765e-10,0.9361702127659575,0.546856681343303
T proliferating,UBL5,6.9170513,2.127402,4.611409457348144e-12,7.048175296915269e-10,0.9574468085106383,0.44780241252637887
T proliferating,CDCA7,6.914933,4.6365137,4.680838707270576e-12,7.100902182193751e-10,0.6170212765957447,0.03952270536435401
T proliferating,HAUS1,6.9102364,3.1504667,4.8384661188331386e-12,7.285654760269633e-10,0.6808510638297872,0.0875648073365813
T proliferating,YWHAB,6.907428,2.191449,4.935207583683123e-12,7.376683805964009e-10,0.9361702127659575,0.38074147409009196
T proliferating,ABRACL,6.8852725,2.4337943,5.767702475136892e-12,8.55809167259728e-10,0.8297872340425532,0.2146262668368809
T proliferating,SAE1,6.8734317,3.4744844,6.267544380678418e-12,9.232365374668905e-10,0.6595744680851063,0.077925123101373
T proliferating,SLBP,6.865716,2.8884656,6.615868968397659e-12,9.67535139493436e-10,0.723404255319149,0.12758252351301358
T proliferating,DNMT1,6.8610783,3.040118,6.834274308920107e-12,9.923366296551995e-10,0.7021276595744681,0.11338352916655811
T proliferating,COPE,6.8566313,2.154291,7.0503241465992995e-12,1.0164467322841884e-09,0.9787234042553191,0.3324648933121434
T proliferating,ZWINT,6.843219,4.5014253,7.743334769585257e-12,1.108496543634712e-09,0.6170212765957447,0.0546596149336946
T proliferating,ARPC1B,6.8361998,2.289832,8.132152992936748e-12,1.1560168254574699e-09,0.8936170212765957,0.35583461428236457
T proliferating,UBE2L6,6.8278522,2.580214,8.619536057222127e-12,1.2167911734111902e-09,0.7446808510638298,0.13620613292342965
T proliferating,PDIA6,6.8227606,2.5147564,8.930737347852131e-12,1.2520277848768146e-09,0.8085106382978723,0.1986296016465623
T proliferating,STK17A,6.818564,2.584428,9.195511570476186e-12,1.2803175287989035e-09,0.8085106382978723,0.19612849438553526
T proliferating,RNASEH2B,6.8160377,2.3640842,9.358565639892088e-12,1.2941559342022203e-09,0.8085106382978723,0.1671052288773676
T proliferating,RBBP7,6.806789,2.4212694,9.980112937396305e-12,1.370781998590487e-09,0.7872340425531915,0.16040955631399317
T proliferating,CYTOR,6.8002176,2.9923105,1.0446133914163327e-11,1.4251611423296115e-09,0.723404255319149,0.1435791887033322
T proliferating,APOBEC3G,6.7978625,3.2220082,1.0618271417636486e-11,1.4389881425180966e-09,0.6808510638297872,0.08261469921579866
T proliferating,NDUFB10,6.796547,2.2442198,1.0715644259159725e-11,1.4425669966900589e-09,0.8936170212765957,0.28114008805981816
T proliferating,MT1E,6.7891726,5.3171563,1.1277828017934127e-11,1.5082611049247694e-09,0.5957446808510638,0.021389677721908137
T proliferating,ATP5F1B,6.770491,2.3603961,1.2834608872530515e-11,1.7052413670640545e-09,0.851063829787234,0.2854909725659797
T proliferating,LMNB1,6.7681556,3.7400932,1.3043430650457294e-11,1.7217328458603627e-09,0.6382978723404256,0.07318344058567595
T proliferating,TRAPPC1,6.7529535,2.2615182,1.4486515619843205e-11,1.8998831581946625e-09,0.8723404255319149,0.3270979339811896
T proliferating,NDUFB3,6.7490396,2.7197735,1.4882681874341402e-11,1.939327930394949e-09,0.7446808510638298,0.16395279160044812
T proliferating,UBE2N,6.7356005,2.397301,1.6325409578290735e-11,2.1137765981369046e-09,0.8085106382978723,0.20566396581820076
T proliferating,PSMA2,6.722293,2.5511553,1.7888660604238375e-11,2.3015233719174535e-09,0.7872340425531915,0.21962848135893495
T proliferating,RAC2,6.7182937,2.2702475,1.8386488917287984e-11,2.350695262331007e-09,0.8723404255319149,0.34671599405987025
T proliferating,ARPC5L,6.709992,2.6959078,1.946350009925295e-11,2.472837687610087e-09,0.7446808510638298,0.1560065654065602
T proliferating,ADA,6.693836,3.5392857,2.1739472906827656e-11,2.744844753105544e-09,0.6382978723404256,0.06375218195555324
T proliferating,CACYBP,6.6917706,2.5255349,2.204861911284946e-11,2.7666933909012585e-09,0.7872340425531915,0.18534246932235626
T proliferating,CST7,6.685331,2.5972161,2.304037257963791e-11,2.872091586981451e-09,0.8297872340425532,0.18654091655159835
T proliferating,CAP1,6.6845016,2.4264164,2.3171144247587462e-11,2.872091586981451e-09,0.8297872340425532,0.27095328661126017
T proliferating,ANP32E,6.683482,2.832296,2.3333011181289234e-11,2.874626977534834e-09,0.723404255319149,0.16173826954641377
T proliferating,EIF4A3,6.6808314,3.2361836,2.375906358027875e-11,2.909483400360882e-09,0.6595744680851063,0.0916030534351145
T proliferating,NUCKS1,6.6717997,2.3011868,2.526855845610303e-11,3.069994719432189e-09,0.8723404255319149,0.2585259099080322
T proliferating,RGS1,6.6712008,3.3389146,2.537185718538999e-11,3.069994719432189e-09,0.6808510638297872,0.10515071776567751
T proliferating,DBI,6.649493,2.249517,2.9410403911106686e-11,3.537601720147791e-09,0.8936170212765957,0.32584738035067606
T proliferating,CD3D,6.6480064,2.4052181,2.970892018621333e-11,3.5524878208549683e-09,0.8723404255319149,0.3733423651095537
T proliferating,TERF2IP,6.6392775,2.11887,3.152247939458897e-11,3.74730386627605e-09,0.8723404255319149,0.23895995623062294
T proliferating,ANAPC11,6.6278577,2.3288321,3.405934860856635e-11,4.0253397588077724e-09,0.8297872340425532,0.23856915822108746
T proliferating,BLOC1S1,6.622549,2.1749973,3.530565073215655e-11,4.148516000481377e-09,0.9148936170212766,0.3212099106375218
T proliferating,LSM2,6.6110377,2.4152656,3.816358047535527e-11,4.458558987948402e-09,0.7659574468085106,0.1655420368392257
T proliferating,CENPX,6.601703,2.876481,4.064607860771436e-11,4.7214484910720994e-09,0.7021276595744681,0.13193340801917516
T proliferating,CCT8,6.5998545,2.3105545,4.1156094605134036e-11,4.753528926892981e-09,0.8297872340425532,0.21848214053096424
T proliferating,CNN2,6.597322,2.4782588,4.186505009957756e-11,4.808094567368433e-09,0.7872340425531915,0.19328869551624417
T proliferating,PPP1R18,6.595763,2.6487095,4.230739935999952e-11,4.8316000797194965e-09,0.723404255319149,0.12106922335408905
T proliferating,CENPN,6.5918555,4.4467535,4.3436263956386575e-11,4.932806557013555e-09,0.5957446808510638,0.050308730427533026
T proliferating,ARPC3,6.5884023,1.768161,4.4458494243280737e-11,5.020845949874504e-09,0.9148936170212766,0.5915639736341609
T proliferating,TMEM106C,6.582107,3.7343197,4.6382773959924034e-11,5.207491818459577e-09,0.6170212765957447,0.06372612875491754
T proliferating,LSM4,6.5813375,2.4319713,4.6623549338825415e-11,5.207491818459577e-09,0.7872340425531915,0.23273324127869108
T proliferating,MCM3,6.5750422,3.8677864,4.863941909542201e-11,5.402962357222615e-09,0.6170212765957447,0.07063022692337753
T proliferating,PSIP1,6.5741673,2.1728964,4.892624062151993e-11,5.4052859747513975e-09,0.851063829787234,0.2241877914701821
T proliferating,CKS2,6.568727,3.5028207,5.0747203498729803e-11,5.576157582282051e-09,0.6382978723404256,0.082067582002449
T proliferating,NUSAP1,6.565905,4.491425,5.1717763631022154e-11,5.65225107038397e-09,0.5957446808510638,0.051611390459317924
T proliferating,RBX1,6.5611296,2.221995,5.340177436654179e-11,5.805087001727602e-09,0.8723404255319149,0.2813745668655394
T proliferating,DNAJC9,6.560215,3.3170483,5.373025843826096e-11,5.809727093260472e-09,0.6595744680851063,0.10502045176249902
T proliferating,CENPU,6.543737,3.6472538,6.000035368005582e-11,6.453371373588226e-09,0.6170212765957447,0.06099054268816924
T proliferating,PSMC5,6.532416,2.1970797,6.471715027666134e-11,6.9240538464419565e-09,0.8297872340425532,0.21968058776020635
T proliferating,GGCT,6.529607,2.964005,6.594247971174103e-11,7.018213233404564e-09,0.6595744680851063,0.09618841674699737
T proliferating,NDUFA2,6.5277586,2.0866776,6.67611927534895e-11,7.0683412827757004e-09,0.9361702127659575,0.2901544954797697
T proliferating,ITGB2,6.5217724,2.1628847,6.94813545460855e-11,7.318222669496508e-09,0.9361702127659575,0.30565614985801004
T proliferating,MZT2B,6.5159245,2.0286343,7.224328721260818e-11,7.569904858030408e-09,0.9361702127659575,0.4035380246463278
T proliferating,YBX1,6.5019526,1.5419493,7.928407004239106e-11,8.265059363188336e-09,0.9787234042553191,0.7333975978949014
T proliferating,DDX39A,6.496177,2.930272,8.238669751670394e-11,8.544677485303865e-09,0.6808510638297872,0.13146445040773258
T proliferating,CTSC,6.491408,2.5259566,8.50378848407572e-11,8.774873721030012e-09,0.723404255319149,0.1421723158690045
T proliferating,RAB27A,6.487014,3.1927502,8.755436205808523e-11,8.988914504630083e-09,0.6382978723404256,0.06927546049032124
T proliferating,ANAPC15,6.474614,2.470898,9.505463119476035e-11,9.668931450457414e-09,0.723404255319149,0.14459526352812443
T proliferating,SRP9,6.4744954,2.295904,9.512919569517328e-11,9.668931450457414e-09,0.8297872340425532,0.2676705833311622
T proliferating,PSMC3,6.4662204,2.562534,1.0048454722738569e-10,1.0162437194220379e-08,0.723404255319149,0.14897220123492172
T proliferating,CSNK2B,6.458629,2.1930573,1.056556596844258e-10,1.063251608943073e-08,0.8297872340425532,0.23674543417658858
T proliferating,LCK,6.455301,2.3632948,1.0800427244980063e-10,1.0815324386007622e-08,0.8297872340425532,0.21715342729854362
