gene,bin,scaled,lineage
CCDC50,0,0.32293284,Plasmacytoid DC
CCDC50,1,2.1141748,Plasmacytoid DC
CCDC50,2,-1.4601549,Plasmacytoid DC
CCDC50,3,0.24047889,Plasmacytoid DC
CCDC50,4,0.8627622,Plasmacytoid DC
CCDC50,5,-0.18242547,Plasmacytoid DC
CCDC50,6,-1.8696259,Plasmacytoid DC
CCDC50,7,-0.2990297,Plasmacytoid DC
CCDC50,8,-0.0069377734,Plasmacytoid DC
CCDC50,9,-2.5591002,Plasmacytoid DC
CCDC50,10,-1.2842411,Plasmacytoid DC
CCDC50,11,-0.30744117,Plasmacytoid DC
CCDC50,12,0.87770134,Plasmacytoid DC
CCDC50,13,1.3552893,Plasmacytoid DC
CCDC50,14,0.15581822,Plasmacytoid DC
CCDC50,15,-1.3722202,Plasmacytoid DC
CCDC50,16,0.43441123,Plasmacytoid DC
CCDC50,17,-0.7416081,Plasmacytoid DC
CCDC50,18,-0.5016852,Plasmacytoid DC
CCDC50,19,-0.88460666,Plasmacytoid DC
CCDC50,20,-0.8284346,Plasmacytoid DC
CCDC50,21,0.13305894,Plasmacytoid DC
CCDC50,22,-1.359272,Plasmacytoid DC
CCDC50,23,1.041532,Plasmacytoid DC
CCDC50,24,-1.6340834,Plasmacytoid DC
CCDC50,25,0.71752936,Plasmacytoid DC
CCDC50,26,1.1264238,Plasmacytoid DC
CCDC50,27,-0.47376692,Plasmacytoid DC
CCDC50,28,-0.12537,Plasmacytoid DC
CCDC50,29,-0.33506522,Plasmacytoid DC
CCDC50,30,0.741392,Plasmacytoid DC
CCDC50,31,0.0008625095,Plasmacytoid DC
CCDC50,32,0.1453983,Plasmacytoid DC
CCDC50,33,0.7812287,Plasmacytoid DC
CCDC50,34,0.49212885,Plasmacytoid DC
CCDC50,35,0.80766773,Plasmacytoid DC
CCDC50,36,1.0551109,Plasmacytoid DC
CCDC50,37,0.94539905,Plasmacytoid DC
CCDC50,38,0.85817355,Plasmacytoid DC
CCDC50,39,1.0156051,Plasmacytoid DC
PROC,0,-0.071099386,Plasmacytoid DC
PROC,1,-0.37288362,Plasmacytoid DC
PROC,2,-1.3107284,Plasmacytoid DC
PROC,3,-0.107209094,Plasmacytoid DC
PROC,4,0.031555153,Plasmacytoid DC
PROC,5,2.1707258,Plasmacytoid DC
PROC,6,2.611878,Plasmacytoid DC
PROC,7,-0.40902948,Plasmacytoid DC
PROC,8,-9.300909e-05,Plasmacytoid DC
PROC,9,-0.15615475,Plasmacytoid DC
PROC,10,0.6037542,Plasmacytoid DC
PROC,11,-1.2620218,Plasmacytoid DC
PROC,12,1.2745852,Plasmacytoid DC
PROC,13,-1.246513,Plasmacytoid DC
PROC,14,-0.61255395,Plasmacytoid DC
PROC,15,-0.30163136,Plasmacytoid DC
PROC,16,0.6754685,Plasmacytoid DC
PROC,17,-0.42671934,Plasmacytoid DC
PROC,18,1.0404812,Plasmacytoid DC
PROC,19,0.12442675,Plasmacytoid DC
PROC,20,0.16109683,Plasmacytoid DC
PROC,21,-0.73929495,Plasmacytoid DC
PROC,22,1.5327662,Plasmacytoid DC
PROC,23,-1.2844375,Plasmacytoid DC
PROC,24,-0.38310236,Plasmacytoid DC
PROC,25,-1.4272306,Plasmacytoid DC
PROC,26,1.6812124,Plasmacytoid DC
PROC,27,0.61721987,Plasmacytoid DC
PROC,28,0.049663156,Plasmacytoid DC
PROC,29,0.23970464,Plasmacytoid DC
PROC,30,-1.0255734,Plasmacytoid DC
PROC,31,-1.1910076,Plasmacytoid DC
PROC,32,0.8620979,Plasmacytoid DC
PROC,33,0.12747352,Plasmacytoid DC
PROC,34,1.0581474,Plasmacytoid DC
PROC,35,0.31370845,Plasmacytoid DC
PROC,36,-0.41905656,Plasmacytoid DC
PROC,37,-1.9363102,Plasmacytoid DC
PROC,38,0.27503425,Plasmacytoid DC
PROC,39,-0.76835364,Plasmacytoid DC
SCN9A,0,-1.0525454,Plasmacytoid DC
SCN9A,1,0.102992006,Plasmacytoid DC
SCN9A,2,-0.9169307,Plasmacytoid DC
SCN9A,3,-0.96092564,Plasmacytoid DC
SCN9A,4,-0.91396606,Plasmacytoid DC
SCN9A,5,-0.92952126,Plasmacytoid DC
SCN9A,6,-1.5698804,Plasmacytoid DC
SCN9A,7,-0.17206843,Plasmacytoid DC
SCN9A,8,-1.5698804,Plasmacytoid DC
SCN9A,9,2.2401392,Plasmacytoid DC
SCN9A,10,-0.1988586,Plasmacytoid DC
SCN9A,11,-0.5766397,Plasmacytoid DC
SCN9A,12,-1.5698804,Plasmacytoid DC
SCN9A,13,0.14851692,Plasmacytoid DC
SCN9A,14,-1.5698804,Plasmacytoid DC
SCN9A,15,-0.15410705,Plasmacytoid DC
SCN9A,16,0.89564216,Plasmacytoid DC
SCN9A,17,0.89370733,Plasmacytoid DC
SCN9A,18,1.018148,Plasmacytoid DC
SCN9A,19,1.0442852,Plasmacytoid DC
SCN9A,20,-0.8225995,Plasmacytoid DC
SCN9A,21,-0.77423704,Plasmacytoid DC
SCN9A,22,0.6984118,Plasmacytoid DC
SCN9A,23,0.18092352,Plasmacytoid DC
SCN9A,24,-0.23038353,Plasmacytoid DC
SCN9A,25,1.675935,Plasmacytoid DC
SCN9A,26,1.753549,Plasmacytoid DC
SCN9A,27,0.7397229,Plasmacytoid DC
SCN9A,28,-0.04965562,Plasmacytoid DC
SCN9A,29,-0.15782979,Plasmacytoid DC
SCN9A,30,1.6520215,Plasmacytoid DC
SCN9A,31,0.70156026,Plasmacytoid DC
SCN9A,32,-0.24039826,Plasmacytoid DC
SCN9A,33,0.4717751,Plasmacytoid DC
SCN9A,34,0.30623227,Plasmacytoid DC
SCN9A,35,1.245758,Plasmacytoid DC
SCN9A,36,-0.26179823,Plasmacytoid DC
SCN9A,37,-0.11182575,Plasmacytoid DC
SCN9A,38,-1.5698804,Plasmacytoid DC
SCN9A,39,0.6043749,Plasmacytoid DC
UGCG,0,0.09328524,Plasmacytoid DC
UGCG,1,-0.10460487,Plasmacytoid DC
UGCG,2,-1.8133621,Plasmacytoid DC
UGCG,3,-0.38377854,Plasmacytoid DC
UGCG,4,-1.3437123,Plasmacytoid DC
UGCG,5,-0.8052434,Plasmacytoid DC
UGCG,6,0.37437642,Plasmacytoid DC
UGCG,7,1.338042,Plasmacytoid DC
UGCG,8,1.5670894,Plasmacytoid DC
UGCG,9,-0.22804926,Plasmacytoid DC
UGCG,10,0.6236403,Plasmacytoid DC
UGCG,11,-1.4998986,Plasmacytoid DC
UGCG,12,2.107603,Plasmacytoid DC
UGCG,13,0.09986161,Plasmacytoid DC
UGCG,14,-0.69540966,Plasmacytoid DC
UGCG,15,-0.7556709,Plasmacytoid DC
UGCG,16,-0.2239725,Plasmacytoid DC
UGCG,17,0.6647919,Plasmacytoid DC
UGCG,18,-0.04462101,Plasmacytoid DC
UGCG,19,0.53818244,Plasmacytoid DC
UGCG,20,-0.6133894,Plasmacytoid DC
UGCG,21,0.22801122,Plasmacytoid DC
UGCG,22,-1.4200102,Plasmacytoid DC
UGCG,23,1.0347923,Plasmacytoid DC
UGCG,24,-0.44534093,Plasmacytoid DC
UGCG,25,0.71449023,Plasmacytoid DC
UGCG,26,-0.3782723,Plasmacytoid DC
UGCG,27,0.30592877,Plasmacytoid DC
UGCG,28,-2.3787124,Plasmacytoid DC
UGCG,29,0.46324039,Plasmacytoid DC
UGCG,30,-0.63712025,Plasmacytoid DC
UGCG,31,0.91405785,Plasmacytoid DC
UGCG,32,1.2171857,Plasmacytoid DC
UGCG,33,-0.8802335,Plasmacytoid DC
UGCG,34,1.5264853,Plasmacytoid DC
UGCG,35,0.39013702,Plasmacytoid DC
UGCG,36,1.8924063,Plasmacytoid DC
UGCG,37,-0.7677044,Plasmacytoid DC
UGCG,38,-0.4132328,Plasmacytoid DC
UGCG,39,-0.2612514,Plasmacytoid DC
JCHAIN,0,-1.6308992,Plasmacytoid DC
JCHAIN,1,-1.8938158,Plasmacytoid DC
JCHAIN,2,-2.3647337,Plasmacytoid DC
JCHAIN,3,-0.00046116416,Plasmacytoid DC
JCHAIN,4,-1.178976,Plasmacytoid DC
JCHAIN,5,-0.32486603,Plasmacytoid DC
JCHAIN,6,-0.5537298,Plasmacytoid DC
JCHAIN,7,-2.8851876,Plasmacytoid DC
JCHAIN,8,-0.17506987,Plasmacytoid DC
JCHAIN,9,-0.6911553,Plasmacytoid DC
JCHAIN,10,-0.56024927,Plasmacytoid DC
JCHAIN,11,0.0011152158,Plasmacytoid DC
JCHAIN,12,-0.4858354,Plasmacytoid DC
JCHAIN,13,-0.30103764,Plasmacytoid DC
JCHAIN,14,0.43915325,Plasmacytoid DC
JCHAIN,15,0.23279077,Plasmacytoid DC
JCHAIN,16,0.063507535,Plasmacytoid DC
JCHAIN,17,0.39699918,Plasmacytoid DC
JCHAIN,18,-0.57117933,Plasmacytoid DC
JCHAIN,19,1.6655524,Plasmacytoid DC
JCHAIN,20,0.33764958,Plasmacytoid DC
JCHAIN,21,0.68117005,Plasmacytoid DC
JCHAIN,22,-0.32504874,Plasmacytoid DC
JCHAIN,23,0.80452365,Plasmacytoid DC
JCHAIN,24,0.4915745,Plasmacytoid DC
JCHAIN,25,0.07036795,Plasmacytoid DC
JCHAIN,26,0.4569091,Plasmacytoid DC
JCHAIN,27,0.51898897,Plasmacytoid DC
JCHAIN,28,-0.2643143,Plasmacytoid DC
JCHAIN,29,0.19559948,Plasmacytoid DC
JCHAIN,30,0.74278533,Plasmacytoid DC
JCHAIN,31,0.71152604,Plasmacytoid DC
JCHAIN,32,-0.99794835,Plasmacytoid DC
JCHAIN,33,0.6040381,Plasmacytoid DC
JCHAIN,34,0.36621255,Plasmacytoid DC
JCHAIN,35,0.81770176,Plasmacytoid DC
JCHAIN,36,1.3130178,Plasmacytoid DC
JCHAIN,37,1.662272,Plasmacytoid DC
JCHAIN,38,1.1677696,Plasmacytoid DC
JCHAIN,39,1.4632908,Plasmacytoid DC
TPM2,0,-1.0379295,Plasmacytoid DC
TPM2,1,-0.8985236,Plasmacytoid DC
TPM2,2,-1.6557333,Plasmacytoid DC
TPM2,3,0.051997326,Plasmacytoid DC
TPM2,4,-2.3376365,Plasmacytoid DC
TPM2,5,-1.6435971,Plasmacytoid DC
TPM2,6,-0.6895023,Plasmacytoid DC
TPM2,7,0.90914905,Plasmacytoid DC
TPM2,8,-0.9883205,Plasmacytoid DC
TPM2,9,-0.44108942,Plasmacytoid DC
TPM2,10,0.46225882,Plasmacytoid DC
TPM2,11,0.13443281,Plasmacytoid DC
TPM2,12,-0.97000366,Plasmacytoid DC
TPM2,13,-0.30317312,Plasmacytoid DC
TPM2,14,0.44478104,Plasmacytoid DC
TPM2,15,-0.47755098,Plasmacytoid DC
TPM2,16,0.57929665,Plasmacytoid DC
TPM2,17,1.1550016,Plasmacytoid DC
TPM2,18,0.22181913,Plasmacytoid DC
TPM2,19,-0.7134995,Plasmacytoid DC
TPM2,20,1.5427272,Plasmacytoid DC
TPM2,21,-1.205913,Plasmacytoid DC
TPM2,22,0.68063265,Plasmacytoid DC
TPM2,23,1.8096353,Plasmacytoid DC
TPM2,24,0.99332,Plasmacytoid DC
TPM2,25,0.1789563,Plasmacytoid DC
TPM2,26,0.7516646,Plasmacytoid DC
TPM2,27,1.4015065,Plasmacytoid DC
TPM2,28,-0.56671304,Plasmacytoid DC
TPM2,29,0.90347886,Plasmacytoid DC
TPM2,30,0.16779472,Plasmacytoid DC
TPM2,31,1.5942403,Plasmacytoid DC
TPM2,32,0.23527269,Plasmacytoid DC
TPM2,33,0.61886495,Plasmacytoid DC
TPM2,34,-0.3832471,Plasmacytoid DC
TPM2,35,0.13010734,Plasmacytoid DC
TPM2,36,-1.2626349,Plasmacytoid DC
TPM2,37,1.1312734,Plasmacytoid DC
TPM2,38,-1.3508731,Plasmacytoid DC
TPM2,39,0.827731,Plasmacytoid DC
ASIP,0,-1.2718704,Plasmacytoid DC
ASIP,1,-1.2718704,Plasmacytoid DC
ASIP,2,-1.2718704,Plasmacytoid DC
ASIP,3,-1.2718704,Plasmacytoid DC
ASIP,4,-0.5861695,Plasmacytoid DC
ASIP,5,-0.57696426,Plasmacytoid DC
ASIP,6,-0.5937968,Plasmacytoid DC
ASIP,7,-1.2718704,Plasmacytoid DC
ASIP,8,0.09960629,Plasmacytoid DC
ASIP,9,-1.2718704,Plasmacytoid DC
ASIP,10,1.0925745,Plasmacytoid DC
ASIP,11,-1.2718704,Plasmacytoid DC
ASIP,12,-1.2718704,Plasmacytoid DC
ASIP,13,0.05486423,Plasmacytoid DC
ASIP,14,-0.5134899,Plasmacytoid DC
ASIP,15,-0.56412405,Plasmacytoid DC
ASIP,16,1.1977265,Plasmacytoid DC
ASIP,17,0.17172398,Plasmacytoid DC
ASIP,18,0.7936387,Plasmacytoid DC
ASIP,19,-0.4889978,Plasmacytoid DC
ASIP,20,-1.2718704,Plasmacytoid DC
ASIP,21,-0.56704533,Plasmacytoid DC
ASIP,22,0.2983052,Plasmacytoid DC
ASIP,23,0.14808644,Plasmacytoid DC
ASIP,24,1.3633441,Plasmacytoid DC
ASIP,25,0.54213107,Plasmacytoid DC
ASIP,26,2.4629083,Plasmacytoid DC
ASIP,27,0.44083,Plasmacytoid DC
ASIP,28,-0.15176843,Plasmacytoid DC
ASIP,29,0.44302124,Plasmacytoid DC
ASIP,30,-0.5165414,Plasmacytoid DC
ASIP,31,0.20825449,Plasmacytoid DC
ASIP,32,0.8454063,Plasmacytoid DC
ASIP,33,0.879203,Plasmacytoid DC
ASIP,34,2.0967512,Plasmacytoid DC
ASIP,35,0.43265268,Plasmacytoid DC
ASIP,36,2.1570015,Plasmacytoid DC
ASIP,37,0.41997916,Plasmacytoid DC
ASIP,38,-0.122318216,Plasmacytoid DC
ASIP,39,-0.019963125,Plasmacytoid DC
AC119428.2,0,-1.3953252,Plasmacytoid DC
AC119428.2,1,-0.9419924,Plasmacytoid DC
AC119428.2,2,-0.48010013,Plasmacytoid DC
AC119428.2,3,-0.7104343,Plasmacytoid DC
AC119428.2,4,0.033709884,Plasmacytoid DC
AC119428.2,5,0.25005463,Plasmacytoid DC
AC119428.2,6,-1.799223,Plasmacytoid DC
AC119428.2,7,-0.056115698,Plasmacytoid DC
AC119428.2,8,-1.1784413,Plasmacytoid DC
AC119428.2,9,-0.30864456,Plasmacytoid DC
AC119428.2,10,-1.3134147,Plasmacytoid DC
AC119428.2,11,0.20211148,Plasmacytoid DC
AC119428.2,12,0.026274746,Plasmacytoid DC
AC119428.2,13,0.609553,Plasmacytoid DC
AC119428.2,14,-0.37624878,Plasmacytoid DC
AC119428.2,15,0.06204579,Plasmacytoid DC
AC119428.2,16,-1.2065278,Plasmacytoid DC
AC119428.2,17,-0.54124564,Plasmacytoid DC
AC119428.2,18,-1.3493173,Plasmacytoid DC
AC119428.2,19,-0.5083297,Plasmacytoid DC
AC119428.2,20,-0.19273126,Plasmacytoid DC
AC119428.2,21,-0.5142146,Plasmacytoid DC
AC119428.2,22,1.8436949,Plasmacytoid DC
AC119428.2,23,0.047793597,Plasmacytoid DC
AC119428.2,24,-0.29334494,Plasmacytoid DC
AC119428.2,25,0.45632073,Plasmacytoid DC
AC119428.2,26,3.1182075,Plasmacytoid DC
AC119428.2,27,0.56668603,Plasmacytoid DC
AC119428.2,28,0.8055431,Plasmacytoid DC
AC119428.2,29,1.753176,Plasmacytoid DC
AC119428.2,30,-0.17698243,Plasmacytoid DC
AC119428.2,31,-1.2233788,Plasmacytoid DC
AC119428.2,32,0.24367933,Plasmacytoid DC
AC119428.2,33,1.3180454,Plasmacytoid DC
AC119428.2,34,1.9664338,Plasmacytoid DC
AC119428.2,35,0.5904077,Plasmacytoid DC
AC119428.2,36,-0.092488185,Plasmacytoid DC
AC119428.2,37,0.268882,Plasmacytoid DC
AC119428.2,38,0.14030512,Plasmacytoid DC
AC119428.2,39,0.35557815,Plasmacytoid DC
LRRC26,0,-1.41353,Plasmacytoid DC
LRRC26,1,0.18095599,Plasmacytoid DC
LRRC26,2,-1.41353,Plasmacytoid DC
LRRC26,3,-0.5790477,Plasmacytoid DC
LRRC26,4,-0.6139863,Plasmacytoid DC
LRRC26,5,-0.6299678,Plasmacytoid DC
LRRC26,6,-0.95886904,Plasmacytoid DC
LRRC26,7,-0.45655993,Plasmacytoid DC
LRRC26,8,-0.6463434,Plasmacytoid DC
LRRC26,9,-0.65582794,Plasmacytoid DC
LRRC26,10,-0.7801161,Plasmacytoid DC
LRRC26,11,-0.77270675,Plasmacytoid DC
LRRC26,12,-0.92365336,Plasmacytoid DC
LRRC26,13,-1.41353,Plasmacytoid DC
LRRC26,14,0.71892273,Plasmacytoid DC
LRRC26,15,1.0269265,Plasmacytoid DC
LRRC26,16,-0.9374156,Plasmacytoid DC
LRRC26,17,-1.41353,Plasmacytoid DC
LRRC26,18,0.6431013,Plasmacytoid DC
LRRC26,19,-0.9223507,Plasmacytoid DC
LRRC26,20,-0.58110106,Plasmacytoid DC
LRRC26,21,-0.41993096,Plasmacytoid DC
LRRC26,22,0.2719327,Plasmacytoid DC
LRRC26,23,0.606908,Plasmacytoid DC
LRRC26,24,1.0126413,Plasmacytoid DC
LRRC26,25,-0.14917038,Plasmacytoid DC
LRRC26,26,-1.41353,Plasmacytoid DC
LRRC26,27,0.69245744,Plasmacytoid DC
LRRC26,28,2.1603544,Plasmacytoid DC
LRRC26,29,0.3771049,Plasmacytoid DC
LRRC26,30,0.87047094,Plasmacytoid DC
LRRC26,31,0.208475,Plasmacytoid DC
LRRC26,32,0.5509926,Plasmacytoid DC
LRRC26,33,-0.068006985,Plasmacytoid DC
LRRC26,34,1.8664122,Plasmacytoid DC
LRRC26,35,0.31193787,Plasmacytoid DC
LRRC26,36,1.6765035,Plasmacytoid DC
LRRC26,37,0.5033426,Plasmacytoid DC
LRRC26,38,1.792434,Plasmacytoid DC
LRRC26,39,1.6908245,Plasmacytoid DC
IL3RA,0,0.025961122,Plasmacytoid DC
IL3RA,1,-0.6172318,Plasmacytoid DC
IL3RA,2,-1.457356,Plasmacytoid DC
IL3RA,3,-0.2699602,Plasmacytoid DC
IL3RA,4,0.11982129,Plasmacytoid DC
IL3RA,5,-0.9505228,Plasmacytoid DC
IL3RA,6,0.6422793,Plasmacytoid DC
IL3RA,7,0.7314346,Plasmacytoid DC
IL3RA,8,-1.0922513,Plasmacytoid DC
IL3RA,9,-0.041473668,Plasmacytoid DC
IL3RA,10,0.027670093,Plasmacytoid DC
IL3RA,11,-1.0813849,Plasmacytoid DC
IL3RA,12,-0.961426,Plasmacytoid DC
IL3RA,13,-0.13766664,Plasmacytoid DC
IL3RA,14,-0.09431349,Plasmacytoid DC
IL3RA,15,-1.6238021,Plasmacytoid DC
IL3RA,16,-2.7184062,Plasmacytoid DC
IL3RA,17,0.5948856,Plasmacytoid DC
IL3RA,18,-0.9676471,Plasmacytoid DC
IL3RA,19,-0.08288587,Plasmacytoid DC
IL3RA,20,1.1223488,Plasmacytoid DC
IL3RA,21,-0.2297611,Plasmacytoid DC
IL3RA,22,-1.1597022,Plasmacytoid DC
IL3RA,23,-0.56454635,Plasmacytoid DC
IL3RA,24,0.42693678,Plasmacytoid DC
IL3RA,25,-1.1733004,Plasmacytoid DC
IL3RA,26,0.023041418,Plasmacytoid DC
IL3RA,27,0.31933302,Plasmacytoid DC
IL3RA,28,-0.27340814,Plasmacytoid DC
IL3RA,29,1.5082717,Plasmacytoid DC
IL3RA,30,2.0621688,Plasmacytoid DC
IL3RA,31,0.03494748,Plasmacytoid DC
IL3RA,32,1.1765672,Plasmacytoid DC
IL3RA,33,0.5765875,Plasmacytoid DC
IL3RA,34,1.243223,Plasmacytoid DC
IL3RA,35,0.8115192,Plasmacytoid DC
IL3RA,36,1.1479174,Plasmacytoid DC
IL3RA,37,1.4992136,Plasmacytoid DC
IL3RA,38,1.4774469,Plasmacytoid DC
IL3RA,39,-0.07452748,Plasmacytoid DC
MAP1A,0,-1.1957136,Plasmacytoid DC
MAP1A,1,0.242355,Plasmacytoid DC
MAP1A,2,-0.5665124,Plasmacytoid DC
MAP1A,3,-1.3504468,Plasmacytoid DC
MAP1A,4,-0.87467897,Plasmacytoid DC
MAP1A,5,0.18656614,Plasmacytoid DC
MAP1A,6,1.2787087,Plasmacytoid DC
MAP1A,7,-0.301406,Plasmacytoid DC
MAP1A,8,-0.38604948,Plasmacytoid DC
MAP1A,9,-0.8636171,Plasmacytoid DC
MAP1A,10,0.0014664042,Plasmacytoid DC
MAP1A,11,0.29021263,Plasmacytoid DC
MAP1A,12,-0.8030731,Plasmacytoid DC
MAP1A,13,-1.2772491,Plasmacytoid DC
MAP1A,14,1.4734062,Plasmacytoid DC
MAP1A,15,0.15716003,Plasmacytoid DC
MAP1A,16,-0.34491956,Plasmacytoid DC
MAP1A,17,-1.9705328,Plasmacytoid DC
MAP1A,18,0.20660019,Plasmacytoid DC
MAP1A,19,-0.6025927,Plasmacytoid DC
MAP1A,20,-0.057714872,Plasmacytoid DC
MAP1A,21,0.7492473,Plasmacytoid DC
MAP1A,22,-1.2405412,Plasmacytoid DC
MAP1A,23,-0.3826141,Plasmacytoid DC
MAP1A,24,0.47432834,Plasmacytoid DC
MAP1A,25,1.1781051,Plasmacytoid DC
MAP1A,26,1.4327565,Plasmacytoid DC
MAP1A,27,1.4163158,Plasmacytoid DC
MAP1A,28,-0.5395335,Plasmacytoid DC
MAP1A,29,0.9215656,Plasmacytoid DC
MAP1A,30,2.2709599,Plasmacytoid DC
MAP1A,31,-1.2214632,Plasmacytoid DC
MAP1A,32,0.8541974,Plasmacytoid DC
MAP1A,33,0.4643062,Plasmacytoid DC
MAP1A,34,-0.40213498,Plasmacytoid DC
MAP1A,35,-1.2986524,Plasmacytoid DC
MAP1A,36,-0.333865,Plasmacytoid DC
MAP1A,37,1.3446908,Plasmacytoid DC
MAP1A,38,1.7568691,Plasmacytoid DC
MAP1A,39,-0.6865078,Plasmacytoid DC
LILRA4,0,-1.4628732,Plasmacytoid DC
LILRA4,1,-2.9357793,Plasmacytoid DC
LILRA4,2,0.6790554,Plasmacytoid DC
LILRA4,3,0.4137232,Plasmacytoid DC
LILRA4,4,-1.3329499,Plasmacytoid DC
LILRA4,5,-1.3357881,Plasmacytoid DC
LILRA4,6,-1.5385551,Plasmacytoid DC
LILRA4,7,-1.0992485,Plasmacytoid DC
LILRA4,8,-1.9877037,Plasmacytoid DC
LILRA4,9,0.15644582,Plasmacytoid DC
LILRA4,10,-0.5939221,Plasmacytoid DC
LILRA4,11,-0.50698113,Plasmacytoid DC
LILRA4,12,-0.48496342,Plasmacytoid DC
LILRA4,13,0.48524633,Plasmacytoid DC
LILRA4,14,-0.211622,Plasmacytoid DC
LILRA4,15,-1.4538532,Plasmacytoid DC
LILRA4,16,0.9220888,Plasmacytoid DC
LILRA4,17,0.13747652,Plasmacytoid DC
LILRA4,18,0.2409889,Plasmacytoid DC
LILRA4,19,-0.4186679,Plasmacytoid DC
LILRA4,20,0.1410845,Plasmacytoid DC
LILRA4,21,1.3864192,Plasmacytoid DC
LILRA4,22,-0.07106782,Plasmacytoid DC
LILRA4,23,0.4582929,Plasmacytoid DC
LILRA4,24,-0.3042907,Plasmacytoid DC
LILRA4,25,0.48708197,Plasmacytoid DC
LILRA4,26,0.63271165,Plasmacytoid DC
LILRA4,27,0.033683654,Plasmacytoid DC
LILRA4,28,-0.090286195,Plasmacytoid DC
LILRA4,29,0.88736475,Plasmacytoid DC
LILRA4,30,-0.0019919616,Plasmacytoid DC
LILRA4,31,1.4799783,Plasmacytoid DC
LILRA4,32,0.8061796,Plasmacytoid DC
LILRA4,33,1.4352957,Plasmacytoid DC
LILRA4,34,0.37414548,Plasmacytoid DC
LILRA4,35,0.7402688,Plasmacytoid DC
LILRA4,36,0.98037016,Plasmacytoid DC
LILRA4,37,1.0858319,Plasmacytoid DC
LILRA4,38,0.9176574,Plasmacytoid DC
LILRA4,39,0.94915134,Plasmacytoid DC
GAS6,0,-1.1752284,Plasmacytoid DC
GAS6,1,-1.8236191,Plasmacytoid DC
GAS6,2,-1.3069819,Plasmacytoid DC
GAS6,3,-0.7199161,Plasmacytoid DC
GAS6,4,-1.2833927,Plasmacytoid DC
GAS6,5,-1.8236191,Plasmacytoid DC
GAS6,6,0.11080004,Plasmacytoid DC
GAS6,7,0.2939483,Plasmacytoid DC
GAS6,8,-0.5612855,Plasmacytoid DC
GAS6,9,1.1636832,Plasmacytoid DC
GAS6,10,-0.57627225,Plasmacytoid DC
GAS6,11,-0.05752957,Plasmacytoid DC
GAS6,12,-1.1710681,Plasmacytoid DC
GAS6,13,-0.1258729,Plasmacytoid DC
GAS6,14,-0.39527047,Plasmacytoid DC
GAS6,15,-0.8820166,Plasmacytoid DC
GAS6,16,-1.8236191,Plasmacytoid DC
GAS6,17,-0.021097645,Plasmacytoid DC
GAS6,18,0.94467974,Plasmacytoid DC
GAS6,19,0.11934032,Plasmacytoid DC
GAS6,20,0.61433315,Plasmacytoid DC
GAS6,21,0.028318759,Plasmacytoid DC
GAS6,22,2.002805,Plasmacytoid DC
GAS6,23,1.7771695,Plasmacytoid DC
GAS6,24,-0.75508446,Plasmacytoid DC
GAS6,25,0.28530943,Plasmacytoid DC
GAS6,26,0.90919405,Plasmacytoid DC
GAS6,27,0.81663996,Plasmacytoid DC
GAS6,28,0.8094272,Plasmacytoid DC
GAS6,29,0.747147,Plasmacytoid DC
GAS6,30,1.5872809,Plasmacytoid DC
GAS6,31,-0.33510074,Plasmacytoid DC
GAS6,32,2.1523955,Plasmacytoid DC
GAS6,33,-0.19024801,Plasmacytoid DC
GAS6,34,0.10901845,Plasmacytoid DC
GAS6,35,0.70410484,Plasmacytoid DC
GAS6,36,-0.2555028,Plasmacytoid DC
GAS6,37,0.64318883,Plasmacytoid DC
GAS6,38,-0.49091977,Plasmacytoid DC
GAS6,39,-0.045135554,Plasmacytoid DC
SCAMP5,0,-0.45834312,Plasmacytoid DC
SCAMP5,1,-0.24596417,Plasmacytoid DC
SCAMP5,2,-1.1965885,Plasmacytoid DC
SCAMP5,3,-1.1965885,Plasmacytoid DC
SCAMP5,4,1.7028719,Plasmacytoid DC
SCAMP5,5,-1.1965885,Plasmacytoid DC
SCAMP5,6,-0.09265899,Plasmacytoid DC
SCAMP5,7,0.88452655,Plasmacytoid DC
SCAMP5,8,-0.22150856,Plasmacytoid DC
SCAMP5,9,-1.1965885,Plasmacytoid DC
SCAMP5,10,-1.1965885,Plasmacytoid DC
SCAMP5,11,-1.1965885,Plasmacytoid DC
SCAMP5,12,0.11387376,Plasmacytoid DC
SCAMP5,13,-1.1965885,Plasmacytoid DC
SCAMP5,14,-0.40082616,Plasmacytoid DC
SCAMP5,15,0.46235827,Plasmacytoid DC
SCAMP5,16,0.79469085,Plasmacytoid DC
SCAMP5,17,0.62834,Plasmacytoid DC
SCAMP5,18,-1.1965885,Plasmacytoid DC
SCAMP5,19,-0.35420582,Plasmacytoid DC
SCAMP5,20,-0.23062135,Plasmacytoid DC
SCAMP5,21,-0.0715317,Plasmacytoid DC
SCAMP5,22,1.8935608,Plasmacytoid DC
SCAMP5,23,-1.1965885,Plasmacytoid DC
SCAMP5,24,0.64068556,Plasmacytoid DC
SCAMP5,25,-0.32845578,Plasmacytoid DC
SCAMP5,26,1.2018206,Plasmacytoid DC
SCAMP5,27,0.7737734,Plasmacytoid DC
SCAMP5,28,-1.1965885,Plasmacytoid DC
SCAMP5,29,-0.329712,Plasmacytoid DC
SCAMP5,30,0.93546337,Plasmacytoid DC
SCAMP5,31,0.8428423,Plasmacytoid DC
SCAMP5,32,2.860722,Plasmacytoid DC
SCAMP5,33,-0.3966126,Plasmacytoid DC
SCAMP5,34,0.68082154,Plasmacytoid DC
SCAMP5,35,1.0796489,Plasmacytoid DC
SCAMP5,36,-0.3467368,Plasmacytoid DC
SCAMP5,37,-1.1965885,Plasmacytoid DC
SCAMP5,38,0.7397923,Plasmacytoid DC
SCAMP5,39,0.40386122,Plasmacytoid DC
SCT,0,-0.4154825,Plasmacytoid DC
SCT,1,0.22720355,Plasmacytoid DC
SCT,2,-0.62613815,Plasmacytoid DC
SCT,3,1.6121546,Plasmacytoid DC
SCT,4,-1.338806,Plasmacytoid DC
SCT,5,-0.1469169,Plasmacytoid DC
SCT,6,-0.17410426,Plasmacytoid DC
SCT,7,1.659556,Plasmacytoid DC
SCT,8,-1.4067324,Plasmacytoid DC
SCT,9,-0.4261825,Plasmacytoid DC
SCT,10,-2.4849143,Plasmacytoid DC
SCT,11,-1.1451975,Plasmacytoid DC
SCT,12,-0.3688513,Plasmacytoid DC
SCT,13,-1.7238127,Plasmacytoid DC
SCT,14,-0.8183794,Plasmacytoid DC
SCT,15,0.33074993,Plasmacytoid DC
SCT,16,0.6491269,Plasmacytoid DC
SCT,17,0.32838923,Plasmacytoid DC
SCT,18,0.2858057,Plasmacytoid DC
SCT,19,0.06902054,Plasmacytoid DC
SCT,20,-1.1014969,Plasmacytoid DC
SCT,21,-0.20936686,Plasmacytoid DC
SCT,22,0.2131139,Plasmacytoid DC
SCT,23,-0.15895768,Plasmacytoid DC
SCT,24,-0.7112454,Plasmacytoid DC
SCT,25,-0.29898167,Plasmacytoid DC
SCT,26,1.0421277,Plasmacytoid DC
SCT,27,-0.14331037,Plasmacytoid DC
SCT,28,0.97490674,Plasmacytoid DC
SCT,29,-0.4448732,Plasmacytoid DC
SCT,30,1.0193062,Plasmacytoid DC
SCT,31,0.51618254,Plasmacytoid DC
SCT,32,-1.3616507,Plasmacytoid DC
SCT,33,1.9444739,Plasmacytoid DC
SCT,34,0.16332996,Plasmacytoid DC
SCT,35,1.0709395,Plasmacytoid DC
SCT,36,-0.40116158,Plasmacytoid DC
SCT,37,0.58381736,Plasmacytoid DC
SCT,38,1.4202057,Plasmacytoid DC
SCT,39,1.7961657,Plasmacytoid DC
SMPD3,0,-1.5699265,Plasmacytoid DC
SMPD3,1,0.78920835,Plasmacytoid DC
SMPD3,2,-0.80701476,Plasmacytoid DC
SMPD3,3,-0.6380279,Plasmacytoid DC
SMPD3,4,-1.3433248,Plasmacytoid DC
SMPD3,5,-1.072254,Plasmacytoid DC
SMPD3,6,-1.5835754,Plasmacytoid DC
SMPD3,7,-0.67113715,Plasmacytoid DC
SMPD3,8,-0.75287235,Plasmacytoid DC
SMPD3,9,-1.6659076,Plasmacytoid DC
SMPD3,10,-0.14687441,Plasmacytoid DC
SMPD3,11,-1.0190375,Plasmacytoid DC
SMPD3,12,-0.25339663,Plasmacytoid DC
SMPD3,13,-0.5437825,Plasmacytoid DC
SMPD3,14,-0.47425607,Plasmacytoid DC
SMPD3,15,-0.10526139,Plasmacytoid DC
SMPD3,16,-0.28178903,Plasmacytoid DC
SMPD3,17,0.031087035,Plasmacytoid DC
SMPD3,18,0.27139026,Plasmacytoid DC
SMPD3,19,-0.40772077,Plasmacytoid DC
SMPD3,20,-0.83409286,Plasmacytoid DC
SMPD3,21,-0.804424,Plasmacytoid DC
SMPD3,22,-0.29834175,Plasmacytoid DC
SMPD3,23,1.2447526,Plasmacytoid DC
SMPD3,24,0.9039224,Plasmacytoid DC
SMPD3,25,-0.8939253,Plasmacytoid DC
SMPD3,26,1.6710224,Plasmacytoid DC
SMPD3,27,1.1234597,Plasmacytoid DC
SMPD3,28,0.36831176,Plasmacytoid DC
SMPD3,29,0.27499256,Plasmacytoid DC
SMPD3,30,0.3461472,Plasmacytoid DC
SMPD3,31,0.66110414,Plasmacytoid DC
SMPD3,32,-0.6953013,Plasmacytoid DC
SMPD3,33,2.0577927,Plasmacytoid DC
SMPD3,34,1.2726902,Plasmacytoid DC
SMPD3,35,0.031530038,Plasmacytoid DC
SMPD3,36,1.8245693,Plasmacytoid DC
SMPD3,37,1.4834625,Plasmacytoid DC
SMPD3,38,0.94275993,Plasmacytoid DC
SMPD3,39,1.5640543,Plasmacytoid DC
DERL3,0,-2.1918023,Plasmacytoid DC
DERL3,1,-0.25533623,Plasmacytoid DC
DERL3,2,-0.7646929,Plasmacytoid DC
DERL3,3,-1.3553478,Plasmacytoid DC
DERL3,4,-0.5486414,Plasmacytoid DC
DERL3,5,-0.78796387,Plasmacytoid DC
DERL3,6,-1.103757,Plasmacytoid DC
DERL3,7,-0.14554234,Plasmacytoid DC
DERL3,8,-1.5965682,Plasmacytoid DC
DERL3,9,-0.9266033,Plasmacytoid DC
DERL3,10,0.13291612,Plasmacytoid DC
DERL3,11,-1.2731717,Plasmacytoid DC
DERL3,12,-0.9703892,Plasmacytoid DC
DERL3,13,-1.0639807,Plasmacytoid DC
DERL3,14,-0.39099255,Plasmacytoid DC
DERL3,15,-0.45317787,Plasmacytoid DC
DERL3,16,0.6975987,Plasmacytoid DC
DERL3,17,0.66782224,Plasmacytoid DC
DERL3,18,0.48404714,Plasmacytoid DC
DERL3,19,-0.6710721,Plasmacytoid DC
DERL3,20,-0.32738447,Plasmacytoid DC
DERL3,21,0.6150855,Plasmacytoid DC
DERL3,22,0.12001092,Plasmacytoid DC
DERL3,23,-1.505261,Plasmacytoid DC
DERL3,24,0.23825291,Plasmacytoid DC
DERL3,25,0.29805052,Plasmacytoid DC
DERL3,26,0.88913995,Plasmacytoid DC
DERL3,27,-0.48760757,Plasmacytoid DC
DERL3,28,0.62115145,Plasmacytoid DC
DERL3,29,0.6246838,Plasmacytoid DC
DERL3,30,0.8691452,Plasmacytoid DC
DERL3,31,0.4938774,Plasmacytoid DC
DERL3,32,0.23151615,Plasmacytoid DC
DERL3,33,2.3221722,Plasmacytoid DC
DERL3,34,1.2960752,Plasmacytoid DC
DERL3,35,1.0376481,Plasmacytoid DC
DERL3,36,0.87559766,Plasmacytoid DC
DERL3,37,2.0480576,Plasmacytoid DC
DERL3,38,1.0106769,Plasmacytoid DC
DERL3,39,1.245762,Plasmacytoid DC
SERPINF1,0,-2.3823006,Plasmacytoid DC
SERPINF1,1,-1.9812908,Plasmacytoid DC
SERPINF1,2,-1.3925854,Plasmacytoid DC
SERPINF1,3,-1.9065715,Plasmacytoid DC
SERPINF1,4,-1.6657437,Plasmacytoid DC
SERPINF1,5,-0.17253052,Plasmacytoid DC
SERPINF1,6,-1.5018784,Plasmacytoid DC
SERPINF1,7,-0.10719112,Plasmacytoid DC
SERPINF1,8,-1.165658,Plasmacytoid DC
SERPINF1,9,-0.46630535,Plasmacytoid DC
SERPINF1,10,-0.40345854,Plasmacytoid DC
SERPINF1,11,-1.4310497,Plasmacytoid DC
SERPINF1,12,0.5105791,Plasmacytoid DC
SERPINF1,13,0.070272386,Plasmacytoid DC
SERPINF1,14,-0.6465571,Plasmacytoid DC
SERPINF1,15,0.7158729,Plasmacytoid DC
SERPINF1,16,-0.4847092,Plasmacytoid DC
SERPINF1,17,0.5986512,Plasmacytoid DC
SERPINF1,18,-0.003739808,Plasmacytoid DC
SERPINF1,19,-0.26249352,Plasmacytoid DC
SERPINF1,20,0.7010718,Plasmacytoid DC
SERPINF1,21,0.46973845,Plasmacytoid DC
SERPINF1,22,0.45990145,Plasmacytoid DC
SERPINF1,23,1.0325006,Plasmacytoid DC
SERPINF1,24,0.2516454,Plasmacytoid DC
SERPINF1,25,0.46247888,Plasmacytoid DC
SERPINF1,26,1.2395278,Plasmacytoid DC
SERPINF1,27,1.3159287,Plasmacytoid DC
SERPINF1,28,0.7255577,Plasmacytoid DC
SERPINF1,29,0.08744879,Plasmacytoid DC
SERPINF1,30,0.9913078,Plasmacytoid DC
SERPINF1,31,-0.033607233,Plasmacytoid DC
SERPINF1,32,0.7295649,Plasmacytoid DC
SERPINF1,33,0.9095824,Plasmacytoid DC
SERPINF1,34,1.5973792,Plasmacytoid DC
SERPINF1,35,0.18524407,Plasmacytoid DC
SERPINF1,36,0.43252522,Plasmacytoid DC
SERPINF1,37,1.5724372,Plasmacytoid DC
SERPINF1,38,0.46900874,Plasmacytoid DC
SERPINF1,39,0.4794663,Plasmacytoid DC
ITM2C,0,-0.9263324,Plasmacytoid DC
ITM2C,1,-1.6884664,Plasmacytoid DC
ITM2C,2,-0.96664476,Plasmacytoid DC
ITM2C,3,0.10742517,Plasmacytoid DC
ITM2C,4,1.1030407,Plasmacytoid DC
ITM2C,5,-0.4830146,Plasmacytoid DC
ITM2C,6,0.7141305,Plasmacytoid DC
ITM2C,7,-0.46975753,Plasmacytoid DC
ITM2C,8,-1.6603943,Plasmacytoid DC
ITM2C,9,-3.069257,Plasmacytoid DC
ITM2C,10,-0.39871538,Plasmacytoid DC
ITM2C,11,0.9544317,Plasmacytoid DC
ITM2C,12,-1.1497906,Plasmacytoid DC
ITM2C,13,-2.1337094,Plasmacytoid DC
ITM2C,14,-0.8045375,Plasmacytoid DC
ITM2C,15,-0.52369547,Plasmacytoid DC
ITM2C,16,0.009193388,Plasmacytoid DC
ITM2C,17,0.56622344,Plasmacytoid DC
ITM2C,18,-0.09954009,Plasmacytoid DC
ITM2C,19,0.54190695,Plasmacytoid DC
ITM2C,20,0.4676878,Plasmacytoid DC
ITM2C,21,0.3463869,Plasmacytoid DC
ITM2C,22,-0.22457774,Plasmacytoid DC
ITM2C,23,0.56782347,Plasmacytoid DC
ITM2C,24,0.014830708,Plasmacytoid DC
ITM2C,25,0.48368466,Plasmacytoid DC
ITM2C,26,0.17072302,Plasmacytoid DC
ITM2C,27,1.2274204,Plasmacytoid DC
ITM2C,28,-0.23120256,Plasmacytoid DC
ITM2C,29,1.2694448,Plasmacytoid DC
ITM2C,30,1.1244515,Plasmacytoid DC
ITM2C,31,-0.71977735,Plasmacytoid DC
ITM2C,32,0.46555102,Plasmacytoid DC
ITM2C,33,1.0336453,Plasmacytoid DC
ITM2C,34,1.5374337,Plasmacytoid DC
ITM2C,35,1.0709833,Plasmacytoid DC
ITM2C,36,0.31911132,Plasmacytoid DC
ITM2C,37,1.1043652,Plasmacytoid DC
ITM2C,38,0.61602396,Plasmacytoid DC
ITM2C,39,-0.26650062,Plasmacytoid DC
PLD4,0,-0.12071818,Plasmacytoid DC
PLD4,1,-2.0399032,Plasmacytoid DC
PLD4,2,-1.466381,Plasmacytoid DC
PLD4,3,0.58884376,Plasmacytoid DC
PLD4,4,0.01277781,Plasmacytoid DC
PLD4,5,-1.4681761,Plasmacytoid DC
PLD4,6,-0.9050337,Plasmacytoid DC
PLD4,7,-1.4692453,Plasmacytoid DC
PLD4,8,0.33183628,Plasmacytoid DC
PLD4,9,-1.5851343,Plasmacytoid DC
PLD4,10,-0.3402274,Plasmacytoid DC
PLD4,11,0.18167263,Plasmacytoid DC
PLD4,12,-1.052761,Plasmacytoid DC
PLD4,13,1.1518945,Plasmacytoid DC
PLD4,14,-0.89119,Plasmacytoid DC
PLD4,15,0.5124539,Plasmacytoid DC
PLD4,16,-0.82808954,Plasmacytoid DC
PLD4,17,-0.8387069,Plasmacytoid DC
PLD4,18,-1.1006049,Plasmacytoid DC
PLD4,19,-0.027122822,Plasmacytoid DC
PLD4,20,-0.68544006,Plasmacytoid DC
PLD4,21,0.062360305,Plasmacytoid DC
PLD4,22,-1.0194513,Plasmacytoid DC
PLD4,23,-0.15162858,Plasmacytoid DC
PLD4,24,0.80401725,Plasmacytoid DC
PLD4,25,0.65785635,Plasmacytoid DC
PLD4,26,1.0204068,Plasmacytoid DC
PLD4,27,0.14418076,Plasmacytoid DC
PLD4,28,0.3304714,Plasmacytoid DC
PLD4,29,1.0495031,Plasmacytoid DC
PLD4,30,-0.3636398,Plasmacytoid DC
PLD4,31,1.2945817,Plasmacytoid DC
PLD4,32,-0.59301984,Plasmacytoid DC
PLD4,33,1.0253164,Plasmacytoid DC
PLD4,34,0.53204834,Plasmacytoid DC
PLD4,35,1.9536374,Plasmacytoid DC
PLD4,36,1.6055266,Plasmacytoid DC
PLD4,37,1.2197796,Plasmacytoid DC
PLD4,38,1.3356265,Plasmacytoid DC
PLD4,39,1.1316915,Plasmacytoid DC
PTCRA,0,-1.4225736,Plasmacytoid DC
PTCRA,1,-1.3986946,Plasmacytoid DC
PTCRA,2,-2.1276326,Plasmacytoid DC
PTCRA,3,-1.4337878,Plasmacytoid DC
PTCRA,4,-1.299288,Plasmacytoid DC
PTCRA,5,-0.71929294,Plasmacytoid DC
PTCRA,6,-0.024188228,Plasmacytoid DC
PTCRA,7,-0.18194845,Plasmacytoid DC
PTCRA,8,-1.6463964,Plasmacytoid DC
PTCRA,9,-0.9847036,Plasmacytoid DC
PTCRA,10,-1.7310588,Plasmacytoid DC
PTCRA,11,-1.1087418,Plasmacytoid DC
PTCRA,12,0.720481,Plasmacytoid DC
PTCRA,13,-0.083533466,Plasmacytoid DC
PTCRA,14,-0.43126753,Plasmacytoid DC
PTCRA,15,1.0978391,Plasmacytoid DC
PTCRA,16,0.613995,Plasmacytoid DC
PTCRA,17,0.5061096,Plasmacytoid DC
PTCRA,18,-0.09539661,Plasmacytoid DC
PTCRA,19,0.557598,Plasmacytoid DC
PTCRA,20,0.43777356,Plasmacytoid DC
PTCRA,21,-0.24691868,Plasmacytoid DC
PTCRA,22,0.73628646,Plasmacytoid DC
PTCRA,23,1.1150258,Plasmacytoid DC
PTCRA,24,1.1339246,Plasmacytoid DC
PTCRA,25,0.20934938,Plasmacytoid DC
PTCRA,26,-0.28239468,Plasmacytoid DC
PTCRA,27,0.9616299,Plasmacytoid DC
PTCRA,28,0.45755643,Plasmacytoid DC
PTCRA,29,1.6478328,Plasmacytoid DC
PTCRA,30,1.6261805,Plasmacytoid DC
PTCRA,31,1.3745309,Plasmacytoid DC
PTCRA,32,-0.03052047,Plasmacytoid DC
PTCRA,33,-0.73675483,Plasmacytoid DC
PTCRA,34,0.5743423,Plasmacytoid DC
PTCRA,35,1.783975,Plasmacytoid DC
PTCRA,36,-0.1624085,Plasmacytoid DC
PTCRA,37,-0.21948385,Plasmacytoid DC
PTCRA,38,0.66131574,Plasmacytoid DC
PTCRA,39,0.1512223,Plasmacytoid DC
APP,0,0.56014013,Plasmacytoid DC
APP,1,-1.4170613,Plasmacytoid DC
APP,2,-2.1566248,Plasmacytoid DC
APP,3,-0.4069644,Plasmacytoid DC
APP,4,-1.8602278,Plasmacytoid DC
APP,5,0.5658898,Plasmacytoid DC
APP,6,0.5485473,Plasmacytoid DC
APP,7,-0.448367,Plasmacytoid DC
APP,8,0.13064168,Plasmacytoid DC
APP,9,-2.5976434,Plasmacytoid DC
APP,10,-0.2244099,Plasmacytoid DC
APP,11,-0.8226573,Plasmacytoid DC
APP,12,-0.8693507,Plasmacytoid DC
APP,13,-0.7261896,Plasmacytoid DC
APP,14,1.1534176,Plasmacytoid DC
APP,15,0.5157663,Plasmacytoid DC
APP,16,1.0598845,Plasmacytoid DC
APP,17,0.13237827,Plasmacytoid DC
APP,18,-0.39109364,Plasmacytoid DC
APP,19,-0.97940975,Plasmacytoid DC
APP,20,-0.5719523,Plasmacytoid DC
APP,21,0.41841447,Plasmacytoid DC
APP,22,-0.668078,Plasmacytoid DC
APP,23,0.47437865,Plasmacytoid DC
APP,24,0.3984734,Plasmacytoid DC
APP,25,-0.5091486,Plasmacytoid DC
APP,26,0.9546803,Plasmacytoid DC
APP,27,0.7099334,Plasmacytoid DC
APP,28,0.706603,Plasmacytoid DC
APP,29,-0.9297472,Plasmacytoid DC
APP,30,0.43729028,Plasmacytoid DC
APP,31,-0.11786669,Plasmacytoid DC
APP,32,0.5540075,Plasmacytoid DC
APP,33,1.935313,Plasmacytoid DC
APP,34,0.52481496,Plasmacytoid DC
APP,35,2.4361134,Plasmacytoid DC
APP,36,0.5365771,Plasmacytoid DC
APP,37,0.34961602,Plasmacytoid DC
APP,38,-0.2176196,Plasmacytoid DC
APP,39,0.81155074,Plasmacytoid DC
CLEC4C,0,-0.76877505,Plasmacytoid DC
CLEC4C,1,-1.4733937,Plasmacytoid DC
CLEC4C,2,-0.74731725,Plasmacytoid DC
CLEC4C,3,-0.7183347,Plasmacytoid DC
CLEC4C,4,-0.15476763,Plasmacytoid DC
CLEC4C,5,-1.056594,Plasmacytoid DC
CLEC4C,6,-0.74125785,Plasmacytoid DC
CLEC4C,7,-0.03898218,Plasmacytoid DC
CLEC4C,8,-0.23670807,Plasmacytoid DC
CLEC4C,9,-1.1105573,Plasmacytoid DC
CLEC4C,10,0.5571217,Plasmacytoid DC
CLEC4C,11,0.58715296,Plasmacytoid DC
CLEC4C,12,-1.4733937,Plasmacytoid DC
CLEC4C,13,1.4939286,Plasmacytoid DC
CLEC4C,14,-0.82897174,Plasmacytoid DC
CLEC4C,15,-1.4733937,Plasmacytoid DC
CLEC4C,16,-1.4733937,Plasmacytoid DC
CLEC4C,17,-0.6614772,Plasmacytoid DC
CLEC4C,18,-0.23451659,Plasmacytoid DC
CLEC4C,19,1.671917,Plasmacytoid DC
CLEC4C,20,-0.5503925,Plasmacytoid DC
CLEC4C,21,1.0172979,Plasmacytoid DC
CLEC4C,22,-0.8887604,Plasmacytoid DC
CLEC4C,23,-0.47053975,Plasmacytoid DC
CLEC4C,24,-0.24884029,Plasmacytoid DC
CLEC4C,25,-0.5908392,Plasmacytoid DC
CLEC4C,26,-0.42562124,Plasmacytoid DC
CLEC4C,27,0.012400267,Plasmacytoid DC
CLEC4C,28,0.3659261,Plasmacytoid DC
CLEC4C,29,-0.47822565,Plasmacytoid DC
CLEC4C,30,1.3396147,Plasmacytoid DC
CLEC4C,31,-0.20209727,Plasmacytoid DC
CLEC4C,32,0.6513181,Plasmacytoid DC
CLEC4C,33,1.214397,Plasmacytoid DC
CLEC4C,34,1.068923,Plasmacytoid DC
CLEC4C,35,0.9928077,Plasmacytoid DC
CLEC4C,36,2.1238194,Plasmacytoid DC
CLEC4C,37,1.6151048,Plasmacytoid DC
CLEC4C,38,0.53712845,Plasmacytoid DC
CLEC4C,39,1.7982929,Plasmacytoid DC
IRF7,0,-1.4747714,Plasmacytoid DC
IRF7,1,-1.2265729,Plasmacytoid DC
IRF7,2,-1.9019227,Plasmacytoid DC
IRF7,3,0.6328097,Plasmacytoid DC
IRF7,4,0.3432033,Plasmacytoid DC
IRF7,5,-1.4412233,Plasmacytoid DC
IRF7,6,-0.22909047,Plasmacytoid DC
IRF7,7,-0.23710813,Plasmacytoid DC
IRF7,8,-1.0014284,Plasmacytoid DC
IRF7,9,-1.8679847,Plasmacytoid DC
IRF7,10,-1.7086072,Plasmacytoid DC
IRF7,11,0.170608,Plasmacytoid DC
IRF7,12,-0.41242126,Plasmacytoid DC
IRF7,13,1.4341017,Plasmacytoid DC
IRF7,14,-0.4078983,Plasmacytoid DC
IRF7,15,-1.1666932,Plasmacytoid DC
IRF7,16,-0.99124426,Plasmacytoid DC
IRF7,17,-0.8311868,Plasmacytoid DC
IRF7,18,-0.18548696,Plasmacytoid DC
IRF7,19,-0.6516817,Plasmacytoid DC
IRF7,20,-0.31819025,Plasmacytoid DC
IRF7,21,1.1758449,Plasmacytoid DC
IRF7,22,-0.49096057,Plasmacytoid DC
IRF7,23,0.6475444,Plasmacytoid DC
IRF7,24,0.3290067,Plasmacytoid DC
IRF7,25,-0.2117904,Plasmacytoid DC
IRF7,26,0.95170254,Plasmacytoid DC
IRF7,27,-0.16696109,Plasmacytoid DC
IRF7,28,0.3500728,Plasmacytoid DC
IRF7,29,1.672659,Plasmacytoid DC
IRF7,30,1.1246299,Plasmacytoid DC
IRF7,31,0.84025675,Plasmacytoid DC
IRF7,32,1.2431296,Plasmacytoid DC
IRF7,33,0.19925645,Plasmacytoid DC
IRF7,34,0.37794796,Plasmacytoid DC
IRF7,35,1.0518594,Plasmacytoid DC
IRF7,36,1.8211576,Plasmacytoid DC
IRF7,37,0.921529,Plasmacytoid DC
IRF7,38,0.4928933,Plasmacytoid DC
IRF7,39,1.1430272,Plasmacytoid DC
PPP1R14B,0,-0.5792771,Plasmacytoid DC
PPP1R14B,1,-2.1592875,Plasmacytoid DC
PPP1R14B,2,-2.2932637,Plasmacytoid DC
PPP1R14B,3,-1.8355716,Plasmacytoid DC
PPP1R14B,4,0.031959243,Plasmacytoid DC
PPP1R14B,5,0.341206,Plasmacytoid DC
PPP1R14B,6,0.274449,Plasmacytoid DC
PPP1R14B,7,-0.0019159748,Plasmacytoid DC
PPP1R14B,8,-0.17306182,Plasmacytoid DC
PPP1R14B,9,-0.89515275,Plasmacytoid DC
PPP1R14B,10,-0.43147781,Plasmacytoid DC
PPP1R14B,11,0.20310448,Plasmacytoid DC
PPP1R14B,12,-0.65378785,Plasmacytoid DC
PPP1R14B,13,0.63713956,Plasmacytoid DC
PPP1R14B,14,0.44440785,Plasmacytoid DC
PPP1R14B,15,0.48204568,Plasmacytoid DC
PPP1R14B,16,-0.7384058,Plasmacytoid DC
PPP1R14B,17,-0.82678276,Plasmacytoid DC
PPP1R14B,18,-0.07486894,Plasmacytoid DC
PPP1R14B,19,-0.2577072,Plasmacytoid DC
PPP1R14B,20,1.052689,Plasmacytoid DC
PPP1R14B,21,0.49987888,Plasmacytoid DC
PPP1R14B,22,-0.21516442,Plasmacytoid DC
PPP1R14B,23,0.3639927,Plasmacytoid DC
PPP1R14B,24,1.6190059,Plasmacytoid DC
PPP1R14B,25,0.32725573,Plasmacytoid DC
PPP1R14B,26,1.1606032,Plasmacytoid DC
PPP1R14B,27,0.3987962,Plasmacytoid DC
PPP1R14B,28,-0.5287825,Plasmacytoid DC
PPP1R14B,29,0.95631504,Plasmacytoid DC
PPP1R14B,30,0.23664565,Plasmacytoid DC
PPP1R14B,31,1.6439935,Plasmacytoid DC
PPP1R14B,32,0.544965,Plasmacytoid DC
PPP1R14B,33,0.23197526,Plasmacytoid DC
PPP1R14B,34,0.1713403,Plasmacytoid DC
PPP1R14B,35,1.7110233,Plasmacytoid DC
PPP1R14B,36,-0.32396376,Plasmacytoid DC
PPP1R14B,37,1.8065134,Plasmacytoid DC
PPP1R14B,38,-2.3480551,Plasmacytoid DC
PPP1R14B,39,-0.8027753,Plasmacytoid DC
LILRB4,0,-1.8167926,Plasmacytoid DC
LILRB4,1,-0.04103077,Plasmacytoid DC
LILRB4,2,-1.3375738,Plasmacytoid DC
LILRB4,3,-1.3359382,Plasmacytoid DC
LILRB4,4,0.8034082,Plasmacytoid DC
LILRB4,5,-0.6925457,Plasmacytoid DC
LILRB4,6,-0.8939495,Plasmacytoid DC
LILRB4,7,1.5263685,Plasmacytoid DC
LILRB4,8,-0.18314388,Plasmacytoid DC
LILRB4,9,-0.97545964,Plasmacytoid DC
LILRB4,10,-0.21546751,Plasmacytoid DC
LILRB4,11,-0.6460446,Plasmacytoid DC
LILRB4,12,0.5151691,Plasmacytoid DC
LILRB4,13,-0.20307893,Plasmacytoid DC
LILRB4,14,1.010439,Plasmacytoid DC
LILRB4,15,-0.3656551,Plasmacytoid DC
LILRB4,16,-1.7042238,Plasmacytoid DC
LILRB4,17,-1.2592101,Plasmacytoid DC
LILRB4,18,-1.1869665,Plasmacytoid DC
LILRB4,19,-0.7871484,Plasmacytoid DC
LILRB4,20,-0.97538173,Plasmacytoid DC
LILRB4,21,-0.35374525,Plasmacytoid DC
LILRB4,22,-0.2012875,Plasmacytoid DC
LILRB4,23,0.38146815,Plasmacytoid DC
LILRB4,24,1.5737008,Plasmacytoid DC
LILRB4,25,-0.6484909,Plasmacytoid DC
LILRB4,26,-0.34938574,Plasmacytoid DC
LILRB4,27,0.6197334,Plasmacytoid DC
LILRB4,28,1.4977933,Plasmacytoid DC
LILRB4,29,-0.5997237,Plasmacytoid DC
LILRB4,30,0.032786775,Plasmacytoid DC
LILRB4,31,1.2284132,Plasmacytoid DC
LILRB4,32,0.56545126,Plasmacytoid DC
LILRB4,33,1.1906129,Plasmacytoid DC
LILRB4,34,1.3585067,Plasmacytoid DC
LILRB4,35,0.471527,Plasmacytoid DC
LILRB4,36,0.6287022,Plasmacytoid DC
LILRB4,37,2.1067145,Plasmacytoid DC
LILRB4,38,-0.1528116,Plasmacytoid DC
LILRB4,39,1.4142568,Plasmacytoid DC
IRF8,0,-1.0558553,Plasmacytoid DC
IRF8,1,-2.3717933,Plasmacytoid DC
IRF8,2,-2.2195308,Plasmacytoid DC
IRF8,3,-0.7747109,Plasmacytoid DC
IRF8,4,0.052311003,Plasmacytoid DC
IRF8,5,-0.77488357,Plasmacytoid DC
IRF8,6,-0.7004993,Plasmacytoid DC
IRF8,7,-1.0984055,Plasmacytoid DC
IRF8,8,-2.3607821,Plasmacytoid DC
IRF8,9,-0.8528041,Plasmacytoid DC
IRF8,10,0.6739803,Plasmacytoid DC
IRF8,11,0.026574276,Plasmacytoid DC
IRF8,12,0.42182025,Plasmacytoid DC
IRF8,13,-0.35288566,Plasmacytoid DC
IRF8,14,-0.10171437,Plasmacytoid DC
IRF8,15,-0.269921,Plasmacytoid DC
IRF8,16,0.3739767,Plasmacytoid DC
IRF8,17,-0.7550692,Plasmacytoid DC
IRF8,18,0.26298848,Plasmacytoid DC
IRF8,19,-0.5964174,Plasmacytoid DC
IRF8,20,-1.0062364,Plasmacytoid DC
IRF8,21,-0.5848509,Plasmacytoid DC
IRF8,22,0.7923807,Plasmacytoid DC
IRF8,23,0.8363389,Plasmacytoid DC
IRF8,24,0.63765574,Plasmacytoid DC
IRF8,25,-0.64977485,Plasmacytoid DC
IRF8,26,1.1162629,Plasmacytoid DC
IRF8,27,0.5304021,Plasmacytoid DC
IRF8,28,0.27231416,Plasmacytoid DC
IRF8,29,1.029083,Plasmacytoid DC
IRF8,30,0.96619844,Plasmacytoid DC
IRF8,31,-0.15062732,Plasmacytoid DC
IRF8,32,0.54952884,Plasmacytoid DC
IRF8,33,0.99794716,Plasmacytoid DC
IRF8,34,0.7855375,Plasmacytoid DC
IRF8,35,1.2285779,Plasmacytoid DC
IRF8,36,1.2409068,Plasmacytoid DC
IRF8,37,1.4428831,Plasmacytoid DC
IRF8,38,1.2853563,Plasmacytoid DC
IRF8,39,1.1537454,Plasmacytoid DC
TCF4,0,-0.25438526,Plasmacytoid DC
TCF4,1,0.6162169,Plasmacytoid DC
TCF4,2,0.32626864,Plasmacytoid DC
TCF4,3,-0.92979944,Plasmacytoid DC
TCF4,4,0.39795026,Plasmacytoid DC
TCF4,5,-0.54091465,Plasmacytoid DC
TCF4,6,-0.9029662,Plasmacytoid DC
TCF4,7,0.38671532,Plasmacytoid DC
TCF4,8,-1.3100679,Plasmacytoid DC
TCF4,9,-0.26037973,Plasmacytoid DC
TCF4,10,-0.93586206,Plasmacytoid DC
TCF4,11,0.037321076,Plasmacytoid DC
TCF4,12,-0.5462798,Plasmacytoid DC
TCF4,13,1.370266,Plasmacytoid DC
TCF4,14,-1.2028471,Plasmacytoid DC
TCF4,15,-2.482294,Plasmacytoid DC
TCF4,16,-0.061013546,Plasmacytoid DC
TCF4,17,-1.2958335,Plasmacytoid DC
TCF4,18,0.45871776,Plasmacytoid DC
TCF4,19,0.60871375,Plasmacytoid DC
TCF4,20,-1.0056461,Plasmacytoid DC
TCF4,21,-0.18488204,Plasmacytoid DC
TCF4,22,0.7056141,Plasmacytoid DC
TCF4,23,1.0198286,Plasmacytoid DC
TCF4,24,1.0121865,Plasmacytoid DC
TCF4,25,-0.3218414,Plasmacytoid DC
TCF4,26,1.403562,Plasmacytoid DC
TCF4,27,0.62554824,Plasmacytoid DC
TCF4,28,-1.4570141,Plasmacytoid DC
TCF4,29,1.5701873,Plasmacytoid DC
TCF4,30,-1.1719097,Plasmacytoid DC
TCF4,31,1.198406,Plasmacytoid DC
TCF4,32,0.23488654,Plasmacytoid DC
TCF4,33,-0.76245534,Plasmacytoid DC
TCF4,34,-0.22956772,Plasmacytoid DC
TCF4,35,0.66830194,Plasmacytoid DC
TCF4,36,0.8691428,Plasmacytoid DC
TCF4,37,1.2690015,Plasmacytoid DC
TCF4,38,2.10484,Plasmacytoid DC
TCF4,39,-1.0276972,Plasmacytoid DC
SHD,0,0.37524927,Plasmacytoid DC
SHD,1,-1.6200997,Plasmacytoid DC
SHD,2,-0.738734,Plasmacytoid DC
SHD,3,0.37382963,Plasmacytoid DC
SHD,4,0.034853492,Plasmacytoid DC
SHD,5,0.8838141,Plasmacytoid DC
SHD,6,0.20079409,Plasmacytoid DC
SHD,7,0.9673222,Plasmacytoid DC
SHD,8,0.75794417,Plasmacytoid DC
SHD,9,-1.0082891,Plasmacytoid DC
SHD,10,-0.6417854,Plasmacytoid DC
SHD,11,0.046484165,Plasmacytoid DC
SHD,12,0.54392934,Plasmacytoid DC
SHD,13,-1.6200997,Plasmacytoid DC
SHD,14,-1.0900893,Plasmacytoid DC
SHD,15,-0.97130316,Plasmacytoid DC
SHD,16,-0.17624423,Plasmacytoid DC
SHD,17,-1.6200997,Plasmacytoid DC
SHD,18,0.39117107,Plasmacytoid DC
SHD,19,0.9053063,Plasmacytoid DC
SHD,20,-0.7455475,Plasmacytoid DC
SHD,21,0.64974594,Plasmacytoid DC
SHD,22,-0.72984755,Plasmacytoid DC
SHD,23,0.5745461,Plasmacytoid DC
SHD,24,-0.44834906,Plasmacytoid DC
SHD,25,-1.6200997,Plasmacytoid DC
SHD,26,-0.5424058,Plasmacytoid DC
SHD,27,0.31121382,Plasmacytoid DC
SHD,28,-1.6200997,Plasmacytoid DC
SHD,29,0.38373706,Plasmacytoid DC
SHD,30,0.09312054,Plasmacytoid DC
SHD,31,0.52498406,Plasmacytoid DC
SHD,32,-1.1687205,Plasmacytoid DC
SHD,33,-0.37762883,Plasmacytoid DC
SHD,34,1.0173943,Plasmacytoid DC
SHD,35,0.83075035,Plasmacytoid DC
SHD,36,0.8888024,Plasmacytoid DC
SHD,37,1.8666931,Plasmacytoid DC
SHD,38,2.01037,Plasmacytoid DC
SHD,39,2.1073809,Plasmacytoid DC
AC097375.1,0,-1.1064214,Plasmacytoid DC
AC097375.1,1,-1.1064214,Plasmacytoid DC
AC097375.1,2,-1.1064214,Plasmacytoid DC
AC097375.1,3,-1.1064214,Plasmacytoid DC
AC097375.1,4,0.59754986,Plasmacytoid DC
AC097375.1,5,-1.1064214,Plasmacytoid DC
AC097375.1,6,0.037154246,Plasmacytoid DC
AC097375.1,7,-1.1064214,Plasmacytoid DC
AC097375.1,8,-0.32947215,Plasmacytoid DC
AC097375.1,9,-0.054266278,Plasmacytoid DC
AC097375.1,10,-1.1064214,Plasmacytoid DC
AC097375.1,11,0.25993857,Plasmacytoid DC
AC097375.1,12,0.029941894,Plasmacytoid DC
AC097375.1,13,0.013698878,Plasmacytoid DC
AC097375.1,14,-1.1064214,Plasmacytoid DC
AC097375.1,15,-1.1064214,Plasmacytoid DC
AC097375.1,16,-0.12833959,Plasmacytoid DC
AC097375.1,17,1.3121032,Plasmacytoid DC
AC097375.1,18,-0.087627694,Plasmacytoid DC
AC097375.1,19,-1.1064214,Plasmacytoid DC
AC097375.1,20,1.0686771,Plasmacytoid DC
AC097375.1,21,-0.3078031,Plasmacytoid DC
AC097375.1,22,-1.1064214,Plasmacytoid DC
AC097375.1,23,0.87377596,Plasmacytoid DC
AC097375.1,24,0.27808884,Plasmacytoid DC
AC097375.1,25,0.018887598,Plasmacytoid DC
AC097375.1,26,-0.06657279,Plasmacytoid DC
AC097375.1,27,-1.1064214,Plasmacytoid DC
AC097375.1,28,1.0055734,Plasmacytoid DC
AC097375.1,29,-0.26520526,Plasmacytoid DC
AC097375.1,30,1.6146736,Plasmacytoid DC
AC097375.1,31,0.46084842,Plasmacytoid DC
AC097375.1,32,0.32536116,Plasmacytoid DC
AC097375.1,33,0.4815832,Plasmacytoid DC
AC097375.1,34,0.52726495,Plasmacytoid DC
AC097375.1,35,-0.11059165,Plasmacytoid DC
AC097375.1,36,1.4101729,Plasmacytoid DC
AC097375.1,37,0.79605013,Plasmacytoid DC
AC097375.1,38,-0.19312836,Plasmacytoid DC
AC097375.1,39,3.708711,Plasmacytoid DC
UHRF1,0,1.9430798,Pre-B large
UHRF1,1,0.21348175,Pre-B large
UHRF1,2,2.3026495,Pre-B large
UHRF1,3,1.1687633,Pre-B large
UHRF1,4,1.8435543,Pre-B large
UHRF1,5,0.45511213,Pre-B large
UHRF1,6,1.4164356,Pre-B large
UHRF1,7,0.8316548,Pre-B large
UHRF1,8,0.6258849,Pre-B large
UHRF1,9,-0.39150625,Pre-B large
UHRF1,10,0.95677155,Pre-B large
UHRF1,11,0.69544506,Pre-B large
UHRF1,12,0.5643947,Pre-B large
UHRF1,13,0.33411267,Pre-B large
UHRF1,14,0.3669055,Pre-B large
UHRF1,15,0.3269301,Pre-B large
UHRF1,16,0.32116267,Pre-B large
UHRF1,17,-1.0649464,Pre-B large
UHRF1,18,-0.8318269,Pre-B large
UHRF1,19,-0.5976722,Pre-B large
UHRF1,20,-0.68907404,Pre-B large
UHRF1,21,-0.630406,Pre-B large
UHRF1,22,-0.014078059,Pre-B large
UHRF1,23,0.049085647,Pre-B large
UHRF1,24,0.86991835,Pre-B large
UHRF1,25,-0.91892844,Pre-B large
UHRF1,26,0.3878491,Pre-B large
UHRF1,27,-0.09147969,Pre-B large
UHRF1,28,-0.7577847,Pre-B large
UHRF1,29,-0.1448443,Pre-B large
UHRF1,30,-1.2360374,Pre-B large
UHRF1,31,0.85050726,Pre-B large
UHRF1,32,-0.7108011,Pre-B large
UHRF1,33,-1.1255794,Pre-B large
UHRF1,34,-0.10472728,Pre-B large
UHRF1,35,-1.7914671,Pre-B large
UHRF1,36,-1.6792421,Pre-B large
UHRF1,37,-0.85641044,Pre-B large
UHRF1,38,-1.2080982,Pre-B large
UHRF1,39,-1.6787755,Pre-B large
CDCA7,0,0.11787199,Pre-B large
CDCA7,1,-0.2312711,Pre-B large
CDCA7,2,-0.13698585,Pre-B large
CDCA7,3,0.6093093,Pre-B large
CDCA7,4,0.23988198,Pre-B large
CDCA7,5,2.1845095,Pre-B large
CDCA7,6,0.6969413,Pre-B large
CDCA7,7,1.5276756,Pre-B large
CDCA7,8,1.4670131,Pre-B large
CDCA7,9,0.59410846,Pre-B large
CDCA7,10,-0.12915349,Pre-B large
CDCA7,11,0.9686511,Pre-B large
CDCA7,12,1.1669077,Pre-B large
CDCA7,13,0.8559633,Pre-B large
CDCA7,14,0.6548641,Pre-B large
CDCA7,15,0.4589973,Pre-B large
CDCA7,16,-0.64268327,Pre-B large
CDCA7,17,-0.48116237,Pre-B large
CDCA7,18,-0.40376624,Pre-B large
CDCA7,19,0.10922392,Pre-B large
CDCA7,20,0.43839434,Pre-B large
CDCA7,21,-0.13077241,Pre-B large
CDCA7,22,0.22139841,Pre-B large
CDCA7,23,0.46262544,Pre-B large
CDCA7,24,-0.7478187,Pre-B large
CDCA7,25,1.041314,Pre-B large
CDCA7,26,-0.86907667,Pre-B large
CDCA7,27,-0.13597898,Pre-B large
CDCA7,28,1.4460855,Pre-B large
CDCA7,29,-0.6637749,Pre-B large
CDCA7,30,-0.23272945,Pre-B large
CDCA7,31,0.88856024,Pre-B large
CDCA7,32,-0.36314163,Pre-B large
CDCA7,33,-1.5518209,Pre-B large
CDCA7,34,-1.1419066,Pre-B large
CDCA7,35,-0.8631801,Pre-B large
CDCA7,36,-1.6622001,Pre-B large
CDCA7,37,-1.6111828,Pre-B large
CDCA7,38,-1.9197239,Pre-B large
CDCA7,39,-2.2319624,Pre-B large
DNTT,0,1.9847034,Pre-B large
DNTT,1,1.1842885,Pre-B large
DNTT,2,1.2729368,Pre-B large
DNTT,3,0.90055907,Pre-B large
DNTT,4,1.8044441,Pre-B large
DNTT,5,2.3121378,Pre-B large
DNTT,6,1.7160515,Pre-B large
DNTT,7,0.6937861,Pre-B large
DNTT,8,1.2978857,Pre-B large
DNTT,9,0.09281265,Pre-B large
DNTT,10,0.783312,Pre-B large
DNTT,11,-0.7817874,Pre-B large
DNTT,12,0.8723033,Pre-B large
DNTT,13,-0.49755916,Pre-B large
DNTT,14,0.16591516,Pre-B large
DNTT,15,-0.07589301,Pre-B large
DNTT,16,-0.9392551,Pre-B large
DNTT,17,-1.3359883,Pre-B large
DNTT,18,-0.35185912,Pre-B large
DNTT,19,0.41125157,Pre-B large
DNTT,20,-0.05264473,Pre-B large
DNTT,21,-0.4660853,Pre-B large
DNTT,22,0.12327459,Pre-B large
DNTT,23,-0.24507493,Pre-B large
DNTT,24,0.95048195,Pre-B large
DNTT,25,-1.2826401,Pre-B large
DNTT,26,0.07009405,Pre-B large
DNTT,27,-0.18544511,Pre-B large
DNTT,28,-0.28465962,Pre-B large
DNTT,29,-0.34120753,Pre-B large
DNTT,30,-0.6864242,Pre-B large
DNTT,31,-0.75827837,Pre-B large
DNTT,32,-1.2298943,Pre-B large
DNTT,33,-1.2282305,Pre-B large
DNTT,34,-0.5529867,Pre-B large
DNTT,35,-1.3359883,Pre-B large
DNTT,36,-0.94966954,Pre-B large
DNTT,37,-1.1067061,Pre-B large
DNTT,38,-0.8827863,Pre-B large
DNTT,39,-1.0651815,Pre-B large
PHGDH,0,-0.929826,Pre-B large
PHGDH,1,-1.4748985,Pre-B large
PHGDH,2,0.30032083,Pre-B large
PHGDH,3,-0.59385854,Pre-B large
PHGDH,4,-1.5558649,Pre-B large
PHGDH,5,0.4451518,Pre-B large
PHGDH,6,0.9731657,Pre-B large
PHGDH,7,-0.6711106,Pre-B large
PHGDH,8,1.0151505,Pre-B large
PHGDH,9,-0.75166744,Pre-B large
PHGDH,10,0.97171736,Pre-B large
PHGDH,11,0.45278987,Pre-B large
PHGDH,12,1.925038,Pre-B large
PHGDH,13,0.6550544,Pre-B large
PHGDH,14,-1.7376981,Pre-B large
PHGDH,15,-0.28501374,Pre-B large
PHGDH,16,0.9717145,Pre-B large
PHGDH,17,-1.4574766,Pre-B large
PHGDH,18,0.544738,Pre-B large
PHGDH,19,0.675581,Pre-B large
PHGDH,20,-1.506734,Pre-B large
PHGDH,21,-1.0537394,Pre-B large
PHGDH,22,0.6052002,Pre-B large
PHGDH,23,1.3045357,Pre-B large
PHGDH,24,0.016987942,Pre-B large
PHGDH,25,0.8697436,Pre-B large
PHGDH,26,1.4734626,Pre-B large
PHGDH,27,-0.4479742,Pre-B large
PHGDH,28,1.1441032,Pre-B large
PHGDH,29,-1.2312722,Pre-B large
PHGDH,30,-1.1150839,Pre-B large
PHGDH,31,-0.67893887,Pre-B large
PHGDH,32,-0.7025592,Pre-B large
PHGDH,33,-0.7096393,Pre-B large
PHGDH,34,0.38246408,Pre-B large
PHGDH,35,0.53218657,Pre-B large
PHGDH,36,0.28995422,Pre-B large
PHGDH,37,1.7342806,Pre-B large
PHGDH,38,0.51765925,Pre-B large
PHGDH,39,-0.89765483,Pre-B large
VPREB1,0,-1.8570532,Pre-B large
VPREB1,1,-0.8149254,Pre-B large
VPREB1,2,-0.01797198,Pre-B large
VPREB1,3,-0.8126468,Pre-B large
VPREB1,4,-2.0760877,Pre-B large
VPREB1,5,-1.1269927,Pre-B large
VPREB1,6,-2.3318644,Pre-B large
VPREB1,7,0.043547273,Pre-B large
VPREB1,8,-0.5027862,Pre-B large
VPREB1,9,1.2160337,Pre-B large
VPREB1,10,1.0405546,Pre-B large
VPREB1,11,-0.5445693,Pre-B large
VPREB1,12,0.7428126,Pre-B large
VPREB1,13,1.0621669,Pre-B large
VPREB1,14,0.86724365,Pre-B large
VPREB1,15,0.19870718,Pre-B large
VPREB1,16,0.5209144,Pre-B large
VPREB1,17,-0.3542442,Pre-B large
VPREB1,18,0.34495327,Pre-B large
VPREB1,19,0.68554115,Pre-B large
VPREB1,20,0.6739835,Pre-B large
VPREB1,21,0.43070498,Pre-B large
VPREB1,22,1.4808543,Pre-B large
VPREB1,23,1.4770814,Pre-B large
VPREB1,24,0.8458704,Pre-B large
VPREB1,25,-0.038010273,Pre-B large
VPREB1,26,-0.8747073,Pre-B large
VPREB1,27,0.9780089,Pre-B large
VPREB1,28,1.359561,Pre-B large
VPREB1,29,-0.8494255,Pre-B large
VPREB1,30,0.5515754,Pre-B large
VPREB1,31,-1.0199025,Pre-B large
VPREB1,32,-0.24071121,Pre-B large
VPREB1,33,-1.4415209,Pre-B large
VPREB1,34,-0.9491452,Pre-B large
VPREB1,35,-0.3683652,Pre-B large
VPREB1,36,-0.33462328,Pre-B large
VPREB1,37,0.90197414,Pre-B large
VPREB1,38,-0.3081241,Pre-B large
VPREB1,39,1.4416084,Pre-B large
CDCA5,0,-1.652943,Pre-B large
CDCA5,1,-1.137752,Pre-B large
CDCA5,2,-0.95318747,Pre-B large
CDCA5,3,-0.9596657,Pre-B large
CDCA5,4,-0.9998296,Pre-B large
CDCA5,5,-0.34169528,Pre-B large
CDCA5,6,-1.6896696,Pre-B large
CDCA5,7,0.5864598,Pre-B large
CDCA5,8,0.32043052,Pre-B large
CDCA5,9,-0.7242372,Pre-B large
CDCA5,10,-0.7774488,Pre-B large
CDCA5,11,-0.33137447,Pre-B large
CDCA5,12,1.444872,Pre-B large
CDCA5,13,0.41626522,Pre-B large
CDCA5,14,-0.3012554,Pre-B large
CDCA5,15,-0.06799085,Pre-B large
CDCA5,16,0.55306756,Pre-B large
CDCA5,17,-1.3305469,Pre-B large
CDCA5,18,-0.6669951,Pre-B large
CDCA5,19,-1.460371,Pre-B large
CDCA5,20,0.016063917,Pre-B large
CDCA5,21,0.12804353,Pre-B large
CDCA5,22,2.3369598,Pre-B large
CDCA5,23,-0.14597712,Pre-B large
CDCA5,24,0.10875646,Pre-B large
CDCA5,25,-0.91613173,Pre-B large
CDCA5,26,0.15917338,Pre-B large
CDCA5,27,1.4901134,Pre-B large
CDCA5,28,-0.29809618,Pre-B large
CDCA5,29,1.4801489,Pre-B large
CDCA5,30,0.25126415,Pre-B large
CDCA5,31,-0.025851166,Pre-B large
CDCA5,32,1.6215531,Pre-B large
CDCA5,33,0.50263405,Pre-B large
CDCA5,34,1.3846467,Pre-B large
CDCA5,35,1.8674183,Pre-B large
CDCA5,36,-0.12752844,Pre-B large
CDCA5,37,0.69981,Pre-B large
CDCA5,38,-1.1348772,Pre-B large
CDCA5,39,0.67574644,Pre-B large
ASF1B,0,-2.3516588,Pre-B large
ASF1B,1,-1.228654,Pre-B large
ASF1B,2,-0.9882253,Pre-B large
ASF1B,3,-1.1678613,Pre-B large
ASF1B,4,-0.91668487,Pre-B large
ASF1B,5,-1.7109498,Pre-B large
ASF1B,6,-0.95576775,Pre-B large
ASF1B,7,0.7013447,Pre-B large
ASF1B,8,-0.54050946,Pre-B large
ASF1B,9,0.5325617,Pre-B large
ASF1B,10,0.47597343,Pre-B large
ASF1B,11,1.0322539,Pre-B large
ASF1B,12,1.5571494,Pre-B large
ASF1B,13,-0.5943097,Pre-B large
ASF1B,14,-1.2503322,Pre-B large
ASF1B,15,-0.96601915,Pre-B large
ASF1B,16,-0.19096097,Pre-B large
ASF1B,17,-0.19603185,Pre-B large
ASF1B,18,-0.21226253,Pre-B large
ASF1B,19,-0.19172835,Pre-B large
ASF1B,20,0.15711513,Pre-B large
ASF1B,21,1.6159993,Pre-B large
ASF1B,22,0.5030563,Pre-B large
ASF1B,23,1.1957232,Pre-B large
ASF1B,24,0.08385153,Pre-B large
ASF1B,25,0.67313814,Pre-B large
ASF1B,26,0.27200302,Pre-B large
ASF1B,27,-0.08232564,Pre-B large
ASF1B,28,0.18000732,Pre-B large
ASF1B,29,0.022983748,Pre-B large
ASF1B,30,0.759355,Pre-B large
ASF1B,31,1.682168,Pre-B large
ASF1B,32,1.2619755,Pre-B large
ASF1B,33,-0.21459372,Pre-B large
ASF1B,34,0.3539776,Pre-B large
ASF1B,35,1.4062608,Pre-B large
ASF1B,36,-1.6126251,Pre-B large
ASF1B,37,0.7190702,Pre-B large
ASF1B,38,1.3118145,Pre-B large
ASF1B,39,-1.1262643,Pre-B large
IGLL1,0,-2.373034,Pre-B large
IGLL1,1,-2.3531065,Pre-B large
IGLL1,2,-2.1544094,Pre-B large
IGLL1,3,-1.5269207,Pre-B large
IGLL1,4,-1.684645,Pre-B large
IGLL1,5,-1.2958432,Pre-B large
IGLL1,6,-0.31160498,Pre-B large
IGLL1,7,-0.6432001,Pre-B large
IGLL1,8,-1.4875236,Pre-B large
IGLL1,9,0.030152794,Pre-B large
IGLL1,10,0.3546432,Pre-B large
IGLL1,11,-0.02488158,Pre-B large
IGLL1,12,-0.08030663,Pre-B large
IGLL1,13,-0.031901218,Pre-B large
IGLL1,14,-0.53027683,Pre-B large
IGLL1,15,-0.6769717,Pre-B large
IGLL1,16,0.1852349,Pre-B large
IGLL1,17,0.4976145,Pre-B large
IGLL1,18,0.41328597,Pre-B large
IGLL1,19,0.14521986,Pre-B large
IGLL1,20,0.6081289,Pre-B large
IGLL1,21,0.47766688,Pre-B large
IGLL1,22,-0.021171497,Pre-B large
IGLL1,23,0.7179751,Pre-B large
IGLL1,24,0.46226987,Pre-B large
IGLL1,25,0.2497471,Pre-B large
IGLL1,26,0.36015517,Pre-B large
IGLL1,27,0.9697674,Pre-B large
IGLL1,28,-0.014904668,Pre-B large
IGLL1,29,1.1858643,Pre-B large
IGLL1,30,1.1126962,Pre-B large
IGLL1,31,0.20629123,Pre-B large
IGLL1,32,1.7311729,Pre-B large
IGLL1,33,0.55271167,Pre-B large
IGLL1,34,1.0912994,Pre-B large
IGLL1,35,0.4044437,Pre-B large
IGLL1,36,0.2819731,Pre-B large
IGLL1,37,0.9959771,Pre-B large
IGLL1,38,1.2015368,Pre-B large
IGLL1,39,0.9748627,Pre-B large
TYMS,0,-1.508626,Pre-B large
TYMS,1,-2.4550254,Pre-B large
TYMS,2,-1.4257076,Pre-B large
TYMS,3,-1.0433173,Pre-B large
TYMS,4,0.30250698,Pre-B large
TYMS,5,0.20006792,Pre-B large
TYMS,6,-0.67975646,Pre-B large
TYMS,7,-1.0251698,Pre-B large
TYMS,8,0.570801,Pre-B large
TYMS,9,-0.82645893,Pre-B large
TYMS,10,-0.8540448,Pre-B large
TYMS,11,0.58240974,Pre-B large
TYMS,12,0.5322776,Pre-B large
TYMS,13,-0.5116752,Pre-B large
TYMS,14,-0.81526196,Pre-B large
TYMS,15,-0.13558209,Pre-B large
TYMS,16,1.5426657,Pre-B large
TYMS,17,-2.1370158,Pre-B large
TYMS,18,-0.6784666,Pre-B large
TYMS,19,-0.2380333,Pre-B large
TYMS,20,0.92590046,Pre-B large
TYMS,21,-0.78764766,Pre-B large
TYMS,22,1.2262839,Pre-B large
TYMS,23,0.28539538,Pre-B large
TYMS,24,0.7177306,Pre-B large
TYMS,25,0.4676742,Pre-B large
TYMS,26,1.3149289,Pre-B large
TYMS,27,-0.5343704,Pre-B large
TYMS,28,0.09388517,Pre-B large
TYMS,29,0.92332757,Pre-B large
TYMS,30,0.84656423,Pre-B large
TYMS,31,0.5158674,Pre-B large
TYMS,32,2.2467034,Pre-B large
TYMS,33,0.07055103,Pre-B large
TYMS,34,0.77341795,Pre-B large
TYMS,35,-0.05912093,Pre-B large
TYMS,36,-0.15933253,Pre-B large
TYMS,37,0.8818741,Pre-B large
TYMS,38,1.3446455,Pre-B large
TYMS,39,-0.49088246,Pre-B large
PCLAF,0,-2.5370927,Pre-B large
PCLAF,1,-2.4367895,Pre-B large
PCLAF,2,-1.4495559,Pre-B large
PCLAF,3,-0.936011,Pre-B large
PCLAF,4,0.037283238,Pre-B large
PCLAF,5,0.04361925,Pre-B large
PCLAF,6,-0.250325,Pre-B large
PCLAF,7,0.74306226,Pre-B large
PCLAF,8,0.17129949,Pre-B large
PCLAF,9,-0.5928129,Pre-B large
PCLAF,10,-0.8460593,Pre-B large
PCLAF,11,0.47737947,Pre-B large
PCLAF,12,0.92431587,Pre-B large
PCLAF,13,0.7390343,Pre-B large
PCLAF,14,-1.5213168,Pre-B large
PCLAF,15,0.6293341,Pre-B large
PCLAF,16,1.3525203,Pre-B large
PCLAF,17,-0.4921937,Pre-B large
PCLAF,18,-0.6911464,Pre-B large
PCLAF,19,-1.5683852,Pre-B large
PCLAF,20,1.1312451,Pre-B large
PCLAF,21,-0.5343619,Pre-B large
PCLAF,22,-0.5584566,Pre-B large
PCLAF,23,0.6709339,Pre-B large
PCLAF,24,0.8167155,Pre-B large
PCLAF,25,0.8105073,Pre-B large
PCLAF,26,1.1400303,Pre-B large
PCLAF,27,-0.20174259,Pre-B large
PCLAF,28,0.5018095,Pre-B large
PCLAF,29,-0.18797097,Pre-B large
PCLAF,30,0.6556623,Pre-B large
PCLAF,31,1.1278287,Pre-B large
PCLAF,32,1.4907743,Pre-B large
PCLAF,33,0.55522645,Pre-B large
PCLAF,34,1.1472393,Pre-B large
PCLAF,35,0.45089346,Pre-B large
PCLAF,36,-1.2097194,Pre-B large
PCLAF,37,0.034766223,Pre-B large
PCLAF,38,0.89680624,Pre-B large
PCLAF,39,-0.5343773,Pre-B large
PCNA,0,-0.684374,Pre-B large
PCNA,1,-1.6726027,Pre-B large
PCNA,2,-0.94035107,Pre-B large
PCNA,3,-0.55930865,Pre-B large
PCNA,4,0.54886544,Pre-B large
PCNA,5,0.9579497,Pre-B large
PCNA,6,0.49667504,Pre-B large
PCNA,7,0.636288,Pre-B large
PCNA,8,-0.13983239,Pre-B large
PCNA,9,-0.34707284,Pre-B large
PCNA,10,0.17890894,Pre-B large
PCNA,11,0.6970236,Pre-B large
PCNA,12,1.7440612,Pre-B large
PCNA,13,1.0395695,Pre-B large
PCNA,14,0.050946392,Pre-B large
PCNA,15,0.9381049,Pre-B large
PCNA,16,1.0508463,Pre-B large
PCNA,17,-1.0834068,Pre-B large
PCNA,18,-1.6082759,Pre-B large
PCNA,19,-0.7692854,Pre-B large
PCNA,20,0.3875255,Pre-B large
PCNA,21,-0.05308591,Pre-B large
PCNA,22,1.5540603,Pre-B large
PCNA,23,0.197006,Pre-B large
PCNA,24,1.1561048,Pre-B large
PCNA,25,1.6228019,Pre-B large
PCNA,26,-0.36221117,Pre-B large
PCNA,27,-0.7742159,Pre-B large
PCNA,28,-1.7212987,Pre-B large
PCNA,29,0.15296522,Pre-B large
PCNA,30,-0.74132365,Pre-B large
PCNA,31,0.42305607,Pre-B large
PCNA,32,1.8978301,Pre-B large
PCNA,33,-0.9365052,Pre-B large
PCNA,34,0.7395125,Pre-B large
PCNA,35,0.012089258,Pre-B large
PCNA,36,-1.5533713,Pre-B large
PCNA,37,0.05239425,Pre-B large
PCNA,38,-0.68817395,Pre-B large
PCNA,39,-1.8999016,Pre-B large
CLSPN,0,-1.4245641,Pre-B large
CLSPN,1,-1.1516101,Pre-B large
CLSPN,2,-1.9756466,Pre-B large
CLSPN,3,-0.26264426,Pre-B large
CLSPN,4,-1.1031072,Pre-B large
CLSPN,5,-0.9544575,Pre-B large
CLSPN,6,-0.16908728,Pre-B large
CLSPN,7,-0.4567838,Pre-B large
CLSPN,8,-0.6523993,Pre-B large
CLSPN,9,-0.5100649,Pre-B large
CLSPN,10,-0.59453136,Pre-B large
CLSPN,11,-0.8674686,Pre-B large
CLSPN,12,1.3158176,Pre-B large
CLSPN,13,-0.10628131,Pre-B large
CLSPN,14,-0.61087126,Pre-B large
CLSPN,15,0.58072436,Pre-B large
CLSPN,16,1.2002244,Pre-B large
CLSPN,17,-1.9311017,Pre-B large
CLSPN,18,0.050480943,Pre-B large
CLSPN,19,-0.9953565,Pre-B large
CLSPN,20,1.1327056,Pre-B large
CLSPN,21,-0.57108283,Pre-B large
CLSPN,22,0.9484723,Pre-B large
CLSPN,23,0.49138293,Pre-B large
CLSPN,24,-0.9500756,Pre-B large
CLSPN,25,-0.53147036,Pre-B large
CLSPN,26,1.4758646,Pre-B large
CLSPN,27,0.10378383,Pre-B large
CLSPN,28,1.2664965,Pre-B large
CLSPN,29,0.38428256,Pre-B large
CLSPN,30,0.25497785,Pre-B large
CLSPN,31,1.3173604,Pre-B large
CLSPN,32,2.2177932,Pre-B large
CLSPN,33,0.20764679,Pre-B large
CLSPN,34,1.7745272,Pre-B large
CLSPN,35,0.69112897,Pre-B large
CLSPN,36,-0.95917964,Pre-B large
CLSPN,37,0.60925555,Pre-B large
CLSPN,38,0.5484624,Pre-B large
CLSPN,39,0.20639418,Pre-B large
RRM2,0,-2.6064174,Pre-B large
RRM2,1,-1.5054694,Pre-B large
RRM2,2,-2.019076,Pre-B large
RRM2,3,-0.58900034,Pre-B large
RRM2,4,-2.0181143,Pre-B large
RRM2,5,-1.1063766,Pre-B large
RRM2,6,0.33128724,Pre-B large
RRM2,7,-1.1815346,Pre-B large
RRM2,8,0.028575016,Pre-B large
RRM2,9,-1.0453557,Pre-B large
RRM2,10,-0.132636,Pre-B large
RRM2,11,0.38624796,Pre-B large
RRM2,12,0.45393527,Pre-B large
RRM2,13,0.11001897,Pre-B large
RRM2,14,-0.5802105,Pre-B large
RRM2,15,-0.24872966,Pre-B large
RRM2,16,1.0657477,Pre-B large
RRM2,17,-0.1575611,Pre-B large
RRM2,18,0.2705597,Pre-B large
RRM2,19,-0.06206529,Pre-B large
RRM2,20,-1.3500113,Pre-B large
RRM2,21,-0.12595321,Pre-B large
RRM2,22,0.6878482,Pre-B large
RRM2,23,1.1544397,Pre-B large
RRM2,24,0.7861798,Pre-B large
RRM2,25,1.1205904,Pre-B large
RRM2,26,1.1294429,Pre-B large
RRM2,27,0.6423759,Pre-B large
RRM2,28,0.0017660453,Pre-B large
RRM2,29,0.58738726,Pre-B large
RRM2,30,0.14516789,Pre-B large
RRM2,31,1.3848089,Pre-B large
RRM2,32,1.8305573,Pre-B large
RRM2,33,-0.25445515,Pre-B large
RRM2,34,0.14975554,Pre-B large
RRM2,35,1.7593203,Pre-B large
RRM2,36,0.6760752,Pre-B large
RRM2,37,0.15829875,Pre-B large
RRM2,38,0.2687486,Pre-B large
RRM2,39,-0.14615737,Pre-B large
SPC25,0,-1.475464,Pre-B large
SPC25,1,-1.3758719,Pre-B large
SPC25,2,-1.7275943,Pre-B large
SPC25,3,-1.2464958,Pre-B large
SPC25,4,-0.37501344,Pre-B large
SPC25,5,-1.1559399,Pre-B large
SPC25,6,-0.3447836,Pre-B large
SPC25,7,-0.6498493,Pre-B large
SPC25,8,0.12616089,Pre-B large
SPC25,9,-0.8695329,Pre-B large
SPC25,10,-0.028681783,Pre-B large
SPC25,11,-0.670823,Pre-B large
SPC25,12,-0.40521613,Pre-B large
SPC25,13,-0.1925118,Pre-B large
SPC25,14,-0.74727476,Pre-B large
SPC25,15,-0.111099474,Pre-B large
SPC25,16,-0.5052389,Pre-B large
SPC25,17,-0.6737468,Pre-B large
SPC25,18,0.63567215,Pre-B large
SPC25,19,0.5097377,Pre-B large
SPC25,20,-0.21866019,Pre-B large
SPC25,21,-0.42670307,Pre-B large
SPC25,22,0.0024926641,Pre-B large
SPC25,23,1.3192217,Pre-B large
SPC25,24,-0.32171768,Pre-B large
SPC25,25,0.3555019,Pre-B large
SPC25,26,-0.18409485,Pre-B large
SPC25,27,0.3047329,Pre-B large
SPC25,28,-0.17867564,Pre-B large
SPC25,29,1.7851719,Pre-B large
SPC25,30,-0.9452522,Pre-B large
SPC25,31,0.4059846,Pre-B large
SPC25,32,2.9867318,Pre-B large
SPC25,33,0.3347603,Pre-B large
SPC25,34,1.7120289,Pre-B large
SPC25,35,0.61734825,Pre-B large
SPC25,36,0.23688094,Pre-B large
SPC25,37,0.4234405,Pre-B large
SPC25,38,2.5608115,Pre-B large
SPC25,39,0.51355857,Pre-B large
AURKB,0,-1.4107673,Pre-B large
AURKB,1,-1.3035643,Pre-B large
AURKB,2,-1.2876228,Pre-B large
AURKB,3,-1.1844237,Pre-B large
AURKB,4,-1.5047917,Pre-B large
AURKB,5,-1.6136816,Pre-B large
AURKB,6,-0.8745453,Pre-B large
AURKB,7,-1.4003452,Pre-B large
AURKB,8,-0.45490485,Pre-B large
AURKB,9,-1.1194955,Pre-B large
AURKB,10,-0.5174219,Pre-B large
AURKB,11,-0.42988575,Pre-B large
AURKB,12,-0.7064065,Pre-B large
AURKB,13,0.12720908,Pre-B large
AURKB,14,-0.0669734,Pre-B large
AURKB,15,0.40701407,Pre-B large
AURKB,16,-0.1701056,Pre-B large
AURKB,17,-1.0424117,Pre-B large
AURKB,18,0.5253345,Pre-B large
AURKB,19,-0.24516104,Pre-B large
AURKB,20,-0.48332986,Pre-B large
AURKB,21,0.054090388,Pre-B large
AURKB,22,-0.04807912,Pre-B large
AURKB,23,0.7740159,Pre-B large
AURKB,24,-0.058509152,Pre-B large
AURKB,25,-0.21521103,Pre-B large
AURKB,26,1.0350361,Pre-B large
AURKB,27,0.368471,Pre-B large
AURKB,28,0.24187793,Pre-B large
AURKB,29,0.60577494,Pre-B large
AURKB,30,0.5658537,Pre-B large
AURKB,31,-0.0011969795,Pre-B large
AURKB,32,0.7422807,Pre-B large
AURKB,33,0.85714525,Pre-B large
AURKB,34,2.4329493,Pre-B large
AURKB,35,1.4359508,Pre-B large
AURKB,36,1.8047915,Pre-B large
AURKB,37,0.9339968,Pre-B large
AURKB,38,1.328988,Pre-B large
AURKB,39,1.8980582,Pre-B large
ZWINT,0,-1.5581635,Pre-B large
ZWINT,1,-1.0165455,Pre-B large
ZWINT,2,-1.945265,Pre-B large
ZWINT,3,-0.47403622,Pre-B large
ZWINT,4,-0.9443012,Pre-B large
ZWINT,5,-0.7863563,Pre-B large
ZWINT,6,-1.3682243,Pre-B large
ZWINT,7,0.07924514,Pre-B large
ZWINT,8,0.3302063,Pre-B large
ZWINT,9,-1.4150667,Pre-B large
ZWINT,10,0.16646546,Pre-B large
ZWINT,11,-0.4122146,Pre-B large
ZWINT,12,0.27303544,Pre-B large
ZWINT,13,-0.6264338,Pre-B large
ZWINT,14,-0.44979104,Pre-B large
ZWINT,15,-0.68177783,Pre-B large
ZWINT,16,0.90963537,Pre-B large
ZWINT,17,0.85365856,Pre-B large
ZWINT,18,-0.9223062,Pre-B large
ZWINT,19,-0.45831078,Pre-B large
ZWINT,20,0.13306914,Pre-B large
ZWINT,21,-0.19226608,Pre-B large
ZWINT,22,-0.9663757,Pre-B large
ZWINT,23,1.3713703,Pre-B large
ZWINT,24,-0.27504742,Pre-B large
ZWINT,25,1.0802583,Pre-B large
ZWINT,26,-1.2548809,Pre-B large
ZWINT,27,0.94783247,Pre-B large
ZWINT,28,0.12885924,Pre-B large
ZWINT,29,0.5675611,Pre-B large
ZWINT,30,-0.055446565,Pre-B large
ZWINT,31,0.22650437,Pre-B large
ZWINT,32,0.79490864,Pre-B large
ZWINT,33,-0.005445856,Pre-B large
ZWINT,34,2.5973508,Pre-B large
ZWINT,35,2.331635,Pre-B large
ZWINT,36,1.1300082,Pre-B large
ZWINT,37,0.38562804,Pre-B large
ZWINT,38,0.14358972,Pre-B large
ZWINT,39,1.3574309,Pre-B large
FAM111B,0,-1.9155601,Pre-B large
FAM111B,1,-2.1231978,Pre-B large
FAM111B,2,-1.945887,Pre-B large
FAM111B,3,-0.8665021,Pre-B large
FAM111B,4,-0.5128851,Pre-B large
FAM111B,5,-0.52002716,Pre-B large
FAM111B,6,-0.36378914,Pre-B large
FAM111B,7,1.1583985,Pre-B large
FAM111B,8,-0.5542043,Pre-B large
FAM111B,9,-0.66484267,Pre-B large
FAM111B,10,-0.3429072,Pre-B large
FAM111B,11,-0.71885085,Pre-B large
FAM111B,12,-0.47093472,Pre-B large
FAM111B,13,-0.40243497,Pre-B large
FAM111B,14,0.9620748,Pre-B large
FAM111B,15,-0.5783325,Pre-B large
FAM111B,16,-0.97039914,Pre-B large
FAM111B,17,-0.2709886,Pre-B large
FAM111B,18,0.103570946,Pre-B large
FAM111B,19,-0.23415245,Pre-B large
FAM111B,20,1.3906639,Pre-B large
FAM111B,21,0.2800295,Pre-B large
FAM111B,22,0.20467135,Pre-B large
FAM111B,23,-0.44808996,Pre-B large
FAM111B,24,1.6991047,Pre-B large
FAM111B,25,1.0013113,Pre-B large
FAM111B,26,1.9240513,Pre-B large
FAM111B,27,0.057955656,Pre-B large
FAM111B,28,-0.46552578,Pre-B large
FAM111B,29,-1.0288402,Pre-B large
FAM111B,30,1.0332316,Pre-B large
FAM111B,31,0.07929148,Pre-B large
FAM111B,32,0.51703966,Pre-B large
FAM111B,33,0.12730268,Pre-B large
FAM111B,34,1.9291587,Pre-B large
FAM111B,35,0.8572225,Pre-B large
FAM111B,36,1.02507,Pre-B large
FAM111B,37,1.1451341,Pre-B large
FAM111B,38,-1.013825,Pre-B large
FAM111B,39,0.9169027,Pre-B large
SOX4,0,-0.7647207,Pre-B large
SOX4,1,-1.244891,Pre-B large
SOX4,2,-1.4917771,Pre-B large
SOX4,3,-1.1293087,Pre-B large
SOX4,4,-0.09719761,Pre-B large
SOX4,5,-1.3310543,Pre-B large
SOX4,6,-0.38978577,Pre-B large
SOX4,7,0.4640095,Pre-B large
SOX4,8,-1.1906404,Pre-B large
SOX4,9,0.6413998,Pre-B large
SOX4,10,-0.31767187,Pre-B large
SOX4,11,-0.2345181,Pre-B large
SOX4,12,-1.8125165,Pre-B large
SOX4,13,-0.3700569,Pre-B large
SOX4,14,-0.41833884,Pre-B large
SOX4,15,-1.1579545,Pre-B large
SOX4,16,-0.08495608,Pre-B large
SOX4,17,1.6516012,Pre-B large
SOX4,18,0.4769149,Pre-B large
SOX4,19,0.24667054,Pre-B large
SOX4,20,-0.13604318,Pre-B large
SOX4,21,-0.64088166,Pre-B large
SOX4,22,0.17527883,Pre-B large
SOX4,23,-0.46774054,Pre-B large
SOX4,24,0.23919109,Pre-B large
SOX4,25,-1.6621088,Pre-B large
SOX4,26,1.1710993,Pre-B large
SOX4,27,-0.0018363766,Pre-B large
SOX4,28,0.9964277,Pre-B large
SOX4,29,0.6609564,Pre-B large
SOX4,30,1.4196885,Pre-B large
SOX4,31,1.7650379,Pre-B large
SOX4,32,0.20476009,Pre-B large
SOX4,33,0.66142213,Pre-B large
SOX4,34,1.7861849,Pre-B large
SOX4,35,0.69202214,Pre-B large
SOX4,36,1.4707912,Pre-B large
SOX4,37,-1.2896591,Pre-B large
SOX4,38,-0.17331669,Pre-B large
SOX4,39,1.6835037,Pre-B large
STMN1,0,-2.477297,Pre-B large
STMN1,1,-2.0476503,Pre-B large
STMN1,2,-0.8109341,Pre-B large
STMN1,3,-1.5112731,Pre-B large
STMN1,4,-0.91826236,Pre-B large
STMN1,5,-0.64085513,Pre-B large
STMN1,6,-0.48861957,Pre-B large
STMN1,7,-0.9976211,Pre-B large
STMN1,8,-0.8445957,Pre-B large
STMN1,9,-0.712666,Pre-B large
STMN1,10,-0.52342856,Pre-B large
STMN1,11,-0.74557537,Pre-B large
STMN1,12,-0.52987075,Pre-B large
STMN1,13,-0.8203167,Pre-B large
STMN1,14,-0.23052497,Pre-B large
STMN1,15,-0.49167648,Pre-B large
STMN1,16,-0.45734087,Pre-B large
STMN1,17,-0.15478328,Pre-B large
STMN1,18,-0.426623,Pre-B large
STMN1,19,-0.30540925,Pre-B large
STMN1,20,-0.08653054,Pre-B large
STMN1,21,-0.8436462,Pre-B large
STMN1,22,0.81574553,Pre-B large
STMN1,23,0.3303239,Pre-B large
STMN1,24,1.0218743,Pre-B large
STMN1,25,0.1664335,Pre-B large
STMN1,26,1.0199192,Pre-B large
STMN1,27,0.56008744,Pre-B large
STMN1,28,0.45431048,Pre-B large
STMN1,29,0.85916376,Pre-B large
STMN1,30,0.61225593,Pre-B large
STMN1,31,1.2149293,Pre-B large
STMN1,32,0.8801866,Pre-B large
STMN1,33,0.6034269,Pre-B large
STMN1,34,1.2223037,Pre-B large
STMN1,35,1.9203308,Pre-B large
STMN1,36,1.0570343,Pre-B large
STMN1,37,1.294202,Pre-B large
STMN1,38,1.4657588,Pre-B large
STMN1,39,1.5672327,Pre-B large
PIMREG,0,-1.0209147,Pre-B large
PIMREG,1,-0.9136259,Pre-B large
PIMREG,2,-1.0209147,Pre-B large
PIMREG,3,-0.6457476,Pre-B large
PIMREG,4,-0.40249208,Pre-B large
PIMREG,5,-1.0209147,Pre-B large
PIMREG,6,-0.8048499,Pre-B large
PIMREG,7,-1.0209147,Pre-B large
PIMREG,8,-0.7036832,Pre-B large
PIMREG,9,-0.729816,Pre-B large
PIMREG,10,-1.0209147,Pre-B large
PIMREG,11,-0.9213853,Pre-B large
PIMREG,12,0.17863126,Pre-B large
PIMREG,13,-0.44541657,Pre-B large
PIMREG,14,-0.65703744,Pre-B large
PIMREG,15,-0.38439354,Pre-B large
PIMREG,16,-0.35323492,Pre-B large
PIMREG,17,0.4303829,Pre-B large
PIMREG,18,-0.4613343,Pre-B large
PIMREG,19,0.02285855,Pre-B large
PIMREG,20,-0.8467223,Pre-B large
PIMREG,21,-0.4372288,Pre-B large
PIMREG,22,-0.6951645,Pre-B large
PIMREG,23,0.79119784,Pre-B large
PIMREG,24,-0.5344635,Pre-B large
PIMREG,25,0.29674476,Pre-B large
PIMREG,26,0.14045127,Pre-B large
PIMREG,27,1.3918425,Pre-B large
PIMREG,28,-0.6853108,Pre-B large
PIMREG,29,0.72122324,Pre-B large
PIMREG,30,-0.3083584,Pre-B large
PIMREG,31,1.4211364,Pre-B large
PIMREG,32,-0.25209346,Pre-B large
PIMREG,33,0.67863256,Pre-B large
PIMREG,34,0.5678897,Pre-B large
PIMREG,35,2.4776607,Pre-B large
PIMREG,36,0.6949496,Pre-B large
PIMREG,37,2.6040385,Pre-B large
PIMREG,38,2.3406491,Pre-B large
PIMREG,39,1.5286468,Pre-B large
NUSAP1,0,-1.6328236,Pre-B large
NUSAP1,1,-1.2625241,Pre-B large
NUSAP1,2,-1.2005724,Pre-B large
NUSAP1,3,-1.0919203,Pre-B large
NUSAP1,4,-0.9798963,Pre-B large
NUSAP1,5,-1.5138448,Pre-B large
NUSAP1,6,-1.0549538,Pre-B large
NUSAP1,7,-1.0581793,Pre-B large
NUSAP1,8,-0.3088205,Pre-B large
NUSAP1,9,-0.977487,Pre-B large
NUSAP1,10,-0.39521703,Pre-B large
NUSAP1,11,-1.1939021,Pre-B large
NUSAP1,12,0.17597772,Pre-B large
NUSAP1,13,-0.27589458,Pre-B large
NUSAP1,14,-0.5900134,Pre-B large
NUSAP1,15,-0.26018524,Pre-B large
NUSAP1,16,-0.6165857,Pre-B large
NUSAP1,17,-1.1390325,Pre-B large
NUSAP1,18,0.10563846,Pre-B large
NUSAP1,19,-0.52984333,Pre-B large
NUSAP1,20,-0.35139066,Pre-B large
NUSAP1,21,-0.032385677,Pre-B large
NUSAP1,22,-0.015052268,Pre-B large
NUSAP1,23,0.21165729,Pre-B large
NUSAP1,24,0.7525268,Pre-B large
NUSAP1,25,-0.3168839,Pre-B large
NUSAP1,26,0.6068479,Pre-B large
NUSAP1,27,0.65116036,Pre-B large
NUSAP1,28,-0.031206405,Pre-B large
NUSAP1,29,1.2327669,Pre-B large
NUSAP1,30,0.9284937,Pre-B large
NUSAP1,31,0.33812693,Pre-B large
NUSAP1,32,0.93588907,Pre-B large
NUSAP1,33,1.0292877,Pre-B large
NUSAP1,34,1.3158861,Pre-B large
NUSAP1,35,1.5468099,Pre-B large
NUSAP1,36,1.6162755,Pre-B large
NUSAP1,37,1.6383342,Pre-B large
NUSAP1,38,1.9436711,Pre-B large
NUSAP1,39,1.7992651,Pre-B large
TUBB,0,-1.824563,Pre-B large
TUBB,1,-1.148669,Pre-B large
TUBB,2,-2.13822,Pre-B large
TUBB,3,-0.8949935,Pre-B large
TUBB,4,-0.629731,Pre-B large
TUBB,5,-1.5265486,Pre-B large
TUBB,6,-0.84444493,Pre-B large
TUBB,7,-1.1530092,Pre-B large
TUBB,8,-0.7557222,Pre-B large
TUBB,9,-0.75897706,Pre-B large
TUBB,10,-1.1182511,Pre-B large
TUBB,11,-0.87045014,Pre-B large
TUBB,12,-0.26896566,Pre-B large
TUBB,13,-0.16246597,Pre-B large
TUBB,14,-0.77774256,Pre-B large
TUBB,15,-0.09520249,Pre-B large
TUBB,16,-0.14575595,Pre-B large
TUBB,17,-0.6199852,Pre-B large
TUBB,18,-0.48508883,Pre-B large
TUBB,19,-0.20818153,Pre-B large
TUBB,20,-0.23794116,Pre-B large
TUBB,21,-0.5406014,Pre-B large
TUBB,22,0.3612614,Pre-B large
TUBB,23,0.48955902,Pre-B large
TUBB,24,0.53799057,Pre-B large
TUBB,25,0.29560015,Pre-B large
TUBB,26,0.70744216,Pre-B large
TUBB,27,0.42271984,Pre-B large
TUBB,28,0.47585872,Pre-B large
TUBB,29,1.0228018,Pre-B large
TUBB,30,0.8777972,Pre-B large
TUBB,31,0.7594624,Pre-B large
TUBB,32,1.2617465,Pre-B large
TUBB,33,1.1590463,Pre-B large
TUBB,34,1.1552945,Pre-B large
TUBB,35,1.4694155,Pre-B large
TUBB,36,1.3045808,Pre-B large
TUBB,37,1.5845392,Pre-B large
TUBB,38,1.8919272,Pre-B large
TUBB,39,1.4284778,Pre-B large
TUBA1B,0,-2.5607626,Pre-B large
TUBA1B,1,-1.4866627,Pre-B large
TUBA1B,2,-1.2569687,Pre-B large
TUBA1B,3,-1.3221045,Pre-B large
TUBA1B,4,-1.3386555,Pre-B large
TUBA1B,5,-1.1225991,Pre-B large
TUBA1B,6,-0.7365569,Pre-B large
TUBA1B,7,-0.8348979,Pre-B large
TUBA1B,8,-0.4652202,Pre-B large
TUBA1B,9,-0.52375233,Pre-B large
TUBA1B,10,-0.47938856,Pre-B large
TUBA1B,11,-1.1348075,Pre-B large
TUBA1B,12,-0.00042833702,Pre-B large
TUBA1B,13,-0.09355867,Pre-B large
TUBA1B,14,-1.1863756,Pre-B large
TUBA1B,15,-0.2251303,Pre-B large
TUBA1B,16,-0.2686052,Pre-B large
TUBA1B,17,-0.5462003,Pre-B large
TUBA1B,18,-0.32473242,Pre-B large
TUBA1B,19,0.192166,Pre-B large
TUBA1B,20,-0.42524987,Pre-B large
TUBA1B,21,-0.45152795,Pre-B large
TUBA1B,22,0.44299185,Pre-B large
TUBA1B,23,0.44211546,Pre-B large
TUBA1B,24,0.49864763,Pre-B large
TUBA1B,25,0.42045665,Pre-B large
TUBA1B,26,0.91287285,Pre-B large
TUBA1B,27,0.4008466,Pre-B large
TUBA1B,28,0.20536657,Pre-B large
TUBA1B,29,0.86419404,Pre-B large
TUBA1B,30,0.82758033,Pre-B large
TUBA1B,31,0.44382465,Pre-B large
TUBA1B,32,1.1378126,Pre-B large
TUBA1B,33,1.2710457,Pre-B large
TUBA1B,34,1.3702267,Pre-B large
TUBA1B,35,1.3974721,Pre-B large
TUBA1B,36,1.233187,Pre-B large
TUBA1B,37,1.4964163,Pre-B large
TUBA1B,38,1.7722436,Pre-B large
TUBA1B,39,1.4547291,Pre-B large
MKI67,0,-1.9354604,Pre-B large
MKI67,1,-1.2392365,Pre-B large
MKI67,2,-1.3547649,Pre-B large
MKI67,3,-1.2338601,Pre-B large
MKI67,4,-0.5625845,Pre-B large
MKI67,5,-1.441862,Pre-B large
MKI67,6,-0.86002684,Pre-B large
MKI67,7,-0.9875154,Pre-B large
MKI67,8,-0.30660346,Pre-B large
MKI67,9,-1.2669138,Pre-B large
MKI67,10,-0.6407839,Pre-B large
MKI67,11,-0.8057869,Pre-B large
MKI67,12,-0.36933234,Pre-B large
MKI67,13,-0.41169238,Pre-B large
MKI67,14,-0.5470794,Pre-B large
MKI67,15,-0.4107878,Pre-B large
MKI67,16,-0.35372764,Pre-B large
MKI67,17,-1.0567003,Pre-B large
MKI67,18,1.1845179,Pre-B large
MKI67,19,0.32919717,Pre-B large
MKI67,20,-0.22104895,Pre-B large
MKI67,21,-0.49378803,Pre-B large
MKI67,22,0.39448756,Pre-B large
MKI67,23,0.18037505,Pre-B large
MKI67,24,0.34427148,Pre-B large
MKI67,25,-0.28001142,Pre-B large
MKI67,26,0.7093164,Pre-B large
MKI67,27,0.7248728,Pre-B large
MKI67,28,-0.35885072,Pre-B large
MKI67,29,0.37145817,Pre-B large
MKI67,30,1.8069576,Pre-B large
MKI67,31,1.0762908,Pre-B large
MKI67,32,0.49706537,Pre-B large
MKI67,33,1.5479039,Pre-B large
MKI67,34,0.40578753,Pre-B large
MKI67,35,1.2547703,Pre-B large
MKI67,36,1.4448612,Pre-B large
MKI67,37,1.4921107,Pre-B large
MKI67,38,1.3881255,Pre-B large
MKI67,39,1.9860457,Pre-B large
TOP2A,0,-1.5400995,Pre-B large
TOP2A,1,-1.2278078,Pre-B large
TOP2A,2,-1.3248818,Pre-B large
TOP2A,3,-1.4115895,Pre-B large
TOP2A,4,-1.2662127,Pre-B large
TOP2A,5,-1.314638,Pre-B large
TOP2A,6,-0.878861,Pre-B large
TOP2A,7,-0.8972341,Pre-B large
TOP2A,8,-0.58403766,Pre-B large
TOP2A,9,-0.98359334,Pre-B large
TOP2A,10,-0.40862915,Pre-B large
TOP2A,11,-0.8394309,Pre-B large
TOP2A,12,-0.43566474,Pre-B large
TOP2A,13,-0.09746912,Pre-B large
TOP2A,14,-0.71188277,Pre-B large
TOP2A,15,-0.016747355,Pre-B large
TOP2A,16,-0.7552671,Pre-B large
TOP2A,17,-0.8491175,Pre-B large
TOP2A,18,0.35913065,Pre-B large
TOP2A,19,0.22426246,Pre-B large
TOP2A,20,-0.1216518,Pre-B large
TOP2A,21,-0.59566015,Pre-B large
TOP2A,22,-0.35191008,Pre-B large
TOP2A,23,0.3109408,Pre-B large
TOP2A,24,0.30773926,Pre-B large
TOP2A,25,-0.049858484,Pre-B large
TOP2A,26,0.22634919,Pre-B large
TOP2A,27,0.09943927,Pre-B large
TOP2A,28,0.87691545,Pre-B large
TOP2A,29,1.4409662,Pre-B large
TOP2A,30,0.5290947,Pre-B large
TOP2A,31,0.90749246,Pre-B large
TOP2A,32,1.0548667,Pre-B large
TOP2A,33,0.493579,Pre-B large
TOP2A,34,1.1180385,Pre-B large
TOP2A,35,1.2734419,Pre-B large
TOP2A,36,1.8101844,Pre-B large
TOP2A,37,1.5197934,Pre-B large
TOP2A,38,1.7825005,Pre-B large
TOP2A,39,2.3275068,Pre-B large
UBE2C,0,-1.6281745,Pre-B large
UBE2C,1,-0.8879846,Pre-B large
UBE2C,2,-1.1728313,Pre-B large
UBE2C,3,-1.0854025,Pre-B large
UBE2C,4,-0.42269278,Pre-B large
UBE2C,5,-1.4642086,Pre-B large
UBE2C,6,-0.94452417,Pre-B large
UBE2C,7,-1.171037,Pre-B large
UBE2C,8,-0.3706754,Pre-B large
UBE2C,9,-0.885699,Pre-B large
UBE2C,10,-0.90303105,Pre-B large
UBE2C,11,-1.0784262,Pre-B large
UBE2C,12,-0.3084195,Pre-B large
UBE2C,13,-0.5086431,Pre-B large
UBE2C,14,-0.5311129,Pre-B large
UBE2C,15,-0.373729,Pre-B large
UBE2C,16,-0.29049534,Pre-B large
UBE2C,17,-0.91985404,Pre-B large
UBE2C,18,0.013424719,Pre-B large
UBE2C,19,0.20096946,Pre-B large
UBE2C,20,-0.2740081,Pre-B large
UBE2C,21,-0.7672962,Pre-B large
UBE2C,22,-0.47012556,Pre-B large
UBE2C,23,-0.22605342,Pre-B large
UBE2C,24,0.112477556,Pre-B large
UBE2C,25,0.1331424,Pre-B large
UBE2C,26,0.30595523,Pre-B large
UBE2C,27,0.67645836,Pre-B large
UBE2C,28,0.53149796,Pre-B large
UBE2C,29,0.85939825,Pre-B large
UBE2C,30,1.4268979,Pre-B large
UBE2C,31,0.7658379,Pre-B large
UBE2C,32,0.7846672,Pre-B large
UBE2C,33,0.8979747,Pre-B large
UBE2C,34,1.1074477,Pre-B large
UBE2C,35,1.338417,Pre-B large
UBE2C,36,1.2408677,Pre-B large
UBE2C,37,1.5930908,Pre-B large
UBE2C,38,2.1616635,Pre-B large
UBE2C,39,2.5342438,Pre-B large
CD24,0,-2.200013,Pre-B large
CD24,1,-1.5720036,Pre-B large
CD24,2,-0.8113535,Pre-B large
CD24,3,-1.3623588,Pre-B large
CD24,4,-0.96401286,Pre-B large
CD24,5,0.06258644,Pre-B large
CD24,6,-1.739562,Pre-B large
CD24,7,-1.234789,Pre-B large
CD24,8,0.8041811,Pre-B large
CD24,9,1.124404,Pre-B large
CD24,10,1.0939554,Pre-B large
CD24,11,-0.16788971,Pre-B large
CD24,12,0.3635574,Pre-B large
CD24,13,-0.15214984,Pre-B large
CD24,14,0.78622925,Pre-B large
CD24,15,-0.2861025,Pre-B large
CD24,16,-0.040415898,Pre-B large
CD24,17,0.9811566,Pre-B large
CD24,18,0.7974205,Pre-B large
CD24,19,-1.1689203,Pre-B large
CD24,20,-0.7949976,Pre-B large
CD24,21,-0.5135236,Pre-B large
CD24,22,-0.6448498,Pre-B large
CD24,23,0.9094557,Pre-B large
CD24,24,-0.5402316,Pre-B large
CD24,25,0.6924748,Pre-B large
CD24,26,-0.096955486,Pre-B large
CD24,27,0.42856777,Pre-B large
CD24,28,0.2886956,Pre-B large
CD24,29,-0.5736615,Pre-B large
CD24,30,-0.51807857,Pre-B large
CD24,31,0.60273176,Pre-B large
CD24,32,-0.78812313,Pre-B large
CD24,33,-0.48550263,Pre-B large
CD24,34,1.5949306,Pre-B large
CD24,35,-0.042845216,Pre-B large
CD24,36,1.1289822,Pre-B large
CD24,37,1.1906706,Pre-B large
CD24,38,1.7171711,Pre-B large
CD24,39,2.131176,Pre-B large
SMC4,0,-1.8365744,Pre-B large
SMC4,1,-2.204681,Pre-B large
SMC4,2,-1.4024731,Pre-B large
SMC4,3,-1.4847175,Pre-B large
SMC4,4,-0.62925905,Pre-B large
SMC4,5,-1.0855389,Pre-B large
SMC4,6,0.017785864,Pre-B large
SMC4,7,-1.0114968,Pre-B large
SMC4,8,-0.8107457,Pre-B large
SMC4,9,-0.3691406,Pre-B large
SMC4,10,-0.08219671,Pre-B large
SMC4,11,-0.86601007,Pre-B large
SMC4,12,-0.4263481,Pre-B large
SMC4,13,-0.4819462,Pre-B large
SMC4,14,-0.48092255,Pre-B large
SMC4,15,-0.17387371,Pre-B large
SMC4,16,0.26872805,Pre-B large
SMC4,17,-1.3857502,Pre-B large
SMC4,18,-0.38430446,Pre-B large
SMC4,19,-0.09323012,Pre-B large
SMC4,20,0.16017972,Pre-B large
SMC4,21,0.58523595,Pre-B large
SMC4,22,-0.18813217,Pre-B large
SMC4,23,0.4788653,Pre-B large
SMC4,24,-0.19284447,Pre-B large
SMC4,25,0.46527165,Pre-B large
SMC4,26,0.11225132,Pre-B large
SMC4,27,0.5694194,Pre-B large
SMC4,28,1.4617747,Pre-B large
SMC4,29,1.4470958,Pre-B large
SMC4,30,1.3619008,Pre-B large
SMC4,31,0.83416474,Pre-B large
SMC4,32,0.74161845,Pre-B large
SMC4,33,-0.1445043,Pre-B large
SMC4,34,1.1176226,Pre-B large
SMC4,35,-0.13701233,Pre-B large
SMC4,36,1.535315,Pre-B large
SMC4,37,0.8696615,Pre-B large
SMC4,38,1.5521599,Pre-B large
SMC4,39,2.2926416,Pre-B large
CENPF,0,-1.775426,Pre-B large
CENPF,1,-1.1538267,Pre-B large
CENPF,2,-0.574781,Pre-B large
CENPF,3,-0.9653756,Pre-B large
CENPF,4,-1.0404757,Pre-B large
CENPF,5,-1.1371121,Pre-B large
CENPF,6,0.20689361,Pre-B large
CENPF,7,-1.1116467,Pre-B large
CENPF,8,-0.66394573,Pre-B large
CENPF,9,0.05131333,Pre-B large
CENPF,10,0.3549984,Pre-B large
CENPF,11,-1.2710346,Pre-B large
CENPF,12,-0.49406582,Pre-B large
CENPF,13,-0.11105918,Pre-B large
CENPF,14,-0.45592546,Pre-B large
CENPF,15,-0.6166441,Pre-B large
CENPF,16,-1.1745205,Pre-B large
CENPF,17,-0.2658159,Pre-B large
CENPF,18,-0.92315876,Pre-B large
CENPF,19,-0.43923303,Pre-B large
CENPF,20,-0.9993133,Pre-B large
CENPF,21,-0.58732074,Pre-B large
CENPF,22,0.5545248,Pre-B large
CENPF,23,0.5394771,Pre-B large
CENPF,24,1.0187737,Pre-B large
CENPF,25,-0.5703341,Pre-B large
CENPF,26,0.06924861,Pre-B large
CENPF,27,0.6686064,Pre-B large
CENPF,28,0.2894977,Pre-B large
CENPF,29,1.1235061,Pre-B large
CENPF,30,0.36858732,Pre-B large
CENPF,31,-0.08843341,Pre-B large
CENPF,32,0.31151834,Pre-B large
CENPF,33,0.4873616,Pre-B large
CENPF,34,0.79712987,Pre-B large
CENPF,35,1.5380479,Pre-B large
CENPF,36,1.8822197,Pre-B large
CENPF,37,2.159666,Pre-B large
CENPF,38,1.6159487,Pre-B large
CENPF,39,2.3821292,Pre-B large
BIRC5,0,-2.1132934,Pre-B large
BIRC5,1,-1.3190082,Pre-B large
BIRC5,2,-0.9037358,Pre-B large
BIRC5,3,-0.5803561,Pre-B large
BIRC5,4,-1.7997766,Pre-B large
BIRC5,5,-1.3695579,Pre-B large
BIRC5,6,-0.7214352,Pre-B large
BIRC5,7,-0.44820148,Pre-B large
BIRC5,8,-0.55707777,Pre-B large
BIRC5,9,-0.21206829,Pre-B large
BIRC5,10,-0.09624825,Pre-B large
BIRC5,11,-0.7950198,Pre-B large
BIRC5,12,-0.4608454,Pre-B large
BIRC5,13,-0.5818181,Pre-B large
BIRC5,14,-0.46052173,Pre-B large
BIRC5,15,-0.5807169,Pre-B large
BIRC5,16,-0.39919397,Pre-B large
BIRC5,17,0.11455191,Pre-B large
BIRC5,18,0.32112923,Pre-B large
BIRC5,19,0.040191486,Pre-B large
BIRC5,20,-0.8020361,Pre-B large
BIRC5,21,-0.22299089,Pre-B large
BIRC5,22,-0.09882741,Pre-B large
BIRC5,23,0.17144577,Pre-B large
BIRC5,24,-0.044135697,Pre-B large
BIRC5,25,0.039509203,Pre-B large
BIRC5,26,0.529836,Pre-B large
BIRC5,27,-0.08544898,Pre-B large
BIRC5,28,0.5676007,Pre-B large
BIRC5,29,1.0833017,Pre-B large
BIRC5,30,1.1863252,Pre-B large
BIRC5,31,-0.19181058,Pre-B large
BIRC5,32,0.44603506,Pre-B large
BIRC5,33,0.08423415,Pre-B large
BIRC5,34,1.3652897,Pre-B large
BIRC5,35,1.8941395,Pre-B large
BIRC5,36,0.6791953,Pre-B large
BIRC5,37,1.578457,Pre-B large
BIRC5,38,1.8197784,Pre-B large
BIRC5,39,2.9231083,Pre-B large
PCLAF,0,1.0567026,Erythroid late
PCLAF,1,0.49282068,Erythroid late
PCLAF,2,2.0105743,Erythroid late
PCLAF,3,0.7175004,Erythroid late
PCLAF,4,0.41440895,Erythroid late
PCLAF,5,1.6441739,Erythroid late
PCLAF,6,0.38177314,Erythroid late
PCLAF,7,0.22175744,Erythroid late
PCLAF,8,0.5716224,Erythroid late
PCLAF,9,1.8071293,Erythroid late
PCLAF,10,0.43485624,Erythroid late
PCLAF,11,0.714916,Erythroid late
PCLAF,12,1.1485865,Erythroid late
PCLAF,13,0.087834544,Erythroid late
PCLAF,14,0.22229019,Erythroid late
PCLAF,15,0.14037973,Erythroid late
PCLAF,16,0.6809561,Erythroid late
PCLAF,17,0.8120192,Erythroid late
PCLAF,18,0.20620951,Erythroid late
PCLAF,19,-0.45691952,Erythroid late
PCLAF,20,0.47766098,Erythroid late
PCLAF,21,-0.785368,Erythroid late
PCLAF,22,-1.8096876,Erythroid late
PCLAF,23,-0.37565467,Erythroid late
PCLAF,24,-1.3358512,Erythroid late
PCLAF,25,-0.32375512,Erythroid late
PCLAF,26,-1.7739834,Erythroid late
PCLAF,27,0.5939872,Erythroid late
PCLAF,28,1.0676439,Erythroid late
PCLAF,29,0.29718712,Erythroid late
PCLAF,30,-1.8137267,Erythroid late
PCLAF,31,-1.1291262,Erythroid late
PCLAF,32,-0.13022016,Erythroid late
PCLAF,33,-0.37875775,Erythroid late
PCLAF,34,-0.2526224,Erythroid late
PCLAF,35,-0.24930742,Erythroid late
PCLAF,36,-1.7639804,Erythroid late
PCLAF,37,-1.6092515,Erythroid late
PCLAF,38,-1.5023171,Erythroid late
PCLAF,39,-0.51245934,Erythroid late
APOC1,0,1.6260349,Erythroid late
APOC1,1,1.2004184,Erythroid late
APOC1,2,1.3236715,Erythroid late
APOC1,3,1.5716258,Erythroid late
APOC1,4,2.2548885,Erythroid late
APOC1,5,0.50775856,Erythroid late
APOC1,6,0.40144747,Erythroid late
APOC1,7,0.91468376,Erythroid late
APOC1,8,1.0729529,Erythroid late
APOC1,9,0.56916463,Erythroid late
APOC1,10,0.6587938,Erythroid late
APOC1,11,1.2159796,Erythroid late
APOC1,12,0.8569505,Erythroid late
APOC1,13,-0.41664785,Erythroid late
APOC1,14,0.06300912,Erythroid late
APOC1,15,0.32683885,Erythroid late
APOC1,16,0.3018099,Erythroid late
APOC1,17,-0.04799833,Erythroid late
APOC1,18,0.04901147,Erythroid late
APOC1,19,0.61568594,Erythroid late
APOC1,20,-0.8905426,Erythroid late
APOC1,21,0.2519122,Erythroid late
APOC1,22,-1.5917666,Erythroid late
APOC1,23,-0.7419475,Erythroid late
APOC1,24,-0.790044,Erythroid late
APOC1,25,0.5218379,Erythroid late
APOC1,26,-0.6305175,Erythroid late
APOC1,27,0.39389452,Erythroid late
APOC1,28,-0.5404232,Erythroid late
APOC1,29,0.19832268,Erythroid late
APOC1,30,-0.938552,Erythroid late
APOC1,31,-1.4985378,Erythroid late
APOC1,32,-0.4475728,Erythroid late
APOC1,33,-0.978629,Erythroid late
APOC1,34,-2.0105274,Erythroid late
APOC1,35,-0.9892371,Erythroid late
APOC1,36,-1.0889379,Erythroid late
APOC1,37,-0.44574264,Erythroid late
APOC1,38,-1.3962709,Erythroid late
APOC1,39,-1.4528059,Erythroid late
SYNGR1,0,-1.5103201,Erythroid late
SYNGR1,1,-0.7521641,Erythroid late
SYNGR1,2,1.0044992,Erythroid late
SYNGR1,3,0.6605878,Erythroid late
SYNGR1,4,0.19378044,Erythroid late
SYNGR1,5,1.6313767,Erythroid late
SYNGR1,6,0.43290806,Erythroid late
SYNGR1,7,0.028425202,Erythroid late
SYNGR1,8,0.7869794,Erythroid late
SYNGR1,9,0.104533345,Erythroid late
SYNGR1,10,-0.019584704,Erythroid late
SYNGR1,11,1.4347516,Erythroid late
SYNGR1,12,0.7055326,Erythroid late
SYNGR1,13,-0.00037162966,Erythroid late
SYNGR1,14,1.3587337,Erythroid late
SYNGR1,15,0.4663169,Erythroid late
SYNGR1,16,1.4895039,Erythroid late
SYNGR1,17,0.92111593,Erythroid late
SYNGR1,18,0.98375666,Erythroid late
SYNGR1,19,-0.37721005,Erythroid late
SYNGR1,20,0.10651597,Erythroid late
SYNGR1,21,0.8137153,Erythroid late
SYNGR1,22,-0.56135225,Erythroid late
SYNGR1,23,0.69175553,Erythroid late
SYNGR1,24,-0.24569425,Erythroid late
SYNGR1,25,0.38238427,Erythroid late
SYNGR1,26,-1.7093194,Erythroid late
SYNGR1,27,0.24413002,Erythroid late
SYNGR1,28,0.45790103,Erythroid late
SYNGR1,29,-1.8703614,Erythroid late
SYNGR1,30,-2.446139,Erythroid late
SYNGR1,31,-0.37136492,Erythroid late
SYNGR1,32,-0.34402364,Erythroid late
SYNGR1,33,-1.2470728,Erythroid late
SYNGR1,34,0.985424,Erythroid late
SYNGR1,35,-0.90990126,Erythroid late
SYNGR1,36,-1.3412291,Erythroid late
SYNGR1,37,-0.20802327,Erythroid late
SYNGR1,38,-1.8941787,Erythroid late
SYNGR1,39,-0.076327905,Erythroid late
EPCAM,0,-0.18804477,Erythroid late
EPCAM,1,0.84275633,Erythroid late
EPCAM,2,-0.19530448,Erythroid late
EPCAM,3,0.8158323,Erythroid late
EPCAM,4,1.6653947,Erythroid late
EPCAM,5,0.015789261,Erythroid late
EPCAM,6,2.7871091,Erythroid late
EPCAM,7,0.36628056,Erythroid late
EPCAM,8,0.93864113,Erythroid late
EPCAM,9,1.2753364,Erythroid late
EPCAM,10,1.9390321,Erythroid late
EPCAM,11,1.3921026,Erythroid late
EPCAM,12,0.5384442,Erythroid late
EPCAM,13,1.0689192,Erythroid late
EPCAM,14,0.43683094,Erythroid late
EPCAM,15,-0.8105446,Erythroid late
EPCAM,16,0.67546725,Erythroid late
EPCAM,17,0.941452,Erythroid late
EPCAM,18,-0.3824839,Erythroid late
EPCAM,19,-1.1274709,Erythroid late
EPCAM,20,0.48223767,Erythroid late
EPCAM,21,-1.2290524,Erythroid late
EPCAM,22,-0.80941135,Erythroid late
EPCAM,23,-0.27195165,Erythroid late
EPCAM,24,-1.6898807,Erythroid late
EPCAM,25,-1.0791388,Erythroid late
EPCAM,26,-0.99295455,Erythroid late
EPCAM,27,-0.90892094,Erythroid late
EPCAM,28,-0.63744164,Erythroid late
EPCAM,29,-1.6898807,Erythroid late
EPCAM,30,-0.16767985,Erythroid late
EPCAM,31,-0.37234387,Erythroid late
EPCAM,32,-0.8157492,Erythroid late
EPCAM,33,0.15802358,Erythroid late
EPCAM,34,-0.716994,Erythroid late
EPCAM,35,-0.1338783,Erythroid late
EPCAM,36,-0.7020036,Erythroid late
EPCAM,37,0.10994499,Erythroid late
EPCAM,38,-0.77588034,Erythroid late
EPCAM,39,-0.75258034,Erythroid late
FECH,0,-0.10428934,Erythroid late
FECH,1,-0.059265714,Erythroid late
FECH,2,-0.4549186,Erythroid late
FECH,3,0.24971521,Erythroid late
FECH,4,-0.40046766,Erythroid late
FECH,5,1.0631781,Erythroid late
FECH,6,0.5458334,Erythroid late
FECH,7,1.8752679,Erythroid late
FECH,8,1.4056838,Erythroid late
FECH,9,-0.67258805,Erythroid late
FECH,10,1.315883,Erythroid late
FECH,11,0.5638513,Erythroid late
FECH,12,0.6765236,Erythroid late
FECH,13,1.4576052,Erythroid late
FECH,14,-0.08419489,Erythroid late
FECH,15,0.07169686,Erythroid late
FECH,16,0.98758376,Erythroid late
FECH,17,-0.5561694,Erythroid late
FECH,18,-0.44146693,Erythroid late
FECH,19,-1.8039399,Erythroid late
FECH,20,-1.17052,Erythroid late
FECH,21,1.4668727,Erythroid late
FECH,22,1.2855572,Erythroid late
FECH,23,-0.53257215,Erythroid late
FECH,24,-1.0409105,Erythroid late
FECH,25,1.5130757,Erythroid late
FECH,26,0.76629615,Erythroid late
FECH,27,0.44895226,Erythroid late
FECH,28,-1.4256141,Erythroid late
FECH,29,0.48622435,Erythroid late
FECH,30,0.40343192,Erythroid late
FECH,31,-0.5145641,Erythroid late
FECH,32,-1.4723293,Erythroid late
FECH,33,-0.7893872,Erythroid late
FECH,34,-1.5966341,Erythroid late
FECH,35,0.5943244,Erythroid late
FECH,36,-0.60777456,Erythroid late
FECH,37,-0.599002,Erythroid late
FECH,38,-1.384525,Erythroid late
FECH,39,-1.4664216,Erythroid late
TUBB,0,1.5260333,Erythroid late
TUBB,1,0.24401936,Erythroid late
TUBB,2,1.2222583,Erythroid late
TUBB,3,0.36527237,Erythroid late
TUBB,4,-0.249525,Erythroid late
TUBB,5,-0.010795736,Erythroid late
TUBB,6,-0.47922683,Erythroid late
TUBB,7,1.2931076,Erythroid late
TUBB,8,1.9420943,Erythroid late
TUBB,9,0.213295,Erythroid late
TUBB,10,-0.90233266,Erythroid late
TUBB,11,1.1091158,Erythroid late
TUBB,12,0.26939115,Erythroid late
TUBB,13,1.5734338,Erythroid late
TUBB,14,-0.8008089,Erythroid late
TUBB,15,0.7433663,Erythroid late
TUBB,16,0.37262055,Erythroid late
TUBB,17,0.7396945,Erythroid late
TUBB,18,-0.5822484,Erythroid late
TUBB,19,-0.3466221,Erythroid late
TUBB,20,0.050360646,Erythroid late
TUBB,21,0.4218257,Erythroid late
TUBB,22,0.38968524,Erythroid late
TUBB,23,-0.5352144,Erythroid late
TUBB,24,-2.8506894,Erythroid late
TUBB,25,-0.07445612,Erythroid late
TUBB,26,-0.016174404,Erythroid late
TUBB,27,-1.9243605,Erythroid late
TUBB,28,-0.24036907,Erythroid late
TUBB,29,1.0300499,Erythroid late
TUBB,30,-1.8363768,Erythroid late
TUBB,31,0.45702407,Erythroid late
TUBB,32,-0.6763577,Erythroid late
TUBB,33,-1.014835,Erythroid late
TUBB,34,0.95743334,Erythroid late
TUBB,35,-0.32971254,Erythroid late
TUBB,36,-0.79342127,Erythroid late
TUBB,37,0.17357497,Erythroid late
TUBB,38,-1.695412,Erythroid late
TUBB,39,0.26528624,Erythroid late
HMBS,0,-2.128744,Erythroid late
HMBS,1,-0.015724309,Erythroid late
HMBS,2,-1.6267936,Erythroid late
HMBS,3,-1.2586161,Erythroid late
HMBS,4,-0.1101271,Erythroid late
HMBS,5,-0.64813066,Erythroid late
HMBS,6,0.82851046,Erythroid late
HMBS,7,0.9042991,Erythroid late
HMBS,8,-0.2699791,Erythroid late
HMBS,9,2.0018272,Erythroid late
HMBS,10,0.63249105,Erythroid late
HMBS,11,1.1600457,Erythroid late
HMBS,12,0.6064437,Erythroid late
HMBS,13,-0.36171168,Erythroid late
HMBS,14,-0.13857691,Erythroid late
HMBS,15,-0.87376213,Erythroid late
HMBS,16,-0.3124924,Erythroid late
HMBS,17,-0.24057889,Erythroid late
HMBS,18,-0.21000986,Erythroid late
HMBS,19,-0.6357559,Erythroid late
HMBS,20,1.0830408,Erythroid late
HMBS,21,-0.50469726,Erythroid late
HMBS,22,-2.0723512,Erythroid late
HMBS,23,-1.0988364,Erythroid late
HMBS,24,0.5997115,Erythroid late
HMBS,25,-1.171801,Erythroid late
HMBS,26,-0.38278365,Erythroid late
HMBS,27,0.4687729,Erythroid late
HMBS,28,0.12930676,Erythroid late
HMBS,29,1.5583609,Erythroid late
HMBS,30,0.41234037,Erythroid late
HMBS,31,0.38163054,Erythroid late
HMBS,32,-0.27459088,Erythroid late
HMBS,33,0.13296671,Erythroid late
HMBS,34,-1.840353,Erythroid late
HMBS,35,1.46016,Erythroid late
HMBS,36,0.5774657,Erythroid late
HMBS,37,0.6598776,Erythroid late
HMBS,38,1.5058268,Erythroid late
HMBS,39,1.0733278,Erythroid late
GATA1,0,0.9227591,Erythroid late
GATA1,1,0.90397865,Erythroid late
GATA1,2,0.6896379,Erythroid late
GATA1,3,2.059221,Erythroid late
GATA1,4,-0.7028289,Erythroid late
GATA1,5,0.6259102,Erythroid late
GATA1,6,1.4109726,Erythroid late
GATA1,7,0.9054209,Erythroid late
GATA1,8,0.9782438,Erythroid late
GATA1,9,0.31660137,Erythroid late
GATA1,10,0.83926374,Erythroid late
GATA1,11,2.0771353,Erythroid late
GATA1,12,-0.70907307,Erythroid late
GATA1,13,0.04142113,Erythroid late
GATA1,14,-0.30435187,Erythroid late
GATA1,15,0.46945372,Erythroid late
GATA1,16,-0.0074530244,Erythroid late
GATA1,17,-0.6661648,Erythroid late
GATA1,18,-0.8615373,Erythroid late
GATA1,19,-1.6057218,Erythroid late
GATA1,20,1.2240825,Erythroid late
GATA1,21,0.51128715,Erythroid late
GATA1,22,0.6898046,Erythroid late
GATA1,23,0.35396376,Erythroid late
GATA1,24,0.41211608,Erythroid late
GATA1,25,0.58986765,Erythroid late
GATA1,26,-1.0371791,Erythroid late
GATA1,27,-0.24354573,Erythroid late
GATA1,28,-0.4904667,Erythroid late
GATA1,29,-1.0158625,Erythroid late
GATA1,30,-1.6057218,Erythroid late
GATA1,31,-0.9678175,Erythroid late
GATA1,32,1.0080183,Erythroid late
GATA1,33,-1.6057218,Erythroid late
GATA1,34,-0.9767015,Erythroid late
GATA1,35,-0.0023789054,Erythroid late
GATA1,36,-0.16167988,Erythroid late
GATA1,37,-0.85350615,Erythroid late
GATA1,38,-1.6057218,Erythroid late
GATA1,39,-1.6057218,Erythroid late
CA2,0,-2.553264,Erythroid late
CA2,1,-0.46536583,Erythroid late
CA2,2,-1.1087209,Erythroid late
CA2,3,-0.827943,Erythroid late
CA2,4,-0.99806327,Erythroid late
CA2,5,-1.1606423,Erythroid late
CA2,6,0.8424188,Erythroid late
CA2,7,-1.3859951,Erythroid late
CA2,8,1.0523448,Erythroid late
CA2,9,-0.7627777,Erythroid late
CA2,10,0.6342611,Erythroid late
CA2,11,0.9399663,Erythroid late
CA2,12,1.8530805,Erythroid late
CA2,13,-0.65304613,Erythroid late
CA2,14,0.6170601,Erythroid late
CA2,15,0.6753764,Erythroid late
CA2,16,1.073725,Erythroid late
CA2,17,-0.20588227,Erythroid late
CA2,18,-0.65261984,Erythroid late
CA2,19,-0.3238491,Erythroid late
CA2,20,1.1483526,Erythroid late
CA2,21,-0.36707714,Erythroid late
CA2,22,0.7515556,Erythroid late
CA2,23,-0.95658815,Erythroid late
CA2,24,1.3138611,Erythroid late
CA2,25,-0.5881075,Erythroid late
CA2,26,-1.2942188,Erythroid late
CA2,27,-0.84528697,Erythroid late
CA2,28,0.7637194,Erythroid late
CA2,29,-0.32929236,Erythroid late
CA2,30,-0.9215936,Erythroid late
CA2,31,1.8415884,Erythroid late
CA2,32,0.7103858,Erythroid late
CA2,33,0.1650913,Erythroid late
CA2,34,-0.9823102,Erythroid late
CA2,35,0.29189643,Erythroid late
CA2,36,0.6294264,Erythroid late
CA2,37,0.61221504,Erythroid late
CA2,38,-0.04839423,Erythroid late
CA2,39,1.5147349,Erythroid late
AKR1C3,0,-1.161163,Erythroid late
AKR1C3,1,1.5538025,Erythroid late
AKR1C3,2,-0.19345121,Erythroid late
AKR1C3,3,-0.554887,Erythroid late
AKR1C3,4,-0.3016211,Erythroid late
AKR1C3,5,0.6004904,Erythroid late
AKR1C3,6,1.3964893,Erythroid late
AKR1C3,7,1.5594311,Erythroid late
AKR1C3,8,1.3923755,Erythroid late
AKR1C3,9,0.7258754,Erythroid late
AKR1C3,10,-0.35408327,Erythroid late
AKR1C3,11,-0.533564,Erythroid late
AKR1C3,12,2.4977055,Erythroid late
AKR1C3,13,1.2434076,Erythroid late
AKR1C3,14,0.32493043,Erythroid late
AKR1C3,15,0.6088406,Erythroid late
AKR1C3,16,1.1353338,Erythroid late
AKR1C3,17,0.5266988,Erythroid late
AKR1C3,18,-0.9080441,Erythroid late
AKR1C3,19,-0.012675639,Erythroid late
AKR1C3,20,-0.037280843,Erythroid late
AKR1C3,21,-0.33574507,Erythroid late
AKR1C3,22,-0.34389082,Erythroid late
AKR1C3,23,0.41575512,Erythroid late
AKR1C3,24,-0.22958772,Erythroid late
AKR1C3,25,-0.33075273,Erythroid late
AKR1C3,26,-1.0704983,Erythroid late
AKR1C3,27,-1.0108778,Erythroid late
AKR1C3,28,-0.5495362,Erythroid late
AKR1C3,29,-1.9146117,Erythroid late
AKR1C3,30,0.73095244,Erythroid late
AKR1C3,31,0.86803037,Erythroid late
AKR1C3,32,-0.8724849,Erythroid late
AKR1C3,33,0.18534459,Erythroid late
AKR1C3,34,0.9733037,Erythroid late
AKR1C3,35,-0.9098472,Erythroid late
AKR1C3,36,-1.5951991,Erythroid late
AKR1C3,37,-1.3386657,Erythroid late
AKR1C3,38,-0.7323952,Erythroid late
AKR1C3,39,-1.4478942,Erythroid late
KCNH2,0,-0.6035846,Erythroid late
KCNH2,1,-0.7812652,Erythroid late
KCNH2,2,-0.9656954,Erythroid late
KCNH2,3,0.43477038,Erythroid late
KCNH2,4,0.015578908,Erythroid late
KCNH2,5,1.1080959,Erythroid late
KCNH2,6,1.7258615,Erythroid late
KCNH2,7,0.8429925,Erythroid late
KCNH2,8,0.14558533,Erythroid late
KCNH2,9,1.0181564,Erythroid late
KCNH2,10,0.33758488,Erythroid late
KCNH2,11,1.3303114,Erythroid late
KCNH2,12,1.0678716,Erythroid late
KCNH2,13,0.5857867,Erythroid late
KCNH2,14,-0.8110501,Erythroid late
KCNH2,15,-1.6747698,Erythroid late
KCNH2,16,2.5564606,Erythroid late
KCNH2,17,-0.8516672,Erythroid late
KCNH2,18,-0.15889265,Erythroid late
KCNH2,19,0.05586865,Erythroid late
KCNH2,20,0.12507588,Erythroid late
KCNH2,21,0.32437745,Erythroid late
KCNH2,22,0.24770547,Erythroid late
KCNH2,23,0.3859654,Erythroid late
KCNH2,24,-2.189652,Erythroid late
KCNH2,25,0.41769755,Erythroid late
KCNH2,26,-1.3354207,Erythroid late
KCNH2,27,-1.131621,Erythroid late
KCNH2,28,-0.014187501,Erythroid late
KCNH2,29,0.7747049,Erythroid late
KCNH2,30,-1.2735322,Erythroid late
KCNH2,31,0.6363012,Erythroid late
KCNH2,32,-0.6474722,Erythroid late
KCNH2,33,-1.2759377,Erythroid late
KCNH2,34,1.5261718,Erythroid late
KCNH2,35,0.095674634,Erythroid late
KCNH2,36,-0.2063521,Erythroid late
KCNH2,37,-1.0224924,Erythroid late
KCNH2,38,0.30398574,Erythroid late
KCNH2,39,-1.1189872,Erythroid late
HBQ1,0,-0.33597854,Erythroid late
HBQ1,1,0.40416378,Erythroid late
HBQ1,2,0.07505383,Erythroid late
HBQ1,3,0.4864408,Erythroid late
HBQ1,4,2.0740345,Erythroid late
HBQ1,5,0.95313585,Erythroid late
HBQ1,6,0.5328689,Erythroid late
HBQ1,7,1.8509256,Erythroid late
HBQ1,8,-0.31260654,Erythroid late
HBQ1,9,1.0037943,Erythroid late
HBQ1,10,0.34924242,Erythroid late
HBQ1,11,0.016302606,Erythroid late
HBQ1,12,0.79650426,Erythroid late
HBQ1,13,1.492187,Erythroid late
HBQ1,14,1.076712,Erythroid late
HBQ1,15,0.4055224,Erythroid late
HBQ1,16,-0.94797987,Erythroid late
HBQ1,17,-0.7780955,Erythroid late
HBQ1,18,-1.6823796,Erythroid late
HBQ1,19,0.7608836,Erythroid late
HBQ1,20,0.03572917,Erythroid late
HBQ1,21,-0.6163595,Erythroid late
HBQ1,22,2.446805,Erythroid late
HBQ1,23,-1.0884788,Erythroid late
HBQ1,24,-1.0850143,Erythroid late
HBQ1,25,-1.202428,Erythroid late
HBQ1,26,-0.8229499,Erythroid late
HBQ1,27,-0.84852934,Erythroid late
HBQ1,28,-0.2809479,Erythroid late
HBQ1,29,-1.0871072,Erythroid late
HBQ1,30,-0.26383334,Erythroid late
HBQ1,31,1.0471947,Erythroid late
HBQ1,32,0.4622733,Erythroid late
HBQ1,33,0.059354544,Erythroid late
HBQ1,34,-0.17972526,Erythroid late
HBQ1,35,-0.9042309,Erythroid late
HBQ1,36,-1.1272404,Erythroid late
HBQ1,37,-1.6823796,Erythroid late
HBQ1,38,-1.0318984,Erythroid late
HBQ1,39,-0.050962646,Erythroid late
CKS2,0,0.3676189,Erythroid late
CKS2,1,-0.07814086,Erythroid late
CKS2,2,0.78255326,Erythroid late
CKS2,3,0.7031018,Erythroid late
CKS2,4,-0.24687988,Erythroid late
CKS2,5,-0.69048786,Erythroid late
CKS2,6,0.78725183,Erythroid late
CKS2,7,1.3037007,Erythroid late
CKS2,8,1.2693361,Erythroid late
CKS2,9,1.003668,Erythroid late
CKS2,10,-0.23271522,Erythroid late
CKS2,11,-0.14956276,Erythroid late
CKS2,12,1.0891963,Erythroid late
CKS2,13,0.6036813,Erythroid late
CKS2,14,0.97168005,Erythroid late
CKS2,15,0.178996,Erythroid late
CKS2,16,1.4977375,Erythroid late
CKS2,17,0.03696237,Erythroid late
CKS2,18,0.25948685,Erythroid late
CKS2,19,-0.24729307,Erythroid late
CKS2,20,1.12311,Erythroid late
CKS2,21,-0.5051178,Erythroid late
CKS2,22,2.6114676,Erythroid late
CKS2,23,0.11851907,Erythroid late
CKS2,24,-1.2298951,Erythroid late
CKS2,25,0.012338798,Erythroid late
CKS2,26,0.8187314,Erythroid late
CKS2,27,-1.1848451,Erythroid late
CKS2,28,-1.2644414,Erythroid late
CKS2,29,-1.1330062,Erythroid late
CKS2,30,-0.2277094,Erythroid late
CKS2,31,-0.91211116,Erythroid late
CKS2,32,0.64926195,Erythroid late
CKS2,33,-1.2790754,Erythroid late
CKS2,34,-1.7270554,Erythroid late
CKS2,35,-2.2175806,Erythroid late
CKS2,36,-0.15979089,Erythroid late
CKS2,37,-1.2451403,Erythroid late
CKS2,38,-0.73332256,Erythroid late
CKS2,39,-0.7242234,Erythroid late
MYL4,0,-1.14287,Erythroid late
MYL4,1,-1.7723118,Erythroid late
MYL4,2,-0.30464223,Erythroid late
MYL4,3,-0.099701464,Erythroid late
MYL4,4,0.5999219,Erythroid late
MYL4,5,-0.5699414,Erythroid late
MYL4,6,0.48757175,Erythroid late
MYL4,7,0.9001407,Erythroid late
MYL4,8,0.4517367,Erythroid late
MYL4,9,1.3362664,Erythroid late
MYL4,10,1.1835386,Erythroid late
MYL4,11,-0.19270618,Erythroid late
MYL4,12,0.73445654,Erythroid late
MYL4,13,0.09058768,Erythroid late
MYL4,14,-0.6338194,Erythroid late
MYL4,15,0.12093779,Erythroid late
MYL4,16,0.80533546,Erythroid late
MYL4,17,-0.5539167,Erythroid late
MYL4,18,-1.7640795,Erythroid late
MYL4,19,-0.5727525,Erythroid late
MYL4,20,0.6581838,Erythroid late
MYL4,21,0.41968882,Erythroid late
MYL4,22,-0.59073126,Erythroid late
MYL4,23,0.487547,Erythroid late
MYL4,24,1.98017,Erythroid late
MYL4,25,-0.90111667,Erythroid late
MYL4,26,0.33294553,Erythroid late
MYL4,27,0.23796397,Erythroid late
MYL4,28,-1.3606738,Erythroid late
MYL4,29,1.2524554,Erythroid late
MYL4,30,1.4556284,Erythroid late
MYL4,31,1.8346416,Erythroid late
MYL4,32,-1.1087203,Erythroid late
MYL4,33,-1.618833,Erythroid late
MYL4,34,-1.2310096,Erythroid late
MYL4,35,-1.5464371,Erythroid late
MYL4,36,-1.0786859,Erythroid late
MYL4,37,0.64119726,Erythroid late
MYL4,38,0.33585858,Erythroid late
MYL4,39,0.69618183,Erythroid late
UROD,0,-0.1408152,Erythroid late
UROD,1,0.22030117,Erythroid late
UROD,2,-0.35896495,Erythroid late
UROD,3,0.67966515,Erythroid late
UROD,4,-0.5920087,Erythroid late
UROD,5,-0.025313707,Erythroid late
UROD,6,0.23435557,Erythroid late
UROD,7,1.3307755,Erythroid late
UROD,8,0.57467383,Erythroid late
UROD,9,0.38895378,Erythroid late
UROD,10,0.02877451,Erythroid late
UROD,11,0.7090723,Erythroid late
UROD,12,0.41690823,Erythroid late
UROD,13,1.4442683,Erythroid late
UROD,14,0.91081876,Erythroid late
UROD,15,0.60862654,Erythroid late
UROD,16,-0.5167672,Erythroid late
UROD,17,0.1814129,Erythroid late
UROD,18,-1.4203675,Erythroid late
UROD,19,-1.0189805,Erythroid late
UROD,20,-1.2556193,Erythroid late
UROD,21,-0.7021972,Erythroid late
UROD,22,0.29516092,Erythroid late
UROD,23,1.2636207,Erythroid late
UROD,24,-0.80416,Erythroid late
UROD,25,2.7942486,Erythroid late
UROD,26,-1.8641541,Erythroid late
UROD,27,-0.28706107,Erythroid late
UROD,28,-0.5119278,Erythroid late
UROD,29,-1.9352376,Erythroid late
UROD,30,0.35151947,Erythroid late
UROD,31,0.872595,Erythroid late
UROD,32,-0.35750976,Erythroid late
UROD,33,0.6057354,Erythroid late
UROD,34,0.266663,Erythroid late
UROD,35,-0.8562856,Erythroid late
UROD,36,-1.9814634,Erythroid late
UROD,37,-1.0756891,Erythroid late
UROD,38,0.002218361,Erythroid late
UROD,39,1.524191,Erythroid late
TUBA1B,0,0.4007429,Erythroid late
TUBA1B,1,0.4285045,Erythroid late
TUBA1B,2,0.6147086,Erythroid late
TUBA1B,3,0.8142266,Erythroid late
TUBA1B,4,-0.4105956,Erythroid late
TUBA1B,5,0.3452191,Erythroid late
TUBA1B,6,0.6605414,Erythroid late
TUBA1B,7,0.17174762,Erythroid late
TUBA1B,8,0.33380952,Erythroid late
TUBA1B,9,0.93155026,Erythroid late
TUBA1B,10,-0.7479091,Erythroid late
TUBA1B,11,0.5094531,Erythroid late
TUBA1B,12,0.48338434,Erythroid late
TUBA1B,13,0.8695541,Erythroid late
TUBA1B,14,-0.31225604,Erythroid late
TUBA1B,15,0.9472513,Erythroid late
TUBA1B,16,-0.17688286,Erythroid late
TUBA1B,17,0.29401022,Erythroid late
TUBA1B,18,-0.8271368,Erythroid late
TUBA1B,19,-0.7449237,Erythroid late
TUBA1B,20,0.39317012,Erythroid late
TUBA1B,21,0.35689119,Erythroid late
TUBA1B,22,-0.007425711,Erythroid late
TUBA1B,23,1.4293296,Erythroid late
TUBA1B,24,-2.8686824,Erythroid late
TUBA1B,25,-0.5435582,Erythroid late
TUBA1B,26,1.7071384,Erythroid late
TUBA1B,27,-2.1369112,Erythroid late
TUBA1B,28,0.79418254,Erythroid late
TUBA1B,29,0.102550164,Erythroid late
TUBA1B,30,-2.9957607,Erythroid late
TUBA1B,31,0.62051535,Erythroid late
TUBA1B,32,-0.6113611,Erythroid late
TUBA1B,33,-0.7688591,Erythroid late
TUBA1B,34,-0.9415102,Erythroid late
TUBA1B,35,0.95086837,Erythroid late
TUBA1B,36,-0.08737296,Erythroid late
TUBA1B,37,0.9725291,Erythroid late
TUBA1B,38,-0.13651226,Erythroid late
TUBA1B,39,-0.81421435,Erythroid late
KLF1,0,0.6231631,Erythroid late
KLF1,1,0.37284666,Erythroid late
KLF1,2,-0.75952053,Erythroid late
KLF1,3,1.9990505,Erythroid late
KLF1,4,-0.8245926,Erythroid late
KLF1,5,0.32344258,Erythroid late
KLF1,6,0.5784706,Erythroid late
KLF1,7,1.6246866,Erythroid late
KLF1,8,-0.12908432,Erythroid late
KLF1,9,-0.21479346,Erythroid late
KLF1,10,1.1162903,Erythroid late
KLF1,11,1.7133046,Erythroid late
KLF1,12,0.43584546,Erythroid late
KLF1,13,-0.61112297,Erythroid late
KLF1,14,0.27370632,Erythroid late
KLF1,15,1.3780003,Erythroid late
KLF1,16,-0.44357026,Erythroid late
KLF1,17,-0.1763394,Erythroid late
KLF1,18,-1.4037004,Erythroid late
KLF1,19,-1.5521903,Erythroid late
KLF1,20,0.8244272,Erythroid late
KLF1,21,0.6029628,Erythroid late
KLF1,22,-0.33071518,Erythroid late
KLF1,23,-1.425882,Erythroid late
KLF1,24,-0.5588088,Erythroid late
KLF1,25,0.55670625,Erythroid late
KLF1,26,-0.39414626,Erythroid late
KLF1,27,-0.8689613,Erythroid late
KLF1,28,0.5251635,Erythroid late
KLF1,29,2.1146743,Erythroid late
KLF1,30,-1.4381274,Erythroid late
KLF1,31,-1.114137,Erythroid late
KLF1,32,1.0575807,Erythroid late
KLF1,33,0.11856343,Erythroid late
KLF1,34,-0.9443627,Erythroid late
KLF1,35,-0.5532912,Erythroid late
KLF1,36,0.07100028,Erythroid late
KLF1,37,-1.9921707,Erythroid late
KLF1,38,0.21627875,Erythroid late
KLF1,39,-0.790643,Erythroid late
PRDX2,0,-2.8654037,Erythroid late
PRDX2,1,-1.1967875,Erythroid late
PRDX2,2,-0.2936726,Erythroid late
PRDX2,3,-1.1396612,Erythroid late
PRDX2,4,0.81927454,Erythroid late
PRDX2,5,0.8464386,Erythroid late
PRDX2,6,0.06726389,Erythroid late
PRDX2,7,0.46155125,Erythroid late
PRDX2,8,1.5121158,Erythroid late
PRDX2,9,0.37819442,Erythroid late
PRDX2,10,-0.33792275,Erythroid late
PRDX2,11,0.5387569,Erythroid late
PRDX2,12,0.9042879,Erythroid late
PRDX2,13,0.6469129,Erythroid late
PRDX2,14,-1.319133,Erythroid late
PRDX2,15,-0.43598908,Erythroid late
PRDX2,16,0.51342845,Erythroid late
PRDX2,17,-0.22318533,Erythroid late
PRDX2,18,-0.60309887,Erythroid late
PRDX2,19,0.069088556,Erythroid late
PRDX2,20,0.033217642,Erythroid late
PRDX2,21,0.22199704,Erythroid late
PRDX2,22,0.31579074,Erythroid late
PRDX2,23,-2.986336,Erythroid late
PRDX2,24,-0.38875583,Erythroid late
PRDX2,25,-0.31964907,Erythroid late
PRDX2,26,-1.2727487,Erythroid late
PRDX2,27,-0.033700384,Erythroid late
PRDX2,28,-0.7068569,Erythroid late
PRDX2,29,0.34919187,Erythroid late
PRDX2,30,-0.49647415,Erythroid late
PRDX2,31,2.0137866,Erythroid late
PRDX2,32,0.025790071,Erythroid late
PRDX2,33,-0.20633659,Erythroid late
PRDX2,34,1.3229164,Erythroid late
PRDX2,35,0.5361845,Erythroid late
PRDX2,36,0.63455445,Erythroid late
PRDX2,37,0.6792436,Erythroid late
PRDX2,38,0.960627,Erythroid late
PRDX2,39,0.97509694,Erythroid late
SMIM1,0,-0.4246851,Erythroid late
SMIM1,1,-0.10401467,Erythroid late
SMIM1,2,0.19666937,Erythroid late
SMIM1,3,0.3061138,Erythroid late
SMIM1,4,-1.2932034,Erythroid late
SMIM1,5,-0.74418384,Erythroid late
SMIM1,6,-0.20713988,Erythroid late
SMIM1,7,0.050737675,Erythroid late
SMIM1,8,-0.3218745,Erythroid late
SMIM1,9,0.95515096,Erythroid late
SMIM1,10,1.4682482,Erythroid late
SMIM1,11,0.8161868,Erythroid late
SMIM1,12,1.475645,Erythroid late
SMIM1,13,0.39754897,Erythroid late
SMIM1,14,-0.50415957,Erythroid late
SMIM1,15,0.5515195,Erythroid late
SMIM1,16,0.009618755,Erythroid late
SMIM1,17,0.7054153,Erythroid late
SMIM1,18,-0.25138137,Erythroid late
SMIM1,19,-0.93678707,Erythroid late
SMIM1,20,1.31781,Erythroid late
SMIM1,21,1.4325521,Erythroid late
SMIM1,22,1.5792023,Erythroid late
SMIM1,23,-0.5881878,Erythroid late
SMIM1,24,-0.75466233,Erythroid late
SMIM1,25,0.0015018857,Erythroid late
SMIM1,26,-1.5307654,Erythroid late
SMIM1,27,-0.87338966,Erythroid late
SMIM1,28,0.8297202,Erythroid late
SMIM1,29,-0.22553729,Erythroid late
SMIM1,30,-0.80723286,Erythroid late
SMIM1,31,-0.7991381,Erythroid late
SMIM1,32,2.0018241,Erythroid late
SMIM1,33,-0.8180049,Erythroid late
SMIM1,34,-1.5631636,Erythroid late
SMIM1,35,-1.4064541,Erythroid late
SMIM1,36,0.899169,Erythroid late
SMIM1,37,-1.3394477,Erythroid late
SMIM1,38,-1.3436736,Erythroid late
SMIM1,39,1.8424565,Erythroid late
CA1,0,-2.9008741,Erythroid late
CA1,1,-1.2264068,Erythroid late
CA1,2,-0.5191927,Erythroid late
CA1,3,-1.524228,Erythroid late
CA1,4,0.11415585,Erythroid late
CA1,5,-0.9288308,Erythroid late
CA1,6,0.093831316,Erythroid late
CA1,7,0.63645595,Erythroid late
CA1,8,1.2830197,Erythroid late
CA1,9,-0.273471,Erythroid late
CA1,10,0.19852567,Erythroid late
CA1,11,1.7159786,Erythroid late
CA1,12,0.40535527,Erythroid late
CA1,13,0.5641778,Erythroid late
CA1,14,-0.7834214,Erythroid late
CA1,15,-0.21211381,Erythroid late
CA1,16,-0.4220389,Erythroid late
CA1,17,-0.3074901,Erythroid late
CA1,18,-0.97472745,Erythroid late
CA1,19,-0.99274457,Erythroid late
CA1,20,0.030428903,Erythroid late
CA1,21,0.3766259,Erythroid late
CA1,22,-0.7226002,Erythroid late
CA1,23,-0.19373871,Erythroid late
CA1,24,-0.7094791,Erythroid late
CA1,25,0.5969321,Erythroid late
CA1,26,-0.51813984,Erythroid late
CA1,27,-0.3775595,Erythroid late
CA1,28,0.914871,Erythroid late
CA1,29,-1.22076,Erythroid late
CA1,30,-0.61671257,Erythroid late
CA1,31,0.45256573,Erythroid late
CA1,32,1.6141486,Erythroid late
CA1,33,-0.2948735,Erythroid late
CA1,34,1.8160862,Erythroid late
CA1,35,1.3118925,Erythroid late
CA1,36,0.027662909,Erythroid late
CA1,37,0.2677372,Erythroid late
CA1,38,1.777198,Erythroid late
CA1,39,1.5217457,Erythroid late
GYPA,0,-2.1673915,Erythroid late
GYPA,1,-1.3896829,Erythroid late
GYPA,2,-1.502186,Erythroid late
GYPA,3,-1.5691116,Erythroid late
GYPA,4,-1.5025074,Erythroid late
GYPA,5,0.6858382,Erythroid late
GYPA,6,0.06741386,Erythroid late
GYPA,7,-0.1866672,Erythroid late
GYPA,8,0.3266407,Erythroid late
GYPA,9,-0.26366678,Erythroid late
GYPA,10,0.19259204,Erythroid late
GYPA,11,1.5790511,Erythroid late
GYPA,12,1.2989231,Erythroid late
GYPA,13,0.32358533,Erythroid late
GYPA,14,0.19755279,Erythroid late
GYPA,15,0.8662581,Erythroid late
GYPA,16,0.18108039,Erythroid late
GYPA,17,-0.628195,Erythroid late
GYPA,18,0.818416,Erythroid late
GYPA,19,0.045755718,Erythroid late
GYPA,20,0.20282546,Erythroid late
GYPA,21,1.1066492,Erythroid late
GYPA,22,-0.2698734,Erythroid late
GYPA,23,-0.336738,Erythroid late
GYPA,24,0.004366875,Erythroid late
GYPA,25,-0.37805527,Erythroid late
GYPA,26,-0.18934178,Erythroid late
GYPA,27,-1.2129967,Erythroid late
GYPA,28,0.37772307,Erythroid late
GYPA,29,-0.09329156,Erythroid late
GYPA,30,2.2254903,Erythroid late
GYPA,31,0.45331734,Erythroid late
GYPA,32,0.15536462,Erythroid late
GYPA,33,0.15467487,Erythroid late
GYPA,34,2.7283206,Erythroid late
GYPA,35,-1.5889112,Erythroid late
GYPA,36,-0.36980623,Erythroid late
GYPA,37,-0.3745648,Erythroid late
GYPA,38,-0.6137229,Erythroid late
GYPA,39,0.64486015,Erythroid late
FAM178B,0,-1.2481867,Erythroid late
FAM178B,1,-0.36592367,Erythroid late
FAM178B,2,0.14246276,Erythroid late
FAM178B,3,-0.099637985,Erythroid late
FAM178B,4,-0.0814291,Erythroid late
FAM178B,5,-0.5404019,Erythroid late
FAM178B,6,0.17232932,Erythroid late
FAM178B,7,0.40628257,Erythroid late
FAM178B,8,0.8872346,Erythroid late
FAM178B,9,1.1974024,Erythroid late
FAM178B,10,0.34752494,Erythroid late
FAM178B,11,0.39056957,Erythroid late
FAM178B,12,-0.58853465,Erythroid late
FAM178B,13,1.1240549,Erythroid late
FAM178B,14,0.33415332,Erythroid late
FAM178B,15,0.78818846,Erythroid late
FAM178B,16,0.6214109,Erythroid late
FAM178B,17,-0.68032545,Erythroid late
FAM178B,18,-0.3260539,Erythroid late
FAM178B,19,0.8348864,Erythroid late
FAM178B,20,-1.1907617,Erythroid late
FAM178B,21,0.7099029,Erythroid late
FAM178B,22,-0.7371014,Erythroid late
FAM178B,23,-0.75634044,Erythroid late
FAM178B,24,-2.0789156,Erythroid late
FAM178B,25,0.17773746,Erythroid late
FAM178B,26,0.5369793,Erythroid late
FAM178B,27,-0.029841078,Erythroid late
FAM178B,28,-1.048895,Erythroid late
FAM178B,29,0.6293606,Erythroid late
FAM178B,30,-1.5452217,Erythroid late
FAM178B,31,-0.13603131,Erythroid late
FAM178B,32,-0.22547995,Erythroid late
FAM178B,33,1.185237,Erythroid late
FAM178B,34,1.2573127,Erythroid late
FAM178B,35,2.3266082,Erythroid late
FAM178B,36,-2.4294322,Erythroid late
FAM178B,37,-0.891035,Erythroid late
FAM178B,38,1.902767,Erythroid late
FAM178B,39,-0.97286636,Erythroid late
BLVRB,0,-1.2945963,Erythroid late
BLVRB,1,-0.22345254,Erythroid late
BLVRB,2,0.48938802,Erythroid late
BLVRB,3,-0.9512072,Erythroid late
BLVRB,4,0.5977098,Erythroid late
BLVRB,5,0.63821346,Erythroid late
BLVRB,6,0.41143325,Erythroid late
BLVRB,7,0.53925574,Erythroid late
BLVRB,8,0.7696641,Erythroid late
BLVRB,9,0.50575894,Erythroid late
BLVRB,10,0.6648678,Erythroid late
BLVRB,11,0.30385378,Erythroid late
BLVRB,12,0.053363334,Erythroid late
BLVRB,13,0.83261406,Erythroid late
BLVRB,14,-0.3108089,Erythroid late
BLVRB,15,0.050481606,Erythroid late
BLVRB,16,1.4651002,Erythroid late
BLVRB,17,0.07401535,Erythroid late
BLVRB,18,-0.34202442,Erythroid late
BLVRB,19,-0.7506284,Erythroid late
BLVRB,20,0.6480177,Erythroid late
BLVRB,21,0.6763295,Erythroid late
BLVRB,22,-0.29179165,Erythroid late
BLVRB,23,0.42427164,Erythroid late
BLVRB,24,-1.9932622,Erythroid late
BLVRB,25,-0.23995884,Erythroid late
BLVRB,26,-2.115707,Erythroid late
BLVRB,27,-1.089508,Erythroid late
BLVRB,28,-0.70320785,Erythroid late
BLVRB,29,0.022241399,Erythroid late
BLVRB,30,1.1952755,Erythroid late
BLVRB,31,-0.12055612,Erythroid late
BLVRB,32,-0.08835026,Erythroid late
BLVRB,33,-3.237088,Erythroid late
BLVRB,34,-0.6295881,Erythroid late
BLVRB,35,1.2958943,Erythroid late
BLVRB,36,0.28731203,Erythroid late
BLVRB,37,2.338668,Erythroid late
BLVRB,38,0.07467606,Erythroid late
BLVRB,39,0.023363605,Erythroid late
AHSP,0,-4.160819,Erythroid late
AHSP,1,-1.7618687,Erythroid late
AHSP,2,-0.7656053,Erythroid late
AHSP,3,-1.1488723,Erythroid late
AHSP,4,-0.97761035,Erythroid late
AHSP,5,0.23642305,Erythroid late
AHSP,6,-0.09932786,Erythroid late
AHSP,7,0.45078588,Erythroid late
AHSP,8,-0.032911435,Erythroid late
AHSP,9,0.045368638,Erythroid late
AHSP,10,0.53058106,Erythroid late
AHSP,11,0.46172887,Erythroid late
AHSP,12,0.41599527,Erythroid late
AHSP,13,-0.31321344,Erythroid late
AHSP,14,-0.08113157,Erythroid late
AHSP,15,0.5736574,Erythroid late
AHSP,16,0.15069272,Erythroid late
AHSP,17,-0.28814483,Erythroid late
AHSP,18,0.56436276,Erythroid late
AHSP,19,-0.60161495,Erythroid late
AHSP,20,0.17371592,Erythroid late
AHSP,21,0.19210562,Erythroid late
AHSP,22,0.28224444,Erythroid late
AHSP,23,-0.8524394,Erythroid late
AHSP,24,-1.8326815,Erythroid late
AHSP,25,0.2703692,Erythroid late
AHSP,26,0.35856646,Erythroid late
AHSP,27,0.7153188,Erythroid late
AHSP,28,0.6229346,Erythroid late
AHSP,29,0.21470906,Erythroid late
AHSP,30,0.7575882,Erythroid late
AHSP,31,1.1927865,Erythroid late
AHSP,32,0.5866694,Erythroid late
AHSP,33,0.27621347,Erythroid late
AHSP,34,1.1324946,Erythroid late
AHSP,35,-0.51290476,Erythroid late
AHSP,36,-0.37765533,Erythroid late
AHSP,37,0.7800036,Erythroid late
AHSP,38,0.91681445,Erythroid late
AHSP,39,1.9046878,Erythroid late
HBB,0,-4.6061,Erythroid late
HBB,1,-1.7424091,Erythroid late
HBB,2,-1.6337395,Erythroid late
HBB,3,-1.8724424,Erythroid late
HBB,4,-0.44754523,Erythroid late
HBB,5,-0.21206675,Erythroid late
HBB,6,-0.25033358,Erythroid late
HBB,7,-0.042668518,Erythroid late
HBB,8,0.043262895,Erythroid late
HBB,9,-0.12401833,Erythroid late
HBB,10,-0.040351454,Erythroid late
HBB,11,0.4082019,Erythroid late
HBB,12,0.4834554,Erythroid late
HBB,13,-0.15268156,Erythroid late
HBB,14,-0.27678984,Erythroid late
HBB,15,-0.013116596,Erythroid late
HBB,16,0.1848614,Erythroid late
HBB,17,-0.26796988,Erythroid late
HBB,18,-0.018697698,Erythroid late
HBB,19,0.106232345,Erythroid late
HBB,20,0.61090255,Erythroid late
HBB,21,0.1938224,Erythroid late
HBB,22,-0.050906327,Erythroid late
HBB,23,0.13871154,Erythroid late
HBB,24,0.006566214,Erythroid late
HBB,25,0.48586887,Erythroid late
HBB,26,0.24225911,Erythroid late
HBB,27,-0.021545816,Erythroid late
HBB,28,0.001031885,Erythroid late
HBB,29,0.3840764,Erythroid late
HBB,30,0.61122996,Erythroid late
HBB,31,0.873541,Erythroid late
HBB,32,0.73333776,Erythroid late
HBB,33,0.6254547,Erythroid late
HBB,34,0.9892251,Erythroid late
HBB,35,0.46643433,Erythroid late
HBB,36,1.116855,Erythroid late
HBB,37,0.81298,Erythroid late
HBB,38,0.9899749,Erythroid late
HBB,39,1.2651004,Erythroid late
HBA1,0,-3.862716,Erythroid late
HBA1,1,-1.6929601,Erythroid late
HBA1,2,-1.6358815,Erythroid late
HBA1,3,-2.126252,Erythroid late
HBA1,4,-0.8136839,Erythroid late
HBA1,5,-0.19935864,Erythroid late
HBA1,6,-0.23154439,Erythroid late
HBA1,7,-0.40732437,Erythroid late
HBA1,8,-0.032091655,Erythroid late
HBA1,9,-0.036180656,Erythroid late
HBA1,10,0.12732688,Erythroid late
HBA1,11,0.38439253,Erythroid late
HBA1,12,0.3676592,Erythroid late
HBA1,13,-0.12122317,Erythroid late
HBA1,14,-0.7024676,Erythroid late
HBA1,15,-0.1469468,Erythroid late
HBA1,16,0.17935383,Erythroid late
HBA1,17,-0.8042432,Erythroid late
HBA1,18,-0.1495412,Erythroid late
HBA1,19,0.034143724,Erythroid late
HBA1,20,0.72733146,Erythroid late
HBA1,21,-0.079657495,Erythroid late
HBA1,22,-0.6362129,Erythroid late
HBA1,23,0.010290588,Erythroid late
HBA1,24,0.11507454,Erythroid late
HBA1,25,0.36620054,Erythroid late
HBA1,26,0.32345092,Erythroid late
HBA1,27,0.2302479,Erythroid late
HBA1,28,0.4409104,Erythroid late
HBA1,29,0.3000706,Erythroid late
HBA1,30,0.6946289,Erythroid late
HBA1,31,1.0455259,Erythroid late
HBA1,32,0.96580416,Erythroid late
HBA1,33,0.5155659,Erythroid late
HBA1,34,1.2392759,Erythroid late
HBA1,35,0.77242345,Erythroid late
HBA1,36,1.2574608,Erythroid late
HBA1,37,0.79745674,Erythroid late
HBA1,38,1.2628189,Erythroid late
HBA1,39,1.5208534,Erythroid late
HBD,0,0.6974146,Erythroid late
HBD,1,-0.3618147,Erythroid late
HBD,2,-0.6499633,Erythroid late
HBD,3,-0.54794574,Erythroid late
HBD,4,-1.4547673,Erythroid late
HBD,5,-0.45582187,Erythroid late
HBD,6,0.2300842,Erythroid late
HBD,7,0.8302477,Erythroid late
HBD,8,0.2699831,Erythroid late
HBD,9,-0.73389554,Erythroid late
HBD,10,0.71705866,Erythroid late
HBD,11,0.7870524,Erythroid late
HBD,12,0.9863786,Erythroid late
HBD,13,-0.087174654,Erythroid late
HBD,14,-0.48851523,Erythroid late
HBD,15,-0.559937,Erythroid late
HBD,16,-1.192866,Erythroid late
HBD,17,-0.49614498,Erythroid late
HBD,18,-1.6489054,Erythroid late
HBD,19,-0.25427443,Erythroid late
HBD,20,0.8330471,Erythroid late
HBD,21,0.029589426,Erythroid late
HBD,22,-0.5811104,Erythroid late
HBD,23,-2.1239476,Erythroid late
HBD,24,-0.09097219,Erythroid late
HBD,25,-0.7712154,Erythroid late
HBD,26,-0.9758564,Erythroid late
HBD,27,-1.1861701,Erythroid late
HBD,28,-0.12435028,Erythroid late
HBD,29,-0.23922892,Erythroid late
HBD,30,1.7074286,Erythroid late
HBD,31,0.42698866,Erythroid late
HBD,32,0.5727632,Erythroid late
HBD,33,-0.5923489,Erythroid late
HBD,34,0.4126541,Erythroid late
HBD,35,-0.15265568,Erythroid late
HBD,36,1.5130947,Erythroid late
HBD,37,1.2242461,Erythroid late
HBD,38,1.4730849,Erythroid late
HBD,39,3.058769,Erythroid late
HBA2,0,-2.51062,Erythroid late
HBA2,1,-1.5955123,Erythroid late
HBA2,2,-2.1644878,Erythroid late
HBA2,3,-1.8091656,Erythroid late
HBA2,4,-0.9408652,Erythroid late
HBA2,5,-0.5423664,Erythroid late
HBA2,6,-0.08181955,Erythroid late
HBA2,7,0.023764111,Erythroid late
HBA2,8,-0.036199443,Erythroid late
HBA2,9,-0.0866234,Erythroid late
HBA2,10,-0.15267387,Erythroid late
HBA2,11,0.4039907,Erythroid late
HBA2,12,0.4349975,Erythroid late
HBA2,13,-0.5679085,Erythroid late
HBA2,14,-0.49531707,Erythroid late
HBA2,15,-0.31385523,Erythroid late
HBA2,16,0.33233023,Erythroid late
HBA2,17,-0.3909575,Erythroid late
HBA2,18,-0.074932255,Erythroid late
HBA2,19,0.46981856,Erythroid late
HBA2,20,0.39507437,Erythroid late
HBA2,21,-0.13628729,Erythroid late
HBA2,22,-1.0069435,Erythroid late
HBA2,23,-0.5413339,Erythroid late
HBA2,24,-0.64742506,Erythroid late
HBA2,25,0.53099394,Erythroid late
HBA2,26,-0.026175369,Erythroid late
HBA2,27,-0.7209956,Erythroid late
HBA2,28,0.34065565,Erythroid late
HBA2,29,-0.6561053,Erythroid late
HBA2,30,1.0411258,Erythroid late
HBA2,31,1.3554736,Erythroid late
HBA2,32,0.8528563,Erythroid late
HBA2,33,0.64467484,Erythroid late
HBA2,34,1.4126656,Erythroid late
HBA2,35,0.9057237,Erythroid late
HBA2,36,1.617729,Erythroid late
HBA2,37,1.2736287,Erythroid late
HBA2,38,1.5076609,Erythroid late
HBA2,39,1.9554166,Erythroid late
ALAS2,0,-1.7294234,Erythroid late
ALAS2,1,-1.5386045,Erythroid late
ALAS2,2,-0.16259964,Erythroid late
ALAS2,3,-1.4522411,Erythroid late
ALAS2,4,0.3222322,Erythroid late
ALAS2,5,-0.14108604,Erythroid late
ALAS2,6,0.34114882,Erythroid late
ALAS2,7,-1.2066087,Erythroid late
ALAS2,8,-0.17044632,Erythroid late
ALAS2,9,0.58234924,Erythroid late
ALAS2,10,0.4052397,Erythroid late
ALAS2,11,0.9882602,Erythroid late
ALAS2,12,1.4538485,Erythroid late
ALAS2,13,0.874805,Erythroid late
ALAS2,14,0.28997287,Erythroid late
ALAS2,15,0.31984797,Erythroid late
ALAS2,16,1.1562556,Erythroid late
ALAS2,17,0.6337736,Erythroid late
ALAS2,18,0.75542146,Erythroid late
ALAS2,19,0.30196875,Erythroid late
ALAS2,20,1.322805,Erythroid late
ALAS2,21,-0.34519482,Erythroid late
ALAS2,22,-0.7610883,Erythroid late
ALAS2,23,-1.7294234,Erythroid late
ALAS2,24,-0.4068908,Erythroid late
ALAS2,25,0.60879165,Erythroid late
ALAS2,26,-0.09344007,Erythroid late
ALAS2,27,-0.72891456,Erythroid late
ALAS2,28,0.0044625364,Erythroid late
ALAS2,29,-0.5630088,Erythroid late
ALAS2,30,-1.1388185,Erythroid late
ALAS2,31,-0.30171192,Erythroid late
ALAS2,32,-0.12985258,Erythroid late
ALAS2,33,-0.63720274,Erythroid late
ALAS2,34,0.9896912,Erythroid late
ALAS2,35,-0.013577884,Erythroid late
ALAS2,36,-0.09024092,Erythroid late
ALAS2,37,-1.1169616,Erythroid late
ALAS2,38,-0.46317568,Erythroid late
ALAS2,39,3.56964,Erythroid late
HBM,0,-1.4471608,Erythroid late
HBM,1,-1.4471608,Erythroid late
HBM,2,-1.4471608,Erythroid late
HBM,3,-1.1270206,Erythroid late
HBM,4,-1.2889216,Erythroid late
HBM,5,-1.0651696,Erythroid late
HBM,6,-0.23696712,Erythroid late
HBM,7,-0.4353291,Erythroid late
HBM,8,0.38759226,Erythroid late
HBM,9,0.32151365,Erythroid late
HBM,10,-0.14154011,Erythroid late
HBM,11,0.74352545,Erythroid late
HBM,12,1.6259451,Erythroid late
HBM,13,0.027564296,Erythroid late
HBM,14,0.4534131,Erythroid late
HBM,15,-0.62470734,Erythroid late
HBM,16,0.10470328,Erythroid late
HBM,17,-0.40785596,Erythroid late
HBM,18,-0.47271353,Erythroid late
HBM,19,0.29500738,Erythroid late
HBM,20,1.2477221,Erythroid late
HBM,21,0.26039317,Erythroid late
HBM,22,-0.14934984,Erythroid late
HBM,23,-1.1882404,Erythroid late
HBM,24,-0.21534133,Erythroid late
HBM,25,0.34965542,Erythroid late
HBM,26,0.06172509,Erythroid late
HBM,27,-0.73293346,Erythroid late
HBM,28,0.16902146,Erythroid late
HBM,29,-1.4471608,Erythroid late
HBM,30,2.101393,Erythroid late
HBM,31,1.9609133,Erythroid late
HBM,32,-0.03496874,Erythroid late
HBM,33,-1.0543059,Erythroid late
HBM,34,0.28179583,Erythroid late
HBM,35,-0.5371874,Erythroid late
HBM,36,1.1754738,Erythroid late
HBM,37,0.076939866,Erythroid late
HBM,38,1.4855837,Erythroid late
HBM,39,2.3713179,Erythroid late
APOC1,0,1.5252812,Erythroid early
APOC1,1,2.0953114,Erythroid early
APOC1,2,1.7577517,Erythroid early
APOC1,3,1.6425679,Erythroid early
APOC1,4,1.133252,Erythroid early
APOC1,5,1.1924071,Erythroid early
APOC1,6,1.1497588,Erythroid early
APOC1,7,1.1517982,Erythroid early
APOC1,8,0.71258193,Erythroid early
APOC1,9,0.9726063,Erythroid early
APOC1,10,1.0604975,Erythroid early
APOC1,11,1.0857775,Erythroid early
APOC1,12,0.42426947,Erythroid early
APOC1,13,0.25998393,Erythroid early
APOC1,14,-0.07092146,Erythroid early
APOC1,15,0.5255025,Erythroid early
APOC1,16,0.322145,Erythroid early
APOC1,17,0.492738,Erythroid early
APOC1,18,-0.18948784,Erythroid early
APOC1,19,-0.25556886,Erythroid early
APOC1,20,-0.07056499,Erythroid early
APOC1,21,-0.40292117,Erythroid early
APOC1,22,-0.6433443,Erythroid early
APOC1,23,-0.35119134,Erythroid early
APOC1,24,-0.7260322,Erythroid early
APOC1,25,-0.42759615,Erythroid early
APOC1,26,-0.583443,Erythroid early
APOC1,27,-0.6120507,Erythroid early
APOC1,28,-0.9347689,Erythroid early
APOC1,29,-1.4216591,Erythroid early
APOC1,30,-1.0661706,Erythroid early
APOC1,31,-1.1355685,Erythroid early
APOC1,32,-0.6200637,Erythroid early
APOC1,33,-1.5904019,Erythroid early
APOC1,34,-0.96988344,Erythroid early
APOC1,35,-0.83801544,Erythroid early
APOC1,36,-1.429744,Erythroid early
APOC1,37,-0.9694209,Erythroid early
APOC1,38,-1.0449897,Erythroid early
APOC1,39,-1.1504357,Erythroid early
CNRIP1,0,1.1106315,Erythroid early
CNRIP1,1,1.65939,Erythroid early
CNRIP1,2,1.1363062,Erythroid early
CNRIP1,3,1.4364463,Erythroid early
CNRIP1,4,0.8534712,Erythroid early
CNRIP1,5,1.0376357,Erythroid early
CNRIP1,6,0.99763954,Erythroid early
CNRIP1,7,0.99616224,Erythroid early
CNRIP1,8,1.2379495,Erythroid early
CNRIP1,9,0.7433141,Erythroid early
CNRIP1,10,1.2810276,Erythroid early
CNRIP1,11,1.0800741,Erythroid early
CNRIP1,12,0.6492716,Erythroid early
CNRIP1,13,0.29479954,Erythroid early
CNRIP1,14,0.96881354,Erythroid early
CNRIP1,15,-0.5826558,Erythroid early
CNRIP1,16,0.77699155,Erythroid early
CNRIP1,17,0.016851647,Erythroid early
CNRIP1,18,0.39291847,Erythroid early
CNRIP1,19,0.2495943,Erythroid early
CNRIP1,20,0.35404295,Erythroid early
CNRIP1,21,-0.33719513,Erythroid early
CNRIP1,22,-0.35378987,Erythroid early
CNRIP1,23,-0.42817464,Erythroid early
CNRIP1,24,0.13864492,Erythroid early
CNRIP1,25,0.22368224,Erythroid early
CNRIP1,26,-0.7878163,Erythroid early
CNRIP1,27,-0.29271755,Erythroid early
CNRIP1,28,-1.3652596,Erythroid early
CNRIP1,29,-1.39219,Erythroid early
CNRIP1,30,-1.4956201,Erythroid early
CNRIP1,31,-0.9183021,Erythroid early
CNRIP1,32,-0.53465146,Erythroid early
CNRIP1,33,-1.1035913,Erythroid early
CNRIP1,34,-1.2782538,Erythroid early
CNRIP1,35,-0.66867816,Erythroid early
CNRIP1,36,-1.7897168,Erythroid early
CNRIP1,37,-1.1042798,Erythroid early
CNRIP1,38,-1.7111394,Erythroid early
CNRIP1,39,-1.4916403,Erythroid early
TFR2,0,-1.4420317,Erythroid early
TFR2,1,0.83080214,Erythroid early
TFR2,2,-0.23303914,Erythroid early
TFR2,3,0.65917295,Erythroid early
TFR2,4,0.7568447,Erythroid early
TFR2,5,1.7737923,Erythroid early
TFR2,6,0.55224323,Erythroid early
TFR2,7,1.3405389,Erythroid early
TFR2,8,1.028896,Erythroid early
TFR2,9,1.4690378,Erythroid early
TFR2,10,0.6228106,Erythroid early
TFR2,11,-0.30505255,Erythroid early
TFR2,12,1.7309071,Erythroid early
TFR2,13,1.7280022,Erythroid early
TFR2,14,-0.53576016,Erythroid early
TFR2,15,-1.2093532,Erythroid early
TFR2,16,0.5512785,Erythroid early
TFR2,17,1.020993,Erythroid early
TFR2,18,-1.3253645,Erythroid early
TFR2,19,0.7112987,Erythroid early
TFR2,20,-0.6072147,Erythroid early
TFR2,21,-0.16091631,Erythroid early
TFR2,22,-1.7555811,Erythroid early
TFR2,23,0.3360467,Erythroid early
TFR2,24,-0.32220837,Erythroid early
TFR2,25,0.44693542,Erythroid early
TFR2,26,0.5569582,Erythroid early
TFR2,27,-0.2497835,Erythroid early
TFR2,28,-0.86168915,Erythroid early
TFR2,29,-1.6962186,Erythroid early
TFR2,30,-0.66262054,Erythroid early
TFR2,31,-1.0666792,Erythroid early
TFR2,32,-1.135274,Erythroid early
TFR2,33,-1.9663509,Erythroid early
TFR2,34,-0.95215476,Erythroid early
TFR2,35,0.35257053,Erythroid early
TFR2,36,0.29317388,Erythroid early
TFR2,37,-0.23537959,Erythroid early
TFR2,38,0.19407228,Erythroid early
TFR2,39,-0.2336611,Erythroid early
FAM178B,0,-3.0650408,Erythroid early
FAM178B,1,-2.0765882,Erythroid early
FAM178B,2,-1.3643473,Erythroid early
FAM178B,3,-1.4870685,Erythroid early
FAM178B,4,-0.6257241,Erythroid early
FAM178B,5,-0.14844367,Erythroid early
FAM178B,6,0.84589946,Erythroid early
FAM178B,7,0.7634846,Erythroid early
FAM178B,8,0.6526899,Erythroid early
FAM178B,9,1.0299789,Erythroid early
FAM178B,10,1.0203438,Erythroid early
FAM178B,11,0.7235656,Erythroid early
FAM178B,12,0.6611487,Erythroid early
FAM178B,13,0.7373942,Erythroid early
FAM178B,14,0.8604382,Erythroid early
FAM178B,15,1.1242816,Erythroid early
FAM178B,16,1.2905456,Erythroid early
FAM178B,17,1.21055,Erythroid early
FAM178B,18,0.7422363,Erythroid early
FAM178B,19,0.50816524,Erythroid early
FAM178B,20,0.9089979,Erythroid early
FAM178B,21,0.50647306,Erythroid early
FAM178B,22,0.34588486,Erythroid early
FAM178B,23,0.34146416,Erythroid early
FAM178B,24,0.6595635,Erythroid early
FAM178B,25,0.62479293,Erythroid early
FAM178B,26,0.36771542,Erythroid early
FAM178B,27,0.47557718,Erythroid early
FAM178B,28,-0.64572644,Erythroid early
FAM178B,29,-0.7721424,Erythroid early
FAM178B,30,-1.6537039,Erythroid early
FAM178B,31,-0.4111977,Erythroid early
FAM178B,32,-0.63348925,Erythroid early
FAM178B,33,-1.6131958,Erythroid early
FAM178B,34,-0.3427423,Erythroid early
FAM178B,35,-0.3337895,Erythroid early
FAM178B,36,-0.91784257,Erythroid early
FAM178B,37,-0.112684086,Erythroid early
FAM178B,38,-0.12728004,Erythroid early
FAM178B,39,-0.07015566,Erythroid early
PKLR,0,-2.9023294,Erythroid early
PKLR,1,-2.9166858,Erythroid early
PKLR,2,-1.7897991,Erythroid early
PKLR,3,-0.93209463,Erythroid early
PKLR,4,0.23855627,Erythroid early
PKLR,5,-0.89283645,Erythroid early
PKLR,6,-0.02237335,Erythroid early
PKLR,7,1.2176272,Erythroid early
PKLR,8,0.5935005,Erythroid early
PKLR,9,0.63622725,Erythroid early
PKLR,10,-0.5138564,Erythroid early
PKLR,11,0.82608414,Erythroid early
PKLR,12,0.63350594,Erythroid early
PKLR,13,-0.0241036,Erythroid early
PKLR,14,-0.20234361,Erythroid early
PKLR,15,0.31163004,Erythroid early
PKLR,16,1.4521724,Erythroid early
PKLR,17,1.1321206,Erythroid early
PKLR,18,0.9859376,Erythroid early
PKLR,19,0.89233434,Erythroid early
PKLR,20,0.7587917,Erythroid early
PKLR,21,-0.4903465,Erythroid early
PKLR,22,0.367373,Erythroid early
PKLR,23,0.84512186,Erythroid early
PKLR,24,0.22909221,Erythroid early
PKLR,25,0.28960964,Erythroid early
PKLR,26,0.0964135,Erythroid early
PKLR,27,0.45473963,Erythroid early
PKLR,28,-0.12181491,Erythroid early
PKLR,29,-1.1459173,Erythroid early
PKLR,30,-0.5288727,Erythroid early
PKLR,31,-1.419465,Erythroid early
PKLR,32,0.1351297,Erythroid early
PKLR,33,-0.74742717,Erythroid early
PKLR,34,0.42300504,Erythroid early
PKLR,35,0.846505,Erythroid early
PKLR,36,0.2649245,Erythroid early
PKLR,37,-0.5560749,Erythroid early
PKLR,38,1.2997092,Erythroid early
PKLR,39,0.2762486,Erythroid early
EPCAM,0,-1.2516706,Erythroid early
EPCAM,1,-0.46659613,Erythroid early
EPCAM,2,0.53509754,Erythroid early
EPCAM,3,-0.35995692,Erythroid early
EPCAM,4,0.14455068,Erythroid early
EPCAM,5,0.25196323,Erythroid early
EPCAM,6,1.5662556,Erythroid early
EPCAM,7,0.35537502,Erythroid early
EPCAM,8,1.1188116,Erythroid early
EPCAM,9,0.5004373,Erythroid early
EPCAM,10,1.3397012,Erythroid early
EPCAM,11,0.98972374,Erythroid early
EPCAM,12,1.0049298,Erythroid early
EPCAM,13,0.6394845,Erythroid early
EPCAM,14,0.86167395,Erythroid early
EPCAM,15,1.2311349,Erythroid early
EPCAM,16,1.1621844,Erythroid early
EPCAM,17,1.7420758,Erythroid early
EPCAM,18,1.0540406,Erythroid early
EPCAM,19,0.692936,Erythroid early
EPCAM,20,0.4607204,Erythroid early
EPCAM,21,-0.29392618,Erythroid early
EPCAM,22,-0.6804134,Erythroid early
EPCAM,23,0.4663381,Erythroid early
EPCAM,24,0.28706038,Erythroid early
EPCAM,25,0.47144225,Erythroid early
EPCAM,26,0.13062462,Erythroid early
EPCAM,27,0.36417514,Erythroid early
EPCAM,28,-1.2914821,Erythroid early
EPCAM,29,-0.9182005,Erythroid early
EPCAM,30,-1.8597543,Erythroid early
EPCAM,31,-0.7783673,Erythroid early
EPCAM,32,-1.2705076,Erythroid early
EPCAM,33,-1.645964,Erythroid early
EPCAM,34,-0.77501863,Erythroid early
EPCAM,35,-0.9865374,Erythroid early
EPCAM,36,-1.9079586,Erythroid early
EPCAM,37,-1.2499706,Erythroid early
EPCAM,38,-0.20039217,Erythroid early
EPCAM,39,-1.4340514,Erythroid early
HBQ1,0,-2.8305836,Erythroid early
HBQ1,1,-2.0735843,Erythroid early
HBQ1,2,-1.655196,Erythroid early
HBQ1,3,-1.7340792,Erythroid early
HBQ1,4,-2.102291,Erythroid early
HBQ1,5,-1.5564991,Erythroid early
HBQ1,6,-0.7728357,Erythroid early
HBQ1,7,-1.1369269,Erythroid early
HBQ1,8,0.44685578,Erythroid early
HBQ1,9,-0.28488076,Erythroid early
HBQ1,10,0.8700532,Erythroid early
HBQ1,11,1.0263072,Erythroid early
HBQ1,12,0.2462848,Erythroid early
HBQ1,13,0.8923164,Erythroid early
HBQ1,14,0.46952173,Erythroid early
HBQ1,15,-0.29664236,Erythroid early
HBQ1,16,-0.18965675,Erythroid early
HBQ1,17,-0.0056068646,Erythroid early
HBQ1,18,0.98354083,Erythroid early
HBQ1,19,0.45685673,Erythroid early
HBQ1,20,1.1965575,Erythroid early
HBQ1,21,1.371252,Erythroid early
HBQ1,22,0.6221466,Erythroid early
HBQ1,23,0.27883258,Erythroid early
HBQ1,24,1.1661124,Erythroid early
HBQ1,25,0.9280672,Erythroid early
HBQ1,26,0.4659107,Erythroid early
HBQ1,27,0.6476194,Erythroid early
HBQ1,28,1.1780808,Erythroid early
HBQ1,29,-0.1335294,Erythroid early
HBQ1,30,0.4325525,Erythroid early
HBQ1,31,0.1566505,Erythroid early
HBQ1,32,0.20537174,Erythroid early
HBQ1,33,0.5776037,Erythroid early
HBQ1,34,0.18701741,Erythroid early
HBQ1,35,0.03890997,Erythroid early
HBQ1,36,0.13213024,Erythroid early
HBQ1,37,-0.121642806,Erythroid early
HBQ1,38,0.10153079,Erythroid early
HBQ1,39,-0.18412773,Erythroid early
KCNH2,0,-3.5768397,Erythroid early
KCNH2,1,-2.4701967,Erythroid early
KCNH2,2,-2.4326797,Erythroid early
KCNH2,3,-1.0785121,Erythroid early
KCNH2,4,-1.2463139,Erythroid early
KCNH2,5,-0.9786464,Erythroid early
KCNH2,6,-0.708978,Erythroid early
KCNH2,7,0.10443342,Erythroid early
KCNH2,8,-0.19700639,Erythroid early
KCNH2,9,0.04869293,Erythroid early
KCNH2,10,-0.011766604,Erythroid early
KCNH2,11,0.7798484,Erythroid early
KCNH2,12,0.30943754,Erythroid early
KCNH2,13,0.22906598,Erythroid early
KCNH2,14,0.46777725,Erythroid early
KCNH2,15,0.5392573,Erythroid early
KCNH2,16,0.780154,Erythroid early
KCNH2,17,0.27655646,Erythroid early
KCNH2,18,0.022617396,Erythroid early
KCNH2,19,0.8098928,Erythroid early
KCNH2,20,0.52062416,Erythroid early
KCNH2,21,0.6394311,Erythroid early
KCNH2,22,0.03911228,Erythroid early
KCNH2,23,0.36436424,Erythroid early
KCNH2,24,1.1883173,Erythroid early
KCNH2,25,0.31310028,Erythroid early
KCNH2,26,0.7085729,Erythroid early
KCNH2,27,0.70636237,Erythroid early
KCNH2,28,-0.15401858,Erythroid early
KCNH2,29,-0.64946455,Erythroid early
KCNH2,30,-0.20515898,Erythroid early
KCNH2,31,0.1730968,Erythroid early
KCNH2,32,0.010595943,Erythroid early
KCNH2,33,-0.3648329,Erythroid early
KCNH2,34,0.84429985,Erythroid early
KCNH2,35,0.53940755,Erythroid early
KCNH2,36,0.80039316,Erythroid early
KCNH2,37,0.9599804,Erythroid early
KCNH2,38,0.9021935,Erythroid early
KCNH2,39,0.99681395,Erythroid early
HBD,0,-0.6547047,Erythroid early
HBD,1,-0.62441975,Erythroid early
HBD,2,-0.6167527,Erythroid early
HBD,3,-0.8879169,Erythroid early
HBD,4,-0.9798443,Erythroid early
HBD,5,-0.983231,Erythroid early
HBD,6,-1.129709,Erythroid early
HBD,7,-1.0205349,Erythroid early
HBD,8,-1.5825932,Erythroid early
HBD,9,-0.8855891,Erythroid early
HBD,10,-1.1753671,Erythroid early
HBD,11,-1.0704069,Erythroid early
HBD,12,-0.6622576,Erythroid early
HBD,13,-0.7311766,Erythroid early
HBD,14,-0.7765789,Erythroid early
HBD,15,-0.55574787,Erythroid early
HBD,16,-0.74069244,Erythroid early
HBD,17,-0.710073,Erythroid early
HBD,18,-0.49445382,Erythroid early
HBD,19,-0.73518384,Erythroid early
HBD,20,-0.3104712,Erythroid early
HBD,21,-0.4247744,Erythroid early
HBD,22,0.62718296,Erythroid early
HBD,23,-0.14941812,Erythroid early
HBD,24,0.009994717,Erythroid early
HBD,25,0.19290401,Erythroid early
HBD,26,0.20559889,Erythroid early
HBD,27,0.6231499,Erythroid early
HBD,28,1.135516,Erythroid early
HBD,29,1.3374794,Erythroid early
HBD,30,1.8911567,Erythroid early
HBD,31,1.0354388,Erythroid early
HBD,32,0.956594,Erythroid early
HBD,33,1.5633603,Erythroid early
HBD,34,1.1279119,Erythroid early
HBD,35,1.2379506,Erythroid early
HBD,36,1.743582,Erythroid early
HBD,37,1.1083909,Erythroid early
HBD,38,1.3446971,Erythroid early
HBD,39,1.7609873,Erythroid early
GATA1,0,-1.2690328,Erythroid early
GATA1,1,-2.4612002,Erythroid early
GATA1,2,-0.7241949,Erythroid early
GATA1,3,-1.982574,Erythroid early
GATA1,4,-1.0438482,Erythroid early
GATA1,5,-1.9232634,Erythroid early
GATA1,6,-1.4305698,Erythroid early
GATA1,7,-1.2786016,Erythroid early
GATA1,8,0.05447806,Erythroid early
GATA1,9,0.22968611,Erythroid early
GATA1,10,0.42882794,Erythroid early
GATA1,11,0.02660489,Erythroid early
GATA1,12,0.4274677,Erythroid early
GATA1,13,-0.80013657,Erythroid early
GATA1,14,0.8845532,Erythroid early
GATA1,15,-0.59960896,Erythroid early
GATA1,16,0.37163052,Erythroid early
GATA1,17,-0.78228134,Erythroid early
GATA1,18,0.36032274,Erythroid early
GATA1,19,0.5987239,Erythroid early
GATA1,20,0.14045246,Erythroid early
GATA1,21,1.266172,Erythroid early
GATA1,22,0.52367294,Erythroid early
GATA1,23,0.64440006,Erythroid early
GATA1,24,0.56395465,Erythroid early
GATA1,25,-0.66746527,Erythroid early
GATA1,26,0.95180374,Erythroid early
GATA1,27,0.4811941,Erythroid early
GATA1,28,-1.3215176,Erythroid early
GATA1,29,0.1897978,Erythroid early
GATA1,30,-0.65029526,Erythroid early
GATA1,31,1.2835863,Erythroid early
GATA1,32,0.114633285,Erythroid early
GATA1,33,1.1806877,Erythroid early
GATA1,34,1.0965452,Erythroid early
GATA1,35,0.8742457,Erythroid early
GATA1,36,1.1368895,Erythroid early
GATA1,37,1.1452667,Erythroid early
GATA1,38,0.9926282,Erythroid early
GATA1,39,0.96632135,Erythroid early
ANK1,0,-1.7620614,Erythroid early
ANK1,1,-0.99534655,Erythroid early
ANK1,2,-0.8946771,Erythroid early
ANK1,3,1.151853,Erythroid early
ANK1,4,-0.59804815,Erythroid early
ANK1,5,0.10083626,Erythroid early
ANK1,6,0.1557933,Erythroid early
ANK1,7,-1.0948871,Erythroid early
ANK1,8,-1.1943836,Erythroid early
ANK1,9,-0.5021897,Erythroid early
ANK1,10,-0.9748158,Erythroid early
ANK1,11,-0.9695069,Erythroid early
ANK1,12,0.28114566,Erythroid early
ANK1,13,-1.5195659,Erythroid early
ANK1,14,-1.0948917,Erythroid early
ANK1,15,-0.35637626,Erythroid early
ANK1,16,0.3415505,Erythroid early
ANK1,17,0.4286207,Erythroid early
ANK1,18,-0.9903996,Erythroid early
ANK1,19,0.8093256,Erythroid early
ANK1,20,0.9432974,Erythroid early
ANK1,21,-0.09994885,Erythroid early
ANK1,22,-1.3442488,Erythroid early
ANK1,23,1.4176528,Erythroid early
ANK1,24,0.39243028,Erythroid early
ANK1,25,-0.6482801,Erythroid early
ANK1,26,-0.69960964,Erythroid early
ANK1,27,0.18510577,Erythroid early
ANK1,28,-0.6202684,Erythroid early
ANK1,29,-0.4961385,Erythroid early
ANK1,30,0.23622157,Erythroid early
ANK1,31,2.702107,Erythroid early
ANK1,32,0.33555892,Erythroid early
ANK1,33,0.24692713,Erythroid early
ANK1,34,1.0525448,Erythroid early
ANK1,35,1.3777732,Erythroid early
ANK1,36,1.4301752,Erythroid early
ANK1,37,1.1522723,Erythroid early
ANK1,38,0.6234643,Erythroid early
ANK1,39,1.4909949,Erythroid early
AHSP,0,-3.358088,Erythroid early
AHSP,1,-2.305389,Erythroid early
AHSP,2,-2.158389,Erythroid early
AHSP,3,-1.7516141,Erythroid early
AHSP,4,-1.2873381,Erythroid early
AHSP,5,-0.84728587,Erythroid early
AHSP,6,-0.8402135,Erythroid early
AHSP,7,-0.7283812,Erythroid early
AHSP,8,-0.59352815,Erythroid early
AHSP,9,-0.41053107,Erythroid early
AHSP,10,-0.3277042,Erythroid early
AHSP,11,-0.21284175,Erythroid early
AHSP,12,-0.19896649,Erythroid early
AHSP,13,0.015669571,Erythroid early
AHSP,14,-0.053763475,Erythroid early
AHSP,15,0.016228672,Erythroid early
AHSP,16,0.012384116,Erythroid early
AHSP,17,0.17798907,Erythroid early
AHSP,18,0.28905842,Erythroid early
AHSP,19,0.22574139,Erythroid early
AHSP,20,0.27255934,Erythroid early
AHSP,21,0.5075318,Erythroid early
AHSP,22,0.5464968,Erythroid early
AHSP,23,0.49561733,Erythroid early
AHSP,24,0.4558638,Erythroid early
AHSP,25,0.4973677,Erythroid early
AHSP,26,0.5577811,Erythroid early
AHSP,27,0.54510856,Erythroid early
AHSP,28,0.8264172,Erythroid early
AHSP,29,0.95520115,Erythroid early
AHSP,30,0.9474013,Erythroid early
AHSP,31,0.82004625,Erythroid early
AHSP,32,0.91512156,Erythroid early
AHSP,33,1.0910456,Erythroid early
AHSP,34,0.7272414,Erythroid early
AHSP,35,0.8131974,Erythroid early
AHSP,36,0.97506726,Erythroid early
AHSP,37,0.73745596,Erythroid early
AHSP,38,0.7636439,Erythroid early
AHSP,39,0.8867798,Erythroid early
CA1,0,-2.2528226,Erythroid early
CA1,1,-1.6044158,Erythroid early
CA1,2,-1.91956,Erythroid early
CA1,3,-1.1293955,Erythroid early
CA1,4,-1.5979177,Erythroid early
CA1,5,-1.5965159,Erythroid early
CA1,6,-0.8173368,Erythroid early
CA1,7,-0.9809898,Erythroid early
CA1,8,-0.8883076,Erythroid early
CA1,9,-1.5394354,Erythroid early
CA1,10,-0.09380249,Erythroid early
CA1,11,-0.47342733,Erythroid early
CA1,12,-1.0754396,Erythroid early
CA1,13,-0.27198288,Erythroid early
CA1,14,-0.093110934,Erythroid early
CA1,15,0.31080183,Erythroid early
CA1,16,-0.057554692,Erythroid early
CA1,17,0.19198494,Erythroid early
CA1,18,-0.10796154,Erythroid early
CA1,19,0.01961762,Erythroid early
CA1,20,0.525314,Erythroid early
CA1,21,0.029154679,Erythroid early
CA1,22,0.4745516,Erythroid early
CA1,23,0.55754066,Erythroid early
CA1,24,1.0496024,Erythroid early
CA1,25,0.6826333,Erythroid early
CA1,26,0.61750406,Erythroid early
CA1,27,0.258652,Erythroid early
CA1,28,0.40464026,Erythroid early
CA1,29,0.2715713,Erythroid early
CA1,30,0.8956357,Erythroid early
CA1,31,1.2085512,Erythroid early
CA1,32,0.64410734,Erythroid early
CA1,33,1.3656324,Erythroid early
CA1,34,1.1535901,Erythroid early
CA1,35,0.92062896,Erythroid early
CA1,36,1.290236,Erythroid early
CA1,37,1.1655332,Erythroid early
CA1,38,1.364815,Erythroid early
CA1,39,1.0976716,Erythroid early
GYPA,0,-1.7494566,Erythroid early
GYPA,1,-1.7284585,Erythroid early
GYPA,2,-1.7368355,Erythroid early
GYPA,3,-1.5529623,Erythroid early
GYPA,4,-1.631296,Erythroid early
GYPA,5,-1.4567655,Erythroid early
GYPA,6,-1.3144995,Erythroid early
GYPA,7,-1.2020283,Erythroid early
GYPA,8,-0.9049374,Erythroid early
GYPA,9,-1.051385,Erythroid early
GYPA,10,-0.86052716,Erythroid early
GYPA,11,-0.5754543,Erythroid early
GYPA,12,-0.43541482,Erythroid early
GYPA,13,-0.44493622,Erythroid early
GYPA,14,-0.3447572,Erythroid early
GYPA,15,-0.15565063,Erythroid early
GYPA,16,-0.17545861,Erythroid early
GYPA,17,-0.14030023,Erythroid early
GYPA,18,0.13725929,Erythroid early
GYPA,19,0.35772833,Erythroid early
GYPA,20,0.3346113,Erythroid early
GYPA,21,0.1982596,Erythroid early
GYPA,22,0.5054314,Erythroid early
GYPA,23,0.3987922,Erythroid early
GYPA,24,0.44881174,Erythroid early
GYPA,25,0.45062965,Erythroid early
GYPA,26,0.62976354,Erythroid early
GYPA,27,0.7363491,Erythroid early
GYPA,28,0.97603077,Erythroid early
GYPA,29,0.89562845,Erythroid early
GYPA,30,1.2373738,Erythroid early
GYPA,31,0.97649235,Erythroid early
GYPA,32,1.0168658,Erythroid early
GYPA,33,1.4142562,Erythroid early
GYPA,34,1.0103849,Erythroid early
GYPA,35,1.0221379,Erythroid early
GYPA,36,1.2763224,Erythroid early
GYPA,37,1.0210781,Erythroid early
GYPA,38,1.1699408,Erythroid early
GYPA,39,1.246973,Erythroid early
TMEM56,0,-2.2539916,Erythroid early
TMEM56,1,-1.8029324,Erythroid early
TMEM56,2,-2.0364947,Erythroid early
TMEM56,3,-1.5451845,Erythroid early
TMEM56,4,-1.6322732,Erythroid early
TMEM56,5,-1.471778,Erythroid early
TMEM56,6,-0.9284718,Erythroid early
TMEM56,7,-0.4200074,Erythroid early
TMEM56,8,-0.5004224,Erythroid early
TMEM56,9,-0.68999517,Erythroid early
TMEM56,10,-0.5633467,Erythroid early
TMEM56,11,-0.75808454,Erythroid early
TMEM56,12,-0.10321444,Erythroid early
TMEM56,13,-0.619382,Erythroid early
TMEM56,14,-0.41985956,Erythroid early
TMEM56,15,-0.28747955,Erythroid early
TMEM56,16,0.27847323,Erythroid early
TMEM56,17,0.02046517,Erythroid early
TMEM56,18,-0.30584073,Erythroid early
TMEM56,19,0.561089,Erythroid early
TMEM56,20,0.29401898,Erythroid early
TMEM56,21,-0.23396467,Erythroid early
TMEM56,22,0.55398434,Erythroid early
TMEM56,23,0.56214017,Erythroid early
TMEM56,24,0.7465404,Erythroid early
TMEM56,25,0.6425627,Erythroid early
TMEM56,26,0.5410628,Erythroid early
TMEM56,27,0.9896529,Erythroid early
TMEM56,28,0.29240984,Erythroid early
TMEM56,29,0.35160145,Erythroid early
TMEM56,30,0.47590375,Erythroid early
TMEM56,31,0.4821505,Erythroid early
TMEM56,32,0.9751342,Erythroid early
TMEM56,33,1.7153584,Erythroid early
TMEM56,34,0.62452215,Erythroid early
TMEM56,35,1.4035503,Erythroid early
TMEM56,36,1.0769577,Erythroid early
TMEM56,37,1.0430094,Erythroid early
TMEM56,38,1.5121701,Erythroid early
TMEM56,39,1.4299664,Erythroid early
HBB,0,-3.5136225,Erythroid early
HBB,1,-2.4411616,Erythroid early
HBB,2,-2.0238655,Erythroid early
HBB,3,-1.2734256,Erythroid early
HBB,4,-0.98408407,Erythroid early
HBB,5,-1.0113419,Erythroid early
HBB,6,-0.9350678,Erythroid early
HBB,7,-0.7932041,Erythroid early
HBB,8,-0.55576897,Erythroid early
HBB,9,-0.49323437,Erythroid early
HBB,10,-0.38800758,Erythroid early
HBB,11,-0.25781485,Erythroid early
HBB,12,-0.2863872,Erythroid early
HBB,13,-0.103497185,Erythroid early
HBB,14,0.011258771,Erythroid early
HBB,15,0.06451836,Erythroid early
HBB,16,-0.011579175,Erythroid early
HBB,17,0.09580505,Erythroid early
HBB,18,0.24593736,Erythroid early
HBB,19,0.21697643,Erythroid early
HBB,20,0.2690344,Erythroid early
HBB,21,0.41411924,Erythroid early
HBB,22,0.5222836,Erythroid early
HBB,23,0.42861196,Erythroid early
HBB,24,0.45079,Erythroid early
HBB,25,0.52138865,Erythroid early
HBB,26,0.48143536,Erythroid early
HBB,27,0.60038304,Erythroid early
HBB,28,0.7811878,Erythroid early
HBB,29,0.8889336,Erythroid early
HBB,30,0.96209157,Erythroid early
HBB,31,0.84303546,Erythroid early
HBB,32,0.8662615,Erythroid early
HBB,33,1.1000378,Erythroid early
HBB,34,0.7923778,Erythroid early
HBB,35,0.8194664,Erythroid early
HBB,36,1.0377156,Erythroid early
HBB,37,0.8441669,Erythroid early
HBB,38,0.8962244,Erythroid early
HBB,39,0.91798335,Erythroid early
SMIM1,0,-1.7894102,Erythroid early
SMIM1,1,-1.870503,Erythroid early
SMIM1,2,-1.1609714,Erythroid early
SMIM1,3,-1.6865245,Erythroid early
SMIM1,4,-0.9933269,Erythroid early
SMIM1,5,-1.1258764,Erythroid early
SMIM1,6,-1.5124433,Erythroid early
SMIM1,7,-1.496463,Erythroid early
SMIM1,8,-1.11502,Erythroid early
SMIM1,9,-0.32810307,Erythroid early
SMIM1,10,-0.81627077,Erythroid early
SMIM1,11,-0.32425892,Erythroid early
SMIM1,12,-0.65769094,Erythroid early
SMIM1,13,-0.4538685,Erythroid early
SMIM1,14,-0.2837706,Erythroid early
SMIM1,15,-0.44831023,Erythroid early
SMIM1,16,-0.63435405,Erythroid early
SMIM1,17,-0.3841776,Erythroid early
SMIM1,18,-0.2015047,Erythroid early
SMIM1,19,-0.5205757,Erythroid early
SMIM1,20,0.5874341,Erythroid early
SMIM1,21,0.49338117,Erythroid early
SMIM1,22,0.5428167,Erythroid early
SMIM1,23,0.6706166,Erythroid early
SMIM1,24,0.6851822,Erythroid early
SMIM1,25,0.76505226,Erythroid early
SMIM1,26,0.7403817,Erythroid early
SMIM1,27,0.70489025,Erythroid early
SMIM1,28,0.85403305,Erythroid early
SMIM1,29,0.90718627,Erythroid early
SMIM1,30,1.6890032,Erythroid early
SMIM1,31,0.6776103,Erythroid early
SMIM1,32,0.99430734,Erythroid early
SMIM1,33,1.7856133,Erythroid early
SMIM1,34,0.94790614,Erythroid early
SMIM1,35,0.94620436,Erythroid early
SMIM1,36,1.1920438,Erythroid early
SMIM1,37,0.34819546,Erythroid early
SMIM1,38,1.0098171,Erythroid early
SMIM1,39,1.2617565,Erythroid early
HBA1,0,-2.4404263,Erythroid early
HBA1,1,-2.1683798,Erythroid early
HBA1,2,-2.0694942,Erythroid early
HBA1,3,-1.7569957,Erythroid early
HBA1,4,-1.4252979,Erythroid early
HBA1,5,-1.3201817,Erythroid early
HBA1,6,-1.1790035,Erythroid early
HBA1,7,-1.0820819,Erythroid early
HBA1,8,-0.72503066,Erythroid early
HBA1,9,-0.7390414,Erythroid early
HBA1,10,-0.51170254,Erythroid early
HBA1,11,-0.45570695,Erythroid early
HBA1,12,-0.404192,Erythroid early
HBA1,13,-0.18541981,Erythroid early
HBA1,14,-0.02455531,Erythroid early
HBA1,15,-0.028494945,Erythroid early
HBA1,16,-0.114594676,Erythroid early
HBA1,17,0.026417963,Erythroid early
HBA1,18,0.31529754,Erythroid early
HBA1,19,0.30769524,Erythroid early
HBA1,20,0.37938213,Erythroid early
HBA1,21,0.43963152,Erythroid early
HBA1,22,0.62193894,Erythroid early
HBA1,23,0.5443392,Erythroid early
HBA1,24,0.5992389,Erythroid early
HBA1,25,0.63826555,Erythroid early
HBA1,26,0.5813641,Erythroid early
HBA1,27,0.67706525,Erythroid early
HBA1,28,0.92124397,Erythroid early
HBA1,29,0.95535845,Erythroid early
HBA1,30,1.0568488,Erythroid early
HBA1,31,0.9014957,Erythroid early
HBA1,32,0.9538084,Erythroid early
HBA1,33,1.1399556,Erythroid early
HBA1,34,0.82780397,Erythroid early
HBA1,35,0.9472498,Erythroid early
HBA1,36,1.0378915,Erythroid early
HBA1,37,0.8718616,Erythroid early
HBA1,38,0.88768333,Erythroid early
HBA1,39,0.9987559,Erythroid early
KLF1,0,-3.1651452,Erythroid early
KLF1,1,-1.7954255,Erythroid early
KLF1,2,-1.7964249,Erythroid early
KLF1,3,-1.3343364,Erythroid early
KLF1,4,-1.4757696,Erythroid early
KLF1,5,-1.1540664,Erythroid early
KLF1,6,-0.77066344,Erythroid early
KLF1,7,-0.3047691,Erythroid early
KLF1,8,-0.66447234,Erythroid early
KLF1,9,-0.3633341,Erythroid early
KLF1,10,-0.004907865,Erythroid early
KLF1,11,-0.3001049,Erythroid early
KLF1,12,0.539153,Erythroid early
KLF1,13,-0.652001,Erythroid early
KLF1,14,-0.021189718,Erythroid early
KLF1,15,-0.34650856,Erythroid early
KLF1,16,0.39691943,Erythroid early
KLF1,17,-0.807357,Erythroid early
KLF1,18,0.10919369,Erythroid early
KLF1,19,0.8080035,Erythroid early
KLF1,20,0.18125282,Erythroid early
KLF1,21,0.63295317,Erythroid early
KLF1,22,-0.58154947,Erythroid early
KLF1,23,0.5196812,Erythroid early
KLF1,24,1.4035373,Erythroid early
KLF1,25,0.6212263,Erythroid early
KLF1,26,1.1299797,Erythroid early
KLF1,27,0.40119904,Erythroid early
KLF1,28,0.38968825,Erythroid early
KLF1,29,0.27916765,Erythroid early
KLF1,30,-0.25862494,Erythroid early
KLF1,31,0.90055895,Erythroid early
KLF1,32,0.7327474,Erythroid early
KLF1,33,0.837227,Erythroid early
KLF1,34,1.1306121,Erythroid early
KLF1,35,1.6583247,Erythroid early
KLF1,36,0.23651989,Erythroid early
KLF1,37,0.7730073,Erythroid early
KLF1,38,0.5683442,Erythroid early
KLF1,39,1.5473403,Erythroid early
HMBS,0,-1.9028567,Erythroid early
HMBS,1,-1.5408118,Erythroid early
HMBS,2,-1.490596,Erythroid early
HMBS,3,-1.3716366,Erythroid early
HMBS,4,-1.3172249,Erythroid early
HMBS,5,-1.3779813,Erythroid early
HMBS,6,-1.2700933,Erythroid early
HMBS,7,-1.2634609,Erythroid early
HMBS,8,-0.9368054,Erythroid early
HMBS,9,-1.0120896,Erythroid early
HMBS,10,-0.6224234,Erythroid early
HMBS,11,-1.0575321,Erythroid early
HMBS,12,-0.46121016,Erythroid early
HMBS,13,-0.67320114,Erythroid early
HMBS,14,-0.3985098,Erythroid early
HMBS,15,-0.3137564,Erythroid early
HMBS,16,-0.068074144,Erythroid early
HMBS,17,0.0083965715,Erythroid early
HMBS,18,-0.16496184,Erythroid early
HMBS,19,0.07489682,Erythroid early
HMBS,20,0.016407618,Erythroid early
HMBS,21,0.39473277,Erythroid early
HMBS,22,0.38970408,Erythroid early
HMBS,23,0.06900051,Erythroid early
HMBS,24,0.28312644,Erythroid early
HMBS,25,0.58309686,Erythroid early
HMBS,26,0.648933,Erythroid early
HMBS,27,0.66499555,Erythroid early
HMBS,28,0.9139578,Erythroid early
HMBS,29,1.1082767,Erythroid early
HMBS,30,0.9629928,Erythroid early
HMBS,31,0.8826639,Erythroid early
HMBS,32,1.0995967,Erythroid early
HMBS,33,1.3054267,Erythroid early
HMBS,34,1.1111615,Erythroid early
HMBS,35,1.0931716,Erythroid early
HMBS,36,1.5400366,Erythroid early
HMBS,37,1.3025799,Erythroid early
HMBS,38,1.294868,Erythroid early
HMBS,39,1.495212,Erythroid early
BLVRB,0,-2.8830962,Erythroid early
BLVRB,1,-2.0336437,Erythroid early
BLVRB,2,-1.7517468,Erythroid early
BLVRB,3,-1.6944587,Erythroid early
BLVRB,4,-1.6709256,Erythroid early
BLVRB,5,-1.1856394,Erythroid early
BLVRB,6,-1.0516158,Erythroid early
BLVRB,7,-0.7475426,Erythroid early
BLVRB,8,-0.7348179,Erythroid early
BLVRB,9,-0.5084052,Erythroid early
BLVRB,10,-0.57053417,Erythroid early
BLVRB,11,-0.45103073,Erythroid early
BLVRB,12,-0.38019866,Erythroid early
BLVRB,13,-0.16088754,Erythroid early
BLVRB,14,-0.19433214,Erythroid early
BLVRB,15,0.010993943,Erythroid early
BLVRB,16,0.118371785,Erythroid early
BLVRB,17,-0.057413522,Erythroid early
BLVRB,18,0.20410226,Erythroid early
BLVRB,19,0.082634434,Erythroid early
BLVRB,20,0.40582025,Erythroid early
BLVRB,21,0.24625318,Erythroid early
BLVRB,22,0.4950481,Erythroid early
BLVRB,23,0.38447884,Erythroid early
BLVRB,24,0.5039163,Erythroid early
BLVRB,25,0.66647,Erythroid early
BLVRB,26,0.47367853,Erythroid early
BLVRB,27,0.41691276,Erythroid early
BLVRB,28,0.9233126,Erythroid early
BLVRB,29,0.834648,Erythroid early
BLVRB,30,0.98760885,Erythroid early
BLVRB,31,0.6593767,Erythroid early
BLVRB,32,0.9543499,Erythroid early
BLVRB,33,1.2153773,Erythroid early
BLVRB,34,1.0588064,Erythroid early
BLVRB,35,0.9570017,Erythroid early
BLVRB,36,1.2338204,Erythroid early
BLVRB,37,1.0329243,Erythroid early
BLVRB,38,1.0116233,Erythroid early
BLVRB,39,1.1987545,Erythroid early
SPTA1,0,-2.7682903,Erythroid early
SPTA1,1,-1.803482,Erythroid early
SPTA1,2,-1.5911618,Erythroid early
SPTA1,3,-1.0600643,Erythroid early
SPTA1,4,-0.8623576,Erythroid early
SPTA1,5,-1.3689244,Erythroid early
SPTA1,6,-1.2299713,Erythroid early
SPTA1,7,-1.1781584,Erythroid early
SPTA1,8,-0.16895488,Erythroid early
SPTA1,9,-0.971813,Erythroid early
SPTA1,10,-0.02141679,Erythroid early
SPTA1,11,-0.8345008,Erythroid early
SPTA1,12,-0.081999965,Erythroid early
SPTA1,13,-0.58475256,Erythroid early
SPTA1,14,-0.44366843,Erythroid early
SPTA1,15,0.31181517,Erythroid early
SPTA1,16,0.14955498,Erythroid early
SPTA1,17,-0.34944132,Erythroid early
SPTA1,18,-0.3321993,Erythroid early
SPTA1,19,0.67365706,Erythroid early
SPTA1,20,-0.43464273,Erythroid early
SPTA1,21,-0.13117169,Erythroid early
SPTA1,22,0.14297265,Erythroid early
SPTA1,23,1.1192762,Erythroid early
SPTA1,24,0.44596305,Erythroid early
SPTA1,25,0.028209781,Erythroid early
SPTA1,26,-0.17519614,Erythroid early
SPTA1,27,0.6998958,Erythroid early
SPTA1,28,0.9810521,Erythroid early
SPTA1,29,0.46461976,Erythroid early
SPTA1,30,1.2995445,Erythroid early
SPTA1,31,0.7336002,Erythroid early
SPTA1,32,0.8957326,Erythroid early
SPTA1,33,1.1235578,Erythroid early
SPTA1,34,1.0983876,Erythroid early
SPTA1,35,1.1056317,Erythroid early
SPTA1,36,1.1314081,Erythroid early
SPTA1,37,1.6821135,Erythroid early
SPTA1,38,1.043485,Erythroid early
SPTA1,39,1.2616885,Erythroid early
GFI1B,0,-1.6954378,Erythroid early
GFI1B,1,-1.4259044,Erythroid early
GFI1B,2,-1.5686216,Erythroid early
GFI1B,3,-0.92889905,Erythroid early
GFI1B,4,-1.3303369,Erythroid early
GFI1B,5,-1.0700256,Erythroid early
GFI1B,6,-1.0797403,Erythroid early
GFI1B,7,-1.3210526,Erythroid early
GFI1B,8,-0.6836061,Erythroid early
GFI1B,9,-0.51562446,Erythroid early
GFI1B,10,-0.42092335,Erythroid early
GFI1B,11,-0.37909716,Erythroid early
GFI1B,12,-0.56047696,Erythroid early
GFI1B,13,-1.5821902,Erythroid early
GFI1B,14,-0.3731697,Erythroid early
GFI1B,15,-0.59365124,Erythroid early
GFI1B,16,-0.55146736,Erythroid early
GFI1B,17,-0.4511103,Erythroid early
GFI1B,18,-0.54586494,Erythroid early
GFI1B,19,-0.30394796,Erythroid early
GFI1B,20,-0.14545281,Erythroid early
GFI1B,21,-0.08049413,Erythroid early
GFI1B,22,0.6594921,Erythroid early
GFI1B,23,0.66233593,Erythroid early
GFI1B,24,0.26548126,Erythroid early
GFI1B,25,0.6620135,Erythroid early
GFI1B,26,1.2946261,Erythroid early
GFI1B,27,0.08040064,Erythroid early
GFI1B,28,1.0731391,Erythroid early
GFI1B,29,1.3047055,Erythroid early
GFI1B,30,0.97569263,Erythroid early
GFI1B,31,0.8655748,Erythroid early
GFI1B,32,1.4209751,Erythroid early
GFI1B,33,1.2769417,Erythroid early
GFI1B,34,0.9083132,Erythroid early
GFI1B,35,1.2910628,Erythroid early
GFI1B,36,1.0115391,Erythroid early
GFI1B,37,1.947387,Erythroid early
GFI1B,38,1.3129056,Erythroid early
GFI1B,39,0.5945028,Erythroid early
NFIA,0,-2.3039763,Erythroid early
NFIA,1,-1.4253532,Erythroid early
NFIA,2,-1.276237,Erythroid early
NFIA,3,-0.89333683,Erythroid early
NFIA,4,-1.9006605,Erythroid early
NFIA,5,-1.6284899,Erythroid early
NFIA,6,-1.393001,Erythroid early
NFIA,7,-0.4212059,Erythroid early
NFIA,8,-0.6678943,Erythroid early
NFIA,9,0.23110625,Erythroid early
NFIA,10,-1.1634221,Erythroid early
NFIA,11,-0.12220918,Erythroid early
NFIA,12,-0.13757952,Erythroid early
NFIA,13,-0.618056,Erythroid early
NFIA,14,0.06800169,Erythroid early
NFIA,15,0.07306588,Erythroid early
NFIA,16,-0.050421324,Erythroid early
NFIA,17,0.71739787,Erythroid early
NFIA,18,0.4281835,Erythroid early
NFIA,19,1.147866,Erythroid early
NFIA,20,-0.74295145,Erythroid early
NFIA,21,-0.7292048,Erythroid early
NFIA,22,0.6085915,Erythroid early
NFIA,23,0.6501643,Erythroid early
NFIA,24,-0.20294248,Erythroid early
NFIA,25,-0.4943976,Erythroid early
NFIA,26,0.1999881,Erythroid early
NFIA,27,-0.13522902,Erythroid early
NFIA,28,0.80743253,Erythroid early
NFIA,29,0.46160895,Erythroid early
NFIA,30,0.801218,Erythroid early
NFIA,31,1.0540866,Erythroid early
NFIA,32,0.09599866,Erythroid early
NFIA,33,0.8753918,Erythroid early
NFIA,34,0.8729418,Erythroid early
NFIA,35,1.3391902,Erythroid early
NFIA,36,0.83809566,Erythroid early
NFIA,37,1.4081328,Erythroid early
NFIA,38,2.0563562,Erythroid early
NFIA,39,1.5717047,Erythroid early
FECH,0,-2.4035575,Erythroid early
FECH,1,-1.334374,Erythroid early
FECH,2,-1.9908487,Erythroid early
FECH,3,-1.5054559,Erythroid early
FECH,4,-1.5570942,Erythroid early
FECH,5,-1.4093165,Erythroid early
FECH,6,-0.22444248,Erythroid early
FECH,7,-0.46352878,Erythroid early
FECH,8,-0.68095285,Erythroid early
FECH,9,-0.81656444,Erythroid early
FECH,10,-0.42767164,Erythroid early
FECH,11,-0.43306294,Erythroid early
FECH,12,-0.70379084,Erythroid early
FECH,13,-0.69664365,Erythroid early
FECH,14,-0.32363722,Erythroid early
FECH,15,-0.30132303,Erythroid early
FECH,16,0.4125157,Erythroid early
FECH,17,-0.31852028,Erythroid early
FECH,18,0.17482884,Erythroid early
FECH,19,0.24369493,Erythroid early
FECH,20,0.04983152,Erythroid early
FECH,21,0.13480455,Erythroid early
FECH,22,0.08480304,Erythroid early
FECH,23,-0.20266603,Erythroid early
FECH,24,0.19496477,Erythroid early
FECH,25,-0.057735823,Erythroid early
FECH,26,0.37135223,Erythroid early
FECH,27,0.4871203,Erythroid early
FECH,28,0.6080206,Erythroid early
FECH,29,0.78428835,Erythroid early
FECH,30,0.97660226,Erythroid early
FECH,31,0.6024243,Erythroid early
FECH,32,0.66371465,Erythroid early
FECH,33,1.5970005,Erythroid early
FECH,34,1.0737815,Erythroid early
FECH,35,0.83547074,Erythroid early
FECH,36,1.5749071,Erythroid early
FECH,37,1.4065968,Erythroid early
FECH,38,1.8916278,Erythroid early
FECH,39,1.6828235,Erythroid early
RHAG,0,-2.3449407,Erythroid early
RHAG,1,-1.5642481,Erythroid early
RHAG,2,-2.1601567,Erythroid early
RHAG,3,-1.8416119,Erythroid early
RHAG,4,-1.3462707,Erythroid early
RHAG,5,-1.1304181,Erythroid early
RHAG,6,-0.7395365,Erythroid early
RHAG,7,-0.7188891,Erythroid early
RHAG,8,-0.9711556,Erythroid early
RHAG,9,-0.53110194,Erythroid early
RHAG,10,-0.30376354,Erythroid early
RHAG,11,-0.3749263,Erythroid early
RHAG,12,-0.6100849,Erythroid early
RHAG,13,-0.2426113,Erythroid early
RHAG,14,-0.69535726,Erythroid early
RHAG,15,0.00031612816,Erythroid early
RHAG,16,0.09086922,Erythroid early
RHAG,17,0.053459205,Erythroid early
RHAG,18,-0.11765824,Erythroid early
RHAG,19,0.20322739,Erythroid early
RHAG,20,-0.22236584,Erythroid early
RHAG,21,0.16956088,Erythroid early
RHAG,22,0.0010861694,Erythroid early
RHAG,23,0.38072938,Erythroid early
RHAG,24,-0.05218825,Erythroid early
RHAG,25,0.19214168,Erythroid early
RHAG,26,0.60011244,Erythroid early
RHAG,27,0.6909925,Erythroid early
RHAG,28,1.0374591,Erythroid early
RHAG,29,0.8829361,Erythroid early
RHAG,30,0.7629359,Erythroid early
RHAG,31,0.79721117,Erythroid early
RHAG,32,1.0863721,Erythroid early
RHAG,33,0.79481405,Erythroid early
RHAG,34,1.1804347,Erythroid early
RHAG,35,1.1811821,Erythroid early
RHAG,36,1.3319033,Erythroid early
RHAG,37,1.409067,Erythroid early
RHAG,38,1.5371296,Erythroid early
RHAG,39,1.583348,Erythroid early
CA2,0,-2.3091168,Erythroid early
CA2,1,-1.9042469,Erythroid early
CA2,2,-1.6546707,Erythroid early
CA2,3,-1.5702971,Erythroid early
CA2,4,-1.4494348,Erythroid early
CA2,5,-1.4657023,Erythroid early
CA2,6,-1.1123602,Erythroid early
CA2,7,-0.9632807,Erythroid early
CA2,8,-0.8905534,Erythroid early
CA2,9,-0.59938,Erythroid early
CA2,10,-0.5462906,Erythroid early
CA2,11,-0.5633097,Erythroid early
CA2,12,-0.44387367,Erythroid early
CA2,13,-0.28134057,Erythroid early
CA2,14,-0.07398888,Erythroid early
CA2,15,0.17301385,Erythroid early
CA2,16,0.16139135,Erythroid early
CA2,17,-0.092445225,Erythroid early
CA2,18,-0.06432609,Erythroid early
CA2,19,-0.052668486,Erythroid early
CA2,20,-0.0009213456,Erythroid early
CA2,21,-0.17253846,Erythroid early
CA2,22,0.29824823,Erythroid early
CA2,23,0.092397876,Erythroid early
CA2,24,0.3802386,Erythroid early
CA2,25,0.48072731,Erythroid early
CA2,26,0.65459245,Erythroid early
CA2,27,0.3355012,Erythroid early
CA2,28,0.750438,Erythroid early
CA2,29,0.7545872,Erythroid early
CA2,30,0.9457749,Erythroid early
CA2,31,0.9414157,Erythroid early
CA2,32,1.0725702,Erythroid early
CA2,33,1.3886467,Erythroid early
CA2,34,0.97847456,Erythroid early
CA2,35,1.2695414,Erythroid early
CA2,36,1.3971074,Erythroid early
CA2,37,1.374724,Erythroid early
CA2,38,1.2340888,Erythroid early
CA2,39,1.5272621,Erythroid early
ALAS2,0,-1.6386057,Erythroid early
ALAS2,1,-1.5835363,Erythroid early
ALAS2,2,-1.5638885,Erythroid early
ALAS2,3,-1.4801657,Erythroid early
ALAS2,4,-1.4128125,Erythroid early
ALAS2,5,-1.343988,Erythroid early
ALAS2,6,-1.2644601,Erythroid early
ALAS2,7,-1.1280906,Erythroid early
ALAS2,8,-0.9906508,Erythroid early
ALAS2,9,-0.81542206,Erythroid early
ALAS2,10,-0.8768513,Erythroid early
ALAS2,11,-0.63074225,Erythroid early
ALAS2,12,-0.84804016,Erythroid early
ALAS2,13,-0.53457373,Erythroid early
ALAS2,14,-0.37063342,Erythroid early
ALAS2,15,-0.34643075,Erythroid early
ALAS2,16,-0.29560247,Erythroid early
ALAS2,17,-0.3511656,Erythroid early
ALAS2,18,-0.16332574,Erythroid early
ALAS2,19,-0.09111679,Erythroid early
ALAS2,20,0.1590948,Erythroid early
ALAS2,21,-0.035558447,Erythroid early
ALAS2,22,0.49971157,Erythroid early
ALAS2,23,0.41637048,Erythroid early
ALAS2,24,0.60381144,Erythroid early
ALAS2,25,0.6173367,Erythroid early
ALAS2,26,0.54507214,Erythroid early
ALAS2,27,0.5764943,Erythroid early
ALAS2,28,1.1001133,Erythroid early
ALAS2,29,0.9964534,Erythroid early
ALAS2,30,1.192259,Erythroid early
ALAS2,31,1.1609879,Erythroid early
ALAS2,32,1.1261854,Erythroid early
ALAS2,33,1.2863488,Erythroid early
ALAS2,34,0.9667025,Erythroid early
ALAS2,35,1.212926,Erythroid early
ALAS2,36,1.3682684,Erythroid early
ALAS2,37,1.3177124,Erythroid early
ALAS2,38,1.2403142,Erythroid early
ALAS2,39,1.3795016,Erythroid early
MYL4,0,-1.9885296,Erythroid early
MYL4,1,-1.7397463,Erythroid early
MYL4,2,-1.6145328,Erythroid early
MYL4,3,-1.4863112,Erythroid early
MYL4,4,-1.4483532,Erythroid early
MYL4,5,-1.4876684,Erythroid early
MYL4,6,-1.2253313,Erythroid early
MYL4,7,-1.275285,Erythroid early
MYL4,8,-1.0954797,Erythroid early
MYL4,9,-0.8066149,Erythroid early
MYL4,10,-0.461375,Erythroid early
MYL4,11,-0.12318979,Erythroid early
MYL4,12,-0.22970904,Erythroid early
MYL4,13,-0.5271662,Erythroid early
MYL4,14,-0.38482344,Erythroid early
MYL4,15,-0.36511728,Erythroid early
MYL4,16,-0.16974036,Erythroid early
MYL4,17,-0.47447196,Erythroid early
MYL4,18,0.17766234,Erythroid early
MYL4,19,-0.09896464,Erythroid early
MYL4,20,0.13816832,Erythroid early
MYL4,21,0.0895522,Erythroid early
MYL4,22,0.573769,Erythroid early
MYL4,23,0.32423344,Erythroid early
MYL4,24,0.5273297,Erythroid early
MYL4,25,0.38889694,Erythroid early
MYL4,26,0.6093322,Erythroid early
MYL4,27,0.55000335,Erythroid early
MYL4,28,0.9825587,Erythroid early
MYL4,29,0.94597656,Erythroid early
MYL4,30,0.84820807,Erythroid early
MYL4,31,0.9868661,Erythroid early
MYL4,32,1.362409,Erythroid early
MYL4,33,1.3289064,Erythroid early
MYL4,34,0.942959,Erythroid early
MYL4,35,0.8947648,Erythroid early
MYL4,36,1.552649,Erythroid early
MYL4,37,1.01631,Erythroid early
MYL4,38,1.1678703,Erythroid early
MYL4,39,1.5939728,Erythroid early
EPB42,0,-1.7135692,Erythroid early
EPB42,1,-1.6412364,Erythroid early
EPB42,2,-1.4565287,Erythroid early
EPB42,3,-1.3514274,Erythroid early
EPB42,4,-1.4571942,Erythroid early
EPB42,5,-1.2253214,Erythroid early
EPB42,6,-1.2802289,Erythroid early
EPB42,7,-0.51476806,Erythroid early
EPB42,8,-0.84550077,Erythroid early
EPB42,9,-0.70746285,Erythroid early
EPB42,10,-1.2264975,Erythroid early
EPB42,11,-0.24932413,Erythroid early
EPB42,12,-0.2684325,Erythroid early
EPB42,13,-0.05918655,Erythroid early
EPB42,14,-0.6518147,Erythroid early
EPB42,15,-0.34693694,Erythroid early
EPB42,16,0.21569566,Erythroid early
EPB42,17,-0.24267627,Erythroid early
EPB42,18,-0.15703215,Erythroid early
EPB42,19,-0.0873225,Erythroid early
EPB42,20,-0.56873715,Erythroid early
EPB42,21,0.016500974,Erythroid early
EPB42,22,0.041477486,Erythroid early
EPB42,23,0.042661935,Erythroid early
EPB42,24,0.5059115,Erythroid early
EPB42,25,0.33202577,Erythroid early
EPB42,26,0.38498273,Erythroid early
EPB42,27,0.7802674,Erythroid early
EPB42,28,0.06352043,Erythroid early
EPB42,29,0.5038345,Erythroid early
EPB42,30,0.6138659,Erythroid early
EPB42,31,0.692938,Erythroid early
EPB42,32,0.87093014,Erythroid early
EPB42,33,1.2183177,Erythroid early
EPB42,34,1.1976633,Erythroid early
EPB42,35,1.2428721,Erythroid early
EPB42,36,1.938943,Erythroid early
EPB42,37,1.6139069,Erythroid early
EPB42,38,1.691637,Erythroid early
EPB42,39,2.0832481,Erythroid early
CD79B,0,2.8245766,B naive
CD79B,1,1.9529417,B naive
CD79B,2,1.1038969,B naive
CD79B,3,0.94814783,B naive
CD79B,4,-0.08776925,B naive
CD79B,5,0.016886652,B naive
CD79B,6,0.12956429,B naive
CD79B,7,-1.5853903,B naive
CD79B,8,-1.2684904,B naive
CD79B,9,-1.1839364,B naive
CD79B,10,-0.463478,B naive
CD79B,11,-1.1864679,B naive
CD79B,12,-1.0826011,B naive
CD79B,13,-1.1663728,B naive
CD79B,14,-0.90006375,B naive
CD79B,15,-1.1285521,B naive
CD79B,16,-0.8293539,B naive
CD79B,17,-0.64258456,B naive
CD79B,18,-0.3798962,B naive
CD79B,19,-0.8190423,B naive
CD79B,20,-0.7309958,B naive
CD79B,21,-0.2512881,B naive
CD79B,22,-0.16323045,B naive
CD79B,23,-0.34127915,B naive
CD79B,24,-0.3603509,B naive
CD79B,25,0.08567238,B naive
CD79B,26,-0.41527325,B naive
CD79B,27,0.09833639,B naive
CD79B,28,0.24141699,B naive
CD79B,29,0.12681438,B naive
CD79B,30,-0.13474528,B naive
CD79B,31,0.22422284,B naive
CD79B,32,0.36773568,B naive
CD79B,33,0.5534393,B naive
CD79B,34,0.4306109,B naive
CD79B,35,0.48999777,B naive
CD79B,36,0.6502921,B naive
CD79B,37,0.6225653,B naive
CD79B,38,1.6485473,B naive
CD79B,39,2.6055021,B naive
VPREB3,0,4.1989846,B naive
VPREB3,1,2.524857,B naive
VPREB3,2,1.1494218,B naive
VPREB3,3,1.0865885,B naive
VPREB3,4,-0.068115346,B naive
VPREB3,5,-0.01747608,B naive
VPREB3,6,-0.08534882,B naive
VPREB3,7,-0.9884296,B naive
VPREB3,8,-0.8891688,B naive
VPREB3,9,-0.59820855,B naive
VPREB3,10,-0.35164467,B naive
VPREB3,11,-0.8068382,B naive
VPREB3,12,-0.6437181,B naive
VPREB3,13,-0.60448563,B naive
VPREB3,14,-0.9155876,B naive
VPREB3,15,-0.8135155,B naive
VPREB3,16,-0.76037854,B naive
VPREB3,17,-0.40859666,B naive
VPREB3,18,-0.10762798,B naive
VPREB3,19,-0.79146016,B naive
VPREB3,20,-0.56379515,B naive
VPREB3,21,-0.53953266,B naive
VPREB3,22,-0.44735926,B naive
VPREB3,23,-0.21172494,B naive
VPREB3,24,-0.36231318,B naive
VPREB3,25,-0.07917449,B naive
VPREB3,26,-0.037617445,B naive
VPREB3,27,0.21570219,B naive
VPREB3,28,-0.25771675,B naive
VPREB3,29,-0.12702301,B naive
VPREB3,30,0.004647916,B naive
VPREB3,31,-0.039292607,B naive
VPREB3,32,-0.39073685,B naive
VPREB3,33,0.18706217,B naive
VPREB3,34,-0.16955355,B naive
VPREB3,35,-0.11084785,B naive
VPREB3,36,-0.17767997,B naive
VPREB3,37,-0.039415453,B naive
VPREB3,38,0.8406879,B naive
VPREB3,39,2.19644,B naive
HLA-DMA,0,1.9417589,B naive
HLA-DMA,1,-1.3711232,B naive
HLA-DMA,2,-0.28319803,B naive
HLA-DMA,3,-0.0962147,B naive
HLA-DMA,4,-1.0234772,B naive
HLA-DMA,5,-2.2963257,B naive
HLA-DMA,6,-1.3466653,B naive
HLA-DMA,7,-1.5221598,B naive
HLA-DMA,8,-1.2473851,B naive
HLA-DMA,9,-0.12284747,B naive
HLA-DMA,10,0.7642658,B naive
HLA-DMA,11,-0.34317014,B naive
HLA-DMA,12,-0.25277045,B naive
HLA-DMA,13,-1.4804049,B naive
HLA-DMA,14,0.41781873,B naive
HLA-DMA,15,0.83454293,B naive
HLA-DMA,16,-0.2853842,B naive
HLA-DMA,17,-0.038991217,B naive
HLA-DMA,18,-1.5875335,B naive
HLA-DMA,19,0.23011647,B naive
HLA-DMA,20,-1.4298083,B naive
HLA-DMA,21,0.44775498,B naive
HLA-DMA,22,-0.6585324,B naive
HLA-DMA,23,0.92384523,B naive
HLA-DMA,24,-0.84695166,B naive
HLA-DMA,25,-0.41649562,B naive
HLA-DMA,26,0.17530493,B naive
HLA-DMA,27,1.13664,B naive
HLA-DMA,28,0.23931465,B naive
HLA-DMA,29,0.83831686,B naive
HLA-DMA,30,0.18438454,B naive
HLA-DMA,31,0.5937705,B naive
HLA-DMA,32,1.3919685,B naive
HLA-DMA,33,1.4550971,B naive
HLA-DMA,34,0.93780565,B naive
HLA-DMA,35,0.70754975,B naive
HLA-DMA,36,0.44762886,B naive
HLA-DMA,37,0.9957338,B naive
HLA-DMA,38,1.3553872,B naive
HLA-DMA,39,0.6304039,B naive
IGLC3,0,-2.035305,B naive
IGLC3,1,-1.6796832,B naive
IGLC3,2,-0.79243183,B naive
IGLC3,3,-1.3162541,B naive
IGLC3,4,-0.065660074,B naive
IGLC3,5,-0.15047236,B naive
IGLC3,6,-0.10531593,B naive
IGLC3,7,0.023811199,B naive
IGLC3,8,-0.21817012,B naive
IGLC3,9,-0.17441186,B naive
IGLC3,10,0.3335149,B naive
IGLC3,11,1.034458,B naive
IGLC3,12,0.9364291,B naive
IGLC3,13,0.5860038,B naive
IGLC3,14,0.45612085,B naive
IGLC3,15,0.39251137,B naive
IGLC3,16,0.33182672,B naive
IGLC3,17,0.14389509,B naive
IGLC3,18,1.7201933,B naive
IGLC3,19,0.015419349,B naive
IGLC3,20,-0.6395674,B naive
IGLC3,21,0.7333119,B naive
IGLC3,22,0.96984637,B naive
IGLC3,23,1.478993,B naive
IGLC3,24,1.422373,B naive
IGLC3,25,0.8549506,B naive
IGLC3,26,-0.988038,B naive
IGLC3,27,1.0351547,B naive
IGLC3,28,1.4883733,B naive
IGLC3,29,-1.6514562,B naive
IGLC3,30,-1.4311724,B naive
IGLC3,31,-0.51202875,B naive
IGLC3,32,0.18171322,B naive
IGLC3,33,0.12011593,B naive
IGLC3,34,-0.8345723,B naive
IGLC3,35,-1.129222,B naive
IGLC3,36,-1.3361086,B naive
IGLC3,37,-1.435174,B naive
IGLC3,38,0.79268163,B naive
IGLC3,39,1.443336,B naive
RALGPS2,0,-3.05223,B naive
RALGPS2,1,-2.5714195,B naive
RALGPS2,2,-2.2899952,B naive
RALGPS2,3,-1.3765092,B naive
RALGPS2,4,-0.33716196,B naive
RALGPS2,5,-0.92757297,B naive
RALGPS2,6,-0.6203051,B naive
RALGPS2,7,0.042571597,B naive
RALGPS2,8,-0.61982375,B naive
RALGPS2,9,-0.565889,B naive
RALGPS2,10,-0.4930097,B naive
RALGPS2,11,0.27178648,B naive
RALGPS2,12,-0.32657763,B naive
RALGPS2,13,0.076563336,B naive
RALGPS2,14,-0.29770893,B naive
RALGPS2,15,0.6393365,B naive
RALGPS2,16,0.7329702,B naive
RALGPS2,17,0.42120677,B naive
RALGPS2,18,0.92779577,B naive
RALGPS2,19,-0.5449762,B naive
RALGPS2,20,0.6836682,B naive
RALGPS2,21,0.56220347,B naive
RALGPS2,22,0.95582044,B naive
RALGPS2,23,1.7252921,B naive
RALGPS2,24,0.8549584,B naive
RALGPS2,25,1.5830714,B naive
RALGPS2,26,0.09127468,B naive
RALGPS2,27,0.566549,B naive
RALGPS2,28,-0.21577281,B naive
RALGPS2,29,0.82891995,B naive
RALGPS2,30,0.84368,B naive
RALGPS2,31,0.22910552,B naive
RALGPS2,32,0.477371,B naive
RALGPS2,33,0.28926173,B naive
RALGPS2,34,0.8781813,B naive
RALGPS2,35,0.95223194,B naive
RALGPS2,36,-0.11486624,B naive
RALGPS2,37,-0.27721414,B naive
RALGPS2,38,0.3527925,B naive
RALGPS2,39,-0.35557875,B naive
FCER2,0,-1.9799592,B naive
FCER2,1,-1.7212379,B naive
FCER2,2,-1.4638016,B naive
FCER2,3,-1.3951037,B naive
FCER2,4,-1.2250985,B naive
FCER2,5,-0.9502547,B naive
FCER2,6,-1.0190258,B naive
FCER2,7,-0.81010187,B naive
FCER2,8,-0.875337,B naive
FCER2,9,-0.8832482,B naive
FCER2,10,-0.6510479,B naive
FCER2,11,-0.059919987,B naive
FCER2,12,-0.9221203,B naive
FCER2,13,-0.5753688,B naive
FCER2,14,-0.31858152,B naive
FCER2,15,-0.3867425,B naive
FCER2,16,-0.68806595,B naive
FCER2,17,-0.44383803,B naive
FCER2,18,0.095934875,B naive
FCER2,19,0.2662439,B naive
FCER2,20,-0.22328629,B naive
FCER2,21,0.971197,B naive
FCER2,22,1.1758237,B naive
FCER2,23,0.85209715,B naive
FCER2,24,0.7585603,B naive
FCER2,25,0.37199968,B naive
FCER2,26,0.6643135,B naive
FCER2,27,0.65396935,B naive
FCER2,28,1.8628013,B naive
FCER2,29,0.85076714,B naive
FCER2,30,0.4800362,B naive
FCER2,31,0.90025145,B naive
FCER2,32,1.3555051,B naive
FCER2,33,0.8650777,B naive
FCER2,34,1.595181,B naive
FCER2,35,1.2566981,B naive
FCER2,36,1.2218877,B naive
FCER2,37,1.1865133,B naive
FCER2,38,0.28515303,B naive
FCER2,39,-1.0778728,B naive
MEF2C,0,0.46197322,B naive
MEF2C,1,-0.34305322,B naive
MEF2C,2,-2.2108324,B naive
MEF2C,3,-1.4296846,B naive
MEF2C,4,-1.3956273,B naive
MEF2C,5,-1.2318425,B naive
MEF2C,6,-1.1833465,B naive
MEF2C,7,-0.9640229,B naive
MEF2C,8,-0.69539225,B naive
MEF2C,9,-1.3850343,B naive
MEF2C,10,-0.9670302,B naive
MEF2C,11,-1.0323093,B naive
MEF2C,12,-0.9738964,B naive
MEF2C,13,-0.12034264,B naive
MEF2C,14,0.030086005,B naive
MEF2C,15,0.0659352,B naive
MEF2C,16,-0.59612423,B naive
MEF2C,17,-0.12666157,B naive
MEF2C,18,0.7123913,B naive
MEF2C,19,-0.244497,B naive
MEF2C,20,-0.63628685,B naive
MEF2C,21,0.52026707,B naive
MEF2C,22,0.79080945,B naive
MEF2C,23,0.50233537,B naive
MEF2C,24,1.2521707,B naive
MEF2C,25,0.24096958,B naive
MEF2C,26,0.97700137,B naive
MEF2C,27,0.9416775,B naive
MEF2C,28,1.5358166,B naive
MEF2C,29,0.62939453,B naive
MEF2C,30,0.4507093,B naive
MEF2C,31,1.4657154,B naive
MEF2C,32,0.97673887,B naive
MEF2C,33,1.335571,B naive
MEF2C,34,0.693247,B naive
MEF2C,35,1.1607603,B naive
MEF2C,36,1.5196292,B naive
MEF2C,37,0.9744309,B naive
MEF2C,38,-0.06551117,B naive
MEF2C,39,-1.6361455,B naive
ADAM28,0,-2.8835464,B naive
ADAM28,1,-2.4240825,B naive
ADAM28,2,-1.761097,B naive
ADAM28,3,-1.2510238,B naive
ADAM28,4,-0.88765603,B naive
ADAM28,5,-0.6831867,B naive
ADAM28,6,-0.8793945,B naive
ADAM28,7,0.57496566,B naive
ADAM28,8,-0.0122532435,B naive
ADAM28,9,-0.10528719,B naive
ADAM28,10,-0.11385029,B naive
ADAM28,11,0.5601928,B naive
ADAM28,12,-0.36590624,B naive
ADAM28,13,0.14622012,B naive
ADAM28,14,0.48457152,B naive
ADAM28,15,0.5114589,B naive
ADAM28,16,0.19570872,B naive
ADAM28,17,0.86605203,B naive
ADAM28,18,0.3053302,B naive
ADAM28,19,0.8162933,B naive
ADAM28,20,0.0634657,B naive
ADAM28,21,0.16952585,B naive
ADAM28,22,0.8329259,B naive
ADAM28,23,0.5686421,B naive
ADAM28,24,0.6102342,B naive
ADAM28,25,0.6586942,B naive
ADAM28,26,0.7146192,B naive
ADAM28,27,0.75984496,B naive
ADAM28,28,0.26891255,B naive
ADAM28,29,0.86032313,B naive
ADAM28,30,1.4817898,B naive
ADAM28,31,0.522983,B naive
ADAM28,32,0.68605626,B naive
ADAM28,33,0.2808639,B naive
ADAM28,34,0.9292762,B naive
ADAM28,35,-0.1721303,B naive
ADAM28,36,0.6985102,B naive
ADAM28,37,0.34378007,B naive
ADAM28,38,-0.6165768,B naive
ADAM28,39,-2.7552474,B naive
TNFRSF13C,0,-3.330238,B naive
TNFRSF13C,1,-2.5260184,B naive
TNFRSF13C,2,-1.3530309,B naive
TNFRSF13C,3,-1.924515,B naive
TNFRSF13C,4,-0.3998332,B naive
TNFRSF13C,5,-0.78444755,B naive
TNFRSF13C,6,-0.11313037,B naive
TNFRSF13C,7,0.14037044,B naive
TNFRSF13C,8,0.398832,B naive
TNFRSF13C,9,0.4446388,B naive
TNFRSF13C,10,0.28627905,B naive
TNFRSF13C,11,0.4352843,B naive
TNFRSF13C,12,-0.075497255,B naive
TNFRSF13C,13,0.15716179,B naive
TNFRSF13C,14,0.29265532,B naive
TNFRSF13C,15,0.50107974,B naive
TNFRSF13C,16,-0.45376286,B naive
TNFRSF13C,17,-0.309204,B naive
TNFRSF13C,18,0.66433686,B naive
TNFRSF13C,19,-0.17027938,B naive
TNFRSF13C,20,0.25039253,B naive
TNFRSF13C,21,0.9522778,B naive
TNFRSF13C,22,0.94808877,B naive
TNFRSF13C,23,0.43201935,B naive
TNFRSF13C,24,0.65689147,B naive
TNFRSF13C,25,0.5319633,B naive
TNFRSF13C,26,0.7107863,B naive
TNFRSF13C,27,-0.35774514,B naive
TNFRSF13C,28,1.0186268,B naive
TNFRSF13C,29,-0.6099666,B naive
TNFRSF13C,30,0.6250083,B naive
TNFRSF13C,31,1.00024,B naive
TNFRSF13C,32,1.048472,B naive
TNFRSF13C,33,0.6073825,B naive
TNFRSF13C,34,0.9627828,B naive
TNFRSF13C,35,0.2679207,B naive
TNFRSF13C,36,0.9894149,B naive
TNFRSF13C,37,0.4960752,B naive
TNFRSF13C,38,-0.30657277,B naive
TNFRSF13C,39,-2.1047382,B naive
MS4A1,0,-3.2172172,B naive
MS4A1,1,-2.7466297,B naive
MS4A1,2,-1.6607581,B naive
MS4A1,3,-2.0270977,B naive
MS4A1,4,-0.9921214,B naive
MS4A1,5,-0.7785748,B naive
MS4A1,6,-0.69122905,B naive
MS4A1,7,-0.6956353,B naive
MS4A1,8,-0.3955675,B naive
MS4A1,9,-0.3239948,B naive
MS4A1,10,-0.39131495,B naive
MS4A1,11,-0.015297771,B naive
MS4A1,12,-0.11710215,B naive
MS4A1,13,0.035738356,B naive
MS4A1,14,0.45898968,B naive
MS4A1,15,0.238008,B naive
MS4A1,16,-0.3117289,B naive
MS4A1,17,0.1726445,B naive
MS4A1,18,0.6240907,B naive
MS4A1,19,0.65940773,B naive
MS4A1,20,-0.03760101,B naive
MS4A1,21,0.5957882,B naive
MS4A1,22,0.36421916,B naive
MS4A1,23,0.49324036,B naive
MS4A1,24,0.8659044,B naive
MS4A1,25,0.45232424,B naive
MS4A1,26,0.33923602,B naive
MS4A1,27,0.31503376,B naive
MS4A1,28,0.6495244,B naive
MS4A1,29,0.9746799,B naive
MS4A1,30,0.47980836,B naive
MS4A1,31,1.2583318,B naive
MS4A1,32,0.770172,B naive
MS4A1,33,1.3190958,B naive
MS4A1,34,0.8018561,B naive
MS4A1,35,0.7798759,B naive
MS4A1,36,0.81674284,B naive
MS4A1,37,1.0225469,B naive
MS4A1,38,0.5276186,B naive
MS4A1,39,-0.61299604,B naive
BANK1,0,-2.4849255,B naive
BANK1,1,-2.415246,B naive
BANK1,2,-1.7705781,B naive
BANK1,3,-1.33928,B naive
BANK1,4,-0.82372963,B naive
BANK1,5,-1.2491771,B naive
BANK1,6,-0.4907541,B naive
BANK1,7,-0.60282165,B naive
BANK1,8,0.33003485,B naive
BANK1,9,-0.119610436,B naive
BANK1,10,0.22349821,B naive
BANK1,11,0.1666279,B naive
BANK1,12,-0.64860344,B naive
BANK1,13,-0.30442643,B naive
BANK1,14,1.0849524,B naive
BANK1,15,0.14813781,B naive
BANK1,16,0.22773121,B naive
BANK1,17,0.57652855,B naive
BANK1,18,0.5496291,B naive
BANK1,19,0.9516763,B naive
BANK1,20,0.9964378,B naive
BANK1,21,-0.4866624,B naive
BANK1,22,-0.5572991,B naive
BANK1,23,0.8721889,B naive
BANK1,24,0.61495686,B naive
BANK1,25,-0.00017718454,B naive
BANK1,26,1.5795436,B naive
BANK1,27,0.5368204,B naive
BANK1,28,0.79961574,B naive
BANK1,29,0.5645314,B naive
BANK1,30,0.8624793,B naive
BANK1,31,0.7677706,B naive
BANK1,32,0.30156347,B naive
BANK1,33,1.6046807,B naive
BANK1,34,1.1687142,B naive
BANK1,35,0.16806382,B naive
BANK1,36,0.3876093,B naive
BANK1,37,0.6083022,B naive
BANK1,38,-0.91786355,B naive
BANK1,39,-1.8809376,B naive
HLA-DPB1,0,-0.059256777,B naive
HLA-DPB1,1,-1.4336786,B naive
HLA-DPB1,2,-1.8706529,B naive
HLA-DPB1,3,-1.540638,B naive
HLA-DPB1,4,-1.6994177,B naive
HLA-DPB1,5,-2.0089161,B naive
HLA-DPB1,6,-1.5982718,B naive
HLA-DPB1,7,-1.0487282,B naive
HLA-DPB1,8,-1.1171784,B naive
HLA-DPB1,9,-1.5604409,B naive
HLA-DPB1,10,-1.4729857,B naive
HLA-DPB1,11,-0.14443128,B naive
HLA-DPB1,12,-0.105114296,B naive
HLA-DPB1,13,-0.45986217,B naive
HLA-DPB1,14,0.40360326,B naive
HLA-DPB1,15,0.3972636,B naive
HLA-DPB1,16,0.49199602,B naive
HLA-DPB1,17,0.6733126,B naive
HLA-DPB1,18,0.40647402,B naive
HLA-DPB1,19,1.0122312,B naive
HLA-DPB1,20,0.75188524,B naive
HLA-DPB1,21,0.4774618,B naive
HLA-DPB1,22,0.5034986,B naive
HLA-DPB1,23,0.86827284,B naive
HLA-DPB1,24,0.91454273,B naive
HLA-DPB1,25,0.66057193,B naive
HLA-DPB1,26,0.3677863,B naive
HLA-DPB1,27,0.7986093,B naive
HLA-DPB1,28,0.30444378,B naive
HLA-DPB1,29,0.52552086,B naive
HLA-DPB1,30,0.46884596,B naive
HLA-DPB1,31,1.1515672,B naive
HLA-DPB1,32,0.6281892,B naive
HLA-DPB1,33,1.1451226,B naive
HLA-DPB1,34,1.061547,B naive
HLA-DPB1,35,1.2426823,B naive
HLA-DPB1,36,0.8014605,B naive
HLA-DPB1,37,1.1063976,B naive
HLA-DPB1,38,0.04324895,B naive
HLA-DPB1,39,-1.08688,B naive
HLA-DQA1,0,-2.3767493,B naive
HLA-DQA1,1,-2.137238,B naive
HLA-DQA1,2,-1.491362,B naive
HLA-DQA1,3,-1.5904442,B naive
HLA-DQA1,4,-1.1866869,B naive
HLA-DQA1,5,-1.4676979,B naive
HLA-DQA1,6,-0.76089865,B naive
HLA-DQA1,7,-0.5821159,B naive
HLA-DQA1,8,-0.4859852,B naive
HLA-DQA1,9,-0.9205433,B naive
HLA-DQA1,10,-0.38711324,B naive
HLA-DQA1,11,-0.42890245,B naive
HLA-DQA1,12,-0.6450372,B naive
HLA-DQA1,13,-0.09423714,B naive
HLA-DQA1,14,0.23927453,B naive
HLA-DQA1,15,0.3180348,B naive
HLA-DQA1,16,-0.20065452,B naive
HLA-DQA1,17,0.69358784,B naive
HLA-DQA1,18,0.43576598,B naive
HLA-DQA1,19,0.39167225,B naive
HLA-DQA1,20,0.43265298,B naive
HLA-DQA1,21,0.49710542,B naive
HLA-DQA1,22,0.46889988,B naive
HLA-DQA1,23,0.71084857,B naive
HLA-DQA1,24,0.78895503,B naive
HLA-DQA1,25,0.1987939,B naive
HLA-DQA1,26,0.40693107,B naive
HLA-DQA1,27,0.4161901,B naive
HLA-DQA1,28,0.97801155,B naive
HLA-DQA1,29,0.49826872,B naive
HLA-DQA1,30,0.5194029,B naive
HLA-DQA1,31,0.8540568,B naive
HLA-DQA1,32,0.8754474,B naive
HLA-DQA1,33,1.2280122,B naive
HLA-DQA1,34,1.153321,B naive
HLA-DQA1,35,1.5755602,B naive
HLA-DQA1,36,1.4402113,B naive
HLA-DQA1,37,1.3177248,B naive
HLA-DQA1,38,0.15994015,B naive
HLA-DQA1,39,-1.8430057,B naive
CD22,0,-2.0704052,B naive
CD22,1,-0.9936012,B naive
CD22,2,-0.61841524,B naive
CD22,3,-0.24410842,B naive
CD22,4,-1.0690098,B naive
CD22,5,-1.6552106,B naive
CD22,6,-1.1243882,B naive
CD22,7,-0.9180802,B naive
CD22,8,-1.3636254,B naive
CD22,9,-1.2322797,B naive
CD22,10,-0.18424025,B naive
CD22,11,-0.12024573,B naive
CD22,12,-1.0925969,B naive
CD22,13,-1.4184768,B naive
CD22,14,-0.023585841,B naive
CD22,15,-0.037172973,B naive
CD22,16,0.13032672,B naive
CD22,17,-0.40535316,B naive
CD22,18,0.7606984,B naive
CD22,19,-0.3803084,B naive
CD22,20,-0.7698062,B naive
CD22,21,0.9762649,B naive
CD22,22,-0.3061052,B naive
CD22,23,0.8288755,B naive
CD22,24,0.9907328,B naive
CD22,25,0.6595266,B naive
CD22,26,-0.061850872,B naive
CD22,27,0.6828712,B naive
CD22,28,1.3007816,B naive
CD22,29,0.9358065,B naive
CD22,30,0.6379619,B naive
CD22,31,0.96873105,B naive
CD22,32,1.5840963,B naive
CD22,33,1.1591303,B naive
CD22,34,1.0778503,B naive
CD22,35,2.1726935,B naive
CD22,36,1.476949,B naive
CD22,37,-0.32738778,B naive
CD22,38,0.58554214,B naive
CD22,39,-0.5125843,B naive
CD79A,0,-1.3818693,B naive
CD79A,1,-1.6143434,B naive
CD79A,2,-1.6512737,B naive
CD79A,3,-1.4781879,B naive
CD79A,4,-1.5133897,B naive
CD79A,5,-1.3452156,B naive
CD79A,6,-1.0659428,B naive
CD79A,7,-1.1541289,B naive
CD79A,8,-0.95790666,B naive
CD79A,9,-0.7887522,B naive
CD79A,10,-0.44039506,B naive
CD79A,11,-0.6092534,B naive
CD79A,12,-0.69650894,B naive
CD79A,13,-0.64690685,B naive
CD79A,14,-0.21819563,B naive
CD79A,15,-0.2202742,B naive
CD79A,16,-1.0041094,B naive
CD79A,17,0.097628705,B naive
CD79A,18,0.061536867,B naive
CD79A,19,0.05288689,B naive
CD79A,20,-0.15630716,B naive
CD79A,21,0.3461962,B naive
CD79A,22,0.1023167,B naive
CD79A,23,0.7682454,B naive
CD79A,24,0.9808477,B naive
CD79A,25,0.49904755,B naive
CD79A,26,0.58409405,B naive
CD79A,27,0.612585,B naive
CD79A,28,1.0373774,B naive
CD79A,29,0.4168626,B naive
CD79A,30,0.78381205,B naive
CD79A,31,0.84748954,B naive
CD79A,32,1.3482716,B naive
CD79A,33,1.2411954,B naive
CD79A,34,1.4965788,B naive
CD79A,35,1.4516014,B naive
CD79A,36,1.7582214,B naive
CD79A,37,1.6204926,B naive
CD79A,38,1.0692145,B naive
CD79A,39,-0.23358619,B naive
HLA-DQB1,0,-2.209768,B naive
HLA-DQB1,1,-2.6633248,B naive
HLA-DQB1,2,-1.4906946,B naive
HLA-DQB1,3,-1.4112616,B naive
HLA-DQB1,4,-1.3837208,B naive
HLA-DQB1,5,-0.9201336,B naive
HLA-DQB1,6,-0.7287627,B naive
HLA-DQB1,7,-0.1840676,B naive
HLA-DQB1,8,-0.90067357,B naive
HLA-DQB1,9,-0.027418396,B naive
HLA-DQB1,10,-0.11092073,B naive
HLA-DQB1,11,-0.085158356,B naive
HLA-DQB1,12,-0.7114909,B naive
HLA-DQB1,13,-0.43803528,B naive
HLA-DQB1,14,0.37330136,B naive
HLA-DQB1,15,0.032196492,B naive
HLA-DQB1,16,-0.01393213,B naive
HLA-DQB1,17,0.075929,B naive
HLA-DQB1,18,0.12374627,B naive
HLA-DQB1,19,0.22805198,B naive
HLA-DQB1,20,-0.278802,B naive
HLA-DQB1,21,0.59684694,B naive
HLA-DQB1,22,0.19878958,B naive
HLA-DQB1,23,0.4086653,B naive
HLA-DQB1,24,0.7662026,B naive
HLA-DQB1,25,-0.18738167,B naive
HLA-DQB1,26,0.23148036,B naive
HLA-DQB1,27,0.57998335,B naive
HLA-DQB1,28,1.0209615,B naive
HLA-DQB1,29,0.25021547,B naive
HLA-DQB1,30,0.9223828,B naive
HLA-DQB1,31,1.2918879,B naive
HLA-DQB1,32,1.0609106,B naive
HLA-DQB1,33,0.90580636,B naive
HLA-DQB1,34,1.3600866,B naive
HLA-DQB1,35,1.1998136,B naive
HLA-DQB1,36,1.6028837,B naive
HLA-DQB1,37,1.5338094,B naive
HLA-DQB1,38,0.6712897,B naive
HLA-DQB1,39,-1.6896782,B naive
LINC00926,0,-2.5117671,B naive
LINC00926,1,-2.2557101,B naive
LINC00926,2,-1.648123,B naive
LINC00926,3,-1.2543036,B naive
LINC00926,4,-0.71209556,B naive
LINC00926,5,-1.292011,B naive
LINC00926,6,-0.5844675,B naive
LINC00926,7,-0.67057353,B naive
LINC00926,8,-0.20933536,B naive
LINC00926,9,-0.8996836,B naive
LINC00926,10,-0.30362612,B naive
LINC00926,11,-0.12528577,B naive
LINC00926,12,-0.59053206,B naive
LINC00926,13,0.18469995,B naive
LINC00926,14,0.5485409,B naive
LINC00926,15,0.26582035,B naive
LINC00926,16,-0.66106254,B naive
LINC00926,17,-0.24079089,B naive
LINC00926,18,-0.1857208,B naive
LINC00926,19,0.32486182,B naive
LINC00926,20,-0.030098936,B naive
LINC00926,21,0.28297988,B naive
LINC00926,22,1.0550945,B naive
LINC00926,23,0.9679406,B naive
LINC00926,24,1.1826792,B naive
LINC00926,25,0.115754634,B naive
LINC00926,26,0.6405618,B naive
LINC00926,27,0.7492456,B naive
LINC00926,28,1.216524,B naive
LINC00926,29,0.10588175,B naive
LINC00926,30,0.32575473,B naive
LINC00926,31,0.73141295,B naive
LINC00926,32,1.3318055,B naive
LINC00926,33,1.2038914,B naive
LINC00926,34,1.17602,B naive
LINC00926,35,1.2292635,B naive
LINC00926,36,1.4580221,B naive
LINC00926,37,1.0382107,B naive
LINC00926,38,-0.23605457,B naive
LINC00926,39,-1.7237349,B naive
IGHD,0,-1.7158214,B naive
IGHD,1,-1.5793684,B naive
IGHD,2,-1.4113019,B naive
IGHD,3,-1.2931771,B naive
IGHD,4,-1.1610675,B naive
IGHD,5,-1.2761804,B naive
IGHD,6,-1.2306852,B naive
IGHD,7,-1.2414522,B naive
IGHD,8,-1.1634005,B naive
IGHD,9,-1.0382671,B naive
IGHD,10,-0.87954843,B naive
IGHD,11,-0.30531138,B naive
IGHD,12,-0.72935027,B naive
IGHD,13,-0.45807022,B naive
IGHD,14,-0.4723022,B naive
IGHD,15,-0.35485178,B naive
IGHD,16,-0.6515523,B naive
IGHD,17,-0.5437029,B naive
IGHD,18,-0.010553561,B naive
IGHD,19,0.049078844,B naive
IGHD,20,0.40756568,B naive
IGHD,21,0.21257111,B naive
IGHD,22,0.46893233,B naive
IGHD,23,0.74694043,B naive
IGHD,24,0.87067217,B naive
IGHD,25,0.8627947,B naive
IGHD,26,0.31305766,B naive
IGHD,27,0.9487204,B naive
IGHD,28,1.067772,B naive
IGHD,29,0.36704484,B naive
IGHD,30,0.8585838,B naive
IGHD,31,1.1152675,B naive
IGHD,32,1.4380255,B naive
IGHD,33,1.0014236,B naive
IGHD,34,1.4638052,B naive
IGHD,35,1.5466348,B naive
IGHD,36,1.3790545,B naive
IGHD,37,1.6269306,B naive
IGHD,38,0.9128739,B naive
IGHD,39,-0.14177844,B naive
CD74,0,-1.0699742,B naive
CD74,1,-1.3863691,B naive
CD74,2,-1.5646533,B naive
CD74,3,-1.524426,B naive
CD74,4,-1.1507503,B naive
CD74,5,-1.3742468,B naive
CD74,6,-1.0788891,B naive
CD74,7,-1.4778979,B naive
CD74,8,-1.1439966,B naive
CD74,9,-1.6511947,B naive
CD74,10,-0.7201616,B naive
CD74,11,-0.44329655,B naive
CD74,12,-0.796014,B naive
CD74,13,-0.30512598,B naive
CD74,14,-0.052243527,B naive
CD74,15,-0.18075554,B naive
CD74,16,-0.40587214,B naive
CD74,17,-0.2386528,B naive
CD74,18,0.061019804,B naive
CD74,19,-0.1735415,B naive
CD74,20,-0.14491843,B naive
CD74,21,0.26695997,B naive
CD74,22,0.30737594,B naive
CD74,23,0.6006397,B naive
CD74,24,0.66012424,B naive
CD74,25,0.591927,B naive
CD74,26,0.27446488,B naive
CD74,27,0.7115548,B naive
CD74,28,1.1568547,B naive
CD74,29,0.5181087,B naive
CD74,30,0.71224254,B naive
CD74,31,1.0835451,B naive
CD74,32,1.205654,B naive
CD74,33,1.3139821,B naive
CD74,34,1.340101,B naive
CD74,35,1.5471064,B naive
CD74,36,1.7330611,B naive
CD74,37,1.7757405,B naive
CD74,38,1.0496266,B naive
CD74,39,-0.027074324,B naive
HLA-DRA,0,0.7480585,B naive
HLA-DRA,1,-0.62925446,B naive
HLA-DRA,2,-1.3413749,B naive
HLA-DRA,3,-1.7562943,B naive
HLA-DRA,4,-1.5957637,B naive
HLA-DRA,5,-1.3235863,B naive
HLA-DRA,6,-1.0673186,B naive
HLA-DRA,7,-2.064334,B naive
HLA-DRA,8,-1.0977589,B naive
HLA-DRA,9,-1.0264242,B naive
HLA-DRA,10,-0.57293934,B naive
HLA-DRA,11,-0.83059597,B naive
HLA-DRA,12,-0.7779876,B naive
HLA-DRA,13,-0.61854964,B naive
HLA-DRA,14,-0.31975797,B naive
HLA-DRA,15,-0.31538963,B naive
HLA-DRA,16,-0.45781192,B naive
HLA-DRA,17,-0.48493868,B naive
HLA-DRA,18,-0.3437037,B naive
HLA-DRA,19,-0.1608079,B naive
HLA-DRA,20,-0.21158072,B naive
HLA-DRA,21,0.53118277,B naive
HLA-DRA,22,0.21411018,B naive
HLA-DRA,23,0.54182184,B naive
HLA-DRA,24,0.6510305,B naive
HLA-DRA,25,0.4904598,B naive
HLA-DRA,26,0.12622647,B naive
HLA-DRA,27,0.8461558,B naive
HLA-DRA,28,1.0952985,B naive
HLA-DRA,29,0.6460406,B naive
HLA-DRA,30,0.6672252,B naive
HLA-DRA,31,1.2910231,B naive
HLA-DRA,32,1.2233126,B naive
HLA-DRA,33,1.0856752,B naive
HLA-DRA,34,1.2319736,B naive
HLA-DRA,35,1.7052852,B naive
HLA-DRA,36,1.607932,B naive
HLA-DRA,37,1.8186818,B naive
HLA-DRA,38,0.7414358,B naive
HLA-DRA,39,-0.2667798,B naive
IGKC,0,-2.491123,B naive
IGKC,1,-1.20948,B naive
IGKC,2,-0.18341205,B naive
IGKC,3,0.287733,B naive
IGKC,4,-0.48463574,B naive
IGKC,5,-0.41966265,B naive
IGKC,6,-0.41568205,B naive
IGKC,7,-0.618117,B naive
IGKC,8,-0.42844117,B naive
IGKC,9,-0.41254076,B naive
IGKC,10,-0.59980524,B naive
IGKC,11,-1.4402298,B naive
IGKC,12,-0.7822458,B naive
IGKC,13,-0.5139466,B naive
IGKC,14,-0.43898058,B naive
IGKC,15,-0.38855964,B naive
IGKC,16,0.18992376,B naive
IGKC,17,-0.039307013,B naive
IGKC,18,-0.97071445,B naive
IGKC,19,-0.36470208,B naive
IGKC,20,0.48341212,B naive
IGKC,21,-0.42656925,B naive
IGKC,22,-0.59596884,B naive
IGKC,23,-0.88767236,B naive
IGKC,24,-1.0555338,B naive
IGKC,25,-0.17834443,B naive
IGKC,26,1.4561343,B naive
IGKC,27,-0.3036712,B naive
IGKC,28,-0.6092473,B naive
IGKC,29,1.6406374,B naive
IGKC,30,1.5825824,B naive
IGKC,31,0.9999551,B naive
IGKC,32,0.57548773,B naive
IGKC,33,0.9996266,B naive
IGKC,34,1.5052214,B naive
IGKC,35,1.7045472,B naive
IGKC,36,1.8880033,B naive
IGKC,37,2.0113142,B naive
IGKC,38,0.6865239,B naive
IGKC,39,0.24748157,B naive
HLA-DPA1,0,-1.3110622,B naive
HLA-DPA1,1,-1.5429354,B naive
HLA-DPA1,2,-2.0501804,B naive
HLA-DPA1,3,-1.4372659,B naive
HLA-DPA1,4,-1.7232424,B naive
HLA-DPA1,5,-1.8142194,B naive
HLA-DPA1,6,-0.5313492,B naive
HLA-DPA1,7,-1.2493105,B naive
HLA-DPA1,8,-0.9723304,B naive
HLA-DPA1,9,-0.9159737,B naive
HLA-DPA1,10,-0.77303094,B naive
HLA-DPA1,11,-0.49424982,B naive
HLA-DPA1,12,-0.7242024,B naive
HLA-DPA1,13,-0.44435787,B naive
HLA-DPA1,14,0.07378958,B naive
HLA-DPA1,15,0.21897879,B naive
HLA-DPA1,16,-0.25418416,B naive
HLA-DPA1,17,0.27997267,B naive
HLA-DPA1,18,0.28449628,B naive
HLA-DPA1,19,0.09182232,B naive
HLA-DPA1,20,0.40480635,B naive
HLA-DPA1,21,0.35917306,B naive
HLA-DPA1,22,0.48877802,B naive
HLA-DPA1,23,0.5239797,B naive
HLA-DPA1,24,0.8752294,B naive
HLA-DPA1,25,0.68011683,B naive
HLA-DPA1,26,0.690578,B naive
HLA-DPA1,27,1.019967,B naive
HLA-DPA1,28,0.9136651,B naive
HLA-DPA1,29,0.5900794,B naive
HLA-DPA1,30,1.1255437,B naive
HLA-DPA1,31,1.1833011,B naive
HLA-DPA1,32,1.2369545,B naive
HLA-DPA1,33,1.0953431,B naive
HLA-DPA1,34,1.0861301,B naive
HLA-DPA1,35,1.221393,B naive
HLA-DPA1,36,1.3689185,B naive
HLA-DPA1,37,1.4806207,B naive
HLA-DPA1,38,-0.044933986,B naive
HLA-DPA1,39,-1.0108249,B naive
HLA-DRB1,0,-1.8136164,B naive
HLA-DRB1,1,-2.1414316,B naive
HLA-DRB1,2,-1.9817151,B naive
HLA-DRB1,3,-1.9232266,B naive
HLA-DRB1,4,-1.211384,B naive
HLA-DRB1,5,-1.5795494,B naive
HLA-DRB1,6,-0.93718576,B naive
HLA-DRB1,7,-1.1007833,B naive
HLA-DRB1,8,-0.7392751,B naive
HLA-DRB1,9,-0.77353734,B naive
HLA-DRB1,10,-0.7355828,B naive
HLA-DRB1,11,-0.027577728,B naive
HLA-DRB1,12,0.07850964,B naive
HLA-DRB1,13,-0.25138193,B naive
HLA-DRB1,14,0.34524918,B naive
HLA-DRB1,15,0.18068977,B naive
HLA-DRB1,16,-0.17635946,B naive
HLA-DRB1,17,0.30605346,B naive
HLA-DRB1,18,0.15994424,B naive
HLA-DRB1,19,0.42760968,B naive
HLA-DRB1,20,0.38088635,B naive
HLA-DRB1,21,0.47915223,B naive
HLA-DRB1,22,0.7448571,B naive
HLA-DRB1,23,0.70008934,B naive
HLA-DRB1,24,0.6666363,B naive
HLA-DRB1,25,0.57549244,B naive
HLA-DRB1,26,0.47921908,B naive
HLA-DRB1,27,0.6810909,B naive
HLA-DRB1,28,0.5677817,B naive
HLA-DRB1,29,0.573901,B naive
HLA-DRB1,30,0.61799574,B naive
HLA-DRB1,31,1.0297534,B naive
HLA-DRB1,32,1.0641334,B naive
HLA-DRB1,33,1.2470647,B naive
HLA-DRB1,34,1.1503577,B naive
HLA-DRB1,35,1.2517217,B naive
HLA-DRB1,36,1.3437127,B naive
HLA-DRB1,37,1.4420768,B naive
HLA-DRB1,38,0.20872547,B naive
HLA-DRB1,39,-1.3100737,B naive
CD37,0,-3.8331788,B naive
CD37,1,-2.7127037,B naive
CD37,2,-0.8295152,B naive
CD37,3,-1.2029836,B naive
CD37,4,-0.78579307,B naive
CD37,5,-0.8683587,B naive
CD37,6,0.07141715,B naive
CD37,7,-0.52944213,B naive
CD37,8,-1.1077825,B naive
CD37,9,-0.44909286,B naive
CD37,10,-0.11839663,B naive
CD37,11,-0.075466596,B naive
CD37,12,-0.3402052,B naive
CD37,13,-0.30937356,B naive
CD37,14,-0.10061943,B naive
CD37,15,0.09000128,B naive
CD37,16,-0.77024096,B naive
CD37,17,-0.13307907,B naive
CD37,18,0.102057174,B naive
CD37,19,0.112636864,B naive
CD37,20,0.15206867,B naive
CD37,21,0.38507023,B naive
CD37,22,0.55925363,B naive
CD37,23,0.5043547,B naive
CD37,24,0.6381368,B naive
CD37,25,0.780007,B naive
CD37,26,0.5957735,B naive
CD37,27,0.4334382,B naive
CD37,28,0.95492584,B naive
CD37,29,0.23878695,B naive
CD37,30,0.39037052,B naive
CD37,31,0.48199037,B naive
CD37,32,1.1427027,B naive
CD37,33,1.012703,B naive
CD37,34,1.0842981,B naive
CD37,35,1.06218,B naive
CD37,36,1.0068008,B naive
CD37,37,1.2476617,B naive
CD37,38,0.9843703,B naive
CD37,39,0.1352664,B naive
HLA-DMB,0,-1.2762237,B naive
HLA-DMB,1,-2.1093905,B naive
HLA-DMB,2,-1.0164065,B naive
HLA-DMB,3,0.073076114,B naive
HLA-DMB,4,-1.4247156,B naive
HLA-DMB,5,-1.2049282,B naive
HLA-DMB,6,-0.9945269,B naive
HLA-DMB,7,-1.0269089,B naive
HLA-DMB,8,-0.9610317,B naive
HLA-DMB,9,-1.1436546,B naive
HLA-DMB,10,-0.45257902,B naive
HLA-DMB,11,0.48879576,B naive
HLA-DMB,12,-0.98722214,B naive
HLA-DMB,13,0.06259885,B naive
HLA-DMB,14,-0.6667184,B naive
HLA-DMB,15,-0.10034564,B naive
HLA-DMB,16,-1.0996848,B naive
HLA-DMB,17,0.28362778,B naive
HLA-DMB,18,-0.62554747,B naive
HLA-DMB,19,0.27736014,B naive
HLA-DMB,20,0.1558633,B naive
HLA-DMB,21,0.3294205,B naive
HLA-DMB,22,1.0058777,B naive
HLA-DMB,23,-0.010042029,B naive
HLA-DMB,24,0.16506103,B naive
HLA-DMB,25,-0.79851395,B naive
HLA-DMB,26,0.14471029,B naive
HLA-DMB,27,0.23391984,B naive
HLA-DMB,28,1.3140124,B naive
HLA-DMB,29,0.10517906,B naive
HLA-DMB,30,0.17571186,B naive
HLA-DMB,31,0.66563094,B naive
HLA-DMB,32,1.5167224,B naive
HLA-DMB,33,1.1411394,B naive
HLA-DMB,34,1.5356997,B naive
HLA-DMB,35,1.7263271,B naive
HLA-DMB,36,1.7738746,B naive
HLA-DMB,37,1.8871166,B naive
HLA-DMB,38,1.2537271,B naive
HLA-DMB,39,-0.41698262,B naive
IGHM,0,-2.0425205,B naive
IGHM,1,-1.5709106,B naive
IGHM,2,-0.7348722,B naive
IGHM,3,-0.49276805,B naive
IGHM,4,-0.8019173,B naive
IGHM,5,-0.9739462,B naive
IGHM,6,-1.2805396,B naive
IGHM,7,-1.526553,B naive
IGHM,8,-1.3468949,B naive
IGHM,9,-1.0432585,B naive
IGHM,10,-0.6948955,B naive
IGHM,11,-0.4590377,B naive
IGHM,12,-0.8708621,B naive
IGHM,13,-0.8399277,B naive
IGHM,14,-0.8109232,B naive
IGHM,15,-0.7103184,B naive
IGHM,16,-0.9597496,B naive
IGHM,17,-0.86714596,B naive
IGHM,18,0.12385581,B naive
IGHM,19,0.047874272,B naive
IGHM,20,0.09220081,B naive
IGHM,21,0.241165,B naive
IGHM,22,0.55170256,B naive
IGHM,23,0.36831778,B naive
IGHM,24,0.5683033,B naive
IGHM,25,0.62244,B naive
IGHM,26,0.49214974,B naive
IGHM,27,0.926266,B naive
IGHM,28,1.0272095,B naive
IGHM,29,0.83928263,B naive
IGHM,30,0.8515129,B naive
IGHM,31,1.0012791,B naive
IGHM,32,1.14315,B naive
IGHM,33,1.1678135,B naive
IGHM,34,1.1837076,B naive
IGHM,35,1.2921249,B naive
IGHM,36,1.2768825,B naive
IGHM,37,1.2968076,B naive
IGHM,38,1.4888326,B naive
IGHM,39,1.4241871,B naive
TCL1A,0,-1.7305129,B naive
TCL1A,1,-0.28435993,B naive
TCL1A,2,0.9921511,B naive
TCL1A,3,0.63241607,B naive
TCL1A,4,-0.21879637,B naive
TCL1A,5,-0.14220145,B naive
TCL1A,6,-0.35914877,B naive
TCL1A,7,-1.2565898,B naive
TCL1A,8,-1.2217245,B naive
TCL1A,9,-1.0844184,B naive
TCL1A,10,-0.83520055,B naive
TCL1A,11,-1.1384815,B naive
TCL1A,12,-0.71425897,B naive
TCL1A,13,-0.8786587,B naive
TCL1A,14,-1.1502633,B naive
TCL1A,15,-1.1929344,B naive
TCL1A,16,-0.7077261,B naive
TCL1A,17,-0.6926065,B naive
TCL1A,18,-0.35219347,B naive
TCL1A,19,-0.86614275,B naive
TCL1A,20,-0.6394415,B naive
TCL1A,21,-0.53321576,B naive
TCL1A,22,-0.26929227,B naive
TCL1A,23,0.13244192,B naive
TCL1A,24,0.3656447,B naive
TCL1A,25,0.35095176,B naive
TCL1A,26,-0.43479767,B naive
TCL1A,27,0.3426709,B naive
TCL1A,28,0.9535541,B naive
TCL1A,29,-0.19087543,B naive
TCL1A,30,0.19396032,B naive
TCL1A,31,0.72801954,B naive
TCL1A,32,1.2006662,B naive
TCL1A,33,1.0832981,B naive
TCL1A,34,1.1458715,B naive
TCL1A,35,1.3562241,B naive
TCL1A,36,1.5377493,B naive
TCL1A,37,1.3869603,B naive
TCL1A,38,1.9161546,B naive
TCL1A,39,2.5750995,B naive
IGLC2,0,-2.4220304,B naive
IGLC2,1,-1.780115,B naive
IGLC2,2,-0.15421571,B naive
IGLC2,3,-0.45474845,B naive
IGLC2,4,0.026442228,B naive
IGLC2,5,-0.08287192,B naive
IGLC2,6,0.23978084,B naive
IGLC2,7,0.13412952,B naive
IGLC2,8,0.11556706,B naive
IGLC2,9,0.27779543,B naive
IGLC2,10,0.737642,B naive
IGLC2,11,1.4677274,B naive
IGLC2,12,0.42721498,B naive
IGLC2,13,0.782959,B naive
IGLC2,14,0.5833393,B naive
IGLC2,15,0.021697529,B naive
IGLC2,16,-0.24645264,B naive
IGLC2,17,0.22459649,B naive
IGLC2,18,0.81609684,B naive
IGLC2,19,0.5455724,B naive
IGLC2,20,-1.1370692,B naive
IGLC2,21,0.50921917,B naive
IGLC2,22,0.35029212,B naive
IGLC2,23,1.1848494,B naive
IGLC2,24,1.5292898,B naive
IGLC2,25,0.6397539,B naive
IGLC2,26,-1.5289872,B naive
IGLC2,27,0.7811,B naive
IGLC2,28,1.6775007,B naive
IGLC2,29,-1.6966757,B naive
IGLC2,30,-1.2308972,B naive
IGLC2,31,-0.2514157,B naive
IGLC2,32,0.4016116,B naive
IGLC2,33,0.0024954646,B naive
IGLC2,34,-0.94854593,B naive
IGLC2,35,-0.9192752,B naive
IGLC2,36,-1.2124258,B naive
IGLC2,37,-1.6940916,B naive
IGLC2,38,0.52788943,B naive
IGLC2,39,1.7552408,B naive
FAM129C,0,-1.8608041,B naive
FAM129C,1,0.44836792,B naive
FAM129C,2,2.306963,B naive
FAM129C,3,2.0297012,B naive
FAM129C,4,0.6863571,B naive
FAM129C,5,0.5580066,B naive
FAM129C,6,0.6758978,B naive
FAM129C,7,-0.3857877,B naive
FAM129C,8,-0.81634825,B naive
FAM129C,9,-1.0019183,B naive
FAM129C,10,-0.19323954,B naive
FAM129C,11,-1.0730758,B naive
FAM129C,12,-0.25304472,B naive
FAM129C,13,-1.1023351,B naive
FAM129C,14,-0.8849609,B naive
FAM129C,15,-0.5269009,B naive
FAM129C,16,0.7602969,B naive
FAM129C,17,-0.54438955,B naive
FAM129C,18,-0.5386604,B naive
FAM129C,19,-0.48471373,B naive
FAM129C,20,-0.3001347,B naive
FAM129C,21,-0.022700494,B naive
FAM129C,22,-0.20536527,B naive
FAM129C,23,-0.2282265,B naive
FAM129C,24,0.15628032,B naive
FAM129C,25,0.31717286,B naive
FAM129C,26,0.22832805,B naive
FAM129C,27,-0.31837082,B naive
FAM129C,28,-0.5852643,B naive
FAM129C,29,0.19935726,B naive
FAM129C,30,-0.65599555,B naive
FAM129C,31,0.09218136,B naive
FAM129C,32,-0.5779588,B naive
FAM129C,33,-0.061613157,B naive
FAM129C,34,-0.5444309,B naive
FAM129C,35,-0.1827977,B naive
FAM129C,36,-0.12820709,B naive
FAM129C,37,-0.5463664,B naive
FAM129C,38,2.021483,B naive
FAM129C,39,3.5432236,B naive
P2RX5,0,-2.6904786,B naive
P2RX5,1,-1.4561682,B naive
P2RX5,2,0.6095505,B naive
P2RX5,3,-0.54236066,B naive
P2RX5,4,-0.5903662,B naive
P2RX5,5,-2.1777985,B naive
P2RX5,6,1.1078598,B naive
P2RX5,7,-0.40623397,B naive
P2RX5,8,-0.31688166,B naive
P2RX5,9,-1.1145486,B naive
P2RX5,10,-1.5066435,B naive
P2RX5,11,-0.7527488,B naive
P2RX5,12,-1.669701,B naive
P2RX5,13,0.6918192,B naive
P2RX5,14,-0.42566794,B naive
P2RX5,15,-0.9318456,B naive
P2RX5,16,-0.12754662,B naive
P2RX5,17,0.84286743,B naive
P2RX5,18,0.81266534,B naive
P2RX5,19,0.5119329,B naive
P2RX5,20,-0.5502781,B naive
P2RX5,21,0.46572956,B naive
P2RX5,22,0.33048448,B naive
P2RX5,23,0.44189784,B naive
P2RX5,24,0.9322861,B naive
P2RX5,25,0.4060395,B naive
P2RX5,26,1.4883225,B naive
P2RX5,27,-0.89062846,B naive
P2RX5,28,-0.250159,B naive
P2RX5,29,0.24425493,B naive
P2RX5,30,0.70049286,B naive
P2RX5,31,0.56538516,B naive
P2RX5,32,0.9822996,B naive
P2RX5,33,0.78603286,B naive
P2RX5,34,0.6640146,B naive
P2RX5,35,-0.38719726,B naive
P2RX5,36,0.41975185,B naive
P2RX5,37,0.74699986,B naive
P2RX5,38,1.3963382,B naive
P2RX5,39,1.6402164,B naive
LYZ,0,-1.3140336,Monocyte classical
LYZ,1,0.3074909,Monocyte classical
LYZ,2,0.7961998,Monocyte classical
LYZ,3,0.91743684,Monocyte classical
LYZ,4,0.3053506,Monocyte classical
LYZ,5,0.32381126,Monocyte classical
LYZ,6,0.5143889,Monocyte classical
LYZ,7,0.9156881,Monocyte classical
LYZ,8,0.8709392,Monocyte classical
LYZ,9,0.7044642,Monocyte classical
LYZ,10,0.5652988,Monocyte classical
LYZ,11,0.4686911,Monocyte classical
LYZ,12,0.25836805,Monocyte classical
LYZ,13,0.19686264,Monocyte classical
LYZ,14,0.17116733,Monocyte classical
LYZ,15,0.302616,Monocyte classical
LYZ,16,0.35592046,Monocyte classical
LYZ,17,0.11718497,Monocyte classical
LYZ,18,0.28137127,Monocyte classical
LYZ,19,0.07156171,Monocyte classical
LYZ,20,-0.007493099,Monocyte classical
LYZ,21,0.1599336,Monocyte classical
LYZ,22,0.19499685,Monocyte classical
LYZ,23,0.20077604,Monocyte classical
LYZ,24,0.22863811,Monocyte classical
LYZ,25,0.23255849,Monocyte classical
LYZ,26,-0.021193175,Monocyte classical
LYZ,27,0.18554321,Monocyte classical
LYZ,28,0.13799705,Monocyte classical
LYZ,29,0.091336384,Monocyte classical
LYZ,30,0.17914882,Monocyte classical
LYZ,31,0.10498421,Monocyte classical
LYZ,32,0.10312051,Monocyte classical
LYZ,33,0.15192842,Monocyte classical
LYZ,34,0.07720505,Monocyte classical
LYZ,35,0.20963678,Monocyte classical
LYZ,36,-0.15450136,Monocyte classical
LYZ,37,-1.3888228,Monocyte classical
LYZ,38,-3.5509274,Monocyte classical
LYZ,39,-4.265645,Monocyte classical
LGALS1,0,-3.000968,Monocyte classical
LGALS1,1,0.032829836,Monocyte classical
LGALS1,2,1.1871387,Monocyte classical
LGALS1,3,1.715696,Monocyte classical
LGALS1,4,0.7403364,Monocyte classical
LGALS1,5,0.7254128,Monocyte classical
LGALS1,6,0.57957554,Monocyte classical
LGALS1,7,1.7422544,Monocyte classical
LGALS1,8,2.0205095,Monocyte classical
LGALS1,9,2.0435023,Monocyte classical
LGALS1,10,1.5242375,Monocyte classical
LGALS1,11,1.1305618,Monocyte classical
LGALS1,12,0.4481403,Monocyte classical
LGALS1,13,0.12406729,Monocyte classical
LGALS1,14,0.05355844,Monocyte classical
LGALS1,15,0.07381985,Monocyte classical
LGALS1,16,0.37529963,Monocyte classical
LGALS1,17,-0.13700835,Monocyte classical
LGALS1,18,0.44950595,Monocyte classical
LGALS1,19,-0.20540832,Monocyte classical
LGALS1,20,-0.92232347,Monocyte classical
LGALS1,21,-0.24230342,Monocyte classical
LGALS1,22,-0.18370119,Monocyte classical
LGALS1,23,0.15131369,Monocyte classical
LGALS1,24,0.047687933,Monocyte classical
LGALS1,25,-0.5249109,Monocyte classical
LGALS1,26,-0.3916138,Monocyte classical
LGALS1,27,-0.69913316,Monocyte classical
LGALS1,28,-0.37078378,Monocyte classical
LGALS1,29,-0.28398076,Monocyte classical
LGALS1,30,-0.79214346,Monocyte classical
LGALS1,31,-0.60709727,Monocyte classical
LGALS1,32,-0.6767912,Monocyte classical
LGALS1,33,-0.1369214,Monocyte classical
LGALS1,34,-1.1096324,Monocyte classical
LGALS1,35,-0.91048586,Monocyte classical
LGALS1,36,-0.94605875,Monocyte classical
LGALS1,37,-0.7727964,Monocyte classical
LGALS1,38,-1.2712048,Monocyte classical
LGALS1,39,-0.98022664,Monocyte classical
AC020656.1,0,-0.49517792,Monocyte classical
AC020656.1,1,-0.11463848,Monocyte classical
AC020656.1,2,0.4860583,Monocyte classical
AC020656.1,3,0.90991855,Monocyte classical
AC020656.1,4,0.497284,Monocyte classical
AC020656.1,5,0.8621692,Monocyte classical
AC020656.1,6,0.4910029,Monocyte classical
AC020656.1,7,1.3721435,Monocyte classical
AC020656.1,8,0.9916058,Monocyte classical
AC020656.1,9,1.0156947,Monocyte classical
AC020656.1,10,1.6389667,Monocyte classical
AC020656.1,11,1.5148607,Monocyte classical
AC020656.1,12,0.63094485,Monocyte classical
AC020656.1,13,0.418436,Monocyte classical
AC020656.1,14,-0.172367,Monocyte classical
AC020656.1,15,0.8691291,Monocyte classical
AC020656.1,16,0.9294173,Monocyte classical
AC020656.1,17,0.7127179,Monocyte classical
AC020656.1,18,0.46893176,Monocyte classical
AC020656.1,19,0.041589256,Monocyte classical
AC020656.1,20,-0.20695767,Monocyte classical
AC020656.1,21,-0.5593664,Monocyte classical
AC020656.1,22,0.03995708,Monocyte classical
AC020656.1,23,0.2959053,Monocyte classical
AC020656.1,24,0.98034906,Monocyte classical
AC020656.1,25,0.41479212,Monocyte classical
AC020656.1,26,-0.38023707,Monocyte classical
AC020656.1,27,0.11411038,Monocyte classical
AC020656.1,28,0.098846555,Monocyte classical
AC020656.1,29,-0.27535892,Monocyte classical
AC020656.1,30,-0.01459939,Monocyte classical
AC020656.1,31,-0.5835442,Monocyte classical
AC020656.1,32,-0.640624,Monocyte classical
AC020656.1,33,-1.4792722,Monocyte classical
AC020656.1,34,-1.3518819,Monocyte classical
AC020656.1,35,-2.0209122,Monocyte classical
AC020656.1,36,-1.7523243,Monocyte classical
AC020656.1,37,-1.163683,Monocyte classical
AC020656.1,38,-2.2135086,Monocyte classical
AC020656.1,39,-2.3703716,Monocyte classical
S100A9,0,-3.4254177,Monocyte classical
S100A9,1,-1.8049651,Monocyte classical
S100A9,2,-0.8174301,Monocyte classical
S100A9,3,-0.3621194,Monocyte classical
S100A9,4,-0.7195685,Monocyte classical
S100A9,5,-0.72515535,Monocyte classical
S100A9,6,-0.5685047,Monocyte classical
S100A9,7,0.20629907,Monocyte classical
S100A9,8,0.25326765,Monocyte classical
S100A9,9,0.6322385,Monocyte classical
S100A9,10,0.8163069,Monocyte classical
S100A9,11,0.82338834,Monocyte classical
S100A9,12,0.5905316,Monocyte classical
S100A9,13,0.47841847,Monocyte classical
S100A9,14,0.26928934,Monocyte classical
S100A9,15,0.8999949,Monocyte classical
S100A9,16,0.9824254,Monocyte classical
S100A9,17,0.66936886,Monocyte classical
S100A9,18,0.9249021,Monocyte classical
S100A9,19,0.467463,Monocyte classical
S100A9,20,-0.061733134,Monocyte classical
S100A9,21,0.3554654,Monocyte classical
S100A9,22,0.68056136,Monocyte classical
S100A9,23,0.7605426,Monocyte classical
S100A9,24,0.92313564,Monocyte classical
S100A9,25,0.74699485,Monocyte classical
S100A9,26,0.48011085,Monocyte classical
S100A9,27,0.65749824,Monocyte classical
S100A9,28,0.65928113,Monocyte classical
S100A9,29,0.4478841,Monocyte classical
S100A9,30,0.58395594,Monocyte classical
S100A9,31,0.39591986,Monocyte classical
S100A9,32,0.2755888,Monocyte classical
S100A9,33,0.15179347,Monocyte classical
S100A9,34,-0.04103659,Monocyte classical
S100A9,35,-0.241084,Monocyte classical
S100A9,36,-0.43975633,Monocyte classical
S100A9,37,-1.3467903,Monocyte classical
S100A9,38,-2.1980956,Monocyte classical
S100A9,39,-2.3809657,Monocyte classical
S100A8,0,-2.954914,Monocyte classical
S100A8,1,-1.6402171,Monocyte classical
S100A8,2,-0.6249915,Monocyte classical
S100A8,3,-0.10646007,Monocyte classical
S100A8,4,-0.6119255,Monocyte classical
S100A8,5,-0.64379114,Monocyte classical
S100A8,6,-0.37379807,Monocyte classical
S100A8,7,0.3767132,Monocyte classical
S100A8,8,0.46681628,Monocyte classical
S100A8,9,0.7104141,Monocyte classical
S100A8,10,0.8937812,Monocyte classical
S100A8,11,0.92943215,Monocyte classical
S100A8,12,0.6579817,Monocyte classical
S100A8,13,0.43463793,Monocyte classical
S100A8,14,0.2513387,Monocyte classical
S100A8,15,0.88033646,Monocyte classical
S100A8,16,0.96372944,Monocyte classical
S100A8,17,0.7565343,Monocyte classical
S100A8,18,0.8981136,Monocyte classical
S100A8,19,0.45705858,Monocyte classical
S100A8,20,-0.13950455,Monocyte classical
S100A8,21,0.24527715,Monocyte classical
S100A8,22,0.7338856,Monocyte classical
S100A8,23,0.70471877,Monocyte classical
S100A8,24,0.85603493,Monocyte classical
S100A8,25,0.7232889,Monocyte classical
S100A8,26,0.47856224,Monocyte classical
S100A8,27,0.6812667,Monocyte classical
S100A8,28,0.6459992,Monocyte classical
S100A8,29,0.2794049,Monocyte classical
S100A8,30,0.56715834,Monocyte classical
S100A8,31,0.280413,Monocyte classical
S100A8,32,0.21022606,Monocyte classical
S100A8,33,0.027765393,Monocyte classical
S100A8,34,-0.19570762,Monocyte classical
S100A8,35,-0.3854019,Monocyte classical
S100A8,36,-0.69036716,Monocyte classical
S100A8,37,-1.4711751,Monocyte classical
S100A8,38,-2.5621805,Monocyte classical
S100A8,39,-2.7104578,Monocyte classical
CSTA,0,-2.4053118,Monocyte classical
CSTA,1,-0.5087755,Monocyte classical
CSTA,2,0.08068906,Monocyte classical
CSTA,3,0.29782745,Monocyte classical
CSTA,4,-0.6168245,Monocyte classical
CSTA,5,-0.5006433,Monocyte classical
CSTA,6,-1.0331987,Monocyte classical
CSTA,7,0.4429334,Monocyte classical
CSTA,8,0.78191364,Monocyte classical
CSTA,9,0.95386255,Monocyte classical
CSTA,10,0.54273343,Monocyte classical
CSTA,11,0.6598222,Monocyte classical
CSTA,12,0.55422807,Monocyte classical
CSTA,13,0.7483536,Monocyte classical
CSTA,14,-0.5097535,Monocyte classical
CSTA,15,1.1618723,Monocyte classical
CSTA,16,1.3065842,Monocyte classical
CSTA,17,0.92271143,Monocyte classical
CSTA,18,0.56435144,Monocyte classical
CSTA,19,0.0012285317,Monocyte classical
CSTA,20,-0.42084438,Monocyte classical
CSTA,21,0.021992732,Monocyte classical
CSTA,22,0.4979424,Monocyte classical
CSTA,23,0.44628802,Monocyte classical
CSTA,24,1.0351645,Monocyte classical
CSTA,25,0.8415083,Monocyte classical
CSTA,26,0.2689145,Monocyte classical
CSTA,27,0.18030608,Monocyte classical
CSTA,28,0.74403054,Monocyte classical
CSTA,29,0.43557623,Monocyte classical
CSTA,30,0.48867893,Monocyte classical
CSTA,31,0.4110415,Monocyte classical
CSTA,32,0.10634199,Monocyte classical
CSTA,33,0.19043468,Monocyte classical
CSTA,34,-0.35368755,Monocyte classical
CSTA,35,-0.03699343,Monocyte classical
CSTA,36,-0.78717583,Monocyte classical
CSTA,37,-1.7996743,Monocyte classical
CSTA,38,-2.4448495,Monocyte classical
CSTA,39,-3.2695985,Monocyte classical
S100A12,0,-2.0025258,Monocyte classical
S100A12,1,-1.7466931,Monocyte classical
S100A12,2,-1.6200953,Monocyte classical
S100A12,3,-1.1737642,Monocyte classical
S100A12,4,-1.2028786,Monocyte classical
S100A12,5,-1.0687773,Monocyte classical
S100A12,6,-1.0013949,Monocyte classical
S100A12,7,-0.65564233,Monocyte classical
S100A12,8,-0.34686196,Monocyte classical
S100A12,9,0.33929506,Monocyte classical
S100A12,10,0.7228584,Monocyte classical
S100A12,11,0.8713079,Monocyte classical
S100A12,12,0.74918103,Monocyte classical
S100A12,13,0.5579416,Monocyte classical
S100A12,14,0.31021407,Monocyte classical
S100A12,15,1.1379548,Monocyte classical
S100A12,16,1.1749542,Monocyte classical
S100A12,17,1.013191,Monocyte classical
S100A12,18,1.1907618,Monocyte classical
S100A12,19,0.623164,Monocyte classical
S100A12,20,0.04540283,Monocyte classical
S100A12,21,0.42318478,Monocyte classical
S100A12,22,0.73741776,Monocyte classical
S100A12,23,0.98629785,Monocyte classical
S100A12,24,1.1513377,Monocyte classical
S100A12,25,0.8574973,Monocyte classical
S100A12,26,0.5631505,Monocyte classical
S100A12,27,0.8104001,Monocyte classical
S100A12,28,0.77556854,Monocyte classical
S100A12,29,0.4332908,Monocyte classical
S100A12,30,0.7124201,Monocyte classical
S100A12,31,0.4063948,Monocyte classical
S100A12,32,0.4535662,Monocyte classical
S100A12,33,0.18029259,Monocyte classical
S100A12,34,-0.19625974,Monocyte classical
S100A12,35,-0.280541,Monocyte classical
S100A12,36,-0.45217597,Monocyte classical
S100A12,37,-1.5018827,Monocyte classical
S100A12,38,-1.9875864,Monocyte classical
S100A12,39,-1.9899666,Monocyte classical
VCAN,0,-2.4032989,Monocyte classical
VCAN,1,-1.7910913,Monocyte classical
VCAN,2,-1.1322953,Monocyte classical
VCAN,3,-0.6531739,Monocyte classical
VCAN,4,-0.9295187,Monocyte classical
VCAN,5,-1.1501689,Monocyte classical
VCAN,6,-0.940936,Monocyte classical
VCAN,7,-0.5492034,Monocyte classical
VCAN,8,-0.17887124,Monocyte classical
VCAN,9,0.24171704,Monocyte classical
VCAN,10,0.28983372,Monocyte classical
VCAN,11,0.26635793,Monocyte classical
VCAN,12,0.45162264,Monocyte classical
VCAN,13,0.4061103,Monocyte classical
VCAN,14,0.21972334,Monocyte classical
VCAN,15,0.6075899,Monocyte classical
VCAN,16,1.2034599,Monocyte classical
VCAN,17,0.73314005,Monocyte classical
VCAN,18,1.1304879,Monocyte classical
VCAN,19,0.6207339,Monocyte classical
VCAN,20,0.2808506,Monocyte classical
VCAN,21,0.42941794,Monocyte classical
VCAN,22,0.6069552,Monocyte classical
VCAN,23,1.143313,Monocyte classical
VCAN,24,1.3065673,Monocyte classical
VCAN,25,0.835209,Monocyte classical
VCAN,26,0.8915487,Monocyte classical
VCAN,27,0.79170454,Monocyte classical
VCAN,28,0.8345814,Monocyte classical
VCAN,29,0.8995638,Monocyte classical
VCAN,30,0.89688545,Monocyte classical
VCAN,31,0.58248895,Monocyte classical
VCAN,32,0.4280314,Monocyte classical
VCAN,33,0.10218107,Monocyte classical
VCAN,34,0.23371807,Monocyte classical
VCAN,35,-0.19143288,Monocyte classical
VCAN,36,-0.5738094,Monocyte classical
VCAN,37,-1.438416,Monocyte classical
VCAN,38,-2.1440268,Monocyte classical
VCAN,39,-2.3575451,Monocyte classical
S100A6,0,-4.732366,Monocyte classical
S100A6,1,-2.1428998,Monocyte classical
S100A6,2,-1.7215892,Monocyte classical
S100A6,3,-0.88480705,Monocyte classical
S100A6,4,-1.0303106,Monocyte classical
S100A6,5,-0.8892695,Monocyte classical
S100A6,6,-0.7658412,Monocyte classical
S100A6,7,-0.3989854,Monocyte classical
S100A6,8,-0.013083963,Monocyte classical
S100A6,9,0.3785287,Monocyte classical
S100A6,10,0.50428045,Monocyte classical
S100A6,11,0.44852072,Monocyte classical
S100A6,12,0.3819227,Monocyte classical
S100A6,13,0.36735556,Monocyte classical
S100A6,14,0.3795766,Monocyte classical
S100A6,15,0.5856074,Monocyte classical
S100A6,16,0.5914938,Monocyte classical
S100A6,17,0.69493216,Monocyte classical
S100A6,18,0.65712434,Monocyte classical
S100A6,19,0.3785256,Monocyte classical
S100A6,20,0.22039601,Monocyte classical
S100A6,21,0.19307512,Monocyte classical
S100A6,22,0.6130231,Monocyte classical
S100A6,23,0.64898044,Monocyte classical
S100A6,24,0.6960295,Monocyte classical
S100A6,25,0.5570171,Monocyte classical
S100A6,26,0.52621156,Monocyte classical
S100A6,27,0.65554583,Monocyte classical
S100A6,28,0.57850415,Monocyte classical
S100A6,29,0.37215286,Monocyte classical
S100A6,30,0.59331447,Monocyte classical
S100A6,31,0.56919694,Monocyte classical
S100A6,32,0.2579545,Monocyte classical
S100A6,33,0.44602728,Monocyte classical
S100A6,34,0.25036594,Monocyte classical
S100A6,35,-0.003964291,Monocyte classical
S100A6,36,0.15838926,Monocyte classical
S100A6,37,-0.0063475017,Monocyte classical
S100A6,38,-0.05950506,Monocyte classical
S100A6,39,-0.055091534,Monocyte classical
MNDA,0,-1.0433532,Monocyte classical
MNDA,1,0.34840867,Monocyte classical
MNDA,2,0.13090901,Monocyte classical
MNDA,3,0.9055964,Monocyte classical
MNDA,4,0.5795903,Monocyte classical
MNDA,5,-0.60899925,Monocyte classical
MNDA,6,-0.50899255,Monocyte classical
MNDA,7,0.24115689,Monocyte classical
MNDA,8,0.20889129,Monocyte classical
MNDA,9,0.71240133,Monocyte classical
MNDA,10,0.22918296,Monocyte classical
MNDA,11,0.5390361,Monocyte classical
MNDA,12,0.24374644,Monocyte classical
MNDA,13,0.12544721,Monocyte classical
MNDA,14,-0.69024193,Monocyte classical
MNDA,15,1.3648032,Monocyte classical
MNDA,16,0.7718095,Monocyte classical
MNDA,17,0.6469078,Monocyte classical
MNDA,18,0.5323165,Monocyte classical
MNDA,19,0.39646208,Monocyte classical
MNDA,20,-0.41987485,Monocyte classical
MNDA,21,0.091094114,Monocyte classical
MNDA,22,0.7281521,Monocyte classical
MNDA,23,0.33574435,Monocyte classical
MNDA,24,1.1496509,Monocyte classical
MNDA,25,1.6514868,Monocyte classical
MNDA,26,-0.15298638,Monocyte classical
MNDA,27,0.7373151,Monocyte classical
MNDA,28,0.65962505,Monocyte classical
MNDA,29,-0.090323694,Monocyte classical
MNDA,30,1.4972531,Monocyte classical
MNDA,31,0.70400196,Monocyte classical
MNDA,32,0.3124817,Monocyte classical
MNDA,33,-0.98835087,Monocyte classical
MNDA,34,-1.1118463,Monocyte classical
MNDA,35,-1.7193807,Monocyte classical
MNDA,36,-2.1257112,Monocyte classical
MNDA,37,-2.4274385,Monocyte classical
MNDA,38,-2.1162503,Monocyte classical
MNDA,39,-1.8397355,Monocyte classical
FCN1,0,-3.3568628,Monocyte classical
FCN1,1,-2.6187327,Monocyte classical
FCN1,2,-2.3118927,Monocyte classical
FCN1,3,-1.5123858,Monocyte classical
FCN1,4,-1.2958188,Monocyte classical
FCN1,5,-1.235355,Monocyte classical
FCN1,6,-0.92596,Monocyte classical
FCN1,7,-0.70834464,Monocyte classical
FCN1,8,-0.4301984,Monocyte classical
FCN1,9,-0.043012593,Monocyte classical
FCN1,10,0.16918375,Monocyte classical
FCN1,11,0.27711228,Monocyte classical
FCN1,12,0.6618718,Monocyte classical
FCN1,13,0.5155708,Monocyte classical
FCN1,14,0.2442685,Monocyte classical
FCN1,15,0.64075655,Monocyte classical
FCN1,16,0.64128196,Monocyte classical
FCN1,17,0.5668218,Monocyte classical
FCN1,18,0.56434345,Monocyte classical
FCN1,19,0.5527394,Monocyte classical
FCN1,20,0.26877016,Monocyte classical
FCN1,21,0.63252664,Monocyte classical
FCN1,22,0.5213224,Monocyte classical
FCN1,23,0.5435574,Monocyte classical
FCN1,24,0.8274999,Monocyte classical
FCN1,25,0.8959978,Monocyte classical
FCN1,26,0.35105827,Monocyte classical
FCN1,27,0.6645752,Monocyte classical
FCN1,28,0.70649683,Monocyte classical
FCN1,29,0.73472255,Monocyte classical
FCN1,30,0.96712995,Monocyte classical
FCN1,31,0.830822,Monocyte classical
FCN1,32,0.5254196,Monocyte classical
FCN1,33,0.6626054,Monocyte classical
FCN1,34,0.33134946,Monocyte classical
FCN1,35,0.3994359,Monocyte classical
FCN1,36,0.05600303,Monocyte classical
FCN1,37,-0.040423088,Monocyte classical
FCN1,38,0.05091792,Monocyte classical
FCN1,39,-0.32518396,Monocyte classical
TYROBP,0,-3.4502156,Monocyte classical
TYROBP,1,-2.2257671,Monocyte classical
TYROBP,2,-2.002184,Monocyte classical
TYROBP,3,-1.4696372,Monocyte classical
TYROBP,4,-1.4735528,Monocyte classical
TYROBP,5,-1.2091324,Monocyte classical
TYROBP,6,-1.1191127,Monocyte classical
TYROBP,7,-0.9598156,Monocyte classical
TYROBP,8,-0.7381782,Monocyte classical
TYROBP,9,-0.42992675,Monocyte classical
TYROBP,10,-0.52986485,Monocyte classical
TYROBP,11,-0.1189142,Monocyte classical
TYROBP,12,-0.02378075,Monocyte classical
TYROBP,13,0.11489509,Monocyte classical
TYROBP,14,0.24187258,Monocyte classical
TYROBP,15,0.2979789,Monocyte classical
TYROBP,16,0.33478913,Monocyte classical
TYROBP,17,0.40398237,Monocyte classical
TYROBP,18,0.32368234,Monocyte classical
TYROBP,19,0.51814735,Monocyte classical
TYROBP,20,0.585061,Monocyte classical
TYROBP,21,0.48512155,Monocyte classical
TYROBP,22,0.5763919,Monocyte classical
TYROBP,23,0.5755994,Monocyte classical
TYROBP,24,0.5952942,Monocyte classical
TYROBP,25,0.7379101,Monocyte classical
TYROBP,26,0.73198503,Monocyte classical
TYROBP,27,0.69658285,Monocyte classical
TYROBP,28,0.80066293,Monocyte classical
TYROBP,29,0.5484297,Monocyte classical
TYROBP,30,0.86377025,Monocyte classical
TYROBP,31,0.7966456,Monocyte classical
TYROBP,32,0.7252814,Monocyte classical
TYROBP,33,0.83122563,Monocyte classical
TYROBP,34,0.70021373,Monocyte classical
TYROBP,35,0.71623236,Monocyte classical
TYROBP,36,0.6593395,Monocyte classical
TYROBP,37,0.6376322,Monocyte classical
TYROBP,38,0.6704122,Monocyte classical
TYROBP,39,0.58091027,Monocyte classical
CD14,0,-1.9917854,Monocyte classical
CD14,1,-1.8402333,Monocyte classical
CD14,2,-1.7592586,Monocyte classical
CD14,3,-1.3052068,Monocyte classical
CD14,4,-1.4252647,Monocyte classical
CD14,5,-1.44014,Monocyte classical
CD14,6,-1.2897787,Monocyte classical
CD14,7,-0.9030512,Monocyte classical
CD14,8,-0.6113869,Monocyte classical
CD14,9,-0.12970538,Monocyte classical
CD14,10,-0.18897055,Monocyte classical
CD14,11,0.062366392,Monocyte classical
CD14,12,0.14978848,Monocyte classical
CD14,13,0.47144374,Monocyte classical
CD14,14,0.25100526,Monocyte classical
CD14,15,0.52217793,Monocyte classical
CD14,16,0.9024284,Monocyte classical
CD14,17,0.42826787,Monocyte classical
CD14,18,0.8290827,Monocyte classical
CD14,19,0.8254488,Monocyte classical
CD14,20,0.20419715,Monocyte classical
CD14,21,0.50315416,Monocyte classical
CD14,22,0.51919866,Monocyte classical
CD14,23,1.0211093,Monocyte classical
CD14,24,1.0317286,Monocyte classical
CD14,25,1.2816647,Monocyte classical
CD14,26,0.9011479,Monocyte classical
CD14,27,0.6699064,Monocyte classical
CD14,28,1.091268,Monocyte classical
CD14,29,1.0860556,Monocyte classical
CD14,30,1.4182811,Monocyte classical
CD14,31,0.99501956,Monocyte classical
CD14,32,1.0787868,Monocyte classical
CD14,33,0.4001214,Monocyte classical
CD14,34,0.33809367,Monocyte classical
CD14,35,-0.078408495,Monocyte classical
CD14,36,-0.0887538,Monocyte classical
CD14,37,-0.8349227,Monocyte classical
CD14,38,-1.5670456,Monocyte classical
CD14,39,-1.5278302,Monocyte classical
MS4A6A,0,-2.5575283,Monocyte classical
MS4A6A,1,-1.7739083,Monocyte classical
MS4A6A,2,-0.6438511,Monocyte classical
MS4A6A,3,-0.40418336,Monocyte classical
MS4A6A,4,-0.27494717,Monocyte classical
MS4A6A,5,-0.18517968,Monocyte classical
MS4A6A,6,-0.015674982,Monocyte classical
MS4A6A,7,-0.2272789,Monocyte classical
MS4A6A,8,0.082803935,Monocyte classical
MS4A6A,9,0.36113876,Monocyte classical
MS4A6A,10,0.28637132,Monocyte classical
MS4A6A,11,0.028531132,Monocyte classical
MS4A6A,12,0.36825773,Monocyte classical
MS4A6A,13,0.7407687,Monocyte classical
MS4A6A,14,0.0098930895,Monocyte classical
MS4A6A,15,0.7575848,Monocyte classical
MS4A6A,16,0.27618232,Monocyte classical
MS4A6A,17,0.33693627,Monocyte classical
MS4A6A,18,0.7484602,Monocyte classical
MS4A6A,19,0.6561095,Monocyte classical
MS4A6A,20,-0.25083148,Monocyte classical
MS4A6A,21,0.030411376,Monocyte classical
MS4A6A,22,-0.14599529,Monocyte classical
MS4A6A,23,0.2721084,Monocyte classical
MS4A6A,24,1.109417,Monocyte classical
MS4A6A,25,1.1126204,Monocyte classical
MS4A6A,26,0.054559946,Monocyte classical
MS4A6A,27,0.35356605,Monocyte classical
MS4A6A,28,0.40858805,Monocyte classical
MS4A6A,29,0.7414881,Monocyte classical
MS4A6A,30,1.4578618,Monocyte classical
MS4A6A,31,0.747718,Monocyte classical
MS4A6A,32,1.1268933,Monocyte classical
MS4A6A,33,0.9350931,Monocyte classical
MS4A6A,34,0.29134747,Monocyte classical
MS4A6A,35,-0.15770265,Monocyte classical
MS4A6A,36,-0.06933338,Monocyte classical
MS4A6A,37,-0.58776796,Monocyte classical
MS4A6A,38,-2.7271943,Monocyte classical
MS4A6A,39,-3.2733197,Monocyte classical
SRGN,0,0.58914614,Monocyte classical
SRGN,1,-0.19528326,Monocyte classical
SRGN,2,1.0862101,Monocyte classical
SRGN,3,1.1655959,Monocyte classical
SRGN,4,-0.07970452,Monocyte classical
SRGN,5,-0.4092824,Monocyte classical
SRGN,6,-0.33665693,Monocyte classical
SRGN,7,-0.3151236,Monocyte classical
SRGN,8,-2.4980655,Monocyte classical
SRGN,9,-1.0206033,Monocyte classical
SRGN,10,-1.4648224,Monocyte classical
SRGN,11,-1.5394098,Monocyte classical
SRGN,12,-1.0660653,Monocyte classical
SRGN,13,-0.49790442,Monocyte classical
SRGN,14,-1.3721366,Monocyte classical
SRGN,15,-0.3398928,Monocyte classical
SRGN,16,-0.17532627,Monocyte classical
SRGN,17,-0.29773962,Monocyte classical
SRGN,18,0.5142211,Monocyte classical
SRGN,19,-0.41920796,Monocyte classical
SRGN,20,0.3226613,Monocyte classical
SRGN,21,0.33635074,Monocyte classical
SRGN,22,0.13451257,Monocyte classical
SRGN,23,0.59143317,Monocyte classical
SRGN,24,0.71080095,Monocyte classical
SRGN,25,0.6420565,Monocyte classical
SRGN,26,0.13167489,Monocyte classical
SRGN,27,0.9840814,Monocyte classical
SRGN,28,0.8942988,Monocyte classical
SRGN,29,0.13521191,Monocyte classical
SRGN,30,1.1782784,Monocyte classical
SRGN,31,0.7493579,Monocyte classical
SRGN,32,0.8396974,Monocyte classical
SRGN,33,1.8954126,Monocyte classical
SRGN,34,0.616336,Monocyte classical
SRGN,35,1.6144961,Monocyte classical
SRGN,36,1.1616216,Monocyte classical
SRGN,37,-0.60831815,Monocyte classical
SRGN,38,-1.8420599,Monocyte classical
SRGN,39,-1.8157861,Monocyte classical
CLEC7A,0,-2.2238908,Monocyte classical
CLEC7A,1,-1.7690802,Monocyte classical
CLEC7A,2,-1.9335911,Monocyte classical
CLEC7A,3,-1.4739397,Monocyte classical
CLEC7A,4,-1.5217106,Monocyte classical
CLEC7A,5,-1.184125,Monocyte classical
CLEC7A,6,-1.3069518,Monocyte classical
CLEC7A,7,-1.3716829,Monocyte classical
CLEC7A,8,-1.3422102,Monocyte classical
CLEC7A,9,-0.9386641,Monocyte classical
CLEC7A,10,-0.4679559,Monocyte classical
CLEC7A,11,-0.62200516,Monocyte classical
CLEC7A,12,-0.2844539,Monocyte classical
CLEC7A,13,-0.19597885,Monocyte classical
CLEC7A,14,0.06613021,Monocyte classical
CLEC7A,15,-0.051152088,Monocyte classical
CLEC7A,16,0.09427884,Monocyte classical
CLEC7A,17,-0.05996112,Monocyte classical
CLEC7A,18,0.46358094,Monocyte classical
CLEC7A,19,0.8932285,Monocyte classical
CLEC7A,20,0.8571583,Monocyte classical
CLEC7A,21,0.61256915,Monocyte classical
CLEC7A,22,0.1733413,Monocyte classical
CLEC7A,23,0.60915333,Monocyte classical
CLEC7A,24,0.49508655,Monocyte classical
CLEC7A,25,0.45000294,Monocyte classical
CLEC7A,26,0.30494648,Monocyte classical
CLEC7A,27,0.43828985,Monocyte classical
CLEC7A,28,0.5518288,Monocyte classical
CLEC7A,29,0.5097686,Monocyte classical
CLEC7A,30,0.5927249,Monocyte classical
CLEC7A,31,0.570969,Monocyte classical
CLEC7A,32,1.1504027,Monocyte classical
CLEC7A,33,0.96948034,Monocyte classical
CLEC7A,34,1.3186383,Monocyte classical
CLEC7A,35,1.5191818,Monocyte classical
CLEC7A,36,1.4413354,Monocyte classical
CLEC7A,37,1.0074455,Monocyte classical
CLEC7A,38,0.87272245,Monocyte classical
CLEC7A,39,0.78510463,Monocyte classical
NAMPT,0,-2.0355282,Monocyte classical
NAMPT,1,-1.7546173,Monocyte classical
NAMPT,2,-1.8034823,Monocyte classical
NAMPT,3,-1.666926,Monocyte classical
NAMPT,4,-1.3864717,Monocyte classical
NAMPT,5,-1.3518647,Monocyte classical
NAMPT,6,-1.0800407,Monocyte classical
NAMPT,7,-1.2923107,Monocyte classical
NAMPT,8,-1.2027507,Monocyte classical
NAMPT,9,-1.0185329,Monocyte classical
NAMPT,10,-0.70137817,Monocyte classical
NAMPT,11,-0.7878231,Monocyte classical
NAMPT,12,-0.5494275,Monocyte classical
NAMPT,13,-0.122858755,Monocyte classical
NAMPT,14,-0.008123526,Monocyte classical
NAMPT,15,-0.31276107,Monocyte classical
NAMPT,16,0.14608255,Monocyte classical
NAMPT,17,0.2194644,Monocyte classical
NAMPT,18,0.5034453,Monocyte classical
NAMPT,19,0.25786072,Monocyte classical
NAMPT,20,0.5447049,Monocyte classical
NAMPT,21,0.65798235,Monocyte classical
NAMPT,22,0.3938556,Monocyte classical
NAMPT,23,0.5389846,Monocyte classical
NAMPT,24,0.8404722,Monocyte classical
NAMPT,25,0.41564158,Monocyte classical
NAMPT,26,0.8077695,Monocyte classical
NAMPT,27,0.95111614,Monocyte classical
NAMPT,28,0.66125494,Monocyte classical
NAMPT,29,0.5691916,Monocyte classical
NAMPT,30,0.98757297,Monocyte classical
NAMPT,31,1.0121162,Monocyte classical
NAMPT,32,1.1580011,Monocyte classical
NAMPT,33,1.2286091,Monocyte classical
NAMPT,34,1.1738288,Monocyte classical
NAMPT,35,1.4044721,Monocyte classical
NAMPT,36,1.586283,Monocyte classical
NAMPT,37,0.7998722,Monocyte classical
NAMPT,38,0.16576642,Monocyte classical
NAMPT,39,0.050547738,Monocyte classical
NEAT1,0,-2.6210158,Monocyte classical
NEAT1,1,-2.4172878,Monocyte classical
NEAT1,2,-1.7228996,Monocyte classical
NEAT1,3,-1.433643,Monocyte classical
NEAT1,4,-1.4461417,Monocyte classical
NEAT1,5,-1.3576118,Monocyte classical
NEAT1,6,-0.9773861,Monocyte classical
NEAT1,7,-1.0977224,Monocyte classical
NEAT1,8,-0.8536652,Monocyte classical
NEAT1,9,-0.44000262,Monocyte classical
NEAT1,10,-0.80023885,Monocyte classical
NEAT1,11,-0.5108986,Monocyte classical
NEAT1,12,-0.21097039,Monocyte classical
NEAT1,13,-0.13480785,Monocyte classical
NEAT1,14,-0.010339853,Monocyte classical
NEAT1,15,-0.06842015,Monocyte classical
NEAT1,16,0.07634181,Monocyte classical
NEAT1,17,-0.0104442965,Monocyte classical
NEAT1,18,0.043484688,Monocyte classical
NEAT1,19,0.2759039,Monocyte classical
NEAT1,20,0.74951315,Monocyte classical
NEAT1,21,0.47795102,Monocyte classical
NEAT1,22,0.08290571,Monocyte classical
NEAT1,23,0.5483048,Monocyte classical
NEAT1,24,0.72697425,Monocyte classical
NEAT1,25,0.62573504,Monocyte classical
NEAT1,26,0.64483047,Monocyte classical
NEAT1,27,0.41773584,Monocyte classical
NEAT1,28,0.5276559,Monocyte classical
NEAT1,29,1.0066414,Monocyte classical
NEAT1,30,0.7660416,Monocyte classical
NEAT1,31,0.89388216,Monocyte classical
NEAT1,32,0.8925464,Monocyte classical
NEAT1,33,1.0868127,Monocyte classical
NEAT1,34,1.218837,Monocyte classical
NEAT1,35,1.2721758,Monocyte classical
NEAT1,36,1.3158826,Monocyte classical
NEAT1,37,0.9890917,Monocyte classical
NEAT1,38,0.8584192,Monocyte classical
NEAT1,39,0.61580294,Monocyte classical
CST3,0,-4.8053837,Monocyte classical
CST3,1,-0.7373827,Monocyte classical
CST3,2,-1.7120955,Monocyte classical
CST3,3,-0.8840059,Monocyte classical
CST3,4,0.31382352,Monocyte classical
CST3,5,0.5672962,Monocyte classical
CST3,6,0.3580163,Monocyte classical
CST3,7,-0.9647814,Monocyte classical
CST3,8,-0.63353395,Monocyte classical
CST3,9,-0.46149367,Monocyte classical
CST3,10,-0.46355656,Monocyte classical
CST3,11,-0.4402163,Monocyte classical
CST3,12,-0.14819553,Monocyte classical
CST3,13,0.2164505,Monocyte classical
CST3,14,-0.005635426,Monocyte classical
CST3,15,-0.19291218,Monocyte classical
CST3,16,0.05352533,Monocyte classical
CST3,17,-0.2854305,Monocyte classical
CST3,18,0.038954314,Monocyte classical
CST3,19,0.44570085,Monocyte classical
CST3,20,0.8152642,Monocyte classical
CST3,21,-0.046436746,Monocyte classical
CST3,22,-0.0150786145,Monocyte classical
CST3,23,-0.50329006,Monocyte classical
CST3,24,0.2662787,Monocyte classical
CST3,25,0.40422013,Monocyte classical
CST3,26,-0.0071473885,Monocyte classical
CST3,27,-0.10972406,Monocyte classical
CST3,28,0.22291543,Monocyte classical
CST3,29,0.35966754,Monocyte classical
CST3,30,0.6242331,Monocyte classical
CST3,31,0.5752445,Monocyte classical
CST3,32,0.47681677,Monocyte classical
CST3,33,0.6506615,Monocyte classical
CST3,34,0.7684437,Monocyte classical
CST3,35,0.51933897,Monocyte classical
CST3,36,0.98248774,Monocyte classical
CST3,37,1.7030725,Monocyte classical
CST3,38,1.3483989,Monocyte classical
CST3,39,0.7055108,Monocyte classical
FTL,0,-2.9109828,Monocyte classical
FTL,1,-2.747914,Monocyte classical
FTL,2,-1.9309093,Monocyte classical
FTL,3,-1.5961347,Monocyte classical
FTL,4,-1.7879729,Monocyte classical
FTL,5,-1.5712069,Monocyte classical
FTL,6,-1.2980902,Monocyte classical
FTL,7,-0.6802234,Monocyte classical
FTL,8,-0.4084472,Monocyte classical
FTL,9,-0.20684266,Monocyte classical
FTL,10,-0.14260307,Monocyte classical
FTL,11,0.04411549,Monocyte classical
FTL,12,0.13227168,Monocyte classical
FTL,13,0.22255796,Monocyte classical
FTL,14,0.32820168,Monocyte classical
FTL,15,0.26120338,Monocyte classical
FTL,16,0.23003693,Monocyte classical
FTL,17,0.4034808,Monocyte classical
FTL,18,0.38033482,Monocyte classical
FTL,19,0.4261023,Monocyte classical
FTL,20,0.6335149,Monocyte classical
FTL,21,0.4372327,Monocyte classical
FTL,22,0.66937983,Monocyte classical
FTL,23,0.5145908,Monocyte classical
FTL,24,0.41950378,Monocyte classical
FTL,25,0.4230558,Monocyte classical
FTL,26,0.6446103,Monocyte classical
FTL,27,0.5920549,Monocyte classical
FTL,28,0.6490863,Monocyte classical
FTL,29,0.4408974,Monocyte classical
FTL,30,0.63609844,Monocyte classical
FTL,31,0.6378016,Monocyte classical
FTL,32,0.6453288,Monocyte classical
FTL,33,0.66704905,Monocyte classical
FTL,34,0.68592256,Monocyte classical
FTL,35,0.5923834,Monocyte classical
FTL,36,0.7829721,Monocyte classical
FTL,37,1.1630826,Monocyte classical
FTL,38,0.978299,Monocyte classical
FTL,39,0.64016074,Monocyte classical
LST1,0,-3.0806048,Monocyte classical
LST1,1,-1.6612881,Monocyte classical
LST1,2,-1.6515675,Monocyte classical
LST1,3,-0.9577492,Monocyte classical
LST1,4,-1.0376238,Monocyte classical
LST1,5,-0.60938483,Monocyte classical
LST1,6,-0.65750533,Monocyte classical
LST1,7,-0.9256032,Monocyte classical
LST1,8,-0.80735344,Monocyte classical
LST1,9,-0.19072625,Monocyte classical
LST1,10,-0.40354046,Monocyte classical
LST1,11,-0.19488388,Monocyte classical
LST1,12,-0.27736995,Monocyte classical
LST1,13,-0.12030464,Monocyte classical
LST1,14,-0.11112497,Monocyte classical
LST1,15,-0.07117737,Monocyte classical
LST1,16,-0.25802392,Monocyte classical
LST1,17,0.11206329,Monocyte classical
LST1,18,0.004286798,Monocyte classical
LST1,19,0.16266376,Monocyte classical
LST1,20,0.20717016,Monocyte classical
LST1,21,0.19546668,Monocyte classical
LST1,22,-0.20763566,Monocyte classical
LST1,23,0.1646837,Monocyte classical
LST1,24,0.42072737,Monocyte classical
LST1,25,0.3545369,Monocyte classical
LST1,26,0.43827984,Monocyte classical
LST1,27,0.41541463,Monocyte classical
LST1,28,0.37580338,Monocyte classical
LST1,29,0.33116373,Monocyte classical
LST1,30,0.71868426,Monocyte classical
LST1,31,0.43431523,Monocyte classical
LST1,32,0.6271947,Monocyte classical
LST1,33,0.22683886,Monocyte classical
LST1,34,0.26786077,Monocyte classical
LST1,35,0.3557139,Monocyte classical
LST1,36,0.4640449,Monocyte classical
LST1,37,1.3420787,Monocyte classical
LST1,38,2.5522697,Monocyte classical
LST1,39,3.0522215,Monocyte classical
AIF1,0,-1.0459489,Monocyte classical
AIF1,1,-0.993872,Monocyte classical
AIF1,2,-1.2839317,Monocyte classical
AIF1,3,-1.3424084,Monocyte classical
AIF1,4,-1.4192175,Monocyte classical
AIF1,5,-1.1771483,Monocyte classical
AIF1,6,-1.3092734,Monocyte classical
AIF1,7,-1.3663197,Monocyte classical
AIF1,8,-1.246852,Monocyte classical
AIF1,9,-1.3115901,Monocyte classical
AIF1,10,-0.90831476,Monocyte classical
AIF1,11,-0.82562864,Monocyte classical
AIF1,12,-0.39933804,Monocyte classical
AIF1,13,-0.20732746,Monocyte classical
AIF1,14,-0.0068132565,Monocyte classical
AIF1,15,-0.28030908,Monocyte classical
AIF1,16,-0.34175766,Monocyte classical
AIF1,17,-0.12066011,Monocyte classical
AIF1,18,-0.055367514,Monocyte classical
AIF1,19,0.24539219,Monocyte classical
AIF1,20,0.6474582,Monocyte classical
AIF1,21,-0.17926084,Monocyte classical
AIF1,22,0.5378703,Monocyte classical
AIF1,23,0.10762715,Monocyte classical
AIF1,24,0.44468525,Monocyte classical
AIF1,25,0.40473574,Monocyte classical
AIF1,26,0.26406217,Monocyte classical
AIF1,27,0.30730605,Monocyte classical
AIF1,28,0.65592283,Monocyte classical
AIF1,29,0.3670776,Monocyte classical
AIF1,30,0.93984354,Monocyte classical
AIF1,31,0.9141255,Monocyte classical
AIF1,32,0.71429956,Monocyte classical
AIF1,33,0.7489086,Monocyte classical
AIF1,34,0.7137815,Monocyte classical
AIF1,35,0.46191204,Monocyte classical
AIF1,36,0.66300994,Monocyte classical
AIF1,37,1.2541419,Monocyte classical
AIF1,38,2.466422,Monocyte classical
AIF1,39,2.962765,Monocyte classical
CFD,0,-0.009352466,Monocyte classical
CFD,1,-0.4876111,Monocyte classical
CFD,2,0.27204344,Monocyte classical
CFD,3,0.3460844,Monocyte classical
CFD,4,-0.84799427,Monocyte classical
CFD,5,-1.776171,Monocyte classical
CFD,6,-1.3173207,Monocyte classical
CFD,7,-0.9925436,Monocyte classical
CFD,8,-1.10641,Monocyte classical
CFD,9,-1.1755128,Monocyte classical
CFD,10,-0.9648989,Monocyte classical
CFD,11,-1.1674409,Monocyte classical
CFD,12,-0.54665524,Monocyte classical
CFD,13,-0.5613757,Monocyte classical
CFD,14,-0.3564659,Monocyte classical
CFD,15,-0.5291061,Monocyte classical
CFD,16,-0.90984386,Monocyte classical
CFD,17,-0.34928116,Monocyte classical
CFD,18,-0.36343148,Monocyte classical
CFD,19,-0.211376,Monocyte classical
CFD,20,0.5135408,Monocyte classical
CFD,21,-0.1320281,Monocyte classical
CFD,22,-0.27298,Monocyte classical
CFD,23,-0.20500189,Monocyte classical
CFD,24,-0.14600083,Monocyte classical
CFD,25,0.047974817,Monocyte classical
CFD,26,-0.22702174,Monocyte classical
CFD,27,0.05847021,Monocyte classical
CFD,28,-0.102207154,Monocyte classical
CFD,29,0.96488184,Monocyte classical
CFD,30,0.82893413,Monocyte classical
CFD,31,0.33623138,Monocyte classical
CFD,32,0.97567177,Monocyte classical
CFD,33,0.5221098,Monocyte classical
CFD,34,0.53896105,Monocyte classical
CFD,35,0.66608983,Monocyte classical
CFD,36,1.3592566,Monocyte classical
CFD,37,1.4219406,Monocyte classical
CFD,38,2.4833293,Monocyte classical
CFD,39,3.4225008,Monocyte classical
TYMP,0,-2.4138982,Monocyte classical
TYMP,1,-1.5044552,Monocyte classical
TYMP,2,-1.5157115,Monocyte classical
TYMP,3,-1.4777907,Monocyte classical
TYMP,4,-1.3189933,Monocyte classical
TYMP,5,-0.9158924,Monocyte classical
TYMP,6,-1.6963283,Monocyte classical
TYMP,7,-1.11244,Monocyte classical
TYMP,8,-1.5660117,Monocyte classical
TYMP,9,-0.78473794,Monocyte classical
TYMP,10,-0.5127684,Monocyte classical
TYMP,11,-0.5903215,Monocyte classical
TYMP,12,-0.31559518,Monocyte classical
TYMP,13,0.23169832,Monocyte classical
TYMP,14,-0.6446847,Monocyte classical
TYMP,15,-0.06593632,Monocyte classical
TYMP,16,-0.16656522,Monocyte classical
TYMP,17,0.5408151,Monocyte classical
TYMP,18,0.5350817,Monocyte classical
TYMP,19,0.53781956,Monocyte classical
TYMP,20,0.23183973,Monocyte classical
TYMP,21,-0.080715194,Monocyte classical
TYMP,22,0.33161524,Monocyte classical
TYMP,23,0.13509308,Monocyte classical
TYMP,24,1.4914054,Monocyte classical
TYMP,25,0.7092606,Monocyte classical
TYMP,26,0.8323579,Monocyte classical
TYMP,27,1.2093717,Monocyte classical
TYMP,28,1.2829272,Monocyte classical
TYMP,29,0.87582254,Monocyte classical
TYMP,30,0.9754283,Monocyte classical
TYMP,31,1.3273766,Monocyte classical
TYMP,32,0.91501,Monocyte classical
TYMP,33,0.2649552,Monocyte classical
TYMP,34,0.7294998,Monocyte classical
TYMP,35,0.18802676,Monocyte classical
TYMP,36,0.1976822,Monocyte classical
TYMP,37,0.4915887,Monocyte classical
TYMP,38,1.0725396,Monocyte classical
TYMP,39,1.5756053,Monocyte classical
S100A11,0,-2.5890503,Monocyte classical
S100A11,1,-1.3879752,Monocyte classical
S100A11,2,-1.755035,Monocyte classical
S100A11,3,-1.3487763,Monocyte classical
S100A11,4,-0.9950576,Monocyte classical
S100A11,5,-1.0476127,Monocyte classical
S100A11,6,-1.4195468,Monocyte classical
S100A11,7,-1.3875052,Monocyte classical
S100A11,8,-0.8998615,Monocyte classical
S100A11,9,-0.6499736,Monocyte classical
S100A11,10,-0.79507875,Monocyte classical
S100A11,11,-0.55273575,Monocyte classical
S100A11,12,-0.11459921,Monocyte classical
S100A11,13,-0.10150309,Monocyte classical
S100A11,14,-0.30690622,Monocyte classical
S100A11,15,0.11563687,Monocyte classical
S100A11,16,0.1638707,Monocyte classical
S100A11,17,-0.06723268,Monocyte classical
S100A11,18,0.21561553,Monocyte classical
S100A11,19,0.5693494,Monocyte classical
S100A11,20,0.057574138,Monocyte classical
S100A11,21,0.12918375,Monocyte classical
S100A11,22,0.20549126,Monocyte classical
S100A11,23,0.5791824,Monocyte classical
S100A11,24,0.65329725,Monocyte classical
S100A11,25,0.9679824,Monocyte classical
S100A11,26,0.5696715,Monocyte classical
S100A11,27,0.42054117,Monocyte classical
S100A11,28,1.1756752,Monocyte classical
S100A11,29,0.6713404,Monocyte classical
S100A11,30,1.0894337,Monocyte classical
S100A11,31,0.87569255,Monocyte classical
S100A11,32,0.62622654,Monocyte classical
S100A11,33,0.5332372,Monocyte classical
S100A11,34,0.3258711,Monocyte classical
S100A11,35,0.0033972536,Monocyte classical
S100A11,36,0.07241057,Monocyte classical
S100A11,37,0.9445233,Monocyte classical
S100A11,38,2.0087593,Monocyte classical
S100A11,39,2.444492,Monocyte classical
FCER1G,0,-2.8505313,Monocyte classical
FCER1G,1,-0.73432606,Monocyte classical
FCER1G,2,-1.2439157,Monocyte classical
FCER1G,3,-0.9271792,Monocyte classical
FCER1G,4,-0.70339096,Monocyte classical
FCER1G,5,-0.5773573,Monocyte classical
FCER1G,6,-0.7306583,Monocyte classical
FCER1G,7,-1.1853353,Monocyte classical
FCER1G,8,-0.9453138,Monocyte classical
FCER1G,9,-0.6938811,Monocyte classical
FCER1G,10,-0.63592976,Monocyte classical
FCER1G,11,-0.21708928,Monocyte classical
FCER1G,12,-0.20056123,Monocyte classical
FCER1G,13,-0.027276542,Monocyte classical
FCER1G,14,-0.76552135,Monocyte classical
FCER1G,15,-0.22998138,Monocyte classical
FCER1G,16,0.012094265,Monocyte classical
FCER1G,17,-0.42525715,Monocyte classical
FCER1G,18,-0.12500824,Monocyte classical
FCER1G,19,0.2590744,Monocyte classical
FCER1G,20,-0.07621323,Monocyte classical
FCER1G,21,0.036307268,Monocyte classical
FCER1G,22,-0.3346815,Monocyte classical
FCER1G,23,0.027980292,Monocyte classical
FCER1G,24,0.8147835,Monocyte classical
FCER1G,25,0.7117272,Monocyte classical
FCER1G,26,-0.14231047,Monocyte classical
FCER1G,27,0.5950054,Monocyte classical
FCER1G,28,0.6163496,Monocyte classical
FCER1G,29,0.692708,Monocyte classical
FCER1G,30,0.88215363,Monocyte classical
FCER1G,31,0.70994556,Monocyte classical
FCER1G,32,0.6501752,Monocyte classical
FCER1G,33,0.6207423,Monocyte classical
FCER1G,34,0.19467427,Monocyte classical
FCER1G,35,0.021765653,Monocyte classical
FCER1G,36,0.100551866,Monocyte classical
FCER1G,37,0.90081936,Monocyte classical
FCER1G,38,2.5356336,Monocyte classical
FCER1G,39,3.3892472,Monocyte classical
SERPINA1,0,-1.8657409,Monocyte classical
SERPINA1,1,-1.7134962,Monocyte classical
SERPINA1,2,-1.7778465,Monocyte classical
SERPINA1,3,-1.615716,Monocyte classical
SERPINA1,4,-1.4840845,Monocyte classical
SERPINA1,5,-1.3378923,Monocyte classical
SERPINA1,6,-1.4054556,Monocyte classical
SERPINA1,7,-1.2232755,Monocyte classical
SERPINA1,8,-1.2535582,Monocyte classical
SERPINA1,9,-0.7816362,Monocyte classical
SERPINA1,10,-0.6575558,Monocyte classical
SERPINA1,11,-0.6792218,Monocyte classical
SERPINA1,12,-0.34062684,Monocyte classical
SERPINA1,13,0.096988134,Monocyte classical
SERPINA1,14,-0.064091526,Monocyte classical
SERPINA1,15,0.4215117,Monocyte classical
SERPINA1,16,-0.1451291,Monocyte classical
SERPINA1,17,0.16610919,Monocyte classical
SERPINA1,18,0.043167215,Monocyte classical
SERPINA1,19,0.36229074,Monocyte classical
SERPINA1,20,0.38821808,Monocyte classical
SERPINA1,21,0.042481724,Monocyte classical
SERPINA1,22,0.29551122,Monocyte classical
SERPINA1,23,0.032632448,Monocyte classical
SERPINA1,24,0.5658276,Monocyte classical
SERPINA1,25,0.6228015,Monocyte classical
SERPINA1,26,0.5216161,Monocyte classical
SERPINA1,27,0.55966455,Monocyte classical
SERPINA1,28,0.8994937,Monocyte classical
SERPINA1,29,0.7541729,Monocyte classical
SERPINA1,30,0.95889854,Monocyte classical
SERPINA1,31,1.0563626,Monocyte classical
SERPINA1,32,0.765945,Monocyte classical
SERPINA1,33,0.7207524,Monocyte classical
SERPINA1,34,0.8425553,Monocyte classical
SERPINA1,35,0.61238086,Monocyte classical
SERPINA1,36,0.61696655,Monocyte classical
SERPINA1,37,0.95346916,Monocyte classical
SERPINA1,38,1.7303311,Monocyte classical
SERPINA1,39,2.3151774,Monocyte classical
CTSS,0,-2.18153,Monocyte classical
CTSS,1,-1.5941046,Monocyte classical
CTSS,2,-1.7358353,Monocyte classical
CTSS,3,-1.5869833,Monocyte classical
CTSS,4,-1.3845397,Monocyte classical
CTSS,5,-1.3141255,Monocyte classical
CTSS,6,-1.4350569,Monocyte classical
CTSS,7,-1.2685516,Monocyte classical
CTSS,8,-1.2810804,Monocyte classical
CTSS,9,-1.0658127,Monocyte classical
CTSS,10,-1.0327281,Monocyte classical
CTSS,11,-0.8779666,Monocyte classical
CTSS,12,-0.47281283,Monocyte classical
CTSS,13,0.022397209,Monocyte classical
CTSS,14,0.0035805805,Monocyte classical
CTSS,15,-0.16316092,Monocyte classical
CTSS,16,0.00027075558,Monocyte classical
CTSS,17,0.079029955,Monocyte classical
CTSS,18,0.16169004,Monocyte classical
CTSS,19,0.57505035,Monocyte classical
CTSS,20,0.38757867,Monocyte classical
CTSS,21,0.5959148,Monocyte classical
CTSS,22,0.47917575,Monocyte classical
CTSS,23,0.6694582,Monocyte classical
CTSS,24,0.7711753,Monocyte classical
CTSS,25,0.6736373,Monocyte classical
CTSS,26,0.6095985,Monocyte classical
CTSS,27,0.77751243,Monocyte classical
CTSS,28,0.74991304,Monocyte classical
CTSS,29,1.016476,Monocyte classical
CTSS,30,0.9550567,Monocyte classical
CTSS,31,1.0431668,Monocyte classical
CTSS,32,1.0611988,Monocyte classical
CTSS,33,1.0125245,Monocyte classical
CTSS,34,0.94403416,Monocyte classical
CTSS,35,1.0623263,Monocyte classical
CTSS,36,0.95326525,Monocyte classical
CTSS,37,0.65729755,Monocyte classical
CTSS,38,0.93018615,Monocyte classical
CTSS,39,1.20276,Monocyte classical
PSAP,0,-2.94521,Monocyte classical
PSAP,1,-1.8186496,Monocyte classical
PSAP,2,-1.6710682,Monocyte classical
PSAP,3,-1.1389452,Monocyte classical
PSAP,4,-1.2144128,Monocyte classical
PSAP,5,-0.93146944,Monocyte classical
PSAP,6,-1.0997853,Monocyte classical
PSAP,7,-1.1069928,Monocyte classical
PSAP,8,-0.97110355,Monocyte classical
PSAP,9,-0.66034365,Monocyte classical
PSAP,10,-0.2482235,Monocyte classical
PSAP,11,-0.46308357,Monocyte classical
PSAP,12,-0.36388153,Monocyte classical
PSAP,13,0.018605337,Monocyte classical
PSAP,14,-0.06303944,Monocyte classical
PSAP,15,-0.2128731,Monocyte classical
PSAP,16,0.08993559,Monocyte classical
PSAP,17,-0.12504515,Monocyte classical
PSAP,18,-0.091298126,Monocyte classical
PSAP,19,0.31455815,Monocyte classical
PSAP,20,0.15127362,Monocyte classical
PSAP,21,0.7083176,Monocyte classical
PSAP,22,-0.12236484,Monocyte classical
PSAP,23,0.25969994,Monocyte classical
PSAP,24,0.3875501,Monocyte classical
PSAP,25,0.53401613,Monocyte classical
PSAP,26,0.4477403,Monocyte classical
PSAP,27,0.31604585,Monocyte classical
PSAP,28,0.67971593,Monocyte classical
PSAP,29,0.7931263,Monocyte classical
PSAP,30,1.0274183,Monocyte classical
PSAP,31,0.661357,Monocyte classical
PSAP,32,0.8151516,Monocyte classical
PSAP,33,0.6985953,Monocyte classical
PSAP,34,0.73993886,Monocyte classical
PSAP,35,0.33107492,Monocyte classical
PSAP,36,0.7928553,Monocyte classical
PSAP,37,1.1196039,Monocyte classical
PSAP,38,2.0157163,Monocyte classical
PSAP,39,2.3454912,Monocyte classical
SPI1,0,-1.2116647,Monocyte classical
SPI1,1,-0.09414557,Monocyte classical
SPI1,2,-0.40114534,Monocyte classical
SPI1,3,-0.35639575,Monocyte classical
SPI1,4,-0.007500889,Monocyte classical
SPI1,5,-0.247651,Monocyte classical
SPI1,6,-0.7207817,Monocyte classical
SPI1,7,-0.19580796,Monocyte classical
SPI1,8,-0.7612059,Monocyte classical
SPI1,9,-1.088102,Monocyte classical
SPI1,10,-1.1538538,Monocyte classical
SPI1,11,-0.8228821,Monocyte classical
SPI1,12,-0.059940305,Monocyte classical
SPI1,13,-0.14627928,Monocyte classical
SPI1,14,0.06790397,Monocyte classical
SPI1,15,-0.725803,Monocyte classical
SPI1,16,-0.2907393,Monocyte classical
SPI1,17,-0.7988046,Monocyte classical
SPI1,18,-0.529229,Monocyte classical
SPI1,19,-0.24547204,Monocyte classical
SPI1,20,0.49493212,Monocyte classical
SPI1,21,-0.8201866,Monocyte classical
SPI1,22,-0.94700426,Monocyte classical
SPI1,23,-0.36531195,Monocyte classical
SPI1,24,0.16231632,Monocyte classical
SPI1,25,0.34108737,Monocyte classical
SPI1,26,-0.18401821,Monocyte classical
SPI1,27,-0.94948846,Monocyte classical
SPI1,28,-0.50892276,Monocyte classical
SPI1,29,0.42083287,Monocyte classical
SPI1,30,0.46675003,Monocyte classical
SPI1,31,0.78858787,Monocyte classical
SPI1,32,0.8700111,Monocyte classical
SPI1,33,0.34259337,Monocyte classical
SPI1,34,0.11580144,Monocyte classical
SPI1,35,0.40252042,Monocyte classical
SPI1,36,0.6848165,Monocyte classical
SPI1,37,1.5749079,Monocyte classical
SPI1,38,3.2009575,Monocyte classical
SPI1,39,3.6983178,Monocyte classical
RPS29,0,-0.85982656,NK
RPS29,1,0.06473171,NK
RPS29,2,0.27143452,NK
RPS29,3,0.16003975,NK
RPS29,4,0.43512738,NK
RPS29,5,0.93751943,NK
RPS29,6,0.6069557,NK
RPS29,7,0.67862874,NK
RPS29,8,0.5239765,NK
RPS29,9,0.6461572,NK
RPS29,10,0.4927534,NK
RPS29,11,0.63324845,NK
RPS29,12,0.7093532,NK
RPS29,13,0.4678591,NK
RPS29,14,0.6272954,NK
RPS29,15,0.4896784,NK
RPS29,16,0.5315935,NK
RPS29,17,0.52681845,NK
RPS29,18,0.43103704,NK
RPS29,19,0.52111834,NK
RPS29,20,0.45772538,NK
RPS29,21,0.42312196,NK
RPS29,22,0.44296116,NK
RPS29,23,0.4189178,NK
RPS29,24,0.40929902,NK
RPS29,25,0.3477001,NK
RPS29,26,0.3521355,NK
RPS29,27,0.36676964,NK
RPS29,28,0.31633604,NK
RPS29,29,0.46788257,NK
RPS29,30,0.39816982,NK
RPS29,31,0.2793514,NK
RPS29,32,0.028982837,NK
RPS29,33,-0.8927263,NK
RPS29,34,-1.039738,NK
RPS29,35,-1.2724553,NK
RPS29,36,-1.8245221,NK
RPS29,37,-2.4795728,NK
RPS29,38,-2.7896197,NK
RPS29,39,-3.3062656,NK
RPS27,0,-1.2157516,NK
RPS27,1,-0.12021064,NK
RPS27,2,-0.0686719,NK
RPS27,3,0.068289876,NK
RPS27,4,0.2609011,NK
RPS27,5,1.1136153,NK
RPS27,6,0.7461488,NK
RPS27,7,0.7644777,NK
RPS27,8,0.4566918,NK
RPS27,9,0.5867892,NK
RPS27,10,0.52078146,NK
RPS27,11,0.7937599,NK
RPS27,12,0.7134026,NK
RPS27,13,0.44129962,NK
RPS27,14,0.602442,NK
RPS27,15,0.7205734,NK
RPS27,16,0.52235925,NK
RPS27,17,0.5294107,NK
RPS27,18,0.5870538,NK
RPS27,19,0.5961188,NK
RPS27,20,0.5508555,NK
RPS27,21,0.45654854,NK
RPS27,22,0.40674877,NK
RPS27,23,0.41942304,NK
RPS27,24,0.5067482,NK
RPS27,25,0.3967705,NK
RPS27,26,0.3701446,NK
RPS27,27,0.50728345,NK
RPS27,28,0.32749176,NK
RPS27,29,0.22509475,NK
RPS27,30,0.13688616,NK
RPS27,31,0.12637666,NK
RPS27,32,-0.12918809,NK
RPS27,33,-0.68134284,NK
RPS27,34,-0.9994672,NK
RPS27,35,-1.0789411,NK
RPS27,36,-1.6599184,NK
RPS27,37,-2.4740844,NK
RPS27,38,-2.6824758,NK
RPS27,39,-3.3444154,NK
RPL31,0,-1.3416855,NK
RPL31,1,-0.93522996,NK
RPL31,2,-0.36354798,NK
RPL31,3,-0.11914598,NK
RPL31,4,-0.34475383,NK
RPL31,5,0.85050213,NK
RPL31,6,0.8037966,NK
RPL31,7,0.80426973,NK
RPL31,8,0.34270838,NK
RPL31,9,0.49691945,NK
RPL31,10,0.42773375,NK
RPL31,11,0.89772815,NK
RPL31,12,0.7687397,NK
RPL31,13,0.5009358,NK
RPL31,14,0.72640353,NK
RPL31,15,0.7455298,NK
RPL31,16,0.53950495,NK
RPL31,17,0.7686651,NK
RPL31,18,0.84325564,NK
RPL31,19,0.8151522,NK
RPL31,20,0.7627234,NK
RPL31,21,0.7075994,NK
RPL31,22,0.6405756,NK
RPL31,23,0.7805066,NK
RPL31,24,0.77679235,NK
RPL31,25,0.77307266,NK
RPL31,26,0.6437093,NK
RPL31,27,0.7912253,NK
RPL31,28,0.6293801,NK
RPL31,29,0.029212572,NK
RPL31,30,-0.31689978,NK
RPL31,31,-0.32933363,NK
RPL31,32,-0.705745,NK
RPL31,33,-1.1506969,NK
RPL31,34,-1.1646295,NK
RPL31,35,-1.3236157,NK
RPL31,36,-1.7240494,NK
RPL31,37,-2.293779,NK
RPL31,38,-2.1569889,NK
RPL31,39,-2.5964358,NK
CD3E,0,-0.0096606035,NK
CD3E,1,0.573543,NK
CD3E,2,-0.17522031,NK
CD3E,3,-0.2683562,NK
CD3E,4,0.1056998,NK
CD3E,5,-1.3914107,NK
CD3E,6,-0.65769476,NK
CD3E,7,-0.19450612,NK
CD3E,8,0.061913595,NK
CD3E,9,0.40772566,NK
CD3E,10,0.44954905,NK
CD3E,11,0.38809267,NK
CD3E,12,0.039683543,NK
CD3E,13,0.53452694,NK
CD3E,14,0.4057189,NK
CD3E,15,0.26354253,NK
CD3E,16,0.63709784,NK
CD3E,17,0.91544604,NK
CD3E,18,0.6906739,NK
CD3E,19,0.50613844,NK
CD3E,20,0.38250062,NK
CD3E,21,0.7522045,NK
CD3E,22,0.7010984,NK
CD3E,23,0.79850584,NK
CD3E,24,0.52623934,NK
CD3E,25,0.6092569,NK
CD3E,26,0.7556089,NK
CD3E,27,0.78982323,NK
CD3E,28,0.66774607,NK
CD3E,29,-0.132378,NK
CD3E,30,0.059412073,NK
CD3E,31,0.3330025,NK
CD3E,32,-0.32990685,NK
CD3E,33,0.01125535,NK
CD3E,34,0.2923563,NK
CD3E,35,0.44267318,NK
CD3E,36,-0.84786534,NK
CD3E,37,-2.4664772,NK
CD3E,38,-2.7169795,NK
CD3E,39,-3.9105778,NK
TRBC2,0,-0.08870774,NK
TRBC2,1,1.0349457,NK
TRBC2,2,-0.05710116,NK
TRBC2,3,-0.07459672,NK
TRBC2,4,-0.04411937,NK
TRBC2,5,-1.4225876,NK
TRBC2,6,-0.35842562,NK
TRBC2,7,-0.010820128,NK
TRBC2,8,0.40817773,NK
TRBC2,9,0.65214765,NK
TRBC2,10,0.62843066,NK
TRBC2,11,0.064931,NK
TRBC2,12,-0.026292518,NK
TRBC2,13,0.91834086,NK
TRBC2,14,0.6344939,NK
TRBC2,15,0.062141374,NK
TRBC2,16,0.3611633,NK
TRBC2,17,1.0157504,NK
TRBC2,18,1.3618551,NK
TRBC2,19,0.99443823,NK
TRBC2,20,1.0127373,NK
TRBC2,21,1.2024232,NK
TRBC2,22,0.9852274,NK
TRBC2,23,0.5806789,NK
TRBC2,24,0.5093416,NK
TRBC2,25,1.127119,NK
TRBC2,26,0.2063064,NK
TRBC2,27,0.28374076,NK
TRBC2,28,-0.003609595,NK
TRBC2,29,-0.12186848,NK
TRBC2,30,0.16386475,NK
TRBC2,31,-0.71495986,NK
TRBC2,32,-1.859066,NK
TRBC2,33,-1.490215,NK
TRBC2,34,0.27300796,NK
TRBC2,35,0.12217617,NK
TRBC2,36,-1.5583377,NK
TRBC2,37,-3.0152218,NK
TRBC2,38,-2.1786463,NK
TRBC2,39,-1.5788345,NK
CD3D,0,0.08301494,NK
CD3D,1,0.5115503,NK
CD3D,2,0.09091341,NK
CD3D,3,0.051495705,NK
CD3D,4,0.1710537,NK
CD3D,5,-0.87707764,NK
CD3D,6,-0.05195117,NK
CD3D,7,-0.1841221,NK
CD3D,8,0.20088494,NK
CD3D,9,0.18013085,NK
CD3D,10,0.5038777,NK
CD3D,11,0.25483146,NK
CD3D,12,0.2426791,NK
CD3D,13,0.4676192,NK
CD3D,14,0.20001815,NK
CD3D,15,0.22245227,NK
CD3D,16,0.6043747,NK
CD3D,17,0.61664844,NK
CD3D,18,0.45751947,NK
CD3D,19,0.4549382,NK
CD3D,20,0.54345006,NK
CD3D,21,0.8130419,NK
CD3D,22,0.54321337,NK
CD3D,23,0.7846842,NK
CD3D,24,0.671814,NK
CD3D,25,0.5590482,NK
CD3D,26,0.58284444,NK
CD3D,27,0.5646921,NK
CD3D,28,0.67518973,NK
CD3D,29,0.18086974,NK
CD3D,30,-0.016017403,NK
CD3D,31,0.16213948,NK
CD3D,32,-0.38555852,NK
CD3D,33,-0.07727674,NK
CD3D,34,0.5828592,NK
CD3D,35,0.39700612,NK
CD3D,36,-1.0931283,NK
CD3D,37,-3.128007,NK
CD3D,38,-3.2985177,NK
CD3D,39,-3.263213,NK
IL7R,0,-1.2102538,NK
IL7R,1,-0.96584857,NK
IL7R,2,-0.81257033,NK
IL7R,3,-0.57009566,NK
IL7R,4,-0.6695279,NK
IL7R,5,-0.21602504,NK
IL7R,6,-0.08905602,NK
IL7R,7,-0.43718567,NK
IL7R,8,-0.26978394,NK
IL7R,9,0.06192246,NK
IL7R,10,0.47502226,NK
IL7R,11,0.55437547,NK
IL7R,12,0.515664,NK
IL7R,13,0.72617453,NK
IL7R,14,0.82832754,NK
IL7R,15,0.6455271,NK
IL7R,16,0.6548824,NK
IL7R,17,0.54485565,NK
IL7R,18,0.7463143,NK
IL7R,19,0.7621359,NK
IL7R,20,0.818444,NK
IL7R,21,1.2474738,NK
IL7R,22,0.8620178,NK
IL7R,23,0.6819788,NK
IL7R,24,1.2010826,NK
IL7R,25,1.1445321,NK
IL7R,26,1.1356469,NK
IL7R,27,0.8884187,NK
IL7R,28,0.94151795,NK
IL7R,29,0.92783093,NK
IL7R,30,0.48564798,NK
IL7R,31,0.5257485,NK
IL7R,32,-0.5666947,NK
IL7R,33,-1.1714714,NK
IL7R,34,-1.0719298,NK
IL7R,35,-1.1778476,NK
IL7R,36,-1.6457666,NK
IL7R,37,-2.1562946,NK
IL7R,38,-2.16248,NK
IL7R,39,-2.1827157,NK
SARAF,0,-0.51985466,NK
SARAF,1,-0.21890022,NK
SARAF,2,-0.13063644,NK
SARAF,3,-0.27112532,NK
SARAF,4,-0.06062687,NK
SARAF,5,0.2077312,NK
SARAF,6,-0.030187411,NK
SARAF,7,0.38895535,NK
SARAF,8,0.1555544,NK
SARAF,9,0.17533481,NK
SARAF,10,0.5824184,NK
SARAF,11,0.60317725,NK
SARAF,12,0.475823,NK
SARAF,13,0.48306483,NK
SARAF,14,0.7212615,NK
SARAF,15,0.7045936,NK
SARAF,16,0.83791584,NK
SARAF,17,1.0254474,NK
SARAF,18,0.85745597,NK
SARAF,19,0.79368687,NK
SARAF,20,0.8420793,NK
SARAF,21,0.87635326,NK
SARAF,22,0.7297865,NK
SARAF,23,1.0351503,NK
SARAF,24,0.8307402,NK
SARAF,25,0.63215953,NK
SARAF,26,0.84320945,NK
SARAF,27,1.0137262,NK
SARAF,28,0.89028955,NK
SARAF,29,0.16954578,NK
SARAF,30,-0.20791048,NK
SARAF,31,0.037164215,NK
SARAF,32,-1.0631655,NK
SARAF,33,-1.4351829,NK
SARAF,34,-1.7583789,NK
SARAF,35,-1.9958928,NK
SARAF,36,-1.8966634,NK
SARAF,37,-2.190529,NK
SARAF,38,-1.8952895,NK
SARAF,39,-2.2383037,NK
TRAC,0,-0.0027873642,NK
TRAC,1,0.024711339,NK
TRAC,2,0.008515805,NK
TRAC,3,-0.22576769,NK
TRAC,4,0.13727735,NK
TRAC,5,-1.0700474,NK
TRAC,6,-0.35084897,NK
TRAC,7,-0.14138728,NK
TRAC,8,-0.20320593,NK
TRAC,9,0.09293945,NK
TRAC,10,0.21988821,NK
TRAC,11,0.34017637,NK
TRAC,12,0.3411982,NK
TRAC,13,0.42375994,NK
TRAC,14,0.38819617,NK
TRAC,15,0.49051765,NK
TRAC,16,0.84763145,NK
TRAC,17,0.67645687,NK
TRAC,18,0.8240543,NK
TRAC,19,0.77189225,NK
TRAC,20,0.6840165,NK
TRAC,21,0.90829915,NK
TRAC,22,0.85193485,NK
TRAC,23,0.8585226,NK
TRAC,24,1.0327396,NK
TRAC,25,1.0616255,NK
TRAC,26,0.8414173,NK
TRAC,27,0.95123416,NK
TRAC,28,0.8139597,NK
TRAC,29,-0.025023565,NK
TRAC,30,-0.059461992,NK
TRAC,31,-0.27034578,NK
TRAC,32,-0.9562451,NK
TRAC,33,-0.71985275,NK
TRAC,34,0.12680171,NK
TRAC,35,0.1810311,NK
TRAC,36,-1.2050159,NK
TRAC,37,-2.8534818,NK
TRAC,38,-2.8734074,NK
TRAC,39,-2.9419177,NK
LEPROTL1,0,-0.49152344,NK
LEPROTL1,1,0.26810256,NK
LEPROTL1,2,-0.20930415,NK
LEPROTL1,3,0.0683545,NK
LEPROTL1,4,-0.116190195,NK
LEPROTL1,5,0.5475611,NK
LEPROTL1,6,0.28896275,NK
LEPROTL1,7,0.4638284,NK
LEPROTL1,8,0.45311737,NK
LEPROTL1,9,0.24801816,NK
LEPROTL1,10,0.7477951,NK
LEPROTL1,11,0.6281911,NK
LEPROTL1,12,0.44609547,NK
LEPROTL1,13,0.5198626,NK
LEPROTL1,14,0.7243496,NK
LEPROTL1,15,0.6192015,NK
LEPROTL1,16,0.5802367,NK
LEPROTL1,17,0.5814647,NK
LEPROTL1,18,0.78325605,NK
LEPROTL1,19,0.7421482,NK
LEPROTL1,20,0.8512422,NK
LEPROTL1,21,0.71519226,NK
LEPROTL1,22,0.4311288,NK
LEPROTL1,23,0.72392356,NK
LEPROTL1,24,0.79702663,NK
LEPROTL1,25,0.64341235,NK
LEPROTL1,26,0.9118945,NK
LEPROTL1,27,0.6590115,NK
LEPROTL1,28,0.66985667,NK
LEPROTL1,29,0.583231,NK
LEPROTL1,30,0.10565482,NK
LEPROTL1,31,-0.09873839,NK
LEPROTL1,32,-0.80424017,NK
LEPROTL1,33,-1.4318086,NK
LEPROTL1,34,-1.9940089,NK
LEPROTL1,35,-2.0707805,NK
LEPROTL1,36,-1.9526818,NK
LEPROTL1,37,-1.9816333,NK
LEPROTL1,38,-2.3151686,NK
LEPROTL1,39,-2.3360672,NK
MALAT1,0,-2.612053,NK
MALAT1,1,1.0612503,NK
MALAT1,2,1.3916768,NK
MALAT1,3,1.9212313,NK
MALAT1,4,1.3334782,NK
MALAT1,5,1.0286988,NK
MALAT1,6,0.93018794,NK
MALAT1,7,0.82670844,NK
MALAT1,8,0.7914695,NK
MALAT1,9,0.49216995,NK
MALAT1,10,-0.21895438,NK
MALAT1,11,-0.37361863,NK
MALAT1,12,-0.25558296,NK
MALAT1,13,-0.4450623,NK
MALAT1,14,-0.17841908,NK
MALAT1,15,0.00090457156,NK
MALAT1,16,-1.072315,NK
MALAT1,17,-0.58239114,NK
MALAT1,18,-0.5535934,NK
MALAT1,19,-0.49171546,NK
MALAT1,20,-0.36337554,NK
MALAT1,21,-1.4120755,NK
MALAT1,22,-1.3210677,NK
MALAT1,23,-0.85279685,NK
MALAT1,24,-1.1809902,NK
MALAT1,25,-1.0920188,NK
MALAT1,26,-1.0392653,NK
MALAT1,27,-0.942616,NK
MALAT1,28,-0.69208026,NK
MALAT1,29,-0.58781415,NK
MALAT1,30,0.53329515,NK
MALAT1,31,0.7626412,NK
MALAT1,32,2.0577736,NK
MALAT1,33,1.1790588,NK
MALAT1,34,0.7467828,NK
MALAT1,35,1.0123684,NK
MALAT1,36,0.4003057,NK
MALAT1,37,0.06507671,NK
MALAT1,38,0.31193298,NK
MALAT1,39,-0.579153,NK
IL32,0,0.91971004,NK
IL32,1,1.4587108,NK
IL32,2,-0.38002524,NK
IL32,3,-0.08633055,NK
IL32,4,-0.071679674,NK
IL32,5,-3.0993285,NK
IL32,6,-1.6898758,NK
IL32,7,-1.4661974,NK
IL32,8,-0.3047645,NK
IL32,9,-0.78800195,NK
IL32,10,-0.10625789,NK
IL32,11,-0.89713645,NK
IL32,12,-0.48924816,NK
IL32,13,0.50459236,NK
IL32,14,-0.6969508,NK
IL32,15,-0.570569,NK
IL32,16,0.90537834,NK
IL32,17,0.29469568,NK
IL32,18,0.29020056,NK
IL32,19,0.040276416,NK
IL32,20,-0.40205672,NK
IL32,21,0.914402,NK
IL32,22,0.8928145,NK
IL32,23,0.49571884,NK
IL32,24,0.049098667,NK
IL32,25,0.4355407,NK
IL32,26,0.43660557,NK
IL32,27,0.07082398,NK
IL32,28,0.43431753,NK
IL32,29,0.59497434,NK
IL32,30,0.1393209,NK
IL32,31,0.3575962,NK
IL32,32,-1.1528305,NK
IL32,33,0.53976095,NK
IL32,34,2.2917395,NK
IL32,35,2.178908,NK
IL32,36,0.88475174,NK
IL32,37,-0.9265289,NK
IL32,38,-0.84870476,NK
IL32,39,-1.15347,NK
CD3G,0,-0.22303385,NK
CD3G,1,-0.13633566,NK
CD3G,2,0.20126475,NK
CD3G,3,-0.28064615,NK
CD3G,4,0.22242175,NK
CD3G,5,-0.88613164,NK
CD3G,6,-0.021872075,NK
CD3G,7,-0.17366777,NK
CD3G,8,-0.07180775,NK
CD3G,9,0.24333963,NK
CD3G,10,0.025673157,NK
CD3G,11,0.3555332,NK
CD3G,12,0.051604353,NK
CD3G,13,0.83763206,NK
CD3G,14,0.028713498,NK
CD3G,15,0.5651524,NK
CD3G,16,0.48161155,NK
CD3G,17,0.3788939,NK
CD3G,18,0.762331,NK
CD3G,19,0.86053103,NK
CD3G,20,0.44186777,NK
CD3G,21,1.0702652,NK
CD3G,22,0.78014714,NK
CD3G,23,0.59967023,NK
CD3G,24,0.9950241,NK
CD3G,25,0.65321267,NK
CD3G,26,0.5569283,NK
CD3G,27,0.49447837,NK
CD3G,28,0.47800887,NK
CD3G,29,-0.24858162,NK
CD3G,30,-0.5721914,NK
CD3G,31,-0.43378443,NK
CD3G,32,-0.38104638,NK
CD3G,33,0.16776106,NK
CD3G,34,1.103174,NK
CD3G,35,0.7794688,NK
CD3G,36,-0.4181312,NK
CD3G,37,-2.973239,NK
CD3G,38,-3.1548405,NK
CD3G,39,-3.159397,NK
CD2,0,-0.0879886,NK
CD2,1,-0.29786184,NK
CD2,2,-1.7996593,NK
CD2,3,-1.0400726,NK
CD2,4,-0.9791993,NK
CD2,5,-1.2728328,NK
CD2,6,-1.8190458,NK
CD2,7,-1.1922594,NK
CD2,8,-0.02202153,NK
CD2,9,-0.67436916,NK
CD2,10,0.19006343,NK
CD2,11,0.795087,NK
CD2,12,0.067783296,NK
CD2,13,1.376587,NK
CD2,14,0.17451651,NK
CD2,15,-0.8441873,NK
CD2,16,0.6021462,NK
CD2,17,-0.021420185,NK
CD2,18,-0.4279791,NK
CD2,19,-0.06288586,NK
CD2,20,0.19350354,NK
CD2,21,0.98945194,NK
CD2,22,1.0206149,NK
CD2,23,-0.15299542,NK
CD2,24,0.699241,NK
CD2,25,0.8534147,NK
CD2,26,-0.2849052,NK
CD2,27,0.755298,NK
CD2,28,0.4803401,NK
CD2,29,0.96491194,NK
CD2,30,0.62007815,NK
CD2,31,0.49369493,NK
CD2,32,-0.26711068,NK
CD2,33,-0.36347204,NK
CD2,34,2.4070523,NK
CD2,35,2.188112,NK
CD2,36,1.0374017,NK
CD2,37,-1.2911994,NK
CD2,38,-1.2169368,NK
CD2,39,-1.790893,NK
CCL5,0,0.94941854,NK
CCL5,1,1.4043654,NK
CCL5,2,0.54420763,NK
CCL5,3,0.26352015,NK
CCL5,4,0.32019037,NK
CCL5,5,-0.82055813,NK
CCL5,6,-0.69192815,NK
CCL5,7,-0.488338,NK
CCL5,8,-0.044015944,NK
CCL5,9,-0.37975028,NK
CCL5,10,-0.64961773,NK
CCL5,11,-0.8849354,NK
CCL5,12,-0.7636918,NK
CCL5,13,-0.7227556,NK
CCL5,14,-0.8115468,NK
CCL5,15,-0.8545531,NK
CCL5,16,-0.7026659,NK
CCL5,17,-0.9194218,NK
CCL5,18,-0.8860226,NK
CCL5,19,-0.9089671,NK
CCL5,20,-0.86495596,NK
CCL5,21,-0.7861473,NK
CCL5,22,-0.8186214,NK
CCL5,23,-0.9698931,NK
CCL5,24,-0.9176467,NK
CCL5,25,-0.972355,NK
CCL5,26,-0.75395066,NK
CCL5,27,-0.86461115,NK
CCL5,28,-0.6177244,NK
CCL5,29,0.1066006,NK
CCL5,30,0.82753205,NK
CCL5,31,1.0474263,NK
CCL5,32,1.4901259,NK
CCL5,33,1.7280674,NK
CCL5,34,1.7822248,NK
CCL5,35,1.883597,NK
CCL5,36,1.5635276,NK
CCL5,37,1.3496559,NK
CCL5,38,1.4536872,NK
CCL5,39,1.3805262,NK
CD7,0,-0.91707945,NK
CD7,1,-0.7769942,NK
CD7,2,-0.79868215,NK
CD7,3,-0.72179264,NK
CD7,4,-0.584083,NK
CD7,5,-0.91851544,NK
CD7,6,-0.5361151,NK
CD7,7,-0.61667347,NK
CD7,8,-0.3912767,NK
CD7,9,-0.10999519,NK
CD7,10,-0.19819762,NK
CD7,11,-0.26840362,NK
CD7,12,-0.3492344,NK
CD7,13,-0.10990824,NK
CD7,14,-0.19739449,NK
CD7,15,0.021182636,NK
CD7,16,0.13058385,NK
CD7,17,0.1038848,NK
CD7,18,0.27345544,NK
CD7,19,-0.094104536,NK
CD7,20,0.0074199443,NK
CD7,21,0.16315477,NK
CD7,22,0.06862604,NK
CD7,23,0.28594765,NK
CD7,24,-0.09095813,NK
CD7,25,-0.10938477,NK
CD7,26,0.051316556,NK
CD7,27,0.11759579,NK
CD7,28,-0.09374998,NK
CD7,29,-0.95237434,NK
CD7,30,-0.8315945,NK
CD7,31,-0.6229368,NK
CD7,32,-0.9972988,NK
CD7,33,-0.5442796,NK
CD7,34,-0.0685432,NK
CD7,35,-0.11778732,NK
CD7,36,1.4407502,NK
CD7,37,2.74087,NK
CD7,38,3.1105263,NK
CD7,39,3.502029,NK
B2M,0,0.18006307,NK
B2M,1,0.83343536,NK
B2M,2,-0.05438091,NK
B2M,3,-0.39453563,NK
B2M,4,-0.2269286,NK
B2M,5,-1.8977666,NK
B2M,6,-1.2382634,NK
B2M,7,-0.9544286,NK
B2M,8,-0.45461878,NK
B2M,9,-0.62814635,NK
B2M,10,-0.44171503,NK
B2M,11,-0.8155192,NK
B2M,12,-0.7209406,NK
B2M,13,-0.45818448,NK
B2M,14,-0.6002198,NK
B2M,15,-0.7895142,NK
B2M,16,-0.31940418,NK
B2M,17,-0.53656137,NK
B2M,18,-0.5505342,NK
B2M,19,-0.6110714,NK
B2M,20,-0.6323796,NK
B2M,21,-0.29611722,NK
B2M,22,-0.3152458,NK
B2M,23,-0.50904113,NK
B2M,24,-0.48704308,NK
B2M,25,-0.40737087,NK
B2M,26,-0.33684713,NK
B2M,27,-0.6133179,NK
B2M,28,-0.3734776,NK
B2M,29,0.18421827,NK
B2M,30,0.23979412,NK
B2M,31,0.31532067,NK
B2M,32,0.45372337,NK
B2M,33,1.3693929,NK
B2M,34,1.8445455,NK
B2M,35,1.9109156,NK
B2M,36,1.8195856,NK
B2M,37,1.9174528,NK
B2M,38,2.1830368,NK
B2M,39,2.4121642,NK
TRBC1,0,-0.8379506,NK
TRBC1,1,-0.59581137,NK
TRBC1,2,-1.008323,NK
TRBC1,3,-0.57409054,NK
TRBC1,4,-0.60319537,NK
TRBC1,5,-2.2750454,NK
TRBC1,6,-1.375268,NK
TRBC1,7,-1.1604869,NK
TRBC1,8,-0.34471336,NK
TRBC1,9,-0.7500284,NK
TRBC1,10,-0.62502736,NK
TRBC1,11,-0.64507407,NK
TRBC1,12,-0.7565273,NK
TRBC1,13,0.25729495,NK
TRBC1,14,-0.5251482,NK
TRBC1,15,-0.38288578,NK
TRBC1,16,0.70810264,NK
TRBC1,17,0.036302816,NK
TRBC1,18,-0.3643627,NK
TRBC1,19,-0.27222225,NK
TRBC1,20,-0.1731499,NK
TRBC1,21,0.9795671,NK
TRBC1,22,0.79724586,NK
TRBC1,23,0.7349449,NK
TRBC1,24,0.71582085,NK
TRBC1,25,0.95541674,NK
TRBC1,26,1.3984766,NK
TRBC1,27,1.4298111,NK
TRBC1,28,1.5871644,NK
TRBC1,29,-0.6755783,NK
TRBC1,30,-0.76649505,NK
TRBC1,31,-0.83452946,NK
TRBC1,32,-1.5618831,NK
TRBC1,33,0.07381957,NK
TRBC1,34,1.6863637,NK
TRBC1,35,1.5038605,NK
TRBC1,36,1.009149,NK
TRBC1,37,0.13107803,NK
TRBC1,38,1.158843,NK
TRBC1,39,1.9445448,NK
GZMM,0,0.545273,NK
GZMM,1,1.0698982,NK
GZMM,2,0.22974761,NK
GZMM,3,0.020714832,NK
GZMM,4,0.12754478,NK
GZMM,5,-0.99037105,NK
GZMM,6,-0.847637,NK
GZMM,7,-0.499381,NK
GZMM,8,-0.008843896,NK
GZMM,9,-0.19701801,NK
GZMM,10,-0.54226744,NK
GZMM,11,-0.7146221,NK
GZMM,12,-0.56717813,NK
GZMM,13,-0.6320568,NK
GZMM,14,-0.7458666,NK
GZMM,15,-0.6311797,NK
GZMM,16,-0.45179915,NK
GZMM,17,-0.50744563,NK
GZMM,18,-0.61314327,NK
GZMM,19,-0.9356359,NK
GZMM,20,-0.8132945,NK
GZMM,21,-0.7738175,NK
GZMM,22,-0.6700743,NK
GZMM,23,-0.8319339,NK
GZMM,24,-0.59934,NK
GZMM,25,-0.9102108,NK
GZMM,26,-0.5243354,NK
GZMM,27,-0.7582251,NK
GZMM,28,-0.69118786,NK
GZMM,29,-0.5269068,NK
GZMM,30,-0.036972575,NK
GZMM,31,0.20387846,NK
GZMM,32,0.8371669,NK
GZMM,33,1.528657,NK
GZMM,34,1.4886937,NK
GZMM,35,1.2644401,NK
GZMM,36,1.3110554,NK
GZMM,37,2.051565,NK
GZMM,38,2.569657,NK
GZMM,39,2.7724605,NK
HLA-C,0,-0.040336136,NK
HLA-C,1,0.61522704,NK
HLA-C,2,-0.5683465,NK
HLA-C,3,-0.8899767,NK
HLA-C,4,-0.36071876,NK
HLA-C,5,-1.8478992,NK
HLA-C,6,-1.3237836,NK
HLA-C,7,-0.96691585,NK
HLA-C,8,-0.58349836,NK
HLA-C,9,-0.5791841,NK
HLA-C,10,-0.42419288,NK
HLA-C,11,-0.6540283,NK
HLA-C,12,-0.6819589,NK
HLA-C,13,-0.45849782,NK
HLA-C,14,-0.4735115,NK
HLA-C,15,-0.7364097,NK
HLA-C,16,-0.20013142,NK
HLA-C,17,-0.49691272,NK
HLA-C,18,-0.38758868,NK
HLA-C,19,-0.5634301,NK
HLA-C,20,-0.623626,NK
HLA-C,21,-0.15621778,NK
HLA-C,22,-0.22027664,NK
HLA-C,23,-0.53692853,NK
HLA-C,24,-0.5779732,NK
HLA-C,25,-0.4739586,NK
HLA-C,26,-0.2087413,NK
HLA-C,27,-0.29839066,NK
HLA-C,28,-0.16438778,NK
HLA-C,29,0.17096584,NK
HLA-C,30,0.31081662,NK
HLA-C,31,0.5179558,NK
HLA-C,32,0.7327505,NK
HLA-C,33,1.1811396,NK
HLA-C,34,1.7903613,NK
HLA-C,35,1.6834778,NK
HLA-C,36,1.5676394,NK
HLA-C,37,1.8637211,NK
HLA-C,38,2.210592,NK
HLA-C,39,2.85321,NK
NKG7,0,0.5121131,NK
NKG7,1,0.7363951,NK
NKG7,2,0.15898529,NK
NKG7,3,-0.020755123,NK
NKG7,4,0.08871566,NK
NKG7,5,-0.6799341,NK
NKG7,6,-0.56115997,NK
NKG7,7,-0.42582098,NK
NKG7,8,-0.19390173,NK
NKG7,9,-0.32605314,NK
NKG7,10,-0.5713559,NK
NKG7,11,-0.71690893,NK
NKG7,12,-0.6273917,NK
NKG7,13,-0.64378965,NK
NKG7,14,-0.6731286,NK
NKG7,15,-0.72908205,NK
NKG7,16,-0.65409964,NK
NKG7,17,-0.7462089,NK
NKG7,18,-0.73052734,NK
NKG7,19,-0.7503163,NK
NKG7,20,-0.7282926,NK
NKG7,21,-0.65333706,NK
NKG7,22,-0.702631,NK
NKG7,23,-0.7779967,NK
NKG7,24,-0.7706917,NK
NKG7,25,-0.7903129,NK
NKG7,26,-0.7431182,NK
NKG7,27,-0.7799003,NK
NKG7,28,-0.61727184,NK
NKG7,29,-0.5113772,NK
NKG7,30,-0.1481011,NK
NKG7,31,0.027263882,NK
NKG7,32,1.0020355,NK
NKG7,33,1.7101158,NK
NKG7,34,1.7906312,NK
NKG7,35,1.8428016,NK
NKG7,36,1.9316463,NK
NKG7,37,2.061958,NK
NKG7,38,2.1659303,NK
NKG7,39,2.2448761,NK
CTSW,0,0.176481,NK
CTSW,1,0.5736859,NK
CTSW,2,0.09550865,NK
CTSW,3,-0.05530259,NK
CTSW,4,0.04799477,NK
CTSW,5,-0.867134,NK
CTSW,6,-0.6638983,NK
CTSW,7,-0.4433827,NK
CTSW,8,-0.111128196,NK
CTSW,9,-0.3115283,NK
CTSW,10,-0.5803268,NK
CTSW,11,-0.76541805,NK
CTSW,12,-0.7195567,NK
CTSW,13,-0.6548435,NK
CTSW,14,-0.56505555,NK
CTSW,15,-0.67950547,NK
CTSW,16,-0.58466023,NK
CTSW,17,-0.5885555,NK
CTSW,18,-0.6111773,NK
CTSW,19,-0.7472433,NK
CTSW,20,-0.7074918,NK
CTSW,21,-0.5732904,NK
CTSW,22,-0.4813153,NK
CTSW,23,-0.7760224,NK
CTSW,24,-0.6895885,NK
CTSW,25,-0.69736487,NK
CTSW,26,-0.6103976,NK
CTSW,27,-0.66110015,NK
CTSW,28,-0.47561103,NK
CTSW,29,-0.47363475,NK
CTSW,30,-0.12817372,NK
CTSW,31,0.11911142,NK
CTSW,32,0.49643573,NK
CTSW,33,1.0607501,NK
CTSW,34,1.3868798,NK
CTSW,35,1.4329472,NK
CTSW,36,2.0167837,NK
CTSW,37,2.3035913,NK
CTSW,38,2.6466377,NK
CTSW,39,2.8659086,NK
LCK,0,0.15625581,NK
LCK,1,0.10144184,NK
LCK,2,-1.0661407,NK
LCK,3,-0.92229617,NK
LCK,4,0.041129664,NK
LCK,5,-2.2198505,NK
LCK,6,-1.44872,NK
LCK,7,-0.7001217,NK
LCK,8,-0.98336357,NK
LCK,9,-0.2310847,NK
LCK,10,-0.006616696,NK
LCK,11,-0.72821283,NK
LCK,12,-0.3982462,NK
LCK,13,0.69206256,NK
LCK,14,-0.23950252,NK
LCK,15,0.37226352,NK
LCK,16,1.0430403,NK
LCK,17,0.73942435,NK
LCK,18,0.28226796,NK
LCK,19,0.9981493,NK
LCK,20,0.6007075,NK
LCK,21,1.0790516,NK
LCK,22,0.7886919,NK
LCK,23,0.17832841,NK
LCK,24,1.1085733,NK
LCK,25,0.46861923,NK
LCK,26,0.98398393,NK
LCK,27,1.2524381,NK
LCK,28,0.255796,NK
LCK,29,-1.2864317,NK
LCK,30,-1.8332154,NK
LCK,31,-1.1414744,NK
LCK,32,-2.0557737,NK
LCK,33,-0.6693939,NK
LCK,34,0.59850204,NK
LCK,35,0.7325495,NK
LCK,36,0.06719269,NK
LCK,37,-0.047068935,NK
LCK,38,0.90190756,NK
LCK,39,2.5351632,NK
HLA-A,0,0.49374172,NK
HLA-A,1,1.1283367,NK
HLA-A,2,-0.2877755,NK
HLA-A,3,-0.8991418,NK
HLA-A,4,-0.17018098,NK
HLA-A,5,-1.9374548,NK
HLA-A,6,-1.3368142,NK
HLA-A,7,-1.1490012,NK
HLA-A,8,-0.3334806,NK
HLA-A,9,-0.30142748,NK
HLA-A,10,-0.37399074,NK
HLA-A,11,-0.99642956,NK
HLA-A,12,-0.66926205,NK
HLA-A,13,-0.3489202,NK
HLA-A,14,-0.6201064,NK
HLA-A,15,-1.0407342,NK
HLA-A,16,-0.24761508,NK
HLA-A,17,-0.50351197,NK
HLA-A,18,-0.5074267,NK
HLA-A,19,-0.92595965,NK
HLA-A,20,-0.78241175,NK
HLA-A,21,-0.24105781,NK
HLA-A,22,-0.05541671,NK
HLA-A,23,-0.52549124,NK
HLA-A,24,-0.5935202,NK
HLA-A,25,-0.49730226,NK
HLA-A,26,-0.22487178,NK
HLA-A,27,-0.38059348,NK
HLA-A,28,-0.28093815,NK
HLA-A,29,0.3444167,NK
HLA-A,30,0.3931075,NK
HLA-A,31,0.6623374,NK
HLA-A,32,0.8363833,NK
HLA-A,33,1.3680358,NK
HLA-A,34,1.469929,NK
HLA-A,35,1.653531,NK
HLA-A,36,1.6166357,NK
HLA-A,37,1.7478147,NK
HLA-A,38,2.1341157,NK
HLA-A,39,2.382436,NK
CST7,0,0.68686336,NK
CST7,1,1.0345981,NK
CST7,2,0.434952,NK
CST7,3,0.23165584,NK
CST7,4,0.34959775,NK
CST7,5,-0.71244824,NK
CST7,6,-0.51542914,NK
CST7,7,-0.37102798,NK
CST7,8,-0.02382368,NK
CST7,9,-0.32891938,NK
CST7,10,-0.6118304,NK
CST7,11,-0.7345609,NK
CST7,12,-0.68696916,NK
CST7,13,-0.69821656,NK
CST7,14,-0.7041803,NK
CST7,15,-0.7410885,NK
CST7,16,-0.65463847,NK
CST7,17,-0.7680541,NK
CST7,18,-0.75702953,NK
CST7,19,-0.8011105,NK
CST7,20,-0.737614,NK
CST7,21,-0.7056155,NK
CST7,22,-0.7104114,NK
CST7,23,-0.83038676,NK
CST7,24,-0.8165642,NK
CST7,25,-0.84136236,NK
CST7,26,-0.755337,NK
CST7,27,-0.81789285,NK
CST7,28,-0.6789781,NK
CST7,29,-0.41430065,NK
CST7,30,-0.09110962,NK
CST7,31,0.08126069,NK
CST7,32,0.517399,NK
CST7,33,1.1248481,NK
CST7,34,1.6307123,NK
CST7,35,1.6363298,NK
CST7,36,1.8428862,NK
CST7,37,2.0522177,NK
CST7,38,2.3673382,NK
CST7,39,2.5182388,NK
GZMA,0,0.8668135,NK
GZMA,1,1.0732502,NK
GZMA,2,0.42292708,NK
GZMA,3,0.15935163,NK
GZMA,4,0.41667107,NK
GZMA,5,-0.71616143,NK
GZMA,6,-0.5392638,NK
GZMA,7,-0.32806927,NK
GZMA,8,-0.048373424,NK
GZMA,9,-0.26435366,NK
GZMA,10,-0.59002125,NK
GZMA,11,-0.7481956,NK
GZMA,12,-0.70092314,NK
GZMA,13,-0.6708035,NK
GZMA,14,-0.703151,NK
GZMA,15,-0.7440753,NK
GZMA,16,-0.70407087,NK
GZMA,17,-0.7761746,NK
GZMA,18,-0.78053296,NK
GZMA,19,-0.78812796,NK
GZMA,20,-0.7757187,NK
GZMA,21,-0.68220633,NK
GZMA,22,-0.71124995,NK
GZMA,23,-0.8439276,NK
GZMA,24,-0.7802705,NK
GZMA,25,-0.838555,NK
GZMA,26,-0.71384615,NK
GZMA,27,-0.77967876,NK
GZMA,28,-0.6532254,NK
GZMA,29,-0.4079612,NK
GZMA,30,0.0034371149,NK
GZMA,31,0.1099367,NK
GZMA,32,0.24220778,NK
GZMA,33,0.9908261,NK
GZMA,34,1.6223974,NK
GZMA,35,1.5149734,NK
GZMA,36,1.7395095,NK
GZMA,37,1.9847565,NK
GZMA,38,2.4344816,NK
GZMA,39,2.7074034,NK
CD247,0,-0.45804736,NK
CD247,1,-0.2408869,NK
CD247,2,-0.62002856,NK
CD247,3,-0.68401456,NK
CD247,4,-0.515203,NK
CD247,5,-0.5972739,NK
CD247,6,-0.61550313,NK
CD247,7,-0.5169805,NK
CD247,8,-0.4570945,NK
CD247,9,-0.50824666,NK
CD247,10,-0.43469924,NK
CD247,11,-0.53058606,NK
CD247,12,-0.4195748,NK
CD247,13,-0.40690815,NK
CD247,14,-0.41404614,NK
CD247,15,-0.4099392,NK
CD247,16,-0.15785228,NK
CD247,17,-0.3247134,NK
CD247,18,-0.4115342,NK
CD247,19,-0.29521665,NK
CD247,20,-0.2980348,NK
CD247,21,-0.29029778,NK
CD247,22,-0.40838563,NK
CD247,23,-0.3999154,NK
CD247,24,-0.3450449,NK
CD247,25,-0.4821816,NK
CD247,26,-0.26400954,NK
CD247,27,-0.24343467,NK
CD247,28,-0.13069515,NK
CD247,29,-0.25059575,NK
CD247,30,-0.273458,NK
CD247,31,-0.34220716,NK
CD247,32,-0.08440057,NK
CD247,33,0.4376527,NK
CD247,34,0.5159823,NK
CD247,35,0.9175033,NK
CD247,36,1.4382367,NK
CD247,37,2.5606108,NK
CD247,38,3.1691592,NK
CD247,39,3.791865,NK
RARRES3,0,0.623218,NK
RARRES3,1,0.60742855,NK
RARRES3,2,-0.953238,NK
RARRES3,3,-0.5812968,NK
RARRES3,4,0.043668304,NK
RARRES3,5,-1.2225038,NK
RARRES3,6,-1.1225305,NK
RARRES3,7,-0.7271464,NK
RARRES3,8,-0.26486892,NK
RARRES3,9,-0.5791966,NK
RARRES3,10,-0.29635793,NK
RARRES3,11,-0.84642833,NK
RARRES3,12,-0.37111214,NK
RARRES3,13,-0.34779274,NK
RARRES3,14,-0.40552625,NK
RARRES3,15,-0.47881398,NK
RARRES3,16,-0.34759182,NK
RARRES3,17,-0.31253776,NK
RARRES3,18,-0.31008568,NK
RARRES3,19,-0.4965132,NK
RARRES3,20,-0.19624259,NK
RARRES3,21,-0.052214906,NK
RARRES3,22,-0.29436028,NK
RARRES3,23,-0.46815637,NK
RARRES3,24,-0.21986483,NK
RARRES3,25,0.020072857,NK
RARRES3,26,-0.028637428,NK
RARRES3,27,-0.30717564,NK
RARRES3,28,-0.44413492,NK
RARRES3,29,-0.34555432,NK
RARRES3,30,-0.600599,NK
RARRES3,31,-0.3643015,NK
RARRES3,32,-0.7906147,NK
RARRES3,33,0.3342963,NK
RARRES3,34,0.9933913,NK
RARRES3,35,0.8463245,NK
RARRES3,36,1.8568618,NK
RARRES3,37,1.8889327,NK
RARRES3,38,3.2275455,NK
RARRES3,39,3.3336635,NK
KLRB1,0,-0.3403967,NK
KLRB1,1,-0.0778344,NK
KLRB1,2,-0.24106266,NK
KLRB1,3,-0.49656156,NK
KLRB1,4,-0.60943764,NK
KLRB1,5,-0.78630275,NK
KLRB1,6,-0.8319038,NK
KLRB1,7,-0.7189295,NK
KLRB1,8,-0.37607515,NK
KLRB1,9,-0.4933256,NK
KLRB1,10,-0.37125728,NK
KLRB1,11,-0.6083199,NK
KLRB1,12,-0.4365495,NK
KLRB1,13,-0.38976663,NK
KLRB1,14,-0.49911168,NK
KLRB1,15,-0.6821515,NK
KLRB1,16,-0.48174617,NK
KLRB1,17,-0.7439137,NK
KLRB1,18,-0.6777221,NK
KLRB1,19,-0.7341234,NK
KLRB1,20,-0.7241901,NK
KLRB1,21,-0.33985752,NK
KLRB1,22,-0.3659713,NK
KLRB1,23,-0.57233465,NK
KLRB1,24,-0.389221,NK
KLRB1,25,-0.4460269,NK
KLRB1,26,-0.2845069,NK
KLRB1,27,-0.6596812,NK
KLRB1,28,-0.28729144,NK
KLRB1,29,0.6639124,NK
KLRB1,30,0.8254766,NK
KLRB1,31,1.0030704,NK
KLRB1,32,0.5087219,NK
KLRB1,33,0.5673572,NK
KLRB1,34,0.4807182,NK
KLRB1,35,0.31434,NK
KLRB1,36,1.4449053,NK
KLRB1,37,2.545465,NK
KLRB1,38,2.9733095,NK
KLRB1,39,3.3382971,NK
EVL,0,-1.1300817,NK
EVL,1,-0.4034161,NK
EVL,2,-1.2555455,NK
EVL,3,-1.064168,NK
EVL,4,-0.7675716,NK
EVL,5,-1.9115404,NK
EVL,6,-0.62482184,NK
EVL,7,-0.97017324,NK
EVL,8,-1.0194777,NK
EVL,9,-0.557188,NK
EVL,10,0.27861032,NK
EVL,11,0.056267798,NK
EVL,12,-0.80116475,NK
EVL,13,-0.043604605,NK
EVL,14,-0.2212914,NK
EVL,15,0.18420342,NK
EVL,16,0.6961036,NK
EVL,17,1.0110517,NK
EVL,18,0.4513619,NK
EVL,19,0.6064271,NK
EVL,20,0.824785,NK
EVL,21,0.66657585,NK
EVL,22,1.1169978,NK
EVL,23,1.0272245,NK
EVL,24,0.7625591,NK
EVL,25,0.6741536,NK
EVL,26,0.8428326,NK
EVL,27,0.652308,NK
EVL,28,0.65157163,NK
EVL,29,-0.3417177,NK
EVL,30,-1.0801498,NK
EVL,31,-1.2555566,NK
EVL,32,-2.0911107,NK
EVL,33,-0.98262316,NK
EVL,34,-0.022193728,NK
EVL,35,-0.17406972,NK
EVL,36,0.89476085,NK
EVL,37,0.85733104,NK
EVL,38,1.8461752,NK
EVL,39,2.6161368,NK
